sin2_theta23,dm2_32,dcp,dchi2,log_likelihood,log_posterior,nova_hadronic_energy_scale,nova_muon_energy_scale,nova_nue_bkg_norm,nova_nue_signal_norm,nova_nue_xsec_ratio_nu,nova_nue_xsec_ratio_nubar,nova_numu_norm,nova_rhc_hadronic_energy_scale,nova_rhc_norm,dm2_21,dm2_31,sin2_theta12,theta12,sin2_theta13,theta13,theta23
0.4,-0.00265,4.7239556928759106,25.214912951081942,-339.7502970437492,-312.32195724142963,1.0255293664531813,1.0026178355387276,1.0333658111394621,1.0321535777192605,1.0074260942693254,1.000814218665505,0.9763374508547464,1.0006467327959172,1.0075115078539234,7.53e-5,-0.0025747,0.30699740934381203,0.5872495604379192,0.022049177284996193,0.14904081935770594,0.684719203002283
0.41191200390332305,-0.00265,4.753940213600241,20.52835913419608,-337.2608354221784,-309.9786803329867,1.032221187374747,1.003272677260806,1.02863000811498,1.0305623599113334,1.00713006983643,1.0006926744289784,0.9920906767141944,1.0008487858305444,1.0089445436380866,7.53e-5,-0.0025747,0.30699740934381203,0.5872495604379192,0.022048840766365197,0.1490396735122821,0.6968480037522494
0.4238758389929187,-0.00265,4.7895523624504355,18.535540882324653,-335.80171285407704,-308.982271207051,1.0393006360614596,1.0039712583953857,1.0240976383835432,1.028987901535006,1.006840205749631,1.0005678225574075,1.005755222662624,1.0010795621936923,1.010217280432003,7.53e-5,-0.0025747,0.30699740934381203,0.5872495604379192,0.022047760232082672,0.14903599423691963,0.7089768045022159
0.4358844657197842,-0.00265,4.830684153921566,18.870588158650662,-335.264309439675,-309.149794845214,1.0465489298497672,1.0046939224807065,1.0198174238108169,1.0274579359544216,1.0065662481614828,1.000442171124341,1.0172979947226115,1.0013346572593234,1.0113147687119985,7.53e-5,-0.0025747,0.30699740934381203,0.5872495604379192,0.022045354668956792,0.14902780285301648,0.7211056052521824
0.44793081817941127,-0.00265,4.876320321050909,21.02956407984891,-335.4789317693375,-310.2292828058131,1.0537001044553276,1.0054155158222222,1.0157845935862226,1.0259716327327961,1.0063090001370405,1.0003122567484488,1.026733630557914,1.0016082310120584,1.0122087031532383,7.53e-5,-0.0025747,0.30699740934381203,0.5872495604379192,0.02204053257761685,0.14901138143145462,0.7332344060021488
0.46000780826938065,-0.00265,4.924644592319222,24.37777112329968,-336.221062070263,-311.9033863275385,1.0604271522329556,1.0061020718548943,1.0119335924111936,1.024513861191366,1.0060628598145622,1.0001787427646718,1.0341259296288476,1.0018901757865255,1.0128894271770394,7.53e-5,-0.0025747,0.30699740934381203,0.5872495604379192,0.022031993349190204,0.14898229715335104,0.7453632067521153
0.4721083298600184,-0.00265,4.973542128771913,28.17565530714171,-337.22627809015734,-313.8023284194595,1.066328489828177,1.0067122373917268,1.0082154570727584,1.023065894091746,1.0058244470029605,1.0000408414485287,1.0396012473921774,1.0021649227545557,1.0133572851072803,7.53e-5,-0.0025747,0.30699740934381203,0.5872495604379192,0.022018562702084576,0.148936541745284,0.7574920075020818
0.48422526297566015,-0.00265,5.020592954608406,31.6319369930319,-338.2069914222907,-315.5304692624046,1.0710242800849912,1.0072007504002143,1.0045384472479761,1.0215834986302283,1.005582502991243,0.9998976321344204,1.043302548670002,1.002412300684213,1.01361277416365,7.53e-5,-0.0025747,0.30699740934381203,0.5872495604379192,0.02199915120399037,0.14887038671636144,0.7696208082520483
0.49635147798406076,-0.00265,5.0635648260143125,34.00073756231916,-338.89193956704634,-316.71486954704824,1.0741410515492644,1.0075223176031591,1.000800157406032,1.0200411488745993,1.0053321771482766,0.999749992430758,1.0454165230679617,1.0026083266817793,1.0136832622298917,7.53e-5,-0.0025747,0.30699740934381203,0.5872495604379192,0.0219736568850265,0.1487834578754509,0.7817496090020147
0.5084798397914873,-0.00265,5.100782516912334,34.72595019312109,-339.08166896111277,-317.0774758624492,1.075416251712368,1.007638597735429,0.996924877050179,1.0183686085899155,1.005053560090805,0.9995962042257758,1.0460417280848529,1.0027256207078112,1.013557093964399,7.53e-5,-0.0025747,0.30699740934381203,0.5872495604379192,0.021942772673319445,0.148678084878437,0.7938784097519812
0.5206032120410252,-0.00265,5.131743340442848,33.590012145638184,-338.6973296444224,-316.50950683870775,1.0747295923262257,1.0075309475450474,0.9927579518189342,1.016540886359093,1.0047440980557687,0.999436512041431,1.0452848480577874,1.0027514059594724,1.0132686622390197,7.53e-5,-0.0025747,0.30699740934381203,0.5872495604379192,0.02190870701072798,0.14856177306312546,0.8060072105019476
0.5327144613116285,-0.00265,5.156246921111246,30.784242552814135,-337.80972802102536,-315.1066220422957,1.072170800252401,1.0072104881347657,0.9883490171993559,1.0145293279871015,1.0043948289820177,0.999270279942317,1.0430735245038079,1.0026828223768076,1.0127932384218397,7.53e-5,-0.0025747,0.30699740934381203,0.5872495604379192,0.021874244676302158,0.14844401688886014,0.818136011251914
0.5448064613154395,-0.00265,5.174994281054357,26.847581311188492,-336.6131323642422,-313.1382914214829,1.0679939343354952,1.0067127029508889,0.9836933369606556,1.0123289429824724,1.0040055068333404,0.9990974825238513,1.0393005951146643,1.0025349580771272,1.012119718440394,7.53e-5,-0.0025747,0.30699740934381203,0.5872495604379192,0.021841836910214702,0.14833319831199906,0.8302648120018805
0.5568720970909158,-0.00265,5.189128867174346,22.518144362609064,-335.37225978177173,-310.9735729471932,1.0625606714657048,1.0060852957459818,0.9788076232743935,1.009979012013631,1.0035856640611294,0.998919933380169,1.0338280594461267,1.002335508428113,1.0112692980472302,7.53e-5,-0.0025747,0.30699740934381203,0.5872495604379192,0.021813247491533943,0.14823536985162877,0.842393612751847
0.5689042691892888,-0.00265,5.199484362878007,18.583838938066606,-334.37085448995026,-309.00642023492196,1.0562804072976084,1.0053788651169948,0.9737832399601133,1.0074873140926641,1.003136590018297,0.998737811637818,1.026489726080827,1.0021041853800423,1.010203305787098,7.53e-5,-0.0025747,0.30699740934381203,0.5872495604379192,0.021789241645591217,0.14815317722889512,0.8545224135018135
0.580895897851898,-0.00265,5.20729061570647,15.779976933529952,-333.87184100294763,-307.60448923265363,1.0495476939616184,1.0046375863162569,0.9687083346217955,1.0048930297810583,1.0026624363020107,0.998557678127985,1.0171649073849327,1.0018606535444836,1.0089220196704003,7.53e-5,-0.0025747,0.30699740934381203,0.5872495604379192,0.021770036691395694,0.1480873903017645,0.8666512142517799
0.5928399271759361,-0.00265,5.212620607713826,14.734716963782489,-334.09532957967383,-307.0818592477799,1.042710045567692,1.003895555788274,0.9634982660338034,1.0022296857574917,1.0021845946207626,0.9983666647919862,1.0058130771120053,1.0016253139350548,1.0074630966813736,7.53e-5,-0.0025747,0.30699740934381203,0.5872495604379192,0.021755632064663286,0.1480380283627374,0.8787800150017464
0.6047293292661603,-0.00265,5.217074796302217,15.943774088461055,-335.20990064375826,-307.6863878101192,1.0360391366579358,1.0031808034793541,0.9583253160581691,0.9995266451959947,1.0016956649121165,0.9981799027350603,0.9923935519247983,1.0014023958714604,1.005812178389181,7.53e-5,-0.0025747,0.30699740934381203,0.5872495604379192,0.02174547019427634,0.1480031959370195,0.8909088157517129
0.6165571083701215,-0.00265,5.221169654968919,19.764235277925195,-337.32157971634365,-309.59661840485126,1.0297467406674425,1.0025120198696673,0.9531737342438275,0.9968117173608514,1.001206521298248,0.9979934826683873,0.9769505203897384,1.0012011552019817,1.0040021584118701,7.53e-5,-0.0025747,0.30699740934381203,0.5872495604379192,0.021739037979666625,0.14798114375337038,0.9030376165016794
0.6283163049944824,-0.00265,5.225668196506368,26.41889352588464,-340.4761040398564,-312.923947528831,1.023973977762008,1.0019011122138493,0.9480620567995147,0.9941096304907331,1.0007216924102917,0.9978091005657505,0.9595639637558092,1.001023948326246,1.002061930524221,7.53e-5,-0.0025747,0.30699740934381203,0.5872495604379192,0.02173566999571848,0.14796959569571855,0.9151664172516458
0.6400000000000001,-0.00265,5.2313071079659705,36.007112731470784,-344.66111362029477,-317.71805713162405,1.0188174532763377,1.0013553356225826,0.9430024011938668,0.9914378417515031,1.0002469054013539,0.9976251925944218,0.9403516402265613,1.0008720909571773,1.0000247138653975,7.53e-5,-0.0025747,0.30699740934381203,0.5872495604379192,0.021734672827180685,0.14796617646176752,0.9272952180016123
0.4,-0.00263,4.697902803867237,23.145749894489654,-338.89804681962806,-311.2873757131335,1.0198984452536917,1.0019939938412783,1.0329266261585683,1.0320031046329041,1.0073711018157008,1.0008250502626026,0.9718832644468383,1.0005140351328599,1.0070198556769072,7.53e-5,-0.0025547,0.30699740934381203,0.5872495604379192,0.022043745077267394,0.14902232165398804,0.684719203002283
0.41191200390332305,-0.00263,4.726597236298835,17.90123651052636,-336.2767803425788,-308.66511902115184,1.0263555425867457,1.0026212816885538,1.0281655589026522,1.0304112857782728,1.0070772604008518,1.0007057288527756,0.9875670158805255,1.0007051927007165,1.0084434427890223,7.53e-5,-0.0025547,0.30699740934381203,0.5872495604379192,0.02204305344506458,0.14901996635451,0.6968480037522494
0.4238758389929187,-0.00263,4.760689606337848,15.311227736714386,-334.6728878111982,-307.37011463424585,1.0331912933993712,1.0032905670304477,1.0236004179968297,1.0288207982849387,1.0067824871706623,1.0005834031284309,1.0011545574514207,1.00092270034916,1.0096992683473722,7.53e-5,-0.0025547,0.30699740934381203,0.5872495604379192,0.02204142901638753,0.14901443434741582,0.7089768045022159
0.4358844657197842,-0.00263,4.800311674419662,15.02638410485929,-333.9833058842026,-307.2276928183183,1.0401880704902413,1.0039829383397396,1.0192636031397908,1.0272624267162511,1.0064996982744325,1.0004586697423516,1.0126355709143813,1.0011635996075756,1.0107768617015818,7.53e-5,-0.0025547,0.30699740934381203,0.5872495604379192,0.022038402307977784,0.14900412633200372,0.7211056052521824
0.44793081817941127,-0.00263,4.8445915386912395,16.565650680420276,-334.04609566402365,-307.9973261060988,1.0470770004973142,1.0046721379252255,1.0151515814566263,1.0257423744552128,1.0062305216181375,1.0003313067182371,1.0220267459259547,1.0014206955239944,1.0116579777707564,7.53e-5,-0.0025547,0.30699740934381203,0.5872495604379192,0.022033024699533763,0.14898581018477358,0.7332344060021488
0.46000780826938065,-0.00263,4.891886307136421,19.32436357353299,-334.64593178851266,-309.37668255265515,1.0535348508625149,1.005325828065047,1.0112309040035496,1.0242526003396881,1.0059737579730688,1.00020021736373,1.0293961593782215,1.0016835643178885,1.0123311609934649,7.53e-5,-0.0025547,0.30699740934381203,0.5872495604379192,0.022024168644848532,0.14895564167885417,0.7453632067521153
0.4721083298600184,-0.00263,4.940007156349979,22.598094512335024,-335.52538108378985,-311.01354802205617,1.0592023737110876,1.0059042365633697,1.0074513659828386,1.02277476816251,1.0057256116222912,1.0000647187002845,1.034860215366113,1.0019382376158539,1.0127957101697866,7.53e-5,-0.0025547,0.30699740934381203,0.5872495604379192,0.022010718554632134,0.14890981206414655,0.7574920075020818
0.48422526297566015,-0.00263,4.986495765948363,25.63495390361743,-336.40870554552987,-312.5319777176974,1.0636883037743934,1.0063641243450558,1.0037134322064534,1.021270009312273,1.0054759997614078,0.9999243526680357,1.0385723299862968,1.002165640008911,1.013056681680037,7.53e-5,-0.0025547,0.30699740934381203,0.5872495604379192,0.02199168790449369,0.14884494395138803,0.7696208082520483
0.49635147798406076,-0.00263,5.029200367321187,27.7279111459344,-337.03291297839303,-313.57845633885586,1.0666590409782206,1.0066632763797683,0.9999230925609871,1.0196936941976769,1.005214607427238,0.9997779832862743,1.0406863486238156,1.0023436743501408,1.0131219932846904,7.53e-5,-0.0025547,0.30699740934381203,0.5872495604379192,0.02196682376470154,0.1487601503785427,0.7817496090020147
0.5084798397914873,-0.00263,5.066296867225915,28.350945890416256,-337.20147978996556,-313.8899737110968,1.0678666021563035,1.0067690842144479,0.9959830845292106,1.0180049142718601,1.0049308892594995,0.9996267960628148,1.041329930264021,1.0024518250487873,1.0130086526374251,7.53e-5,-0.0025547,0.30699740934381203,0.5872495604379192,0.021937001471909835,0.14865838623730196,0.7938784097519812
0.5206032120410252,-0.00263,5.097143253298717,27.300136678230274,-336.838277140273,-313.3645691050038,1.067216614469712,1.0066669299115991,0.9918247466359178,1.0161622836953639,1.004614979408372,0.9994691227974682,1.040555138018404,1.0024760208736627,1.0127156783419657,7.53e-5,-0.0025547,0.30699740934381203,0.5872495604379192,0.021904237292350172,0.14854650535844338,0.8060072105019476
0.5327144613116285,-0.00263,5.1216617408894,24.758737693227545,-336.0124044994935,-312.09386961250243,1.06478451343975,1.0063656199854365,0.9874102820219175,1.0141443212720642,1.0042623659333887,0.999304966461044,1.0383325607581617,1.0024165243877112,1.012243862459817,7.53e-5,-0.0025547,0.30699740934381203,0.5872495604379192,0.021871110747891578,0.14843330390614867,0.818136011251914
0.5448064613154395,-0.00263,5.140462646227199,21.23768440648928,-334.9144124457207,-310.3333429691333,1.0608022325238997,1.0058958088144132,0.9827547547757325,1.0119515443144216,1.0038729936724953,0.9991347519201993,1.034554530663416,1.002285609216981,1.0115864981408114,7.53e-5,-0.0025547,0.30699740934381203,0.5872495604379192,0.021839957622661943,0.14832676961061203,0.8302648120018805
0.5568720970909158,-0.00263,5.154389917736269,17.435112602894492,-333.8020086212403,-308.4320570673359,1.0556079864928,1.00530141233506,0.9778937694405221,1.0095973188600014,1.0034501481371383,0.998959192288439,1.0290774849056745,1.0021031281964028,1.010734586506501,7.53e-5,-0.0025547,0.30699740934381203,0.5872495604379192,0.02181230214082207,0.1482321339410741,0.842393612751847
0.5689042691892888,-0.00263,5.164565826491295,14.096823926123761,-332.9477067032917,-306.76291272895054,1.0495974256735479,1.004630144141326,0.9729299322508373,1.0071050353962638,1.0029934306967618,0.9987848907373592,1.0217417690426933,1.0018887205679414,1.0096691215442382,7.53e-5,-0.0025547,0.30699740934381203,0.5872495604379192,0.02178890175361244,0.14815201316906995,0.8545224135018135
0.580895897851898,-0.00263,5.171127641432961,11.920894255002963,-332.6035825868851,-305.67494789339014,1.0431462984283926,1.0039219061374707,0.967775708499925,1.0045191196590615,1.0025289087853109,0.9985976315909573,1.012472294004519,1.0016668796537158,1.008429159586198,7.53e-5,-0.0025547,0.30699740934381203,0.5872495604379192,0.021770246980397024,0.1480881108042384,0.8666512142517799
0.5928399271759361,-0.00263,5.17565641730542,11.504254517993445,-332.98398568452455,-305.4666280248854,1.036579903869421,1.003212971354064,0.9626156433717646,1.0018565359502207,1.0020443811604363,0.9984139423306793,1.0011661720793992,1.001445183631809,1.0069829555653496,7.53e-5,-0.0025547,0.30699740934381203,0.5872495604379192,0.021755964931261917,0.14803916921410554,0.8787800150017464
0.6047293292661603,-0.00263,5.178719854142174,13.31891811350522,-334.2476779081954,-306.37395982264127,1.03017124012823,1.0025294060515098,0.9574443784682614,0.9991531942340545,1.0015525820054552,0.998230378573286,0.987819467186598,1.0012366365446768,1.0053594546966345,7.53e-5,-0.0025547,0.30699740934381203,0.5872495604379192,0.021745780404813557,0.1480042593812039,0.8909088157517129
0.6165571083701215,-0.00263,5.181132098360701,17.705170894970593,-336.49581008613944,-308.56708621337395,1.0241235102381145,1.0018894104694198,0.9522861488116119,0.9964352309592569,1.0010595319833766,0.9980475444775333,0.9724661119353464,1.0010472366933627,1.0035808796836898,7.53e-5,-0.0025547,0.30699740934381203,0.5872495604379192,0.02173915784149244,0.14798155471642965,0.9030376165016794
0.6283163049944824,-0.00263,5.1836519199472,24.874874371928513,-339.76977599581465,-312.1519379518529,1.018588791936706,1.0013061173179636,0.9471629018115156,0.9937269157130866,1.0005705746097098,0.9978661268759964,0.9551841054058894,1.000880098067176,1.0016751850778116,7.53e-5,-0.0025547,0.30699740934381203,0.5872495604379192,0.021735482415488602,0.1479689524996825,0.9151664172516458
0.6400000000000001,-0.00263,5.187127375138785,34.92128496295663,-344.05553943832956,-317.175143247367,1.0136580623233302,1.0007875896683163,0.9421018567852979,0.9910525582659792,1.0000887092240243,0.9976891664035394,0.9360845506812725,1.0007360212595688,0.9996644225290887,7.53e-5,-0.0025547,0.30699740934381203,0.5872495604379192,0.021734089172569828,0.14796417510786727,0.9272952180016123
0.4,-0.00261,4.671710037363893,21.591288041151756,-338.21501403061467,-310.51014478646454,1.0142573220673823,1.0013705810646707,1.0324937888895716,1.031880513912195,1.0073319432395957,1.0008356696622558,0.9672833443879355,1.0003806932346933,1.0065385342494948,7.53e-5,-0.0025347,0.30699740934381203,0.5872495604379192,0.02203895126830484,0.14900599596931394,0.684719203002283
0.41191200390332305,-0.00261,4.698494527540824,15.809811414599267,-335.46858243308446,-307.6194064731883,1.0204974274569767,1.0019707543525167,1.0276975142585776,1.0302553129876364,1.0070231192972516,1.0007173121743151,0.9828583518363154,1.0005621366284125,1.0079217599502972,7.53e-5,-0.0025347,0.30699740934381203,0.5872495604379192,0.022037361923171867,0.14900058294929633,0.6968480037522494
0.4238758389929187,-0.00261,4.730836775597489,12.645100852217979,-333.72676382930354,-306.03705119199765,1.0270774514301262,1.0026099688233705,1.0231012185867328,1.0286499078150753,1.0067251929191323,1.000596673189321,0.9963732735240526,1.000766684069839,1.009160056081742,7.53e-5,-0.0025347,0.30699740934381203,0.5872495604379192,0.022035247627753246,0.14899338174848697,0.7089768045022159
0.4358844657197842,-0.00261,4.768647748455369,11.764460513750691,-332.8917327164415,-305.596731022764,1.0338223657028796,1.003271252559475,1.0186973909175974,1.0270605366106271,1.0064317835503598,1.0004737710326481,1.0077952418416296,1.0009920814649969,1.010218944678512,7.53e-5,-0.0025347,0.30699740934381203,0.5872495604379192,0.022031579502094,0.14898088746636487,0.7211056052521824
0.44793081817941127,-0.00261,4.811368021903524,12.709503380229876,-332.80850539619445,-306.0692524560036,1.0404510638719602,1.0039285021301236,1.0145258453768868,1.0255125294742964,1.0061539452399786,1.0003486407902593,1.0171487460558664,1.0012321947536522,1.0110899236354862,7.53e-5,-0.0025347,0.30699740934381203,0.5872495604379192,0.02202576266077578,0.1489610721955951,0.7332344060021488
0.46000780826938065,-0.00261,4.857347096298626,14.904358193236021,-333.2707394635169,-307.16667986250667,1.0466533753356257,1.0045496077516907,1.0105333113116959,1.023989239819387,1.0058861485488109,1.0002200049868515,1.0244972564666375,1.0014765032210586,1.0117560918943016,7.53e-5,-0.0025347,0.30699740934381203,0.5872495604379192,0.022016591059115905,0.148929823621629,0.7453632067521153
0.4721083298600184,-0.00261,4.904446158502969,17.67928896251999,-334.03107284301694,-308.55414524714865,1.0520767734882566,1.0050970843025708,1.0066705266630505,1.0224744961007346,1.0056255277835877,1.000087231383327,1.0299561563766555,1.0017110237462374,1.0122168199245416,7.53e-5,-0.0025347,0.30699740934381203,0.5872495604379192,0.02200303491722853,0.14888362482212383,0.7574920075020818
0.48422526297566015,-0.00261,4.950203690881054,20.31931287262819,-334.8203326260729,-309.87415720220275,1.0563733235633477,1.0055299686252288,1.0028729606397135,1.020939631566047,1.0053662119990836,0.9999492900673802,1.0336692904556126,1.0019187954618134,1.0124782084714032,7.53e-5,-0.0025347,0.30699740934381203,0.5872495604379192,0.02198429787720056,0.14881974681649876,0.7696208082520483
0.49635147798406076,-0.00261,4.992037588967598,22.15280243187624,-335.38433521512053,-310.7909019818268,1.05922290418018,1.0058108295651351,0.9990584798041624,1.0193259178484606,1.0050893669891543,0.9998077336478436,1.0357714203665234,1.0020798791626808,1.0125327600152059,7.53e-5,-0.0025347,0.30699740934381203,0.5872495604379192,0.021959899412825966,0.14873652807928117,0.7817496090020147
0.5084798397914873,-0.00261,5.0290976129189495,22.680998406304525,-335.53233293361365,-311.0549999690409,1.0603672035942824,1.0059068215751448,0.9950451763285464,1.0176243276939851,1.0048035699641347,0.9996567554068451,1.0364351575904722,1.0021795741460489,1.0124359345497227,7.53e-5,-0.0025347,0.30699740934381203,0.5872495604379192,0.021931195745163088,0.14863856719604313,0.7938784097519812
0.5206032120410252,-0.00261,5.059773662266999,21.711933503447995,-335.1898763743101,-310.57046751761266,1.0597481422313508,1.0058090729525282,0.990862223343484,1.0157664217368947,1.004481964349575,0.9995012576547817,1.0356575346586259,1.0022031783048113,1.012146844999427,7.53e-5,-0.0025347,0.30699740934381203,0.5872495604379192,0.021899611791143123,0.1485307039258742,0.8060072105019476
0.5327144613116285,-0.00261,5.084010827158844,19.421349127539884,-334.4246843651227,-309.4251753296586,1.0574338787700683,1.0055256307092315,0.986457896442095,1.0137347593530186,1.0041221438948025,0.9993406393270156,1.0334190855381824,1.0021506948992758,1.0116703321328797,7.53e-5,-0.0025347,0.30699740934381203,0.5872495604379192,0.021867676192786595,0.14842156240297313,0.818136011251914
0.5448064613154395,-0.00261,5.102994135774484,16.294630220036197,-333.4233038628649,-307.86181587590676,1.0536239770373392,1.0050811088536709,0.98179733896271,1.0115463443346215,1.0037319676339311,0.999173049612166,1.029638734390974,1.0020345613044654,1.0110281786264825,7.53e-5,-0.0025347,0.30699740934381203,0.5872495604379192,0.021837706485984716,0.14831906852493212,0.8302648120018805
0.5568720970909158,-0.00261,5.116509464073721,12.993410859404207,-332.43338743312967,-306.21120619559076,1.0486682249565553,1.0045181427906487,0.9769435845472321,1.0091928097736673,1.0033085818300724,0.9989987672259886,1.02416487588061,1.0018706622133444,1.0101871949690697,7.53e-5,-0.0025347,0.30699740934381203,0.5872495604379192,0.0218109753170015,0.1482275921424881,0.842393612751847
0.5689042691892888,-0.00261,5.1258135120615345,10.224631231054559,-331.7192912231908,-304.82681638141594,1.0429277978015001,1.003880563314902,0.9719441537513619,1.0067074009957164,1.0028559919617301,0.9988225499256201,1.0168533146718939,1.0016766268722395,1.0091488639142716,7.53e-5,-0.0025347,0.30699740934381203,0.5872495604379192,0.02178832451523381,0.1481500362265076,0.8545224135018135
0.580895897851898,-0.00261,5.131592388363867,8.649984633595068,-331.5256270604807,-304.0394930826862,1.0367503037324652,1.0032068966642564,0.9668432605398809,1.0041173110380357,1.002383850693614,0.9986422005659154,1.0076052240166669,1.0014702755333582,1.0079140439925662,7.53e-5,-0.0025347,0.30699740934381203,0.5872495604379192,0.021769987522481226,0.14808722183633122,0.8666512142517799
0.5928399271759361,-0.00261,5.134744355339284,8.836316479208563,-332.05564706890783,-304.13265900549294,1.0304590354948198,1.0025314602768363,0.9616886763980768,1.0014550749912685,1.0018965214737265,0.9984618338489037,0.9963511172259975,1.0012651142947038,1.0064915905877174,7.53e-5,-0.0025347,0.30699740934381203,0.5872495604379192,0.02175588297520881,0.14803888832256487,0.8787800150017464
0.6047293292661603,-0.00261,5.136021376958589,11.232445792512408,-333.46180712530224,-305.33072366214486,1.024314179026045,1.001879123358871,0.9565139974096444,0.9987490081483371,1.0014012984202323,0.9982814519892147,0.9830771977584846,1.0010708469780836,1.004896623040639,7.53e-5,-0.0025347,0.30699740934381203,0.5872495604379192,0.02174567100149607,0.14800388433250258,0.8909088157517129
0.6165571083701215,-0.00261,5.136216041712952,16.16188931269346,-335.83907581377383,-307.7954454222354,1.018526425662927,1.001269871483731,0.9513539273465256,0.9960292908318331,1.0009036830433686,0.9981032521940008,0.9678090978287518,1.0008933186723272,1.003146316514274,7.53e-5,-0.0025347,0.30699740934381203,0.5872495604379192,0.021738887288429938,0.14798062708578577,0.9030376165016794
0.6283163049944824,-0.00261,5.13617020937024,23.82542564714629,-339.2258918164031,-311.6272135894618,1.0132319108154753,1.0007142505243318,0.9462070721257988,0.9933087119802797,1.000409661974327,0.9979242535982055,0.9506331523105169,1.0007360147372077,1.0012813896629806,7.53e-5,-0.0025347,0.30699740934381203,0.5872495604379192,0.021734875411718778,0.1479668711187833,0.9151664172516458
0.6400000000000001,-0.00261,5.136825454347619,34.30995220074419,-343.6056412114302,-316.86947686626075,1.0085318530866514,1.0002223925769897,0.9411162006077161,0.9906231305724339,0.9999233665137515,0.9977493744952309,0.9316491495961353,1.0006010037682167,0.9993177900220206,7.53e-5,-0.0025347,0.30699740934381203,0.5872495604379192,0.021733101642690666,0.14796078880428204,0.9272952180016123
0.4,-0.00259,4.64493428738135,20.556896883014247,-337.7014908990119,-309.9929492073958,1.0086238529507423,1.0007482548891682,1.0321046918796803,1.0317601766490259,1.007292702104494,1.0008453943682072,0.962486946003851,1.0002475532924855,1.006034188664931,7.53e-5,-0.0025147,0.30699740934381203,0.5872495604379192,0.022034296487034144,0.1489901420932808,0.684719203002283
0.41191200390332305,-0.00259,4.669797921947108,14.259873147575377,-334.836825433493,-306.84443733967635,1.014624767135475,1.0013197970353314,1.0272630060975994,1.0301169869468298,1.0069786724127252,1.0007275892149157,0.9779677492619965,1.0004185993517443,1.0073913530367948,7.53e-5,-0.0025147,0.30699740934381203,0.5872495604379192,0.022032122877615027,0.14898273836324719,0.6968480037522494
0.4238758389929187,-0.00259,4.700013114623231,10.543290635075891,-332.96362192848954,-304.9861460834266,1.0209758836125435,1.0019309569714374,1.02260714405377,1.0284712410999768,1.0066647502367256,1.000607793350621,0.9914004173334997,1.0006115396174293,1.0085934686130165,7.53e-5,-0.0025147,0.30699740934381203,0.5872495604379192,0.022029123803499192,0.14897252235623057,0.7089768045022159
0.4358844657197842,-0.00259,4.7359623180979264,9.091027671269103,-331.98935350055837,-304.2600146015232,1.0274552690985508,1.0025604150251588,1.0181534457817776,1.0268676672547024,1.006369241763436,1.0004872966922485,1.0027803893263665,1.0008216171574584,1.0096475394621205,7.53e-5,-0.0025147,0.30699740934381203,0.5872495604379192,0.02202511256103243,0.14895885744948992,0.7211056052521824
0.44793081817941127,-0.00259,4.776506284491042,9.467070890979471,-331.76597852757385,-304.4480362113784,1.0338441715349618,1.0031872906678931,1.0139053223513856,1.0252750211532058,1.0060743702463917,1.0003640562187681,1.012085353501707,1.001044358814485,1.0104929541345515,7.53e-5,-0.0025147,0.30699740934381203,0.5872495604379192,0.022018598732920138,0.1489366645130563,0.7332344060021488
0.46000780826938065,-0.00259,4.8210272634583555,11.123650334444278,-332.0962344304113,-305.2763259331108,1.0397876759988556,1.0037754894446218,1.0098310564714028,1.0237227061371832,1.005799209115348,1.000238081049952,1.0194256682706164,1.00126951977915,1.0111629125549548,7.53e-5,-0.0025147,0.30699740934381203,0.5872495604379192,0.022009235628760036,0.14890475832945027,0.7453632067521153
0.4721083298600184,-0.00259,4.866771135841366,13.423806988594379,-332.7407274368132,-306.42640426018585,1.0449884956951843,1.004293189123352,1.0058908555745363,1.0221706880726822,1.005526545217743,1.0001078567714063,1.0248779458174782,1.0014846208448733,1.0116199833684512,7.53e-5,-0.0025147,0.30699740934381203,0.5872495604379192,0.02199558585469389,0.148858232786895,0.7574920075020818
0.48422526297566015,-0.00259,4.911582734216332,15.68800507323158,-333.4406303029739,-307.55850330250445,1.0490900835695052,1.004700164193021,1.0020229707757335,1.02060101147612,1.005255935092784,0.9999725597929147,1.0285975142311856,1.0016737770588031,1.0118820335873255,7.53e-5,-0.0025147,0.30699740934381203,0.5872495604379192,0.021977072453997337,0.14879510691505193,0.7696208082520483
0.49635147798406076,-0.00259,4.952822371740879,17.277506910126363,-333.9478072802827,-308.35325422095184,1.05180385399509,1.0049624473101892,0.9981326974700777,1.0189669646726678,1.00497207442139,0.9998333872561339,1.0307153254393164,1.0018199588981285,1.0119470342291716,7.53e-5,-0.0025147,0.30699740934381203,0.5872495604379192,0.021953334704145344,0.14871412933402206,0.7817496090020147
0.5084798397914873,-0.00259,4.989235979515902,17.717816754563955,-334.07612716432874,-308.57340914317064,1.0529047295860887,1.0050512760171386,0.9940827388390844,1.0172298920364193,1.0046730021902222,0.9996861054521442,1.0313709785389817,1.0019095902072683,1.0118449157271707,7.53e-5,-0.0025147,0.30699740934381203,0.5872495604379192,0.02192535852633236,0.14861863806453995,0.7938784097519812
0.5206032120410252,-0.00259,5.019559993522488,16.827293835285673,-333.75404045318066,-308.1281476835315,1.052314849431291,1.0049571662267676,0.9898784429322626,1.015354219744584,1.0043462641708314,0.9995320673808831,1.0305928460063136,1.001932667669828,1.0115611874605175,7.53e-5,-0.0025147,0.30699740934381203,0.5872495604379192,0.02189486476022374,0.14851448563255185,0.8060072105019476
0.5327144613116285,-0.00259,5.043721985881659,14.774666497463613,-333.04788133854294,-307.10183401462047,1.050102514988862,1.0046882170007996,0.9854462642041345,1.0133184944067404,1.003984551680109,0.9993730509185812,1.0283563733679482,1.0018886600085335,1.0111003593869725,7.53e-5,-0.0025147,0.30699740934381203,0.5872495604379192,0.021864116523459768,0.14840939222812505,0.818136011251914
0.5448064613154395,-0.00259,5.0619859791775115,12.022302005270035,-332.13739737138644,-305.7256517685237,1.0464876232917288,1.0042697027129401,0.9807978448587463,1.011118669574128,1.0035888776543789,0.9992080966402491,1.0245632170788634,1.0017858534087771,1.0104572613952507,7.53e-5,-0.0025147,0.30699740934381203,0.5872495604379192,0.02183514787817147,0.1483103151165073,0.8302648120018805
0.5568720970909158,-0.00259,5.074976177200362,9.198311779931146,-331.2656536177604,-304.31365665585423,1.0417646708578219,1.0037380904595354,0.9759536976727339,1.0087637082112315,1.0031614218714813,0.9990377438425025,1.0190845314494372,1.0016386435485833,1.0096256696339125,7.53e-5,-0.0025147,0.30699740934381203,0.5872495604379192,0.021809284982664056,0.14822180582966338,0.842393612751847
0.5689042691892888,-0.00259,5.08334595950921,6.972558058397567,-330.68760893177057,-303.20077979508744,1.036277623689784,1.0031332818449046,0.9709604068164569,1.0062771743175023,1.002707466606705,0.998863054183975,1.0117897779468337,1.0014629900295449,1.0086015751482196,7.53e-5,-0.0025147,0.30699740934381203,0.5872495604379192,0.021787257077027174,0.1481463803660552,0.8545224135018135
0.580895897851898,-0.00259,5.087831545536518,5.972428621942527,-330.63735350351874,-302.7007150768599,1.0303751918055366,1.0024942897856166,0.9658687252339186,1.0036879125755143,1.002231905027616,0.9986867767343063,1.0025720601463848,1.0012746265456465,1.0073869446848716,7.53e-5,-0.0025147,0.30699740934381203,0.5872495604379192,0.021769322326359745,0.1480849426838853,0.8666512142517799
0.5928399271759361,-0.00259,5.0891840493588365,6.735796676220616,-331.31056558018213,-303.08239910399897,1.0243579228656376,1.0018519536976913,0.9607094131809041,1.0010224724605659,1.0017408611597092,0.9985098103438778,0.9913680242229018,1.0010857651205989,1.005988633207248,7.53e-5,-0.0025147,0.30699740934381203,0.5872495604379192,0.021755374641085148,0.14803714607538773,0.8787800150017464
0.6047293292661603,-0.00259,5.0880662403400985,9.68872323361461,-332.8521192102871,-304.55886238269596,1.01848910600941,1.00123181606327,0.9555337383007702,0.9983118801538613,1.0012420644322797,0.9983323094691365,0.9781666749523752,1.0009053714621434,1.0044232798072759,7.53e-5,-0.0025147,0.30699740934381203,0.5872495604379192,0.02174514281955702,0.1480020736436257,0.8909088157517129
0.6165571083701215,-0.00259,5.0853875244533215,15.138045161854166,-335.35213271464227,-307.28352334681574,1.0129601802760348,1.000652508515029,0.9503525819201201,0.9955793026147768,1.0007393485665412,0.9981564285479464,0.9629902714285417,1.0007395026170904,1.0027101594659793,7.53e-5,-0.0025147,0.30699740934381203,0.5872495604379192,0.02173813614553147,0.14797805165319136,0.9030376165016794
0.6283163049944824,-0.00259,5.081848270506434,23.27339746181974,-338.8447770619067,-311.35119949679853,1.0079205739948527,1.0001276205695517,0.9451996696711997,0.9928514950588359,1.0002377382877723,0.9979838451926604,0.9459141294920747,1.0005922368312237,1.000868864375929,7.53e-5,-0.0025147,0.30699740934381203,0.5872495604379192,0.0217338047647719,0.14796319986291545,0.9151664172516458
0.6400000000000001,-0.00259,5.078431100708598,34.17517901595579,-343.31187735677605,-316.80209027386655,1.003461689547213,0.9996627008544984,0.9400661165210883,0.9901422365274009,0.9997451638729968,0.9978098273804794,0.9270510603982907,1.0004658300668325,0.9989577268092287,7.53e-5,-0.0025147,0.30699740934381203,0.5872495604379192,0.021731595173360672,0.1479556228789713,0.9272952180016123
0.4,-0.00257,4.617684498601618,20.047312375116917,-337.357893502375,-309.7381569534471,1.0030078070152915,1.0001288581816465,1.0317069983097091,1.0316373006397055,1.0072526884938204,1.000853377208675,0.9574906619199945,1.0001156874607502,1.0055109962498074,7.53e-5,-0.0024947,0.30699740934381203,0.5872495604379192,0.022029750371597125,0.14897465674580965,0.684719203002283
0.41191200390332305,-0.00257,4.640527677810119,13.256602843375845,-334.38169371693084,-306.3428021875766,1.008772025326682,1.0006716652276493,1.0268308800483916,1.0299763064413854,1.0069324698043247,1.000736575044772,0.9728855223940549,1.0002761804068259,1.006840386320104,7.53e-5,-0.0024947,0.30699740934381203,0.5872495604379192,0.02202698683333924,0.14896524259416416,0.6968480037522494
0.4238758389929187,-0.00257,4.668671907112496,9.01124336270425,-332.3834748223187,-304.2201224472408,1.0148713587073794,1.0012522874240846,1.0221258289331483,1.0283178652194844,1.006616673316159,1.0006182879525523,0.9862580598597254,1.000456388367793,1.0080298973689907,7.53e-5,-0.0024947,0.30699740934381203,0.5872495604379192,0.02202358198447232,0.14895364298735808,0.7089768045022159
0.4358844657197842,-0.00257,4.7021957116617985,7.0115242844372005,-331.2763628186424,-303.22026290810726,1.021106976724998,1.001851855390543,1.0176132998573744,1.0266764513245128,1.0063071600399094,1.0004990871738488,0.9975805353167617,1.0006524679280622,1.0090567906575056,7.53e-5,-0.0024947,0.30699740934381203,0.5872495604379192,0.022018854601659,0.14893753633112025,0.7211056052521824
0.44793081817941127,-0.00257,4.740755146547092,6.843438604141625,-330.919604283872,-303.13622006795947,1.0272254571457313,1.0024458455411211,1.013292181290873,1.0250571359338685,1.0060069683512165,1.0003777178160542,1.0068663087779277,1.0008579321744047,1.0099007990615703,7.53e-5,-0.0024947,0.30699740934381203,0.5872495604379192,0.022012023841247633,0.14891426027573965,0.7332344060021488
0.46000780826938065,-0.00257,4.782940665515012,7.986486738483222,-331.1222455106412,-303.70774413513027,1.0329484617997464,1.0030053394303455,1.009145384297294,1.0234579359288531,1.0057135796592571,1.0002544584489041,1.0141757707110348,1.001064347122079,1.010549223259734,7.53e-5,-0.0024947,0.30699740934381203,0.5872495604379192,0.022002141407844806,0.14888057928859869,0.7453632067521153
0.4721083298600184,-0.00257,4.82702613920594,9.835269537118847,-331.6556573342809,-304.6321355344481,1.0379314454962916,1.0034940045584408,1.0051149725358615,1.0218657923382577,1.0054292572495935,1.0001265018494345,1.0196254781299807,1.0012600097313256,1.0110051214804898,7.53e-5,-0.0024947,0.30699740934381203,0.5872495604379192,0.021988392391480708,0.14883370803792742,0.7574920075020818
0.48422526297566015,-0.00257,4.870469170006739,11.743398563509572,-332.26812870164474,-305.58620004764344,1.0418654240706513,1.003877526120873,1.001165933137545,1.0202572582825005,1.005145991227226,0.9999939279149052,1.0233462758953058,1.0014311534537572,1.0112664857050693,7.53e-5,-0.0024947,0.30699740934381203,0.5872495604379192,0.021970035849427975,0.14877110711086164,0.7696208082520483
0.49635147798406076,-0.00257,4.910715220862537,13.102774204561683,-332.7198963710862,-306.2658878681695,1.0444626553534655,1.0041231758364741,0.9972085932306206,1.0185903542476673,1.004851872403648,0.9998569004423438,1.0254703907768048,1.0015632083934676,1.0113334328032237,7.53e-5,-0.0024947,0.30699740934381203,0.5872495604379192,0.02194680895095808,0.1486918602597337,0.7817496090020147
0.5084798397914873,-0.00257,4.946397943805077,13.461366214323675,-332.82980352293146,-306.4451838730505,1.0455143461358,1.0042040379804587,0.9931234103755031,1.0168267707795382,1.0045446492552574,0.9997119515901711,1.026131102160174,1.001644033995562,1.0112377323014428,7.53e-5,-0.0024947,0.30699740934381203,0.5872495604379192,0.0219196253248986,0.1485990615392089,0.7938784097519812
0.5206032120410252,-0.00257,4.9760837617097256,12.64656888830416,-332.52760411880337,-306.03778521004074,1.0449538014187547,1.0041144736574596,0.9888781496945467,1.0149312836809539,1.0042068992265356,0.9995632701366971,1.0253510330325357,1.001666040041581,1.0109598228253958,7.53e-5,-0.0024947,0.30699740934381203,0.5872495604379192,0.021890063014134698,0.14849807865541992,0.8060072105019476
0.5327144613116285,-0.00257,4.999688622822171,10.820391727617107,-331.87821592101955,-305.1246966296972,1.0428490599562759,1.0038604200651928,0.9844328545324297,1.0128817010188502,1.0038384797026867,0.9994078015752339,1.023108305701452,1.0016288707331071,1.010506002466219,7.53e-5,-0.0024947,0.30699740934381203,0.5872495604379192,0.02186035014814277,0.1483965142903201,0.818136011251914
0.5448064613154395,-0.00257,5.017262659677755,8.423678068380696,-331.05738581766286,-303.926339800079,1.039400058756171,1.0034646322360687,0.9797729638320992,1.0106700142839302,1.0034405344219135,0.9992429170438113,1.019313822570017,1.0015394815502487,1.0098682699504258,7.53e-5,-0.0024947,0.30699740934381203,0.5872495604379192,0.021832316572984387,0.14830062818211642,0.8302648120018805
0.5568720970909158,-0.00257,5.029354036300322,6.053222762929408,-330.2999465151047,-302.74111214735336,1.0348930281249733,1.0029618914751595,0.9749299072613258,1.00831206108251,1.003010495499425,0.9990748447414353,1.0138400159855598,1.001408807954365,1.009049400508637,7.53e-5,-0.0024947,0.30699740934381203,0.5872495604379192,0.02180727082115402,0.1482149107129966,0.842393612751847
0.5689042691892888,-0.00257,5.036428667883637,4.344504644491394,-329.8516946403822,-301.88675308813436,1.0296645456682372,1.002390625575128,0.9699433485719777,1.0058233767501679,1.0025529829888902,0.9989036187714401,1.0065589298917446,1.0012516728744099,1.0080415069873743,7.53e-5,-0.0024947,0.30699740934381203,0.5872495604379192,0.021785840020872603,0.14814152696664912,0.8545224135018135
0.580895897851898,-0.00257,5.039114243089805,3.892278077085848,-329.93893775121023,-301.6606398044316,1.0240340851459555,1.0017851135504812,0.964852474542764,1.0032306518287484,1.002073893861003,0.9987304780492231,0.9973732603788842,1.0010807840540354,1.0068472184656947,7.53e-5,-0.0024947,0.30699740934381203,0.5872495604379192,0.021768271030196355,0.14808134057267877,0.8666512142517799
0.5928399271759361,-0.00257,5.038027085442351,5.206528142910429,-330.74860216068265,-302.3177648373439,1.018300057802671,1.0011764298759789,0.9596953124909119,1.00056086208236,1.0015793680697809,0.9985563655734911,0.9862212088650893,1.0009075376891161,1.0054740947038152,7.53e-5,-0.0024947,0.30699740934381203,0.5872495604379192,0.021754489296992988,0.14803411162948296,0.8787800150017464
0.6047293292661603,-0.00257,5.033841295500486,8.691026837378786,-332.4191059451386,-304.06001418457805,1.0127046759353853,1.0005892767076858,0.9545134716799373,0.9978443451193378,1.0010745294235661,0.9983840500484231,0.9730867029632623,1.0007404835255427,1.0039367976421887,7.53e-5,-0.0024947,0.30699740934381203,0.5872495604379192,0.02174423666173879,0.14799896714524566,0.8909088157517129
0.6165571083701215,-0.00257,5.027194169083062,14.636204969544451,-335.03497995651986,-307.0326032506609,1.0074460104611398,1.0000410101310608,0.9493064122095634,0.9950966218528268,1.0005666675619245,0.9982099958986477,0.9580029112278537,1.0005867115131486,1.0022594062890666,7.53e-5,-0.0024947,0.30699740934381203,0.5872495604379192,0.02173700664437582,0.14797417886731187,0.9030376165016794
0.6283163049944824,-0.00257,5.018874903582927,23.220582947417483,-338.62695321149704,-311.3247922395974,1.0026681417311314,0.9995458999754155,0.9441191671699204,0.9923505586203065,1.0000587906956702,0.9980396695554469,0.9410348530002869,1.000449713350273,1.0004651987797786,7.53e-5,-0.0024947,0.30699740934381203,0.5872495604379192,0.021732351463614245,0.14795821634161427,0.9151664172516458
0.6400000000000001,-0.00257,5.009826507022456,34.51761143805993,-343.1750493964304,-316.9733064849186,0.9984476861007754,0.9991090882976522,0.938955860376802,0.9896199801199628,0.999556317034969,0.9978708823602276,0.9222991488763224,1.0003317431533885,0.9985867221934075,7.53e-5,-0.0024947,0.30699740934381203,0.5872495604379192,0.02172966882489699,0.14794901686558723,0.9272952180016123
0.4,-0.0025499999999999997,4.590216573084663,20.06675949563669,-337.1844755394202,-309.747880513707,0.9974113936960999,0.999512628179179,1.0313158114943934,1.0315117600112689,1.0072103759254987,1.0008597449520613,0.9522914160081397,0.9999860562462942,1.0049645493570438,7.53e-5,-0.0024747,0.30699740934381203,0.5872495604379192,0.022025277756814378,0.14895942023802622,0.684719203002283
0.41191200390332305,-0.0025499999999999997,4.6108722281668175,12.804476689278545,-334.10338718902455,-306.11673911052793,1.0029403203959928,1.0000272948931912,1.0264246110916206,1.029840564495016,1.0068885355288568,1.0007436919209423,0.9676103973560538,1.0001352138879736,1.006270162109576,7.53e-5,-0.0024747,0.30699740934381203,0.5872495604379192,0.022022079793676527,0.1489485250593688,0.6968480037522494
0.4238758389929187,-0.0025499999999999997,4.636635542988183,8.053636884276784,-331.986920795934,-303.74131920802705,1.0087909438644314,1.0005775678018525,1.0216616003464993,1.0281613036977573,1.006566525784413,1.0006264056462792,0.9809180053239465,1.0003029076097383,1.0074388349958536,7.53e-5,-0.0024747,0.30699740934381203,0.5872495604379192,0.022018134964603434,0.1489350843089756,0.7089768045022159
0.4358844657197842,-0.0025499999999999997,4.66745484570703,5.530649653291448,-330.75337933249995,-302.4798255925344,1.0147794622313095,1.0011471004654882,1.0170961446067257,1.0264844049814903,1.0062461102367493,1.0005085484408516,0.9921856894165378,1.0004848259955637,1.0084407200524457,7.53e-5,-0.0024747,0.30699740934381203,0.5872495604379192,0.02201280059768332,0.14891690727838025,0.7211056052521824
0.44793081817941127,-0.0025499999999999997,4.703599034835356,4.8428904062825495,-330.26803456663487,-302.13594596902993,1.0206580572730974,1.0017107220944335,1.0126891264923192,1.0248340620283976,1.0059364977639642,1.0003891029910317,1.0014462857829614,1.0006742325840894,1.0092754956793495,7.53e-5,-0.0024747,0.30699740934381203,0.5872495604379192,0.022005547363836014,0.1488921881915475,0.7332344060021488
0.46000780826938065,-0.0025499999999999997,4.743448760107264,5.496330018434151,-330.3492564814183,-302.46266577510573,1.0261320008328325,1.0022389617653154,1.0084675306833735,1.0232002089516214,1.005635398602187,1.0002671427827776,1.0087508662885836,1.0008622714325164,1.0099218938832366,7.53e-5,-0.0024747,0.30699740934381203,0.5872495604379192,0.021995450446541723,0.14885777117467744,0.7453632067521153
0.4721083298600184,-0.0025499999999999997,4.7853553573862495,6.915745707681367,-330.7751928174816,-303.17237361972934,1.0309164709179297,1.0027012542260152,1.0043650593047662,1.0215685747997014,1.0053375466563421,1.0001421352361102,1.0141959297121845,1.0010390520136405,1.0103728302194916,7.53e-5,-0.0024747,0.30699740934381203,0.5872495604379192,0.021981569259004203,0.14881044223733705,0.7574920075020818
0.48422526297566015,-0.0025499999999999997,4.826967193001599,8.48628177603348,-331.30402929696623,-303.9576416539054,1.0346873373960992,1.0030622028507898,1.0003222539339347,1.019915235937194,1.005039246703689,1.0000127816747413,1.01791907213161,1.0011923336681825,1.0106329733771107,7.53e-5,-0.0024747,0.30699740934381203,0.5872495604379192,0.02196327726149422,0.14874805200271898,0.7696208082520483
0.49635147798406076,-0.0025499999999999997,4.86598627304146,9.628496884053334,-331.7022901697134,-304.5287492079153,1.0371776678938396,1.003291866150594,0.996280206010576,1.0182115831255036,1.0047354247658684,0.9998775688413252,1.0200555028742047,1.001310634833786,1.0107101910029292,7.53e-5,-0.0024747,0.30699740934381203,0.5872495604379192,0.021940509860113575,0.1486703615986255,0.7817496090020147
0.5084798397914873,-0.0025499999999999997,4.900181942322412,9.911012571648598,-331.79418498190165,-304.67000705171296,1.0381959767535593,1.0033694283775603,0.9921863112704032,1.0164171591783782,1.0044128628516018,0.9997375800098225,1.020698685080698,1.0013835994163074,1.0105964512055223,7.53e-5,-0.0024747,0.30699740934381203,0.5872495604379192,0.021913942500571666,0.1485796545609186,0.7938784097519812
0.5206032120410252,-0.0025499999999999997,4.929081603021154,9.169322803300247,-331.51175875992845,-304.2991621675388,1.0376595728670701,1.0032819373055677,0.9878636687114665,1.0144968734815831,1.0040693437480406,0.9995897760789195,1.0199317628610105,1.001405204222388,1.0103333635010223,7.53e-5,-0.0024747,0.30699740934381203,0.5872495604379192,0.021885263860172713,0.14848167877737534,0.8060072105019476
0.5327144613116285,-0.0025499999999999997,4.951762178934636,7.558726369965484,-330.9179135450622,-303.4938639508714,1.0356536175477455,1.0030397673632452,0.9833913732339529,1.0124267868167989,1.003696273305441,0.999434990282602,1.017692402397735,1.0013745691309852,1.009890060095584,7.53e-5,-0.0024747,0.30699740934381203,0.5872495604379192,0.02185643072291236,0.14838311189474104,0.818136011251914
0.5448064613154395,-0.0025499999999999997,4.968321920597017,5.499829225428584,-330.1831304158968,-302.46441537860295,1.032367887189833,1.002666930392449,0.9787237652511268,1.0102059961882852,1.0032907160777664,0.9992754000485214,1.0138952756916535,1.0012977045237972,1.0092646638416227,7.53e-5,-0.0024747,0.30699740934381203,0.5872495604379192,0.021829292316671883,0.1482902804127671,0.8302648120018805
0.5568720970909158,-0.0025499999999999997,4.97899376223343,3.5603199881434193,-329.5350892787915,-301.49466075996037,1.0280861434593687,1.002195770929973,0.9739251027267386,1.007835284138763,1.0028519409378243,0.9991129965316906,1.0084112345572853,1.0011830742351673,1.0084356383545323,7.53e-5,-0.0024747,0.30699740934381203,0.5872495604379192,0.02180499464235962,0.14820711825295452,0.842393612751847
0.5689042691892888,-0.0025499999999999997,4.984307494828118,2.343204490690937,-329.21168175793355,-300.8861030112341,1.0231036473867277,1.0016534496013503,0.9688922514247098,1.005346179603082,1.002394167423778,0.9989426763560595,1.0011603585816842,1.001043534087282,1.0074671798975825,7.53e-5,-0.0024747,0.30699740934381203,0.5872495604379192,0.021784103597853998,0.1481355795293475,0.8545224135018135
0.580895897851898,-0.0025499999999999997,4.984536833353737,2.412446992916898,-329.43029521061567,-300.9207242623471,1.0177481796957821,1.0010815677754872,0.9638001904714779,1.0027482628720332,1.0019112691086114,0.998772551290462,0.9920070023717928,1.0008892646978778,1.0062936770619544,7.53e-5,-0.0024747,0.30699740934381203,0.5872495604379192,0.021766891324180825,0.14807661308451492,0.8666512142517799
0.5928399271759361,-0.0025499999999999997,4.980210192359691,4.251089616655463,-330.3702676700516,-301.8400455742164,1.012292749324143,1.0005062045542752,0.9586361663823085,1.0000694727100397,1.001412578230569,0.9986008530679498,0.980908997016777,1.0007310803174205,1.0049459550067332,7.53e-5,-0.0024747,0.30699740934381203,0.5872495604379192,0.021753242626250845,0.14802983866308753,0.8787800150017464
0.6047293292661603,-0.0025499999999999997,4.971820315172164,8.241405305504486,-332.16306689026203,-303.8352034186409,1.0069789192676717,0.9999518262861172,0.9534338611796287,0.9973387971961483,1.000903167331161,0.9984300435292177,0.9678493401737323,1.000577894562681,1.003439614013103,7.53e-5,-0.0024747,0.30699740934381203,0.5872495604379192,0.02174292757160608,0.14799447919891845,0.8909088157517129
0.6165571083701215,-0.0025499999999999997,4.9599129352318885,14.657742170925303,-334.888240357366,-307.0433718513513,1.0020007083643871,0.9994368652542229,0.9482162259563759,0.9945804996317709,1.0003877288431946,0.9982616673226471,0.952854661849576,1.0004357860655333,1.0017942075346158,7.53e-5,-0.0024747,0.30699740934381203,0.5872495604379192,0.021735529580365825,0.147969114224135,0.9030376165016794
0.6283163049944824,-0.0025499999999999997,4.94492690758747,23.667147335953928,-338.57325357254024,-311.5480744338656,0.9974771347773468,0.9989705621665541,0.9429961963585013,0.991809925379617,0.9998730285915387,0.9980925830046026,0.9360073299891466,1.0003091462676301,1.0000371553919294,7.53e-5,-0.0024747,0.30699740934381203,0.5872495604379192,0.021730514678860488,0.1479519175819555,0.9151664172516458
0.6400000000000001,-0.0025499999999999997,4.9275619782592015,35.33592636121614,-343.1956481936116,-317.3824639464967,0.9935167245362844,0.9985641746538823,0.9377861369821356,0.9890540184658231,0.9993621710904977,0.9979264731717049,0.9174067772073069,1.0002004263206967,0.998195657182949,7.53e-5,-0.0024747,0.30699740934381203,0.5872495604379192,0.02172738576183919,0.14794118720257124,0.9272952180016123
0.4,-0.00253,4.562609161496051,20.61825502450108,-337.1807358666192,-310.0236282781392,0.9918248809685026,0.9988987058786739,1.030953469931046,1.0314042159608907,1.0071770317855675,1.000865314768303,0.9469132667288249,0.9998571755363097,1.0044150559964613,7.53e-5,-0.0024547,0.30699740934381203,0.5872495604379192,0.02202124734023769,0.14894568883700604,0.684719203002283
0.41191200390332305,-0.00253,4.581073137155012,12.90737506134235,-334.00202292726624,-306.16818829655983,0.9971178063954789,0.9993845289934189,1.0260222159099872,1.029716420901319,1.0068518543213665,1.0007498453540564,0.9621510551076659,0.999995170217906,1.005694859968151,7.53e-5,-0.0024547,0.30699740934381203,0.5872495604379192,0.02201756619648319,0.14893314631543017,0.6968480037522494
0.4238758389929187,-0.00253,4.6043540959619,7.674371253849586,-331.77378593658983,-303.55168639281345,1.002731417906874,0.9999065075889167,1.0212318766367947,1.0280155399523196,1.0065225537338702,1.0006329685141877,0.9753890250823116,1.000150762697413,1.0068334349351438,7.53e-5,-0.0024547,0.30699740934381203,0.5872495604379192,0.02201307153773606,0.1489178305674071,0.7089768045022159
0.4358844657197842,-0.00253,4.63257407318228,4.652188424920041,-330.41995004464593,-302.0405949783487,1.00847038406534,1.0004450422820872,1.0165977565091495,1.0263172081335974,1.0061968663393395,1.00051545270678,0.9866208983888096,1.000318583861285,1.0078220676374832,7.53e-5,-0.0024547,0.30699740934381203,0.5872495604379192,0.022007313970644517,0.1488982091703854,0.7211056052521824
0.44793081817941127,-0.00253,4.665532347768954,3.4689197552963833,-329.81230271397555,-301.44896064353685,1.014112417457587,1.0009789034296823,1.0121321209204461,1.024628399257705,1.0058754948825934,1.0003977655436358,0.9958494163566928,1.0004923137459691,1.008638877534065,7.53e-5,-0.0024547,0.30699740934381203,0.5872495604379192,0.02199957778794314,0.14887184083513771,0.7332344060021488
0.46000780826938065,-0.00253,4.702479000736931,3.6559037203829803,-329.7763402711834,-301.54245262608015,1.0193718495985675,1.001479821311675,1.0078180797607628,1.0229522838669753,1.0055604338887343,1.00027775067356,1.003135534547885,1.0006638186525787,1.0092726605738622,7.53e-5,-0.0024547,0.30699740934381203,0.5872495604379192,0.021989088125223714,0.14883608018149203,0.7453632067521153
0.4721083298600184,-0.00253,4.741796208418118,4.666795651384973,-330.0993886238658,-302.04789859158114,1.0239571003470136,1.0019162816739835,1.003628721693281,1.0212760383504973,1.0052495820582101,1.0001548744494162,1.0085795771319848,1.0008229926604897,1.0097195290627767,7.53e-5,-0.0024547,0.30699740934381203,0.5872495604379192,0.021975053336197058,0.14878822067789949,0.7574920075020818
0.48422526297566015,-0.00253,4.781167550563164,5.916763456212266,-330.5470868919211,-302.6728824939948,1.0275773352786426,1.0022576020397598,0.9995067674123957,1.0195816243913958,1.0049377533773645,1.0000285051144508,1.0123060993711126,1.000959895783067,1.0099788788213413,7.53e-5,-0.0024547,0.30699740934381203,0.5872495604379192,0.021956857738266986,0.1487261503115288,0.7696208082520483
0.49635147798406076,-0.00253,4.818306885661346,6.853405496043592,-330.89393954056106,-303.14120351391045,1.0299681536514287,1.0024728972190606,0.99538202240288,1.0178363211499433,1.004620837346112,0.9998961020169562,1.0144491053342826,1.001064581749579,1.0100593505040611,7.53e-5,-0.0024547,0.30699740934381203,0.5872495604379192,0.02193442266038727,0.14864958325077318,0.7817496090020147
0.5084798397914873,-0.00253,4.851126001201122,7.064826494756176,-330.9689133036101,-303.24691401326675,1.0309463833936843,1.0025427384237215,0.9911857974978459,1.0160050308536728,1.0042888079271477,0.99975783301475,1.0151108268172881,1.0011297304746318,1.0099637959079808,7.53e-5,-0.0024547,0.30699740934381203,0.5872495604379192,0.021908434736452976,0.1485608430697316,0.7938784097519812
0.5206032120410252,-0.00253,4.878415271615547,6.393818025302153,-330.7057773580833,-302.91140977853973,1.030445286764339,1.0024595609164295,0.98685272537442,1.0140549397411867,1.0039340622195878,0.9996132781309249,1.0143364773964376,1.0011507643357216,1.0096967172196902,7.53e-5,-0.0024547,0.30699740934381203,0.5872495604379192,0.02188047105837791,0.14846529885172127,0.8060072105019476
0.5327144613116285,-0.00253,4.899645754437023,4.988848065405364,-330.1657377068347,-302.20892479859134,1.0285357959498573,1.0022311235948744,0.9823497832141832,1.0119656446522547,1.00355193171414,0.9994622813874203,1.012096241351273,1.0011270374369075,1.009257542518205,7.53e-5,-0.0024547,0.30699740934381203,0.5872495604379192,0.0218524838425697,0.14836961442968594,0.818136011251914
0.5448064613154395,-0.00253,4.914651856168676,3.251073404913882,-329.51421917158115,-301.3400374683456,1.0254096147323495,1.0018786978748289,0.977661412732367,1.0097293093549955,1.003140215936481,0.9993053836391906,1.0083031948757657,1.001062330667661,1.008643547546401,7.53e-5,-0.0024547,0.30699740934381203,0.5872495604379192,0.021826122217230126,0.14827943287548667,0.8302648120018805
0.5568720970909158,-0.00253,4.923445133486282,1.7206653953958266,-328.97153717429455,-300.5748334635866,1.0213376425612914,1.0014321553565229,0.9728101874812863,1.00735311953974,1.0026998863949497,0.9991438576220898,1.0028388294309125,1.0009632329357554,1.0078502402860363,7.53e-5,-0.0024547,0.30699740934381203,0.5872495604379192,0.021802492178498722,0.14819855065083984,0.842393612751847
0.5689042691892888,-0.00253,4.926212186181935,0.9702645565711236,-328.7677618709923,-300.1996330441742,1.0166104819105415,1.0009235635160705,0.9678197115488649,1.0048509072914293,1.002234197512426,0.9989783850719574,0.9955939766082221,1.0008394178711801,1.0068761871099607,7.53e-5,-0.0024547,0.30699740934381203,0.5872495604379192,0.021782133788553912,0.148128832438118,0.8545224135018135
0.580895897851898,-0.00253,4.923178003937616,1.5344451347643826,-329.11198870378416,-300.48172333327085,1.0115247041479576,1.0003844673633024,0.9627208851391559,1.0022431806650105,1.0017473916539064,0.9988102097930225,0.98647813955468,1.0007009571097751,1.00572381898023,7.53e-5,-0.0024547,0.30699740934381203,0.5872495604379192,0.02176523310144931,0.14807093108002187,0.8666512142517799
0.5928399271759361,-0.00253,4.914527669924535,3.870729729219761,-330.1758406853469,-301.64986563049854,1.0063520035118816,0.9998431140202442,0.9575509730413728,0.9995555628147774,1.0012442962902162,0.9986412679852671,0.9754349127232098,1.0005579070165538,1.00440149521631,7.53e-5,-0.0024547,0.30699740934381203,0.5872495604379192,0.021751740767941796,0.14802469088182138,0.8787800150017464
0.6047293292661603,-0.00253,4.900516205645475,8.340622202364216,-332.08453405896205,-303.88481186707077,1.0013258696310239,0.999322361042446,0.9523350542659693,0.9968125513127744,1.0007300979224403,0.9984727663083178,0.9624523451206357,1.0004180951963828,1.0029247377632642,7.53e-5,-0.0024547,0.30699740934381203,0.5872495604379192,0.021741402926596883,0.14798925210049912,0.8909088157517129
0.6165571083701215,-0.00253,4.881392253597384,15.202287701689443,-334.9126924642304,-307.3156446167334,0.9966180300167898,0.9988377994345997,0.9470950459448919,0.9940349644196771,1.0002105327257038,0.9983042110899967,0.9475647009400838,1.0002882921941758,1.0013143582584727,7.53e-5,-0.0024547,0.30699740934381203,0.5872495604379192,0.021733817500119636,0.14796324353303147,0.9030376165016794
0.6283163049944824,-0.00253,4.857183945241038,24.611390592780367,-338.68406610454383,-312.02019606227884,0.9923761226085535,0.9984049331168964,0.9418494833680238,0.9912486089105613,0.9996900286587401,0.9981376632085697,0.930838948842109,1.0001725200382119,0.9995882668257038,7.53e-5,-0.0024547,0.30699740934381203,0.5872495604379192,0.02172853996419759,0.14794514553839358,0.9151664172516458
0.6400000000000001,-0.00253,4.828067981510852,36.62733835375775,-343.3749629944463,-318.02816994276753,0.9886871820824583,0.9980286744119532,0.9366155889336396,0.9884669771045783,0.9991754127629623,0.9979696496558818,0.9123874863364425,1.0000720423129108,0.9977936048252735,7.53e-5,-0.0024547,0.30699740934381203,0.5872495604379192,0.021725060903901527,0.1479332137925288,0.9272952180016123
0.4,-0.00251,4.534930775777046,21.70457371923885,-337.34655777692535,-310.5667876255081,0.9862728985403574,0.9982902607723685,1.0306040798467089,1.0313022481116831,1.0071458554908856,1.0008696070438652,0.9413358366540389,0.9997305048522916,1.0038511612954462,7.53e-5,-0.0024347,0.30699740934381203,0.5872495604379192,0.022017441927962345,0.14893272288550297,0.684719203002283
0.41191200390332305,-0.00251,4.551187097871857,13.568002668220629,-334.0770881031886,-306.498502099999,0.9913255743861134,0.9987467497252717,1.025647664273035,1.029599665727389,1.0068171536314399,1.0007543535059664,0.9564920379815014,0.9998578478283762,1.0051011456149015,7.53e-5,-0.0024347,0.30699740934381203,0.5872495604379192,0.02201328942282386,0.14891857305570652,0.6968480037522494
0.4238758389929187,-0.00251,4.571807388997242,7.876697266557926,-331.7441690146411,-303.6528493991676,0.9966996712811643,0.9992398549880956,1.020818858618577,1.0278794972547045,1.0064822603944035,1.0006378095552226,0.9696679106136965,1.0000015478284539,1.0062137002389695,7.53e-5,-0.0024347,0.30699740934381203,0.5872495604379192,0.022008312789167643,0.1489016132558269,0.7089768045022159
0.4358844657197842,-0.00251,4.597034892031496,4.379120207125197,-330.2764080904779,-301.90406086945126,1.0021994085682486,0.9997493894730931,1.016134315273056,1.0261531953188916,1.0061483207879665,1.000521206265674,0.9808535769336642,1.0001554058297795,1.0071793461520213,7.53e-5,-0.0024347,0.30699740934381203,0.5872495604379192,0.022002070412897833,0.1488803372991901,0.7211056052521824
0.44793081817941127,-0.00251,4.626842277473854,2.724048550792645,-329.55221607318424,-301.076525041285,1.0076095905917002,1.000254664469234,1.0116003096834032,1.024435389258698,1.0058184985597307,1.0004035112193197,0.9900625549706438,1.0003144602721445,1.0079802418393027,7.53e-5,-0.0024347,0.30699740934381203,0.5872495604379192,0.02199393686575773,0.14885261121811688,0.7332344060021488
0.46000780826938065,-0.00251,4.660454539806742,2.4671182046851072,-329.40451217642124,-300.9480598682312,1.0126559970972315,1.0007280124176456,1.0072017203276817,1.022714969006479,1.0054898456593095,1.000285780608875,0.9973234459111524,1.00046964189097,1.0086005523903805,7.53e-5,-0.0024347,0.30699740934381203,0.5872495604379192,0.021983074803556085,0.14881557620915897,0.7453632067521153
0.4721083298600184,-0.00251,4.696717956067768,3.089476589842775,-329.62839603145574,-301.25923906081005,1.0170605300795885,1.0011404141989797,1.0029205692958119,1.0209962675334796,1.0051669510651404,1.0001647535292395,1.0027711334098315,1.0006122381926295,1.0090444609137905,7.53e-5,-0.0024347,0.30699740934381203,0.5872495604379192,0.021968910467349282,0.14876726841262816,0.7574920075020818
0.48422526297566015,-0.00251,4.733257108982766,4.03469839639547,-329.99801214440777,-301.7318499640864,1.020537406419922,1.0014620186238965,0.9987246425058016,1.0192603557349083,1.004843371487984,1.000040346697156,1.0065057989217967,1.0007336933586397,1.009304775366158,7.53e-5,-0.0024347,0.30699740934381203,0.5872495604379192,0.021950822637453165,0.14870555731201618,0.7696208082520483
0.49635147798406076,-0.00251,4.767869269681763,4.776365494718789,-330.29508133672147,-302.10268351324805,1.0228406946390707,1.0016650657173085,0.994513170902435,1.0174702556406694,1.0045125821497076,0.9999105337649761,1.0086543688869078,1.0008263110804174,1.0093854133987605,7.53e-5,-0.0024347,0.30699740934381203,0.5872495604379192,0.021928652505845855,0.14862988451829046,0.7817496090020147
0.5084798397914873,-0.00251,4.798546580239641,4.921114029895989,-330.3538735170372,-302.17505778083665,1.0237870185495916,1.0017296481769393,0.9902439862989617,1.0155999306884298,1.004168225850099,0.9997750117051856,1.0093239468447763,1.0008843811074484,1.009295182339914,7.53e-5,-0.0024347,0.30699740934381203,0.5872495604379192,0.021903161052030877,0.14854282889949386,0.7938784097519812
0.5206032120410252,-0.00251,4.8239068412872985,4.318397997842908,-330.1096740756359,-301.8736997648101,1.023321308573689,1.0016506555879632,0.9858528735036977,1.013618167359024,1.0038012823340345,0.9996344658080777,1.0085543139375752,1.0009052254678377,1.0090335434488051,7.53e-5,-0.0024347,0.30699740934381203,0.5872495604379192,0.02187585548237484,0.1484495229568034,0.8060072105019476
0.5327144613116285,-0.00251,4.8430814477965685,3.109572096205511,-329.6220282953333,-301.2692868139914,1.0215079125672097,1.0014335744522909,0.9813111883397948,1.011503016828689,1.0034108844145098,0.9994857716915324,1.0063180647738659,1.0008874455996977,1.0086031035046148,7.53e-5,-0.0024347,0.30699740934381203,0.5872495604379192,0.021848589251746257,0.1483562946151554,0.818136011251914
0.5448064613154395,-0.00251,4.855867492433935,1.6768958373648957,-329.05086484601,-300.5529486845711,1.01854021959839,1.001100801316467,0.9766045774286848,1.0092490972741444,1.002992726237671,0.99933142031715,1.0025324670463756,1.000833637609462,1.0080012660456101,7.53e-5,-0.0024347,0.30699740934381203,0.5872495604379192,0.02182294465420651,0.148268559026169,0.8302648120018805
0.5568720970909158,-0.00251,4.862019216910175,0.5343135629017297,-328.6096731725288,-299.9816575473395,1.0146735110339142,1.0006798903657108,0.971740064810189,1.006857956604974,1.0025475737478382,0.9991714962071914,0.9970833446382085,1.0007487046462857,1.0072224009259474,7.53e-5,-0.0024347,0.30699740934381203,0.5872495604379192,0.021799907954174465,0.14818970262358994,0.842393612751847
0.5689042691892888,-0.00251,4.861494001389125,0.22581941208204626,-328.5203699977766,-299.8274104719297,1.0101892198815496,1.000201844619888,0.9667411168110208,1.0043454301616308,1.002077216669839,0.9990085802212677,0.9898605929521603,1.000640280822328,1.0062653884771162,7.53e-5,-0.0024347,0.30699740934381203,0.5872495604379192,0.021780037901236754,0.14812165317049616,0.8545224135018135
0.580895897851898,-0.00251,4.854141345405496,1.2584555380208258,-328.98417885663673,-300.34372853489907,1.005376099860878,0.9996964359797323,0.9616409220946681,1.0017310455843598,1.0015867306981647,0.998842973159416,0.9807808006666693,1.0005176819463206,1.0051319342789826,7.53e-5,-0.0024347,0.30699740934381203,0.5872495604379192,0.02176349601757861,0.1480649786259031,0.8666512142517799
0.5928399271759361,-0.00251,4.839901739416228,4.06540564371096,-330.16576149623154,-301.74720358774414,1.000488909784805,0.9991881055704216,0.9564653866366276,0.9990323107469055,1.0010811182798187,0.9986742851111982,0.9698023493483762,1.0003891146072932,1.0038358878478801,7.53e-5,-0.0024347,0.30699740934381203,0.5872495604379192,0.0217501488194723,0.14801923411710285,0.8787800150017464
0.6047293292661603,-0.00251,4.818698211038491,8.987744781065544,-332.1839764529866,-304.20837315642143,0.9957470339426758,0.9986999180913834,0.9512488641556902,0.996280277571154,1.0005652142301262,0.9985057908723083,0.9569068718619578,1.0002633156026086,1.0023867776158215,7.53e-5,-0.0024347,0.30699740934381203,0.5872495604379192,0.021739855710378914,0.147983947435659,0.8909088157517129
0.6165571083701215,-0.00251,4.790297209154605,16.267892400763685,-335.10872532814557,-307.8484469662705,0.9913309296563356,0.9982497288123636,0.9460053680626915,0.9934962812304172,1.0000461285993665,0.9983357351332586,0.9421305422673503,1.0001458776448795,1.0007984771225922,7.53e-5,-0.0024347,0.30699740934381203,0.5872495604379192,0.02173222281299055,0.14795777517735298,0.9030376165016794
0.6283163049944824,-0.00251,4.754310760956107,26.050393770154415,-338.96068679509455,-312.73969765096587,0.987374474488541,0.9978484478324506,0.9407739395928704,0.9907032948512349,0.9995279720880185,0.998165775035243,0.9255428386070754,1.0000401502554728,0.9991158934085984,7.53e-5,-0.0024347,0.30699740934381203,0.5872495604379192,0.02172687255615729,0.14793942713118624,0.9151664172516458
0.6400000000000001,-0.00251,4.710370498499888,38.38747713587725,-343.715113699738,-318.9082393338273,0.9839765379826704,0.997505642799232,0.9355665491031221,0.9879259803614278,0.9990201420392929,0.9979926101150842,0.9072532664307726,0.9999497344959075,0.9973463418283072,7.53e-5,-0.0024347,0.30699740934381203,0.5872495604379192,0.02172335985723575,0.14792737956207858,0.9272952180016123
0.4,-0.00249,4.507321061506544,23.327779131145576,-337.68164742447243,-311.37839033146145,0.980761427280734,0.9976887834393489,1.03027059681693,1.03120674349223,1.0071161811344103,1.0008727137984612,0.9355548012872438,0.9996067821417516,1.0032728223823029,7.53e-5,-0.0024147,0.30699740934381203,0.5872495604379192,0.022013857650631196,0.14892050939206078,0.684719203002283
0.41191200390332305,-0.00249,4.521354308465612,14.788686382633955,-334.3284288481626,-307.10884395720564,0.9855699494843584,0.9981152020453028,1.02529435134755,1.0294907217298834,1.0067855871633211,1.0007573874930735,0.9506346825591266,0.9997232608776966,1.004493100697213,7.53e-5,-0.0024147,0.30699740934381203,0.5872495604379192,0.02200928561197124,0.14890492867235974,0.6968480037522494
0.4238758389929187,-0.00249,4.539313302221535,8.662767661865132,-331.8976727331175,-304.0458845968212,0.990701236085957,0.9985786510389221,1.0204305543120469,1.0277527084255864,1.0064463274685644,1.000640968649117,0.9637531421146552,0.9998553072228088,1.0055801489964498,7.53e-5,-0.0024147,0.30699740934381203,0.5872495604379192,0.022003878515805528,0.14888650017880983,0.7089768045022159
0.4358844657197842,-0.00249,4.561503069028556,4.7137851751501785,-330.32234912127035,-302.07139335346375,0.9959631885845379,0.9990590454144437,1.0157005507268244,1.0260060212597801,1.0061070824649399,1.0005244849287753,0.9748934856908558,0.9999960610198636,1.006524193857659,7.53e-5,-0.0024147,0.30699740934381203,0.5872495604379192,0.021997252827219472,0.14886391545417363,0.7211056052521824
0.44793081817941127,-0.00249,4.58794828771005,2.6100540924417146,-329.4875458658889,-301.0195278121095,1.0011382820260022,0.9995350607874742,1.0111038798166212,1.0242549850826006,1.0057684830466898,1.0004076753510907,0.9840706090624386,1.0001397330710955,1.007307605612339,7.53e-5,-0.0024147,0.30699740934381203,0.5872495604379192,0.02198873826165607,0.14883488730644662,0.7332344060021488
0.46000780826938065,-0.00249,4.617929693632508,1.931023473788855,-329.23327279405476,-300.6800125027831,1.0059835865084823,0.9999847070001587,1.0066287209985378,1.0225017558382044,1.0054281126331364,1.000290169657339,0.9913194611861255,1.0002809249429292,1.0079080563008778,7.53e-5,-0.0024147,0.30699740934381203,0.5872495604379192,0.02197754478675935,0.14879671776970368,0.7453632067521153
0.4721083298600184,-0.00249,4.650460784546638,2.1840105205716327,-329.36247574324096,-300.8065060261745,1.0102163942599476,1.000372787179993,1.0022639310349744,1.0207375649365478,1.0050940212098722,1.0001705643925007,0.9967759183816451,1.000407407015433,1.008349900522985,7.53e-5,-0.0024147,0.30699740934381203,0.5872495604379192,0.021963264619637633,0.14874800887517056,0.7574920075020818
0.48422526297566015,-0.00249,4.683481536990461,2.8396342670039303,-329.65727642257593,-301.1343178993906,1.013565956115639,1.000677715642356,0.997966965461823,1.018952440340111,1.0047540031153752,1.0000491855120401,1.0005035120505172,1.0005150226624406,1.0086013924920956,7.53e-5,-0.0024147,0.30699740934381203,0.5872495604379192,0.02194512820005689,0.14868612418822344,0.7696208082520483
0.49635147798406076,-0.00249,4.715104893023455,3.396243017655138,-329.90647459890437,-301.4126222747162,1.0157864325835892,1.0008672249949628,0.9936809396615731,1.0171212202736166,1.004413477133887,0.9999203986972436,1.0026741915866837,1.0005956856446765,1.0086917771014154,7.53e-5,-0.0024147,0.30699740934381203,0.5872495604379192,0.021923290065372462,0.14861157540949269,0.7817496090020147
0.5084798397914873,-0.00249,4.742921727788667,3.4782789636434472,-329.94979316099733,-301.4536402477104,1.0167109820002052,1.00092758661303,0.9893430668784539,1.0152110370941285,1.004056474618567,0.9997874970711478,1.0033520984788098,1.0006474353804737,1.008604746878433,7.53e-5,-0.0024147,0.30699740934381203,0.5872495604379192,0.021898239439358414,0.14852601544462296,0.7938784097519812
0.5206032120410252,-0.00249,4.765524610121957,2.941339422462306,-329.7245681073805,-301.1851704771198,1.0162779226717198,1.0008509169671647,0.9848977830580765,1.0131938660734279,1.003679862549622,0.9996483296216113,1.0025924306113982,1.0006677551391,1.0083502663761945,7.53e-5,-0.0024147,0.30699740934381203,0.5872495604379192,0.021871506145216064,0.14843465556890917,0.8060072105019476
0.5327144613116285,-0.00249,4.782046756703387,1.9193017717466319,-329.28756087876747,-300.674151651762,1.0145641060634056,1.0006456399417947,0.980314828684995,1.0110519588716684,1.0032803141263906,0.9995021915845795,1.0003677945268643,1.0006558148085631,1.0079292987951283,7.53e-5,-0.0024147,0.30699740934381203,0.5872495604379192,0.02184488717298201,0.14834363213134483,0.818136011251914
0.5448064613154395,-0.00249,4.7919044923297225,0.7758396935673773,-328.79383670995156,-300.10242061267235,1.011750978808295,1.0003324215475546,0.9755770791732679,1.008776246286461,1.0028544786516052,0.9993502547027712,0.9965912983003675,1.000612514647684,1.0073374255891447,7.53e-5,-0.0024147,0.30699740934381203,0.5872495604379192,0.02181987188783354,0.1482580430623849,0.8302648120018805
0.5568720970909158,-0.00249,4.794652986273197,0.0,-328.4497624732757,-299.71450076588866,1.0080873104619328,0.9999375480198818,0.9706968485381927,1.0063699656971412,1.002403609649132,0.999192603782015,0.9911571208712835,1.0005412076609352,1.0065711993857644,7.53e-5,-0.0024147,0.30699740934381203,0.5872495604379192,0.02179741472576077,0.1481811656677763,0.842393612751847
0.5689042691892888,-0.00249,4.789876280808077,0.10887573782861182,-328.4696260759421,-299.76893863480296,1.003850217322636,0.9994899439401616,0.9656950449240821,1.003848281613409,1.0019301426675578,0.9990309832274096,0.9839631403795018,1.000447883099415,1.0056309392938647,7.53e-5,-0.0024147,0.30699740934381203,0.5872495604379192,0.02177803113974675,0.14811477887862165,0.8545224135018135
0.580895897851898,-0.00249,4.777205409989895,1.5835212097284739,-329.04729591273644,-300.5062613707529,0.9993093220551087,0.999016582567053,0.9605979532480021,1.0012275394705046,1.0014384943190222,0.9988654452493695,0.9749280530279317,1.0003403798808188,1.0045179507483875,7.53e-5,-0.0024147,0.30699740934381203,0.5872495604379192,0.02176184760590557,0.14805932980944478,0.8666512142517799
0.5928399271759361,-0.00249,4.756170678078458,4.833651568413529,-330.34036883161895,-302.1313265500954,0.9947084628974655,0.9985422233309471,0.9554391107796856,0.9985296157836209,1.0009330260349374,0.998697418549323,0.9640137004583486,1.0002268820493736,1.0032418447958749,7.53e-5,-0.0024147,0.30699740934381203,0.5872495604379192,0.02174879619705523,0.14801459754331658,0.8787800150017464
0.6047293292661603,-0.00249,4.7264168162533995,10.180704532200934,-332.4616958353492,-304.8048530319891,0.9902583390767351,0.9980885327473783,0.9502602234377657,0.9957804441538219,1.0004174157808554,0.9985300147181543,0.9512066789888824,1.0001138829599863,1.001820191470859,7.53e-5,-0.0024147,0.30699740934381203,0.5872495604379192,0.021738698012375893,0.1479799781218668,0.8909088157517129
0.6165571083701215,-0.00249,4.6876062769771645,17.85186715767327,-335.47671744846264,-308.6404343447253,0.9861348661348622,0.9976707378259955,0.9450549347823954,0.9930122669817014,0.9999105856895547,0.9983520471702947,0.9365505197354398,1.0000083909746396,1.0002576086241644,7.53e-5,-0.0024147,0.30699740934381203,0.5872495604379192,0.021731290789416526,0.14795457907627402,0.9030376165016794
0.6283163049944824,-0.00249,4.639448378108755,27.980682244410218,-339.40336406306227,-313.70484188809377,0.9824696123706892,0.9973025107137204,0.9398977689630064,0.9902530678467161,0.9994120204304228,0.998171303077628,0.9201075489559565,0.9999140462268231,0.9985878371354021,7.53e-5,-0.0024147,0.30699740934381203,0.5872495604379192,0.021726268895588347,0.14793735681302297,0.9151664172516458
0.6400000000000001,-0.00249,4.582469604343208,40.61219955666729,-344.21489035214097,-320.0206005442223,0.9793481826899967,0.9969917577670461,0.9348260617472809,0.98753714800184,0.9989322131869209,0.9979856827630432,0.9019824357707718,0.9998337060555965,0.9968324395068462,7.53e-5,-0.0024147,0.30699740934381203,0.5872495604379192,0.021723306560057054,0.14792719676041446,0.9272952180016123
0.4,-0.00247,4.479919737919371,25.48940216051915,-338.1853794122728,-312.45920184614823,0.9752908772207332,0.9970922631686852,1.029964092241312,1.031121666672591,1.0070956797111201,1.0008747190635714,0.9295797005778962,0.9994837552087555,1.0026907164091838,7.53e-5,-0.0023947,0.30699740934381203,0.5872495604379192,0.02201066986352845,0.14890964613002516,0.684719203002283
0.41191200390332305,-0.00247,4.49177662643644,16.57098835447357,-334.75549236535363,-307.99999494312544,0.979859594541802,0.997491069851152,1.0249556498823384,1.0293908684976663,1.0067572284069817,1.0007590633618786,0.9445712420958956,0.9995919707104498,1.003871848333102,7.53e-5,-0.0023947,0.30699740934381203,0.5872495604379192,0.02200556062002973,0.14889223337240806,0.6968480037522494
0.4238758389929187,-0.00247,4.507065887374836,10.0342197038334,-332.23353872656264,-304.73161061780536,0.9847443171512146,0.9979245466929387,1.0200704837580126,1.0276394183672115,1.0064155164138653,1.000642499227538,0.9576334160950126,0.9997124792232972,1.0049329470710753,7.53e-5,-0.0023947,0.30699740934381203,0.5872495604379192,0.021999797853383265,0.1488725909781935,0.7089768045022159
0.4358844657197842,-0.00247,4.5261518268331535,5.657563246228733,-330.55737846578535,-302.543282389003,0.9897713733436342,0.9983756312832099,1.0153020310808243,1.0258719948926247,1.0060715973778345,1.0005256587526397,0.9687346614869428,0.999840690398663,1.0058539245149671,7.53e-5,-0.0023947,0.30699740934381203,0.5872495604379192,0.02199281524933735,0.14884878739746094,0.7211056052521824
0.44793081817941127,-0.00247,4.549026710960689,3.128222867558293,-329.61791440333485,-301.2786121996678,0.9947227897713532,0.9988241881186608,1.0106488799310818,1.0240928406723757,1.005725508057137,1.0004088283903,0.9778877028040884,0.9999710083698132,1.0066178499772358,7.53e-5,-0.0023947,0.30699740934381203,0.5872495604379192,0.021983968032493178,0.14881862207711427,0.7332344060021488
0.46000780826938065,-0.00247,4.5752621249378675,2.048178103218447,-329.26218915855003,-300.7385898174979,0.9993586873599559,0.999245245591696,1.006108390656815,1.0223043513260015,1.0053790496567818,1.000291416862888,0.9851432939837781,1.0000960368030993,1.0072147883576035,7.53e-5,-0.0023947,0.30699740934381203,0.5872495604379192,0.021972624707884723,0.14877993738815626,0.7453632067521153
0.4721083298600184,-0.00247,4.603494176576312,1.9501631408469393,-329.3011594840318,-300.6895823363121,1.003425344588651,0.9996150924120114,1.0016708418659785,1.020507272344506,1.0050302382368246,1.0001735197252544,0.9905883487669043,1.0002098837291884,1.00763624133241,7.53e-5,-0.0023947,0.30699740934381203,0.5872495604379192,0.02195813937559059,0.14873052316430035,0.7574920075020818
0.48422526297566015,-0.00247,4.632939620923004,2.3306503136685706,-329.5244366203771,-300.87982592272294,1.0066510276147451,0.9999006903767413,0.9972790532261742,1.0186760135024948,1.004682020763819,1.000050852609304,0.994340843095369,1.0003036073441092,1.0078897346467253,7.53e-5,-0.0023947,0.30699740934381203,0.5872495604379192,0.02194009906288635,0.14866895945177233,0.7696208082520483
0.49635147798406076,-0.00247,4.660614977786319,2.7116064976275993,-329.7282144247757,-301.07030401470246,1.008795961060646,1.0000792606981204,0.9929109606475897,1.0167969304800344,1.0043258206260177,0.9999250214607577,0.996506587176044,1.0003738664838042,1.0079741327543235,7.53e-5,-0.0023947,0.30699740934381203,0.5872495604379192,0.021918411425437583,0.14859491625067192,0.7817496090020147
0.5084798397914873,-0.00247,4.684842963510097,2.7345303355523356,-329.75717552160717,-301.0817659336648,1.0097027293863234,1.000136251864792,0.9884917433744496,1.0148460126329995,1.003955489914416,0.9997948174448181,0.9971924737938335,1.0004201097354617,1.0078883446898943,7.53e-5,-0.0023947,0.30699740934381203,0.5872495604379192,0.02189374752570178,0.14851066833631368,0.7938784097519812
0.5206032120410252,-0.00247,4.704058843229971,2.260572097136219,-329.55044338170313,-300.84478681445677,1.0093094178038708,1.0000623620460585,0.9839944348900875,1.012794505534528,1.0035699010413421,0.9996566569121608,0.996449230797191,1.0004400110903207,1.007641583705912,7.53e-5,-0.0023947,0.30699740934381203,0.5872495604379192,0.021867558904227043,0.14842116141984124,0.8060072105019476
0.5327144613116285,-0.00247,4.717158777733905,1.4158114467213636,-329.16251631547067,-300.42240648924934,1.0076941527587742,0.9998688161065751,0.9793719433197374,1.0106246068439915,1.0031618785411032,0.9995122446833238,0.9942361423724138,1.000433617920681,1.0072283991041553,7.53e-5,-0.0023947,0.30699740934381203,0.5872495604379192,0.021841533887050277,0.14833216174307584,0.818136011251914
0.5448064613154395,-0.00247,4.723334582295967,0.5457451528912998,-328.743049017579,-299.9873733423343,1.0050376033770303,0.9995751392839765,0.9746104243457886,1.0083295161905081,1.0027300396770664,0.9993617986427149,0.99047336690614,1.0004004962230295,1.0066471615195318,7.53e-5,-0.0023947,0.30699740934381203,0.5872495604379192,0.02181713265025316,0.14824866792768532,0.8302648120018805
0.5568720970909158,-0.00247,4.721866239047279,0.11577840748975632,-328.4916854671078,-299.77238996963354,1.001583855803039,0.9992058730908977,0.9697209282990331,1.005910512444273,1.0022758024643232,0.9992047532551337,0.9850574793758973,1.000342067174814,1.005893061792966,7.53e-5,-0.0023947,0.30699740934381203,0.5872495604379192,0.021795246802332174,0.14817374218672025,0.842393612751847
0.5689042691892888,-0.00247,4.712009013986408,0.6176842802921101,-328.6155956704318,-300.0233429060347,0.9975975371124589,0.9987892113377179,0.9647258952392049,1.0033882376162482,1.001801443538358,0.99904435982924,0.9778905035477901,1.0002638941755797,1.0049655834219549,7.53e-5,-0.0023947,0.30699740934381203,0.5872495604379192,0.021776440802294208,0.14810933085439534,0.8545224135018135
0.580895897851898,-0.00247,4.69323002377526,2.5077673658233834,-329.3013271234075,-300.96838444880035,0.9933271292524509,0.9983469784232514,0.9596475407347232,1.000767754390204,1.0013131862882156,0.998875963371598,0.9689084012390528,1.000171036236591,1.0038699961647044,7.53e-5,-0.0023947,0.30699740934381203,0.5872495604379192,0.02176067230664034,0.14805530213813262,0.8666512142517799
0.5928399271759361,-0.00247,4.665035490862506,6.173385466755235,-330.6996222919878,-302.8011934992663,0.9890079402950795,0.997905468408735,0.9545299424589037,0.9980856647084885,1.0008173668607263,0.9987026277008598,0.9580674520533515,1.000071362812448,1.0026089533697584,7.53e-5,-0.0023947,0.30699740934381203,0.5872495604379192,0.021748062994917227,0.14801208418447617,0.8787800150017464
0.6047293292661603,-0.00247,4.627145453541132,11.917287094780363,-332.91749622135006,-305.67314431327884,0.9848473697662538,0.9974852133308666,0.9494164523273524,0.995373663481096,1.0003198451084823,0.9985267454961924,0.9453531726917964,0.9999720237985495,1.0012001868709677,7.53e-5,-0.0023947,0.30699740934381203,0.5872495604379192,0.02173850376358626,0.14797931210523801,0.8909088157517129
0.6165571083701215,-0.00247,4.579418897926008,19.95199025069553,-336.015917622863,-309.6904958912364,0.9810107646897367,0.9971015640932024,0.9443332056950424,0.9926591733894826,0.9998316947423622,0.9983438972004985,0.9308069565404347,0.9998787686012697,0.9996541682262596,7.53e-5,-0.0023947,0.30699740934381203,0.5872495604379192,0.021731698864866367,0.14795597845941041,0.9030376165016794
0.6283163049944824,-0.00247,4.523339182761877,30.40042309677051,-340.0092149764085,-314.9147123142739,0.9776162530726169,0.9967642783980806,0.9393527853792569,0.98998051146675,0.9993662762247844,0.9981501372767775,0.9144963281287263,0.9997952419676057,0.9979968530278543,7.53e-5,-0.0023947,0.30699740934381203,0.5872495604379192,0.021727468747732924,0.1479414718060399,0.9151664172516458
0.6400000000000001,-0.00247,4.461175693375694,43.301017968041606,-344.8677072733007,-321.36500974990946,0.9747452609708998,0.9964831942867676,0.9344965813127958,0.9873787403311922,0.9989277589091001,0.9979513827152021,0.8965082360124749,0.9997258436975106,0.9962475521337385,7.53e-5,-0.0023947,0.30699740934381203,0.5872495604379192,0.021725504174580076,0.14793473408056343,0.9272952180016123
0.4,-0.00245,4.452789470955575,28.19012983855339,-338.8576007330745,-313.80956568516535,0.9698794413077141,0.9965072945234461,1.0296445029086394,1.031041687381709,1.0070698679334642,1.0008751548935402,0.9233836861639513,0.9993672878485383,1.0020871990982108,7.53e-5,-0.0023747,0.30699740934381203,0.5872495604379192,0.02200753420860995,0.1488989597725378,0.684719203002283
0.41191200390332305,-0.00245,4.4625171308180756,18.9159146401729,-335.35787037575363,-309.1724580859751,0.9742026895331758,0.9968757155703081,1.0246495461617051,1.0293046104995958,1.0067327577022267,1.000759675124653,0.9383020768356808,0.999464442824099,1.0032393921402043,7.53e-5,-0.0023747,0.30699740934381203,0.5872495604379192,0.02200215694060338,0.14888063223264061,0.6968480037522494
0.4238758389929187,-0.00245,4.475229530549812,11.99191575822283,-332.75143109754043,-305.7104586450001,0.9788407269981567,0.9972788973911031,1.0197394660988992,1.0275382309722816,1.0063891052399334,1.000642533437105,0.9513078228962326,0.9995736534986113,1.004272560514713,7.53e-5,-0.0023747,0.30699740934381203,0.5872495604379192,0.02199605205958637,0.14885982208881193,0.7089768045022159
0.4358844657197842,-0.00245,4.4912356101327084,7.211190362462048,-330.98088789332087,-303.3200959471197,0.9836272470041894,0.9977010144113984,1.0149358062643556,1.0257515598391953,1.0060409037429374,1.000525117285215,0.9623721164139211,0.999690019195581,1.0051688032381696,7.53e-5,-0.0023747,0.30699740934381203,0.5872495604379192,0.021988741028326358,0.14883489673956563,0.7211056052521824
0.44793081817941127,-0.00245,4.510549449392879,4.279022376614307,-329.94275582423757,-301.8540119541958,0.988360748263902,0.9981216828338094,1.0102388668461995,1.0239493771910564,1.0056899075771368,1.0004075819034075,0.9715017347419539,0.9998075136501375,1.0059127464035917,7.53e-5,-0.0023747,0.30699740934381203,0.5872495604379192,0.02197964383703169,0.14880387621496008,0.7332344060021488
0.46000780826938065,-0.00245,4.532760001380436,2.8189388187851137,-329.49098583678295,-301.1239701752812,0.9927981902308437,0.9985182854753875,1.0056361562384486,1.0221305669670968,1.0053354162631696,1.0002899708671877,0.9787496673935236,0.9999196516650377,1.006493387004132,7.53e-5,-0.0023747,0.30699740934381203,0.5872495604379192,0.021968097826360306,0.1487644964200396,0.7453632067521153
0.4721083298600184,-0.00245,4.557059686158476,2.387742279819463,-329.4438877953629,-300.9083719057984,0.996693249360349,0.9988635119114129,1.0011225107791866,1.0202936204726865,1.0049797909586264,1.0001710136392323,0.9841983659315288,1.0000189058117148,1.0069082418966968,7.53e-5,-0.0023747,0.30699740934381203,0.5872495604379192,0.021953573650556144,0.14871494467509924,0.7574920075020818
0.48422526297566015,-0.00245,4.5815888773260305,2.50693136585096,-329.5991934200855,-300.96796644881414,0.9997931439038787,0.9991346854913652,0.9966690060943054,1.018431151343002,1.0046180438099264,1.000051169136017,0.9879599169938426,1.0001015494208296,1.0071519209380684,7.53e-5,-0.0023747,0.30699740934381203,0.5872495604379192,0.021935587147515596,0.1486535583865842,0.7696208082520483
0.49635147798406076,-0.00245,4.6050985947152245,2.7212794156654354,-329.7598214031233,-301.0751404737214,1.001864710546771,0.9993029194865471,0.9922113918791573,1.016511628145046,1.004250490583599,0.9999259175257422,0.9901435689494046,1.00016264541773,1.0072316327290058,7.53e-5,-0.0023747,0.30699740934381203,0.5872495604379192,0.02191411920093092,0.14858025803384067,0.7817496090020147
0.5084798397914873,-0.00245,4.625192066088866,2.6883996623481607,-329.7756168179766,-301.05870059706274,1.0027551954297427,0.9993548425965696,0.9877297169303073,1.014520970897141,1.0038713431161042,0.9997954941500686,0.9908500966565648,1.0002032138202142,1.0071482885451666,7.53e-5,-0.0023747,0.30699740934381203,0.5872495604379192,0.021889859918473937,0.14849738466369453,0.7938784097519812
0.5206032120410252,-0.00245,4.640339256888647,2.2742783579238903,-329.5871335682368,-300.8516399448506,1.002409022310461,0.9992857046294639,0.9831677979661669,1.0124365964637998,1.003475991280031,0.9996588626720768,0.9901197909912761,1.0002234733506576,1.006905055159873,7.53e-5,-0.0023747,0.30699740934381203,0.5872495604379192,0.02186418126929638,0.14840961359670268,0.8060072105019476
0.5327144613116285,-0.00245,4.64956763627071,1.5969779350645013,-329.24645035643886,-300.5129897334209,1.0008983989894902,0.9991030094996596,0.9785103681525738,1.0102374416262103,1.0030614590331093,0.9995143991122988,0.9879182231652697,1.0002219381060176,1.0065001584353106,7.53e-5,-0.0023747,0.30699740934381203,0.5872495604379192,0.021838698785403107,0.14832246320575376,0.818136011251914
0.5448064613154395,-0.00245,4.651327636332621,0.9844357034551194,-328.89812032114173,-300.2067186176162,0.9984109353717737,0.9988302038231721,0.9737384857660653,1.0079305586829737,1.002626058533098,0.9993648434140536,0.9841660179850914,1.0001990635186215,1.0059261782551014,7.53e-5,-0.0023747,0.30699740934381203,0.5872495604379192,0.021814959267380297,0.14824122904075362,0.8302648120018805
0.5568720970909158,-0.00245,4.6452367640193,0.8795984433774038,-328.73528974483304,-300.15429998757736,0.995169469426356,0.9984858509633244,0.9688550602771481,1.0055050145120208,1.002172063206672,0.9992064162640689,0.9787719763488233,1.0001532480232338,1.0051827753885265,7.53e-5,-0.0023747,0.30699740934381203,0.5872495604379192,0.021793676952254166,0.1481683664245168,0.842393612751847
0.5689042691892888,-0.00245,4.630151504451517,1.7501835632298253,-328.9580270061936,-300.58959254750357,0.991421730810024,0.9980984366337844,0.9638803397966217,1.0029904806235146,1.0017014796932073,0.9990446140108963,0.971641255509591,1.0000885868488465,1.0042689457449325,7.53e-5,-0.0023747,0.30699740934381203,0.5872495604379192,0.02177550441360502,0.1481061229736131,0.8545224135018135
0.580895897851898,-0.00245,4.605577276278857,4.029172133925499,-329.7456658638001,-301.7290868328514,0.9874143964314183,0.9976886083702133,0.9588407453405362,1.0003910178004543,1.00122171674555,0.9988734518529899,0.9627087607417965,1.000009798217402,1.0031842973914182,7.53e-5,-0.0023747,0.30699740934381203,0.5872495604379192,0.021760362982585844,0.14805424208778278,0.8666512142517799
0.5928399271759361,-0.00245,4.57118677791877,8.082914190831616,-331.24246331738215,-303.75595786130447,0.9833747304686906,0.9972775960304254,0.9538325584715384,0.9977428583590678,1.0007430748138144,0.9986916197301595,0.9519383113715977,0.9999228587205269,1.0019357278123873,7.53e-5,-0.0023747,0.30699740934381203,0.5872495604379192,0.02174838121376689,0.14801317501856948,0.8787800150017464
0.6047293292661603,-0.00245,4.527308345998228,14.19639152406819,-333.5495543798505,-306.81269652792275,0.9794894435552114,0.9968896043377908,0.9488419200023768,0.995090881708166,1.0002697343752136,0.9985067274113203,0.9393127676719916,0.9998361411709186,1.0005371593027208,7.53e-5,-0.0023747,0.30699740934381203,0.5872495604379192,0.02173958546754156,0.14798302088321208,0.8909088157517129
0.6165571083701215,-0.00245,4.4753122708097735,22.568159753244913,-336.72288603535,-310.9985806425111,0.9759208181479636,0.9965378633055931,0.9439206984524043,0.9924649580830742,0.9998129986494702,0.9983146234681728,0.9248645842551088,0.999755152492931,0.9990038171770028,7.53e-5,-0.0023747,0.30699740934381203,0.5872495604379192,0.021733696894000794,0.1479628299683841,0.9030376165016794
0.6283163049944824,-0.00245,4.417458731399594,33.31120712369227,-340.77290640617093,-316.3701043277348,0.9727760626737691,0.9962305718014035,0.939139628440314,0.9898931272597811,0.9993829313465706,0.9981119337935728,0.9086632438760214,0.9996829989029924,0.997353822222125,7.53e-5,-0.0023747,0.30699740934381203,0.5872495604379192,0.02173043054698487,0.14795162906806528,0.9151664172516458
0.6400000000000001,-0.00245,4.357016135966728,46.45772079219694,-345.66640638766023,-322.9433611619871,0.9701253223077573,0.9959751813115542,0.9344897314758024,0.9874015783594682,0.9989824759950622,0.997902145672506,0.8907913211763382,0.999623045228421,0.9956190516886764,7.53e-5,-0.0023747,0.30699740934381203,0.5872495604379192,0.021729382226033683,0.14794803400963263,0.9272952180016123
0.4,-0.00243,4.426201831069852,31.429763605762673,-339.69642363252075,-315.42938256877,0.9645131593541992,0.9959274418007165,1.0293855902042839,1.0309698150457653,1.0070547991382388,1.0008752815391555,0.916996069727825,0.9992505652616789,1.0014823884878612,7.53e-5,-0.0023547,0.30699740934381203,0.5872495604379192,0.02200485986243332,0.14888984497392316,0.684719203002283
0.41191200390332305,-0.00243,4.433724870824428,21.823578149250125,-336.1346207437805,-310.6262898405137,0.9686013896017369,0.9962689123563481,1.0243441229226444,1.0292217655634526,1.006711629418378,1.0007589372310548,0.9318212915027948,0.9993404994630546,1.0025967910373095,7.53e-5,-0.0023547,0.30699740934381203,0.5872495604379192,0.021999011384168644,0.148869910102307,0.6968480037522494
0.4238758389929187,-0.00243,4.443947065386151,14.536146622125898,-333.4508314059719,-306.9825740769516,0.9729956916669997,0.9966433480680207,1.0194292866952173,1.027447325553359,1.0063660140604167,1.0006412734531336,0.9447725375020624,0.9994394242129202,1.0035997905581417,7.53e-5,-0.0023547,0.30699740934381203,0.5872495604379192,0.021992612835197368,0.1488480973159477,0.7089768045022159
0.4358844657197842,-0.00243,4.456958612114988,9.374686586426265,-331.5921480959368,-304.4018440591018,0.9775442075300392,0.9970363853949095,1.0146009714361268,1.025646908700739,1.006015331242229,1.0005229097211128,0.9557985122484687,0.9995446872968656,1.0044701345204043,7.53e-5,-0.0023547,0.30699740934381203,0.5872495604379192,0.021985038979225508,0.14882227387451633,0.7211056052521824
0.44793081817941127,-0.00243,4.47280771354435,6.0621833541670185,-330.4612606173927,-302.74559244297217,0.9820525261621766,0.9974292551401901,1.0098705638849852,1.0238233551852756,1.0056605277839594,1.0004044236120622,0.9649094562395593,0.9996500124993485,1.005192863855403,7.53e-5,-0.0023547,0.30699740934381203,0.5872495604379192,0.021975737362970302,0.14879055359800583,0.7332344060021488
0.46000780826938065,-0.00243,4.49108260311536,4.24284063344146,-329.9188002786381,-301.8359210826094,0.9862970115722332,0.9978003957769374,1.005224450109378,1.0219805947219576,1.0053014897299024,1.000285695548204,0.9721513752260976,0.9997497793981795,1.0057574647224687,7.53e-5,-0.0023547,0.30699740934381203,0.5872495604379192,0.021964094171033798,0.14875083885450094,0.7453632067521153
0.4721083298600184,-0.00243,4.510997151399424,3.496427634642373,-329.7903345975836,-301.46271458320984,0.9900310628287713,0.9981243305893398,1.000650831262474,1.020113527535859,1.0049387669582421,1.0001659285773945,0.9776040300541713,0.9998372572375135,1.0061591770188452,7.53e-5,-0.0023547,0.30699740934381203,0.5872495604379192,0.021949548912291585,0.1487012107473535,0.7574920075020818
0.48422526297566015,-0.00243,4.531190427059998,3.3682914451912893,-329.8810678594919,-301.3986464884843,0.9930086197531708,0.9983765421304155,0.9961242262006816,1.0182117713458614,1.0045703621505486,1.0000441781044516,0.9813767220940601,0.9999082436893676,1.0063965116287885,7.53e-5,-0.0023547,0.30699740934381203,0.5872495604379192,0.02193167584568869,0.14864020621509977,0.7696208082520483
0.49635147798406076,-0.00243,4.549927720255387,3.4249582399128258,-330.0010377732168,-301.42697988584507,0.9950126837680424,0.998534151280512,0.9916136608019456,1.0162588592727724,1.0041940602790553,0.9999188110485493,0.9835814311215474,0.9999610324884475,1.0064714867314133,7.53e-5,-0.0023547,0.30699740934381203,0.5872495604379192,0.021910472878612187,0.1485678045111187,0.7817496090020147
0.5084798397914873,-0.00243,4.5654696578881655,3.3393428418171425,-330.00483254878986,-301.38417218679723,0.9958885707842589,0.9985820429021499,0.9870758064531796,1.0142363566826398,1.0038066892113275,0.999788321783778,0.9843069112693629,0.9999969427653227,1.0063876150535838,7.53e-5,-0.0023547,0.30699740934381203,0.5872495604379192,0.021886612085391433,0.14848628616888257,0.7938784097519812
0.5206032120410252,-0.00243,4.576021661402588,2.981545563943655,-329.8344848873869,-301.2052735478605,0.9955894658038194,0.9985194620418704,0.9824775665712246,1.0121320137407386,1.0034037959294835,0.9996534929500449,0.9835929568872505,1.0000184088077189,1.0061453934996438,7.53e-5,-0.0023547,0.30699740934381203,0.5872495604379192,0.02186150761861012,0.14840047201258505,0.8060072105019476
0.5327144613116285,-0.00243,4.580757588109009,2.461492102224611,-329.53932609400823,-300.94524681700096,0.9941922275727427,0.9983500214130165,0.9777881748137933,1.0099148025966436,1.0029852302636504,0.9995086428430793,0.9814041823226626,1.000022401218404,1.0057441867705548,7.53e-5,-0.0023547,0.30699740934381203,0.5872495604379192,0.021836630185487718,0.14831538638909467,0.818136011251914
0.5448064613154395,-0.00243,4.578431301562568,2.0901852142362713,-329.2588489016168,-300.7595933730068,0.991858603640746,0.9980974140141528,0.9729891098242487,1.007600389406408,1.0025481176562512,0.9993591385855835,0.9776663097491166,1.0000089284483984,1.0051789170934304,7.53e-5,-0.0023547,0.30699740934381203,0.5872495604379192,0.021813560736827397,0.1482364420668852,0.8302648120018805
0.5568720970909158,-0.00243,4.567622256548084,2.2894022051216325,-329.1799815074411,-300.8592018684495,0.9888203434183557,0.9977782884112638,0.9681186536249138,1.0051779648289458,1.002096872489067,0.9991991854032206,0.9722963776038994,0.9999744181305125,1.004443401398145,7.53e-5,-0.0023547,0.30699740934381203,0.5872495604379192,0.021792958960717142,0.1481659076860291,0.842393612751847
0.5689042691892888,-0.00243,4.547662014737844,3.5044283617902465,-329.49586935329125,-301.4667149467838,0.9853095314473317,0.9974175423407117,0.9632075782121909,1.0026744686416877,1.0016353791288786,0.9990314626128483,0.9652024122689133,0.9999216329347577,1.0035364974052299,7.53e-5,-0.0023547,0.30699740934381203,0.5872495604379192,0.021775405623562605,0.14810578453470985,0.8545224135018135
0.580895897851898,-0.00243,4.518673157894069,6.146395618294491,-330.3788913326019,-302.7876985750359,0.9815629176517343,0.9970362945399918,0.9582944273339482,1.000114254960412,1.0011732628233763,0.9988526154310989,0.9563141360580938,0.9998548414804017,1.0024593884557425,7.53e-5,-0.0023547,0.30699740934381203,0.5872495604379192,0.021761063291228403,0.14805664202774976,0.8666512142517799
0.5928399271759361,-0.00243,4.480451222823474,10.561794506794058,-331.96675310879584,-304.9953980192857,0.977787090083218,0.9966580696309612,0.9533993861941498,0.9975327689658967,1.0007159679735445,0.9986664143189066,0.9455998129148202,0.9997809452344799,1.0012213880483802,7.53e-5,-0.0023547,0.30699740934381203,0.5872495604379192,0.021750026721872078,0.1480188155918025,0.8787800150017464
0.6047293292661603,-0.00243,4.434150592011129,17.01876930366791,-334.35486171493994,-308.2238854177226,0.9741643977111646,0.9963017579731792,0.9485361833914836,0.9949545520266493,1.000267973474003,0.9984746564687795,0.9330516768753951,0.9997067982394877,0.9998338880208917,7.53e-5,-0.0023547,0.30699740934381203,0.5872495604379192,0.021742090164131127,0.14799160825030966,0.8909088157517129
0.6165571083701215,-0.00243,4.38198855022967,25.702621339773145,-337.593604476336,-312.56581143577523,0.9708390379987999,0.9959787262186732,0.9437801644069491,0.9924157638562855,0.9998413183181126,0.998273987115331,0.918695481941885,0.9996369891848387,0.998311028237884,7.53e-5,-0.0023547,0.30699740934381203,0.5872495604379192,0.021737053873185374,0.14797434080543112,0.9030376165016794
0.6283163049944824,-0.00243,4.326668925604149,36.71668720593118,-341.68912519542044,-318.07284436885425,0.9679246022880166,0.9956982909111218,0.9391729898819541,0.9899386027888658,0.9994418306103905,0.9980640531788764,0.9025844217666988,0.9995746392583206,0.9966797286843022,7.53e-5,-0.0023547,0.30699740934381203,0.5872495604379192,0.021734611125265674,0.1479659648869062,0.9151664172516458
0.6400000000000001,-0.00243,4.270357816169091,50.08702059936229,-346.60775336149595,-324.7580110655698,0.9654953006508133,0.9954696620568863,0.9346677248348335,0.9875365519850279,0.99906514009952,0.9978522256637891,0.8848202426045565,0.9995243861080151,0.9949678420958855,7.53e-5,-0.0023547,0.30699740934381203,0.5872495604379192,0.021734161641889717,0.14796442360687195,0.9272952180016123
0.4,-0.00241,4.40001751750135,35.20728104077432,-340.7010461081352,-317.3181412862758,0.9592126795372871,0.9953589852037865,1.0291158399522256,1.03090545409984,1.0070387446436972,1.0008740589828868,0.9103891486025515,0.9991391247126818,1.000863765680831,7.53e-5,-0.0023347,0.30699740934381203,0.5872495604379192,0.022002338704342202,0.14888125178040965,0.684719203002283
0.41191200390332305,-0.00241,4.405584402753016,25.29314599953898,-337.08474109899066,-312.36107376565815,0.963058761594589,0.9956714890545374,1.0240866924478351,1.0291531087375745,1.006696210131241,1.0007571072295889,0.9251412298810381,0.999220013414798,1.0019451302125837,7.53e-5,-0.0023347,0.30699740934381203,0.5872495604379192,0.021996234743307936,0.14886044485682756,0.6968480037522494
0.4238758389929187,-0.00241,4.413370214680524,17.66627805003975,-334.330459061437,-308.54763979090853,0.9672165142522323,0.9960171251916357,1.0191537792206091,1.027368578645373,1.0063485946668644,1.0006388019705412,0.9380248049748278,0.9993094341408955,1.0029172769110746,7.53e-5,-0.0023347,0.30699740934381203,0.5872495604379192,0.02198954070792739,0.14883762326813635,0.7089768045022159
0.4358844657197842,-0.00241,4.423651025875607,12.147487899592193,-332.3904195324898,-305.78824471568475,0.9715180381161176,0.996384342566596,1.0142596214079758,1.0255589760704416,1.0059924434150276,1.0005200738456914,0.9490163704543605,0.9994061570879511,1.0037658368610491,7.53e-5,-0.0023347,0.30699740934381203,0.5872495604379192,0.021981688633987223,0.14881084931744828,0.7211056052521824
0.44793081817941127,-0.00241,4.436038329782017,8.476856593738603,-331.17259661808805,-303.95292906275796,0.9758123393680579,0.9967484735316675,1.0095379334525167,1.0237177549693484,1.0056372679472967,1.0003996383954177,0.9581030253979297,0.9994993509751827,1.0044602052510723,7.53e-5,-0.0023347,0.30699740934381203,0.5872495604379192,0.021972252450205985,0.1487786676943739,0.7332344060021488
0.46000780826938065,-0.00241,4.45051952613173,6.318710310155097,-330.5445929799804,-302.8738559209662,0.9798577640532588,0.9970941061107661,1.0048588332931248,1.021854898139607,1.0052751591059772,1.0002794328746987,0.9653395829351228,0.9995877979699457,1.0050066045815664,7.53e-5,-0.0023347,0.30699740934381203,0.5872495604379192,0.02196056225298419,0.1487387895038647,0.7453632067521153
0.4721083298600184,-0.00241,4.4661513745924255,5.2749877160641745,-330.3395218803015,-302.35199462392075,0.9834290570044146,0.9973963610918521,1.0002441401588655,1.0199616710721353,1.0049074716597404,1.0001581962592692,0.9708013789009655,0.9996644614376269,1.0053934400660978,7.53e-5,-0.0023347,0.30699740934381203,0.5872495604379192,0.021946057627235435,0.14868929616651072,0.7574920075020818
0.48422526297566015,-0.00241,4.481759349060854,4.913765426566215,-330.3696313503995,-302.17138347917177,0.9862880889305854,0.9976311350140897,0.9956700344748238,1.0180322816916498,1.004533683673983,1.0000349593144915,0.9745898858925536,0.9997256818118266,1.0056204519440124,7.53e-5,-0.0023347,0.30699740934381203,0.5872495604379192,0.021928368039453236,0.14862891331285205,0.7696208082520483
0.49635147798406076,-0.00241,4.495790328732455,4.8221455456086915,-330.451667112754,-302.125573538693,0.9882158866810107,0.9977794006210327,0.991093114973038,1.0160613160479095,1.004151281282985,0.9999099346450524,0.9768178392533163,0.9997721967394688,1.0056912467461445,7.53e-5,-0.0023347,0.30699740934381203,0.5872495604379192,0.021907548654050042,0.14855781648402216,0.7817496090020147
0.5084798397914873,-0.00241,4.506656313212153,4.686998226647347,-330.4447941455004,-302.05799987921233,0.9890794486686708,0.9978231485408725,0.9865080868436794,1.0140118907025415,1.0037584156445574,0.9997784536171942,0.97756102548736,0.9998039160301029,1.005604065754845,7.53e-5,-0.0023347,0.30699740934381203,0.5872495604379192,0.021884131348770364,0.14847780845370614,0.7938784097519812
0.5206032120410252,-0.00241,4.512900430252508,4.38159590489613,-330.291960822063,-301.9052987183367,0.9888351140634688,0.9977609218969707,0.9819010799397138,1.0118743816882936,1.0033538582675399,0.999638569742628,0.9768575132176504,0.9998237153471368,1.0053593659460844,7.53e-5,-0.0023347,0.30699740934381203,0.5872495604379192,0.021859453910595263,0.14839344972768645,0.8060072105019476
0.5327144613116285,-0.00241,4.513321724229145,4.0078280187447035,-330.04018894041104,-301.718414775261,0.9875446514534437,0.9976057522750736,0.9772099986755673,1.0096526105252477,1.0029344800763293,0.9994930896839,0.9746826842030679,0.9998330780476623,1.0049595936453455,7.53e-5,-0.0023347,0.30699740934381203,0.5872495604379192,0.021835256521953793,0.14831068681453563,0.818136011251914
0.5448064613154395,-0.00241,4.506719700899983,3.860970313031089,-329.82396694525556,-301.6449859224042,0.9853745527267067,0.997371855279582,0.9724471696237774,1.0073379743397795,1.0025014810602668,0.9993397452072887,0.9709624615773839,0.9998274202837842,1.0043975298327736,7.53e-5,-0.0023347,0.30699740934381203,0.5872495604379192,0.021812858878918588,0.14823403964919404,0.8302648120018805
0.5568720970909158,-0.00241,4.492030619518027,4.343268918995591,-329.82416107947495,-301.88613522538645,0.9825361418540051,0.9970784912586925,0.9676138377989769,1.004934755111867,1.002056920980528,0.9991779260962571,0.9656134301794048,0.9998038625290547,1.0036692601464938,7.53e-5,-0.0023347,0.30699740934381203,0.5872495604379192,0.021793077186755733,0.14816631254994708,0.842393612751847
0.5689042691892888,-0.00241,4.468905400264811,5.879113216903306,-330.22683502653706,-302.6540573743403,0.9792517720279769,0.9967459947159272,0.9627548534462566,1.0024646404196205,1.0016070084723925,0.9990071403988345,0.9585414928811673,0.9997628370003492,1.002771796571605,7.53e-5,-0.0023347,0.30699740934381203,0.5872495604379192,0.021776384285014355,0.14810913723938549,0.8545224135018135
0.580895897851898,-0.00241,4.4366078847582076,8.859064383066652,-331.1987421677344,-304.144032957422,0.9757576959293407,0.9963949590735065,0.957937997604399,0.999955597504124,1.0011624290825236,0.9988237412381873,0.9496973946929922,0.9997079426520915,1.0017038143697092,7.53e-5,-0.0023347,0.30699740934381203,0.5872495604379192,0.021762933600460232,0.1480630513450094,0.8666512142517799
0.5928399271759361,-0.00241,4.397390760192447,13.61080614268576,-332.86998253585904,-306.51990383723154,0.972232534074342,0.9960480977740882,0.9531514433341775,0.9974367951716294,1.0007242751889442,0.9986342236744683,0.9390362355394815,0.9996463226533371,1.0004760221808147,7.53e-5,-0.0023347,0.30699740934381203,0.5872495604379192,0.02175276513398541,0.14802820202571013,0.8787800150017464
0.6047293292661603,-0.00241,4.351415692140763,20.386327097068033,-335.33011125793774,-309.9076643144227,0.968854234030738,0.995720059986007,0.9484643960522914,0.9949361575457285,1.0003024795200928,0.9984354515994489,0.9265563095518291,0.9995827506706275,0.9990977844039945,7.53e-5,-0.0023347,0.30699740934381203,0.5872495604379192,0.021745682979444163,0.14800392539450052,0.8909088157517129
0.6165571083701215,-0.00241,4.3014515441225685,29.358113084872343,-338.62429061443635,-314.39355730832483,0.9657704479175925,0.995423792414013,0.9438385522908134,0.9924700483878682,0.999900488866742,0.9982280511734523,0.9122745616590575,0.9995227617280675,0.9975958066610725,7.53e-5,-0.0023347,0.30699740934381203,0.5872495604379192,0.021741355081552446,0.14798908806547711,0.9030376165016794
0.6283163049944824,-0.00241,4.249703983121742,40.620228797961886,-342.75680193894453,-320.0246151648696,0.9630887202919749,0.9951708747835915,0.9393434828394654,0.9900652295529626,0.9995204557839672,0.9980163512832435,0.8962583210167517,0.9994703451144379,0.9959881773496477,7.53e-5,-0.0023347,0.30699740934381203,0.5872495604379192,0.021739440406568694,0.14798252352598948,0.9151664172516458
0.6400000000000001,-0.00241,4.197964402935545,54.192507944036606,-347.69136743437133,-326.81075473790696,0.9608890018740788,0.9949678259544842,0.9349401075757582,0.9877222392101661,0.9991604998313343,0.9978022224338926,0.8785991209727476,0.9994281689529831,0.9943068397654554,7.53e-5,-0.0023347,0.30699740934381203,0.5872495604379192,0.021739348402087695,0.14798220807784235,0.9272952180016123
0.4,-0.0023899999999999998,4.3744165655934575,39.521013885321054,-341.87074567814807,-319.4750077085492,0.9539968345755341,0.9948007783866165,1.0288881138791401,1.0308477835022223,1.007026128823612,1.000872731673705,0.9035679532866321,0.9990306473909185,1.0002402918378868,7.53e-5,-0.0023147,0.30699740934381203,0.5872495604379192,0.022000105534419695,0.14887363977276893,0.684719203002283
0.41191200390332305,-0.0023899999999999998,4.378091981739009,29.322957242286293,-338.20649314796526,-314.3759793870318,0.9575913181346274,0.9950847201428344,1.0238441532423295,1.0290906202785917,1.0066831357944739,1.0007546181573521,0.9182376932996686,0.9991034129450301,1.001284091973088,7.53e-5,-0.0023147,0.30699740934381203,0.5872495604379192,0.021993712013052245,0.1488518446567177,0.6968480037522494
0.4238758389929187,-0.0023899999999999998,4.383623966277114,21.380677869332544,-335.38909157158,-310.40483970055493,0.9615075832026109,0.9954021598154634,1.0189040177491604,1.027299903559575,1.0063351709153945,1.0006349936092864,0.9310613421280136,0.999184320465202,1.0022231616244808,7.53e-5,-0.0023147,0.30699740934381203,0.5872495604379192,0.021986771620624138,0.14882818178570376,0.7089768045022159
0.4358844657197842,-0.0023899999999999998,4.391136787560668,15.528041819122791,-333.37400791210086,-307.47852167545005,0.9655843164906425,0.9957397665538429,1.014037142713357,1.0254817847084305,1.0059804825076892,1.0005148299515967,0.9420054629039202,0.9992703891341058,1.0030413403615712,7.53e-5,-0.0023147,0.30699740934381203,0.5872495604379192,0.021978793896725506,0.1488009776818808,0.7211056052521824
0.44793081817941127,-0.0023899999999999998,4.400526315511385,11.521542289867966,-332.07570526190307,-305.47527191082264,0.9696472097159238,0.9960798191997623,1.0092443986748418,1.02363045527443,1.0056202231209441,1.0003935543304654,0.9510779583031743,0.9993555710863677,1.0037173169495108,7.53e-5,-0.0023147,0.30699740934381203,0.5872495604379192,0.021969191476068274,0.14876822694735659,0.7332344060021488
0.46000780826938065,-0.0023899999999999998,4.411336110365044,9.044882440193078,-331.367631143455,-304.2369419859852,0.9734997693064567,0.9963999129120693,1.004559537300205,1.0217504473884023,1.0052569172413726,1.0002712253030681,0.9583093228734022,0.9994333262551808,1.0042416327060666,7.53e-5,-0.0023147,0.30699740934381203,0.5872495604379192,0.021957507577885484,0.14872836753234997,0.7453632067521153
0.4721083298600184,-0.0023899999999999998,4.422969480197455,7.721558380447618,-331.09023500655144,-303.57527995611247,0.9768993438489222,0.9966807062994584,0.9998989604474535,1.0198398602431202,1.0048859760533553,1.0001482734123919,0.9637806428771148,0.9995010472358606,1.0046137398657846,7.53e-5,-0.0023147,0.30699740934381203,0.5872495604379192,0.02194310948536896,0.14867923442908348,0.7574920075020818
0.48422526297566015,-0.0023899999999999998,4.434208063602565,7.14154688664803,-331.06351675200966,-303.2852742092127,0.9796324144734206,0.9968979908200237,0.9952930011725373,1.0178895159796515,1.0045090128722418,1.000022979322189,0.9675883116991604,0.9995538313563498,1.0048283650138092,7.53e-5,-0.0023147,0.30699740934381203,0.5872495604379192,0.021925665122550782,0.14861968489406394,0.7696208082520483
0.49635147798406076,-0.0023899999999999998,4.443762663412999,6.9112343710044115,-331.11042964041025,-303.17011795139086,0.9814827517648591,0.9970342324025868,0.9906612906432611,1.015892433196175,1.0041222398774,0.999895908170505,0.9698392342169138,0.999593798534131,1.004892202116387,7.53e-5,-0.0023147,0.30699740934381203,0.5872495604379192,0.021905172184405044,0.14854969889716696,0.7817496090020147
0.5084798397914873,-0.0023899999999999998,4.450124007263219,6.729841623599896,-331.09425121405314,-303.0794215776886,0.9823386633475056,0.9970722669919492,0.9860835905680867,1.0138239225071224,1.0037288196816192,0.9997608155073682,0.970599975012727,0.9996209642805276,1.0047959933722483,7.53e-5,-0.0023147,0.30699740934381203,0.5872495604379192,0.021882231157449285,0.1484713143870422,0.7938784097519812
0.5206032120410252,-0.0023899999999999998,4.452305166413181,6.4726947908029615,-330.95851482937115,-302.95084816129014,0.9821346399263442,0.9970177568410498,0.9814440205612345,1.0116886278164527,1.003322937635188,0.9996218115650333,0.9699145987860937,0.9996428268969416,1.0045539585491432,7.53e-5,-0.0023147,0.30699740934381203,0.5872495604379192,0.021858252369296914,0.1483893411239516,0.8060072105019476
0.5327144613116285,-0.0023899999999999998,4.448822802103123,6.233949842519564,-330.74768991308355,-302.83147568714844,0.9809569102641801,0.9968749792687461,0.9767686388856854,1.0094630945773757,1.0029065091245533,0.9994728952108405,0.9677483375197289,0.9996560223707439,1.004152528923173,7.53e-5,-0.0023147,0.30699740934381203,0.5872495604379192,0.021834704396674277,0.14830879784406542,0.818136011251914
0.5448064613154395,-0.0023899999999999998,4.43873889685114,6.29472565816684,-330.5917402290077,-302.8618635949721,0.978936504171195,0.9966631765959192,0.9719920637490641,1.0071589584038927,1.0024768193468174,0.9993189152312828,0.964045375094457,0.9996588763377027,1.0035977379836674,7.53e-5,-0.0023147,0.30699740934381203,0.5872495604379192,0.02181309060264528,0.14823483282984526,0.8302648120018805
0.5568720970909158,-0.0023899999999999998,4.421006811757409,7.039542792874954,-330.6657245231676,-303.23427216232614,0.9763102498209035,0.996391222913454,0.9672671660074132,1.004778049951725,1.0020444965363733,0.9991508241563114,0.958700961239502,0.9996429729253969,1.002867876697164,7.53e-5,-0.0023147,0.30699740934381203,0.5872495604379192,0.021794086459908595,0.148169768752325,0.842393612751847
0.5689042691892888,-0.0023899999999999998,4.395546576447987,8.87337756034924,-331.1497279556671,-304.1511895460633,0.973252348474022,0.9960866167007262,0.9624873082465271,1.0023480751276839,1.0016080902858295,0.9989767094039321,0.9516570931150597,0.9996125224227508,1.0019781954024274,7.53e-5,-0.0023147,0.30699740934381203,0.5872495604379192,0.021778279123105385,0.1481156283784981,0.8545224135018135
0.580895897851898,-0.0023899999999999998,4.362464554308648,12.167280086465666,-332.20289793425013,-305.7981408091215,0.969996676887403,0.99576304536792,0.957765046074453,0.9998864152649345,1.0011798768296498,0.9987888590066486,0.9428465937611105,0.9995681351456832,1.000917842710853,7.53e-5,-0.0023147,0.30699740934381203,0.5872495604379192,0.021765648037532875,0.14807235290446397,0.8666512142517799
0.5928399271759361,-0.0023899999999999998,4.323117954602443,17.23081407650534,-333.9491072239907,-308.3299078041413,0.9667089543170163,0.9954449769716999,0.9530749215479049,0.99742642224164,1.0007603656469775,0.9985953762121251,0.9322348971171897,0.9995172138822452,0.9997058119986904,7.53e-5,-0.0023147,0.30699740934381203,0.5872495604379192,0.021756268673036146,0.14804021023697042,0.8787800150017464
0.6047293292661603,-0.0023899999999999998,4.279087805238807,24.300560587021664,-336.4725734634266,-311.8647810593995,0.9635701045639199,0.9951452829869981,0.9484984501619619,0.9949971077917632,1.0003577990432855,0.9983950555090247,0.9198177387824399,0.9994646252758388,0.9983578369600093,7.53e-5,-0.0023147,0.30699740934381203,0.5872495604379192,0.02174994611420943,0.14801853928479058,0.8909088157517129
0.6165571083701215,-0.0023899999999999998,4.232298939260313,33.53668414678555,-339.81396549837916,-316.48284283928143,0.9607282599606463,0.9948773896019257,0.9439729389433037,0.9925897978000099,0.9999715921758341,0.9981862567876406,0.9056084204459574,0.9994139146926496,0.9968711383512864,7.53e-5,-0.0023147,0.30699740934381203,0.5872495604379192,0.02174609761448773,0.14800534681171845,0.9030376165016794
0.6283163049944824,-0.0023899999999999998,4.184054878332506,45.023971515504854,-343.974830338578,-322.2264865236411,0.9582850247858117,0.9946511512948368,0.9395671964668316,0.9902366308937217,0.9996024273515881,0.9979763431819874,0.889684796431579,0.9993697920274759,0.9952954535936629,7.53e-5,-0.0023147,0.30699740934381203,0.5872495604379192,0.02174452058658758,0.14799994050577364,0.9151664172516458
0.6400000000000001,-0.0023899999999999998,4.1365233749681645,58.77592046826919,-348.91717845580655,-329.10246100002325,0.9563219511452916,0.9944731859320405,0.9352497039216136,0.9879408268538579,0.9992570884152667,0.997758975063866,0.8721351053798667,0.9993351543348107,0.9936453006993313,7.53e-5,-0.0023147,0.30699740934381203,0.5872495604379192,0.02174464089650804,0.14800035295433545,0.9272952180016123
0.4,-0.00237,4.349379370390968,44.36841535922031,-343.203329312919,-321.8987084454988,0.94885904963517,0.9942552630250758,1.0286682993146794,1.0307991822177205,1.007015577394002,1.0008703808391728,0.8965289662988106,0.9989262612835963,0.9996088649268138,7.53e-5,-0.0022947,0.30699740934381203,0.5872495604379192,0.021998111297740746,0.14886684187641303,0.684719203002283
0.41191200390332305,-0.00237,4.351323666330382,33.910596463187176,-339.49892200241806,-316.66979899748225,0.9522076643483401,0.9945104850533544,1.0236169098472614,1.0290356515103076,1.006672139412985,1.000751241991388,0.9111140863556958,0.9989914804493097,1.0006156263680563,7.53e-5,-0.0022947,0.30699740934381203,0.5872495604379192,0.021991436497463754,0.14884408681865569,0.6968480037522494
0.4238758389929187,-0.00237,4.354787941955515,25.676863676373728,-336.625261235664,-312.5529326040755,0.9558782128702235,0.9947997016561789,1.0186689396377187,1.0272425558477531,1.0063241221319914,1.000630686314043,0.9238782759253752,0.9990644719453536,1.0015226902210812,7.53e-5,-0.0022947,0.30699740934381203,0.5872495604379192,0.021984305442686387,0.1488197726139961,0.7089768045022159
0.4358844657197842,-0.00237,4.359824870518793,19.513793561625448,-334.5423278249095,-309.4713975467014,0.9597234291217989,0.9951098025959817,1.0138073753904167,1.0254159943003802,1.0059701448157552,1.0005087148896916,0.9347823697004247,0.9991416674478643,1.0023092827704234,7.53e-5,-0.0022947,0.30699740934381203,0.5872495604379192,0.02197617674973829,0.1487920521379163,0.7211056052521824
0.44793081817941127,-0.00237,4.366497059195474,15.193651786559485,-333.16861477823215,-307.3113266591684,0.9635585942989939,0.9954245146896031,1.009023833159068,1.0235660308580758,1.0056099668688692,1.0003865616969054,0.9438272441889176,0.9992192598670107,1.0029639236934187,7.53e-5,-0.0022947,0.30699740934381203,0.5872495604379192,0.02196658692626104,0.1487593424686704,0.7332344060021488
0.46000780826938065,-0.00237,4.373807623717833,12.418822721622973,-332.3865636539096,-305.92391212670015,0.9672218593533104,0.9957199648014184,1.0042909326692095,1.0216675598963947,1.0052446172164442,1.0002619316898855,0.9510554622926376,0.9992882622983822,1.003465997177853,7.53e-5,-0.0022947,0.30699740934381203,0.5872495604379192,0.021954875350696883,0.14871938630445647,0.7453632067521153
0.4721083298600184,-0.00237,4.3817882435291216,10.833599034348481,-332.04164717383736,-305.1313002830629,0.9704520355564668,0.9959800609142183,0.999600424832357,1.0197436010065162,1.0048720163165177,1.0001370197993649,0.9565364762035856,0.9993481412252404,1.0038223254790235,7.53e-5,-0.0022947,0.30699740934381203,0.5872495604379192,0.021940639842142385,0.1486708052549668,0.7574920075020818
0.48422526297566015,-0.00237,4.389020165409821,10.049045672406919,-331.96177495342465,-304.7390236020921,0.9730583791785808,0.9961796908723621,0.9949735338856361,1.0177797611644637,1.0044942813730404,1.0000092381022136,0.960360895535902,0.9993936845459026,1.0040231574373213,7.53e-5,-0.0022947,0.30699740934381203,0.5872495604379192,0.021923511353497103,0.14861233100213014,0.7696208082520483
0.49635147798406076,-0.00237,4.394379352244222,9.6896470896952,-331.9762368647538,-304.55932431073626,0.9748398210319976,0.996301654467107,0.9903686602498918,1.0157665915146212,1.0041090321336053,0.9998778108146601,0.962630930196441,0.9994265943997225,1.0040726145256837,7.53e-5,-0.0022947,0.30699740934381203,0.5872495604379192,0.021903451294545007,0.14854382038255565,0.7817496090020147
0.5084798397914873,-0.00237,4.396957947576735,9.465309789542857,-331.951670618,-304.4471556606601,0.9756517416427788,0.9963397059237662,0.985714542394326,1.0137014496607986,1.0037131460833997,0.9997441350919797,0.9634220559268549,0.9994536795124385,1.0039817147304935,7.53e-5,-0.0022947,0.30699740934381203,0.5872495604379192,0.02188112474802562,0.14846753301105076,0.7938784097519812
0.5206032120410252,-0.00237,4.395282754433543,9.252198787483621,-331.83245136913666,-304.34060015963047,0.9755066887499803,0.9962876900117456,0.9811034598421404,1.0115554067488173,1.0033107376914967,0.9996000201291966,0.9627442573102175,0.9994743014950296,1.0037284332714125,7.53e-5,-0.0022947,0.30699740934381203,0.5872495604379192,0.021857693179773905,0.14838742896878987,0.8060072105019476
0.5327144613116285,-0.00237,4.388536216418547,9.13717689281134,-331.6602483134408,-304.2830892122943,0.9744439406761658,0.9961583409607867,0.9764513777811822,1.0093333035127505,1.0028979296664096,0.999448474769456,0.9605835900808363,0.9994910831398984,1.0033251368375777,7.53e-5,-0.0022947,0.30699740934381203,0.5872495604379192,0.02183481035543383,0.14830916035955768,0.818136011251914
0.5448064613154395,-0.00237,4.3756904400125025,9.389008344051717,-331.56050390741717,-304.4090049379145,0.972594021114827,0.995964186206172,0.9717585929412171,1.007047261766037,1.0024777844934605,0.9992897704806077,0.9568798279688508,0.9994993022008802,1.0027695334436972,7.53e-5,-0.0022947,0.30699740934381203,0.5872495604379192,0.021813966740618806,0.14823783177635577,0.8302648120018805
0.5568720970909158,-0.00237,4.355935649891591,10.376351472760803,-331.7029995851648,-304.90267650226906,0.9701500987363438,0.9957177716526636,0.9670509636295912,1.0046946422845628,1.0020535847184926,0.999120600108773,0.9515539059646418,0.9994925413401246,1.002048308681833,7.53e-5,-0.0022947,0.30699740934381203,0.5872495604379192,0.021795823408132818,0.14817571665619106,0.842393612751847
0.5689042691892888,-0.00237,4.329322953352035,12.486000050460007,-332.2616562041716,-305.95750079111866,0.9673067332915153,0.995439356514774,0.9623605594526491,1.0023037360560647,1.0016308762317534,0.9989426307202814,0.9445314069689246,0.9994708540103677,1.0011625709793066,7.53e-5,-0.0022947,0.30699740934381203,0.5872495604379192,0.021780848365819682,0.14812442938180598,0.8545224135018135
0.580895897851898,-0.00237,4.296155213259261,16.070414939062857,-333.3889436360986,-307.7497082354201,0.9642667491556953,0.9951440546451439,0.9577002104394481,0.9998956559203958,1.001213780353952,0.9987572562235258,0.9357665785582171,0.9994367487767934,1.0001290179686904,7.53e-5,-0.0022947,0.30699740934381203,0.5872495604379192,0.021769098539949558,0.14808417591989065,0.8666512142517799
0.5928399271759361,-0.00237,4.257960746038318,21.421884508667972,-335.2024802747117,-310.42544302022264,0.9612310429575217,0.9948520561335448,0.9531110021217619,0.9974842270529253,1.000813061510715,0.9985568692179771,0.9251901226566117,0.9993944312038813,0.9989262048439675,7.53e-5,-0.0022947,0.30699740934381203,0.5872495604379192,0.02176033927508526,0.14805416084211845,0.8787800150017464
0.6047293292661603,-0.00237,4.216170304883635,28.762033573664667,-337.78094711933966,-314.095517552721,0.9583439055088463,0.9945782808002254,0.9486212589072964,0.9950958485156663,1.0004248259586468,0.9983522469813166,0.9128261396043773,0.9993494504609476,0.9975883490037041,7.53e-5,-0.0022947,0.30699740934381203,0.5872495604379192,0.02175446843528887,0.14803404012693636,0.8909088157517129
0.6165571083701215,-0.00237,4.172328848745561,38.23893855553092,-341.1616796929839,-318.8339700436541,0.9557431240491456,0.9943373637001737,0.9442027786727705,0.992745693076009,1.0000523186720234,0.9981438082579865,0.8986968044163204,0.9993074400247507,0.9961371546731359,7.53e-5,-0.0022947,0.30699740934381203,0.5872495604379192,0.021751104566002762,0.1480225101786935,0.9030376165016794
0.6283163049944824,-0.00237,4.127686116788778,49.92828764409694,-345.3427548670934,-324.67864458793713,0.953545396897696,0.9941381032080653,0.9398583581143538,0.9904354394639596,0.9996954813727752,0.9979319032826992,0.8828654302311255,0.9992717407349982,0.9945912823179618,7.53e-5,-0.0022947,0.30699740934381203,0.5872495604379192,0.021749735779218606,0.14801781829597963,0.9151664172516458
0.6400000000000001,-0.00237,4.083484917950089,63.83727393291974,-350.28533267678847,-331.63313773234853,0.9518226594596829,0.9939877679874893,0.9355723635575628,0.9881752282315452,0.9993517832352378,0.9977213640843129,0.8654308202335326,0.999245711654081,0.9929862222074828,7.53e-5,-0.0022947,0.30699740934381203,0.5872495604379192,0.021749823299324948,0.1480181182988667,0.9272952180016123
0.4,-0.00235,4.324944496747973,49.74611290016787,-344.6978726629206,-324.5875572159726,0.9438237806901112,0.9937231772769909,1.028458885586349,1.0307573413342457,1.0070075908260632,1.0008674474098056,0.8892650267465958,0.9988255627504528,0.9989718943772141,7.53e-5,-0.0022747,0.30699740934381203,0.5872495604379192,0.021996360762218375,0.1488608744532741,0.684719203002283
0.41191200390332305,-0.00235,4.32531867858611,39.05270178524211,-340.96047710737247,-319.2408516585097,0.9469245730854902,0.9939491863904979,1.0234242866690604,1.028993238231994,1.0066656379783656,1.0007475470082243,0.9037659177910954,0.9988831952580918,0.9999397658659706,7.53e-5,-0.0022747,0.30699740934381203,0.5872495604379192,0.021989481483210747,0.14883742134157354,0.6968480037522494
0.4238758389929187,-0.00235,4.3269159136893,30.551481565504673,-338.0374943706625,-314.990241548641,0.9503439496226497,0.9942107153188142,1.0184641484912678,1.0271952004302272,1.0063169802988188,1.0006256719170294,0.9164693880784482,0.9989493196911091,1.0008155314069593,7.53e-5,-0.0022747,0.30699740934381203,0.5872495604379192,0.021982140290575228,0.14881238949984013,0.7089768045022159
0.4358844657197842,-0.00235,4.329652076925144,24.10123599934866,-335.8930129024564,-311.765118765563,0.9539547398353627,0.9944931324743644,1.0135974310741864,1.0253635669700711,1.005963215320919,1.0005022895390483,0.9273297808907294,0.9990190044240506,1.0015711275581747,7.53e-5,-0.0022747,0.30699740934381203,0.5872495604379192,0.021973890771783283,0.14878425559100594,0.7211056052521824
0.44793081817941127,-0.00235,4.3333804627852235,19.489514399007703,-334.4521924670511,-309.4592579653925,0.957583720733602,0.9947815493304406,1.0087768575988272,1.0234960468321057,1.0056026253406545,1.0003774675181325,0.936358602753187,0.9990885236621238,1.0021979295650378,7.53e-5,-0.0022747,0.30699740934381203,0.5872495604379192,0.02196419005321798,0.14875116594912896,0.7332344060021488
0.46000780826938065,-0.00235,4.338041330680047,16.436732518685744,-333.5997946876321,-307.93286702523153,0.96103253634723,0.9950555669277177,1.004062172120139,1.0216036383913294,1.0052380882505074,1.0002516844407594,0.9435747647000272,0.9991520963382083,1.0026815674248093,7.53e-5,-0.0022747,0.30699740934381203,0.5872495604379192,0.021952647784625776,0.14871178537969415,0.7453632067521153
0.4721083298600184,-0.00235,4.342613347861161,14.60719042284154,-333.1921404024085,-307.01809597730943,0.9641025912119685,0.9952941938485655,0.9993880277882984,1.0196726318431897,1.0048671268869052,1.0001239931144803,0.9490599553851115,0.9992053304440267,1.0030174718535643,7.53e-5,-0.0022747,0.30699740934381203,0.5872495604379192,0.021938660232696836,0.14866404828719837,0.7574920075020818
0.48422526297566015,-0.00235,4.3463173845176835,13.632257423561896,-333.06286890674534,-306.5306294776696,0.9665667069139792,0.9954794700218287,0.9946816129414319,1.017697451921332,1.0044871434557978,0.9999942192424239,0.9529028186015743,0.9992472040390049,1.0032061631642661,7.53e-5,-0.0022747,0.30699740934381203,0.5872495604379192,0.021921808744045077,0.1486065173127901,0.7696208082520483
0.49635147798406076,-0.00235,4.348137319253722,13.153273785914621,-333.04772876398044,-306.29113765884597,0.9682786895087865,0.9955881147142116,0.9901201104305692,1.0156792214362749,1.0041046646067324,0.9998597224664771,0.9551919582506676,0.999274615570212,1.0032431453338706,7.53e-5,-0.0022747,0.30699740934381203,0.5872495604379192,0.021902276949034186,0.14853980871950662,0.7817496090020147
0.5084798397914873,-0.00235,4.347108559443934,12.88920294440004,-333.01627608697845,-306.1591022380887,0.9690722869314345,0.9956222358843358,0.9854796551920262,1.0136113211789686,1.0037120914983715,0.9997224040347955,0.9560015670931193,0.9992990857597787,1.00314060482465,7.53e-5,-0.0022747,0.30699740934381203,0.5872495604379192,0.02188051221905566,0.14846543953031655,0.7938784097519812
0.5206032120410252,-0.00235,4.342455680904139,12.715899757631746,-332.91277302617107,-306.07245064470453,0.9689803246997502,0.9955739865484909,0.9808804472911506,1.0114634273009795,1.0033122020547085,0.999575361425556,0.955330398850736,0.9993195388362597,1.002883441860341,7.53e-5,-0.0022747,0.30699740934381203,0.5872495604379192,0.02185763129489226,0.14838721735123836,0.8060072105019476
0.5327144613116285,-0.00235,4.333060959401845,12.713455934548733,-332.7760713152931,-306.071228733163,0.9679825878772657,0.9954644903492139,0.9761944528839646,1.0092625540797102,1.0029001237426678,0.9994276062351773,0.9531991834530273,0.9993428055951825,1.0024950562407313,7.53e-5,-0.0022747,0.30699740934381203,0.5872495604379192,0.021835620247209572,0.1483119312046211,0.818136011251914
0.5448064613154395,-0.00235,4.318259133138038,13.140122874355711,-332.72799621723954,-306.2845622030665,0.9663193775216529,0.9952830996191424,0.971596383438893,1.0069913422836672,1.0024924662753976,0.9992608178443241,0.9494769634006771,0.9993530701111579,1.0019291625980826,7.53e-5,-0.0022747,0.30699740934381203,0.5872495604379192,0.021815427457472673,0.14824283155623424,0.8302648120018805
0.5568720970909158,-0.00235,4.297177386102496,14.350544720858124,-332.9335738242606,-306.8897731263177,0.9640632475186135,0.995059106795287,0.9669373029948903,1.0046663557775128,1.002077878205697,0.9990890153576488,0.9441625583675289,0.9993525850977467,1.001214761702113,7.53e-5,-0.0022747,0.30699740934381203,0.5872495604379192,0.021798079982652475,0.14818344359187988,0.842393612751847
0.5689042691892888,-0.00235,4.270022582454821,16.71456750892696,-333.5604700822083,-308.07178452035214,0.9614219587937733,0.9948045183005932,0.9623259310425929,1.0023203438355215,1.001665766253413,0.9989118007857115,0.9371728358433691,0.9993380552310567,1.000351674996909,7.53e-5,-0.0022747,0.30699740934381203,0.5872495604379192,0.021783998612930833,0.14813521993716153,0.8545224135018135
0.580895897851898,-0.00235,4.237467225817988,20.566807138722993,-334.75471336375324,-309.99790433525015,0.9586199521967834,0.9945348993195595,0.9577441098993903,0.9999468755468652,1.0012631100260403,0.9987204976939142,0.9284244061902469,0.9993108509877782,0.9993185960276885,7.53e-5,-0.0022747,0.30699740934381203,0.5872495604379192,0.02177284406856327,0.14809700879442106,0.8666512142517799
0.5928399271759361,-0.00235,4.200883531727582,26.182825700680837,-336.62818992213437,-312.8059136162291,0.9558170608030007,0.9942695665015111,0.9532471095746285,0.9975868889424714,1.000875435703539,0.9985198058727799,0.9178977381421202,0.999276570667028,0.998137579440512,7.53e-5,-0.0022747,0.30699740934381203,0.5872495604379192,0.02176472903227305,0.1480692038133396,0.8787800150017464
0.6047293292661603,-0.00235,4.161131704061117,33.76978102559747,-339.2544078523906,-316.5993912786874,0.9531814300296484,0.9940228468034807,0.9488063394909081,0.995234288703819,1.0004967991747893,0.9983143652086782,0.9055907812755578,0.9992395467842672,0.9968220977144636,7.53e-5,-0.0022747,0.30699740934381203,0.5872495604379192,0.021759231565637138,0.14805036467079596,0.8909088157517129
0.6165571083701215,-0.00235,4.120010341392563,43.46396423841804,-342.66653123663343,-321.4464828850977,0.9508299847770482,0.9938090410846804,0.9444458503007241,0.992922555238683,1.0001333741936183,0.9981062011289759,0.8915387720662596,0.9992056206870851,0.9954012738513308,7.53e-5,-0.0022747,0.30699740934381203,0.5872495604379192,0.021756131156135835,0.14803973892224748,0.9030376165016794
0.6283163049944824,-0.00235,4.07835720195086,55.33205540422034,-346.8601595615842,-327.38052846799883,0.948878220596277,0.9936370305748232,0.9401442608284922,0.9906469059342972,0.9997827500942235,0.9978963911857751,0.8758073083366618,0.9991778387691016,0.9938933460891636,7.53e-5,-0.0022747,0.30699740934381203,0.5872495604379192,0.021754850120641468,0.14803534833090226,0.9151664172516458
0.6400000000000001,-0.00235,4.037204316923022,69.37501023082655,-351.7934917574578,-334.40200588130193,0.947395870832163,0.9935129314561136,0.9358818961789463,0.9884150246886737,0.9994449956921461,0.9976866764350368,0.8584853914849218,0.9991592796591509,0.9923276866334371,7.53e-5,-0.0022747,0.30699740934381203,0.5872495604379192,0.021754932210009577,0.14803562968588896,0.9272952180016123
0.4,-0.00233,4.3011861398117075,55.64969643770007,-346.3511377951882,-327.5393489847387,0.9388811014363164,0.9932051612649117,1.0282625379282382,1.0307222514231893,1.0070018300462351,1.0008640556120876,0.881780484973506,0.9987287333840986,0.9983312734309746,7.53e-5,-0.0022547,0.30699740934381203,0.5872495604379192,0.021994850116495185,0.14885572460698632,0.684719203002283
0.41191200390332305,-0.00233,4.299907083141823,44.74506702896326,-342.58935615672834,-322.0870342803703,0.9417107667137773,0.9934090148468098,1.023275461052345,1.028960297184386,1.0066563997238291,1.0007431061630163,0.8962099820171119,0.9987826865726508,0.999271562895817,7.53e-5,-0.0022547,0.30699740934381203,0.5872495604379192,0.02198779494569362,0.14883167098343297,0.6968480037522494
0.4238758389929187,-0.00233,4.299973969852832,36.00021558024844,-339.62438744841785,-317.7146085560129,0.9449204692582689,0.9936367825844445,1.0182793272331927,1.0271581015393578,1.0063129442996728,1.0006202472058665,0.9088285710607056,0.998839184350868,1.0001019233509343,7.53e-5,-0.0022547,0.30699740934381203,0.5872495604379192,0.02198026787911248,0.14880600433732033,0.7089768045022159
0.4358844657197842,-0.00233,4.300708467343613,29.285884970812845,-337.42480075041703,-314.3574432512951,0.948290050000692,0.9938923280296009,1.013422296082671,1.0253248872281877,1.0059602212693712,1.000495338329427,0.9196483308671656,0.9989023731545653,1.0008273019123985,7.53e-5,-0.0022547,0.30699740934381203,0.5872495604379192,0.021971929280947284,0.14877756542249168,0.7211056052521824
0.44793081817941127,-0.00233,4.3022103299054555,24.40437154958829,-335.92075243971,-311.9166865406828,0.951692312020715,0.9941551979653274,1.0086169084310468,1.0234572375256143,1.0056011150059612,1.0003689255582586,0.928648351827562,0.9989658245070747,1.0014276602286922,7.53e-5,-0.0022547,0.30699740934381203,0.5872495604379192,0.02196226074352372,0.14874458412460825,0.7332344060021488
0.46000780826938065,-0.00233,4.304084614318022,21.09346744564118,-335.0052907244003,-310.26123448870925,0.9549492628215737,0.9944062364942096,1.0038774483151336,1.0215564891910531,1.0052367851838315,1.0002409125942784,0.9358596955550962,0.9990241221472524,1.0018890274752195,7.53e-5,-0.0022547,0.30699740934381203,0.5872495604379192,0.0219507966429568,0.14870546860748782,0.7453632067521153
0.4721083298600184,-0.00233,4.305763353230741,19.03681712420223,-334.5396188693054,-309.2329093279898,0.9578507515615844,0.9946260476723804,0.999195481414314,1.0196206102474734,1.0048667021858297,1.0001109196070463,0.9413490966944906,0.9990732510485489,1.0022061076203461,7.53e-5,-0.0022547,0.30699740934381203,0.5872495604379192,0.021937052671289915,0.14865856100550157,0.7574920075020818
0.48422526297566015,-0.00233,4.306417089642248,17.885164500186306,-334.3652954374474,-308.6570830159818,0.9602011508650963,0.9947942791530454,0.9945497868733746,1.0176444190155658,1.0044906228354726,0.9999780878061054,0.9452028974211363,0.9991106152010513,1.0023773831168163,7.53e-5,-0.0022547,0.30699740934381203,0.5872495604379192,0.021920662385205614,0.14860260285910382,0.7696208082520483
0.49635147798406076,-0.00233,4.305163011210657,17.295546823130394,-334.32317648717617,-308.36227417745386,0.9618262084113766,0.9948954477540755,0.9899312372997109,1.0156221928340965,1.0041083355657157,0.9998412962209299,0.9475070725757374,0.9991373739027863,1.0024035909837476,7.53e-5,-0.0022547,0.30699740934381203,0.5872495604379192,0.021901565338098093,0.1485373777455307,0.7817496090020147
0.5084798397914873,-0.00233,4.301186764673808,16.99458293216901,-334.2860054231147,-308.21179223197316,0.9626132386288377,0.9949248635492687,0.9853250161654392,1.0135448543585386,1.003718010098991,0.9997000171665511,0.9483202442605302,0.9991594017707465,1.0022852601938745,7.53e-5,-0.0022547,0.30699740934381203,0.5872495604379192,0.021880258607963624,0.14846457273854363,0.7938784097519812
0.5206032120410252,-0.00233,4.294077610892325,16.856877830829035,-334.19711321434545,-308.1429396813032,0.9625525961452174,0.9948834844711206,0.9807235567992939,1.0114149577191753,1.0033233019886385,0.9995517447313308,0.9476675515618013,0.99918143474635,1.0020299102837975,7.53e-5,-0.0022547,0.30699740934381203,0.5872495604379192,0.02185808237923574,0.1483887598434645,0.8060072105019476
0.5327144613116285,-0.00233,4.282747917276885,16.956318330799263,-334.0926280145793,-308.1926599312883,0.9616875562374859,0.9947795430860518,0.9761168498423959,1.0092246923953732,1.002922457735925,0.999396083785324,0.9455163782283676,0.9992035128287481,1.0016297845546271,7.53e-5,-0.0022547,0.30699740934381203,0.5872495604379192,0.021836643757518686,0.14831543282097517,0.818136011251914
0.5448064613154395,-0.00233,4.266343728862281,17.542432600568418,-334.0918365548775,-308.48571706617287,0.9601363225903656,0.9946207598303863,0.9715160664384557,1.006980188600254,1.002517987188071,0.9992322899537147,0.9418241315846139,0.9992193600287975,1.0010801277933965,7.53e-5,-0.0022547,0.30699740934381203,0.5872495604379192,0.021817327503413024,0.14824933483832667,0.8302648120018805
0.5568720970909158,-0.00233,4.244439548946952,18.957425387555986,-334.3548489834575,-309.19321345966665,0.9580639628621883,0.9944160599433314,0.9669163502366891,1.0046829703227391,1.0021130828205977,0.9990577914871278,0.936520875577125,0.9992223726938054,1.0003723212484392,7.53e-5,-0.0022547,0.30699740934381203,0.5872495604379192,0.02180073692359907,0.14819254095628964,0.842393612751847
0.5689042691892888,-0.00233,4.217258845154495,21.555217621883457,-335.0435176380351,-310.4921095768304,0.9556383858774898,0.9941834223002255,0.9623551916304177,1.0023659292173395,1.001712874860724,0.9988758537353176,0.9295409594202212,0.9992124831631908,0.9995140088523017,7.53e-5,-0.0022547,0.30699740934381203,0.5872495604379192,0.021787299499058534,0.14814652565859698,0.8545224135018135
0.580895897851898,-0.00233,4.18565978866525,25.653297179428705,-336.2985662424053,-312.541149355603,0.9530689412504306,0.9939381862564459,0.9578371146496638,1.0000228142593326,1.001319668092263,0.9986825695461248,0.9208252939470926,0.9991911130767951,0.9984935661509827,7.53e-5,-0.0022547,0.30699740934381203,0.5872495604379192,0.021776710841520164,0.1481102559423665,0.8666512142517799
0.5928399271759361,-0.00233,4.150236948079987,31.511019743685324,-338.22500568000805,-315.4700106377313,0.9504997210231898,0.9936995319180473,0.9533972970835154,0.9977043054461191,1.0009401074412971,0.9984841048628967,0.9103501499005137,0.9991640058971548,0.9973415293437582,7.53e-5,-0.0022547,0.30699740934381203,0.5872495604379192,0.021769145842393183,0.14808433799355042,0.8787800150017464
0.6047293292661603,-0.00233,4.112719712497557,39.32142290187801,-340.89121914643863,-319.37521221682766,0.9481023874114433,0.9934805874164467,0.9490154676467757,0.9953946212210402,1.0005703610080146,0.9982803207421999,0.8981069825223722,0.9991347100499754,0.9960577144905804,7.53e-5,-0.0022547,0.30699740934381203,0.5872495604379192,0.02176404433867471,0.14806685757935975,0.8909088157517129
0.6165571083701215,-0.00233,4.073923967519916,49.20928761624896,-344.3271899359723,-324.31914457401314,0.9460031800409631,0.9932938423582205,0.9446991591892493,0.9931135693902393,1.000213161855877,0.9980733691526708,0.8841362521710997,0.9991078827414847,0.9946685651113132,7.53e-5,-0.0022547,0.30699740934381203,0.5872495604379192,0.02176110939808228,0.1480568000334445,0.9030376165016794
0.6283163049944824,-0.00233,4.034905210777284,61.232557185834025,-348.52462446934464,-330.33077935880567,0.9442963958840709,0.9931491636501896,0.9404345238444766,0.9908714222652698,0.9998659831731238,0.9978682077886738,0.8685024498139012,0.9990878304658224,0.993203221658979,7.53e-5,-0.0022547,0.30699740934381203,0.5872495604379192,0.021759884514816676,0.14805260236915377,0.9151664172516458
0.6400000000000001,-0.00233,3.9961876952225786,75.38612627344924,-353.44196951636184,-337.4075639026133,0.943061758470257,0.9930509725217046,0.9361990556952116,0.9886637024462324,0.9995333717791374,0.997659047880305,0.8513074445718519,0.9990761189250507,0.9916756756058941,7.53e-5,-0.0022547,0.30699740934381203,0.5872495604379192,0.02175989090286252,0.14805262426123092,0.9272952180016123
0.4,-0.00231,4.278168123161111,62.07365272796653,-348.1618061396071,-330.7513271298719,0.9340351957972487,0.9927046640911483,1.0280149718622213,1.0306802715655186,1.0069919106199783,1.000860035083605,0.8740783594676808,0.9986372248736276,0.9976985613390068,7.53e-5,-0.0022347,0.30699740934381203,0.5872495604379192,0.02199351335567368,0.1488511673964893,0.684719203002283
0.41191200390332305,-0.00231,4.275759780430649,50.98211674714639,-344.38243990578576,-325.20555913946185,0.9366591192565067,0.9928743617591216,1.0230038017165217,1.0289180192130152,1.0066538535624028,1.0007384057857978,0.8883898845639231,0.9986819244396876,0.9985836925231687,7.53e-5,-0.0022347,0.30699740934381203,0.5872495604379192,0.02198620052851417,0.14882623451726876,0.6968480037522494
0.4238758389929187,-0.00231,4.273987930155123,42.01769522547511,-341.3829834590434,-320.7233483786262,0.9395698613004574,0.993086439389349,1.0181189021355683,1.0271274774176478,1.0063059383730095,1.0006149472190673,0.9009709245766024,0.9987375659242314,0.9994039742562194,7.53e-5,-0.0022347,0.30699740934381203,0.5872495604379192,0.02197866850193561,0.14880055004609807,0.7089768045022159
0.4358844657197842,-0.00231,4.2729486478503285,35.06229144989811,-339.13584168075687,-317.2456464908377,0.9427408029432968,0.9933092866301432,1.0132433218103791,1.0252939356932498,1.0059590020765017,1.0004880441511814,0.9117299067056801,0.9987923895103119,1.0000810065250678,7.53e-5,-0.0022347,0.30699740934381203,0.5872495604379192,0.021970227366571327,0.14877176036966538,0.7211056052521824
0.44793081817941127,-0.00231,4.272374974717005,29.932395211054086,-337.57524036506925,-314.6806983714157,0.9459258651286246,0.9935465370892521,1.0084627169125087,1.0234274068706455,1.0056024030951318,1.0003599821769704,0.9207023512302512,0.9988503736013572,1.0006521771369443,7.53e-5,-0.0022347,0.30699740934381203,0.5872495604379192,0.021960607573347453,0.14873894412300578,0.7332344060021488
0.46000780826938065,-0.00231,4.2719662722496246,26.382654478925588,-336.60102471270545,-312.90582800535145,0.948978578634383,0.9937759981447304,1.0037227805482094,1.021524169751176,1.00523923771339,1.0002299561342882,0.92790476963453,0.9989050986573883,1.001091127398101,7.53e-5,-0.0022347,0.30699740934381203,0.5872495604379192,0.021949264796544764,0.14870024119055866,0.7453632067521153
0.4721083298600184,-0.00231,4.271157957405683,24.115269896992913,-336.0818351644591,-311.7721357143851,0.9517141887745514,0.9939774068746525,0.9990374177077442,1.0195856120275604,1.0048707887780421,1.000097659563771,0.933395887913979,0.9989518865932199,1.001389018587056,7.53e-5,-0.0022347,0.30699740934381203,0.5872495604379192,0.021935780928248584,0.14865421987356442,0.7574920075020818
0.48422526297566015,-0.00231,4.269238033368902,22.799489808670728,-335.8658034488384,-311.114245670224,0.95394086768474,0.9941318509832424,0.9943967382412207,1.017608501103252,1.004497037114836,0.9999623189716876,0.9372569290885016,0.9989881264299012,1.0015437057712282,7.53e-5,-0.0022347,0.30699740934381203,0.5872495604379192,0.021919795344959404,0.14859964212380972,0.7696208082520483
0.49635147798406076,-0.00231,4.265484885933051,22.107087589944513,-335.79927825604386,-310.7680445608609,0.9554922012155682,0.9942250796826697,0.9897838834447708,1.0155873065642196,1.00411752126444,0.9998230230919594,0.9395705870629104,0.9990147347755043,1.0015567822999214,7.53e-5,-0.0022347,0.30699740934381203,0.5872495604379192,0.02190120205485278,0.148536136698403,0.7817496090020147
0.5084798397914873,-0.00231,4.259305204112986,21.771336428805057,-335.7572124517789,-310.6001689802912,0.9562663131676284,0.9942517381671593,0.9852012812987894,1.0135196929774892,1.003732842471599,0.9996787312272853,0.9403942932036344,0.9990365016185977,1.0014315177939206,7.53e-5,-0.0022347,0.30699740934381203,0.5872495604379192,0.021880496599203967,0.14846538614494273,0.7938784097519812
0.5206032120410252,-0.00231,4.249932176746934,21.665061118329163,-335.6813610424989,-310.54703132505324,0.956233909093544,0.9942186539950489,0.9806378427873683,1.0113967244331523,1.0033401486156697,0.9995299108082406,0.9397374932203083,0.9990597692527232,1.0011657150420226,7.53e-5,-0.0022347,0.30699740934381203,0.5872495604379192,0.021858903327053838,0.14839156705154993,0.8060072105019476
0.5327144613116285,-0.00231,4.237279254265645,21.856564460061122,-335.6072268045661,-310.6427829959192,0.9554773373046532,0.9941225725426656,0.9760503960469499,1.0092227825594893,1.0029472642599733,0.9993706154914529,0.937602149287659,0.9990813042545312,1.0007702151966984,7.53e-5,-0.0022347,0.30699740934381203,0.5872495604379192,0.021838110312060476,0.14832045003301145,0.818136011251914
0.5448064613154395,-0.00231,4.219534275449793,22.588038527694266,-335.6491052115849,-311.0085200297358,0.9540648682251405,0.9939786059771157,0.9714855905825155,1.0070019495171452,1.002551097355498,0.9992044692783706,0.9339150950442775,0.999098037686067,1.0002266607309773,7.53e-5,-0.0022347,0.30699740934381203,0.5872495604379192,0.021819528478642287,0.14825686776417774,0.8302648120018805
0.5568720970909158,-0.00231,4.197140799296674,24.190463396569157,-335.9643358662874,-311.80973246417324,0.952165356398649,0.993792664858308,0.9669441796698874,1.0047360169178514,1.0021542126793037,0.9990298369204353,0.9286252024831039,0.9991030825117778,0.9995308970637595,7.53e-5,-0.0022347,0.30699740934381203,0.5872495604379192,0.02180372204366365,0.1482027613592845,0.842393612751847
0.5689042691892888,-0.00231,4.170011091017294,27.00260371098443,-336.70969132749246,-313.2158026213809,0.9499564098124484,0.9935805119340985,0.9624323170077966,1.002440785228676,1.0017632626368982,0.9988440098068732,0.9216619628943037,0.999095842618066,0.9986764252440524,7.53e-5,-0.0022347,0.30699740934381203,0.5872495604379192,0.02179082914234478,0.14815861395984206,0.8545224135018135
0.580895897851898,-0.00231,4.139070937514564,31.325360155418252,-338.01859191166545,-315.3771808435978,0.9476038415652813,0.993359751241516,0.9579755597286121,1.0001388313866986,1.0013793555396204,0.998651653151544,0.9129819354934258,0.9990793839151897,0.9976804088395015,7.53e-5,-0.0022347,0.30699740934381203,0.5872495604379192,0.02178087946256734,0.14812453590136157,0.8666512142517799
0.5928399271759361,-0.00231,4.105314772748348,37.40236720745702,-339.9912087671273,-318.41568436961717,0.9452787781160832,0.9931459637983397,0.9535801700135067,0.9978447790638603,1.0010056609134683,0.9984533014483903,0.9025536161646116,0.9990575351135816,0.9965489248954367,7.53e-5,-0.0022347,0.30699740934381203,0.5872495604379192,0.021773646913144654,0.14809975934814476,0.8787800150017464
0.6047293292661603,-0.00231,4.069670789531281,45.41301358085104,-342.6901847521484,-322.4210075563142,0.9431261107065514,0.9929535759166208,0.9492404710930731,0.995571580774738,1.0006434463425664,0.998250903170658,0.8903760141896448,0.9990349832517574,0.9952980263891155,7.53e-5,-0.0022347,0.30699740934381203,0.5872495604379192,0.021768831801988443,0.14808326198507696,0.8909088157517129
0.6165571083701215,-0.00231,4.032892206943576,55.47094248747521,-346.14231798437476,-327.44997200962626,0.9412801775785491,0.992792415897807,0.9449655375356864,0.9933137103524294,1.0002921604414738,0.9980435491314504,0.8764937948782088,0.9990144597530654,0.9939346594102957,7.53e-5,-0.0022347,0.30699740934381203,0.5872495604379192,0.02176598094368781,0.1480734936346907,0.9030376165016794
0.6283163049944824,-0.00231,3.996144062146349,67.62565883402453,-350.3354272347989,-333.5273301829009,0.9398186105884782,0.992674483180756,0.9406793448092561,0.9910863467327486,0.9999455363121281,0.9978411891882569,0.8609669362067334,0.9990016329364421,0.9925095136221582,7.53e-5,-0.0022347,0.30699740934381203,0.5872495604379192,0.021764619004667588,0.14806882678507302,0.9151664172516458
0.6400000000000001,-0.00231,3.9595592443151584,81.86623211773076,-355.2284139778133,-340.64761682475404,0.9388368144941399,0.9926019538936471,0.9364972596384548,0.9889044508637046,0.9996185393232935,0.997632627794885,0.8438969241022597,0.9989961563912014,0.9910250881470655,7.53e-5,-0.0022347,0.30699740934381203,0.5872495604379192,0.021764584858609402,0.1480687097776191,0.9272952180016123
0.4,-0.00229,4.255620707490379,69.01152834415404,-350.12609611292476,-334.2202649379657,0.9293536864677404,0.9922162569811614,1.0278980918236227,1.0306740751495895,1.0069973822905958,1.0008561058511467,0.8661239558721211,0.9985465896658218,0.9970438174880503,7.53e-5,-0.0022147,0.30699740934381203,0.5872495604379192,0.021992545180681104,0.14884786666372612,0.684719203002283
0.41191200390332305,-0.00229,4.252291128221964,57.7574298326266,-346.33762562665817,-328.59321568220196,0.931700704286597,0.9923617508258615,1.0228486977765625,1.0288988753125619,1.0066521452550885,1.0007340456715057,0.8803618425133809,0.9985878472880054,0.9979059562143643,7.53e-5,-0.0022147,0.30699740934381203,0.5872495604379192,0.02198505839245651,0.14882234007045786,0.6968480037522494
0.4238758389929187,-0.00229,4.249076383988564,48.59716299249544,-343.31089327749976,-324.0130822621364,0.9344095498458868,0.9925388417579635,1.017960755927449,1.027111286705159,1.006312291802853,1.0006085317570956,0.8928518424029726,0.9986348428773321,0.9986668580685807,7.53e-5,-0.0022147,0.30699740934381203,0.5872495604379192,0.021977332768865043,0.14879599470103227,0.7089768045022159
0.4358844657197842,-0.00229,4.246410750212318,41.42355961357657,-341.0223124909522,-320.42628057267694,0.9373115651840359,0.9927423464720312,1.0131014994586238,1.0252751329376542,1.0059615616341435,1.0004808318129217,0.9035758411523465,0.9986878354404147,0.9993303543169257,7.53e-5,-0.0022147,0.30699740934381203,0.5872495604379192,0.021968832366314216,0.1487670020050456,0.7211056052521824
0.44793081817941127,-0.00229,4.244009356231193,36.06659061948335,-339.41187063554713,-317.74779607563033,0.9402799164942208,0.9929564959776347,1.0083274657301124,1.0234090251266892,1.0056064971614331,1.000351058802724,0.9125170527913649,0.9987423248870118,0.999874412188634,7.53e-5,-0.0022147,0.30699740934381203,0.5872495604379192,0.021959238123708154,0.14873427191316574,0.7332344060021488
0.46000780826938065,-0.00229,4.241586894012126,32.2967474916893,-338.3850539492819,-315.8628745117333,0.9431449531965501,0.9931652134278232,1.0035985702523036,1.021506263446607,1.0052454831998061,1.0002190851870834,0.9197020491763838,0.9987945500738928,1.0002890084992115,7.53e-5,-0.0022147,0.30699740934381203,0.5872495604379192,0.021948041949628613,0.14869606810461108,0.7453632067521153
0.4721083298600184,-0.00229,4.238679266370728,29.83396869228841,-337.81660992420285,-314.63148511203286,0.9457169867786613,0.9933499873791632,0.9989201881206929,1.019568122991049,1.004879253460853,1.0000846452052576,0.9251895638976427,0.9988407046088112,1.0005670505925295,7.53e-5,-0.0022147,0.30699740934381203,0.5872495604379192,0.021934830061244324,0.1486509739809561,0.7574920075020818
0.48422526297566015,-0.00229,4.234658548859462,28.36517560744778,-337.5620037941158,-313.89708856961255,0.947820721857961,0.9934930641142787,0.9942878356960826,1.0175926290304909,1.0045081198957169,0.9999470649229664,0.9290532458015722,0.9988781405538849,1.000705318976266,7.53e-5,-0.0022147,0.30699740934381203,0.5872495604379192,0.021919248552526787,0.14859777492885437,0.7696208082520483
0.49635147798406076,-0.00229,4.228910514486546,27.576138658767036,-337.4730387901136,-313.5025700952722,0.9493021416054469,0.9935807631503579,0.9896928134977828,1.0155765357560524,1.0041321764306972,0.999805495832541,0.931370126310108,0.9989069610971606,1.0007052576968087,7.53e-5,-0.0022147,0.30699740934381203,0.5872495604379192,0.021901172749753135,0.1485360365859713,0.7817496090020147
0.5084798397914873,-0.00229,4.220920003331974,27.206489049133552,-337.42661459357254,-313.31774529045543,0.9500629399587276,0.9936076422152555,0.985124725150305,1.0135153863190567,1.003751250656465,0.9996590723191475,0.932195668375215,0.9989305683715151,1.0005705728174827,7.53e-5,-0.0022147,0.30699740934381203,0.5872495604379192,0.02188101177983125,0.1484671469143428,0.7938784097519812
0.5206032120410252,-0.00229,4.209869329252764,27.127534181550345,-337.3626449859706,-313.27826785666383,0.9500627939580715,0.9935820787474391,0.980581715796321,1.0114041255006179,1.003362381677416,0.9995092522785496,0.9315343317808337,0.9989550051276868,1.0003012413601173,7.53e-5,-0.0022147,0.30699740934381203,0.5872495604379192,0.021860019392806653,0.1483953833244974,0.8060072105019476
0.5327144613116285,-0.00229,4.195813308980521,27.402615583377838,-337.3155356305721,-313.4158085575776,0.9494045039916325,0.9934912136933245,0.9760327385565756,1.0092479310849343,1.0029773525851313,0.9993467149388587,0.9294107445327635,0.9989739654335698,0.99990604851244,7.53e-5,-0.0022147,0.30699740934381203,0.5872495604379192,0.021839860742682515,0.14832643819446922,0.818136011251914
0.5448064613154395,-0.00229,4.177408254611615,28.26723264027919,-337.3968475703109,-313.84811708602825,0.9481272594012611,0.9933593538529985,0.9715106206033763,1.007048162843505,1.0025872583734219,0.9991798166510419,0.9257393520467321,0.9989889581892197,0.9993707598846189,7.53e-5,-0.0022147,0.30699740934381203,0.5872495604379192,0.021821978544705824,0.14826525277650426,0.8302648120018805
0.5568720970909158,-0.00229,4.154458689246432,30.04163278974204,-337.7602778460047,-314.7353171607597,0.9464078692149946,0.9931894360407609,0.9670070551829762,1.0048017696370202,1.002198903215093,0.9990014890422685,0.9204627821007074,0.9989932446347854,0.998676890005102,7.53e-5,-0.0022147,0.30699740934381203,0.5872495604379192,0.021806758354660297,0.14821315632720813,0.842393612751847
0.5689042691892888,-0.00229,4.127593660177223,33.049906172554074,-338.5564214418039,-316.2394538521657,0.9443948121880443,0.9929972850638996,0.962542696122503,1.0025375558430265,1.001815198012429,0.9988161338007409,0.9135278266566569,0.9989876535127151,0.9978420815702709,7.53e-5,-0.0022147,0.30699740934381203,0.5872495604379192,0.021794503099584504,0.14817119548997854,0.8545224135018135
0.580895897851898,-0.00229,4.097470023880836,37.57693371773075,-339.91296083355684,-318.50296762475404,0.9422463977840336,0.9928023722636782,0.958106622458414,1.0002707727267337,1.001438188620669,0.9986256175732484,0.9048905194550414,0.9989762664648116,0.9968772675708861,7.53e-5,-0.0022147,0.30699740934381203,0.5872495604379192,0.02178505280611404,0.148138830699377,0.8666512142517799
0.5928399271759361,-0.00229,4.065146539044443,43.851204359662006,-341.92361729115044,-321.64010294571966,0.9401677919503654,0.9926082960516581,0.9537709157809906,0.9980050298422084,1.0010742798622136,0.9984242990526102,0.8945066843011478,0.998957344474426,0.9957591663386567,7.53e-5,-0.0022147,0.30699740934381203,0.5872495604379192,0.021778140892314356,0.14811515485117796,0.8787800150017464
0.6047293292661603,-0.00229,4.031118236203783,52.03902649464578,-344.6500097843178,-325.73401401321155,0.9382706445740984,0.9924414779147372,0.9494780796514499,0.9957511223546867,1.0007149462048701,0.9982237183194909,0.8824097200897483,0.9989397666263083,0.9945349020720065,7.53e-5,-0.0022147,0.30699740934381203,0.5872495604379192,0.021773501369423992,0.1480992607175529,0.8909088157517129
0.6165571083701215,-0.00229,3.9962106751425535,62.24342887576245,-348.1073967183788,-330.8362152037699,0.9366633539577822,0.9923068037690433,0.945205483875942,0.9935221018221586,1.000366566591505,0.9980204625738579,0.8685995544864907,0.9989258387151765,0.9932158757705016,7.53e-5,-0.0022147,0.30699740934381203,0.5872495604379192,0.021770726129148616,0.14808975247444617,0.9030376165016794
0.6283163049944824,-0.00229,3.9612629800240007,74.50582430838051,-352.29001468785776,-336.9674129200789,0.9354630101453558,0.9922145833530464,0.940982770783081,0.9913207164178579,1.0000269014322254,0.9978173762268465,0.8531857700855341,0.9989186735985033,0.9918266053782266,7.53e-5,-0.0022147,0.30699740934381203,0.5872495604379192,0.021769400875582944,0.14808521181779583,0.9151664172516458
0.6400000000000001,-0.00229,3.9266288145063863,88.80969480966837,-357.15069718908507,-344.11934817072284,0.9347259277483523,0.9921695995560399,0.9367802041980751,0.9891526096811661,0.9996945707051443,0.9976171753121279,0.8362532915876741,0.9989205344454657,0.9903923622121795,7.53e-5,-0.0022147,0.30699740934381203,0.5872495604379192,0.02176909131953643,0.148084151180376,0.9272952180016123
0.4,-0.00227,4.233883951536381,76.4557001905614,-352.24185365310706,-337.94235086116936,0.9247814472252112,0.9917483463802359,1.0277441655219153,1.030661549839295,1.006998067779181,1.0008518552648242,0.8579526797544366,0.9984616102572998,0.9964015626801014,7.53e-5,-0.0021947,0.30699740934381203,0.5872495604379192,0.021991755993823428,0.14884517609042588,0.684719203002283
0.41191200390332305,-0.00227,4.22932563140527,65.0633167219421,-348.4519174747993,-332.2461591268597,0.9269031315106437,0.9918637766421465,1.0227592491113664,1.028899502372882,1.006659804963454,1.000728920649035,0.8720854439792997,0.9984964326734419,0.9972120208484535,7.53e-5,-0.0021947,0.30699740934381203,0.5872495604379192,0.02198414625085265,0.14881922978595818,0.6968480037522494
0.4238758389929187,-0.00227,4.22522406545003,55.73096543117117,-345.4053507573431,-327.57998348147424,0.9293374961721903,0.9920191753093416,1.0177817587195461,1.0270893846501417,1.0063105091612778,1.0006031638814288,0.8845125900560139,0.998541151007568,0.9979564206734968,7.53e-5,-0.0021947,0.30699740934381203,0.5872495604379192,0.021976213267106658,0.1487921766806843,0.7089768045022159
0.4358844657197842,-0.00227,4.220970782948403,48.36173621468777,-343.0826727374171,-323.89536887323254,0.9319942432184377,0.9922049766835842,1.0129436074682077,1.0252628641982473,1.0059609105377014,1.0004747340880027,0.8951767364898042,0.9985930279292063,0.9986114942972637,7.53e-5,-0.0021947,0.30699740934381203,0.5872495604379192,0.021967724535695624,0.14876322307471074,0.7211056052521824
0.44793081817941127,-0.00227,4.217048368309197,42.79840469054648,-341.42799332539664,-321.1137031111619,0.9347707441987996,0.992386581255315,1.0081957690842998,1.0233975494263647,1.0056122438378527,1.0003421788728628,0.9040865729199173,0.9986412183044197,0.9990958442214269,7.53e-5,-0.0021947,0.30699740934381203,0.5872495604379192,0.02195809640232699,0.14873037654469062,0.7332344060021488
0.46000780826938065,-0.00227,4.212935577856131,38.826627734442695,-340.35288981422144,-319.12781463311,0.9374392832352064,0.9925749618751777,1.0034912888429057,1.0214996663067686,1.0052541842416942,1.0002085756495622,0.9112551599987625,0.9986922654273271,0.9994864596144536,7.53e-5,-0.0021947,0.30699740934381203,0.5872495604379192,0.021947071855984157,0.14869275748334299,0.7453632067521153
0.4721083298600184,-0.00227,4.208257497842012,36.18293091205362,-339.73977981976,-317.80596622191547,0.9398568172580543,0.9927446805671669,0.9988262835471007,1.0195641013955983,1.0048905647099025,1.0000722094813193,0.9167323110237048,0.9987394581479216,0.9997439360713823,7.53e-5,-0.0021947,0.30699740934381203,0.5872495604379192,0.02193412895038349,0.14864858061528258,0.7574920075020818
0.48422526297566015,-0.00227,4.202513931025356,34.57072633781286,-339.4500263739217,-316.9998639347951,0.9418508404703886,0.9928787896790326,0.9942068306997278,1.0175924589368563,1.0045223756990445,0.9999326522378067,0.9205891010670862,0.998780064828812,0.9998654631567114,7.53e-5,-0.0021947,0.30699740934381203,0.5872495604379192,0.021918942787668413,0.1485967307885295,0.7696208082520483
0.49635147798406076,-0.00227,4.195188353318708,33.68929844410138,-339.34041054424694,-316.55914998793935,0.9432729191995258,0.9929637649970384,0.9896267221137353,1.0155821337446524,1.0041498049057334,0.9997891632061715,0.9228998698686621,0.9988131332031689,0.999852224744971,7.53e-5,-0.0021947,0.30699740934381203,0.5872495604379192,0.021901361917137183,0.14853668282069685,0.7817496090020147
0.5084798397914873,-0.00227,4.185845838747347,33.285218695236495,-339.29002298453554,-316.3571101135069,0.9440270966737611,0.9929938624256475,0.9850963327805785,1.013529867805053,1.003772760278863,0.9996410749424329,0.9237181384881287,0.9988401788095689,0.9997061991931668,7.53e-5,-0.0021947,0.30699740934381203,0.5872495604379192,0.02188175384845139,0.14846968309932526,0.7938784097519812
0.5206032120410252,-0.00227,4.173854436593022,33.22951514494389,-339.2375857024879,-316.3292583383606,0.9440877532059845,0.9929646938588906,0.9805609336180837,1.0114314261755006,1.003392296304406,0.9994865360094644,0.9230759730045691,0.9988619977202715,0.9994369800011037,7.53e-5,-0.0021947,0.30699740934381203,0.5872495604379192,0.021861317118923477,0.14839982064676477,0.8060072105019476
0.5327144613116285,-0.00227,4.158331321713422,33.58120612099128,-339.21427156719426,-316.5051038263843,0.9434925671042931,0.9928870258425166,0.976044806449714,1.0092919867891215,1.003010245308115,0.9993248225143342,0.9209473827354523,0.9988803781875436,0.9990402931772526,7.53e-5,-0.0021947,0.30699740934381203,0.5872495604379192,0.021841820672727982,0.1483331427676642,0.818136011251914
0.5448064613154395,-0.00227,4.139072645952734,34.568758750241614,-339.3306082833232,-316.99888014100947,0.9423354342964879,0.9927641227709759,0.9715576072992905,1.0071109546923336,1.0026258905277519,0.999156877257592,0.9172908001945266,0.9988916230992094,0.9985140386150102,7.53e-5,-0.0021947,0.30699740934381203,0.5872495604379192,0.021824577357863063,0.1482741463522352,0.8302648120018805
0.5568720970909158,-0.00227,4.115958237620581,36.501369656593965,-339.7369888655584,-317.96518559418564,0.9407720533676565,0.9926077720765007,0.9670919153465592,1.0048917152080694,1.0022445068876127,0.9989783545209437,0.912040694023233,0.9988937491744782,0.997836850851087,7.53e-5,-0.0021947,0.30699740934381203,0.5872495604379192,0.021810016575761426,0.1482243102288893,0.842393612751847
0.5689042691892888,-0.00227,4.0894619413784765,39.688706410325494,-340.57910372102384,-319.5588539710514,0.9389580903926277,0.992433040831396,0.9626815149903293,1.00265259125842,1.0018689573092296,0.9987910210393787,0.905136669442966,0.9988876326531662,0.9970111603398554,7.53e-5,-0.0021947,0.30699740934381203,0.5872495604379192,0.021798268980602095,0.1481840907386683,0.8545224135018135
0.580895897851898,-0.00227,4.060165976552859,44.40030813044257,-341.9774155501577,-321.91465483110994,0.9370454488187486,0.9922555067170231,0.9582970172465113,1.0004073964645332,1.0015001169647884,0.9985975650796236,0.8965341824177923,0.998876252035761,0.9960536273365533,7.53e-5,-0.0021947,0.30699740934381203,0.5872495604379192,0.02178919061953821,0.14815300247576893,0.8666512142517799
0.5928399271759361,-0.00227,4.0289138411325345,50.850319412616614,-344.02001801267784,-325.13966047219697,0.9351902674768123,0.9920881926692849,0.9539743012751412,0.998163070535921,1.001137346435499,0.998400431535607,0.8862051434241467,0.9988620367549517,0.9949697828856213,7.53e-5,-0.0021947,0.30699740934381203,0.5872495604379192,0.021782555958703195,0.14813027850194704,0.8787800150017464
0.6047293292661603,-0.00227,3.9963217199097882,59.19257809393014,-346.7624543983156,-329.3107898128537,0.9335320341401852,0.9919456442182747,0.9496898583336646,0.9959353065807908,1.0007844817902816,0.9981996481938699,0.8741707349182463,0.9988493252197886,0.993776338361057,7.53e-5,-0.0021947,0.30699740934381203,0.5872495604379192,0.0217780425578084,0.14811481799280965,0.8909088157517129
0.6165571083701215,-0.00227,3.963108799317861,69.51998402109427,-350.2227754175638,-334.4744927764358,0.9321828945765804,0.991837262566098,0.9454477158249062,0.9937304044874787,1.0004405371329246,0.9979977154938042,0.8604708959017606,0.9988410835093188,0.9924941484013657,7.53e-5,-0.0021947,0.30699740934381203,0.5872495604379192,0.021775291244809022,0.14810539269043485,0.9030376165016794
0.6283163049944824,-0.00227,3.929770227241561,81.8662636481298,-354.38481382372856,-340.64763258995356,0.9312288560275568,0.9917721790118406,0.9412388435872443,0.9915553200133632,1.0001005895821122,0.9978012120499201,0.8451665802075496,0.9988405982312241,0.9911540860990142,7.53e-5,-0.0021947,0.30699740934381203,0.5872495604379192,0.021773912122122516,0.14810066794591323,0.9151664172516458
0.6400000000000001,-0.00227,3.8967667866292515,96.20963165089938,-359.2047309923319,-347.81931659133835,0.9307401838410626,0.9917519135175443,0.9370404179021226,0.9894060550784085,0.9997734236171523,0.9976002051140431,0.8283789723500635,0.9988480433325501,0.989757937079258,7.53e-5,-0.0021947,0.30699740934381203,0.5872495604379192,0.02177343155535438,0.1480990215350251,0.9272952180016123
0.4,-0.00225,4.212783923969987,84.39749275332008,-354.5061713698747,-341.9132471425487,0.9203575803330515,0.9912988469107907,1.027606592955498,1.0306541881215305,1.007000854669193,1.0008474855143548,0.8495525443653449,0.9983799199317374,0.9957581733765879,7.53e-5,-0.0021747,0.30699740934381203,0.5872495604379192,0.021991169403467042,0.14884317619843027,0.684719203002283
0.41191200390332305,-0.00225,4.207355395040015,72.89103396909684,-350.7219628259411,-336.1600177504371,0.922236504209793,0.9913870381794877,1.0226208301157327,1.028894472925138,1.006663950766161,1.0007237107547609,0.8635771210246436,0.9984103905388911,0.9965266346921167,7.53e-5,-0.0021747,0.30699740934381203,0.5872495604379192,0.021983389009530504,0.1488166476434008,0.6968480037522494
0.4238758389929187,-0.00225,4.201983862873739,63.4101425015225,-347.6626992900837,-331.4195720166499,0.9244405974932295,0.9915140638765462,1.0177198251097137,1.0270996331601574,1.006321133316608,1.000596883878473,0.8759223463649415,0.99845010143509,0.997226568720251,7.53e-5,-0.0021747,0.30699740934381203,0.5872495604379192,0.021975428106050375,0.14878949886051915,0.7089768045022159
0.4358844657197842,-0.00225,4.196689406577191,55.86763656163032,-345.31267694189995,-327.6483190467038,0.926880068455441,0.9916677136225892,1.012884738651759,1.0252679181574382,1.0059740112658837,1.0004666398510182,0.886538788877612,0.9984960685819912,0.9978260223029929,7.53e-5,-0.0021747,0.30699740934381203,0.5872495604379192,0.021966822883249026,0.14876014737171528,0.7211056052521824
0.44793081817941127,-0.00225,4.191532702433042,50.11838258014666,-343.62003050058775,-324.773692055962,0.9294088337197445,0.9918372958263671,1.008074162865046,1.023394709856402,1.0056194375484047,1.000334061991105,0.8954096986901867,0.9985463651716431,0.9983189752459376,7.53e-5,-0.0021747,0.30699740934381203,0.5872495604379192,0.021957209673033024,0.14872735109962493,0.7332344060021488
0.46000780826938065,-0.00225,4.185926103937473,45.96209130493514,-342.50232120379894,-322.69554641835623,0.9318930963450343,0.9920057579557077,1.0034326883342053,1.0215058005419573,1.005265718015531,1.0001987693736065,0.9025568191736149,0.9985967572449165,0.9986804399449702,7.53e-5,-0.0021747,0.30699740934381203,0.5872495604379192,0.021946363946099695,0.14869034156677216,0.7453632067521153
0.4721083298600184,-0.00225,4.1797240720917,43.1507680243019,-341.84785215125606,-321.2898847780396,0.9341529410024839,0.9921624266888047,0.9987531729113552,1.0195721214890845,1.004904253045067,1.0000604906384452,0.9080183133202803,0.9986466051852806,0.998921458573676,7.53e-5,-0.0021747,0.30699740934381203,0.5872495604379192,0.021933640764702313,0.1486469140852088,0.7574920075020818
0.48422526297566015,-0.00225,4.172726079372485,41.40328717757882,-341.5246052806686,-320.41614435467807,0.9360350464468128,0.9922887591901912,0.9941518401474732,1.0176050329028894,1.0045388694573325,0.9999192966871248,0.9118654449092957,0.9986916554083491,0.999026080143081,7.53e-5,-0.0021747,0.30699740934381203,0.5872495604379192,0.02191882221138436,0.1485963190369647,0.7696208082520483
0.49635147798406076,-0.00225,4.163999390606072,40.43204402761182,-341.3948172146756,-319.93052277969457,0.9373968248053856,0.9923732989057649,0.9896065752678379,1.0156068008235681,1.0041697877859976,0.9997752487092642,0.9141685094317993,0.9987308229450512,0.9990038148670994,7.53e-5,-0.0021747,0.30699740934381203,0.5872495604379192,0.021901785098619952,0.14853812848587858,0.7817496090020147
0.5084798397914873,-0.00225,4.153567778499392,39.99175996957342,-341.33936987915536,-319.71038075067537,0.9381470293096635,0.9924051446543831,0.985066047166205,1.0135653582823818,1.0037978794406595,0.9996248282119713,0.9149814648427377,0.9987618897407805,0.9988515232079025,7.53e-5,-0.0021747,0.30699740934381203,0.5872495604379192,0.02188272514350154,0.14847300265321953,0.7938784097519812
0.5206032120410252,-0.00225,4.140414948448752,39.95530838062223,-341.29706305291995,-319.6921549561998,0.9382454179951473,0.9923828169097495,0.9805707996401645,1.011480195494525,1.0034213996104009,0.999469563912764,0.9143357174342491,0.9987845318751462,0.9985789384157804,7.53e-5,-0.0021747,0.30699740934381203,0.5872495604379192,0.021862901641114582,0.14840523843789016,0.8060072105019476
0.5327144613116285,-0.00225,4.124103204824849,40.3780082853807,-341.29667454327154,-319.903504908579,0.9377299918145807,0.9923096424367173,0.9761064428773369,1.0093576173409968,1.003043768179391,0.9993077277846204,0.9122217834074546,0.9987986260854782,0.9981863354145969,7.53e-5,-0.0021747,0.30699740934381203,0.5872495604379192,0.021844055818451946,0.1483407884459721,0.818136011251914
0.5448064613154395,-0.00225,4.104234879886721,41.4801091275458,-341.4467661817296,-320.45455532966156,0.9366977448895651,0.9921946366081632,0.9716444873889959,1.007190977967879,1.0026645883797345,0.9991382201223189,0.9085833201779973,0.9988044803274329,0.9976642715879648,7.53e-5,-0.0021747,0.30699740934381203,0.5872495604379192,0.021827370542147763,0.14828370452145076,0.8302648120018805
0.5568720970909158,-0.00225,4.080948776592235,43.5587554125168,-341.89292200711344,-321.49387847214706,0.935302469975507,0.9920483673757247,0.9672012681694548,1.0049882914963297,1.0022922781428762,0.9989546899038471,0.9033541259572283,0.9988019069463341,0.9969835551256938,7.53e-5,-0.0021747,0.30699740934381203,0.5872495604379192,0.02181327040140913,0.14823544827067647,0.842393612751847
0.5689042691892888,-0.00225,4.0548201406101665,46.9092887690033,-342.7752383888901,-323.1691451503903,0.9336708683653174,0.9918907817174696,0.9628155047538312,1.0027819373488107,1.0019246998799485,0.9987675198203272,0.8964838038273474,0.9987950038121602,0.9961836789887832,7.53e-5,-0.0021747,0.30699740934381203,0.5872495604379192,0.021802066505264905,0.14819709323973626,0.8545224135018135
0.580895897851898,-0.00225,4.026244947710923,51.78660451042924,-344.2087864792298,-325.6078030211033,0.9319636695677648,0.9917352107199573,0.9584636514660795,1.000552294833968,1.0015530737976914,0.9985807399255497,0.8879218248848018,0.9987851539332168,0.9952589931870207,7.53e-5,-0.0021747,0.30699740934381203,0.5872495604379192,0.021793291099241205,0.1481670450884418,0.8666512142517799
0.5928399271759361,-0.00225,3.9961514186532843,58.3912917079532,-346.27756578651895,-328.91014661986526,0.9303522932876508,0.9915894355670877,0.9541723559990971,0.9983466337033617,1.001201414062359,0.9983819431363399,0.8776508473325118,0.9987736636956542,0.9942047446066821,7.53e-5,-0.0021747,0.30699740934381203,0.5872495604379192,0.021786978519658152,0.14814542632277589,0.8787800150017464
0.6047293292661603,-0.00225,3.9647327801575365,66.86548758890547,-349.03091482736414,-333.1472445603414,0.9289435638598206,0.9914691100978068,0.9499169840774141,0.9961303880503375,1.0008525905904837,0.9981797338476377,0.8656978906071146,0.9987640481556108,0.9930257540592475,7.53e-5,-0.0021747,0.30699740934381203,0.5872495604379192,0.021782486021819772,0.14813003894735546,0.8909088157517129
0.6165571083701215,-0.00225,3.93297075444154,77.2925519163914,-352.4831582970941,-338.36077672408436,0.92784293929667,0.9913876089318241,0.9456866950535924,0.9939523729859657,1.0005087071080083,0.9979842806629033,0.852086539666476,0.9987616244758294,0.9917961132940794,7.53e-5,-0.0021747,0.30699740934381203,0.5872495604379192,0.021779769800145204,0.148120734790708,0.9030376165016794
0.6283163049944824,-0.00225,3.901112625618533,89.69896924254749,-356.617970745248,-344.5639853871624,0.9271383447612022,0.9913463568009276,0.9414764310382326,0.9917927430115121,1.0001759869173117,0.9977840123449999,0.8369176545203896,0.9987656953185997,0.9904821201446576,7.53e-5,-0.0021747,0.30699740934381203,0.5872495604379192,0.021778228768471807,0.1481154558824066,0.9151664172516458
0.6400000000000001,-0.00225,3.869562991068522,104.0580295000425,-361.38885572228526,-351.7435155159099,0.9268883146749922,0.9913514711373342,0.9372745861063116,0.9896695693539753,0.9998516027532137,0.9975863471435406,0.8202844267524763,0.9987789984626169,0.9891359964678642,7.53e-5,-0.0021747,0.30699740934381203,0.5872495604379192,0.021777594876058733,0.14811328438803423,0.9272952180016123
