sin2_theta23,dm2_32,dcp,dchi2,log_likelihood,log_posterior,nova_hadronic_energy_scale,nova_muon_energy_scale,nova_nue_bkg_norm,nova_nue_signal_norm,nova_nue_xsec_ratio_nu,nova_nue_xsec_ratio_nubar,nova_numu_norm,nova_rhc_hadronic_energy_scale,nova_rhc_norm,dm2_21,dm2_31,sin2_theta12,theta12,sin2_theta13,theta13,theta23
0.4,0.002509404387647802,0.0,20.951730412643656,-336.73021668834633,-299.30285585111017,1.0042642291539277,0.9998191419223666,0.9968000523818498,1.0158527559059822,1.0028480519460559,1.0011673547307445,0.9506808795164515,1.0003846615915686,1.0074851898399528,7.53e-5,0.002584704387647802,0.30699740934381203,0.5872495604379192,0.021858864259392697,0.1483914334619441,0.684719203002283
0.4,0.002510124049671333,0.2617993877991494,22.190319964067157,-337.25174077325494,-299.9221506268219,1.0041546910729795,0.9998392621012415,1.0070127594786502,1.0216299008735208,1.00461099718799,1.0008886028376727,0.9508547014556046,1.0003382688861198,1.006919817417907,7.53e-5,0.002585424049671333,0.30699740934381203,0.5872495604379192,0.021927021794288733,0.1486243169723963,0.684719203002283
0.4,0.0025118610540071514,0.5235987755982988,24.163099396738062,-338.0968918436989,-300.90854034315737,1.0042594180814277,0.9998704260290433,1.018708521893309,1.0269524871667683,1.0062600876963461,1.0006152869664156,0.9511437783526975,1.0003078543886603,1.006368106627459,7.53e-5,0.0025871610540071513,0.30699740934381203,0.5872495604379192,0.02199845333915721,0.1488680078387074,0.684719203002283
0.4,0.002514526330233399,0.7853981633974483,26.584483058688534,-339.1410036160837,-302.1192321741326,1.004333049204439,0.9999164769642321,1.0307438255188826,1.0315213585284644,1.007688712965293,1.0003753169307672,0.9516009168863628,1.0002947994049098,1.0059004890550847,7.53e-5,0.0025898263302333987,0.30699740934381203,0.5872495604379192,0.02206781353038886,0.14910426240750763,0.684719203002283
0.4,0.0025178583811913723,1.0471975511965976,28.98099123220925,-340.17730102616406,-303.31748626089296,1.0040536481138393,0.9999779964055271,1.041653135698002,1.0351405729193082,1.0088204428442187,1.0001926143008921,0.9522595582333514,1.0002956947316297,1.005575770659798,7.53e-5,0.0025931583811913722,0.30699740934381203,0.5872495604379192,0.02212890510264927,0.14931205200703393,0.684719203002283
0.4,0.0025214560420077853,1.3089969389957472,30.795980236836613,-340.96189099165883,-304.22498076320664,1.0031795473509,1.000052781592294,1.049863687911667,1.0376784609996168,1.0095944646376538,1.0000880274042991,0.9530541750401144,1.0003039753659546,1.005411753165664,7.53e-5,0.0025967560420077852,0.30699740934381203,0.5872495604379192,0.022174824029822383,0.14946805069471358,0.684719203002283
0.4,0.002524898064506374,1.5707963267948966,31.55069649427901,-341.28285369974077,-304.60233889192784,1.0016643676464414,1.0001356580980971,1.0541339427436929,1.0391076234326782,1.0099790811471345,1.0000784103634248,0.9538934680805115,1.0003125616574213,1.0054393088528104,7.53e-5,0.002600198064506374,0.30699740934381203,0.5872495604379192,0.022200022696884196,0.1495535901234261,0.684719203002283
0.4,0.0025276830734990534,1.8325957145940461,31.010414517101367,-341.0347911646501,-304.332197903339,0.9996594489877481,1.0002048345327574,1.0538940169633921,1.0393592056198036,1.0099664904728654,1.0001596874362852,0.9546311884326294,1.0003096346875853,1.0056374599305873,7.53e-5,0.0026029830734990533,0.30699740934381203,0.5872495604379192,0.022201191499705338,0.14955755659136755,0.684719203002283
0.4,0.002529604143983797,2.0943951023931953,29.28112576688966,-340.2647653713693,-303.46755352823317,0.997597260615493,1.0002488837508816,1.0493234693358435,1.0383852073810558,1.0095448943839491,1.0003267672715896,0.9551487527189602,1.000290941540312,1.0059940763549313,7.53e-5,0.002604904143983797,0.30699740934381203,0.5872495604379192,0.0221783213154664,0.14947992542288294,0.684719203002283
0.4,0.0025306160726202417,2.356194490192345,26.781368362122294,-339.1626763271427,-302.2176748258495,0.9959761250663258,1.0002589371464121,1.04139484600918,1.0361261013056187,1.0087185605680076,1.0005614509661689,0.9553552686585356,1.0002544783866656,1.0064657611074215,7.53e-5,0.0026059160726202416,0.30699740934381203,0.5872495604379192,0.022134697025521646,0.14933173740662745,0.684719203002283
0.4,0.0025308633694066576,2.6179938779914944,24.09726440316831,-337.99544080859005,-300.8756228463725,0.99517754855606,1.0002353969980902,1.031518282461826,1.0325970489844931,1.0075179834759698,1.0008387050516827,0.955241590894814,1.000204600531406,1.0070045346931815,7.53e-5,0.0026061633694066575,0.30699740934381203,0.5872495604379192,0.022076062887688718,0.149132337191955,0.684719203002283
0.4,0.002530564832514915,2.8797932657906435,21.79225570704466,-337.0165295058768,-299.72311849831067,0.9953539690985977,1.0001875755427456,1.0211186864510569,1.0279231998635256,1.0060072798167852,1.0011265252242092,0.9548556562883227,1.0001530422658358,1.0075506411623223,7.53e-5,0.002605864832514915,0.30699740934381203,0.5872495604379192,0.022008951031995933,0.14890378841935936,0.684719203002283
0.4,0.002529879016724917,3.141592653589793,20.25474097003473,-336.3939315835609,-298.9543611298057,0.9964200836558599,1.000122806188636,1.0114683226215255,1.0223944319672935,1.0043024419998339,1.0013991993875837,0.9543180577167936,1.000108709653507,1.0080681122634945,7.53e-5,0.002605179016724917,0.30699740934381203,0.5872495604379192,0.02194010938873275,0.14866899469645428,0.684719203002283
0.4,0.0025289288936234315,3.4033920413889422,19.627388157097812,-336.1806534633721,-298.64068472333724,0.9981521152025848,1.0000556386932595,1.0031692610070473,1.0163600315036334,1.0025184984660778,1.0016276627696,0.953693079580488,1.0000903741650893,1.0084984293214105,7.53e-5,0.0026042288936234314,0.30699740934381203,0.5872495604379192,0.021874118562603878,0.14844358579781877,0.684719203002283
0.4,0.0025277130187131417,3.6651914291880923,19.815824860977386,-336.3217341034497,-298.73490307527703,1.0002415166194663,0.9999903557506677,0.996535159066193,1.0102849419410789,1.0007905185855563,1.0018028088569302,0.9530584024163768,1.0001048288363525,1.0088192846844792,7.53e-5,0.0026030130187131417,0.30699740934381203,0.5872495604379192,0.021814830021744426,0.14824078665736687,0.684719203002283
0.4,0.0025262016297451038,3.9269908169872414,20.55174869720804,-336.68808464350883,-299.10286499339236,1.0023712683841464,0.999932277004483,0.9914501581407664,1.004665674594633,0.9992500650940564,1.0019174915376043,0.9524621666620816,1.0001583273301022,1.0090276189952707,7.53e-5,0.0026015016297451037,0.30699740934381203,0.5872495604379192,0.02176471401176373,0.1480691523430697,0.684719203002283
0.4,0.002524381294856525,4.1887902047863905,21.483430179356787,-337.1191773790785,-299.56870573446673,1.0042881947882007,0.9998847143540792,0.9876132506788003,0.9999819114087051,0.9980080438481583,1.0019798577532657,0.9519236357647514,1.0002439027166727,1.009136535609494,7.53e-5,0.002599681294856525,0.30699740934381203,0.5872495604379192,0.02172528400610943,0.14793397896936955,0.684719203002283
0.4,0.0025222419503024116,4.4505895925855405,22.271622216182664,-337.4665685533231,-299.96280175287967,1.0057751559489876,0.9998472138093205,0.984603390164299,0.9966292167141969,0.9971452043021081,1.0020034553522839,0.9514622426384447,1.0003443667157614,1.0091712258442729,7.53e-5,0.0025975419503024115,0.30699740934381203,0.5872495604379192,0.02169729410758433,0.14783795160151872,0.684719203002283
0.4,0.0025198450652485485,4.71238898038469,22.671937047230017,-337.6282497072904,-300.16295916840335,1.006692350185009,0.9998197444726956,0.9821944685109173,0.994897261939376,0.9967182821260842,1.0019986328115924,0.951091912343169,1.0004384593258409,1.0091547593477963,7.53e-5,0.0025951450652485484,0.30699740934381203,0.5872495604379192,0.021681362526082104,0.14778326669748496,0.684719203002283
0.4,0.0025173142702266875,4.974188368183839,22.587752370587168,-337.5688578027962,-300.1208668300819,1.006998316509712,0.9998022017367414,0.9804458238271694,0.9949253772793154,0.9967567493095414,1.0019674640430356,0.9508208563522043,1.0005069529720358,1.0090916502508769,7.53e-5,0.0025926142702266874,0.30699740934381203,0.5872495604379192,0.02167807755297173,0.14777198863593,0.684719203002283
0.4,0.0025148232800382025,5.235987755982989,22.08491333528491,-337.32301617290176,-299.8694473124308,1.0067599961237896,0.9997936564983014,0.9796949818857782,0.9966885096485351,0.9972604683757621,1.0019038402664506,0.9506492467454779,1.000538255550077,1.00896710474779,7.53e-5,0.0025901232800382024,0.30699740934381203,0.5872495604379192,0.021687995016615363,0.14780603500352457,0.684719203002283
0.4,0.0025125740855881525,5.497787143782138,21.369713685587726,-336.98421693364276,-299.5118474875822,1.0061426528367892,0.9997926847894482,0.9804868124517476,1.0000099865397718,0.9981996455327893,1.0017965973915637,0.9505647977782151,1.0005313398444011,1.0087548957116985,7.53e-5,0.0025878740855881524,0.30699740934381203,0.5872495604379192,0.021711504280501566,0.147886711235649,0.684719203002283
0.4,0.0025107870547627334,5.759586531581287,20.738899785103627,-336.68324321282336,-299.19644053734015,1.005374631106131,0.9997974178020663,0.9833955711652315,1.0045860777424382,0.9995120185991804,1.0016367387705667,0.9505460027794262,1.0004942822501022,1.0084328477869482,7.53e-5,0.0025860870547627333,0.30699740934381203,0.5872495604379192,0.021748552284899428,0.14801376143636877,0.684719203002283
0.4,0.0025096699009516726,6.021385919380437,20.51160990832045,-336.5599860051336,-299.08279559894856,1.0046904071713834,0.9998062520072863,0.9888137903474531,1.0100186689706692,1.0011025148499937,1.0014235507556384,0.9505835974902942,1.0004406540115878,1.0080026142514258,7.53e-5,0.0025849699009516725,0.30699740934381203,0.5872495604379192,0.02179831573357198,0.14818425082481945,0.684719203002283
0.4,0.0025094043876478,6.283185307179586,20.951730412643315,-336.7302166883462,-299.30285585111,1.0042642291539265,0.9998191419223666,0.996800052381838,1.0158527559059782,1.0028480519460545,1.0011673547307447,0.9506808795164503,1.0003846615915688,1.0074851898399535,7.53e-5,0.0025847043876478,0.30699740934381203,0.5872495604379192,0.021858864259392655,0.14839143346194397,0.684719203002283
0.41191200390332305,0.0024925045021068604,0.0,13.39913164613904,-333.3763138566383,-295.52655646785786,1.0048418968366324,0.999801235463875,0.9909221603275216,1.0131846740841106,1.0022413502749734,1.001089914545261,0.9620715496804302,1.0004072841378615,1.0082551021276347,7.53e-5,0.0025678045021068603,0.30699740934381203,0.5872495604379192,0.021846629036493665,0.14834959008189832,0.6968480037522494
0.41191200390332305,0.002493157532948875,0.2617993877991494,14.425590544260785,-333.811802762796,-296.03978591691873,1.0046199680667414,0.9998198950784366,1.000849747784688,1.0190400558277326,1.0040258447295736,1.0008064598112312,0.9622695965557851,1.0003640941956218,1.0076814434268275,7.53e-5,0.002568457532948875,0.30699740934381203,0.5872495604379192,0.021914425449315572,0.14858130393783842,0.6968480037522494
0.41191200390332305,0.00249480810104851,0.5235987755982988,16.172222580005155,-334.5616473111158,-296.9131019347909,1.0046333051018506,0.9998527481691879,1.012238536128726,1.0244728671386198,1.0057016022347938,1.000528707185261,0.9625734754156248,1.0003405932653946,1.0071192923404213,7.53e-5,0.00257010810104851,0.30699740934381203,0.5872495604379192,0.021985732836530228,0.14882463979666732,0.6968480037522494
0.41191200390332305,0.0024973566782140796,0.7853981633974483,18.378681285022708,-335.5117509541112,-298.0163312872997,1.0046287457671126,0.9998933151049693,1.0239494702794778,1.0291652188326368,1.0071688093984201,1.0002822966207647,0.9630286540972707,1.0003304478575001,1.0066531079134047,7.53e-5,0.0025726566782140795,0.30699740934381203,0.5872495604379192,0.02205510253161672,0.1490609934134545,0.6968480037522494
0.41191200390332305,0.0025005834505080773,1.0471975511965976,20.601426795597945,-336.4686153939744,-299.1277040425873,1.0043615546392302,0.9999561783281525,1.034549024827107,1.0328936719778472,1.0083187949288204,1.0001013558617142,0.9636332175650297,1.0003372279836753,1.0063131333955857,7.53e-5,0.002575883450508077,0.30699740934381203,0.5872495604379192,0.022115999714679695,0.14926818053548277,0.6968480037522494
0.41191200390332305,0.0025040775152811523,1.3089969389957472,22.312216113493605,-337.20125406477536,-299.98309870153514,1.0035490715323985,1.0000299710452392,1.0426363685173865,1.0355513579277653,1.0091173866642333,0.9999992305491618,0.9643796734745523,1.0003493901332932,1.0061546274258322,7.53e-5,0.0025793775152811523,0.30699740934381203,0.5872495604379192,0.02216232710885334,0.14942561101061058,0.6968480037522494
0.41191200390332305,0.0025073848487246987,1.5707963267948966,23.051345938304962,-337.50841441862667,-300.3526636139408,1.0021256140797932,1.0001066419906748,1.0469590618278277,1.0370569640142389,1.00952086555476,0.9999907742677271,0.9651489626084175,1.0003589951272103,1.0061808553106186,7.53e-5,0.0025826848487246986,0.30699740934381203,0.5872495604379192,0.022188151597984308,0.14951329838941496,0.6968480037522494
0.41191200390332305,0.0025101363246086104,1.8325957145940461,22.58713340914869,-337.2880649107733,-300.1205573493627,1.000284812559984,1.0001742742928565,1.046928126864604,1.0373595576823347,1.009512725337729,1.0000774736694646,0.9658206478898442,1.0003578557460566,1.0063863005462137,7.53e-5,0.0025854363246086104,0.30699740934381203,0.5872495604379192,0.02219014517017315,0.14952006551486113,0.6968480037522494
0.41191200390332305,0.0025120542434822527,2.0943951023931953,21.01082472942346,-336.58230655171553,-299.33240300950007,0.9983601955598658,1.0002112866870974,1.0427545071509448,1.0364138410236536,1.0091074580424457,1.0002439111684984,0.9663452014251274,1.0003379357231854,1.0067663043025936,7.53e-5,0.0025873542434822526,0.30699740934381203,0.5872495604379192,0.02216880399751046,0.14944760805670665,0.6968480037522494
0.41191200390332305,0.0025131443839044895,2.356194490192345,18.713370936391016,-335.5684629579515,-298.18367611298385,0.9968982557884666,1.0002225483408016,1.0352471269217625,1.0341398405918758,1.0082645489684643,1.0004865868678339,0.9664799369883214,1.0003025474210043,1.0072425586941702,7.53e-5,0.0025884443839044894,0.30699740934381203,0.5872495604379192,0.02212594388076479,0.14930198652940507,0.6968480037522494
0.41191200390332305,0.0025134953082491776,2.6179938779914944,16.24966748242332,-334.4988365309698,-296.951824386,0.9961986388925361,1.0001965321677024,1.0258495209143703,1.0305982065789971,1.0070610440545267,1.0007687512953514,0.9663720485161379,1.0002512903235654,1.0078055120368552,7.53e-5,0.0025887953082491776,0.30699740934381203,0.5872495604379192,0.022068462926693493,0.14910647266398258,0.6968480037522494
0.41191200390332305,0.002513327150562968,2.8797932657906435,14.156807722903409,-333.6134287951549,-295.90539450624004,0.996455966174963,1.0001484700372842,1.0158648985954877,1.025892034393754,1.0055408198031424,1.0010635142017377,0.9659707595076674,1.0001977136869804,1.0083666758922625,7.53e-5,0.002588627150562968,0.30699740934381203,0.5872495604379192,0.022002074541049486,0.14888035137018754,0.6968480037522494
0.41191200390332305,0.00251274447550834,3.141592653589793,12.805737307922186,-333.07128353888527,-295.22985929874943,0.997544029628319,1.0000828384033722,1.0064438845251003,1.020303680560834,1.0038188636806316,1.0013391362202164,0.965407919573376,1.0001536318635595,1.0088931568120352,7.53e-5,0.00258804447550834,0.30699740934381203,0.5872495604379192,0.021933342957289808,0.1486458974446664,0.6968480037522494
0.41191200390332305,0.002511877829525245,3.4033920413889422,12.330449451006643,-332.9209495448925,-294.99221537029166,0.9992928342527203,1.000013604394301,0.9984669414311632,1.014249866052861,1.0020244270942826,1.0015816527692374,0.9647918937067153,1.0001285588988598,1.0093434902719807,7.53e-5,0.002587177829525245,0.30699740934381203,0.5872495604379192,0.02186782119698165,0.1484220581381585,0.6968480037522494
0.41191200390332305,0.0025107333473347255,3.6651914291880923,12.634585867598616,-333.1074128377526,-295.14428357858765,1.0013749428771501,0.9999486341909462,0.9919553792008076,1.0081347434682215,1.0002831351047146,1.0017638037437586,0.9641585549635361,1.0001400187636706,1.0096775164729348,7.53e-5,0.0025860333473347254,0.30699740934381203,0.5872495604379192,0.021808529069706484,0.14821921813522895,0.6968480037522494
0.41191200390332305,0.002509275525060972,3.9269908169872414,13.45215343418181,-333.5033651400322,-295.55306736187924,1.0034916152945894,0.9998913351446141,0.9868971662633961,1.0024662047379151,0.9987276781804655,1.0018852567962906,0.9635687541705895,1.0001892081329646,1.0098983140891824,7.53e-5,0.002584575525060972,0.30699740934381203,0.5872495604379192,0.021758194660523287,0.14804681106357662,0.6968480037522494
0.41191200390332305,0.002507471093048475,4.1887902047863905,14.436032654677433,-333.951671881241,-296.04500697212706,1.0053779661532567,0.9998458222994935,0.983031978390642,0.9977244353873541,0.9974729328054448,1.0019497766969057,0.963041066002704,1.0002701592163248,1.0100100942147043,7.53e-5,0.002582771093048475,0.30699740934381203,0.5872495604379192,0.02171836472131543,0.14791024601082658,0.6968480037522494
0.41191200390332305,0.0025053514693911504,4.4505895925855405,15.25203503003138,-334.3070067560889,-296.453008159804,1.006831994017589,0.9998098153165428,0.9799168144054649,0.9943017783369139,0.9965918846112919,1.001976890175485,0.9626017845096433,1.0003640851823437,1.0100486383212885,7.53e-5,0.0025806514693911503,0.30699740934381203,0.5872495604379192,0.021689830220805985,0.14781233437209698,0.6968480037522494
0.41191200390332305,0.0025029657162590883,4.71238898038469,15.659346793410691,-334.47007179636853,-296.6566640414937,1.0077094728334726,0.9997853336135216,0.9774281686110793,0.992496215721851,0.9961499448635126,1.0019704223577637,0.9622572803308933,1.000452540767672,1.010024210438944,7.53e-5,0.0025782657162590882,0.30699740934381203,0.5872495604379192,0.021673302259915737,0.14775559247596667,0.6968480037522494
0.41191200390332305,0.0025004409737986104,4.974188368183839,15.561860031408855,-334.4062088935355,-296.60792066049277,1.0079648523732176,0.999770260184348,0.97557697262971,0.9924445151849821,0.996172857677156,1.0019350820698123,0.962020028605223,1.000516484234385,1.0099492244995552,7.53e-5,0.0025757409737986103,0.30699740934381203,0.5872495604379192,0.021669349535217375,0.14774201930125463,0.6968480037522494
0.41191200390332305,0.0024979733531866654,5.235987755982989,15.022343996864038,-334.1487946777653,-296.33816264322036,1.007678516102544,0.9997648608794841,0.9746798491298432,0.9941126532070016,0.996660104499111,1.0018632518301227,0.9619006040373974,1.00054659213278,1.0098144371956113,7.53e-5,0.0025732733531866653,0.30699740934381203,0.5872495604379192,0.02167844501057039,0.1477732502431386,0.6968480037522494
0.41191200390332305,0.0024957182534993396,5.497787143782138,14.241277596134182,-333.7882480972917,-295.94762944285543,1.0069880612692579,0.9997647230315522,0.9753259674545013,0.9973823939864133,0.9975868971828092,1.001751637369955,0.96185026679169,1.0005375997107782,1.0095779637342919,7.53e-5,0.0025710182534993396,0.30699740934381203,0.5872495604379192,0.021701306718155206,0.1478517217292724,0.6968480037522494
0.41191200390332305,0.0024939302694897392,5.759586531581287,13.508914562511677,-333.45188436299975,-295.5814479260442,1.0061437603169798,0.9997731824223545,0.9780841779369092,1.0019142797983835,0.9988962111301414,1.0015795894939632,0.9618705844252216,1.000504677582714,1.009239629050824,7.53e-5,0.002569230269489739,0.30699740934381203,0.5872495604379192,0.021737658626518344,0.14797641436816228,0.6968480037522494
0.41191200390332305,0.002492805415283486,6.021385919380437,13.140009818755061,-333.27637494921476,-295.39699555416587,1.005370061288974,0.9997863855296183,0.9832869781021769,1.007337492843043,1.0004909414099228,1.0013538827637107,0.9619468820017459,1.00045807039516,1.0087938455883478,7.53e-5,0.0025681054152834858,0.30699740934381203,0.5872495604379192,0.02178683078010974,0.14814492032073448,0.6968480037522494
0.41191200390332305,0.0024925045021068595,6.283185307179586,13.399131646139836,-333.37631385663866,-295.52655646785826,1.0048418968366324,0.9998012354638751,0.9909221603275309,1.013184674084113,1.0022413502749739,1.001089914545261,0.9620715496804305,1.0004072841378617,1.0082551021276343,7.53e-5,0.0025678045021068595,0.30699740934381203,0.5872495604379192,0.021846629036493696,0.14834959008189844,0.6968480037522494
0.4238758389929187,0.002475714935879036,0.0,8.013600370128415,-330.9422722990801,-292.83379082985255,1.005458500754851,0.9997767665389106,0.9852373861864847,1.0105033379320485,1.0016344737370033,1.0010139692290732,0.9712662356571669,1.0004236416641221,1.0088284865861166,7.53e-5,0.002551014935879036,0.30699740934381203,0.5872495604379192,0.021833188535481614,0.1483036115513455,0.7089768045022159
0.4238758389929187,0.002476316580677464,0.2617993877991494,8.83643761637984,-331.2961512247963,-293.24520945297826,1.0051363544856369,0.9997986397724044,0.9947728532797192,1.0163942937468464,1.003428286780426,1.0007224299620778,0.9714635220819233,1.0003885598716946,1.0082333587237022,7.53e-5,0.002551616580677464,0.30699740934381203,0.5872495604379192,0.021900227107356392,0.14853280603596494,0.7089768045022159
0.4238758389929187,0.0024779130942948627,0.5235987755982988,10.363811703662122,-331.9550872065783,-294.0088964966194,1.0050623541105144,0.9998286950344135,1.0058872788154671,1.021931660418119,1.0051367606156671,1.0004391308027518,0.971797631090914,1.0003674474606135,1.0076789187212987,7.53e-5,0.0025532130942948626,0.30699740934381203,0.5872495604379192,0.021971347627965442,0.14877558148942172,0.7089768045022159
0.4238758389929187,0.0024803735890714645,0.7853981633974483,12.359723098528093,-332.8146017864999,-295.0068521940524,1.0050157218280733,0.9998751994292308,1.0172379353715681,1.0267231270565067,1.0066139236269613,1.0001955151835038,0.9721924766422646,1.0003664568501083,1.0071828140041788,7.53e-5,0.0025556735890714644,0.30699740934381203,0.5872495604379192,0.022040225721332077,0.14901033638635156,0.7089768045022159
0.4238758389929187,0.0024834932778395637,1.0471975511965976,14.409794525849861,-333.69451888622945,-296.03188790771327,1.00472423379083,0.9999325097221872,1.0276382183388033,1.030593562027152,1.007806941175887,1.0000101939050463,0.9728106663705993,1.0003757868322574,1.0068638533100642,7.53e-5,0.0025587932778395636,0.30699740934381203,0.5872495604379192,0.02210159464883232,0.1492191961763587,0.7089768045022159
0.4238758389929187,0.0024868589513075815,1.3089969389957472,16.01382124959605,-334.3768825497154,-296.83390126958636,1.0039493644470938,1.0000016772417972,1.0356270260268474,1.0333693119270162,1.0086340564275076,0.9999083228458664,0.9735347181593218,1.0003907667491445,1.006714092069266,7.53e-5,0.0025621589513075815,0.30699740934381203,0.5872495604379192,0.022148399859110247,0.149378300132994,0.7089768045022159
0.4238758389929187,0.00249008678090091,1.5707963267948966,16.731319044192446,-334.6702051857526,-297.19265016688456,1.002621634788333,1.0000731555416873,1.0400037847727397,1.034959561619482,1.00906250591753,0.9998990140055458,0.9742656891607128,1.0004018218881143,1.0067468568667013,7.53e-5,0.00256538678090091,0.30699740934381203,0.5872495604379192,0.02217501208989374,0.14946868925955406,0.7089768045022159
0.4238758389929187,0.0024927961264132686,1.8325957145940461,16.33446745035519,-334.4758247083261,-296.99422436996593,1.0009031733338754,1.000134774004744,1.0401924243787681,1.0353222718405866,1.0090704648387923,0.9999876792320331,0.9749097508931792,1.0004011490412366,1.0069677446815317,7.53e-5,0.0025680961264132685,0.30699740934381203,0.5872495604379192,0.022178117473435656,0.14947923332017168,0.7089768045022159
0.4238758389929187,0.0024947444324710235,2.0943951023931953,14.901094621903098,-333.83080592175355,-296.2775379557399,0.9991527965620581,1.0001722180204475,1.0363391760569742,1.0343871151729445,1.0086535222298245,1.000162989962851,0.9753375458537221,1.0003823584723617,1.0073464447441243,7.53e-5,0.0025700444324710235,0.30699740934381203,0.5872495604379192,0.022157443983828552,0.14940902468573775,0.7089768045022159
0.4238758389929187,0.002495895756887121,2.356194490192345,12.795885757656947,-332.9012883662127,-295.2249335236168,0.997811924003013,1.000178177151068,1.0292864992882713,1.032120996800421,1.007817383067572,1.0004088330408991,0.9754751937379513,1.0003449056382852,1.007845724373257,7.53e-5,0.0025711957568871208,0.30699740934381203,0.5872495604379192,0.022115996046579826,0.1492681680641113,0.7089768045022159
0.4238758389929187,0.002496353173396845,2.6179938779914944,10.54350449187109,-331.92451707141413,-294.0987428907239,0.9972362059599602,1.0001561084832038,1.020276251712587,1.0285481139443595,1.0065915164818926,1.0006990830868792,0.9752817219410999,1.0002954222244544,1.008404504655945,7.53e-5,0.0025716531733968448,0.30699740934381203,0.5872495604379192,0.022059050942800352,0.14907443534399453,0.7089768045022159
0.4238758389929187,0.0024962949945417025,2.8797932657906435,8.65508493660036,-331.1278330587138,-293.1545331130885,0.9975484300250086,1.0001033889423185,1.0107473853430637,1.0238354832044037,1.0050716149166772,1.0010018162362864,0.9749025755447117,1.0002369822622588,1.0089950836468924,7.53e-5,0.0025715949945417024,0.30699740934381203,0.5872495604379192,0.02199375690540204,0.14885199770273602,0.7089768045022159
0.4238758389929187,0.0024958454282162307,3.141592653589793,7.484186933142496,-330.6618390339506,-292.5690841113596,0.9986972067939124,1.000040648646184,1.0017038233372597,1.0182351408764367,1.0033408278707403,1.001286786278101,0.9743370235166765,1.0001905988797117,1.009535060057949,7.53e-5,0.0025711454282162306,0.30699740934381203,0.5872495604379192,0.021925712153467555,0.14861984547385973,0.7089768045022159
0.4238758389929187,0.0024951048349312285,3.4033920413889422,7.156096722520374,-330.57104065268834,-292.4050390060485,1.0004669924058178,0.9999756281954336,0.9938058771369644,1.0121225868692012,1.0015333929906982,1.001527349505194,0.973705626675481,1.0001690446435452,1.0099985318561289,7.53e-5,0.0025704048349312284,0.30699740934381203,0.5872495604379192,0.02186011973205796,0.14839572641966128,0.7089768045022159
0.4238758389929187,0.0024940218050457006,3.6651914291880923,7.572479987362385,-330.79973459735146,-292.61323063846953,1.0025410552257594,0.9999107024734601,0.9874790102302697,1.0059831249563835,0.9997844619432715,1.0017168577419953,0.9730717989698141,1.0001762520308743,1.0103415936117337,7.53e-5,0.0025693218050457005,0.30699740934381203,0.5872495604379192,0.021801019641839198,0.14819350895148953,0.7089768045022159
0.4238758389929187,0.0024925955477784665,3.9269908169872414,8.469762459380831,-331.22300702384337,-293.06187187447875,1.0046401425646807,0.9998532147108965,0.9824349393986925,1.0002668016307767,0.9982149637108286,1.0018454057652189,0.9724886932035108,1.0002195981249067,1.0105687129061713,7.53e-5,0.0025678955477784664,0.30699740934381203,0.5872495604379192,0.021750479264691223,0.1480203668091531,0.7089768045022159
0.4238758389929187,0.0024908279053674916,4.1887902047863905,9.505595672691584,-331.6868499337618,-293.57978848113413,1.0065034843377614,0.9998085391811657,0.9785782463154045,0.9954759937340714,0.9969469812333622,1.0019150981365887,0.9719632217202978,1.0002948285735758,1.0106850297139613,7.53e-5,0.0025661279053674916,0.30699740934381203,0.5872495604379192,0.02171035578017138,0.14788277094449,0.7089768045022159
0.4238758389929187,0.002488712985993543,4.4505895925855405,10.350905070212093,-332.04944659547164,-294.0024431798944,1.0079232419913764,0.999770737496097,0.975242038192791,0.9919818058809322,0.996039518385505,1.0019526816262945,0.9715693149461435,1.0003790905147856,1.010735512101738,7.53e-5,0.002564012985993543,0.30699740934381203,0.5872495604379192,0.02168131664240923,0.14778310917412937,0.7089768045022159
0.4238758389929187,0.002486334826977186,4.71238898038469,10.768411870404634,-332.21413071782933,-294.21119657999066,1.0087533967484277,0.9997471177586253,0.9726323273110425,0.9900962962057073,0.9955803879409921,1.0019452347631557,0.9712547484697654,1.0004616797738723,1.0107061773812183,7.53e-5,0.002561634826977186,0.30699740934381203,0.5872495604379192,0.021664142433182782,0.14772413689984823,0.7089768045022159
0.4238758389929187,0.0024837939817245534,4.974188368183839,10.66241378013217,-332.14712070070897,-294.1581975348544,1.0089552019425594,0.9997361988063721,0.9708394961443482,0.989972119579521,0.9955983027188191,1.0018982699949788,0.9710215687800574,1.0005239318683246,1.0106063623635155,7.53e-5,0.0025590939817245533,0.30699740934381203,0.5872495604379192,0.02165957359851291,0.14770844472630337,0.7089768045022159
0.4238758389929187,0.002481300205889932,5.235987755982989,10.092442493698854,-331.8800767026312,-293.87321189163777,1.0086115473827122,0.99973056150897,0.9697408440884178,0.991574524474811,0.9960652699328468,1.0018274842718027,0.9709617426740496,1.0005477700649388,1.0104590943080187,7.53e-5,0.002556600205889932,0.30699740934381203,0.5872495604379192,0.021668063953128317,0.14773760450821805,0.7089768045022159
0.4238758389929187,0.0024790348473586795,5.497787143782138,9.253007365579606,-331.5005367382171,-293.45349432757814,1.0078694105546189,0.9997354956648244,0.970301867558612,0.9947582302441436,0.9969836950786245,1.001700878850265,0.9709487375312245,1.000541911438118,1.0102036049072922,7.53e-5,0.0025543348473586794,0.30699740934381203,0.5872495604379192,0.021690089820691056,0.1478132254319343,0.7089768045022159
0.4238758389929187,0.0024772036257132766,5.759586531581287,8.427621677687512,-331.13199257340614,-293.0408014836321,1.0069373211294954,0.9997464679726663,0.9729930898320732,0.9992532485586806,0.9982923964379267,1.001516198402619,0.9709765277889851,1.0005136669518648,1.0098414240330462,7.53e-5,0.0025525036257132766,0.30699740934381203,0.5872495604379192,0.021725838343441696,0.14793588017143397,0.7089768045022159
0.4238758389929187,0.0024760497270120024,6.021385919380437,7.92625844490999,-330.90823138688097,-292.79011986724333,1.0060824334460676,0.9997600357862511,0.977883401605845,1.0046419680972116,0.9998778862588751,1.0012859189134835,0.971107043673162,1.0004688233612309,1.009379345335694,7.53e-5,0.0025513497270120023,0.30699740934381203,0.5872495604379192,0.021774079014827207,0.1481012397123923,0.7089768045022159
0.4238758389929187,0.0024757149358790352,6.283185307179586,8.013600370128415,-330.9422722990801,-292.83379082985255,1.0054585007548504,0.9997767665389106,0.9852373861864873,1.0105033379320487,1.0016344737370033,1.0010139692290734,0.9712662356571656,1.0004236416641221,1.0088284865861168,7.53e-5,0.002551014935879035,0.30699740934381203,0.5872495604379192,0.021833188535481614,0.1483036115513455,0.7089768045022159
0.4358844657197842,0.0024596387562092928,0.0,4.529532667068452,-329.34806239037766,-291.09175697832256,1.0061375484591721,0.9997529112814042,0.9797082425751319,1.0078069152936,1.0010268560410567,1.0009376697805203,0.9784437757538861,1.0004332225579333,1.0092138011488054,7.53e-5,0.0025349387562092927,0.30699740934381203,0.5872495604379192,0.02181807034955369,0.14825187730051778,0.7211056052521824
0.4358844657197842,0.0024601919079296785,0.2617993877991494,5.1568928918028405,-329.6248235572684,-291.40543709068976,1.0057185547973764,0.9997763297665319,0.9889314918299134,1.0137467599612795,1.0028334230752307,1.000640113465611,0.9786651580228299,1.0004050628903431,1.0086125933176564,7.53e-5,0.0025354919079296784,0.30699740934381203,0.5872495604379192,0.021884518360662183,0.1484791310662227,0.7211056052521824
0.4358844657197842,0.0024616999834715402,0.5235987755982988,6.471432634644543,-330.19656991714066,-292.0627069621106,1.0055464545374722,0.999807048195099,0.9996380272063193,1.0193500135951168,1.0045534058689194,1.000353514931813,0.9789674947847574,1.0003911067727234,1.0080405754710826,7.53e-5,0.00253699998347154,0.30699740934381203,0.5872495604379192,0.021954915978860456,0.1487195249328103,0.7211056052521824
0.4358844657197842,0.002464056256187329,0.7853981633974483,8.260435535547458,-330.9690002970133,-292.95720841256207,1.005425637369036,0.9998495782946765,1.0107326659343914,1.0242578197223136,1.0060612713783845,1.000106974421881,0.9793582152531972,1.000393094690526,1.007549621053853,7.53e-5,0.0025393562561873287,0.30699740934381203,0.5872495604379192,0.02202365830166432,0.14895390299364553,0.7211056052521824
0.4358844657197842,0.0024670947397395014,1.0471975511965976,10.137852451287245,-331.7743638586804,-293.89591687043196,1.0051261360626105,0.9999050302533855,1.0209245920460717,1.0282304453373976,1.0072858516658227,0.9999172766700637,0.979982703330235,1.0004058993485037,1.0072340264820794,7.53e-5,0.0025423947397395013,0.30699740934381203,0.5872495604379192,0.022085072831294815,0.14916299459914195,0.7211056052521824
0.4358844657197842,0.0024703790166110385,1.3089969389957472,11.631120623650531,-332.4068027638514,-294.6425509566136,1.0043897153691868,0.9999713919251779,1.028770525170303,1.0311040754017196,1.0081344830078705,0.9998164721671028,0.9806404344844603,1.0004241262725682,1.007079459109841,7.53e-5,0.0025456790166110384,0.30699740934381203,0.5872495604379192,0.022132037567524084,0.14932269883963992,0.7211056052521824
0.4358844657197842,0.0024735273481165903,1.5707963267948966,12.31930436504365,-332.6848035154568,-294.98664282731016,1.0031574504220864,1.000042062847422,1.0331724243726441,1.0327824415877753,1.0085629881157854,0.9998193318866656,0.9812556748496127,1.0004380534198163,1.00710426029069,7.53e-5,0.0025488273481165903,0.30699740934381203,0.5872495604379192,0.02215886511624438,0.14941385197637652,0.7211056052521824
0.4358844657197842,0.002476227136640479,1.8325957145940461,11.97952886941789,-332.51296890772505,-294.8167550794973,1.0015645362566725,1.0000981227281718,1.0336200139151637,1.0332113676208023,1.0085962249013076,0.9999052508144799,0.9819002804111977,1.000437968893713,1.0073457114206004,7.53e-5,0.002551527136640479,0.30699740934381203,0.5872495604379192,0.02216324896648989,0.1494287420489483,0.7211056052521824
0.4358844657197842,0.002478205130988383,2.0943951023931953,10.677825526063657,-331.9247848427402,-294.16590340782017,0.9999575072852697,1.0001326070312495,1.0300909680900072,1.0323046405319514,1.0081820768720955,1.0000849282136155,0.9822854339568285,1.0004195936898326,1.0077361909529503,7.53e-5,0.002553505130988383,0.30699740934381203,0.5872495604379192,0.022143635486426817,0.14936211221836215,0.7211056052521824
0.4358844657197842,0.002479422646997838,2.356194490192345,8.754232113644662,-331.0751422151045,-293.20410670161067,0.9987457657636964,1.0001374413205582,1.0233938958157514,1.0300335699156709,1.0073375644607039,1.0003362298410847,0.9823651280753077,1.0003824426323684,1.0082409372502923,7.53e-5,0.002554722646997838,0.30699740934381203,0.5872495604379192,0.022103069222671048,0.14922421117448684,0.7211056052521824
0.4358844657197842,0.0024800053472595093,2.6179938779914944,6.704213737627697,-330.18682914069973,-292.1790975136022,0.9982681302482398,1.0001094834911433,1.0148409663299198,1.0264587939748282,1.0061219507973451,1.0006289939229667,0.9822186659482763,1.0003287228569893,1.0088312383138094,7.53e-5,0.0025553053472595092,0.30699740934381203,0.5872495604379192,0.022047570448562603,0.14903534800507676,0.7211056052521824
0.4358844657197842,0.002480038852174442,2.8797932657906435,5.0133340961468775,-329.4743864436437,-291.3336576928618,0.9986443413331261,1.0000610562021308,1.005606775613433,1.0217139455737523,1.0045837226853558,1.000935365601311,0.981750823545631,1.0002735072723528,1.009413195819976,7.53e-5,0.002555338852174442,0.30699740934381203,0.5872495604379192,0.02198268290457937,0.1488142398332998,0.7211056052521824
0.4358844657197842,0.002479712008507945,3.141592653589793,4.017609421161524,-329.0807588176833,-290.8357953553691,0.9998382169108408,0.9999981157958241,0.9968577057483353,1.0160934868830487,1.0028490548947944,1.001226724468338,0.9812004524884178,1.000224467949935,1.0099757820843236,7.53e-5,0.002555012008507945,0.30699740934381203,0.5872495604379192,0.02191537186010226,0.1485845360887549,0.7211056052521824
0.4358844657197842,0.002479030656995082,3.4033920413889422,3.8333644605647805,-329.0462511230117,-290.74367287507073,1.001607311091694,0.999930423482677,0.9892396764501371,1.0099723594938192,1.0010360223346375,1.0014776187308412,0.9805871461008164,1.0001970779488918,1.0104551084790265,7.53e-5,0.002554330656995082,0.30699740934381203,0.5872495604379192,0.021850357440600276,0.14836234210739646,0.7211056052521824
0.4358844657197842,0.0024780081261010153,3.6651914291880923,4.360111389674785,-329.3149118185,-291.00704633962573,1.0036761101171607,0.9998673636721784,0.983051117781522,1.003810325733923,0.9992821826226,1.0016705463826283,0.9799489860477789,1.0002026105528299,1.010811928935208,7.53e-5,0.0025533081261010153,0.30699740934381203,0.5872495604379192,0.02179146709583865,0.14816079871701576,0.7211056052521824
0.4358844657197842,0.002476640380914083,3.9269908169872414,5.336669341988227,-329.7640082582378,-291.49532531578245,1.0057718980329302,0.9998119364823782,0.9780465873697938,0.998055668858085,0.9977022491399142,1.0018045655085916,0.9793785331953659,1.0002415279433816,1.011046655120396,7.53e-5,0.0025519403809140828,0.30699740934381203,0.5872495604379192,0.02174086682639617,0.14798741409006325,0.7211056052521824
0.4358844657197842,0.002474889411959582,4.1887902047863905,6.425492018248178,-330.24283427103035,-292.0397366539124,1.0076136538191571,0.9997676079941825,0.9741139365379318,0.9932089733661336,0.9964183649591093,1.0018801549618044,0.9788811253146203,1.0003106405261215,1.011175468945015,7.53e-5,0.002550189411959582,0.30699740934381203,0.5872495604379192,0.021700408561404778,0.1478486396212398,0.7211056052521824
0.4358844657197842,0.0024727853882879425,4.4505895925855405,7.3026231475780605,-330.6131269266467,-292.47830221857737,1.0089970909385408,0.9997330947672889,0.9708266464264241,0.9896626741308615,0.9955061080001921,1.0019134203734195,0.9784989215241825,1.0003911537770622,1.0112198745188767,7.53e-5,0.0025480853882879424,0.30699740934381203,0.5872495604379192,0.02167100830090413,0.1477477154477879,0.7211056052521824
0.4358844657197842,0.0024703835759526476,4.71238898038469,7.734222967244705,-330.7802452381759,-292.6941021284107,1.009783505948786,0.9997107637910954,0.9681754004602212,0.9877032737014712,0.995032798719368,1.0019036556600485,0.9781947229560347,1.000468277816585,1.0111817419469173,7.53e-5,0.0025456835759526475,0.30699740934381203,0.5872495604379192,0.0216532407651221,0.14768669122535275,0.7211056052521824
0.4358844657197842,0.0024678553499442833,4.974188368183839,7.624846924109988,-330.71128152048414,-292.63941410684333,1.0099634839287035,0.9996990103456781,0.9659937154941106,0.9875053626606274,0.9950186277984024,1.0018686103520664,0.978072457182844,1.0005200372537422,1.0110921918093165,7.53e-5,0.0025431553499442833,0.30699740934381203,0.5872495604379192,0.021648246046250288,0.14766953199960714,0.7211056052521824
0.4358844657197842,0.002465337205928574,5.235987755982989,7.030727160214724,-330.4365539411902,-292.3423542248957,1.0095711405350263,0.9996981236092553,0.9649482360107251,0.9890283590188894,0.9954807241109692,1.0017830235193212,0.9780072315881264,1.0005449774124633,1.0109142257731103,7.53e-5,0.0025406372059285738,0.30699740934381203,0.5872495604379192,0.021656025468576194,0.14769625716081838,0.7211056052521824
0.4358844657197842,0.0024630304140816003,5.497787143782138,6.1402662682233995,-330.04079186785503,-291.89712377890004,1.0087630228187876,0.999705867502733,0.9655047153546286,0.9921404388658613,0.9963932620113761,1.0016425461885143,0.9779899109871945,1.00054288637853,1.010639132977245,7.53e-5,0.0025383304140816003,0.30699740934381203,0.5872495604379192,0.02167730503128176,0.1477693362715057,0.7211056052521824
0.4358844657197842,0.0024612058992830154,5.759586531581287,5.230078097543583,-329.6438445739123,-291.44202969356013,1.0077891375893895,0.9997183495196301,0.9678528897581554,0.9965637049968062,0.9976803593997576,1.0014564309718652,0.9781098176967944,1.0005131801303198,1.010261194022852,7.53e-5,0.0025365058992830153,0.30699740934381203,0.5872495604379192,0.021712097932433227,0.14788874790513323,0.7211056052521824
0.4358844657197842,0.002460010107626875,6.021385919380437,4.6050877251637985,-329.37561396243154,-291.12953450737024,1.0068478592465933,0.9997345682067048,0.9726078568750138,1.0019369030259149,0.9992671265347471,1.0012159429026612,0.9782491710684358,1.0004738452824056,1.009776536627272,7.53e-5,0.002535310107626875,0.30699740934381203,0.5872495604379192,0.021759686290367362,0.14805192304483147,0.7211056052521824
0.4358844657197842,0.002459638756209292,6.283185307179586,4.529532667068565,-329.3480623903777,-291.0917569783226,1.00613754845917,0.9997529112814043,0.9797082425751648,1.007806915293617,1.0010268560410613,1.0009376697805201,0.9784437757538869,1.000433222557933,1.0092138011488034,7.53e-5,0.002534938756209292,0.30699740934381203,0.5872495604379192,0.02181807034955387,0.1482518773005184,0.7211056052521824
0.44793081817941127,0.002444757610350674,0.0,2.633636901396244,-328.4756657872414,-290.14380909548646,1.0068366451520028,0.9997279168469304,0.9742989431086884,1.0050905994719785,1.0004172823062982,1.0008606744055701,0.9838194685553991,1.0004329084357342,1.0094287558416262,7.53e-5,0.002520057610350674,0.30699740934381203,0.5872495604379192,0.021800669944213535,0.14819231162556848,0.7332344060021488
0.44793081817941127,0.0024452650063544992,0.2617993877991494,3.0731158953893782,-328.6794513427633,-290.363548592483,1.0063341404863082,0.9997521538819845,0.9832838718918058,1.011078642161271,1.002235790257733,1.0005587008901318,0.98406781812237,1.0004091946872566,1.0088235938404673,7.53e-5,0.002520565006354499,0.30699740934381203,0.5872495604379192,0.021866555288390533,0.14841773024066457,0.7332344060021488
0.44793081817941127,0.002446704345571136,0.5235987755982988,4.180663396542059,-329.1681953577615,-290.91732234305937,1.006074953476432,0.9997834494798206,0.9936344929640192,1.0167388321033761,1.003970008348477,1.000267521531639,0.9843822046589438,1.000401249872913,1.0082461207080047,7.53e-5,0.002522004345571136,0.30699740934381203,0.5872495604379192,0.02193626422967013,0.1486558696515445,0.7332344060021488
0.44793081817941127,0.002449006602883838,0.7853981633974483,5.765709494684529,-329.85626491381964,-291.7098453921306,1.0059013054003645,0.9998250816640155,1.0044412251954251,1.0217504625794034,1.0055065669230794,1.0000168764193047,0.9847936581327575,1.000408080073776,1.0077665339556967,7.53e-5,0.002524306602883838,0.30699740934381203,0.5872495604379192,0.022004850645183222,0.1488898135584382,0.7332344060021488
0.44793081817941127,0.002451933827599382,1.0471975511965976,7.4696129701698055,-330.58787245293007,-292.56179712987324,1.0055664402900724,0.999878849969102,1.0143492905369291,1.0258239593221103,1.0067430383435543,0.9998317504658059,0.9853235508284808,1.0004257248880402,1.0074324752671278,7.53e-5,0.002527233827599382,0.30699740934381203,0.5872495604379192,0.022065832735741035,0.14909752046629624,0.7332344060021488
0.44793081817941127,0.0024551578729983033,1.3089969389957472,8.847030040693085,-331.1710170095646,-293.2505056651349,1.0048595881937772,0.9999418334315975,1.0220609578170083,1.0287742482121554,1.007612675181009,0.9997294466424924,0.9859577614732019,1.0004462986331417,1.0072784687795224,7.53e-5,0.0025304578729983033,0.30699740934381203,0.5872495604379192,0.022112768045971048,0.14925719261806777,0.7332344060021488
0.44793081817941127,0.002458269734542668,1.5707963267948966,9.49699268972472,-331.4318977508573,-293.5754869896507,1.0037052111431453,1.0000060426229465,1.026489498958257,1.0305329399075789,1.0080747277401783,0.9997258865471432,0.9865867931013467,1.0004615885781718,1.0073238506606406,7.53e-5,0.002533569734542668,0.30699740934381203,0.5872495604379192,0.022140428508996536,0.14935121490896366,0.7332344060021488
0.44793081817941127,0.002460938009979801,1.8325957145940461,9.202913129520994,-331.27956302668605,-293.42844720954884,1.0022338491800629,1.0000596312747734,1.0270554430480587,1.03100830003053,1.0081057900651262,0.9998204174153598,0.9871232505413362,1.0004628932338353,1.0075606550955933,7.53e-5,0.002536238009979801,0.30699740934381203,0.5872495604379192,0.022145250964784008,0.14936760132176208,0.7332344060021488
0.44793081817941127,0.0024629579038165984,2.0943951023931953,8.020841951805323,-330.74350935528065,-292.837411620691,1.0007617498856087,1.000090877274527,1.0238287590249986,1.0301262016506978,1.007694406511412,1.000004336334535,0.9874639089549362,1.0004446436803285,1.0079598035657382,7.53e-5,0.0025382579038165983,0.30699740934381203,0.5872495604379192,0.022126605023369585,0.14930423387370487,0.7332344060021488
0.44793081817941127,0.0024642376872114815,2.356194490192345,6.267967975489569,-329.9673719675314,-291.9609746325331,0.9996625005689146,1.0000940382620622,1.01756677362075,1.027887149418779,1.0068479705549125,1.000263026979238,0.9874763930612372,1.0004074918598806,1.0084730394186778,7.53e-5,0.0025395376872114814,0.30699740934381203,0.5872495604379192,0.022087235372166458,0.14917035199260562,0.7332344060021488
0.44793081817941127,0.0024649186543776805,2.6179938779914944,4.411704194081722,-329.1624500964259,-291.0328427418292,0.9992848546358952,1.0000676561463282,1.009395387982314,1.0243021914644814,1.0056241377844526,1.0005602475663875,0.9872744661928265,1.0003547983405132,1.0090648897149894,7.53e-5,0.0025402186543776804,0.30699740934381203,0.5872495604379192,0.022032641720744813,0.14898450567476593,0.7332344060021488
0.44793081817941127,0.0024650762726550687,2.8797932657906435,2.9123303334284856,-328.53060971168065,-290.2831558115026,0.9997330662795695,1.0000175463829744,1.000558152279215,1.0195519794422025,1.004089620447787,1.0008712006527887,0.986837090701542,1.0002966552250372,1.0096709853295052,7.53e-5,0.0025403762726550687,0.30699740934381203,0.5872495604379192,0.021968947873441294,0.14876739600701575,0.7332344060021488
0.44793081817941127,0.002464852748511383,3.141592653589793,2.0880666078396644,-328.20614773420556,-289.87102394870817,1.0009658948033588,0.9999539332123188,0.99209280041616,1.0139166200637382,1.0023496691303369,1.001169134083411,0.9862961480601473,1.0002449613240343,1.0102525411398093,7.53e-5,0.002540152748511383,0.30699740934381203,0.5872495604379192,0.021902381758586907,0.1485401667620281,0.7332344060021488
0.44793081817941127,0.0024642601578903026,3.4033920413889422,2.045803343910052,-328.2255753878598,-289.84989231674336,1.002757615873522,0.9998874962764039,0.9846893455002105,1.0077781055318662,1.000529825570537,1.0014270956470452,0.9856877601633856,1.0002144231112162,1.0107397209826,7.53e-5,0.0025395601578903026,0.30699740934381203,0.5872495604379192,0.02183787951932257,0.148319660481683,0.7332344060021488
0.44793081817941127,0.00246328695573639,3.6651914291880923,2.682539479637853,-328.53258170051475,-290.16826038460727,1.004819782704026,0.999825373544271,0.9785837115254071,1.0015849550462472,0.9987688378970954,1.0016240155673355,0.9850479126501084,1.0002175183576747,1.0111093474294768,7.53e-5,0.00253858695573639,0.30699740934381203,0.5872495604379192,0.021779128633744017,0.14811853845398576,0.7332344060021488
0.44793081817941127,0.00246193732830751,3.9269908169872414,3.739325976873488,-329.0065789716461,-290.6966536332251,1.0068914826352342,0.9997713401636172,0.9736657863204082,0.9957991389768124,0.9971846415592676,1.0017594909476786,0.9844743230741471,1.0002535379250785,1.011351669683789,7.53e-5,0.00253723732830751,0.30699740934381203,0.5872495604379192,0.021728516000137074,0.14794506335471724,0.7332344060021488
0.44793081817941127,0.0024602124800299848,4.1887902047863905,4.883326655747169,-329.50033985286854,-291.2686539726619,1.0087148898602762,0.9997270427502145,0.9696439140773712,0.9909159470500405,0.9958860068113218,1.0018441890905863,0.9840318044441344,1.0003143483233068,1.0114912798138185,7.53e-5,0.0025355124800299847,0.30699740934381203,0.5872495604379192,0.021688008636300406,0.14780608175427737,0.7332344060021488
0.44793081817941127,0.002458108554442726,4.4505895925855405,5.795627028022523,-329.8791066172242,-291.7248041587996,1.0100689113496482,0.9996943631335244,0.9662763518229619,0.9873363910781627,0.9949629942606462,1.0018824118186804,0.9836915151569814,1.0003867839466414,1.011527408927641,7.53e-5,0.002533408554442726,0.30699740934381203,0.5872495604379192,0.021658550200347248,0.14770492952901965,0.7332344060021488
0.44793081817941127,0.002455671204430988,4.71238898038469,6.245703292922826,-330.0497790362615,-291.94984229124975,1.0108123093356556,0.9996739258373324,0.9636536339602848,0.9852901940303247,0.9944795349199537,1.001864383944814,0.9833795616720324,1.000461812639845,1.0114898243030608,7.53e-5,0.002530971204430988,0.30699740934381203,0.5872495604379192,0.02163999276738669,0.14764117383394743,0.7332344060021488
0.44793081817941127,0.0024531158546076412,4.974188368183839,6.138254483350465,-329.98084475038144,-291.89611788646357,1.0109449900567298,0.9996645494379693,0.9615377031466852,0.9850142360115093,0.9944583614499757,1.0018186753223126,0.9832541649559698,1.0005129930127232,1.0113848973322963,7.53e-5,0.002528415854607641,0.30699740934381203,0.5872495604379192,0.021634350020419482,0.1476217823802914,0.7332344060021488
0.44793081817941127,0.0024505956444702847,5.235987755982989,5.526091733388171,-329.70053015072693,-291.5900365114824,1.0105234724581424,0.9996653920946653,0.9602469571376007,0.9864622965660871,0.9948992923300539,1.0017333565538389,0.9832565524453752,1.0005325160337184,1.0111900020053426,7.53e-5,0.0025258956444702847,0.30699740934381203,0.5872495604379192,0.0216416101336265,0.1476467315012028,0.7332344060021488
0.44793081817941127,0.0024482489384444295,5.497787143782138,4.591521310386952,-329.2917812445206,-291.1227512999818,1.0096623914336949,0.9996750864514323,0.9607147031789465,0.989501479342854,0.9957992380970021,1.00158464044477,0.9832647434098458,1.0005309640131912,1.0108966037916962,7.53e-5,0.0025235489384444294,0.30699740934381203,0.5872495604379192,0.02166211917624971,0.14771718799731123,0.7332344060021488
0.44793081817941127,0.002446377624312021,5.759586531581287,3.604204494239525,-328.869441461386,-290.6290928919081,1.0086284044151737,0.999689819733381,0.9629483365473486,0.9938792631323329,0.9970791734662108,1.0013903681546272,0.9833985373991753,1.000504759909059,1.0105026399613712,7.53e-5,0.002521677624312021,0.30699740934381203,0.5872495604379192,0.02169627098915932,0.14783444035354926,0.7332344060021488
0.44793081817941127,0.0024451611020838812,6.021385919380437,2.863795466001193,-328.56079063073304,-290.25888837778894,1.007616951744585,0.999707918208591,0.967485345618084,0.9992228081213272,0.998659394593372,1.0011436004928824,0.983577586655481,1.0004690210367932,1.0099992226204932,7.53e-5,0.002520461102083881,0.30699740934381203,0.5872495604379192,0.021743080375463457,0.1479950030623316,0.7332344060021488
0.44793081817941127,0.0024447576103506755,6.283185307179586,2.6336369013961303,-328.47566578724127,-290.1438090954864,1.0068366451520048,0.9997279168469302,0.9742989431086758,1.0050905994719725,1.0004172823062967,1.0008606744055704,0.983819468555398,1.0004329084357337,1.009428755841626,7.53e-5,0.0025200576103506754,0.30699740934381203,0.5872495604379192,0.02180066994421347,0.14819231162556826,0.7332344060021488
0.46000780826938065,0.002431516407277526,0.0,1.9752954063048946,-328.17591299888363,-289.8146383479408,1.0075302913311435,0.9997031421949562,0.9690674622188298,1.002373913406565,0.9998101046418756,1.0007839251259953,0.9876228976538215,1.0004206382260303,1.0094984900881403,7.53e-5,0.0025068164072775258,0.30699740934381203,0.5872495604379192,0.021780678990353245,0.14812384919765934,0.7453632067521153
0.46000780826938065,0.0024319988531324556,0.2617993877991494,2.2338023661360467,-328.3107280319256,-289.94389182785636,1.0069516106774783,0.9997282237762648,0.9777043721974518,1.0083713243672605,1.0016290597759452,1.0004778880807361,0.9879117873964823,1.0004012299580545,1.0088841663871613,7.53e-5,0.0025072988531324556,0.30699740934381203,0.5872495604379192,0.021845594135943936,0.1483460502881709,0.7453632067521153
0.46000780826938065,0.0024333588210072115,0.5235987755982988,3.1395912145198963,-328.7195326361109,-290.3967862520483,1.0066065713116774,0.9997598292819484,0.987714328394944,1.0140894223310843,1.003373647178239,1.0001849221680674,0.988196509606542,1.0003985652049507,1.0082972232844372,7.53e-5,0.0025086588210072114,0.30699740934381203,0.5872495604379192,0.02191456661831351,0.1485817860578755,0.7453632067521153
0.46000780826938065,0.0024356133434823225,0.7853981633974483,4.523043836233342,-329.32601681922574,-291.088512562905,1.0063761876862816,0.9998006133946894,0.9982505710584708,1.0191892412492118,1.0049292742037372,0.9999330972703036,0.9886221357836956,1.0004094434674091,1.0078186095381927,7.53e-5,0.0025109133434823225,0.30699740934381203,0.5872495604379192,0.021982703863168154,0.14881431130240091,0.7453632067521153
0.46000780826938065,0.002438483822465662,1.0471975511965976,6.0519216898075,-329.98528732573294,-291.8529514896921,1.0060247769250077,0.9998523023502525,1.0079342799419537,1.0233473566705786,1.0061900401301642,0.9997441608591363,0.9891359652812893,1.0004302857480014,1.007486288809965,7.53e-5,0.002513783822465662,0.30699740934381203,0.5872495604379192,0.02204343210919594,0.14902125587012482,0.7453632067521153
0.46000780826938065,0.0024416375683664455,1.3089969389957472,7.307701989182306,-330.5168161790225,-292.4808416393795,1.0053409200295218,0.9999122256127226,1.0155055849135832,1.0264028725123076,1.0070803308285412,0.9996442496594863,0.9897127731972403,1.0004539245427801,1.0073366276388618,7.53e-5,0.0025169375683664454,0.30699740934381203,0.5872495604379192,0.02209049567323364,0.1491814435188114,0.7453632067521153
0.46000780826938065,0.0024447154165527212,1.5707963267948966,7.909861765770529,-330.75783069447806,-292.7819215276736,1.0042544526652253,0.9999725691905748,1.0199215770732197,1.028235463094132,1.007555451357778,0.9996445286331851,0.9902975726507639,1.0004708517786982,1.0073872014836902,7.53e-5,0.002520015416552721,0.30699740934381203,0.5872495604379192,0.022118442421324238,0.14927648540168095,0.7453632067521153
0.46000780826938065,0.002447360827616532,1.8325957145940461,7.649501360016188,-330.62100528801363,-292.65174132479643,1.0028713697191782,1.000022612863313,1.0206172828340534,1.0287628923911258,1.0075802588368667,0.9997498057543135,0.9907213130168794,1.0004728686254094,1.0076164811197854,7.53e-5,0.002522660827616532,0.30699740934381203,0.5872495604379192,0.022123465615250967,0.1492935621608397,0.7453632067521153
0.46000780826938065,0.002449454768416582,2.0943951023931953,6.574689413374813,-330.1316700182465,-292.11433535147575,1.0015480037992963,1.0000506341822517,1.0176700865255943,1.0278948393080183,1.0071870336162267,0.999928057471916,0.9910780634155463,1.0004553130975402,1.0080363678234214,7.53e-5,0.002524754768416582,0.30699740934381203,0.5872495604379192,0.022106077647543562,0.149234442264331,0.7453632067521153
0.46000780826938065,0.0024508543309946927,2.356194490192345,4.9816843752180375,-329.4254032610573,-291.31783283239736,1.0005890122919858,1.000050516337327,1.0117587591206527,1.0256430160154835,1.0063484086405647,1.0001860724433669,0.9911213355685181,1.0004166743117227,1.0085687959813907,7.53e-5,0.0025261543309946927,0.30699740934381203,0.5872495604379192,0.022067925893370102,0.14910464484344374,0.7453632067521153
0.46000780826938065,0.002451600446487346,2.6179938779914944,3.3110543407640307,-328.69896954125807,-290.48251781517035,1.0002783240643731,1.0000236172913908,1.0039582580070165,1.022074419916959,1.0051153300319557,1.0004915372354726,0.9908429157384806,1.000364557778589,1.009164960525226,7.53e-5,0.002526900446487346,0.30699740934381203,0.5872495604379192,0.022014252337375636,0.14892185434229518,0.7453632067521153
0.46000780826938065,0.0024518848258066597,2.8797932657906435,1.9980558008396656,-328.1440277030661,-289.82601854520817,1.0008050447739851,0.999973883657795,0.9954682452537207,1.017313690658728,1.0035783060909993,1.0008075730207466,0.9904171870742497,1.0003051200166098,1.0097899239719248,7.53e-5,0.0025271848258066596,0.30699740934381203,0.5872495604379192,0.021951608967357403,0.14870824058741047,0.7453632067521153
0.46000780826938065,0.0024517480142139383,3.141592653589793,1.342733023276196,-327.88597470682345,-289.49835715642644,1.0020730792016659,0.9999111663373264,0.9872959516347417,1.0116644122077392,1.0018340605679277,1.0011099669015615,0.9898605596845377,1.0002520908272,1.0103772382755576,7.53e-5,0.0025270480142139382,0.30699740934381203,0.5872495604379192,0.021885782910614902,0.14848345258393977,0.7453632067521153
0.46000780826938065,0.002451221176325287,3.4033920413889422,1.4419233117280328,-327.95752391935764,-289.54795230065236,1.0038724560236931,0.9998457573303129,0.9801217426667724,1.005519439890627,1.000012995761895,1.0013722355760737,0.9892524213733753,1.0002197249208347,1.0108755391500885,7.53e-5,0.0025265211763252867,0.30699740934381203,0.5872495604379192,0.021821919767599014,0.1482650516253714,0.7453632067521153
0.46000780826938065,0.0024503034828454256,3.6651914291880923,2.1896109910265977,-328.3020371990402,-289.92179614030164,1.0059378206719916,0.9997842381661154,0.9740978919918005,0.9992985541920363,0.9982439338543645,1.0015756256004016,0.9886327874279234,1.0002187385600823,1.011256313797324,7.53e-5,0.0025256034828454255,0.30699740934381203,0.5872495604379192,0.02176342706597723,0.14806474234510178,0.7453632067521153
0.46000780826938065,0.0024489778596898416,3.9269908169872414,3.328761771226482,-328.800912749025,-290.4913715304016,1.007992884995151,0.9997308587380039,0.9692259896089253,0.993497410025704,0.9966539393704983,1.0017177845562037,0.9880917869987406,1.0002493915303226,1.0115116929922747,7.53e-5,0.0025242778596898416,0.30699740934381203,0.5872495604379192,0.021713068231921255,0.14789207669841437,0.7453632067521153
0.46000780826938065,0.002447232805715242,4.1887902047863905,4.531079145062222,-329.30995814906873,-291.09253021731945,1.0097837548569861,0.9996879646203662,0.9652275576178306,0.9885803837155962,0.9953511074357813,1.001803795984249,0.9876450485153607,1.0003055665266536,1.011653723557483,7.53e-5,0.002522532805715242,0.30699740934381203,0.5872495604379192,0.021672523786434326,0.14775291938865615,0.7453632067521153
0.46000780826938065,0.0024451174673812857,4.4505895925855405,5.482517313337212,-329.69774050003076,-291.56824930145694,1.0111101462629277,0.9996569403866294,0.9618195408004238,0.9849550086529397,0.9944171448701928,1.0018438017368232,0.9873203012034037,1.0003721576089322,1.0116876341835899,7.53e-5,0.0025204174673812856,0.30699740934381203,0.5872495604379192,0.02164283261415437,0.14765093210950084,0.7453632067521153
0.46000780826938065,0.0024426857842550966,4.71238898038469,5.955705031930847,-329.87412082835544,-291.80484316075376,1.011834555247583,0.9996377743654498,0.9590039071515016,0.9828848903745182,0.9939188006045645,1.0018354337457318,0.9870954172762054,1.0004375666233245,1.0116483109557757,7.53e-5,0.0025179857842550966,0.30699740934381203,0.5872495604379192,0.021624444023337918,0.14758773416917803,0.7453632067521153
0.46000780826938065,0.002440079243542334,4.974188368183839,5.85538507497688,-329.80697982880037,-291.7546831822768,1.0119216672737357,0.9996302254110838,0.9569242328990034,0.982518084223983,0.9938890766870022,1.0017787257235289,0.9869642194375621,1.0004877328385886,1.0115399810450405,7.53e-5,0.0025153792435423337,0.30699740934381203,0.5872495604379192,0.02161800026465624,0.14756558203150003,0.7453632067521153
0.46000780826938065,0.0024374753234612714,5.235987755982989,5.2309149365503345,-329.5242593382406,-291.4424481130635,1.0114442938861423,0.9996334269852625,0.9557873079518654,0.9838795283941704,0.9943234035528666,1.001677286434114,0.9869405373616799,1.0005105743990506,1.011327427756127,7.53e-5,0.0025127753234612713,0.30699740934381203,0.5872495604379192,0.021624296310679948,0.14758722640370012,0.7453632067521153
0.46000780826938065,0.0024351230343117106,5.497787143782138,4.25850574883907,-329.1046446911276,-290.9562435192079,1.010561232963426,0.9996447688809403,0.9559759390639787,0.9868601318388396,0.995203844957632,1.001529830162697,0.9870321522751493,1.0005050903655175,1.0110162274401782,7.53e-5,0.0025104230343117105,0.30699740934381203,0.5872495604379192,0.02164434429650773,0.1476561262939341,0.7453632067521153
0.46000780826938065,0.00243323141008415,5.759586531581287,3.2009506204403806,-328.66022548281654,-290.42746595500853,1.0094774109877893,0.9996611195186957,0.9580750328748375,0.9911844528277053,0.9964736884661141,1.0013284835613405,0.9871915614575335,1.000481228845919,1.0106053087175126,7.53e-5,0.00250853141008415,0.30699740934381203,0.5872495604379192,0.021677773770791723,0.14777094564024676,0.7453632067521153
0.46000780826938065,0.0024319553798795007,6.021385919380437,2.3525266121496315,-328.3145127119194,-290.00325395086315,1.008396203698052,0.9996813641938942,0.9624323293182401,0.996486623112036,0.9980476611841278,1.0010726370331637,0.9873671578377325,1.0004511465301393,1.0100836800900526,7.53e-5,0.0025072553798795006,0.30699740934381203,0.5872495604379192,0.021723653159365787,0.14792838554231355,0.7453632067521153
0.46000780826938065,0.0024315164072775267,6.283185307179586,1.9752954063048946,-328.17591299888363,-289.8146383479408,1.0075302913311437,0.9997031421949562,0.9690674622188279,1.0023739134065632,0.9998101046418751,1.0007839251259953,0.987622897653822,1.0004206382260303,1.0094984900881399,7.53e-5,0.0025068164072775266,0.30699740934381203,0.5872495604379192,0.02178067899035322,0.14812384919765925,0.7453632067521153
0.4721083298600184,0.0024203770402472257,0.0,2.1759479708189247,-328.27612908423043,-289.9149646301978,1.0082127762887099,0.9996786539629321,0.9638895848383519,0.9996096455997053,0.9991928670850319,1.0007084827493875,0.9901775575748561,1.000393840788648,1.009445997961828,7.53e-5,0.0024956770402472257,0.30699740934381203,0.5872495604379192,0.021757170087211935,0.14804329963770932,0.7574920075020818
0.4721083298600184,0.0024208124421284784,0.2617993877991494,2.2596309052802326,-328.3454200624663,-289.95680609742845,1.0075572202569534,0.99970484041978,0.9722837291138615,1.0056410721469864,1.0010177531140534,1.0003989718223134,0.9904789791656379,1.0003789846461097,1.008824361635971,7.53e-5,0.0024961124421284783,0.30699740934381203,0.5872495604379192,0.021821392902701794,0.1482632485395805,0.7574920075020818
0.4721083298600184,0.0024221504488602654,0.5235987755982988,2.968277770559098,-328.6776180664476,-290.3111295300679,1.0071438418057166,0.9997365558579552,0.9820103877935055,1.01141350045717,1.0027743358465822,1.0001028639760727,0.9907917124894331,1.000380512898458,1.008238803340934,7.53e-5,0.0024974504488602654,0.30699740934381203,0.5872495604379192,0.021889689071087657,0.14849680086408515,0.7574920075020818
0.4721083298600184,0.002424319190435361,0.7853981633974483,4.152035704422929,-329.20445465342306,-290.9030084969998,1.0068473347657374,0.9997763900010969,0.9921874243181377,1.016573704273777,1.0043416349373833,0.9998497998445226,0.991173102993466,1.0003955795156168,1.0077532655779267,7.53e-5,0.002499619190435361,0.30699740934381203,0.5872495604379192,0.021957063055763816,0.1487268508481971,0.7574920075020818
0.4721083298600184,0.002427099187854113,1.0471975511965976,5.504031008152879,-329.79200930563275,-291.5790061488648,1.006451592028931,0.9998264443046995,1.0015902308379365,1.0208284896107351,1.0056093740700274,0.9996691258628412,0.9916120568236073,1.0004198735579,1.007409747081221,7.53e-5,0.002502399187854113,0.30699740934381203,0.5872495604379192,0.0220171848672645,0.1489318469786158,0.7574920075020818
0.4721083298600184,0.0024302098746760534,1.3089969389957472,6.6321180161957045,-330.2714911081755,-292.1430496528862,1.0057854616036968,0.9998829793663973,1.0090103053814141,1.0239591478670207,1.0065158428370184,0.9995702373415452,0.9921590121028212,1.0004453248118206,1.0072648116838776,7.53e-5,0.0025055098746760533,0.30699740934381203,0.5872495604379192,0.022064061813536442,0.14909149260800122,0.7574920075020818
0.4721083298600184,0.002433290031748598,1.5707963267948966,7.176704465369994,-330.48939041739044,-292.41534287747334,1.0047738419811503,0.999939920605244,1.0134033826969415,1.025851955937698,1.0070068862476236,0.9995688315055632,0.9927148502730411,1.0004640305679717,1.0073233085867568,7.53e-5,0.002508590031748598,0.30699740934381203,0.5872495604379192,0.02209217165031385,0.14918714487224832,0.7574920075020818
0.4721083298600184,0.0024360135006959347,1.8325957145940461,6.938017738721669,-330.36276273633445,-292.2959995141492,1.0035286120501672,0.9999861226797538,1.0142512694182404,1.0263978449942988,1.00706255522415,0.999660957979209,0.9931874138026245,1.0004674681342773,1.0075751376470663,7.53e-5,0.0025113135006959346,0.30699740934381203,0.5872495604379192,0.022098209389061874,0.1492076823523753,0.7574920075020818
0.4721083298600184,0.002438131787719282,2.0943951023931953,5.9582470163747985,-329.91501644048225,-291.80611415297574,1.0023044123969564,1.0000112039925575,1.0115380228716968,1.025565328278438,1.0066586881437938,0.9998512116089876,0.9934401550768981,1.0004500669263845,1.0079912903547563,7.53e-5,0.0025134317877192817,0.30699740934381203,0.5872495604379192,0.02208131919555529,0.14915022314900464,0.7574920075020818
0.4721083298600184,0.002439609912897766,2.356194490192345,4.514643126876649,-329.2725820259696,-291.08431220822666,1.0014585042970645,1.0000091877340374,1.0059460717282473,1.0233250231919835,1.0058192194479714,1.000113607006893,0.9934463823504527,1.0004116531536533,1.0085342306463376,7.53e-5,0.002514909912897766,0.30699740934381203,0.5872495604379192,0.022044198232015706,0.1490238648175266,0.7574920075020818
0.4721083298600184,0.002440492891651965,2.6179938779914944,3.022149531801574,-328.6209345414737,-290.3380654106891,1.0012672012812882,0.9999803627886424,0.9985128487262569,1.019740591595203,1.0045884798599587,1.0004217761216658,0.9932055778940514,1.000357367282572,1.0091519927813624,7.53e-5,0.002515792891651965,0.30699740934381203,0.5872495604379192,0.021991756083361607,0.1488451763956909,0.7574920075020818
0.4721083298600184,0.0024408678610474068,2.8797932657906435,1.8912869029923058,-328.1394750846215,-289.7726340962845,1.00185388807673,0.9999306835789322,0.9903822298429947,1.0149780220993125,1.0030457425841106,1.0007446038481358,0.9927555567958843,1.0002965326369464,1.0097828481307844,7.53e-5,0.0025161678610474067,0.30699740934381203,0.5872495604379192,0.021930092171877205,0.14863479963181156,0.7574920075020818
0.4721083298600184,0.002440800408208384,3.141592653589793,1.403447930913103,-327.9457257602475,-289.5287146102449,1.0031432026149485,0.9998692512246852,0.9824772938929103,1.0093247650894204,1.0012984585213263,1.0010509286843248,0.992184173614801,1.0002436314187881,1.010378122442151,7.53e-5,0.002516100408208384,0.30699740934381203,0.5872495604379192,0.021865059320675298,0.14841261565747627,0.7574920075020818
0.4721083298600184,0.0024403362286018297,3.4033920413889422,1.64470849544648,-328.06822728486003,-289.6493448925116,1.0049586703656737,0.9998048487456637,0.9754696817206,1.0031610189236084,0.999471929155858,1.0013187855222894,0.9915640971415124,1.0002082710729345,1.0108769172672571,7.53e-5,0.0025156362286018297,0.30699740934381203,0.5872495604379192,0.021801774859880538,0.14819609470234663,0.7574920075020818
0.4721083298600184,0.0024394127247160404,3.6651914291880923,2.505411693381916,-328.44997696769684,-290.0796964914793,1.0069904861570973,0.9997449754122996,0.9696255902381383,0.9969261535785728,0.9977078779423763,1.0015194031506387,0.9909323670705447,1.0002088262828988,1.011280713332539,7.53e-5,0.0025147127247160403,0.30699740934381203,0.5872495604379192,0.021743579584908638,0.14799671450896243,0.7574920075020818
0.4721083298600184,0.0024381240891229285,3.9269908169872414,3.729992229230561,-328.97396256104736,-290.6919867594036,1.009042393622267,0.9996924049269286,0.9647828142468496,0.9911165166630616,0.9961103726632624,1.001671431934245,0.9904343786237967,1.0002318146431017,1.0115399298901462,7.53e-5,0.0025134240891229284,0.30699740934381203,0.5872495604379192,0.021693659168681993,0.14782547645969868,0.7574920075020818
0.4721083298600184,0.002436373185746232,4.1887902047863905,4.994423765984493,-329.4995291239721,-291.3242025277806,1.0108026473434681,0.9996509174506989,0.9608261368397492,0.9861762311404876,0.9948028626119763,1.0017597904330582,0.9900047241845321,1.0002831252866795,1.0116867345583485,7.53e-5,0.002511673185746232,0.30699740934381203,0.5872495604379192,0.021653144946255514,0.14768636206035646,0.7574920075020818
0.4721083298600184,0.002434226883128412,4.4505895925855405,5.989316453272181,-329.89811625008025,-291.82164887142443,1.0120916296170306,0.999621096572938,0.9574521283677524,0.9825073396380157,0.9938654777903932,1.0017977306501413,0.9896946379951947,1.0003461592348477,1.011728686773432,7.53e-5,0.0025095268831284117,0.30699740934381203,0.5872495604379192,0.021623269369356997,0.14758369622366144,0.7574920075020818
0.4721083298600184,0.0024317662594832167,4.71238898038469,6.490271161305259,-330.0817016545748,-292.07212622544097,1.0127848979540792,0.9996033876481711,0.954593602370019,0.980390423866175,0.9933580229625917,1.0017890755540622,0.9895003677059697,1.000406163803448,1.011682865219969,7.53e-5,0.0025070662594832167,0.30699740934381203,0.5872495604379192,0.021604678350639152,0.14751977416243,0.7574920075020818
0.4721083298600184,0.002429106847858605,4.974188368183839,6.40195287589961,-330.0185595726909,-292.02796708273814,1.012837228250614,0.9995974383961744,0.9524799962295545,0.9799621833204122,0.9933145593307097,1.0017298172173026,0.9893780449166779,1.0004522019204243,1.0115577151893054,7.53e-5,0.0025044068478586048,0.30699740934381203,0.5872495604379192,0.02159777023640601,0.14749601493128198,0.7574920075020818
0.4721083298600184,0.0024265081291405975,5.235987755982989,5.770263470934765,-329.7351627298624,-291.7121223802557,1.012341002194201,0.9996022465149299,0.9511859113857074,0.9812731574917384,0.9937363744646657,1.0016281858919387,0.9894259416243396,1.000471435398934,1.0113326751383425,7.53e-5,0.0025018081291405974,0.30699740934381203,0.5872495604379192,0.021603852654322728,0.14751693452218084,0.7574920075020818
0.4721083298600184,0.002424122307241335,5.497787143782138,4.765483623017417,-329.30742815987503,-291.20973245629705,1.0114219333568901,0.9996152181308301,0.951330223956526,0.984186981661642,0.9946051802683074,1.001473399832101,0.9895340464189142,1.0004676665286298,1.0110124753746281,7.53e-5,0.002499422307241335,0.30699740934381203,0.5872495604379192,0.02162320940018628,0.14758349007306046,0.7574920075020818
0.4721083298600184,0.0024221678185095538,5.759586531581287,3.6436339683531287,-328.8439165073103,-290.6488076289649,1.0102863017586488,0.9996335410742746,0.9533081868657874,0.9884535151683206,0.9958648285090659,1.0012637432611031,0.9897054044600737,1.0004461554248691,1.0105780676295182,7.53e-5,0.0024974678185095537,0.30699740934381203,0.5872495604379192,0.0216558232023447,0.14769556236177006,0.7574920075020818
0.4721083298600184,0.002420869256839965,6.021385919380437,2.6936200482106187,-328.46464991754345,-290.17380066889365,1.0091578617584804,0.9996547192329122,0.9574712914456356,0.9937329325237546,0.9974313624465542,1.0010045526384315,0.9899283360596212,1.0004179793908266,1.0100479015672401,7.53e-5,0.002496169256839965,0.30699740934381203,0.5872495604379192,0.021701055481993237,0.14785085959540809,0.7574920075020818
0.4721083298600184,0.0024203770402472283,6.283185307179586,2.1759479708190383,-328.2761290842306,-289.91496463019786,1.0082127762887096,0.9996786539629321,0.9638895848383662,0.9996096455997101,0.999192867085033,1.0007084827493877,0.9901775575748598,1.000393840788648,1.0094459979618289,7.53e-5,0.0024956770402472283,0.30699740934381203,0.5872495604379192,0.02175717008721199,0.1480432996377095,0.7574920075020818
0.48422526297566015,0.002411658910552412,0.0,2.84277366918775,-328.5891037364687,-290.2483774793822,1.008845419983423,0.9996560445902754,0.958833090626906,0.9968171151200514,0.9985700609485924,1.0006345251748248,0.9917259053963856,1.0003568542641226,1.0093024538426443,7.53e-5,0.0024869589105524117,0.30699740934381203,0.5872495604379192,0.021730044324880717,0.14795030458753367,0.7696208082520483
0.48422526297566015,0.0024120436242969505,0.2617993877991494,2.7569562686062454,-328.5960049007867,-290.20546877909146,1.008116351904563,0.9996832427299146,0.9669633086720011,1.0028745862017634,1.0003982618599954,1.0003220002493909,0.9920240541361212,1.0003464377821236,1.0086731533798385,7.53e-5,0.0024873436242969504,0.30699740934381203,0.5872495604379192,0.021793486410075308,0.14816771392293004,0.7696208082520483
0.48422526297566015,0.002413358368095235,0.5235987755982988,3.27250871351805,-328.854459807012,-290.46324500154736,1.0076416676627256,0.9997150389551949,0.9764142487248443,1.0086848244607753,1.0021625737977182,1.0000225708107224,0.9923601201472964,1.000350885433624,1.0080838281839686,7.53e-5,0.0024886583680952348,0.30699740934381203,0.5872495604379192,0.02186095846725739,0.14839859431996552,0.7696208082520483
0.48422526297566015,0.002415478913929932,0.7853981633974483,4.258149527531941,-329.30356019216396,-290.9560654085543,1.0072821020363327,0.9997543246267633,0.9862495098164361,1.0139063308238232,1.0037393963166767,0.9997698133551407,0.9927221874082163,1.0003700915642149,1.007594789612212,7.53e-5,0.002490778913929932,0.30699740934381203,0.5872495604379192,0.02192753292902831,0.1486260621011522,0.7696208082520483
0.48422526297566015,0.002418226414792467,1.0471975511965976,5.431331396883593,-329.8197669258337,-291.54265634323014,1.0068601112667208,0.9998017779686349,0.9953803085944044,1.0182287122098959,1.0050243334848872,0.9995869900829683,0.9931530632099596,1.00039695147622,1.0072572759879979,7.53e-5,0.002493526414792467,0.30699740934381203,0.5872495604379192,0.021987159281951326,0.14882950359108055,0.7696208082520483
0.48422526297566015,0.002421316726946463,1.3089969389957472,6.4258323768438,-330.2455238983985,-292.03990683321024,1.0062136159321753,0.9998553791307075,1.0026090203825602,1.0214259009120013,1.0059448957592736,0.9994876214114726,0.9936645683424776,1.0004246377309127,1.0071152294157608,7.53e-5,0.0024966167269464628,0.30699740934381203,0.5872495604379192,0.022033693126785,0.14898808696849045,0.7696208082520483
0.48422526297566015,0.0024243693762136223,1.5707963267948966,6.903436426246685,-330.4370096753257,-292.2787088579117,1.005248734677759,0.9999090730940369,1.006961562220799,1.0233812090500805,1.0064416569246302,0.9994924985239683,0.9941405918956381,1.000444440682296,1.007168284790237,7.53e-5,0.0024996693762136223,0.30699740934381203,0.5872495604379192,0.022061716280843507,0.14908350852871405,0.7696208082520483
0.48422526297566015,0.0024270996707494207,1.8325957145940461,6.674913334350322,-330.3162486416499,-292.1644473119635,1.0040843486903865,0.9999519375610446,1.0078709038777,1.0239731635128104,1.0064951073474724,0.9995929935520098,0.9945498953704349,1.0004486686755325,1.007422396529477,7.53e-5,0.0025023996707494206,0.30699740934381203,0.5872495604379192,0.02206791603096468,0.14910461127603633,0.7696208082520483
0.48422526297566015,0.0024292947264247288,2.0943951023931953,5.778576365174558,-329.90475724862165,-291.7162788273756,1.002980754511286,0.9999738360053382,1.0053525188755223,1.023144336905423,1.0060976956251295,0.9997812132253613,0.9947824361748459,1.0004322113620612,1.0078492481170542,7.53e-5,0.0025045947264247287,0.30699740934381203,0.5872495604379192,0.022051759941289665,0.1490496130139473,0.7696208082520483
0.48422526297566015,0.00243085135149921,2.356194490192345,4.474648810866256,-329.32127294164286,-291.06431505022147,1.002240934976205,0.9999701822114944,1.0000475545468972,1.0209024907401933,1.0052573304157588,1.0000453775542113,0.9947480892438388,1.0003947464483447,1.0083974800061557,7.53e-5,0.00250615135149921,0.30699740934381203,0.5872495604379192,0.022015521848203854,0.14892618029792531,0.7696208082520483
0.48422526297566015,0.002431830862019341,2.6179938779914944,3.153659426518516,-328.7399705137111,-290.4038203580476,1.002139135824651,0.9999410753904285,0.9929442032870406,1.0173086810601806,1.004026433707438,1.0003539999533826,0.9944837849172139,1.0003415846527273,1.0090222644050995,7.53e-5,0.002507130862019341,0.30699740934381203,0.5872495604379192,0.021964104950207113,0.14875087562684874,0.7696208082520483
0.48422526297566015,0.002432320351774861,2.8797932657906435,2.2016230036208526,-328.3291222890568,-289.92780214659876,1.0028108476326596,0.999890532706125,0.9851136894525144,1.0125239312435717,1.0024840043583956,1.000678104224018,0.9940527586708843,1.0002797219670132,1.0096731044321157,7.53e-5,0.002507620351774861,0.30699740934381203,0.5872495604379192,0.02190351842132591,0.14854404969010923,0.7696208082520483
0.48422526297566015,0.002432352765220028,3.141592653589793,1.8807965445433865,-328.198152310793,-289.76738891706003,1.004146133485901,0.9998296510516593,0.977571509416848,1.0068721018868405,1.0007379379298704,1.0009900677598895,0.9935005429722398,1.0002238895291915,1.0102749769594226,7.53e-5,0.002507652765220028,0.30699740934381203,0.5872495604379192,0.02183962915918359,0.14832564596894923,0.7696208082520483
0.48422526297566015,0.00243192175047892,3.4033920413889422,2.2657074246677666,-328.37104083599246,-289.9598443571222,1.005954983548363,0.9997664969672949,0.9707649849712662,1.00070333173162,0.9989145580116323,1.0012587377660667,0.9928748954584816,1.0001896036015732,1.0107947757451365,7.53e-5,0.00250722175047892,0.30699740934381203,0.5872495604379192,0.021777046434404045,0.14811140559323122,0.7696208082520483
0.48422526297566015,0.002431069852441969,3.6651914291880923,3.242315845923713,-328.7900485913835,-290.4481485677502,1.008011697558401,0.9997070606129207,0.9650055646931842,0.9944651297523724,0.9971409854303205,1.0014731260428151,0.9922988004552032,1.0001810730683758,1.0111942128466596,7.53e-5,0.002506369852441969,0.30699740934381203,0.5872495604379192,0.02171962769497326,0.14791457825186322,0.7696208082520483
0.48422526297566015,0.0024297464881279916,3.9269908169872414,4.556033572150795,-329.34016628056634,-291.10500743086374,1.0100169430869863,0.9996563411696474,0.960327232632027,0.9886282127502417,0.9955479569800286,1.0016200299432163,0.9917775470633367,1.0002058370192475,1.0114748053873122,7.53e-5,0.0025050464881279915,0.30699740934381203,0.5872495604379192,0.02166971839976739,0.14774328598835762,0.7696208082520483
0.48422526297566015,0.0024279848011944365,4.1887902047863905,5.886717523684183,-329.88352433298166,-291.77034940663043,1.0117512621698095,0.9996160340429342,0.9563836650188333,0.9836768575770374,0.9942371819761177,1.0017133039806054,0.991380612220806,1.0002510778420735,1.0116206775029664,7.53e-5,0.0025032848011944365,0.30699740934381203,0.5872495604379192,0.021629490419740955,0.1476050802481529,0.7696208082520483
0.48422526297566015,0.0024258024710605186,4.4505895925855405,6.929389657940533,-330.29457029656936,-292.2916854737586,1.0130069135206143,0.999587723234548,0.9530385155353801,0.9799792203978842,0.9932959251263404,1.0017516084394724,0.9910883080545342,1.0003093653278363,1.0116632379110246,7.53e-5,0.0025011024710605186,0.30699740934381203,0.5872495604379192,0.02159959415600222,0.14750228833955373,0.7696208082520483
0.48422526297566015,0.002423299124649453,4.71238898038469,7.462438296087726,-330.48728784816973,-292.5582097928322,1.0136666709098294,0.9995716582647363,0.9501984843625625,0.977823205767119,0.9927825164907244,1.0017414053670262,0.9909130681329126,1.0003651900598203,1.011614019003238,7.53e-5,0.002498599124649453,0.30699740934381203,0.5872495604379192,0.021580843026928982,0.1474377810899724,0.7696208082520483
0.48422526297566015,0.0024206241363443235,4.974188368183839,7.390352803693304,-330.430209967574,-292.522167046635,1.0136997425209817,0.9995674362540447,0.9479677106677455,0.9773672545686003,0.9927298353022868,1.0016845583430583,0.9908558627581397,1.0004054058958685,1.011475227024798,7.53e-5,0.0024959241363443235,0.30699740934381203,0.5872495604379192,0.021573997285622516,0.1474142236823492,0.7696208082520483
0.48422526297566015,0.0024179656049712417,5.235987755982989,6.75567675154366,-330.1483983089983,-292.20482902056017,1.0131674227318375,0.9995737413523573,0.9466713213067792,0.9786264864267279,0.9931438933351251,1.00157770011858,0.9909052450460707,1.0004234697489802,1.0112413547435466,7.53e-5,0.0024932656049712417,0.30699740934381203,0.5872495604379192,0.021579707315845457,0.14743387315993794,0.7696208082520483
0.48422526297566015,0.0024155276414740026,5.497787143782138,5.7229230922926035,-329.71483554403994,-291.68845219093464,1.0122106950793062,0.9995882878182357,0.9467690607036414,0.981479406357932,0.9940022020576122,1.0014157134526562,0.9910306135157966,1.0004206193268914,1.0109053806641182,7.53e-5,0.0024908276414740025,0.30699740934381203,0.5872495604379192,0.02159840291905912,0.1474981910853826,0.7696208082520483
0.48422526297566015,0.0024135262432390505,5.759586531581287,4.54157560295846,-329.2346311282641,-291.09777844626757,1.011031868522386,0.9996078415434317,0.9486453601134706,0.9857002629883849,0.995252679345557,1.0011999853551867,0.9912168551492163,1.0004014981212717,1.0104579037893955,7.53e-5,0.0024888262432390504,0.30699740934381203,0.5872495604379192,0.02163034122383035,0.1476080045390747,0.7696208082520483
0.48422526297566015,0.002412195667144441,6.021385919380437,3.4952761924741935,-328.8245022638908,-290.57462874102544,1.0098557654838576,0.9996306017843402,0.9526354819682332,0.9909484596862956,0.9968116206119411,1.0009354122792529,0.9914695941824586,1.0003763801326175,1.009913423561024,7.53e-5,0.002487495667144441,0.30699740934381203,0.5872495604379192,0.02167478804316157,0.1477606941615153,0.7696208082520483
0.48422526297566015,0.0024116589105524127,6.283185307179586,2.842773669187409,-328.5891037364686,-290.24837747938204,1.0088454199834231,0.9996560445902754,0.9588330906269102,0.9968171151200516,0.9985700609485921,1.000634525174825,0.9917259053963867,1.0003568542641226,1.009302453842645,7.53e-5,0.0024869589105524126,0.30699740934381203,0.5872495604379192,0.021730044324880717,0.14795030458753367,0.7696208082520483
0.49635147798406076,0.0024056546988378597,0.0,3.5975528929191114,-328.93047736388024,-290.6257670912479,1.0093926511589664,0.9996362081758006,0.9538712953108438,0.9939817143743471,0.997938095224653,1.0005621799392113,0.9925074262515309,1.000316625824756,1.0090912773077403,7.53e-5,0.0024809546988378596,0.30699740934381203,0.5872495604379192,0.02169923261644614,0.1478446041629689,0.7817496090020147
0.49635147798406076,0.0024060009124280165,0.2617993877991494,3.346664149688877,-328.87776123259454,-290.5003227196328,1.008594952460512,0.9996647432191623,0.9617304313416171,1.0000562598481761,0.9997669719754961,1.0002469367515117,0.9928062976476025,1.0003105323277246,1.008453979013913,7.53e-5,0.0024813009124280165,0.30699740934381203,0.5872495604379192,0.021761785653192648,0.14805911750433118,0.7817496090020147
0.49635147798406076,0.0024072902605335317,0.5235987755982988,3.6726237204833296,-329.0647953273332,-290.66330250503,1.0080620534546263,0.9996964921465947,0.9708895602725215,1.0059023493935546,1.0015364629027341,0.999945346900536,0.9931542043342844,1.000317489461746,1.0078611939210278,7.53e-5,0.0024825902605335316,0.30699740934381203,0.5872495604379192,0.021828380360160233,0.14828715993269972,0.7817496090020147
0.49635147798406076,0.002409391995241483,0.7853981633974483,4.46157566356635,-329.4378086576518,-291.0577784765715,1.007655239807774,0.9997348366557841,0.9804119070908133,1.011165867039276,1.0031221777810426,0.9996899702201391,0.993520910523708,1.000339260962476,1.0073726984684757,7.53e-5,0.002484691995241483,0.30699740934381203,0.5872495604379192,0.021894069136400886,0.14851176720516476,0.7817496090020147
0.49635147798406076,0.002412119702415351,1.0471975511965976,5.454270310633774,-329.8829020725562,-291.5541258001052,1.0072085418780403,0.9997806859870281,0.9892608763490549,1.0155487487553343,1.004418863250303,0.9995067965010411,0.9939358168448655,1.000368667754955,1.0070360897127053,7.53e-5,0.002487419702415351,0.30699740934381203,0.5872495604379192,0.02195301781012029,0.14871304801075108,0.7817496090020147
0.49635147798406076,0.00241518787574884,1.3089969389957472,6.309913738439832,-330.25356239969807,-291.98194751400825,1.006562632555228,0.9998313664029598,0.9962819990115762,1.0188105741830464,1.0053468506310472,0.9994117125352201,0.994394747372933,1.000397943978438,1.006890441982087,7.53e-5,0.0024904878757488398,0.30699740934381203,0.5872495604379192,0.02199903572017811,0.14886999305834914,0.7817496090020147
0.49635147798406076,0.0024182778869892636,1.5707963267948966,6.712034245368841,-330.4155729606517,-292.18300776747276,1.005665995388576,0.999880924179069,1.0005478536047259,1.0207914401188587,1.0058578076915694,0.9994108060324096,0.9948716013328291,1.0004190377314148,1.0069546498334583,7.53e-5,0.0024935778869892636,0.30699740934381203,0.5872495604379192,0.02202692928631572,0.14896504655079126,0.7817496090020147
0.49635147798406076,0.0024210162550285306,1.8325957145940461,6.483292740508546,-330.2960736877276,-292.0686370150426,1.0045807638839384,0.9999196021717939,1.0014645679727052,1.0214141859881851,1.0059122881739204,0.9995161527874286,0.9951926705345021,1.0004240249938114,1.0072079290438056,7.53e-5,0.0024963162550285306,0.30699740934381203,0.5872495604379192,0.02203326671127791,0.14898663452430078,0.7817496090020147
0.49635147798406076,0.002423273788225295,2.0943951023931953,5.660029606080229,-329.9159179418195,-291.65700544782845,1.0035828582008173,0.9999390724503227,0.9991355322717823,1.0205976886158694,1.0055117869869197,0.9997086989440443,0.9953795606951465,1.000408269783589,1.0076373421552005,7.53e-5,0.002498573788225295,0.30699740934381203,0.5872495604379192,0.022017569996758822,0.1489331592643905,0.7817496090020147
0.49635147798406076,0.002424967874954361,2.356194490192345,4.48728771681715,-329.38682878673046,-291.0706345031969,1.0029753654951918,0.9999333323144663,0.9941250034892859,1.0183412218444332,1.0046734166387874,0.999971608663562,0.9953664109005878,1.000370891887339,1.0082004893702992,7.53e-5,0.0025002678749543607,0.30699740934381203,0.5872495604379192,0.02198225568469284,0.14881278299984074,0.7817496090020147
0.49635147798406076,0.0024260385815786448,2.6179938779914944,3.3323579581224294,-328.87238113866204,-290.49316962384955,1.002964581294361,0.9999032219562771,0.9873297728531127,1.0147350426859003,1.0034390028810836,1.0002841312648891,0.9950804476318841,1.0003177764026732,1.0088331482422332,7.53e-5,0.0025013385815786447,0.30699740934381203,0.5872495604379192,0.02193185592488145,0.1486408209843857,0.7817496090020147
0.49635147798406076,0.002426619652495371,2.8797932657906435,2.5569575251776087,-328.5300193090087,-290.10546940737714,1.003696338207309,0.9998531588706449,0.9798528664027827,1.009944858568613,1.0018941969855952,1.000612158983153,0.9946410674214586,1.0002556522642507,1.0094868821043994,7.53e-5,0.002501919652495371,0.30699740934381203,0.5872495604379192,0.021872326616611867,0.14843746030605637,0.7817496090020147
0.49635147798406076,0.002426695406041588,3.141592653589793,2.4036727442869505,-328.4606891171602,-290.0288270169318,1.005051922037838,0.9997933691112613,0.9725391346405315,1.0042855474509307,1.000148613388731,1.0009261697144816,0.9940685576388031,1.0002011680208145,1.0101013932670413,7.53e-5,0.002501995406041588,0.30699740934381203,0.5872495604379192,0.021809364067060383,0.14822207655440098,0.7817496090020147
0.49635147798406076,0.002426311272430792,3.4033920413889422,2.934639388553933,-328.6839340452298,-290.2943103390653,1.0068715504004,0.9997311130680592,0.9659392885049626,0.9981044338243927,0.9983248380381644,1.001198334351727,0.9934584355453746,1.0001657941007582,1.0106345583440577,7.53e-5,0.002501611272430792,0.30699740934381203,0.5872495604379192,0.02174755619314905,0.14801034688395376,0.7817496090020147
0.49635147798406076,0.002425462486155236,3.6651914291880923,4.030654381542604,-329.14103975049386,-290.84231783555964,1.0089107087941618,0.999672807517606,0.9603694804801512,0.9918642095365143,0.9965540006001042,1.0014156916905823,0.9928781224646464,1.0001553193165704,1.0110457040424559,7.53e-5,0.002500762486155236,0.30699740934381203,0.5872495604379192,0.021690801089007266,0.14781566678777353,0.7817496090020147
0.49635147798406076,0.002424145425740206,3.9269908169872414,5.437492659911868,-329.7184187541561,-291.5457369747443,1.010902746471457,0.9996235681807534,0.9557575609037787,0.9860336733825928,0.9949597570601947,1.0015703357794592,0.9923928706549684,1.0001736686423572,1.0113239871728663,7.53e-5,0.002499445425740206,0.30699740934381203,0.5872495604379192,0.021641557276633968,0.14764654987481693,0.7817496090020147
0.49635147798406076,0.002422358242903854,4.1887902047863905,6.838522154141174,-330.2810998198526,-292.2462517218589,1.0126052574734745,0.9995849111667733,0.9518685867950489,0.9810765773219847,0.9936495910765114,1.0016664908492818,0.992017504602128,1.000214607449258,1.0114753632508209,7.53e-5,0.002497658242903854,0.30699740934381203,0.5872495604379192,0.021601672548538217,0.14750943669689498,0.7817496090020147
0.49635147798406076,0.002420134257824165,4.4505895925855405,7.932890385196401,-330.7063476119168,-292.79343583738654,1.0138258261356092,0.9995581975819626,0.9485429905850785,0.9773661858506217,0.9927072251802119,1.0017066150993224,0.9917460062335722,1.0002679575900744,1.0115171217705652,7.53e-5,0.0024954342578241647,0.30699740934381203,0.5872495604379192,0.02157198871901341,0.14740731115558464,0.7817496090020147
0.49635147798406076,0.0024175694235084614,4.71238898038469,8.501613636567413,-330.909926747859,-293.07779746307205,1.0144423831445717,0.9995431344423648,0.9457764192716014,0.975169834056946,0.992190079217408,1.0016929664481653,0.9915817046506725,1.000321067465592,1.0114702971807177,7.53e-5,0.0024928694235084614,0.30699740934381203,0.5872495604379192,0.021553032253330096,0.14734205654841856,0.7817496090020147
0.49635147798406076,0.0024148400203867454,4.974188368183839,8.44896993713985,-330.86055383662494,-293.05147561335826,1.0144429070220389,0.999540397860142,0.9435552221766282,0.9746776524169279,0.9921317999018279,1.0016335744337277,0.9915437835207579,1.0003584471556661,1.01132407562116,7.53e-5,0.0024901400203867453,0.30699740934381203,0.5872495604379192,0.021546035204193972,0.14731796323288335,0.7817496090020147
0.49635147798406076,0.0024121284249920424,5.235987755982989,7.814266475409795,-330.58186884528976,-292.73412388249324,1.0138800952345952,0.9995481840357773,0.9422495947917829,0.9758943002790244,0.9925387104966605,1.0015225205760696,0.9916126432493159,1.0003754996919554,1.0110802250439686,7.53e-5,0.0024874284249920423,0.30699740934381203,0.5872495604379192,0.02155143619099597,0.1473365610779163,0.7817496090020147
0.49635147798406076,0.00240966323317905,5.497787143782138,6.7565389834537655,-330.1441198942593,-292.2052601365152,1.0129053246439335,0.9995650954992678,0.9422423487523629,0.97871883931802,0.9933895327569626,1.0013580794428796,0.9917831792673611,1.00037118433818,1.010721542552353,7.53e-5,0.00248496323317905,0.30699740934381203,0.5872495604379192,0.021569874344812074,0.1474000341496019,0.7817496090020147
0.49635147798406076,0.0024076179884919076,5.759586531581287,5.519072274639484,-329.6490587682823,-291.5865267821081,1.011687875214968,0.9995863519581527,0.9440595049856554,0.9828953236125504,0.9946313092595982,1.0011358084829307,0.9919822524202876,1.0003553247472112,1.0102664093460092,7.53e-5,0.0024829179884919075,0.30699740934381203,0.5872495604379192,0.021601080007033344,0.14750739876271687,0.7817496090020147
0.49635147798406076,0.002406224525079584,6.021385919380437,4.380444139626775,-329.2102705876497,-291.0172127146017,1.0104592095520537,0.9996097559055882,0.9479024958486555,0.9881236490574669,0.9961843592923184,1.0008669627645566,0.9922291426110682,1.0003330352433357,1.0097135763606628,7.53e-5,0.002481524525079584,0.30699740934381203,0.5872495604379192,0.021644843667892297,0.14765784210952757,0.7817496090020147
0.49635147798406076,0.002405654698837861,6.283185307179586,3.5975528929187703,-328.9304773638801,-290.6257670912477,1.0093926511589666,0.9996362081758006,0.953871295310846,0.993981714374346,0.9979380952246524,1.0005621799392115,0.9925074262515319,1.0003166258247558,1.009091277307741,7.53e-5,0.002480954698837861,0.30699740934381203,0.5872495604379192,0.02169923261644613,0.14784460416296888,0.7817496090020147
0.5084798397914873,0.0024026098243606227,0.0,4.131461736019787,-329.1478386059455,-290.89272151279823,1.009827720416553,0.9996202198149488,0.9489895339754095,0.9910908521490949,0.9972937141774011,1.00049166581057,0.992719477446217,1.000282008053343,1.008834153259664,7.53e-5,0.0024779098243606227,0.30699740934381203,0.5872495604379192,0.02166536847927356,0.14772834761687098,0.7938784097519812
0.5084798397914873,0.0024029431145874565,0.2617993877991494,3.7189528173355484,-329.0375264235995,-290.6864670534561,1.0089733489922965,0.9996500284288161,0.9565718355064757,0.9971735330234861,0.9991210608006739,1.0001736442368505,0.9930410750000123,1.0002793733203714,1.0081902013225057,7.53e-5,0.0024782431145874565,0.30699740934381203,0.5872495604379192,0.021726954795984084,0.14793970917924767,0.7938784097519812
0.5084798397914873,0.0024041985741577064,0.5235987755982988,3.8583076807364023,-329.15514419024595,-290.75614448515654,1.008375332420743,0.9996820304660528,0.9654355170196526,1.003062310905712,1.0008949163555059,0.999872003527709,0.9933800927721372,1.000289414208027,1.0075940318306107,7.53e-5,0.0024794985741577063,0.30699740934381203,0.5872495604379192,0.021792704294161077,0.1481650355792401,0.7938784097519812
0.5084798397914873,0.002406302291848864,0.7853981633974483,4.452015972652134,-329.4533684002809,-291.0529986311144,1.0079346783748981,0.9997193476466849,0.9746598734345483,1.0083531572130342,1.0024868224267298,0.9996124652506905,0.9937615622523891,1.0003122257897485,1.007103246403693,7.53e-5,0.002481602291848864,0.30699740934381203,0.5872495604379192,0.021857354401355517,0.14838627050036482,0.7938784097519812
0.5084798397914873,0.0024090225990617805,1.0471975511965976,5.263124988752793,-329.82758570009685,-291.45855313916474,1.007465316822967,0.9997631415491526,0.9831858517791437,1.0127767553491436,1.003790914209962,0.9994283132782044,0.9941619426680565,1.0003435460888566,1.0067686682032557,7.53e-5,0.0024843225990617804,0.30699740934381203,0.5872495604379192,0.02191541993855447,0.1485847002828788,0.7938784097519812
0.5084798397914873,0.002412102674968263,1.3089969389957472,5.975740890609359,-330.14197266121926,-291.814861090093,1.0068317463547518,0.9998111947567259,0.9899858249995016,1.016080439048735,1.004726312132384,0.9993333840321115,0.9945990263706369,1.0003741600583256,1.0066234125769342,7.53e-5,0.002487402674968263,0.30699740934381203,0.5872495604379192,0.02196077848667489,0.14873952722531106,0.7938784097519812
0.5084798397914873,0.0024152066425555774,1.5707963267948966,6.295441244927815,-330.27174734230204,-291.97471126725225,1.0059776988610143,0.9998572171588598,0.9941157987058852,1.0180990803928067,1.0052389010377591,0.9993367876063131,0.9950184097909354,1.000396077457518,1.0066856979857968,7.53e-5,0.0024905066425555773,0.30699740934381203,0.5872495604379192,0.021988268232142227,0.1488332847057799,0.7938784097519812
0.5084798397914873,0.002418029531355214,1.8325957145940461,6.057915662040159,-330.1498419413821,-291.8559484758084,1.0049909623212625,0.9998925996542629,0.9950673959837295,1.018727993765732,1.0052974024916297,0.9994402469195377,0.9953396927748416,1.0004018559166723,1.0069470313034232,7.53e-5,0.002493329531355214,0.30699740934381203,0.5872495604379192,0.02199463058942249,0.14885497621681426,0.7938784097519812
0.5084798397914873,0.002420368063876087,2.0943951023931953,5.299285691948171,-329.79687490378285,-291.4766334907624,1.0041020983659819,0.9999088724048517,0.9928757287284862,1.017907207286943,1.0048952590440414,0.9996340312659486,0.9954927368259934,1.000386774155782,1.0073815623002809,7.53e-5,0.002495668063876087,0.30699740934381203,0.5872495604379192,0.021979327686465048,0.14880279805990607,0.7938784097519812
0.5084798397914873,0.0024221304520975996,2.356194490192345,4.251090880564448,-329.3184785664144,-290.95253608507056,1.0035938437302814,0.9999009501503414,0.9880912109116642,1.0156386366146413,1.004051614889874,0.9999000323030672,0.9954295161392459,1.0003503129202946,1.0079471856682822,7.53e-5,0.0024974304520975995,0.30699740934381203,0.5872495604379192,0.021944700914355134,0.148684665912118,0.7938784097519812
0.5084798397914873,0.0024233196973761487,2.6179938779914944,3.258394787680345,-328.8682142507567,-290.4561880386285,1.0036917323598482,0.9998691927604518,0.981605124062315,1.0120051064545077,1.0028149251937781,1.0002131555169016,0.9951483177901638,1.0002968008396118,1.0085896688242812,7.53e-5,0.0024986196973761487,0.30699740934381203,0.5872495604379192,0.021895280112550698,0.14851590475782891,0.7938784097519812
0.5084798397914873,0.002423973420020005,2.8797932657906435,2.6587755688590278,-328.5928004431256,-290.15637842921785,1.0044799424614024,0.999819436888711,0.9744431319371241,1.00720827659293,1.0012682633502537,1.0005447958847062,0.9946933170833555,1.0002351156784854,1.0092481464690044,7.53e-5,0.002499273420020005,0.30699740934381203,0.5872495604379192,0.021836851202350353,0.14831614251798578,0.7938784097519812
0.5084798397914873,0.002424096018321459,3.141592653589793,2.6745840594670653,-328.5847577868039,-290.16428267452187,1.0058563335646573,0.9997607587308464,0.967358494910769,1.001534994160335,0.9995225400806493,1.0008607160688574,0.9941123566749847,1.0001825751456201,1.0098771892038958,7.53e-5,0.002499396018321459,0.30699740934381203,0.5872495604379192,0.021774854341493493,0.14810389591662854,0.7938784097519812
0.5084798397914873,0.002423754962121623,3.4033920413889422,3.3546987408428777,-328.85888923485857,-290.5043400152098,1.0076898454217313,0.9996993977137242,0.9609964042560442,0.9953517380348936,0.9976996548862991,1.0011377274415407,0.9935198590178226,1.0001449918933092,1.010417183130548,7.53e-5,0.002499054962121623,0.30699740934381203,0.5872495604379192,0.021714023375366497,0.14789535342503446,0.7938784097519812
0.5084798397914873,0.002422913314560785,3.6651914291880923,4.573929642488565,-329.35513445348073,-291.1139554660326,1.0097162846724266,0.9996426343300773,0.9555907160676527,0.9891165781866249,0.9959315448095565,1.0013596815829442,0.9929552620322234,1.0001317622719503,1.0108330121325488,7.53e-5,0.002498213314560785,0.30699740934381203,0.5872495604379192,0.021658093523921725,0.14770336089756944,0.7938784097519812
0.5084798397914873,0.00242157932473179,3.9269908169872414,6.077802445402881,-329.9611561779298,-291.8658918674898,1.0116794543126548,0.9995951044094082,0.9510956573049573,0.983291462467411,0.9943408809977009,1.0015180193857112,0.9924870070925975,1.0001472923878023,1.0111210067013596,7.53e-5,0.00249687932473179,0.30699740934381203,0.5872495604379192,0.021609487823473578,0.14753631329620942,0.7938784097519812
0.5084798397914873,0.0024197505425456217,4.1887902047863905,7.552772054890852,-330.54469458969567,-292.60337667223376,1.013345767438813,0.9995581217455649,0.9472589633033112,0.9783421032313817,0.9930339898844559,1.0016180975710363,0.9921250917492414,1.0001833998357488,1.0112719259207583,7.53e-5,0.0024950505425456217,0.30699740934381203,0.5872495604379192,0.021570156726423113,0.1474010060378043,0.7938784097519812
0.5084798397914873,0.0024174620466475786,4.4505895925855405,8.701870530755969,-330.9856088468792,-293.1779259101663,1.0145170510447523,0.9995325415339945,0.9440721921357638,0.9746060480011489,0.9920922606766305,1.001655468189834,0.9918608118225865,1.0002349119636174,1.0113257348145928,7.53e-5,0.0024927620466475785,0.30699740934381203,0.5872495604379192,0.021540452285000084,0.1472987365226336,0.7938784097519812
0.5084798397914873,0.002414849820259143,4.71238898038469,9.308600562482638,-331.2013415563703,-293.48129092602966,1.0151063306349843,0.9995198053541235,0.9412740476720615,0.9724145182908545,0.9915747685925372,1.0016453860300676,0.9917252023996903,1.0002822115551522,1.0112666981918041,7.53e-5,0.002490149820259143,0.30699740934381203,0.5872495604379192,0.02152191529117274,0.1472348804990388,0.7938784097519812
0.5084798397914873,0.0024120635587357745,4.974188368183839,9.27709063677969,-331.160790297443,-293.4655359631782,1.0150763494549788,0.9995189443458332,0.9390629058706724,0.9719034074782857,0.9915142152570663,1.0015844629359567,0.9917115234871619,1.0003164402849145,1.0111100805440216,7.53e-5,0.0024873635587357745,0.30699740934381203,0.5872495604379192,0.021514944208393633,0.14721085963460515,0.7938784097519812
0.5084798397914873,0.0024092922153289976,5.235987755982989,8.64363434029542,-330.8861690477868,-293.14880781493605,1.014482601808183,0.9995282304675324,0.9377743774681359,0.9730888467587674,0.9919165360014556,1.001469366018422,0.9917976291526015,1.0003325077022158,1.0108560194843044,7.53e-5,0.0024845922153289976,0.30699740934381203,0.5872495604379192,0.02152010627535021,0.14722864738195185,0.7938784097519812
0.5084798397914873,0.0024067527007507537,5.497787143782138,7.562182045014424,-330.4451459161105,-292.60808166729555,1.0134641889955534,0.9995455145311927,0.937801551670085,0.9758671747268888,0.9927606235219909,1.0012980659435966,0.9919632755177865,1.000330768465154,1.0104973769454428,7.53e-5,0.0024820527007507536,0.30699740934381203,0.5872495604379192,0.02153796126184184,0.14729015703796045,0.7938784097519812
0.5084798397914873,0.002404672773583004,5.759586531581287,6.270234468100057,-329.9362890500297,-291.96210787883837,1.0122189442519818,0.9995685652039663,0.9395196851927661,0.9800207532084498,0.9939963021977789,1.0010720491893386,0.9921950090937433,1.0003160462824938,1.0100277536338582,7.53e-5,0.002479972773583004,0.30699740934381203,0.5872495604379192,0.02156868895093808,0.1473959542469328,0.7938784097519812
0.5084798397914873,0.002403241307375318,6.021385919380437,5.041634844556938,-329.47019819088536,-291.3478080670668,1.0109505318922272,0.9995945338581679,0.9432272480132058,0.9852261131416102,0.9955426028003481,1.0007982196594831,0.9924507550046798,1.0002967507765506,1.0094597457853403,7.53e-5,0.002478541307375318,0.30699740934381203,0.5872495604379192,0.021611654946302638,0.14754376515352968,0.7938784097519812
0.5084798397914873,0.0024026098243606227,6.283185307179586,4.131461736020128,-329.14783860594565,-290.8927215127984,1.0098277204165529,0.9996202198149488,0.9489895339754111,0.9910908521490931,0.9972937141774006,1.0004916658105703,0.9927194774462175,1.000282008053343,1.0088341532596643,7.53e-5,0.0024779098243606227,0.30699740934381203,0.5872495604379192,0.021665368479273552,0.14772834761687095,0.7938784097519812
0.5206032120410252,0.002402759431682317,0.0,4.2780086954110175,-329.15826575609225,-290.96599499249385,1.010153738346004,0.9996105750267745,0.9441434339363491,0.9881107245314753,0.9966299565956495,1.0004217342210644,0.9925473214637579,1.0002593594948952,1.0085379408641335,7.53e-5,0.002478059431682317,0.30699740934381203,0.5872495604379192,0.021629667002910226,0.14760568718516734,0.8060072105019476
0.5206032120410252,0.0024030597325502517,0.2617993877991494,3.706375569942452,-328.9917578726897,-290.68017842975956,1.0092445741043128,0.9996396444605191,0.9514648826752395,0.9942084685070282,0.9984566143421852,1.0001017348408592,0.9928709086905696,1.000258407263649,1.0078928777292222,7.53e-5,0.0024783597325502517,0.30699740934381203,0.5872495604379192,0.021690379159625097,0.14781421856299196,0.8060072105019476
0.5206032120410252,0.0024042865073214304,0.5235987755982988,3.6616958035140215,-329.0413996300654,-290.65783854654535,1.0085871542453078,0.9996719145188323,0.9599959607634528,1.000119849431826,1.0002305018724302,0.9997993499769162,0.993196347452175,1.0002712899614197,1.00729209424807,7.53e-5,0.0024795865073214303,0.30699740934381203,0.5872495604379192,0.02175508972284708,0.14803616954755452,0.8060072105019476
0.5206032120410252,0.0024063898107227408,0.7853981633974483,4.061830117545014,-329.2660209258976,-290.85790570356085,1.0081063823239473,0.9997080407222465,0.9689159286883996,1.005448162957195,1.0018271638757612,0.9995386630699381,0.9935830170433934,1.0002951426144264,1.0068011000792676,7.53e-5,0.0024816898107227407,0.30699740934381203,0.5872495604379192,0.02181874137807245,0.1482541739236297,0.8060072105019476
0.5206032120410252,0.0024091302246313493,1.0471975511965976,4.691172818301311,-329.56979084902514,-291.172577053939,1.0076240840898105,0.999749819255996,0.9771591239308641,1.0098955622123469,1.0031373463315565,0.9993506048684396,0.9939848827315436,1.0003272369011045,1.006466582264602,7.53e-5,0.0024844302246313493,0.30699740934381203,0.5872495604379192,0.021875764808813914,0.14844921302110337,0.8060072105019476
0.5206032120410252,0.002412223709248925,1.3089969389957472,5.258188700903702,-329.826972159732,-291.4560849952402,1.007001921640264,0.9997948682401907,0.9836785196879521,1.0132286721591093,1.0040764688468098,0.9992561328543564,0.9943902094150254,1.000358911418479,1.0063223973803748,7.53e-5,0.002487523709248925,0.30699740934381203,0.5872495604379192,0.021920310835135844,0.14860140240650474,0.8060072105019476
0.5206032120410252,0.002415369964866854,1.5707963267948966,5.490668284451999,-329.9225868104531,-291.57232478701434,1.0061979551886542,0.9998374588930057,0.9876644224476238,1.0152644284343724,1.004590518012354,0.9992602621442181,0.9947788231624776,1.0003814542921161,1.0063849440963182,7.53e-5,0.002490669964866854,0.30699740934381203,0.5872495604379192,0.02194725556671715,0.14869338443517285,0.8060072105019476
0.5206032120410252,0.0024182623126283954,1.8325957145940461,5.238283053838131,-329.79547250527776,-291.4461321717074,1.0052992191846348,0.9998692157505387,0.9886014167411584,1.0158922504216659,1.0046480987771256,0.9993638120295737,0.9950716148844512,1.0003878263569665,1.0066489964036125,7.53e-5,0.0024935623126283953,0.30699740934381203,0.5872495604379192,0.02195344747875592,0.14871451414792786,0.8060072105019476
0.5206032120410252,0.002420686635967858,2.0943951023931953,4.538366285339521,-329.46670670473907,-291.0961737874581,1.0045179145648613,0.9998822541981056,0.9865179241469687,1.0150562633529214,1.0042418802430868,0.9995585071204246,0.9951943463820214,1.0003734130840958,1.0070873226363528,7.53e-5,0.0024959866359678578,0.30699740934381203,0.5872495604379192,0.02193838994978309,0.14866312571193338,0.8060072105019476
0.5206032120410252,0.0024225471890468838,2.356194490192345,3.610360933079278,-329.0365034728559,-290.632171111328,1.0041184615445788,0.999872008719718,0.9819384993940882,1.0127598211481421,1.0033917373739971,0.9998259679264516,0.995107139272593,1.0003376819283865,1.0076569671923399,7.53e-5,0.0024978471890468837,0.30699740934381203,0.5872495604379192,0.021904339353866584,0.1485468539980878,0.8060072105019476
0.5206032120410252,0.0024238323899201976,2.6179938779914944,2.7779557714706016,-328.64871372865525,-290.21596853052364,1.004312645159089,0.9998391909259347,0.9757649370395993,1.0091081642060284,1.0021518955572895,1.0001411086352936,0.9948146236360459,1.0002845113156476,1.0083047877744657,7.53e-5,0.0024991323899201975,0.30699740934381203,0.5872495604379192,0.021855910676937127,0.14838133351972987,0.8060072105019476
0.5206032120410252,0.0024245368971474207,2.8797932657906435,2.354643159158627,-328.439657324011,-290.00431222436765,1.0051371270388498,0.9997902789337034,0.9688526585360431,1.0042999715443621,1.000603175235732,1.00047546512538,0.9943362887161333,1.0002262784301954,1.0089751452216318,7.53e-5,0.0024998368971474207,0.30699740934381203,0.5872495604379192,0.021798571682351577,0.14818512721226693,0.8060072105019476
0.5206032120410252,0.0024247298251824363,3.141592653589793,2.541968295093284,-328.49326184796007,-290.097974792335,1.006562775310725,0.999731865664011,0.9620355752744831,0.9986020876024858,0.9988548155956775,1.0007944126759671,0.9937680841777149,1.0001725192583029,1.0096081776129717,7.53e-5,0.0025000298251824362,0.30699740934381203,0.5872495604379192,0.02173756822608264,0.1479761044072577,0.8060072105019476
0.5206032120410252,0.0024244158802661075,3.4033920413889422,3.3747102804641145,-328.8191812721022,-290.5143457850204,1.0084072669148385,0.9996717410543072,0.9559054578232121,0.9924212401915118,0.9970339249727627,1.001076371698997,0.9931835865887225,1.00013280510257,1.0101509225032217,7.53e-5,0.0024997158802661074,0.30699740934381203,0.5872495604379192,0.02167781322059403,0.14777108108629616,0.8060072105019476
0.5206032120410252,0.002423572036350837,3.6651914291880923,4.720889913784276,-329.3557758535528,-291.1874356016805,1.0104119231192132,0.9996171928901558,0.9506879309954159,0.9861866111988716,0.995270880190686,1.0013000873574287,0.9926334873918629,1.000119894228927,1.0105819328556453,7.53e-5,0.002498872036350837,0.30699740934381203,0.5872495604379192,0.021622690172836762,0.1475817051604157,0.8060072105019476
0.5206032120410252,0.0024222139224478424,3.9269908169872414,6.3251746491511085,-329.9918612814951,-291.9895779693639,1.0123469562481624,0.9995710420612414,0.9462668286870565,0.9803887520032379,0.9936860822306467,1.0014657993540812,0.992186887297894,1.0001301133256295,1.0108652698042662,7.53e-5,0.0024975139224478423,0.30699740934381203,0.5872495604379192,0.02157507615146999,0.14741793649330606,0.8060072105019476
0.5206032120410252,0.00242032102343367,4.1887902047863905,7.8767329327932885,-330.59749918332545,-292.765357111185,1.013958646874209,0.9995355681130241,0.9426267345301647,0.9754242804142562,0.9923839854784609,1.0015631466239336,0.9918243382029589,1.0001662192761018,1.0110374711336276,7.53e-5,0.00249562102343367,0.30699740934381203,0.5872495604379192,0.02153595413679993,0.14728324382328617,0.8060072105019476
0.5206032120410252,0.002417989819821561,4.4505895925855405,9.082249093169366,-331.0551283972837,-293.368115191373,1.0151014739820585,0.99951259026491,0.9394316121289225,0.9717204775356673,0.9914467022107731,1.0016077705877333,0.9915882247544718,1.00021098937799,1.0110819083370208,7.53e-5,0.002493289819821561,0.30699740934381203,0.5872495604379192,0.021507066076031534,0.14718370868931993,0.8060072105019476
0.5206032120410252,0.0024153208811695218,4.71238898038469,9.727693848592253,-331.28369378111796,-293.69083756908447,1.0156546873054726,0.9995020218224664,0.9366765947283985,0.9695301080436266,0.9909317968853953,1.001598100342238,0.9914783874383536,1.0002545530560305,1.011017344501036,7.53e-5,0.0024906208811695217,0.30699740934381203,0.5872495604379192,0.021488829556708576,0.14712084026256556,0.8060072105019476
0.5206032120410252,0.002412456650911444,4.974188368183839,9.717161927099937,-331.252392800853,-293.6855716083383,1.0155835398482373,0.9995026172629459,0.9345594259878738,0.9690025814603739,0.9908713790394885,1.0015337809125042,0.991469357874861,1.0002875406805778,1.0108581711788094,7.53e-5,0.002487756650911444,0.30699740934381203,0.5872495604379192,0.021481819797765065,0.14709666793577167,0.8060072105019476
0.5206032120410252,0.002409627346161354,5.235987755982989,9.084258786776445,-330.9819539590735,-293.36912003817656,1.0149610460080414,0.9995137510344916,0.933289183510241,0.9701738746099889,0.9912722220981676,1.00141558569293,0.991580148560993,1.0003022812487017,1.0105914636192685,7.53e-5,0.002484927346161354,0.30699740934381203,0.5872495604379192,0.021486891966479533,0.14711415909689884,0.8060072105019476
0.5206032120410252,0.0024070365024865554,5.497787143782138,7.978335341452976,-330.53765009990707,-292.8161583155148,1.0139155371448338,0.9995327027458578,0.9333032542753892,0.972933034179232,0.992112660337228,1.0012402480956084,0.9917715328975572,1.000300521383403,1.0102191606819277,7.53e-5,0.0024823365024865553,0.30699740934381203,0.5872495604379192,0.02150443787814948,0.14717464986973036,0.8060072105019476
0.5206032120410252,0.0024048866346337134,5.759586531581287,6.631659739680231,-330.0151134062772,-292.14282051462845,1.01262643179524,0.9995562222237213,0.9349955723738028,0.9770590759438852,0.9933423980948863,1.0010090298768972,0.9919939122912518,1.0002886343110338,1.0097467854287578,7.53e-5,0.0024801866346337133,0.30699740934381203,0.5872495604379192,0.02153454867868876,0.14727840276462023,0.8060072105019476
0.5206032120410252,0.002403432098477317,6.021385919380437,5.313750707025861,-329.52226715417896,-291.48386599830127,1.0113279469881826,0.999583950624894,0.9385703696507909,0.982253198595756,0.9948839280781812,1.0007315677262851,0.9922839673919638,1.000270955594934,1.0091664961382907,7.53e-5,0.002478732098477317,0.30699740934381203,0.5872495604379192,0.021576853916903223,0.14742405430057084,0.8060072105019476
0.5206032120410252,0.0024027594316823157,6.283185307179586,4.2780086954113585,-329.1582657560924,-290.965994992494,1.010153738346003,0.9996105750267745,0.9441434339363503,0.9881107245314747,0.9966299565956491,1.0004217342210646,0.9925473214637576,1.0002593594948952,1.0085379408641348,7.53e-5,0.0024780594316823157,0.30699740934381203,0.5872495604379192,0.02162966700291022,0.1476056871851673,0.8060072105019476
0.5327144613116285,0.002406111220802713,0.0,4.06458841578069,-328.9749083530877,-290.8592848526787,1.0103670629603736,0.9996054790534643,0.9393191030251828,0.9850342041481503,0.9959449633636382,1.0003530384643426,0.9919785839514392,1.0002477017551012,1.0082076048781785,7.53e-5,0.002481411220802713,0.30699740934381203,0.5872495604379192,0.0215941078994926,0.14748341746719235,0.818136011251914
0.5327144613116285,0.002406355609767373,0.2617993877991494,3.335618209952713,-328.75295432938105,-290.4947997497647,1.0093994452515151,0.9996334480818538,0.9463755239414327,0.9911470104652008,0.9977699056157046,1.0000317774554044,0.9922736222911432,1.0002481088199835,1.0075611859428049,7.53e-5,0.002481655609767373,0.30699740934381203,0.5872495604379192,0.021653925196612057,0.14768904242102343,0.818136011251914
0.5327144613116285,0.0024075935565085562,0.5235987755982988,3.109313315016152,-328.7358003909167,-290.3816473022964,1.0087005920775056,0.9996658015973809,0.954587101903805,0.9970724673410134,0.999542303310632,0.999727796867257,0.9926241181239794,1.0002621524301682,1.0069565984320399,7.53e-5,0.002482893556508556,0.30699740934381203,0.5872495604379192,0.021717525897866508,0.14790736861800552,0.818136011251914
0.5327144613116285,0.002409681485755192,0.7853981633974483,3.318061407318055,-328.8877840262709,-290.48602134844737,1.0081744794565515,0.9997008855596687,0.9631608307022475,1.0024365372233106,1.0011404448972712,0.999468532844526,0.9929882555107997,1.0002873272297013,1.0064642598872922,7.53e-5,0.002484981485755192,0.30699740934381203,0.5872495604379192,0.021780159939461172,0.14812207121037552,0.818136011251914
0.5327144613116285,0.0024124540447444183,1.0471975511965976,3.766720688401165,-329.121694445725,-290.7103509889889,1.0076836759881014,0.9997404195047516,0.971096479093556,1.0068959053963402,1.0024523973755177,0.9992768896043784,0.9933970298189758,1.0003193521265705,1.0061282422848141,7.53e-5,0.0024877540447444182,0.30699740934381203,0.5872495604379192,0.02183595173038675,0.14831306527810828,0.818136011251914
0.5327144613116285,0.0024155924249200642,1.3089969389957472,4.187549112180136,-329.3216611664497,-290.9207652008784,1.007082423357472,0.9997824160938825,0.9773722324871279,1.0102373209267395,1.0033944606735523,0.9991787065033159,0.9937970177758026,1.0003513306342895,1.0059858227964817,7.53e-5,0.002490892424920064,0.30699740934381203,0.5872495604379192,0.021879489139120092,0.14846194281853506,0.818136011251914
0.5327144613116285,0.0024187845555338336,1.5707963267948966,4.330561250116261,-329.3820927395445,-290.99227126984647,1.006327921498177,0.9998213480054152,0.9811562256007073,1.0122734299717702,1.003905951959009,0.9991833558898626,0.9941509325476056,1.000374314592751,1.0060481480727328,7.53e-5,0.0024940845555338335,0.30699740934381203,0.5872495604379192,0.021905692243232414,0.14855147536005858,0.818136011251914
0.5327144613116285,0.002421745029331151,1.8325957145940461,4.060060444705641,-329.24812054700124,-290.85702086714116,1.005515095008266,0.9998494112879048,0.9820485928895736,1.012892370162015,1.0039604390462091,0.9992869818592761,0.9944096485413039,1.0003812291488778,1.0063140405432582,7.53e-5,0.002497045029331151,0.30699740934381203,0.5872495604379192,0.02191160152725858,0.14857165936678868,0.818136011251914
0.5327144613116285,0.0024242597188848898,2.0943951023931953,3.415666894233482,-328.9418971881404,-290.5348240919051,1.0048393797413646,0.9998592378878611,0.980045327485529,1.012027637055367,1.0035469036083113,0.9994823778048048,0.99450395549697,1.0003674803142664,1.006753734754266,7.53e-5,0.0024995597188848897,0.30699740934381203,0.5872495604379192,0.021896618508608436,0.1485204775370628,0.818136011251914
0.5327144613116285,0.0024262171951231985,2.356194490192345,2.6057989435277022,-328.5584193999671,-290.1298901165522,1.0045520918263,0.999846724214535,0.9756826420736491,1.0097031252041138,1.0026913664811616,0.99975039044421,0.9943970540666672,1.000332528762475,1.007327620004802,7.53e-5,0.0025015171951231984,0.30699740934381203,0.5872495604379192,0.021863162580845173,0.1484061306234322,0.818136011251914
0.5327144613116285,0.0024275679838662956,2.6179938779914944,1.9334090688143988,-328.2324385452516,-289.79369517919554,1.0048157581408617,0.9998134906523902,0.9697293980768937,1.0060277983218364,1.0014440622369893,1.0000694757571025,0.9940725354117456,1.0002820241408157,1.0079811786793385,7.53e-5,0.0025028679838662955,0.30699740934381203,0.5872495604379192,0.02181563498801245,0.14824354188392,0.818136011251914
0.5327144613116285,0.00242834381377758,2.8797932657906435,1.6879053042781607,-328.0898164130063,-289.6709432969274,1.0057063008308276,0.9997645724691244,0.9630738019390175,1.0011809137768204,0.9998908705511066,1.0004043595561125,0.9935839940355228,1.0002253364646125,1.0086563924092817,7.53e-5,0.00250364381377758,0.30699740934381203,0.5872495604379192,0.021759241576383103,0.14805039897850672,0.818136011251914
0.5327144613116285,0.0024285842064795107,3.141592653589793,2.0495145343484182,-328.2058058107699,-289.85174791196255,1.0071707021722938,0.9997068610645578,0.956556436791549,0.9954700867031077,0.9981431221727837,1.0007259089987668,0.9930161376470321,1.000171221232207,1.0092943104589056,7.53e-5,0.0025038842064795106,0.30699740934381203,0.5872495604379192,0.021699375932212755,0.1478450959815012,0.818136011251914
0.5327144613116285,0.002428294991883311,3.4033920413889422,3.0381674817567728,-328.5845840513948,-290.3460743856667,1.009017500742746,0.9996486959067231,0.9506630300673051,0.9892840944980466,0.9963260189026316,1.0010098250187667,0.9924484767435094,1.0001327593070508,1.0098503432394614,7.53e-5,0.0025035949918833108,0.30699740934381203,0.5872495604379192,0.0216406490055684,0.14764342885384577,0.818136011251914
0.5327144613116285,0.0024274545710135996,3.6651914291880923,4.514379468759671,-329.1627543901144,-291.0841803791682,1.0110137051481045,0.9995953378082343,0.9455898810318413,0.9830746499452752,0.9945685017391886,1.001241379878538,0.9919278638446664,1.0001151570948978,1.0102743657119835,7.53e-5,0.0025027545710135995,0.30699740934381203,0.5872495604379192,0.02158671305988176,0.14745797800271318,0.818136011251914
0.5327144613116285,0.0024260536224748382,3.9269908169872414,6.221440066609716,-329.82985817773755,-291.9377106780932,1.0129061106730204,0.9995511648107466,0.9413387022727773,0.9772856464990403,0.9929907471224326,1.0014091720605733,0.9914830479198025,1.0001243425244248,1.010573729279592,7.53e-5,0.002501353622474838,0.30699740934381203,0.5872495604379192,0.021539854139159383,0.14729667645635391,0.818136011251914
0.5327144613116285,0.0024241082619222763,4.1887902047863905,7.8508869041639855,-330.4585077768381,-292.75243409687033,1.0144775567740112,0.999518264852284,0.9377950787179354,0.9723524755358011,0.99169663956447,1.0015116401388178,0.9911321057764851,1.0001562562432613,1.0107456323266424,7.53e-5,0.0024994082619222762,0.30699740934381203,0.5872495604379192,0.021501595543513198,0.14716485235849516,0.818136011251914
0.5327144613116285,0.0024216914928302472,4.4505895925855405,9.11294122239417,-330.9332882202894,-293.3834612559854,1.0155610243226332,0.9994971063907082,0.9347822000220086,0.9686457112728648,0.9907652692673474,1.0015537572308113,0.9908887212288042,1.0002003097766063,1.0108004252814655,7.53e-5,0.002496991492830247,0.30699740934381203,0.5872495604379192,0.02147294320207034,0.14706605250702204,0.818136011251914
0.5327144613116285,0.002418933305226642,4.71238898038469,9.79604509313117,-331.17482551046925,-293.7250131913539,1.016060461550984,0.9994879970164374,0.9321851680413417,0.9664548680192373,0.9902545290623758,1.0015420874982832,0.9907729154879424,1.0002427073204834,1.0107416051801352,7.53e-5,0.002494233305226642,0.30699740934381203,0.5872495604379192,0.02145488959677871,0.1470037664196744,0.818136011251914
0.5327144613116285,0.0024160009005947778,4.974188368183839,9.804476685062696,-331.15226248661617,-293.7292289873197,1.0159512562378747,0.9994902861679024,0.9301279544583493,0.9659321013251396,0.9901966902221042,1.0014771702121763,0.990779713376844,1.0002736348207757,1.010577171106588,7.53e-5,0.0024913009005947777,0.30699740934381203,0.5872495604379192,0.021448103693671765,0.14698034799472026,0.818136011251914
0.5327144613116285,0.002413103429244618,5.235987755982989,9.169569501426281,-330.8852620154068,-293.4117753955015,1.015294553812543,0.9995026856697665,0.928893274717424,0.9671022807259113,0.990598194403679,1.001357244858668,0.9909019546729444,1.0002876540428571,1.0103048375830157,7.53e-5,0.002488403429244618,0.30699740934381203,0.5872495604379192,0.021453220736807638,0.14699800745260702,0.818136011251914
0.5327144613116285,0.0024104849575450425,5.497787143782138,8.036630869511555,-330.4368942540395,-292.8453060795441,1.0142328383054855,0.9995238328471864,0.9288445938989467,0.9698673711287706,0.9914387649158957,1.0011805026475753,0.9911457461094949,1.0002842731782264,1.0099127843316071,7.53e-5,0.0024857849575450424,0.30699740934381203,0.5872495604379192,0.021470740801507498,0.1470584554567764,0.818136011251914
0.5327144613116285,0.0024083098750279177,5.759586531581287,6.633312007696986,-329.9001006298945,-292.14364664863683,1.0129228362351959,0.9995492124015188,0.9304629678735654,0.9739921252037379,0.9926661376000544,1.000946616433406,0.9914115310112408,1.0002723715141268,1.0094259417763047,7.53e-5,0.0024836098750279176,0.30699740934381203,0.5872495604379192,0.02150050569725018,0.14716109549668058,0.818136011251914
0.5327144613116285,0.002406788799393135,6.021385919380437,5.2253198655960205,-329.3802265505278,-291.43965057758635,1.0115709766388379,0.9995767701364819,0.933944000470515,0.9791732107231315,0.9942028342428484,1.000665226072867,0.9916857500196311,1.0002582714785306,1.0088491072130559,7.53e-5,0.002482088799393135,0.30699740934381203,0.5872495604379192,0.021542098117191467,0.14730440476742176,0.818136011251914
0.5327144613116285,0.002406111220802716,6.283185307179586,4.064588415780008,-328.97490835308736,-290.85928485267834,1.0103670629603747,0.9996054790534642,0.939319103025188,0.9850342041481515,0.9959449633636384,1.000353038464343,0.9919785839514417,1.000247701755101,1.0082076048781792,7.53e-5,0.0024814112208027157,0.30699740934381203,0.5872495604379192,0.021594107899492614,0.14748341746719243,0.818136011251914
0.5448064613154395,0.0024125173180213435,0.0,3.702223681965961,-328.701673630708,-290.6781024857713,1.0104857506524612,0.9996041584466422,0.9344778363472381,0.9818472770815727,0.9952361133579866,1.0002852693025346,0.9909081632382537,1.0002393098835065,1.0078220434255238,7.53e-5,0.0024878173180213434,0.30699740934381203,0.5872495604379192,0.021560344888921015,0.14736723245274932,0.8302648120018805
0.5448064613154395,0.0024127330320170164,0.2617993877991494,2.81746092503181,-328.4248330650678,-290.23572110730424,1.009469554044486,0.9996324979185116,0.9412864682151982,0.9879660356762662,0.997056642239702,0.9999624782686467,0.9911922893676738,1.000241358813031,1.0071751082894038,7.53e-5,0.0024880330320170164,0.30699740934381203,0.5872495604379192,0.02161913886337916,0.14756949650285,0.8302648120018805
0.5448064613154395,0.002413955035029945,0.5235987755982988,2.412189148583707,-328.34183301521625,-290.0330852190802,1.0087238027584977,0.9996632766998397,0.9491751614027519,0.9939066780245437,0.9988273255749729,0.9996573509343871,0.9915316458955584,1.0002559551616281,1.006571152687908,7.53e-5,0.0024892550350299448,0.30699740934381203,0.5872495604379192,0.02168165478193105,0.14778427003796793,0.8302648120018805
0.5448064613154395,0.0024160472850371035,0.7853981633974483,2.4325804767516956,-328.4225028401891,-290.0432808831642,1.0081595991161494,0.9996973441660812,0.9573991284249839,0.9992885180992882,1.000423501264232,0.9993983186286913,0.9918844881932052,1.00028182066364,1.0060755448098004,7.53e-5,0.0024913472850371034,0.30699740934381203,0.5872495604379192,0.021743102295149343,0.14799507821029648,0.8302648120018805
0.5448064613154395,0.0024188305161990248,1.0471975511965976,2.7031628879350365,-328.58744325770346,-290.17857208875586,1.0076527784726104,0.9997345792319926,0.965000466050664,1.0037740989256114,1.0017357550919381,0.9992076587946986,0.9922729835362016,1.0003139560263745,1.0057412415339682,7.53e-5,0.0024941305161990247,0.30699740934381203,0.5872495604379192,0.021797811593628813,0.1481825245978597,0.8302648120018805
0.5448064613154395,0.0024220191685915076,1.3089969389957472,2.9793829635806333,-328.7308218940874,-290.31668212657866,1.0070740477367577,0.9997734299358074,0.971001592416594,1.007108139654111,1.0026757318196187,0.999105914550789,0.9926652640156535,1.0003456508836925,1.005597200725915,7.53e-5,0.0024973191685915075,0.30699740934381203,0.5872495604379192,0.02184011599377082,0.14832731137984453,0.8302648120018805
0.5448064613154395,0.0024252748097824675,1.5707963267948966,3.0332975085644875,-328.75615491373554,-290.3436393990706,1.0063772619732192,0.9998086556419418,0.9746136089865391,1.0091312425830838,1.0031852291100603,0.9991073315000718,0.9930009842119164,1.0003687647917032,1.0056607545436902,7.53e-5,0.0025005748097824674,0.30699740934381203,0.5872495604379192,0.021865458021544902,0.14841397879770646,0.8302648120018805
0.5448064613154395,0.0024283104604008654,1.8325957145940461,2.7441564791616884,-328.6150757391556,-290.1990688843692,1.0056484861036807,0.9998329623784604,0.9754230821873952,1.0097204386935015,1.003231753453756,0.9992106504260371,0.9932286062932018,1.000376031708215,1.0059257999392366,7.53e-5,0.0025036104604008653,0.30699740934381203,0.5872495604379192,0.02187083510634081,0.14843236162052803,0.8302648120018805
0.5448064613154395,0.0024309093498404563,2.0943951023931953,2.154541003842837,-328.33071626708346,-289.90426114670976,1.0050788962938633,0.9998395942423541,0.9734863997416976,1.0088227996584465,1.0028107467395295,0.9994059552484704,0.9932910820321683,1.000363072214903,1.0063669885173534,7.53e-5,0.002506209349840456,0.30699740934381203,0.5872495604379192,0.021855888152770078,0.14838125649450368,0.8302648120018805
0.5448064613154395,0.0024329393415548233,2.356194490192345,1.4625770364825712,-327.9935104653329,-289.5582791630296,1.0048859277487097,0.9998251822957979,0.969272256638372,1.00646495585529,1.0019455463880815,0.9996769828521099,0.9931453479376253,1.0003298583272584,1.0069435241985956,7.53e-5,0.0025082393415548233,0.30699740934381203,0.5872495604379192,0.021822946165989614,0.1482685641997836,0.8302648120018805
0.5448064613154395,0.0024343589200920865,2.6179938779914944,0.9509391136056138,-327.72926652855296,-289.30246020159115,1.005231370204688,0.9997913738494034,0.963538748340217,1.002745250873747,1.0006904700134396,0.9999969242324351,0.992787538103443,1.000281811259814,1.0075984777299865,7.53e-5,0.0025096589200920864,0.30699740934381203,0.5872495604379192,0.02177620040216243,0.14810850729795244,0.8302648120018805
0.5448064613154395,0.0024352106214783243,2.8797932657906435,0.8849630424043653,-327.6534200145854,-289.2694721659905,1.006193462654102,0.9997423499830549,0.9571559751263288,0.9978597433558344,0.9991336161962185,1.000331759445941,0.9923016589157259,1.0002265469911997,1.0082782950879325,7.53e-5,0.002510510621478324,0.30699740934381203,0.5872495604379192,0.02172076817002428,0.14791849019344475,0.8302648120018805
0.5448064613154395,0.0024355084852179447,3.141592653589793,1.4231798124350235,-327.8324148715453,-289.53858055100585,1.0077039445005562,0.9996853226868994,0.9509114442497945,0.9921355299299451,0.9973863336658325,1.0006562701317867,0.9917519955556998,1.0001718804075428,1.0089207611180004,7.53e-5,0.0025108084852179446,0.30699740934381203,0.5872495604379192,0.02166205326883715,0.14771696163209955,0.8302648120018805
0.5448064613154395,0.002435234271225928,3.4033920413889422,2.570105468656834,-328.2648980449785,-290.11204337911676,1.0095595117430753,0.9996283392494083,0.9452322058191637,0.985956309974862,0.9955726619203166,1.0009455697180545,0.9912004500276532,1.0001311153449661,1.009471414273061,7.53e-5,0.002510534271225928,0.30699740934381203,0.5872495604379192,0.02160453436267629,0.14751927897933131,0.8302648120018805
0.5448064613154395,0.0024343522577245495,3.6651914291880923,4.1782047218924845,-328.8855338715963,-290.9160930057346,1.0115124411691356,0.9995778340116624,0.9404104571036476,0.9797477419191094,0.9938242751245805,1.0011760019354246,0.9906647901152229,1.0001167747251196,1.0099180993296288,7.53e-5,0.0025096522577245494,0.30699740934381203,0.5872495604379192,0.02155150592173374,0.14733680117495987,0.8302648120018805
0.5448064613154395,0.0024329062282546932,3.9269908169872414,5.988961442868117,-329.5844083762222,-291.8214713662224,1.013362836497582,0.9995362250031543,0.9363678113753977,0.9739760727005713,0.9922557734541666,1.0013452729877368,0.9902281402797452,1.0001252817974902,1.0102265994858157,7.53e-5,0.002508206228254693,0.30699740934381203,0.5872495604379192,0.021505461023685606,0.1471781764915363,0.8302648120018805
0.5448064613154395,0.0024309136336967234,4.1887902047863905,7.69605098968168,-330.23619904486804,-292.6750161396292,1.0148911782611307,0.9995057197141808,0.9329494887332298,0.9690739245713035,0.9909706670350927,1.0014517780876517,0.9899032033909357,1.00015369614367,1.010399113781362,7.53e-5,0.0025062136336967233,0.30699740934381203,0.5872495604379192,0.02146802247641092,0.1470490782299448,0.8302648120018805
0.5448064613154395,0.002428446077480489,4.4505895925855405,9.013142550469752,-330.7280286557051,-293.3335619200232,1.0159331565405647,0.9994871129707552,0.9300050438530423,0.9654063420592891,0.9900490428144373,1.0014982580693008,0.9896977930009039,1.0001932464484569,1.0104483164142473,7.53e-5,0.002503746077480489,0.30699740934381203,0.5872495604379192,0.021440194501818794,0.14695304848179822,0.8302648120018805
0.5448064613154395,0.0024256230343661176,4.71238898038469,9.731257372643086,-330.98186462032606,-293.6926193311099,1.0163878934718236,0.9994804139528864,0.9275144562152153,0.9632385188234184,0.989546096176693,1.001487067275366,0.9896053925630401,1.000233171593521,1.010388164158615,7.53e-5,0.0025009230343661175,0.30699740934381203,0.5872495604379192,0.021422625743064833,0.146892390202952,0.8302648120018805
0.5448064613154395,0.0024226255883979093,4.974188368183839,9.755133273319643,-330.9669867836433,-293.70455728144816,1.0162395862211364,0.9994846614266568,0.9255461653939322,0.9627309163935729,0.9894935397488133,1.0014216474230664,0.9896298445054102,1.0002625059691685,1.0102219113775435,7.53e-5,0.002497925588397909,0.30699740934381203,0.5872495604379192,0.021416148439919836,0.14687002038730337,0.8302648120018805
0.5448064613154395,0.0024196954820773636,5.235987755982989,9.114282011120167,-330.7020676703876,-293.3841316503484,1.0155582814412,0.9994987119645607,0.9243131184787459,0.9639147666491954,0.9898988777801255,1.0013008572592959,0.9898077916403739,1.000274549416761,1.0099370538894676,7.53e-5,0.0024949954820773636,0.30699740934381203,0.5872495604379192,0.021421473582352028,0.14688841137790856,0.8302648120018805
0.5448064613154395,0.0024169451441369647,5.497787143782138,7.950584507357689,-330.24831724370625,-292.8022828984672,1.0144312055905884,0.9995195718983029,0.9244054027020358,0.9666653563459253,0.9907376218887058,1.0011187535118629,0.9899713138794413,1.000275099394248,1.0095573184193773,7.53e-5,0.0024922451441369647,0.30699740934381203,0.5872495604379192,0.02143857315724506,0.14694745161062434,0.8302648120018805
0.5448064613154395,0.0024147549461502097,5.759586531581287,6.487655344608811,-329.69599803739175,-292.07081831709274,1.013105639187173,0.9995463252989859,0.92591933109731,0.9708007745842941,0.9919643704343416,1.000883725717492,0.9902912210436073,1.00026191259467,1.0090524303151913,7.53e-5,0.0024900549461502096,0.30699740934381203,0.5872495604379192,0.021468131399101666,0.14704945398453528,0.8302648120018805
0.5448064613154395,0.0024132065995819715,6.021385919380437,4.987948514053869,-329.14840066128477,-291.3209649018153,1.0117226954789327,0.9995747711212272,0.9292877399134328,0.9759837635687197,0.9934978649632201,1.0005998187935732,0.9905894088785409,1.0002487060201193,1.0084682560956861,7.53e-5,0.0024885065995819714,0.30699740934381203,0.5872495604379192,0.0215091419011443,0.1471908632189354,0.8302648120018805
0.5448064613154395,0.0024125173180213435,6.283185307179586,3.7022236819675527,-328.7016736307087,-290.6781024857721,1.0104857506524623,0.9996041584466422,0.9344778363472286,0.9818472770815697,0.995236113357986,1.0002852693025341,0.9909081632382536,1.0002393098835065,1.0078220434255232,7.53e-5,0.0024878173180213434,0.30699740934381203,0.5872495604379192,0.021560344888920974,0.1473672324527492,0.8302648120018805
0.5568720970909158,0.0024216364341535118,0.0,3.522405541927924,-328.50111806090143,-290.5881934157523,1.0105015136169015,0.9996056191775707,0.9296241788623537,0.978548214343873,0.9945030712710646,1.000218988111095,0.9890646352929902,1.0002290882284288,1.0073681409750874,7.53e-5,0.0024969364341535117,0.30699740934381203,0.5872495604379192,0.021529514816079103,0.147261062506778,0.842393612751847
0.5568720970909158,0.002421872180590149,0.2617993877991494,2.483648303102541,-328.1699028978781,-290.0688147963396,1.0094587928059513,0.9996349415713977,0.9361734347904415,0.9846684859985303,0.9963179756558304,0.9998942754999868,0.9893820024771908,1.0002316874151471,1.0067138918637948,7.53e-5,0.002497172180590149,0.30699740934381203,0.5872495604379192,0.02158724329065064,0.1474598022255657,0.842393612751847
0.5568720970909158,0.002423054876614235,0.5235987755982988,1.9026732657305274,-328.0222512375159,-289.7783272776536,1.008662415480724,0.9996648087083582,0.9437605036191516,0.990624428939439,0.9980850405783258,0.9995892026184356,0.9896772685758575,1.000246671973975,1.006109771826702,7.53e-5,0.002498354876614235,0.30699740934381203,0.5872495604379192,0.021648645322152563,0.14767090377268202,0.842393612751847
0.5568720970909158,0.002425161870695354,0.7853981633974483,1.7388091518928377,-328.03313543472046,-289.69639522073476,1.0080724012128894,0.9996966426416056,0.9516371814860918,0.996015467173301,0.9996791241830554,0.9993283382417929,0.99003263706001,1.0002719335581503,1.0056170183721718,7.53e-5,0.0025004618706953538,0.30699740934381203,0.5872495604379192,0.021708837455948128,0.14787756169987384,0.842393612751847
0.5568720970909158,0.0024279728079044335,1.0471975511965976,1.8355257690586768,-328.13085841593755,-289.7447535293177,1.007553681888496,0.9997316856591542,0.9588757937100735,1.000497189341327,1.000985750992055,0.9991370034874311,0.9904096628514647,1.0003038372065034,1.005278345840058,7.53e-5,0.0025032728079044334,0.30699740934381203,0.5872495604379192,0.02176215870699062,0.1480603959140806,0.842393612751847
0.5568720970909158,0.0024311808749601276,1.3089969389957472,1.9708095010430497,-328.2189651255015,-289.81239539530986,1.0069870038282258,0.9997675010332849,0.9645977697645485,1.0038455314063188,1.0019232476038362,0.9990372273894512,0.9907650434247165,1.0003353015583494,1.005135821782415,7.53e-5,0.0025064808749601275,0.30699740934381203,0.5872495604379192,0.021803476645017025,0.1482019211934036,0.842393612751847
0.5568720970909158,0.00243450965362497,1.5707963267948966,1.9383691449525031,-328.2103270900144,-289.7961752172646,1.006344623941452,0.9997991518765479,0.9679982031307375,1.0058387432852778,1.0024246973799245,0.9990366326775098,0.9910808954966933,1.000358274444669,1.0051957939033938,7.53e-5,0.00250980965362497,0.30699740934381203,0.5872495604379192,0.021827741007935855,0.14828497219622028,0.842393612751847
0.5568720970909158,0.002437628389043505,1.8325957145940461,1.6323786643620224,-328.06272571072157,-289.64317997696935,1.005708637275483,0.9998196515346207,0.9687161196940615,1.0063782176093305,1.0024620795172767,0.9991358272136113,0.9912812236914285,1.0003658174650631,1.0054584199148346,7.53e-5,0.002512928389043505,0.30699740934381203,0.5872495604379192,0.02183238304955896,0.14830085562992074,0.842393612751847
0.5568720970909158,0.002440306682558518,2.0943951023931953,1.0986711942383636,-327.8005061844633,-289.3763262419075,1.0052419002252129,0.999823173989208,0.9668111205096359,1.0054342232754072,1.002030464611913,0.9993308678840478,0.9913054028973515,1.0003538197717163,1.0058975950399065,7.53e-5,0.002515606682558518,0.30699740934381203,0.5872495604379192,0.02181732367313146,0.14824932172871086,0.842393612751847
0.5568720970909158,0.0024424306707377004,2.356194490192345,0.5255081989209884,-327.5096945810355,-289.08974474424883,1.0051618572513172,0.9998064314418188,0.9627337962029622,1.0030155635964844,1.0011542570988174,0.999600404730553,0.9911385500256381,1.0003218039392272,1.006472643829658,7.53e-5,0.0025177306707377003,0.30699740934381203,0.5872495604379192,0.021784629691121236,0.14813738148035807,0.842393612751847
0.5568720970909158,0.002443945086475557,2.6179938779914944,0.1756215827408596,-327.3071912237557,-288.91480143615877,1.005614230936638,0.9997709912561372,0.9572318771173993,0.9992468943051752,0.9998919035416188,0.9999200108398367,0.9907845036586359,1.0002743708913955,1.0071307581606892,7.53e-5,0.002519245086475557,0.30699740934381203,0.5872495604379192,0.02173859491724346,0.14797962464217565,0.842393612751847
0.5568720970909158,0.0024448603114599647,2.8797932657906435,0.29036444113796733,-327.29825266475063,-288.9721728653573,1.006649493423665,0.9997219404861328,0.9511325796147363,0.9943362657886436,0.9983312149413377,1.000258043141987,0.9902947487455023,1.0002186968828215,1.0078080523566582,7.53e-5,0.0025201603114599646,0.30699740934381203,0.5872495604379192,0.02168425319878795,0.14779319034484092,0.842393612751847
0.5568720970909158,0.0024451751518285644,3.141592653589793,1.0063927085117257,-327.540526400466,-289.3301869990442,1.008171070333985,0.9996665193783836,0.9451251218110492,0.9886008335021009,0.9965852719766973,1.0005855871751557,0.989738052161906,1.0001669695922022,1.0084559679152745,7.53e-5,0.0025204751518285644,0.30699740934381203,0.5872495604379192,0.021626783466829665,0.14759577583100375,0.842393612751847
0.5568720970909158,0.002444877197910786,3.4033920413889422,2.3124663088671014,-328.0268684726645,-289.9832237992219,1.0100058544452253,0.9996118274643447,0.9396886775347028,0.9824179176856203,0.9947788005671949,1.0008752664890175,0.9891665668460026,1.0001301795769661,1.0090239482330636,7.53e-5,0.002520177197910786,0.30699740934381203,0.5872495604379192,0.021570418437417537,0.1474019067772624,0.842393612751847
0.5568720970909158,0.002443999645390803,3.6651914291880923,4.052644950754257,-328.68990110543774,-290.85331312016547,1.0119522105902221,0.9995628309305419,0.9350060728433292,0.9762447421900624,0.9930380289889703,1.0011147737098762,0.9886700073699333,1.0001107532224807,1.009463262874682,7.53e-5,0.002519299645390803,0.30699740934381203,0.5872495604379192,0.021518757311753917,0.14722399924696936,0.842393612751847
0.5568720970909158,0.002442513135704298,3.9269908169872414,5.966346579961737,-329.4203024111188,-291.8101639347692,1.0137624689144182,0.999523553116859,0.9310998597915207,0.9705092436950653,0.9914802198612542,1.001290284323696,0.9882486714319333,1.0001165952302498,1.0097743673813797,7.53e-5,0.002517813135704298,0.30699740934381203,0.5872495604379192,0.021473905846943454,0.14706937297379713,0.842393612751847
0.5568720970909158,0.002440460591221949,4.1887902047863905,7.749244490464548,-330.0947363387164,-292.7016128900206,1.0152288578502022,0.9994956129543764,0.9278906641791054,0.9656182863033568,0.9902095628547266,1.0013947189130565,0.9879403119416177,1.0001468261408384,1.0099695012254748,7.53e-5,0.002515760591221949,0.30699740934381203,0.5872495604379192,0.02143714284629183,0.14694251401443906,0.842393612751847
0.5568720970909158,0.0024379355792571384,4.4505895925855405,9.118443239442968,-330.6026704695093,-293.3862122645098,1.0162277910995543,0.9994793366132353,0.925000211456723,0.9620045006346386,0.9892979485986086,1.0014477663671593,0.9877600455077563,1.0001812341373872,1.0100114896700814,7.53e-5,0.0025132355792571383,0.30699740934381203,0.5872495604379192,0.02141032205285465,0.14684989572853835,0.842393612751847
0.5568720970909158,0.0024350411308116104,4.71238898038469,9.867689713482719,-330.8677115117698,-293.7608355015297,1.0166260369676499,0.9994753034817595,0.9227653204725366,0.9598451857047494,0.98880284343836,1.0014300486003445,0.9876945761965701,1.000222991239139,1.0099596574559302,7.53e-5,0.0025103411308116104,0.30699740934381203,0.5872495604379192,0.021392776373671953,0.1467892758126469,0.842393612751847
0.5568720970909158,0.0024319750478048736,4.974188368183839,9.902485177654171,-330.8594057586397,-293.7782332336154,1.016430705027744,0.9994823901586699,0.9209424967027602,0.9593597508075986,0.9887575407242561,1.001361189090374,0.9877404438268595,1.0002517822819075,1.0097852006111077,7.53e-5,0.0025072750478048736,0.30699740934381203,0.5872495604379192,0.021386494918152588,0.146767567618584,0.842393612751847
0.5568720970909158,0.0024289439179622195,5.235987755982989,9.250993183196783,-330.595311110297,-293.45248723638673,1.0156976919302731,0.9994986708580951,0.9198713836714194,0.960558253949623,0.9891667534809847,1.0012373118025404,0.9878811324331996,1.0002651161012972,1.0095032407230022,7.53e-5,0.0025042439179622194,0.30699740934381203,0.5872495604379192,0.021391835688062803,0.1467860250789727,0.842393612751847
0.5568720970909158,0.002426186985598293,5.497787143782138,8.052198420964146,-330.13465399373376,-292.8530898552704,1.0145597188887368,0.9995212512408964,0.9198725778602109,0.9633429382714049,0.9900108183589089,1.0010572011270265,0.9881203692943531,1.000262571152183,1.0091065718284244,7.53e-5,0.002501486985598293,0.30699740934381203,0.5872495604379192,0.021409277914206663,0.14684628893370094,0.842393612751847
0.5568720970909158,0.00242390094466624,5.759586531581287,6.526357658331449,-329.5658574095039,-292.09016947395406,1.0131791782276662,0.9995481582030337,0.9214114711906588,0.9674863197156205,0.9912376444822266,1.0008192936968296,0.9883923378882681,1.0002518168481624,1.008605482151162,7.53e-5,0.00249920094466624,0.30699740934381203,0.5872495604379192,0.021438497189277737,0.14694718936460682,0.842393612751847
0.5568720970909158,0.0024223629054707517,6.021385919380437,4.933121275339545,-328.9894485921974,-291.2935512824581,1.0117826627832356,0.9995766119320096,0.9246095982437061,0.972680192865677,0.9927687218636557,1.0005352870609576,0.9887525138546521,1.000237083744586,1.0080131757811615,7.53e-5,0.0024976629054707516,0.30699740934381203,0.5872495604379192,0.021479096761467396,0.14708727682610703,0.842393612751847
0.5568720970909158,0.002421636434153513,6.283185307179586,3.5224055419269007,-328.50111806090086,-290.5881934157518,1.0105015136169027,0.9996056191775706,0.9296241788623534,0.9785482143438714,0.9945030712710643,1.000218988111095,0.9890646352929919,1.0002290882284286,1.0073681409750868,7.53e-5,0.002496936434153513,0.30699740934381203,0.5872495604379192,0.02152951481607908,0.14726106250677792,0.842393612751847
0.5689042691892888,0.0024331242769084897,0.0,3.9063305172771834,-328.5576442442442,-290.78015590342693,1.0104414488160742,0.9996110267806908,0.9247445281767911,0.9751344533572335,0.9937454394993857,1.0001532675563793,0.986224107195312,1.000212642724976,1.0068070289358555,7.53e-5,0.0025084242769084896,0.30699740934381203,0.5872495604379192,0.02150211980664589,0.14716665953814906,0.8545224135018135
0.5689042691892888,0.0024333057469247492,0.2617993877991494,2.715997137338263,-328.1730298657296,-290.18498921345747,1.0093434940156738,0.9996404532860608,0.931075079334278,0.9812682600099456,0.9955554987930737,0.9998287058266316,0.9864923963984116,1.000216267235947,1.006147643993358,7.53e-5,0.002508605746924749,0.30699740934381203,0.5872495604379192,0.02155887754805089,0.14736218103401802,0.8545224135018135
0.5689042691892888,0.0024345251337824034,0.5235987755982988,1.9634085827532317,-327.96225764918927,-289.80869493616495,1.0085286877993964,0.9996691550109585,0.9383330934649876,0.9872212648931541,0.9973164299864574,0.9995221012589758,0.9868304942378107,1.0002298192639663,1.005542734061687,7.53e-5,0.0025098251337824034,0.30699740934381203,0.5872495604379192,0.02161903351944357,0.14756913433750488,0.8545224135018135
0.5689042691892888,0.002436687818837186,0.7853981633974483,1.6205555099335243,-327.9051366829675,-289.6372683997551,1.0079347699010703,0.9996989759773282,0.9458292483460276,0.9925881010221227,0.9989029127522513,0.9992560937861886,0.9872094791013858,1.0002536473543915,1.0050524180065006,7.53e-5,0.002511987818837186,0.30699740934381203,0.5872495604379192,0.021677639873035105,0.14777048591785144,0.8545224135018135
0.5689042691892888,0.0024395098850879503,1.0471975511965976,1.5491612258683745,-327.9379953111733,-289.6015712577225,1.0074035135481663,0.9997316452010429,0.9527363810597205,0.9970694603249908,1.000204711383723,0.9990638884068366,0.9875461350851338,1.0002851831164448,1.0047114893539892,7.53e-5,0.00251480988508795,0.30699740934381203,0.5872495604379192,0.021729632875430532,0.14794889358161067,0.8545224135018135
0.5689042691892888,0.002442764712892454,1.3089969389957472,1.549037731098565,-327.97315332995856,-289.6015095103376,1.0068565953263062,0.9997642054123348,0.9581289244505429,1.000389837554401,1.0011326259797495,0.9989625529296318,0.9878732026881013,1.0003162486279196,1.0045645325204506,7.53e-5,0.002518064712892454,0.30699740934381203,0.5872495604379192,0.02176951073423524,0.1480855882266888,0.8545224135018135
0.5689042691892888,0.002446118640274334,1.5707963267948966,1.4349776025720757,-327.93246852438546,-289.5444794460744,1.0062595585469505,0.9997922259326466,0.9613385407061334,1.0023720332665271,1.0016269399820779,0.9989638295044351,0.9881465399198202,1.000339081640871,1.0046242763394735,7.53e-5,0.002521418640274334,0.30699740934381203,0.5872495604379192,0.02179291663948187,0.14816576275711002,0.8545224135018135
0.5689042691892888,0.002449297476800395,1.8325957145940461,1.1157401254213255,-327.77948723447963,-289.384860707499,1.00568810967512,0.9998094229409432,0.9619582087745807,1.0028972219125905,1.0016545634824323,0.99906828657602,0.9882816732124573,1.0003472708357848,1.0048849020868602,7.53e-5,0.002524597476800395,0.30699740934381203,0.5872495604379192,0.021797202940793597,0.14818044048201404,0.8545224135018135
0.5689042691892888,0.0024520539434499146,2.0943951023931953,0.6403632135640009,-327.54020784547237,-289.14717225157034,1.0053233827008163,0.9998100514751869,0.9600650888214682,1.0018915354730593,1.0012101079021754,0.9992616928575156,0.9882702739017157,1.0003364701610569,1.0053210334102427,7.53e-5,0.0025273539434499145,0.30699740934381203,0.5872495604379192,0.0217818723092373,0.14812793678340805,0.8545224135018135
0.5689042691892888,0.0024542530734635772,2.356194490192345,0.18743134410487983,-327.29602872811756,-288.9207063168408,1.0053462519401561,0.9997913442255385,0.9561143748206776,0.9994112320159633,1.0003233015132476,0.9995293798653185,0.9880733013362482,1.000306568882099,1.0058949106916293,7.53e-5,0.002529553073463577,0.30699740934381203,0.5872495604379192,0.021749442393710818,0.14801681261991453,0.8545224135018135
0.5689042691892888,0.0024558477286026853,2.6179938779914944,0.0,-327.15516922261014,-288.82699064478834,1.0058996988853988,0.9997546098760437,0.9508184515172927,0.9955811653275877,0.9990537670692576,0.9998456691198234,0.9877143200022515,1.0002610110424983,1.00655680294423,7.53e-5,0.002531147728602685,0.30699740934381203,0.5872495604379192,0.021704016461065564,0.1478610200850218,0.8545224135018135
0.5689042691892888,0.0024567930849974987,2.8797932657906435,0.29563232420969143,-327.21282995158066,-288.9748068068932,1.0069802714494154,0.9997061079095321,0.9449736014622495,0.9906353167491764,0.9974916031377328,1.0001831821407163,0.98719739893684,1.0002093871244244,1.0072380530910179,7.53e-5,0.0025320930849974986,0.30699740934381203,0.5872495604379192,0.021650710393010798,0.1476779984401911,0.8545224135018135
0.5689042691892888,0.002457125111754285,3.141592653589793,1.1891446653625053,-327.5178685619952,-289.4215629774696,1.008530451568354,0.9996520506196411,0.939239304637657,0.9848765395481099,0.9957488658946594,1.0005096854044633,0.9866301128806799,1.0001603046379024,1.0078908759393248,7.53e-5,0.002532425111754285,0.30699740934381203,0.5872495604379192,0.021594321472247362,0.14748415212929997,0.8545224135018135
0.5689042691892888,0.002456860645030718,3.4033920413889422,2.6534564570249586,-328.0576942456618,-290.1537188733008,1.0103877374431212,0.9995983542826685,0.9340317145453342,0.9787019718656936,0.9939472734757151,1.000804612032112,0.9861077902980816,1.0001202888684682,1.008459549074914,7.53e-5,0.002532160645030718,0.30699740934381203,0.5872495604379192,0.02153922206749191,0.1472944995161785,0.8545224135018135
0.5689042691892888,0.0024559348599666677,3.6651914291880923,4.524099129425053,-328.7625665027106,-291.08904020950087,1.0122865841267201,0.999551965462619,0.9296334883815855,0.9725322208752089,0.9922181763251641,1.0010412134572682,0.985596298274686,1.0001055986224927,1.0089159120406077,7.53e-5,0.0025312348599666676,0.30699740934381203,0.5872495604379192,0.021488426119039814,0.14711944915994388,0.8545224135018135
0.5689042691892888,0.002454423620007394,3.9269908169872414,6.5382946399709,-329.5236399572948,-292.0961379647738,1.0140679203463,0.9995146500331786,0.9258402713695792,0.9668422225413466,0.9906721001176058,1.0012252190647235,0.9852263610075223,1.000106348759232,1.0092302140718907,7.53e-5,0.0025297236200073937,0.30699740934381203,0.5872495604379192,0.021444924699773247,0.14696937591239115,0.8545224135018135
0.5689042691892888,0.002452319676530017,4.1887902047863905,8.393672559633274,-330.21980795774493,-293.023826924605,1.0154916887087797,0.9994891602741048,0.9227167501130042,0.9620167763896008,0.9894121171634502,1.0013388934468523,0.9849402647655596,1.000130573474663,1.0094142877067829,7.53e-5,0.002527619676530017,0.30699740934381203,0.5872495604379192,0.02140941862858781,0.1468467750120023,0.8545224135018135
0.5689042691892888,0.002449727190643572,4.4505895925855405,9.810837136479336,-330.74267729619595,-293.732409213028,1.0164248229367445,0.9994754843380106,0.9200566476071664,0.9584231490172477,0.9885151974925034,1.0013888278164067,0.9847818651906259,1.0001664449716903,1.0094738153273588,7.53e-5,0.002525027190643572,0.30699740934381203,0.5872495604379192,0.021383115946160006,0.14675588887918067,0.8545224135018135
0.5689042691892888,0.0024467815992257023,4.71238898038469,10.586423652167241,-331.01745293721166,-294.12020247087196,1.0167801303844333,0.9994734355476733,0.9178207668747738,0.9563285237070944,0.9880348863494198,1.0013784222995008,0.9847474306428292,1.000202893540249,1.0094134349343278,7.53e-5,0.0025220815992257023,0.30699740934381203,0.5872495604379192,0.02136675809212601,0.14669933846998376,0.8545224135018135
0.5689042691892888,0.0024436623458705007,4.974188368183839,10.62703140476549,-331.01392978840335,-294.1405063471711,1.0165459461688702,0.999482097418087,0.916074587958646,0.9558845487211888,0.9880007207049546,1.0013111777842238,0.9848281815398809,1.0002294770191291,1.0092355529809636,7.53e-5,0.0025189623458705007,0.30699740934381203,0.5872495604379192,0.021361134831151228,0.1466798935169453,0.8545224135018135
0.5689042691892888,0.0024405864093276883,5.235987755982989,9.959914382963348,-330.74867795505276,-293.80694783627,1.0157776343268832,0.9994998111065345,0.9150962361461196,0.9571056866104954,0.9884166229908407,1.0011838476465782,0.9850101990525516,1.0002431471933286,1.0089496886810476,7.53e-5,0.0025158864093276882,0.30699740934381203,0.5872495604379192,0.021366574355507865,0.14669870315757533,0.8545224135018135
0.5689042691892888,0.0024377810766242247,5.497787143782138,8.721713705689353,-330.2795697877701,-293.187847497633,1.0146066135106133,0.999524123314295,0.915199397667789,0.9599029572074093,0.989262299781148,1.0009993032491311,0.9852641420850643,1.0002416868474995,1.0085446607999917,7.53e-5,0.0025130810766242247,0.30699740934381203,0.5872495604379192,0.021383782038588497,0.14675819116556765,0.8545224135018135
0.5689042691892888,0.0024354608612782774,5.759586531581287,7.129820643680546,-329.6926920821915,-292.3919009666286,1.0131906925811516,0.999552461450876,0.9167811678228045,0.9640463819028637,0.9904869829258995,1.0007568318086526,0.9855503109432926,1.000234355694894,1.0080501925653989,7.53e-5,0.0025107608612782773,0.30699740934381203,0.5872495604379192,0.021412433104685435,0.14685718772609793,0.8545224135018135
0.5689042691892888,0.0024338291922906363,6.021385919380437,5.4415901749056275,-329.0874539686313,-291.54778573224115,1.0117382554419536,0.9995823998529257,0.9199669623352867,0.9692548327439457,0.9920146777754189,1.0004696277072167,0.9858481674240681,1.0002231300233777,1.007456975659574,7.53e-5,0.0025091291922906362,0.30699740934381203,0.5872495604379192,0.021452348057259367,0.14699499588875445,0.8545224135018135
0.5689042691892888,0.002433124276908487,6.283185307179586,3.9063305172767286,-328.5576442442443,-290.7801559034267,1.0104414488160713,0.9996110267806907,0.9247445281768021,0.9751344533572385,0.9937454394993869,1.0001532675563798,0.986224107195312,1.000212642724976,1.0068070289358573,7.53e-5,0.002508424276908487,0.30699740934381203,0.5872495604379192,0.021502119806645955,0.14716665953814928,0.8545224135018135
0.580895897851898,0.002446533707339666,0.0,5.23669708320017,-329.0515146999735,-291.4453391863884,1.0103112228982933,0.9996188006591183,0.9198452200378094,0.971621608377637,0.9929682074450609,1.0000890599283623,0.9820748360360378,1.0001876963531708,1.0061139171318496,7.53e-5,0.002521833707339666,0.30699740934381203,0.5872495604379192,0.021478614683827175,0.1470856141934171,0.8666512142517799
0.580895897851898,0.0024467551461945093,0.2617993877991494,3.898003907774182,-328.6143902160963,-290.77599259867543,1.0092018273356729,0.9996469575908551,0.9258963752747564,0.9777482074113831,0.9947711310373566,0.9997626282105183,0.9823984898548532,1.0001901670690279,1.0054642148278103,7.53e-5,0.0025220551461945092,0.30699740934381203,0.5872495604379192,0.02153427098150628,0.14727744622665478,0.8666512142517799
0.580895897851898,0.0024479707534677824,0.5235987755982988,2.9788675343685327,-328.34251188474906,-290.3164244119726,1.008347382616551,0.9996751224799499,0.9328639773177582,0.9837023412152017,0.9965244809569186,0.9994549674041809,0.982708997101897,1.0002041238569244,1.0048582792501384,7.53e-5,0.0025232707534677823,0.30699740934381203,0.5872495604379192,0.021593117497273964,0.1474800105677475,0.8666512142517799
0.580895897851898,0.002450090416451818,0.7853981633974483,2.4634696808100216,-328.22035671295913,-290.05872548519335,1.0076956334855838,0.9997043465747086,0.9400532955154355,0.9890919832985767,0.998103425163816,0.9991952477041068,0.9830032432996765,1.0002288847960994,1.0043527081388082,7.53e-5,0.002525390416451818,0.30699740934381203,0.5872495604379192,0.021650571781565667,0.14767752224310557,0.8666512142517799
0.580895897851898,0.0024529673979495742,1.0471975511965976,2.2311184866939584,-328.19100494989203,-289.9425498881353,1.0071834892329588,0.9997338885745408,0.9465781431705425,0.9935327719730036,0.9993948251991,0.9989974632212545,0.9833650419103132,1.0002581826288501,1.0040193158209605,7.53e-5,0.002528267397949574,0.30699740934381203,0.5872495604379192,0.021700876454584024,0.14785024524777998,0.8666512142517799
0.580895897851898,0.0024562548343223254,1.3089969389957472,2.102712855480945,-328.1760034992138,-289.8783470725288,1.006650453997866,0.9997635694432055,0.9516707371875044,0.9968412901204936,1.0003130443996417,0.9988987057400784,0.9836435649911683,1.000288677553963,1.0038664391390153,7.53e-5,0.0025315548343223253,0.30699740934381203,0.5872495604379192,0.021739487622546134,0.147982685411249,0.8666512142517799
0.580895897851898,0.002459671978260892,1.5707963267948966,1.9133640578064615,-328.1055510169228,-289.78367267369157,1.0061137452777253,0.9997879834711279,0.9546450823831356,0.9987734525081682,1.000795492156589,0.9988966561621426,0.9838748258959508,1.0003108684367736,1.0039212629792578,7.53e-5,0.002534971978260892,0.30699740934381203,0.5872495604379192,0.02176164852658287,0.1480586475855141,0.8666512142517799
0.580895897851898,0.0024629079832739847,1.8325957145940461,1.5858209110247117,-327.94939162404404,-289.6199011003007,1.0056260306912284,0.9998017932232045,0.9551790342101237,0.9992374691290812,1.0008092191512703,0.998998953346654,0.983971280101407,1.0003190187455662,1.00417152347923,7.53e-5,0.0025382079832739846,0.30699740934381203,0.5872495604379192,0.02176508002723711,0.14807040655093567,0.8666512142517799
0.580895897851898,0.002465740448279865,2.0943951023931953,1.17200298170701,-327.7341124281763,-289.41299213564184,1.0053638130684994,0.9997992355287734,0.9532998889169632,0.998172086838314,1.0003529473080963,0.9991904152720797,0.9839276392266585,1.0003092875896964,1.0046057156451766,7.53e-5,0.002541040448279865,0.30699740934381203,0.5872495604379192,0.021749527398395436,0.14801710400232668,0.8666512142517799
0.580895897851898,0.0024680276364938696,2.356194490192345,0.8408123025972145,-327.5368220379638,-289.24739679608695,1.005500652554792,0.999778059932131,0.949458765222146,0.9956261970077588,0.9994563803442872,0.9994545868071227,0.9837234153466958,1.0002809700316573,1.005184364181634,7.53e-5,0.0025433276364938695,0.30699740934381203,0.5872495604379192,0.021717337641977787,0.14790672284158418,0.8666512142517799
0.580895897851898,0.002469673928812624,2.6179938779914944,0.8158733845939423,-327.45719310425835,-289.2349273370853,1.0061305048075202,0.9997415781736221,0.9443765914696205,0.9917517118586672,0.9981805387546646,0.9997714070403022,0.9833281631170828,1.00023864302863,1.0058372372937114,7.53e-5,0.002544973928812624,0.30699740934381203,0.5872495604379192,0.021672677258389592,0.14775344637748503,0.8666512142517799
0.580895897851898,0.0024706658716005187,2.8797932657906435,1.2912658240984456,-327.5803893505608,-289.47262355683756,1.0072778107769893,0.9996927834163171,0.9387681429368953,0.9867679322678338,0.9966166587656291,1.0001078543149327,0.9828101945121699,1.0001887485184513,1.0065226322100782,7.53e-5,0.0025459658716005186,0.30699740934381203,0.5872495604379192,0.021620351019039807,0.14757366375016587,0.8666512142517799
0.580895897851898,0.002471025024843722,3.141592653589793,2.3602363945625484,-327.94701776979434,-290.0071088420696,1.0088604231220206,0.9996391300202178,0.9332703118162852,0.9809940243204582,0.9948761175692926,1.0004362400263676,0.9822625731227119,1.0001399277824936,1.0071817861491204,7.53e-5,0.002546325024843722,0.30699740934381203,0.5872495604379192,0.021565162689603946,0.14738381687067986,0.8666512142517799
0.580895897851898,0.0024707404101509973,3.4033920413889422,3.9800323296700526,-328.53900450372674,-290.81700680962336,1.0107033310344715,0.9995893714667662,0.9283158562681464,0.9748276849373984,0.9930871128771683,1.000730360077604,0.9817236683420695,1.000104484871397,1.007752322262164,7.53e-5,0.002546040410150997,0.30699740934381203,0.5872495604379192,0.021511289644114636,0.14719826526492963,0.8666512142517799
0.580895897851898,0.0024698023528143763,3.6651914291880923,5.977703982857179,-329.28403406356244,-291.8158426362169,1.012587052759969,0.9995439480195741,0.9240586107249367,0.968690356750426,0.9913662171569954,1.0009757459010595,0.9812605657043082,1.0000855295774833,1.008219578791211,7.53e-5,0.0025451023528143763,0.30699740934381203,0.5872495604379192,0.021461930639106067,0.1470280615115539,0.8666512142517799
0.580895897851898,0.0024682259968457324,3.9269908169872414,8.088334223857146,-330.0744079790922,-292.8711577567169,1.0143003138753366,0.9995092362748348,0.9205292002575809,0.9630242125513407,0.9898356132089486,1.001156523827061,0.980882859047244,1.0000899836556025,1.0085483807420983,7.53e-5,0.0025435259968457323,0.30699740934381203,0.5872495604379192,0.02141918733073493,0.14688051581946665,0.8666512142517799
0.580895897851898,0.0024660480491980026,4.1887902047863905,10.011548768418265,-330.79080536816934,-293.83276502899747,1.0156571692602558,0.9994868693240211,0.9177115583824416,0.9582376844034303,0.9885918652723467,1.0012653849872024,0.9805797825759471,1.000117336233919,1.0087343918779044,7.53e-5,0.0025413480491980026,0.30699740934381203,0.5872495604379192,0.021384121573915095,0.14675936472427703,0.8666512142517799
0.580895897851898,0.0024634126195772015,4.4505895925855405,11.471536993558175,-331.3268354382927,-294.5627591415674,1.016546925291971,0.9994747643553092,0.9150467963696052,0.9547022007614103,0.9877074968447167,1.0013279738928955,0.9804978685706643,1.0001450911562966,1.0088002593209617,7.53e-5,0.0025387126195772014,0.30699740934381203,0.5872495604379192,0.021359403906281993,0.14667390756207865,0.8666512142517799
0.580895897851898,0.0024603955697888105,4.71238898038469,12.268065439038764,-331.6094636897535,-294.9610233643077,1.0168481766388755,0.9994752005545359,0.9129745326867298,0.9526517499793631,0.987240833856896,1.0013178349614331,0.9804800766536319,1.0001809156298118,1.0087421378308414,7.53e-5,0.0025356955697888105,0.30699740934381203,0.5872495604379192,0.021343678750158412,0.14661951531467043,0.8666512142517799
0.580895897851898,0.0024572235667280947,4.974188368183839,12.309131237281008,-331.6090971492674,-294.98155626342884,1.0165669434602846,0.9994856414226537,0.9113363615702031,0.9522533855666667,0.9872167169278958,1.001251622935871,0.9805899190391189,1.000205770384472,1.0085620970311122,7.53e-5,0.0025325235667280946,0.30699740934381203,0.5872495604379192,0.02133864526534103,0.1466021006917344,0.8666512142517799
0.580895897851898,0.002454094497381908,5.235987755982989,11.621491367688236,-331.3414877249777,-294.63773632863246,1.01575981989949,0.9995049243621036,0.9104462564064356,0.9535158094429739,0.987640978260941,1.0011241969027354,0.9807927117072366,1.0002185989969032,1.0082699770055563,7.53e-5,0.002529394497381908,0.30699740934381203,0.5872495604379192,0.021344462160125626,0.1466222255403646,0.8666512142517799
0.580895897851898,0.0024512475949270084,5.497787143782138,10.339905422575612,-330.8626774802627,-293.99694335607614,1.0145532654936633,0.9995304686243327,0.910598459551633,0.9563416773780787,0.9884906527241544,1.000937624905716,0.9810719344211385,1.0002182141781515,1.0078673342636684,7.53e-5,0.0025265475949270083,0.30699740934381203,0.5872495604379192,0.02136164329729907,0.14668165187020282,0.8666512142517799
0.580895897851898,0.002448908179905862,5.759586531581287,8.679365849849319,-330.25712824512493,-293.166673569713,1.013119932145886,0.9995595166738966,0.9121049985218471,0.9605186541942263,0.9897169242170228,1.000695752526924,0.9813958347640994,1.0002085545651576,1.0073594511388895,7.53e-5,0.002524208179905862,0.30699740934381203,0.5872495604379192,0.021390265214221733,0.14678059782601854,0.8666512142517799
0.580895897851898,0.0024472824540307443,6.021385919380437,6.895304856303596,-329.62243060913477,-292.27464307294014,1.011651044342969,0.9995895046547204,0.9151745933308468,0.96573890814245,0.9912434950433907,1.0004078155912455,0.9817373302686089,1.0001957200305467,1.0067621209637314,7.53e-5,0.002522582454030744,0.30699740934381203,0.5872495604379192,0.02142977589752341,0.1469170799165482,0.8666512142517799
0.580895897851898,0.0024465337073396663,6.283185307179586,5.236697083198806,-329.0515146999728,-291.44533918638774,1.0103112228982933,0.9996188006591183,0.9198452200378094,0.971621608377637,0.9929682074450609,1.0000890599283625,0.9820748360360376,1.0001876963531708,1.006113917131849,7.53e-5,0.0025218337073396662,0.30699740934381203,0.5872495604379192,0.021478614683827186,0.14708561419341712,0.8666512142517799
0.5928399271759361,0.0024613962425143908,0.0,7.872923000202718,-330.1440507975342,-292.7634521448897,1.0100979030597672,0.9996294386584409,0.9149508468969882,0.9680264271084814,0.9921727315159997,1.0000265000649153,0.9763355602905167,1.0001607755750253,1.00527666160959,7.53e-5,0.0025366962425143907,0.30699740934381203,0.5872495604379192,0.02145887789187359,0.14701752849662958,0.8787800150017464
0.5928399271759361,0.0024616241916994527,0.2617993877991494,6.390043756636601,-329.65635323713246,-292.02201252310664,1.0089648975242738,0.9996574065010319,0.9207576846456565,0.9741584039628864,0.993968601346303,0.9997005753857606,0.9766614488576149,1.0001616058795741,1.0046186781891278,7.53e-5,0.0025369241916994526,0.30699740934381203,0.5872495604379192,0.021513572322129932,0.14720613195896642,0.8787800150017464
0.5928399271759361,0.0024628700337281217,0.5235987755982988,5.310417828110758,-329.32544068979394,-291.4821995588437,1.008105748327861,0.999683406274262,0.9273818625276338,0.9800842764811788,0.9957107064632937,0.999390599178335,0.9770080483568468,1.0001724489880466,1.0040203307437394,7.53e-5,0.0025381700337281216,0.30699740934381203,0.5872495604379192,0.021571068506326296,0.147404144117985,0.8787800150017464
0.5928399271759361,0.0024650210870523054,0.7853981633974483,4.630016803292847,-329.1408968293737,-291.14199904643476,1.007452117753008,0.9997104808700394,0.9342073536286234,0.9854410337509754,0.9972782663955563,0.9991267417316355,0.9773138889409927,1.0001952359452577,1.003520812998392,7.53e-5,0.0025403210870523054,0.30699740934381203,0.5872495604379192,0.021626890227944135,0.14759614280419225,0.8787800150017464
0.5928399271759361,0.0024679048308299655,1.0471975511965976,4.245125202844747,-329.05284540829297,-290.9495532462107,1.0069202576766934,0.9997380300087728,0.9404025471679872,0.9898785700101888,0.9985589267280939,0.9989330760860184,0.9776095121091877,1.0002243703224998,1.0031763962504532,7.53e-5,0.0025432048308299655,0.30699740934381203,0.5872495604379192,0.02167582577921312,0.1477642573005875,0.8787800150017464
0.5928399271759361,0.0024712303746849593,1.3089969389957472,3.996881581756952,-328.9911916676683,-290.8254314356668,1.0064043461080514,0.999765223556356,0.9452330441381617,0.993162632653407,0.9994651645113145,0.9988357765848157,0.9778365077388795,1.0002537821822461,1.0030086284390551,7.53e-5,0.0025465303746849592,0.30699740934381203,0.5872495604379192,0.021713017108398645,0.14789190131145438,0.8787800150017464
0.5928399271759361,0.0024747142828194972,1.5707963267948966,3.7398069560268823,-328.89428848855783,-290.6968941228018,1.005931920874691,0.9997859244033482,0.9479784858935049,0.9950465830919499,0.9999357457198722,0.9988309955388318,0.9780469929178356,1.000275553349621,1.0030655489804843,7.53e-5,0.002550014282819497,0.30699740934381203,0.5872495604379192,0.021734014262122306,0.14796391823775268,0.8787800150017464
0.5928399271759361,0.0024780260412554447,1.8325957145940461,3.409814555767639,-328.73708173162686,-290.53189792267216,1.005539876128624,0.9997958024868825,0.9483811447142041,0.9954420920917092,0.9999364933563211,0.9989284003607738,0.9781257445479383,1.0002839130609102,1.0033178209300844,7.53e-5,0.0025533260412554447,0.30699740934381203,0.5872495604379192,0.02173659118295658,0.14797275432598728,0.8787800150017464
0.5928399271759361,0.002480922629370935,2.0943951023931953,3.0611750851921897,-328.54680418154953,-290.35757818738443,1.0053713511990676,0.999790259747761,0.9465195812726188,0.9943121143767841,0.9994661509569144,0.9991191710128774,0.9780316186335631,1.0002749974560465,1.0037409248156777,7.53e-5,0.002556222629370935,0.30699740934381203,0.5872495604379192,0.021720741605476105,0.14791839907557439,0.8787800150017464
0.5928399271759361,0.0024832899224258953,2.356194490192345,2.852965341415029,-328.39642417574044,-290.25347331549585,1.005624208785827,0.9997659396372929,0.942757616745116,0.9916882587070506,0.9985586915265559,0.9993781783068896,0.9778266090363196,1.0002475980339245,1.0043283591861614,7.53e-5,0.0025585899224258952,0.30699740934381203,0.5872495604379192,0.02168875177413232,0.14780863261772417,0.8787800150017464
0.5928399271759361,0.002484991383933376,2.6179938779914944,2.98962087185123,-328.37701297706855,-290.32180108071395,1.0063379488585222,0.9997279433782862,0.9378678061839208,0.987764132375981,0.9972760830502034,0.9996948546168193,0.9774191150143501,1.0002065648900111,1.0049839400390634,7.53e-5,0.002560291383933376,0.30699740934381203,0.5872495604379192,0.021644829194164564,0.14765779237878104,0.8787800150017464
0.5928399271759361,0.0024860156135959382,2.8797932657906435,3.642204527869012,-328.56417121585093,-290.64809290872284,1.0075406572919543,0.9996844482526811,0.9325380179654549,0.9827650419478661,0.9957150168092533,1.0000325586878236,0.9768586807798013,1.0001617791223525,1.0056435360910587,7.53e-5,0.002561315613595938,0.30699740934381203,0.5872495604379192,0.02159354054641725,0.14748146583018784,0.8787800150017464
0.5928399271759361,0.0024863878647263618,3.141592653589793,4.8828644273227155,-328.99039009984887,-291.2684228584497,1.0091466181018298,0.9996314216642701,0.9272628610374943,0.9769797555560085,0.9939793445616217,1.0003617550972315,0.9763215743361268,1.0001148994791165,1.006313791746727,7.53e-5,0.0025616878647263617,0.30699740934381203,0.5872495604379192,0.021539609017200735,0.14729583222693607,0.8787800150017464
0.5928399271759361,0.0024860806191993037,3.4033920413889422,6.65355910392168,-329.632142496804,-292.1537701967492,1.0109692581221545,0.9995806081452024,0.9225079508836471,0.9708164750940049,0.9921956157839912,1.0006597875343501,0.9758046218854853,1.0000786079662363,1.0069020760029757,7.53e-5,0.0025613806191993036,0.30699740934381203,0.5872495604379192,0.021487025983744665,0.14711462122243676,0.8787800150017464
0.5928399271759361,0.0024851143419693535,3.6651914291880923,8.773129815037692,-330.415550469131,-293.2135555523072,1.0128225149165768,0.9995406967040161,0.9185174906272265,0.9647166580318074,0.9904946016275724,1.000903066216978,0.9753242732005344,1.000064068914602,1.0073610917845448,7.53e-5,0.0025604143419693534,0.30699740934381203,0.5872495604379192,0.021438762242836237,0.14694810434354708,0.8787800150017464
0.5928399271759361,0.0024834881701209046,3.9269908169872414,10.974670290365225,-331.23310006358594,-294.31432578997095,1.01448806634436,0.999509602089722,0.9152230643949347,0.9590986998856366,0.9889818036588559,1.0010841159716084,0.9749464852050941,1.000069725285531,1.0076892984004722,7.53e-5,0.0025587881701209046,0.30699740934381203,0.5872495604379192,0.021397002796365302,0.14680388022780172,0.8787800150017464
0.5928399271759361,0.0024812621777408955,4.1887902047863905,12.959914610811325,-331.96702937317485,-295.306947950194,1.0157888412967058,0.9994854882009052,0.9123240674416833,0.9543540877889924,0.9877466066790284,1.001210587065093,0.9747561575105749,1.0000862815172906,1.0079021072405185,7.53e-5,0.0025565621777408954,0.30699740934381203,0.5872495604379192,0.021363883329965097,0.1466893980000637,0.8787800150017464
0.5928399271759361,0.0024785423525448113,4.4505895925855405,14.456855959519999,-332.5151083871914,-296.05541862454834,1.0165972127839435,0.999478372686644,0.9100884640037294,0.9508789070579422,0.9868839132852144,1.0012589841000195,0.9746108919088012,1.000122271536762,1.0079591567837283,7.53e-5,0.0025538423525448112,0.30699740934381203,0.5872495604379192,0.021338936343753754,0.14660310780638117,0.8787800150017464
0.5928399271759361,0.0024754607169184925,4.71238898038469,15.268548736069533,-332.8037359345134,-296.4612650128231,1.016843992324498,0.9994800761587679,0.908094170911756,0.9488821827876448,0.9864287013262818,1.001254758360705,0.9746414339896671,1.000154514597487,1.0079142359779047,7.53e-5,0.0025507607169184925,0.30699740934381203,0.5872495604379192,0.021324227191513504,0.1465522065693843,0.8787800150017464
0.5928399271759361,0.0024722304813445243,4.974188368183839,15.304719075696994,-332.80473672102033,-296.47935018263684,1.0165128854656535,0.9994924144213247,0.9065917956999087,0.948526682589162,0.9864162327934202,1.0011881254618193,0.9747811225103357,1.000179479405784,1.0077392777202991,7.53e-5,0.0025475304813445242,0.30699740934381203,0.5872495604379192,0.02131967585167179,0.14653645311243954,0.8787800150017464
0.5928399271759361,0.0024690497674123586,5.235987755982989,14.591993196734961,-332.5332087548188,-296.1229872431558,1.0156641211102968,0.999513334457881,0.9058064340601752,0.9498311170682129,0.9868484280051634,1.0010605080965698,0.9750006940244275,1.0001922985255773,1.007445116274885,7.53e-5,0.0025443497674123585,0.30699740934381203,0.5872495604379192,0.021325826486519726,0.14655774178510517,0.8787800150017464
0.5928399271759361,0.0024661646492416998,5.497787143782138,13.263642204374037,-332.04375281551194,-295.45881174697536,1.0144239482595743,0.99953997786754,0.9059904327361286,0.9526907743746141,0.9877028055913358,1.0008742145198757,0.9753026917214133,1.0001915065650053,1.007038808002768,7.53e-5,0.0025414646492416997,0.30699740934381203,0.5872495604379192,0.0213431822545888,0.14661779765107263,0.8787800150017464
0.5928399271759361,0.0024638064920532105,5.759586531581287,11.532635579057114,-331.4187148291027,-294.5933084343169,1.0129725280485808,0.999569264575497,0.9074363938174254,0.9568870136796783,0.9889291146692605,1.0006337894190322,0.9756569566715665,1.0001799330826289,1.006523598978357,7.53e-5,0.0025391064920532104,0.30699740934381203,0.5872495604379192,0.02137182397657997,0.1467168539001702,0.8787800150017464
0.5928399271759361,0.0024621664414590976,6.021385919380437,9.652789670939228,-330.7540267830861,-293.65338548025795,1.0114768441911586,0.9995995885068174,0.9103914334061378,0.9621115351361984,0.9904496225528516,1.0003448930015597,0.9760090882313446,1.0001675860549184,1.0059260854841714,7.53e-5,0.0025374664414590975,0.30699740934381203,0.5872495604379192,0.02141068913709725,0.14685116373658846,0.8787800150017464
0.5928399271759361,0.0024613962425143916,6.283185307179586,7.872923000204764,-330.1440507975356,-292.7634521448907,1.0100979030597668,0.9996294386584409,0.9149508468970033,0.9680264271084872,0.9921727315160009,1.0000265000649156,0.9763355602905196,1.0001607755750253,1.0052766616095916,7.53e-5,0.0025366962425143916,0.30699740934381203,0.5872495604379192,0.021458877891873656,0.1470175284966298,0.8787800150017464
0.6047293292661603,0.0024772721329228806,0.0,12.138951205475337,-331.9689764113333,-294.896466247526,1.0098593255851427,0.9996408672864386,0.9099914240676024,0.964346249502582,0.9913634318964902,0.9999656200144769,0.9688424050748394,1.0001277492660263,1.0042748251488878,7.53e-5,0.0025525721329228805,0.30699740934381203,0.5872495604379192,0.02144324135964756,0.14696356565573993,0.8909088157517129
0.6047293292661603,0.002477508678815684,0.2617993877991494,10.517055661930044,-331.4327675430647,-294.08551847575336,1.0087049308868394,0.9996680387991422,0.9155582678581132,0.9704700009245065,0.993148838232209,0.9996391009631428,0.9691767135188293,1.000127477995973,1.0036202748438035,7.53e-5,0.002552808678815684,0.30699740934381203,0.5872495604379192,0.02149679487558918,0.1471483030452829,0.8909088157517129
0.6047293292661603,0.0024787561763042255,0.5235987755982988,9.284007350813226,-331.0458106838528,-293.46899432019495,1.0078138299346135,0.9996945952155142,0.9219124702835588,0.9764021528291921,0.9948807967826541,0.999331587016097,0.9694761552347898,1.0001391415646756,1.0030130172971123,7.53e-5,0.0025540561763042254,0.30699740934381203,0.5872495604379192,0.021552960866492797,0.14734181075759636,0.8909088157517129
0.6047293292661603,0.0024809283818341024,0.7853981633974483,8.447184987748074,-330.80246161383565,-293.0505831386624,1.0071493295075202,0.9997194726996976,0.9283875582065296,0.9817327102565021,0.9964349248680926,0.999067781771106,0.9697776573180645,1.0001599577200166,1.0025160791486942,7.53e-5,0.0025562283818341023,0.30699740934381203,0.5872495604379192,0.021607260029622193,0.147528652434924,0.8909088157517129
0.6047293292661603,0.002483847433126734,1.0471975511965976,7.919211495747618,-330.65959364994126,-292.78659639266215,1.006623129424846,0.9997445269088443,0.9342509664412171,0.9861394473029873,0.9977023910477251,0.9988738412980348,0.9700523010558679,1.0001872998778778,1.00216835835369,7.53e-5,0.002559147433126734,0.30699740934381203,0.5872495604379192,0.021654636795837724,0.14769148690622597,0.8909088157517129
0.6047293292661603,0.002487244468661194,1.3089969389957472,7.5605843328377205,-330.5550744444995,-292.6072828112072,1.0061602277298647,0.9997680748043131,0.9387530457222943,0.9893562101294398,0.9985947615682605,0.9987691736618269,0.9702832076188039,1.0002149853611975,1.002006144318936,7.53e-5,0.002562544468661194,0.30699740934381203,0.5872495604379192,0.021690190453016307,0.14781357084448823,0.8909088157517129
0.6047293292661603,0.0024907766670321688,1.5707963267948966,7.2442019791586745,-330.434799869373,-292.4490916343677,1.0057425401806244,0.9997848633114897,0.9412706502210386,0.9911809748651871,0.9990497575604433,0.9987625768735198,0.9704494812654952,1.0002360048585246,1.0020561087270043,7.53e-5,0.0025660766670321687,0.30699740934381203,0.5872495604379192,0.021709920093820296,0.14788127615893867,0.8909088157517129
0.6047293292661603,0.0024941480069088848,1.8325957145940461,6.918126709562671,-330.2788062078386,-292.2860539995697,1.0054371569100635,0.9997903334498908,0.9415558482170971,0.99150429963249,0.9990361867022564,0.9988557027449665,0.9704932320671984,1.0002440739644038,1.0023040397339253,7.53e-5,0.0025694480069088847,0.30699740934381203,0.5872495604379192,0.021711679395543224,0.14788731201385455,0.8909088157517129
0.6047293292661603,0.0024971174757072397,2.0943951023931953,6.638270652804522,-330.1147342695409,-292.1461259711906,1.005374977735443,0.9997817084425128,0.9396905361985076,0.9903128097086378,0.9985547423397354,0.999043934084452,0.9703763141380135,1.0002361248419647,1.0027317924569166,7.53e-5,0.0025724174757072397,0.30699740934381203,0.5872495604379192,0.021695655552185476,0.14783232819168482,0.8909088157517129
0.6047293292661603,0.0024995148641324878,2.356194490192345,6.553695305676001,-330.0106357959526,-292.10383829762634,1.0056984804604732,0.9997567550470159,0.9360889513078791,0.9876500405017142,0.9976373776664251,0.9993072177191883,0.9700938076596579,1.0002110712451842,1.0032970750620305,7.53e-5,0.0025748148641324877,0.30699740934381203,0.5872495604379192,0.021664061065640783,0.14772385744807934,0.8909088157517129
0.6047293292661603,0.002501265063387122,2.6179938779914944,6.849911763115642,-330.0497245368897,-292.25194652634616,1.0064922975350397,0.9997184359322279,0.9313767671777076,0.9836775148389166,0.9963502311665933,0.99962246676088,0.9696624250963711,1.0001728550697708,1.0039524606096226,7.53e-5,0.002576565063387122,0.30699740934381203,0.5872495604379192,0.021620850678946143,0.14757538148837931,0.8909088157517129
0.6047293292661603,0.0025023245984240996,2.8797932657906435,7.67556843203613,-330.29851344957626,-292.6647748608064,1.0077482507962823,0.9996713130056051,0.9262347051665875,0.9786336636138974,0.9947863440041524,0.9999595199481963,0.9691317553457985,1.0001278180399784,1.0046354521922953,7.53e-5,0.0025776245984240995,0.30699740934381203,0.5872495604379192,0.021570602389149988,0.14740253988687707,0.8909088157517129
0.6047293292661603,0.0025026954674188116,3.141592653589793,9.08241955391145,-330.7814392721984,-293.36820042174406,1.0093679157399824,0.9996208807038057,0.921214408767987,0.9728419541081499,0.9930574859164847,1.0002895364623612,0.9685796261336064,1.0000837996134924,1.005293782456816,7.53e-5,0.0025779954674188116,0.30699740934381203,0.5872495604379192,0.021517867522582296,0.14722093321509663,0.8909088157517129
0.6047293292661603,0.0025023728925031613,3.4033920413889422,10.997710639999013,-331.4701349882442,-294.32584596478785,1.0111819141657492,0.9995746382091316,0.9167243300383057,0.9667003813163142,0.9912890045810825,1.0005875028230773,0.9680465735019834,1.0000512516740498,1.0058751673353394,7.53e-5,0.0025776728925031613,0.30699740934381203,0.5872495604379192,0.02146652849562279,0.14704392429567795,0.8909088157517129
0.6047293292661603,0.0025013651546923732,3.6651914291880923,13.232493924770552,-332.28882168575586,-295.4432376071736,1.0129960382270513,0.9995362443142438,0.9129226179876619,0.9606304689926827,0.989601657801277,1.0008344801246198,0.9675892026819592,1.0000361633147845,1.0063439058731865,7.53e-5,0.002576665154692373,0.30699740934381203,0.5872495604379192,0.021419564515836147,0.1468818184547021,0.8909088157517129
0.6047293292661603,0.002499681758329216,3.9269908169872414,15.518154463822498,-333.13109770531815,-296.5860678766996,1.0146035937665938,0.9995047445887606,0.9096989720665036,0.9550512403634641,0.9881014241808481,1.0010237762317244,0.9672854019839234,1.0000372077975457,1.006687575149937,7.53e-5,0.002574981758329216,0.30699740934381203,0.5872495604379192,0.021379354879507012,0.14674288844467648,0.8909088157517129
0.6047293292661603,0.0024974049244443548,4.1887902047863905,17.558765810761543,-333.8812899202619,-297.6063735501691,1.015850874421548,0.9994871620970802,0.9070880158416372,0.9503813170198917,0.9868920040262567,1.0011454923036567,0.9670753527668484,1.0000582609516773,1.0068919238653593,7.53e-5,0.0025727049244443547,0.30699740934381203,0.5872495604379192,0.0213469277794002,0.14663075509226173,0.8909088157517129
0.6047293292661603,0.002494629763536469,4.4505895925855405,19.08624380547201,-334.4380842170636,-298.37011254752434,1.016605620769811,0.9994812064114047,0.9049050845131263,0.9469546110138898,0.9860430419377764,1.0012022826536695,0.9669950295608225,1.0000897924934098,1.0069651776506745,7.53e-5,0.0025699297635364687,0.30699740934381203,0.5872495604379192,0.0213233107949164,0.14654903479733766,0.8909088157517129
0.6047293292661603,0.002491504453210153,4.71238898038469,19.907212677839198,-334.73130608113195,-298.78059698370794,1.016796262199644,0.9994860856784568,0.9030981907418696,0.9450214327590905,0.9856050539239877,1.0011963785952296,0.967039149794148,1.000122284945265,1.0069119581010433,7.53e-5,0.002566804453210153,0.30699740934381203,0.5872495604379192,0.021309189263186142,0.1465001498417574,0.8909088157517129
0.6047293292661603,0.0024882157184919593,4.974188368183839,19.933382033841326,-334.73228489656174,-298.793681661709,1.0164166159765646,0.9995006226919129,0.9017446442496831,0.9447210898946037,0.9856052210211124,1.001129223248025,0.9671946081685283,1.0001472350765053,1.0067355957662187,7.53e-5,0.0025635157184919592,0.30699740934381203,0.5872495604379192,0.021305135996008463,0.14648611559134284,0.8909088157517129
0.6047293292661603,0.002484994813734829,5.235987755982989,19.191568346160352,-334.45582052772863,-298.4227748178685,1.0155291832785254,0.999522898069103,0.9010457617296272,0.9460705229313092,0.9860460831676376,1.00100175008822,0.9674439692460304,1.000159554578026,1.006441126843994,7.53e-5,0.002560294813734829,0.30699740934381203,0.5872495604379192,0.021311674966798658,0.1465087558298417,0.8909088157517129
0.6047293292661603,0.0024820735408645385,5.497787143782138,17.81387608146713,-333.9551158059717,-297.7339286855219,1.0142577900162737,0.9995506076913571,0.9012902536108125,0.9489668390717146,0.9869049577665184,1.0008148077808396,0.9677608053771296,1.0001589272073799,1.0060318409934155,7.53e-5,0.0025573735408645384,0.30699740934381203,0.5872495604379192,0.021329118464101522,0.14656913479514105,0.8909088157517129
0.6047293292661603,0.002479682543439165,5.759586531581287,16.011535251352143,-333.3112293710031,-296.8327582704644,1.0127697863865468,0.9995810246306535,0.9027628079321014,0.9531953351246301,0.988132195032342,1.00057244725658,0.9681176193957252,1.0001491972498369,1.005519135449843,7.53e-5,0.002554982543439165,0.30699740934381203,0.5872495604379192,0.021357421182646136,0.14666705053492507,0.8909088157517129
0.6047293292661603,0.002478024377248731,6.021385919380437,14.036962945185564,-332.61867333787626,-295.8454721173811,1.0112455084182355,0.9996121952139804,0.9056603945380036,0.9584509631468705,0.9896509111370655,1.0002838377955552,0.9684833485347056,1.0001380480354576,1.0049299372694456,7.53e-5,0.002553324377248731,0.30699740934381203,0.5872495604379192,0.021395809656607655,0.14679975747304605,0.8909088157517129
0.6047293292661603,0.0024772721329228823,6.283185307179586,12.138951205477042,-331.96897641133387,-294.89646624752686,1.0098593255851425,0.9996408672864388,0.9099914240675938,0.9643462495025796,0.9913634318964898,0.9999656200144765,0.9688424050748344,1.0001277492660263,1.0042748251488853,7.53e-5,0.0025525721329228823,0.30699740934381203,0.5872495604379192,0.02144324135964752,0.1469635656557398,0.8909088157517129
0.6165571083701215,0.0024936293045751796,0.0,18.31470320148344,-334.6256214761243,-297.98434224553006,1.0095834878238217,0.9996549024612799,0.9050625575906759,0.9606210611832707,0.9905459638047187,0.9999070681167115,0.9593052494744136,1.0000973546381489,1.003093067452946,7.53e-5,0.0025689293045751795,0.30699740934381203,0.5872495604379192,0.021431374012534917,0.14692259770826432,0.9030376165016794
0.6165571083701215,0.0024938742056749524,0.2617993877991494,16.55997663641051,-334.04350063419275,-297.1069789629936,1.0084094566351514,0.999681259413683,0.9103864845678848,0.9667375792767321,0.9923196811929402,0.9995818462205402,0.9596411245634582,1.0000955920332422,1.0024405217590802,7.53e-5,0.0025691742056749524,0.30699740934381203,0.5872495604379192,0.021483864484976682,0.1471037191968323,0.9030376165016794
0.6165571083701215,0.002495132960424791,0.5235987755982988,15.18150768094165,-333.6041740771731,-296.41774448525916,1.0075027777900722,0.9997054627422521,0.9164377228429552,0.9726446518638755,0.9940379254220968,0.9992742468114753,0.9599529855810803,1.0001046107474831,1.0018364392056966,7.53e-5,0.002570432960424791,0.30699740934381203,0.5872495604379192,0.02153870063724711,0.14729270361648866,0.9030376165016794
0.6165571083701215,0.0024973558422620996,0.7853981633974483,14.197722617283489,-333.306151960228,-295.9258519534301,1.0068358016936512,0.9997308927763208,0.9226213051464905,0.9779590488970906,0.9955782017144743,0.9990115450153219,0.9602342886397401,1.0001238954543281,1.001320578847404,7.53e-5,0.0025726558422620996,0.30699740934381203,0.5872495604379192,0.02159142511223732,0.14747418873024057,0.9030376165016794
0.6165571083701215,0.002500285374243846,1.0471975511965976,13.536933380804612,-333.1123580861708,-295.59545733519064,1.0063117446570977,0.9997507594475289,0.928119006030265,0.9823144258180352,0.9968295326144592,0.9988154519773084,0.9604944513199736,1.0001489605660312,1.0009844320697003,7.53e-5,0.002575585374243846,0.30699740934381203,0.5872495604379192,0.021637222414149,0.1476316537485607,0.9030376165016794
0.6165571083701215,0.0025037297796408247,1.3089969389957472,13.078063745068675,-332.9690440682575,-295.3660225173227,1.00588246483501,0.9997713655126166,0.9323453965477105,0.9854883826894273,0.9977074343422908,0.9987102549317254,0.9606925486012645,1.0001753570245124,1.0008186848002063,7.53e-5,0.0025790297796408246,0.30699740934381203,0.5872495604379192,0.02167133553823609,0.1477488391447927,0.9030376165016794
0.6165571083701215,0.002507304573855586,1.5707963267948966,12.711223641830543,-332.8286800603293,-295.1826024657036,1.005523644639519,0.9997850056047964,0.9346519209075747,0.9872532561051661,0.9981462340126167,0.9987025239160224,0.9608156196167497,1.0001956808852501,1.000860177023468,7.53e-5,0.002582604573855586,0.30699740934381203,0.5872495604379192,0.0216898165049099,0.1478122872930246,0.9030376165016794
0.6165571083701215,0.0025107471585096965,1.8325957145940461,12.39549953109497,-332.67621434721536,-295.0247404103358,1.0053017708701157,0.9997887651566629,0.934859197742481,0.9875246756742792,0.9981188798603465,0.9987962104572673,0.9608127518218406,1.0002042549656391,1.0010966896371707,7.53e-5,0.0025860471585096964,0.30699740934381203,0.5872495604379192,0.02169085157402714,0.14781584007095952,0.9030376165016794
0.6165571083701215,0.002513775166574193,2.0943951023931953,12.187640687845601,-332.5388354913229,-294.92081098871114,1.0053371493759806,0.999776875880558,0.9329714074467539,0.986253775961822,0.9976240604102495,0.9989798595012127,0.9606658322068693,1.0001972721169472,1.0015212826596398,7.53e-5,0.002589075166574193,0.30699740934381203,0.5872495604379192,0.021674493394352623,0.14775968244908708,0.9030376165016794
0.6165571083701215,0.002516215144089857,2.356194490192345,12.226454891513072,-332.4801734526359,-294.9402180905449,1.0057470058783518,0.9997511857403196,0.929501126393931,0.9835404843421116,0.996699520012422,0.9992415938953967,0.96033808418248,1.0001745906481625,1.0020713998765378,7.53e-5,0.0025915151440898568,0.30699740934381203,0.5872495604379192,0.02164317643262505,0.14765211349532723,0.9030376165016794
0.6165571083701215,0.0025180004480880908,2.6179938779914944,12.678892815754352,-332.5758296937634,-295.1664370526655,1.0066198967365283,0.9997092430860647,0.9249137585535184,0.9794986079024772,0.9954074991902486,0.9995508689711302,0.9599166532678163,1.0001374746130003,1.0027389691676545,7.53e-5,0.0025933004480880907,0.30699740934381203,0.5872495604379192,0.021600676908549974,0.14750601236627597,0.9030376165016794
0.6165571083701215,0.002519084036686524,2.8797932657906435,13.671944770504979,-332.8831505315209,-295.6629630300408,1.007923785031935,0.9996622683727464,0.919971923631772,0.974425338584724,0.9938454472667929,0.9998864061640638,0.9593882936009911,1.0000945730032211,1.0034221415567444,7.53e-5,0.002594384036686524,0.30699740934381203,0.5872495604379192,0.021551459713260303,0.14733664206987573,0.9030376165016794
0.6165571083701215,0.002519453786339147,3.141592653589793,15.237827315581171,-333.41946936233035,-296.4459043025789,1.0095559438286306,0.9996133785021977,0.915178680869983,0.968633378315633,0.9921257751891237,1.0002164054216476,0.9588398565260869,1.0000529736090307,1.0040802951636199,7.53e-5,0.002594753786339147,0.30699740934381203,0.5872495604379192,0.021499972012586133,0.14715925577247235,0.9030376165016794
0.6165571083701215,0.0025191081747677454,3.4033920413889422,17.289847526508083,-334.1516427572483,-297.4719144080424,1.0113508114487857,0.9995684025274739,0.9108786534639144,0.9625082469743688,0.9903695552328914,1.0005156659354928,0.9583283105901954,1.0000214943126635,1.004666156337594,7.53e-5,0.0025944081747677453,0.30699740934381203,0.5872495604379192,0.0214499254045083,0.1469866351479488,0.9030376165016794
0.6165571083701215,0.0025180609134302957,3.6651914291880923,19.63183569022408,-335.00261990046135,-298.6429084899004,1.0131235279854864,0.9995315084854012,0.9072474448406641,0.956475687525387,0.9886982696042729,1.0007656657842123,0.9579022255932841,1.0000062876494271,1.0051425209274671,7.53e-5,0.0025933609134302957,0.30699740934381203,0.5872495604379192,0.021404313158615847,0.14682913787433055,0.9030376165016794
0.6165571083701215,0.002516343344958293,3.9269908169872414,21.993848977149696,-335.8662396645518,-299.8239151333632,1.0146864128469837,0.9995051156903125,0.9042637138600387,0.9509552042087183,0.9872204619782569,1.0009553438734076,0.9575908346858468,1.0000099709832342,1.0054908737902029,7.53e-5,0.002591643344958293,0.30699740934381203,0.5872495604379192,0.021365152278524382,0.14669378590282556,0.9030376165016794
0.6165571083701215,0.0025140142778821793,4.1887902047863905,24.08251979798206,-336.6296216952545,-300.86825054377937,1.015873440411111,0.9994901228581428,0.9018174748362735,0.9463461261771436,0.9860300953632126,1.001079751983989,0.9574070732078519,1.0000302467519264,1.0057021075489996,7.53e-5,0.002589314277882179,0.30699740934381203,0.5872495604379192,0.0213338040848228,0.14658534949893234,0.9030376165016794
0.6165571083701215,0.0025111809141966164,4.4505895925855405,25.633909138427043,-337.1935349931291,-301.64394521400186,1.0165664325473869,0.999486539613261,0.8997861915975288,0.9429832681713517,0.9851992247262853,1.0011388919809137,0.9573532180310672,1.000060473510544,1.00577865233612,7.53e-5,0.0025864809141966164,0.30699740934381203,0.5872495604379192,0.021311153906300215,0.14650695185799323,0.9030376165016794
0.6165571083701215,0.002507999431399707,4.71238898038469,26.458407514426426,-337.48942374666365,-302.05619440200155,1.0167008340270542,0.9994935831655273,0.8981210916228334,0.9411114122881866,0.9847770732413104,1.0011346380314383,0.9574237993790699,1.0000918014165312,1.005726952801811,7.53e-5,0.002583299431399707,0.30699740934381203,0.5872495604379192,0.021297840420987705,0.14646085170862255,0.9030376165016794
0.6165571083701215,0.002504666258139877,4.974188368183839,26.469962375420323,-337.4891660207983,-302.0619718324985,1.0162735275898325,0.9995099716673949,0.8968909503475433,0.9408663449336723,0.9847897281567514,1.0010684016981717,0.9576053966069074,1.0001161007242676,1.005552173709226,7.53e-5,0.002579966258139877,0.30699740934381203,0.5872495604379192,0.021294394024846407,0.14644891569433258,0.9030376165016794
0.6165571083701215,0.0025014044155310475,5.235987755982989,25.695839013669797,-337.2071088216459,-301.67491015162324,1.015344894400137,0.9995337529941929,0.8962840825843016,0.9422643599910031,0.9852393209050366,1.000940831719855,0.957877073459971,1.00012838966267,1.005257842728715,7.53e-5,0.0025767044155310475,0.30699740934381203,0.5872495604379192,0.021301271837717805,0.1464727349057029,0.9030376165016794
0.6165571083701215,0.0024984599257767926,5.497787143782138,24.26721358217594,-336.694625098978,-300.9605974358763,1.0140431987710024,0.999562535368716,0.8965659046863872,0.9451919546374883,0.9861005887044997,1.0007537820070944,0.9582142895219616,1.0001280601137037,1.0048499038441172,7.53e-5,0.0025737599257767926,0.30699740934381203,0.5872495604379192,0.021318736914231414,0.14653320298334283,0.9030376165016794
0.6165571083701215,0.0024960486690786708,5.759586531581287,22.393769114740962,-336.0324401190587,-300.0238752021588,1.0125312332455472,0.9995936616826985,0.8980519922263395,0.9494473419812542,0.9873276274951268,1.000511887692912,0.9585868339109757,1.000118860051526,1.0043391813529583,7.53e-5,0.0025713486690786707,0.30699740934381203,0.5872495604379192,0.02134685425025743,0.14663050073285658,0.9030376165016794
0.6165571083701215,0.0024943875781121773,6.021385919380437,20.32665757575512,-335.31228314358003,-298.9903194326659,1.0109918948828442,0.999625362543752,0.9008843767750054,0.9547162973741328,0.9888424014630233,1.000224246479858,0.9589492592134118,1.0001068349702131,1.0037422507912277,7.53e-5,0.0025696875781121772,0.30699740934381203,0.5872495604379192,0.02138485231450784,0.1467618904010594,0.9030376165016794
0.6165571083701215,0.002493629304575178,6.283185307179586,18.314703201482757,-334.62562147612385,-297.9843422455297,1.0095834878238217,0.99965490246128,0.9050625575906758,0.9606210611832705,0.9905459638047187,0.9999070681167114,0.95930524947441,1.0000973546381489,1.003093067452946,7.53e-5,0.0025689293045751778,0.30699740934381203,0.5872495604379192,0.021431374012534917,0.14692259770826432,0.9030376165016794
0.6283163049944824,0.0025099907812970914,0.0,26.627246545361572,-338.1760702315652,-302.1406139174691,1.0092950856988707,0.9996659113434828,0.9000371889318679,0.9568455106164254,0.9897226253536973,0.9998485808253103,0.9476952317532483,1.0000661728372156,1.0017379929435841,7.53e-5,0.0025852907812970913,0.30699740934381203,0.5872495604379192,0.021423348229362937,0.14689488515442267,0.9151664172516458
0.6283163049944824,0.002510269825705452,0.2617993877991494,24.746839935612115,-337.55087856489496,-301.2004106125944,1.0081123465832016,0.9996940632141089,0.9051511048070965,0.962956551254882,0.9914835821639062,0.9995244437931187,0.9480177763155778,1.000064531619919,1.001085077155364,7.53e-5,0.0025855698257054517,0.30699740934381203,0.5872495604379192,0.021474602034428043,0.14707177429936685,0.9151664172516458
0.6283163049944824,0.002511540106182208,0.5235987755982988,23.231777495633878,-337.0624210395915,-300.4428793926053,1.0071933398745119,0.9997180466319956,0.910947867689622,0.9688445164154232,0.9931871162776759,0.9992180707818944,0.9483083061795718,1.0000722336681316,1.0004736527370026,7.53e-5,0.002586840106182208,0.30699740934381203,0.5872495604379192,0.021528028212632246,0.14725594119181962,0.9151664172516458
0.6283163049944824,0.002513761148762862,0.7853981633974483,22.111156328038533,-336.71329580856224,-299.8825688088076,1.006514993988757,0.9997392925653326,0.9168057125842755,0.9741164266778102,0.9947108114277403,0.9989555967796263,0.9485712243705564,1.0000894299114447,0.9999705589781189,7.53e-5,0.002589061148762862,0.30699740934381203,0.5872495604379192,0.02157925714834077,0.14743232412625704,0.9151664172516458
0.6283163049944824,0.0025167447152830273,1.0471975511965976,21.328327061307277,-336.4731829148527,-299.491154175442,1.006010039248392,0.9997585849713642,0.9220249302176875,0.978435778625803,0.995945980764518,0.9987606184581267,0.9488011217092219,1.000113065569239,0.9996222534488856,7.53e-5,0.002592044715283027,0.30699740934381203,0.5872495604379192,0.021623445303930358,0.14758430101643857,0.9151664172516458
0.6283163049944824,0.0025202203273573228,1.3089969389957472,20.77963982985011,-336.2948533941796,-299.2168105597134,1.005615627044178,0.9997746216598633,0.925938833231007,0.9815383583249218,0.9968056082214987,0.9986518869650779,0.948976629392489,1.000137716325347,0.999460294204689,7.53e-5,0.0025955203273573227,0.30699740934381203,0.5872495604379192,0.02165600241515402,0.14769617797081586,0.9151664172516458
0.6283163049944824,0.0025238556644901233,1.5707963267948966,20.37119451458227,-336.1379704977295,-299.0125879020795,1.0053158606571952,0.9997842830525877,0.92805567335872,0.9832442206161836,0.9972298072096442,0.9986417894184185,0.9490630749695543,1.0001571158062996,0.9994988366993784,7.53e-5,0.002599155664490123,0.30699740934381203,0.5872495604379192,0.021673366716229072,0.14775581380105896,0.9151664172516458
0.6283163049944824,0.0025273223810601884,1.8325957145940461,20.07189093171121,-335.9907640629621,-298.86293611064394,1.0051699926352617,0.9997838645639437,0.9281212878882485,0.9834422348829372,0.9971861487735642,0.9987331292728628,0.9490288410498776,1.000165828974608,0.9997353474222005,7.53e-5,0.0026026223810601884,0.30699740934381203,0.5872495604379192,0.021673548394529413,0.14775643763219157,0.9151664172516458
0.6283163049944824,0.002530400289756274,2.0943951023931953,19.93848594986605,-335.8805488302683,-298.79623361972136,1.0052933707305463,0.9997689758511205,0.92627550090754,0.9821143642832181,0.9966816409914155,0.9989145695244452,0.9488405186868807,1.000159391420552,1.0001500266088,7.53e-5,0.002605700289756274,0.30699740934381203,0.5872495604379192,0.021657079447839005,0.14769987760402636,0.9151664172516458
0.6283163049944824,0.002532898514766831,2.356194490192345,20.099321097573807,-335.8661526529645,-298.87665119357524,1.0057969293505926,0.9997407820808828,0.9228768382279011,0.9793358105058708,0.995749299034118,0.9991725137811216,0.9485037139274699,1.0001381039921098,1.0007061919736113,7.53e-5,0.002608198514766831,0.30699740934381203,0.5872495604379192,0.021626076822537695,0.1475933468389995,0.9151664172516458
0.6283163049944824,0.002534718038679629,2.6179938779914944,20.703250428712863,-336.0153999112166,-299.17861585914477,1.0067297962836992,0.9997015138677402,0.9185036894607779,0.9752775006342569,0.9944574893599842,0.9994830555095245,0.9480433700764594,1.0001050932400113,1.0013542517649485,7.53e-5,0.002610018038679629,0.30699740934381203,0.5872495604379192,0.021584248479667622,0.14744949849470487,0.9151664172516458
0.6283163049944824,0.0025358224793288055,2.8797932657906435,21.85648865483688,-336.37755899331086,-299.7552349722068,1.0080798078101822,0.9996546763297018,0.9137725112381332,0.9701780541026329,0.9929005977789642,0.9998156644117214,0.9475131979568919,1.0000641574442768,1.0020337812329096,7.53e-5,0.0026111224793288054,0.30699740934381203,0.5872495604379192,0.02153613492173673,0.14728386652041026,0.9151664172516458
0.6283163049944824,0.002536190489416826,3.141592653589793,23.572747653286115,-336.96279871655173,-300.6133644714314,1.0097229647960784,0.9996081678216936,0.9091806460600615,0.9643893034560403,0.9911910317555764,1.0001442824938813,0.9469685763773081,1.0000263319707652,1.0026958242316535,7.53e-5,0.002611490489416826,0.30699740934381203,0.5872495604379192,0.021485702819172923,0.14711005855348938,0.9151664172516458
0.6283163049944824,0.002535829786640662,3.4033920413889422,25.75230883375707,-337.73451229943123,-301.7031450616669,1.011504962830378,0.9995656950485555,0.9050919149456819,0.9582893028043068,0.9894504965163928,1.0004432154210259,0.9464734411486958,0.9999970579053821,1.0032862638439244,7.53e-5,0.002611129786640662,0.30699740934381203,0.5872495604379192,0.021436893919072827,0.14694165467289064,0.9151664172516458
0.6283163049944824,0.0025347468991329712,3.6651914291880923,28.192455871810353,-338.61411229507405,-302.9232185806935,1.013239485973966,0.9995305369356431,0.9016523266713006,0.952297547829114,0.9877981794022825,1.0006950316841126,0.9460687525291747,0.9999817384735942,1.0037643504277889,7.53e-5,0.002610046899132971,0.30699740934381203,0.5872495604379192,0.021392670384021845,0.14678890954698492,0.9151664172516458
0.6283163049944824,0.0025329816054212623,3.9269908169872414,30.622353477576667,-339.4961268592543,-304.1381673835767,1.014746722331078,0.9995064632870674,0.898832749785447,0.9468325879908661,0.9863405720903438,1.0008866261992435,0.9457809565743219,0.9999852858965073,1.0041170524554441,7.53e-5,0.0026082816054212622,0.30699740934381203,0.5872495604379192,0.021354694893225442,0.14665762146056727,0.9151664172516458
0.6283163049944824,0.002530599737011,4.1887902047863905,32.75147168644082,-340.2700868799088,-305.20272648800875,1.0158732359006217,0.9994941583527513,0.8965421506276214,0.9422893204093705,0.9851703944502269,1.0010130959546688,0.9456227846846943,1.0000050966057845,1.0043346240490099,7.53e-5,0.002605899737011,0.30699740934381203,0.5872495604379192,0.02132438900090173,0.146552766606545,0.9151664172516458
0.6283163049944824,0.0025277139676504233,4.4505895925855405,34.3202104749173,-340.8390306592919,-305.987095882247,1.0165060021437957,0.9994929773181696,0.8946573990208484,0.9389926677372903,0.9843579656903083,1.001074291049764,0.9455961283817595,1.0000343507003715,1.0044159799082981,7.53e-5,0.0026030139676504233,0.30699740934381203,0.5872495604379192,0.021302666861572412,0.1464775656873031,0.9151664172516458
0.6283163049944824,0.0025244839595504037,4.71238898038469,35.14291375374796,-341.13607060415563,-306.3984475216623,1.0165857989693603,0.9995021980257783,0.8931276900836511,0.9371836141260845,0.9839515828716427,1.0010716283674772,0.9456935769228159,1.0000647469681874,1.004367404007435,7.53e-5,0.0025997839595504036,0.30699740934381203,0.5872495604379192,0.021290133108503907,0.14643415741979454,0.9151664172516458
0.6283163049944824,0.002521108673737674,4.974188368183839,35.13596666380181,-341.13360035875854,-306.39497397668924,1.0161137737728705,0.9995205609208231,0.892011371507085,0.9369927695694091,0.9839757338419368,1.0010063372978217,0.9459035076140809,1.0000885787275935,1.0041954921818501,7.53e-5,0.002596408673737674,0.30699740934381203,0.5872495604379192,0.02128723765410619,0.146424127787586,0.9151664172516458
0.6283163049944824,0.002517822162878618,5.235987755982989,34.327278404475464,-340.84565539302224,-305.99062984702607,1.015153637998044,0.999546079884067,0.8914961054950616,0.9384359552337255,0.9844325226011311,1.000879951275105,0.9462013053535736,1.0001009087651953,1.0039068638082773,7.53e-5,0.002593122162878618,0.30699740934381203,0.5872495604379192,0.02129449569405136,0.14644926782207615,0.9151664172516458
0.6283163049944824,0.0025148395576897373,5.497787143782138,32.84725492173732,-340.32270495211355,-305.250618105657,1.0138176246518185,0.9995751577213428,0.8918368560305141,0.9414003281640397,0.9852980649993018,1.0006934600678332,0.9465554431563089,1.0001000418198491,1.0034937176069363,7.53e-5,0.0025901395576897373,0.30699740934381203,0.5872495604379192,0.021312156094284582,0.1465104215298155,0.9151664172516458
0.6283163049944824,0.0025124333191986667,5.759586531581287,30.904135945108123,-339.64288278270794,-304.2790586173424,1.0122871898453363,0.9996077279534586,0.8932844639299746,0.9456837709044285,0.9865232879935875,1.0004524779478576,0.9469423447473728,1.0000911137483421,1.0029906973067195,7.53e-5,0.0025877333191986667,0.30699740934381203,0.5872495604379192,0.021340111333887073,0.14660717313668326,0.9151664172516458
0.6283163049944824,0.002510751070315256,6.021385919380437,28.747850637467195,-338.89722087933967,-303.20091596352194,1.0107216540499273,0.99963750945979,0.896012412203659,0.9509509462729495,0.9880302965847604,1.0001653195024864,0.947330250426766,1.0000770240538934,1.0023878286978685,7.53e-5,0.002586051070315256,0.30699740934381203,0.5872495604379192,0.02137766289564324,0.14673703959928253,0.9151664172516458
0.6283163049944824,0.0025099907812970944,6.283185307179586,26.627246545361004,-338.176070231565,-302.14061391746884,1.0092950856988714,0.9996659113434831,0.900037188931878,0.956845510616423,0.9897226253536966,0.9998485808253107,0.9476952317532505,1.0000661728372156,1.0017379929435866,7.53e-5,0.0025852907812970944,0.30699740934381203,0.5872495604379192,0.021423348229362937,0.14689488515442267,0.9151664172516458
0.6400000000000001,0.00252591246689606,0.0,37.24166283484419,-342.6373974135375,-307.44782206221043,1.009018211717239,0.9996778640693368,0.8950237538003053,0.9530623730840894,0.988900183403115,0.999792417411852,0.9338800961125711,1.0000410436138831,1.0002215038016713,7.53e-5,0.00260121246689606,0.30699740934381203,0.5872495604379192,0.021418472803219173,0.1468780481177564,0.9272952180016123
0.6400000000000001,0.0025261793364654574,0.2617993877991494,35.24357756830727,-341.9730740528128,-306.448779428942,1.0078146970609887,0.9997027016741153,0.8999176847901116,0.9591407376896625,0.9906449833123887,0.9994693147196093,0.9342106778365276,1.0000368094262346,0.9995707206333799,7.53e-5,0.0026014793364654573,0.30699740934381203,0.5872495604379192,0.021468645101100744,0.14705122610854476,0.9272952180016123
0.6400000000000001,0.002527478573316882,0.5235987755982988,33.60139475050721,-341.4395995311238,-305.62768802004194,1.0068876522071917,0.9997244833920518,0.9054333574612234,0.9649907269176774,0.9923311208350438,0.9991632114426247,0.9344984374603026,1.0000424889855992,0.9989664362237722,7.53e-5,0.002602778573316882,0.30699740934381203,0.5872495604379192,0.021520701974129343,0.14723069994079405,0.9272952180016123
0.6400000000000001,0.002529726774428773,0.7853981633974483,32.354493703324465,-341.04392008238375,-305.00423749645057,1.006209457463921,0.9997441553693097,0.9109908767656857,0.9702238200276917,0.9938370842258937,0.9989009454778527,0.9347439223573017,1.0000581151518089,0.9984650019647625,7.53e-5,0.002605026774428773,0.30699740934381203,0.5872495604379192,0.02157034246615127,0.14740164530497193,0.9272952180016123
0.6400000000000001,0.0025327372466098313,1.0471975511965976,31.4605761302804,-340.7615311528392,-304.55727870992854,1.0057165769537955,0.9997616376893422,0.9159231172252094,0.9745009543022513,0.9950545470560771,0.9987065497452053,0.9349411584043905,1.000080311919134,0.998111233582781,7.53e-5,0.002608037246609831,0.30699740934381203,0.5872495604379192,0.021612903941618276,0.14754805977637606,0.9272952180016123
0.6400000000000001,0.002536241246445294,1.3089969389957472,30.83239912810552,-340.55222729654986,-304.2431902088411,1.0053566718951104,0.9997754948781534,0.9195937795927016,0.9775540886902081,0.9958971179796192,0.9985981382042776,0.9350784655459766,1.0001037537162456,0.9979409201027803,7.53e-5,0.002611541246445294,0.30699740934381203,0.5872495604379192,0.021643990518365738,0.14765491071787035,0.9272952180016123
0.6400000000000001,0.002539920036020572,1.5707963267948966,30.390787020008815,-340.38150893836524,-304.02238415479275,1.0051166450598545,0.9997821711635311,0.9215316091703658,0.9791988339914462,0.9963054643721084,0.9985865276244573,0.935124533982181,1.000122336680346,0.9979725217919125,7.53e-5,0.002615220036020572,0.30699740934381203,0.5872495604379192,0.02166021143703878,0.1477106355512328,0.9272952180016123
0.6400000000000001,0.0025434370127009652,1.8325957145940461,30.113236680071736,-340.24091738273046,-303.8836089848242,1.0050452421882676,0.9997794592301383,0.921519367955498,0.9793509081792884,0.9962492479057173,0.998678485068495,0.9350412398748165,1.0001316120675323,0.9982040528716312,7.53e-5,0.002618737012700965,0.30699740934381203,0.5872495604379192,0.021659747624228818,0.14770904246673006,0.9272952180016123
0.6400000000000001,0.0025465802262045444,2.0943951023931953,30.055696932375326,-340.1575998236661,-303.854839110976,1.00526826281008,0.999762634840643,0.9196752779164479,0.9779498230530611,0.9957348783496919,0.998854454177043,0.9348295279271102,1.000125908947433,0.9986133427280586,7.53e-5,0.0026218802262045443,0.30699740934381203,0.5872495604379192,0.02164312922500703,0.14765195128698552,0.9272952180016123
0.6400000000000001,0.0025491223552459386,2.356194490192345,30.335915804971023,-340.18535569044496,-303.99494854727385,1.0058537106323509,0.9997330088217038,0.9163715914289138,0.9751204486258537,0.9947975284759198,0.9991093665780838,0.9344710454228298,1.0001064415374499,0.9991652776513416,7.53e-5,0.0026244223552459385,0.30699740934381203,0.5872495604379192,0.021612462687850588,0.14754654255595656,0.9272952180016123
0.6400000000000001,0.002550974256695577,2.6179938779914944,31.085203898691702,-340.3848256418539,-304.3695925941342,1.0068550361838515,0.9996929963235013,0.9121626090942524,0.971021407325923,0.9935066380987779,0.9994160682631523,0.9340017560211611,1.0000751412032625,0.9998075548478329,7.53e-5,0.0026262742566955767,0.30699740934381203,0.5872495604379192,0.02157143727870611,0.14740541330641105,0.9272952180016123
0.6400000000000001,0.002552090878483675,2.8797932657906435,32.39002812726403,-340.7975384429361,-305.02200470842035,1.0082369883005369,0.9996474133096545,0.9076233595210625,0.9659135796712801,0.991957050462494,0.9997469967281983,0.9334689470130936,1.000037526140018,1.0004851032411612,7.53e-5,0.002627390878483675,0.30699740934381203,0.5872495604379192,0.02152431626867744,0.1472431528745349,0.9272952180016123
0.6400000000000001,0.002552455602881184,3.141592653589793,34.24674620250846,-341.4276230227336,-305.95036374604257,1.009887734608793,0.999601637544275,0.9032405875370159,0.9601304821889167,0.990260702572926,1.0000743413620823,0.9329353492076187,1.000001037122311,1.001144146998313,7.53e-5,0.002627755602881184,0.30699740934381203,0.5872495604379192,0.02147522128578454,0.14707391022090685,0.9272952180016123
0.6400000000000001,0.002552069644003769,3.4033920413889422,36.54363279055667,-342.23445102776355,-307.0988070400667,1.0116467259821529,0.9995607958667473,0.899341146859132,0.9540593909628972,0.9885372635255689,1.0003734042327053,0.932455326108489,0.9999733916871968,1.001736242459698,7.53e-5,0.0026273696440037688,0.30699740934381203,0.5872495604379192,0.021427704807366877,0.14690992879006656,0.9272952180016123
0.6400000000000001,0.002550957823663441,3.6651914291880923,39.07217629222032,-343.13827035291416,-308.3630787908985,1.0133433436190906,0.9995289376335179,0.8960694635151519,0.9481167527667781,0.9869045336686495,1.0006253838260282,0.9320684483726358,0.9999604150610223,1.0022231465580604,7.53e-5,0.0026262578236634407,0.30699740934381203,0.5872495604379192,0.021384565133290522,0.14676089781455046,0.9272952180016123
0.6400000000000001,0.0025491493445198776,3.9269908169872414,41.561129268129775,-344.035526095657,-309.6075552788532,1.0147984582921525,0.9995078743819612,0.8934123636336124,0.9427157511925236,0.9854685515512005,1.0008181159001834,0.9318040650227926,0.999964614536304,1.0025818145495946,7.53e-5,0.0026244493445198775,0.30699740934381203,0.5872495604379192,0.021347692718572966,0.14663340122135796,0.9272952180016123
0.6400000000000001,0.0025467205809915155,4.1887902047863905,43.72308175566002,-344.8174640918798,-310.68853152261835,1.0158676108040174,0.9994983150046378,0.8912637545689719,0.9382393624942049,0.9843189185574992,1.000946457610232,0.9316734145835478,0.9999839689790794,1.0028053138230937,7.53e-5,0.0026220205809915154,0.30699740934381203,0.5872495604379192,0.021318412869852293,0.14653208128845827,0.9272952180016123
0.6400000000000001,0.0025437551098029944,4.4505895925855405,45.30295534574134,-345.3893241647076,-311.478468317659,1.0164353422311196,0.9995002709988313,0.8895850339216517,0.9350301214835346,0.9835245197704885,1.0010065594284558,0.9316482019850003,1.0000149409846832,1.0028905829044572,7.53e-5,0.0026190551098029943,0.30699740934381203,0.5872495604379192,0.02129710457798043,0.14645830331926069,0.9272952180016123
0.6400000000000001,0.0025404825990292096,4.71238898038469,46.11919235371829,-345.6863383589795,-311.8865868216475,1.0164653180276464,0.9995123372993233,0.8881834505437541,0.9332866949386395,0.9831329803468335,1.0010052163844656,0.9317723702144619,1.0000447739413392,1.0028459815151691,7.53e-5,0.0026157825990292096,0.30699740934381203,0.5872495604379192,0.021285251431879947,0.1464172472800921,0.9272952180016123
0.6400000000000001,0.0025370896309663254,4.974188368183839,46.09076053258593,-345.6814326536139,-311.8723709110813,1.0159475845038826,0.9995299266963775,0.8871122422932569,0.9331252033362445,0.98317027622405,1.0009445445947394,0.9320258886012333,1.0000646030699427,1.0026730214522528,7.53e-5,0.0026123896309663253,0.30699740934381203,0.5872495604379192,0.021283574686951374,0.14641143859390898,0.9272952180016123
0.6400000000000001,0.002533755210989492,5.235987755982989,45.246348893371646,-345.3880647004691,-311.45016509147416,1.0149520753202308,0.999559333173636,0.8867405125096215,0.9346361927543423,0.9836325947583158,1.0008164297059483,0.932328874328744,1.0000795699778338,1.0023858364424614,7.53e-5,0.002609055210989492,0.30699740934381203,0.5872495604379192,0.02129065006006246,0.1464359480301951,0.9272952180016123
0.6400000000000001,0.002530762048495008,5.497787143782138,43.715663296256366,-344.85527131089447,-310.6848222929165,1.0135885373955325,0.9995878312720291,0.8870907420639222,0.9376199401576137,0.9845002164939352,1.0006326091391908,0.9327120428059521,1.0000773723946605,1.0019782595435431,7.53e-5,0.002606062048495008,0.30699740934381203,0.5872495604379192,0.02130868887230262,0.14649841733208238,0.9272952180016123
0.6400000000000001,0.002528331086979568,5.759586531581287,41.70551988639545,-344.15889790894846,-309.67975058798606,1.012033404775853,0.9996186288668122,0.8885070956590528,0.9418981711822388,0.985721213947114,1.0003929074601838,0.9331133285933634,1.0000661675467495,1.0014609967541919,7.53e-5,0.002603631086979568,0.30699740934381203,0.5872495604379192,0.021336622622249054,0.14659510227683756,0.9272952180016123
0.6400000000000001,0.0025266613740334543,6.021385919380437,39.46459081174805,-343.3901026974916,-308.55928605066237,1.0104591915364272,0.9996497697636696,0.8911567855303711,0.9471781394827153,0.9872203952247455,1.0001074734681379,0.9335095664010843,1.0000527148983644,1.0008681315340002,7.53e-5,0.0026019613740334542,0.30699740934381203,0.5872495604379192,0.021373626701658335,0.14672308638018752,0.9272952180016123
0.6400000000000001,0.0025259124668960587,6.283185307179586,37.2416628348459,-342.63739741353794,-307.4478220622113,1.0090182117172393,0.9996778640693368,0.8950237538002952,0.9530623730840833,0.9889001834031136,0.9997924174118519,0.9338800961125702,1.0000410436138831,1.0002215038016713,7.53e-5,0.0026012124668960586,0.30699740934381203,0.5872495604379192,0.021418472803219124,0.14687804811775623,0.9272952180016123
