sin2_theta23,dm2_32,dcp,dchi2,log_likelihood,log_posterior,nova_hadronic_energy_scale,nova_muon_energy_scale,nova_nue_bkg_norm,nova_nue_signal_norm,nova_nue_xsec_ratio_nu,nova_nue_xsec_ratio_nubar,nova_numu_norm,nova_rhc_hadronic_energy_scale,nova_rhc_norm,dm2_21,dm2_31,sin2_theta12,theta12,sin2_theta13,theta13,theta23
0.4,-0.0025732184026455713,0.0,37.267173944565684,-344.94575649707974,-308.6734070106752,0.996469537038042,1.0001038975851566,1.0930161785480497,1.044911074557744,1.0122821073881356,0.9992944825152463,0.9572282659235448,1.0003140850441075,1.0023113609619976,7.53e-5,-0.0024979184026455714,0.30699740934381203,0.5872495604379192,0.02222735622662267,0.1496463229330802,0.684719203002283
0.4,-0.0025745529180518046,0.2617993877991494,43.83036297591889,-347.93134571682106,-311.9550015263518,0.9981957490199611,1.0001208555031462,1.1112640844944028,1.0461788366317482,1.0130935867447584,0.9988095174544614,0.95739497401667,1.0004430661112749,1.0013191884533241,7.53e-5,-0.0024992529180518047,0.30699740934381203,0.5872495604379192,0.02227602001767571,0.14981128382172637,0.684719203002283
0.4,-0.0025754680532094985,0.5235987755982988,50.77802880141735,-351.0882789110364,-315.428834439101,1.000976317821349,1.0001121516202793,1.1296305377073,1.0466199023190503,1.013660910073613,0.998346483772391,0.9573425157580707,1.0005582366388779,1.000353732241851,7.53e-5,-0.0025001680532094985,0.30699740934381203,0.5872495604379192,0.022321601820159152,0.14996563773019447,0.684719203002283
0.4,-0.00257566635230897,0.7853981633974483,57.29732813138071,-354.03051739538756,-318.6884841040827,1.00463344197654,1.0000706721211419,1.1461496057168368,1.0463322915787352,1.0139746454110734,0.9979435490462911,0.9569847039228343,1.000643763475987,0.999479730636833,7.53e-5,-0.00250036635230897,0.30699740934381203,0.5872495604379192,0.022359468345400212,0.15009374828365848,0.684719203002283
0.4,-0.0025748685653347553,1.0471975511965976,62.45538411485245,-356.32705655193973,-321.2675120958186,1.0087034733800695,0.9999983841639533,1.1586593040316362,1.0455927630754653,1.014085883797143,0.9976276989123157,0.9563375953751031,1.0006908494577547,0.9987521910277737,7.53e-5,-0.0024995685653347553,0.30699740934381203,0.5872495604379192,0.022385320616818142,0.15018115116836878,0.684719203002283
0.4,-0.002572884957503669,1.3089969389957472,65.42436748804425,-357.6139408367411,-322.7520037824145,1.012512576660017,0.9998945776824271,1.1651655680741715,1.044773327518151,1.0140685107814578,0.9974212270679846,0.9554504447399588,1.000694925659941,0.9982335006377957,7.53e-5,-0.002497584957503669,0.30699740934381203,0.5872495604379192,0.022395969502125922,0.15021713920714813,0.684719203002283
0.4,-0.0025698043145776115,1.5707963267948966,65.71547157074622,-357.6966804882684,-322.89755582376546,1.01539365407381,0.9997777141125402,1.1645954087663917,1.0441155056732476,1.0139820964249506,0.9973312549412475,0.9544441752662365,1.0006606140245855,0.9979404311962342,7.53e-5,-0.0024945043145776116,0.30699740934381203,0.5872495604379192,0.02239001180357543,0.15019700612213563,0.684719203002283
0.4,-0.0025660335191039735,1.8325957145940461,63.31650279866483,-356.59415367285027,-321.69807143772476,1.0169240921889664,0.9996704348870863,1.1571184844364462,1.043688958650875,1.0138353128854567,0.9973665089651055,0.9535388017813204,1.0005951512877052,0.9979088989899846,7.53e-5,-0.0024907335191039735,0.30699740934381203,0.5872495604379192,0.022368326668656645,0.15012370258322538,0.684719203002283
0.4,-0.002562088642192229,2.0943951023931953,58.673222214363705,-354.5147683317433,-319.3764311455742,1.0169997091139218,0.9995891662350179,1.143867340335807,1.0433745792682545,1.0135962568422936,0.9975265267528699,0.9528941636383178,1.000509479623712,0.9981611232754815,7.53e-5,-0.0024867886421922293,0.30699740934381203,0.5872495604379192,0.02233376775825913,0.15000680926962545,0.684719203002283
0.4,-0.002558386973711187,2.356194490192345,52.53900691285651,-351.7865927636499,-316.3093234948206,1.0157894459373673,0.9995373316326365,1.126639948968532,1.0429023724816364,1.0132106000022565,0.9977955620361735,0.9525023472764456,1.0004144203756058,0.998652094231444,7.53e-5,-0.002483086973711187,0.30699740934381203,0.5872495604379192,0.022289910082416167,0.14985833615872973,0.684719203002283
0.4,-0.00255540602196682,2.6179938779914944,45.77111758373951,-348.7779388562475,-312.9253788302621,1.013721122392988,0.9995206944675938,1.1075454956922741,1.0420858784182119,1.012638555476804,0.9981619178849941,0.9524269304324263,1.0003228548685406,0.9993805912217717,7.53e-5,-0.00248010602196682,0.30699740934381203,0.5872495604379192,0.02224120797755687,0.14969329565475942,0.684719203002283
0.4,-0.0025533759736155134,2.8797932657906435,39.14936229314287,-345.8267469909911,-309.6145011849638,1.011246999918196,0.9995321047061086,1.0884946436562086,1.0408002553827231,1.0118738411405217,0.9985982322127435,0.952589043899855,1.0002445228705619,1.0002826244934455,7.53e-5,-0.0024780759736155135,0.30699740934381203,0.5872495604379192,0.022191599854321606,0.1495250032123392,0.684719203002283
0.4,-0.002552402726542706,3.141592653589793,33.2589619990481,-343.1925112797493,-306.6693010379164,1.0088018776943117,0.9995694179783793,1.0711267710264623,1.0390634856656171,1.0109553050048512,0.9990699170752027,0.9529205409957369,1.0001872685269313,1.0012760878615907,7.53e-5,-0.002477102726542706,0.30699740934381203,0.5872495604379192,0.022144599628545182,0.14936538822251938,0.684719203002283
0.4,-0.002552420141398566,3.4033920413889422,28.44497762592448,-341.03385975267526,-304.2623088513546,1.0066228244475413,0.9996163195984253,1.0564440259824583,1.0370515074040338,1.009966270433692,0.9995391015864388,0.9533240098497814,1.000150645586538,1.002285973265637,7.53e-5,-0.0024771201413985662,0.30699740934381203,0.5872495604379192,0.022103272735708283,0.14922490330569113,0.684719203002283
0.4,-0.002553311361970121,3.6651914291880923,24.825288533320077,-339.4098159584775,-302.4524643050524,1.0048216626484299,0.9996667576074447,1.0450827917865237,1.035005822861218,1.0090042143076667,0.9999713122319934,0.9537476832398677,1.0001297535573737,1.0032286889855988,7.53e-5,-0.002478011361970121,0.30699740934381203,0.5872495604379192,0.022069695839503037,0.14911066886390797,0.684719203002283
0.4,-0.0025548802483371024,3.9269908169872414,22.342494120978245,-338.2981795224638,-301.2110670988815,1.0033813239085585,0.9997189233906905,1.0371720442232617,1.03319548266211,1.0081620941035188,1.0003392899236585,0.9541351705977498,1.0001168167217107,1.0040276885564952,7.53e-5,-0.0024795802483371025,0.30699740934381203,0.5872495604379192,0.022044944448148383,0.14902640593228336,0.684719203002283
0.4,-0.0025569498759475066,4.1887902047863905,20.83656974612404,-337.62579781802464,-300.45810491145437,1.002178621981882,0.9997689225996074,1.0326171238100728,1.0319435932599772,1.007560346267562,1.0006168160888909,0.9545176250004496,1.0001004851966004,1.0046620323169615,7.53e-5,-0.0024816498759475066,0.30699740934381203,0.5872495604379192,0.022030362057267727,0.14897674041012748,0.684719203002283
0.4,-0.002559290576092208,4.4505895925855405,20.123554528457817,-337.30694891699807,-300.10159730262126,1.0010662965000348,0.9998166847035316,1.0310884780741567,1.0314514161936212,1.0072537393901744,1.0007973458385284,0.9548817651627609,1.0000753127382114,1.005099262064904,7.53e-5,-0.002483990576092208,0.30699740934381203,0.5872495604379192,0.022025709807040016,0.1489608921357951,0.684719203002283
0.4,-0.002561720802598081,4.71238898038469,20.06707095636864,-337.2759730996519,-300.07335551657667,0.9999482858487594,0.9998623150889346,1.0323210287463127,1.0318498680243913,1.0072845870637215,1.0008768167927065,0.9552504470719095,1.0000419455716354,1.0053293732031416,7.53e-5,-0.002486420802598081,0.30699740934381203,0.5872495604379192,0.022030850226362794,0.14897840330360992,0.684719203002283
0.4,-0.0025640530990270935,4.974188368183839,20.629353936903726,-337.5137091940363,-300.3544970068442,0.9987693474885285,0.999907523510557,1.0359733248659482,1.0331089517279495,1.0076368865648495,1.0008525248928632,0.9555883579305465,1.0000145156772637,1.005334223600213,7.53e-5,-0.0024887530990270936,0.30699740934381203,0.5872495604379192,0.022044739746738994,0.14902570885991126,0.684719203002283
0.4,-0.0025662136124345383,5.235987755982989,21.889175231941522,-338.0567228570372,-300.9844076543631,0.9975938698829012,0.9999509781333435,1.0420975861280444,1.0351208080146959,1.008292596215957,1.000723990941185,0.9559267419249063,1.000005188320965,1.0051191244887299,7.53e-5,-0.0024909136124345384,0.30699740934381203,0.5872495604379192,0.022067281589988955,0.14910245189506008,0.684719203002283
0.4,-0.0025681897994698096,5.497787143782138,24.018913475656518,-338.9888005042607,-302.0492767762206,0.9965638557216397,0.9999934058547858,1.050813829285802,1.0376427118945384,1.0091883108903903,1.0004917473886057,0.9562747816741481,1.000028328075907,1.0046857306229013,7.53e-5,-0.0024928897994698097,0.30699740934381203,0.5872495604379192,0.022097957516711654,0.14920682565872967,0.684719203002283
0.4,-0.002570007780043258,5.759586531581287,27.22221022550866,-340.41109807495496,-303.6509251511467,0.9958857682503413,1.000036609447705,1.0622621570441428,1.0403446177947637,1.0102234483612813,1.0001641363844358,0.956616890552537,1.0000919240035921,1.004045167667304,7.53e-5,-0.002494707780043258,0.30699740934381203,0.5872495604379192,0.022135794749296327,0.14933546803082615,0.684719203002283
0.4,-0.002571691063197607,6.021385919380437,31.643461078535893,-342.3977437875661,-305.8615505776603,0.995776499331343,1.0000753342340483,1.0764563651798469,1.0428722779486421,1.011294304360485,0.9997551503029352,0.9569499131568664,1.0001914279301471,1.0032325626347804,7.53e-5,-0.002496391063197607,0.30699740934381203,0.5872495604379192,0.022179635781137658,0.14948438833975566,0.684719203002283
0.4,-0.0025732184026455696,6.283185307179586,37.26717394456773,-344.94575649708077,-308.6734070106762,0.9964695370380435,1.0001038975851566,1.0930161785480457,1.044911074557743,1.0122821073881358,0.9992944825152459,0.9572282659235417,1.0003140850441075,1.0023113609619965,7.53e-5,-0.0024979184026455697,0.30699740934381203,0.5872495604379192,0.02222735622662265,0.14964632293308014,0.684719203002283
0.41191200390332305,-0.002556060951753898,0.0,29.556718181093856,-341.51233030044955,-304.8181791289393,0.9974033877090267,1.0000777467188073,1.0874179487190963,1.0436995329379883,1.012082216082185,0.9991727662142554,0.9679930420085159,1.0003781752298557,1.0030893137998071,7.53e-5,-0.002480760951753898,0.30699740934381203,0.5872495604379192,0.02222634184317618,0.1496428824917669,0.6968480037522494
0.41191200390332305,-0.0025573187603230036,0.2617993877991494,35.92674668633879,-344.40861672183337,-308.00319338156174,0.9990956176413422,1.0000935236485462,1.1052116603068667,1.0450903366422741,1.0129265529503235,0.9986848138858971,0.9681429028996055,1.0005100827535198,1.0020911921841444,7.53e-5,-0.0024820187603230037,0.30699740934381203,0.5872495604379192,0.022275612346503767,0.14980990262667174,0.6968480037522494
0.41191200390332305,-0.002558154266316647,0.5235987755982988,42.658033826542805,-347.4668951735848,-311.36883695166375,1.001807200631372,1.000084860155336,1.1230677730771848,1.045656344616951,1.0135314892707523,0.9982167319982239,0.9680811508079961,1.0006283935145772,1.001116098163005,7.53e-5,-0.002482854266316647,0.30699740934381203,0.5872495604379192,0.02232162184409541,0.1499657055035011,0.6968480037522494
0.41191200390332305,-0.002558302189262579,0.7853981633974483,48.955714403925526,-350.31104335163593,-314.5176772403551,1.0053479470016136,1.0000436099093568,1.1390591742300518,1.04549713339985,1.0138864663018023,0.997806772337434,0.9677385159015386,1.0007167146472826,1.0002368022686168,7.53e-5,-0.002483002189262579,0.30699740934381203,0.5872495604379192,0.022359785555250075,0.15009482102453087,0.6968480037522494
0.41191200390332305,-0.0025574450579339803,1.0471975511965976,53.91385786689864,-352.5249231587601,-316.99674897184167,1.0092617957534002,0.999967294351269,1.1509734582875106,1.0448587109408813,1.014026584010774,0.9974865366169078,0.9670756477114065,1.0007641922636585,0.9995089673215127,7.53e-5,-0.0024821450579339804,0.30699740934381203,0.5872495604379192,0.02238541678636773,0.1501814762119648,0.6968480037522494
0.41191200390332305,-0.0025555367160852386,1.3089969389957472,56.73560865880938,-353.7560614069901,-318.40762436779704,1.0129152016276806,0.9998691227855867,1.1571245077711179,1.0440821586779534,1.0140308856432314,0.997271079629705,0.9662317025837944,1.000770786526319,0.9989824839771221,7.53e-5,-0.0024802367160852387,0.30699740934381203,0.5872495604379192,0.022395675133822388,0.1502161444982148,0.6968480037522494
0.41191200390332305,-0.0025525734866604895,1.5707963267948966,56.95808795198445,-353.820762021937,-318.5188640143846,1.0156573651492555,0.9997573002754758,1.156379138701773,1.0434032676504392,1.0139392138109269,0.9971801861868721,0.9652789259165245,1.0007360740254558,0.9986958126509026,7.53e-5,-0.0024772734866604896,0.30699740934381203,0.5872495604379192,0.022388873405213013,0.15019315878996178,0.6968480037522494
0.41191200390332305,-0.002548926809841698,1.8325957145940461,54.58140797284261,-352.7396693791935,-317.33052402481366,1.0170774090676051,0.9996570300387702,1.1488734276236767,1.042879313621905,1.0137697914076422,0.9972123306641498,0.964396475394131,1.0006702603980298,0.9986609688686778,7.53e-5,-0.002473626809841698,0.30699740934381203,0.5872495604379192,0.022366053531142835,0.1501160165525199,0.6968480037522494
0.41191200390332305,-0.0025450621493901607,2.0943951023931953,50.04672220354496,-350.71626888243213,-315.06318114016483,1.0170728271819722,0.9995778912546188,1.1357644460643288,1.0424029639690904,1.0134938619732612,0.9973673155596909,0.9637453903744332,1.0005822931541908,0.9989011799373559,7.53e-5,-0.0024697621493901607,0.30699740934381203,0.5872495604379192,0.022330247338250266,0.14999489671503646,0.6968480037522494
0.41191200390332305,-0.0025414731493612233,2.356194490192345,44.08869561599147,-348.0701773382605,-312.0841678463881,1.0158540943734926,0.9995300950860116,1.1188431618907693,1.0417562443560069,1.0130618053248752,0.9976367428369872,0.9633909302829099,1.0004841941461835,0.999404655366706,7.53e-5,-0.0024661731493612234,0.30699740934381203,0.5872495604379192,0.022285295817144477,0.14984270701010557,0.6968480037522494
0.41191200390332305,-0.0025385558496450853,2.6179938779914944,37.53799734794211,-345.1580877829975,-308.8088187123634,1.0138158960845896,0.9995155002267379,1.1001410472451625,1.040747150513338,1.0124400360573855,0.9980030017438409,0.9633314893849115,1.000388168347388,1.0001395063342284,7.53e-5,-0.0024632558496450853,0.30699740934381203,0.5872495604379192,0.022235518118746984,0.14967400248479326,0.6968480037522494
0.41191200390332305,-0.0025365201487230348,2.8797932657906435,31.146501810856194,-342.3068238828675,-305.61307094382045,1.011392739976732,0.9995259701344433,1.0814820099017173,1.0392873394226403,1.0116266372738725,0.998442642038826,0.9634947544586902,1.0003037616226553,1.0010531561985827,7.53e-5,-0.002461220148723035,0.30699740934381203,0.5872495604379192,0.02218497072362776,0.1495025003844704,0.6968480037522494
0.41191200390332305,-0.0025355643821595958,3.141592653589793,25.475163471996325,-339.76522894880037,-302.7774017743905,1.0090369219708513,0.9995647998056773,1.06456551559334,1.0373913977991405,1.010664612431658,0.9989178883645411,0.9638172406882791,1.0002400301555532,1.0020490710645513,7.53e-5,-0.002460264382159596,0.30699740934381203,0.5872495604379192,0.022137158433129113,0.14934010239677784,0.6968480037522494
0.41191200390332305,-0.002535555305405534,3.4033920413889422,20.85145079852782,-337.6856774945411,-300.46554543765626,1.0069333295038898,0.9996091624505277,1.0502548064836965,1.035270412170443,1.0096411134688266,0.9993942324185842,0.9642092636133799,1.0001962188564737,1.0030697999116283,7.53e-5,-0.002460255305405534,0.30699740934381203,0.5872495604379192,0.022095311336406454,0.14919782491489653,0.6968480037522494
0.41191200390332305,-0.0025364130248791638,3.6651914291880923,17.38335118679811,-336.1226861954263,-298.7314956317914,1.005217872449158,0.9996575078905369,1.0392024224204197,1.033161673611656,1.0086561885011736,0.9998343250613434,0.9646165996316013,1.0001691018737757,1.0040244790848738,7.53e-5,-0.002461113024879164,0.30699740934381203,0.5872495604379192,0.02206151231487193,0.14908281421885466,0.6968480037522494
0.41191200390332305,-0.0025379633615240063,3.9269908169872414,15.010722602042733,-335.0533242761599,-297.5451813394137,1.003857876814917,0.9997058875766283,1.0315683432669087,1.0313531662810866,1.0078145687583695,1.000208504394845,0.9650077785973186,1.0001505718749524,1.0048480936768203,7.53e-5,-0.0024626633615240064,0.30699740934381203,0.5872495604379192,0.022037146242772743,0.14899984836644142,0.6968480037522494
0.41191200390332305,-0.002540001570858636,4.1887902047863905,13.576161067063822,-334.4070414776187,-296.82790057192426,1.002733362331586,0.9997530248053066,1.0272180701771212,1.0301162488287097,1.0072080005024993,1.0004958200508884,0.9653743371657185,1.0001316589729043,1.0054947156208958,7.53e-5,-0.002464701570858636,0.30699740934381203,0.5872495604379192,0.022022854800357837,0.14895116550983778,0.6968480037522494
0.41191200390332305,-0.0025423144320092946,4.4505895925855405,12.90110495945055,-334.100616752724,-296.4903725181176,1.001701197916741,0.9997983506922666,1.0258518511534078,1.0296610591278248,1.006902720596173,1.000684463966484,0.9657191877947513,1.0001068721272173,1.0059373592053258,7.53e-5,-0.0024670144320092947,0.30699740934381203,0.5872495604379192,0.022018657971988726,0.14893686635796716,0.6968480037522494
0.41191200390332305,-0.0025447073098034015,4.71238898038469,12.85466769149491,-334.0713170816177,-296.4671538841398,1.0006465163727702,0.9998434757607711,1.0271436034374783,1.0301036551569152,1.0069310597190753,1.0007692023920811,0.9660503529441066,1.000079202544086,1.0061637876220757,7.53e-5,-0.0024694073098034015,0.30699740934381203,0.5872495604379192,0.02202414538055577,0.14895556242029961,0.6968480037522494
0.41191200390332305,-0.002547026757969253,4.974188368183839,13.402573662760233,-334.30116294918884,-296.74110686977247,0.9995360984808146,0.9998849685726121,1.0308972038425348,1.0314302402409476,1.0073041423661453,1.0007468595532172,0.9663794211955204,1.000054316854621,1.006165489315142,7.53e-5,-0.002471726757969253,0.30699740934381203,0.5872495604379192,0.022038961190973184,0.14900602976351557,0.6968480037522494
0.41191200390332305,-0.0025491745407511023,5.235987755982989,14.624137707291538,-334.8263990788246,-297.3518888920381,0.9984001357778569,0.999926359028819,1.0370512185427627,1.033525356289745,1.0079744757573157,1.0006194695114152,0.9666910362922821,1.000051343719082,1.00594482789522,7.53e-5,-0.0024738745407511024,0.30699740934381203,0.5872495604379192,0.022062344105942384,0.14908564565549437,0.6968480037522494
0.41191200390332305,-0.0025511489311536104,5.497787143782138,16.689657824155233,-335.7304104186385,-298.38464895046997,0.9974365451146474,0.999969016843829,1.045758298765596,1.0361322120175442,1.0088946138578048,1.0003850486658372,0.9670536461076605,1.0000797271156991,1.0055046626196595,7.53e-5,-0.0024758489311536105,0.30699740934381203,0.5872495604379192,0.022094044037667925,0.1491935141258886,0.6968480037522494
0.41191200390332305,-0.002552931126744803,5.759586531581287,19.799282409388866,-337.11050861993436,-299.9394612430868,0.9967818634302646,1.0000092387187267,1.057099352895189,1.0389291162873304,1.0099586072683147,1.0000534204443472,0.967394762064801,1.000147610907342,1.0048553741071007,7.53e-5,-0.002477631126744803,0.30699740934381203,0.5872495604379192,0.022132912859793817,0.14932567371032696,0.6968480037522494
0.41191200390332305,-0.0025545737486523863,6.021385919380437,24.094004440015624,-339.0391925724883,-302.08682225840016,0.9966932751488264,1.0000472410312393,1.0710980114380328,1.041561978299566,1.0110584940888414,0.9996409484554752,0.9677243635390855,1.0002512958376608,1.0040334572563876,7.53e-5,-0.0024792737486523863,0.30699740934381203,0.5872495604379192,0.022177707802893833,0.14947784236067202,0.6968480037522494
0.41191200390332305,-0.002556060951753904,6.283185307179586,29.55671818109272,-341.51233030045,-304.8181791289387,0.9974033877090271,1.0000777467188076,1.087417948719068,1.0436995329379752,1.0120822160821814,0.9991727662142555,0.9679930420085209,1.0003781752298555,1.0030893137998045,7.53e-5,-0.0024807609517539042,0.30699740934381203,0.5872495604379192,0.02222634184317603,0.1496428824917664,0.6968480037522494
0.4238758389929187,-0.0025391885106249897,0.0,23.92842929760161,-338.9837027709108,-302.00403468719315,0.9983183636288678,1.0000469913328587,1.081821246396704,1.0424468953268842,1.0118649685455985,0.9990549770180108,0.9765721682351468,1.0004413278895463,1.0036999012596157,7.53e-5,-0.00246388851062499,0.30699740934381203,0.5872495604379192,0.02222346481038699,0.14963312416425667,0.7089768045022159
0.4238758389929187,-0.0025403707765636967,0.2617993877991494,30.102188970791417,-341.7893248556507,-305.09091452378806,0.9999732833884982,1.0000611989721753,1.0992010079095627,1.0439545686762766,1.012747717580023,0.998560018951261,0.9767163047663444,1.0005767749434238,1.002691596504924,7.53e-5,-0.002465070776563697,0.30699740934381203,0.5872495604379192,0.022273416316369296,0.14980246223650498,0.7089768045022159
0.4238758389929187,-0.0025411328560419793,0.5235987755982988,36.61526423480177,-344.7481442619415,-308.34745215579323,1.002615135446226,1.0000525402901679,1.1165628977495257,1.0446404334120496,1.013387945891357,0.9980873947111657,0.9766503648619091,1.0006979720709692,1.0017088908245406,7.53e-5,-0.0024658328560419793,0.30699740934381203,0.5872495604379192,0.022319767272319654,0.1499594283667954,0.7089768045022159
0.4238758389929187,-0.0025412254380625192,0.7853981633974483,42.69164128412683,-347.49452408632686,-311.38564068045577,1.0060507643557015,1.0000131686236593,1.132012162631461,1.0445855812615599,1.0137768667526297,0.9976713146940314,0.9763118593001369,1.00078910956657,1.0008200761516228,7.53e-5,-0.0024659254380625193,0.30699740934381203,0.5872495604379192,0.02235794756561116,0.15008860520440473,0.7089768045022159
0.4238758389929187,-0.0025403955692482466,1.0471975511965976,47.45287798632103,-349.6245647923711,-313.76625903155286,1.0098290609037388,0.9999427599256219,1.1434859902078067,1.0440326558093593,1.0139466993620652,0.9973446488984113,0.9756803350848184,1.0008395773186016,1.0000857624868238,7.53e-5,-0.0024650955692482467,0.30699740934381203,0.5872495604379192,0.022383392613442934,0.1501746345631025,0.7089768045022159
0.4238758389929187,-0.002538488688444782,1.3089969389957472,50.132902626998884,-350.80175462211156,-315.1062713518918,1.0133161927941698,0.9998457615630387,1.1492030646565101,1.0432919567399008,1.0139617302716746,0.9971266787961571,0.9748418040514996,1.0008465833637965,0.9995579389033555,7.53e-5,-0.002463188688444782,0.30699740934381203,0.5872495604379192,0.02239297484309126,0.15020701956520052,0.7089768045022159
0.4238758389929187,-0.002535603315262657,1.5707963267948966,50.293849010730014,-350.84927020670733,-315.18674454375736,1.0159077973680504,0.999737985234705,1.1482423293815638,1.0425888682453306,1.0138697866073039,0.9970297127302779,0.9739218050190209,1.0008127095534696,0.9992684597155508,7.53e-5,-0.002460303315262657,0.30699740934381203,0.5872495604379192,0.022385434387559456,0.15018153570218362,0.7089768045022159
0.4238758389929187,-0.0025320579453546295,1.8325957145940461,47.94691134521884,-349.7905831423724,-314.01327571100177,1.017220344760318,0.999642130161926,1.1407339151908582,1.0419729153230746,1.0136777691052363,0.9970600612138667,0.9730705282120787,1.000745968335886,0.9992363548540062,7.53e-5,-0.0024567579453546296,0.30699740934381203,0.5872495604379192,0.022361619855078917,0.15010102411736975,0.7089768045022159
0.4238758389929187,-0.002528290343099699,2.0943951023931953,43.52754133203496,-347.8245335443938,-311.8035907044098,1.0171566156462724,0.9995676498581826,1.1277999480452265,1.041350151432769,1.0133662007708661,0.9972123606398107,0.9724451485995579,1.000656524579238,0.9994776867518552,7.53e-5,-0.002452990343099699,0.30699740934381203,0.5872495604379192,0.022324755793037214,0.1499763123466734,0.7089768045022159
0.4238758389929187,-0.0025247891455851624,2.356194490192345,37.75096491655165,-345.2617120704306,-308.9153024966682,1.0159331908152371,0.9995241683073068,1.1111940581421997,1.0405237143224244,1.01288790680837,0.9974811733887858,0.9721113927036289,1.000555674617356,0.9999848638343436,7.53e-5,-0.0024494891455851624,0.30699740934381203,0.5872495604379192,0.02227872124452818,0.1498204353002356,0.7089768045022159
0.4238758389929187,-0.002521925324056406,2.6179938779914944,31.420934892643004,-342.4473819121956,-305.75028748471385,1.0139368620375202,0.9995122110843723,1.092880016039123,1.0393250973088495,1.0122144034619887,0.9978496911610681,0.9720560519185257,1.0004552265481716,1.0007239035116229,7.53e-5,-0.002446625324056406,0.30699740934381203,0.5872495604379192,0.022227886691463125,0.14964812205763078,0.7089768045022159
0.4238758389929187,-0.002519948531203068,2.8797932657906435,25.261388287537216,-339.696355611286,-302.67051418216096,1.01160376505499,0.9995266920185977,1.0746961966075235,1.0376866224067556,1.0113527411463918,0.9982919632714634,0.9722257936367986,1.000365710880614,1.0016389877433292,7.53e-5,-0.002444648531203068,0.30699740934381203,0.5872495604379192,0.022176463029318513,0.14947361588839242,0.7089768045022159
0.4238758389929187,-0.002518954659548785,3.141592653589793,19.809250269191807,-337.2483054249189,-299.94444517298825,1.0093054949737474,0.9995592396781822,1.0581264558752979,1.0356690135584872,1.0103540173498815,0.9987722447768117,0.9725381242837523,1.0002948634614939,1.0026533385599687,7.53e-5,-0.002443654659548785,0.30699740934381203,0.5872495604379192,0.022128159080928796,0.14930951626957434,0.7089768045022159
0.4238758389929187,-0.0025189229848550164,3.4033920413889422,15.374715516446713,-335.2477374049744,-297.7271777966157,1.007290859336869,0.9996014818138372,1.0441882664712374,1.033449615397769,1.0093014468696004,0.9992533009668034,0.9729142598754681,1.0002444965046244,1.0036825692143636,7.53e-5,-0.0024436229848550164,0.30699740934381203,0.5872495604379192,0.022085942730144123,0.14916595421009018,0.7089768045022159
0.4238758389929187,-0.0025197512866950225,3.6651914291880923,12.0562329839712,-333.7457725385875,-296.06793653037795,1.0056599045112495,0.999647231550673,1.033438564607677,1.0312848494895597,1.0082971541736108,0.9996995987025493,0.9733012511831953,1.0002114128098105,1.004647180253979,7.53e-5,-0.0024444512866950226,0.30699740934381203,0.5872495604379192,0.022052001959178665,0.14905043703203602,0.7089768045022159
0.4238758389929187,-0.002521273379973797,3.9269908169872414,9.791215028099941,-332.7188866529016,-294.9354275524423,1.004377974557215,0.999692825204318,1.0260468316750206,1.029459626425057,1.0074454140141929,1.0000808648841966,0.9736726572852606,1.000188348816484,1.0054811037919706,7.53e-5,-0.002445973379973797,0.30699740934381203,0.5872495604379192,0.022027719992326746,0.14896774019857828,0.7089768045022159
0.4238758389929187,-0.0025232786749887206,4.1887902047863905,8.425083652186686,-332.09829657658554,-294.2523618644857,1.003314061009679,0.9997359437501051,1.0218692573131072,1.028245839023022,1.0068346933255006,1.000377095930193,0.9740212887166672,1.0001675475834364,1.006142702878504,7.53e-5,-0.0024479786749887207,0.30699740934381203,0.5872495604379192,0.022013744080131972,0.14892012238253105,0.7089768045022159
0.4238758389929187,-0.0025255911774752487,4.4505895925855405,7.7848184765538235,-331.80387464953077,-293.93222927666926,1.0023590277028571,0.9997794896194543,1.0206755936279872,1.0278279695844266,1.0065365176471797,1.0005705523224362,0.9743526316866935,1.0001424758953936,1.0065873945910537,7.53e-5,-0.0024502911774752487,0.30699740934381203,0.5872495604379192,0.022010040401944264,0.1489075009755011,0.7089768045022159
0.4238758389929187,-0.0025279759838570367,4.71238898038469,7.7451292843237525,-331.7755401540306,-293.9123846805542,1.0013669570456922,0.9998207678181809,1.0220862412022023,1.028328458007628,1.0065786279415025,1.0006596846789355,0.974673512260271,1.00011603068493,1.0068173552119568,7.53e-5,-0.0024526759838570367,0.30699740934381203,0.5872495604379192,0.02201625102530484,0.1489286649697642,0.7089768045022159
0.4238758389929187,-0.0025302905392669004,4.974188368183839,8.27531010221685,-331.9969718569518,-294.1774750895008,1.0003195914767273,0.9998619516108959,1.0259198849945215,1.0297274746978546,1.0069634376474634,1.0006402469545734,0.9749915142906728,1.000096519836903,1.006818061821363,7.53e-5,-0.0024549905392669004,0.30699740934381203,0.5872495604379192,0.022031811322248233,0.148981677116739,0.7089768045022159
0.4238758389929187,-0.002532412014058193,5.235987755982989,9.455272696083398,-332.5045511480741,-294.76745638643405,0.9992397611612212,0.9999019153351195,1.0320813797982429,1.031888268075729,1.0076472204409783,1.0005138928889417,0.9752754877310156,1.0000985171146752,1.0065848257194339,7.53e-5,-0.002457112014058193,0.30699740934381203,0.5872495604379192,0.022055892359664854,0.14906368239005507,0.7089768045022159
0.4238758389929187,-0.00253439666901159,5.497787143782138,11.453213062328928,-333.3788466536814,-295.7664265695568,0.9983125502307028,0.9999419140258893,1.0407829250299088,1.0345868339809898,1.0085941622225387,1.0002774068257305,0.9756448583585358,1.0001312514571399,1.0061425465915843,7.53e-5,-0.00245909666901159,0.30699740934381203,0.5872495604379192,0.022088669153845747,0.14917522980850875,0.7089768045022159
0.4238758389929187,-0.002536159227862937,5.759586531581287,14.465706287100033,-334.71589004163616,-297.27267318194237,0.9976870526754469,0.9999810215251034,1.0520217280039361,1.0374756918240182,1.0096828619309157,0.9999434162857661,0.9759807155530763,1.0002036063262787,1.0054850566722795,7.53e-5,-0.002460859227862937,0.30699740934381203,0.5872495604379192,0.02212846592433765,0.14931055923934036,0.7089768045022159
0.4238758389929187,-0.002537757504043649,6.021385919380437,18.630301759624558,-336.5857016083688,-299.35497091820463,0.9976119978726371,1.0000173639874745,1.0658161377861466,1.0402053153627975,1.0108117183686758,0.9995266974729305,0.9763038030918139,1.0003110956581487,1.0046527025770544,7.53e-5,-0.002462457504043649,0.30699740934381203,0.5872495604379192,0.02217412761693961,0.1494656859762909,0.7089768045022159
0.4238758389929187,-0.00253918851062499,6.283185307179586,23.92842929760411,-338.9837027709121,-302.0040346871944,0.9983183636288664,1.000046991332859,1.0818212463967025,1.0424468953268846,1.0118649685455983,0.9990549770180112,0.9765721682351484,1.0004413278895463,1.0036999012596168,7.53e-5,-0.0024638885106249902,0.30699740934381203,0.5872495604379192,0.02222346481038698,0.14963312416425664,0.7089768045022159
0.4358844657197842,-0.0025231456120128506,0.0,20.09666647366282,-337.2659368319989,-300.08815327522376,0.999213199368105,1.000015334508043,1.076269812322882,1.0411428182713156,1.0116330125712378,0.9989384942257056,0.9831358513702542,1.00050100698351,1.0041359437703814,7.53e-5,-0.0024478456120128507,0.30699740934381203,0.5872495604379192,0.022218328505197938,0.1496157012956976,0.7211056052521824
0.4358844657197842,-0.002524264139942472,0.2617993877991494,26.071659440998246,-339.9807719712793,-303.0756497588915,1.0008370085229508,1.000030106819921,1.0932475924617824,1.042754744986163,1.012546113334326,0.9984396752156934,0.9832741837633137,1.0006398079008316,1.003119432862648,7.53e-5,-0.002448964139942472,0.30699740934381203,0.5872495604379192,0.02226869607542941,0.1497864683308652,0.7211056052521824
0.4358844657197842,-0.0025249575427349186,0.5235987755982988,32.365882227857696,-342.8401301045385,-306.2227611523212,1.0034062893041042,1.0000218911617582,1.1101183500913279,1.0435491817301785,1.0132208615099199,0.9979615615450008,0.9832060481151842,1.0007640521309766,1.0021281459724234,7.53e-5,-0.0024496575427349187,0.30699740934381203,0.5872495604379192,0.022315295981703995,0.1499442934196098,0.7211056052521824
0.4358844657197842,-0.0025249931232866497,0.7853981633974483,38.2231030758345,-345.4889742443097,-309.1513715763096,1.0067286969949982,0.9999840127312809,1.125048138520188,1.0435976492563792,1.0136416449612784,0.9975407521316554,0.9828710410395731,1.0008577457844179,1.0012329938392412,7.53e-5,-0.0024496931232866497,0.30699740934381203,0.5872495604379192,0.02235343806164585,0.15007335364419888,0.7211056052521824
0.4358844657197842,-0.0025241335643873784,1.0471975511965976,42.79275100769394,-347.5373498461051,-311.4361955422393,1.0103574779563185,0.9999153686424583,1.1360331587858912,1.0431249825279651,1.0138384621748993,0.9972084297196422,0.9822632352677735,1.0009103704866493,1.0004959321315765,7.53e-5,-0.0024488335643873785,0.30699740934381203,0.5872495604379192,0.02237863398676313,0.15015854934501005,0.7211056052521824
0.4358844657197842,-0.00252225498884301,1.3089969389957472,45.33899403471412,-348.6617091225898,-312.7093170557494,1.0136902153390057,0.9998230663324885,1.1413949911916923,1.0424146388826256,1.0138660469200733,0.9969860202778084,0.9814515232222575,1.0009191217624303,0.9999647892576703,7.53e-5,-0.00244695498884301,0.30699740934381203,0.5872495604379192,0.02238764451411191,0.15018900552117234,0.7211056052521824
0.4358844657197842,-0.002519435027320857,1.5707963267948966,45.44765000341329,-348.6943233549278,-312.763645040099,1.0161484212270364,0.9997216827663982,1.140242329840373,1.0416779630388826,1.0137683712395436,0.996886168169539,0.9805617005293772,1.0008859851767236,0.9996727951966222,7.53e-5,-0.002444135027320857,0.30699740934381203,0.5872495604379192,0.022379267864797887,0.15016069209041918,0.7211056052521824
0.4358844657197842,-0.0025159736273857682,1.8325957145940461,43.139391453492635,-347.65999302393277,-311.60951576513867,1.0173612630187316,0.9996286971135937,1.1327354957929983,1.0409742948599607,1.0135564773782106,0.9969136603305936,0.9797552398509404,1.0008184562599236,0.9996444776251634,7.53e-5,-0.0024406736273857683,0.30699740934381203,0.5872495604379192,0.022354652273896443,0.15007746037039765,0.7211056052521824
0.4358844657197842,-0.0025123001820990484,2.0943951023931953,38.8426482914241,-345.7529917010211,-309.4611441841044,1.017253574549841,0.9995582316828966,1.1199829018712477,1.0402112023695238,1.0132081890004068,0.9970659279489348,0.9791629643800862,1.0007271648105522,0.9998906795661837,7.53e-5,-0.0024370001820990484,0.30699740934381203,0.5872495604379192,0.022316832872736107,0.14994949583514564,0.7211056052521824
0.4358844657197842,-0.0025088670748449906,2.356194490192345,33.25245669365745,-343.2744361357687,-306.6660483852211,1.0160335993138894,0.9995177568956762,1.1036897601998954,1.0392166473094293,1.0126853424850044,0.9973352326526346,0.9788451574500265,1.0006235098219523,1.0004021263302694,7.53e-5,-0.0024335670748449906,0.30699740934381203,0.5872495604379192,0.02226986806758938,0.14979043962425398,0.7211056052521824
0.4358844657197842,-0.0025060481502222373,2.6179938779914944,27.14548030530068,-340.5582904205398,-303.6125601910427,1.0140822692355131,0.9995076269016808,1.0857652026442894,1.037843447090269,1.0119633202939575,0.9977063523098119,0.9787895009001625,1.0005189118589457,1.0011451842627266,7.53e-5,-0.0024307481502222374,0.30699740934381203,0.5872495604379192,0.022218153700316177,0.14961510830516703,0.7211056052521824
0.4358844657197842,-0.0025040842166507717,2.8797932657906435,21.21798720041693,-337.90783390942846,-300.6488136386008,1.0118149822459197,0.9995222102759379,1.067992868178165,1.0360428833602784,1.0110569852424152,0.9981507132597639,0.9789413054390075,1.0004244956662873,1.0020628942838605,7.53e-5,-0.0024287842166507718,0.30699740934381203,0.5872495604379192,0.022165978311979573,0.1494380117464203,0.7211056052521824
0.4358844657197842,-0.002503091355455584,3.141592653589793,15.98338350637539,-335.55283253650117,-298.03151179158004,1.0095935785726933,0.9995532914198223,1.051821117272619,1.033895596646336,1.0100252548730961,0.9986312754989622,0.9792474063682872,1.0003484126626805,1.0030849715678276,7.53e-5,-0.002427791355455584,0.30699740934381203,0.5872495604379192,0.022117203233333802,0.14927227238918392,0.7211056052521824
0.4358844657197842,-0.00250304904542279,3.4033920413889422,11.735191598483539,-333.63061745865764,-295.9074158376341,1.0076642570154384,0.9995935750518172,1.038251794714895,1.0315890703195896,1.0089489164859538,0.9991151241929799,0.979619014161692,1.0002922546207178,1.0041248028696517,7.53e-5,-0.00242774904542279,0.30699740934381203,0.5872495604379192,0.022074763653427115,0.14912791588807764,0.7211056052521824
0.4358844657197842,-0.002503859641530802,3.6651914291880923,8.562839795812806,-332.1888248635652,-294.32123993629875,1.0061172543344556,0.9996371439167796,1.0278082956086168,1.0293761192146662,1.007928385171569,0.999566628718788,0.9799905947885162,1.0002536148413672,1.0050985732581048,7.53e-5,-0.0024285596415308023,0.30699740934381203,0.5872495604379192,0.022040770542019854,0.14901219185002595,0.7211056052521824
0.4358844657197842,-0.002505363241123077,3.9269908169872414,6.401661459662023,-331.2034423461302,-293.24065076822336,1.0049131196027616,0.9996802423601208,1.0206598035753829,1.0275388141955408,1.007069348470796,0.9999536571761272,0.9803419014991367,1.0002261528025445,1.0059404094558753,7.53e-5,-0.002430063241123077,0.30699740934381203,0.5872495604379192,0.022016627244347508,0.1489299469208705,0.7211056052521824
0.4358844657197842,-0.0025073630876493265,4.1887902047863905,5.100106571717674,-330.6076472046825,-292.5898733242512,1.0039318221484577,0.9997214703548486,1.0166863150618888,1.026335851448658,1.0064610736899615,1.000253980950971,0.9806689254125713,1.0002021844272964,1.0066026992057622,7.53e-5,-0.0024320630876493265,0.30699740934381203,0.5872495604379192,0.02200294755117968,0.1488833270369486,0.7211056052521824
0.4358844657197842,-0.0025096534476158885,4.4505895925855405,4.490785172967662,-330.324242547776,-292.2852126248762,1.003030953694355,0.9997612613817266,1.0156057297952634,1.025963636472543,1.006166442108268,1.000454615160338,0.9809798703980087,1.000177274753757,1.0070571190495896,7.53e-5,-0.0024343534476158886,0.30699740934381203,0.5872495604379192,0.02199972206119147,0.14887233262370037,0.7211056052521824
0.4358844657197842,-0.002512038843237926,4.71238898038469,4.454035208398182,-330.29599206025546,-292.26683764259144,1.0021008841641497,0.9998001728006082,1.0171197184673064,1.0265208474059044,1.0062187419996773,1.0005481976497597,0.9812850972356582,1.0001528415597494,1.0072884094904049,7.53e-5,-0.002436738843237926,0.30699740934381203,0.5872495604379192,0.02200655004830232,0.1488956055864864,0.7211056052521824
0.4358844657197842,-0.0025143626662799995,4.974188368183839,4.96274324639478,-330.5080475005757,-292.52119166158974,1.0011151315092528,0.9998431449367782,1.0209983647936012,1.0279876487911461,1.0066085782334064,1.0005336572252337,0.9815625614999745,1.0001396187229403,1.0072802113696144,7.53e-5,-0.0024390626662799996,0.30699740934381203,0.5872495604379192,0.02202266964095877,0.14895053467524766,0.7211056052521824
0.4358844657197842,-0.002516528838702665,5.235987755982989,6.0974048926009345,-330.9968120978954,-293.0885224846928,1.000098645265745,0.9998802323045701,1.027239325114067,1.0302378669392442,1.007322545450721,1.000407132827322,0.9819023069699642,1.0001439931735547,1.0070594745718784,7.53e-5,-0.002441228838702665,0.30699740934381203,0.5872495604379192,0.022047967503294,0.14903670001299213,0.7211056052521824
0.4358844657197842,-0.0025184736930996543,5.497787143782138,8.02410345038993,-331.84094333420114,-294.0518717635873,0.999186296599177,0.9999162947676625,1.0358742271878536,1.0330083531099237,1.0082814455317053,1.0001716537549923,0.9822369686241896,1.0001809559593342,1.00660644170686,7.53e-5,-0.0024431736930996544,0.30699740934381203,0.5872495604379192,0.022081348336755544,0.14915032230373107,0.7211056052521824
0.4358844657197842,-0.0025202135747642096,5.759586531581287,10.935769713777631,-333.13423327314376,-295.50770489528117,0.9985859795159093,0.9999520705347441,1.0469985142146947,1.0359753191612684,1.0093962933331744,0.9998326825257048,0.9825625858790336,1.0002567618636486,1.0059373785413805,7.53e-5,-0.0024449135747642097,0.30699740934381203,0.5872495604379192,0.022121939665266432,0.14928837476928267,0.7211056052521824
0.4358844657197842,-0.0025217750265595974,6.021385919380437,14.966543281347299,-334.944344446458,-297.523091679066,0.9985205554552072,0.9999871796061485,1.0605830134578256,1.038798357291328,1.010550508101859,0.999413452815777,0.982878901969963,1.0003677705453045,1.0050970382727418,7.53e-5,-0.0024464750265595974,0.30699740934381203,0.5872495604379192,0.022168346321234246,0.14944605378292852,0.7211056052521824
0.4358844657197842,-0.002523145612012853,6.283185307179586,20.09666647366464,-337.26593683199997,-300.08815327522467,0.9992131993681055,1.000015334508043,1.0762698123228716,1.041142818271314,1.0116330125712372,0.9989384942257057,0.9831358513702544,1.00050100698351,1.0041359437703818,7.53e-5,-0.002447845612012853,0.30699740934381203,0.5872495604379192,0.022218328505197907,0.14961570129569748,0.7211056052521824
0.44793081817941127,-0.0025084754036117404,0.0,17.729660365765426,-336.22971348519184,-298.90465022127506,1.000090745221023,0.9999861023373338,1.0707188048643912,1.0397695396730808,1.0113811326440991,0.998823064265058,0.9879242295263854,1.0005546647368861,1.0044086170986113,7.53e-5,-0.0024331754036117405,0.30699740934381203,0.5872495604379192,0.02221030414463952,0.14958847791053695,0.7332344060021488
0.44793081817941127,-0.0025095180617750747,0.2617993877991494,23.504040022663162,-338.85346103053695,-301.79184004972393,1.0016717659903878,1.0000003536361106,1.0872800818577386,1.041489480719407,1.0123218218832546,0.9983237320398395,0.9880460869817586,1.0006954814960975,1.003385404499056,7.53e-5,-0.002434218061775075,0.30699740934381203,0.5872495604379192,0.022260988674800346,0.14976034927275322,0.7332344060021488
0.44793081817941127,-0.0025101370893399273,0.5235987755982988,29.579911829239904,-341.6138543579041,-304.8297759530123,1.0041654125672763,0.9999922510502238,1.1036792499608206,1.042388550325865,1.0130291359333037,0.9978412661590306,0.9879806582312733,1.0008222410022536,1.0023873906580223,7.53e-5,-0.0024348370893399274,0.30699740934381203,0.5872495604379192,0.022307756785263776,0.14991877051034896,0.7332344060021488
0.44793081817941127,-0.002510112843332421,0.7853981633974483,35.22176157623301,-344.166737965207,-307.65070082650885,1.007372126289723,0.9999554295983709,1.118113242312105,1.042531798139696,1.0134813195668686,0.9974149074458412,0.9876627095109806,1.0009185270686387,1.0014874862848908,7.53e-5,-0.002434812843332421,0.30699740934381203,0.5872495604379192,0.022345846852644402,0.15004767607650318,0.7332344060021488
0.44793081817941127,-0.002509220444904313,1.0471975511965976,39.607100681763654,-346.13573570512915,-309.8433703792742,1.0108561560786227,0.9998891350977298,1.1286482749099633,1.0421295410432696,1.0137028585927386,0.9970769720389399,0.9870809169696517,1.0009735016148424,1.0007472949310487,7.53e-5,-0.002433920444904313,0.30699740934381203,0.5872495604379192,0.02237076081477398,0.15013193260008012,0.7332344060021488
0.44793081817941127,-0.0025073440302926576,1.3089969389957472,42.02949476309459,-347.2102506776348,-311.05456741993964,1.0140368995048943,0.9998004790123436,1.1336781225966384,1.041445362031733,1.013742622275521,0.9968496076179719,0.9862993891337167,1.0009839685342552,1.0002138482520189,7.53e-5,-0.0024320440302926577,0.30699740934381203,0.5872495604379192,0.022379273505521696,0.15016071115804736,0.7332344060021488
0.44793081817941127,-0.002504561460927566,1.5707963267948966,42.09675587837194,-347.2306873273079,-311.0881979775783,1.0163595354440198,0.9997033688036021,1.1323745424791887,1.040678019964593,1.013641406803582,0.9967452417443526,0.985446594981573,1.0009517959658603,0.9999216774993754,7.53e-5,-0.002429261460927566,0.30699740934381203,0.5872495604379192,0.022370242843725262,0.1501301813406833,0.7332344060021488
0.44793081817941127,-0.0025011578302806658,1.8325957145940461,39.83713181950054,-346.22313758377163,-309.9583859481426,1.017467951030547,0.9996146977243408,1.1249172082336711,1.0398891875758947,1.0134128069209973,0.9967667696749186,0.9846876422869649,1.0008851645564512,0.9998979705461172,7.53e-5,-0.002425857830280666,0.30699740934381203,0.5872495604379192,0.02234494359837132,0.15004462049914088,0.7332344060021488
0.44793081817941127,-0.0024975483176041514,2.0943951023931953,35.67055597396063,-344.37671414478183,-307.87509802537267,1.0173103228353124,0.9995480100557242,1.1123819570143851,1.0389945655124209,1.0130351284173573,0.9969141006526717,0.9841308300443266,1.000793660857572,1.0001488281116602,7.53e-5,-0.0024222483176041514,0.30699740934381203,0.5872495604379192,0.02230641576791171,0.14991423023967548,0.7332344060021488
0.44793081817941127,-0.0024941693956009514,2.356194490192345,30.271131600183026,-341.98345146408553,-305.17538583848386,1.0160954832542153,0.9995099570670416,1.0964150917765079,1.0378361853791955,1.0124724574356032,0.9971809380684303,0.9838263493906322,1.000687961807393,1.0006628825044817,7.53e-5,-0.0024188693956009514,0.30699740934381203,0.5872495604379192,0.022258670889780695,0.14975249383290645,0.7332344060021488
0.44793081817941127,-0.0024913898734425805,2.6179938779914944,24.388416440951687,-339.36548180130023,-302.2340282588682,1.0141892955510927,0.9995007176630695,1.0788927002756579,1.036297920891473,1.0117105531998318,0.9975501084806754,0.9837828508922881,1.0005801692860012,1.001411811139042,7.53e-5,-0.0024160898734425806,0.30699740934381203,0.5872495604379192,0.022206298354581898,0.149574886098932,0.7332344060021488
0.44793081817941127,-0.0024894495489684687,2.8797932657906435,18.691526306034234,-336.814677034637,-299.38558319140947,1.01199920729495,0.9995151581411593,1.0615451377082785,1.0343503295242291,1.0107675425501388,0.9979949381500725,0.9839404745525288,1.0004810211958797,1.0023369417417665,7.53e-5,-0.0024141495489684688,0.30699740934381203,0.5872495604379192,0.022153611196289707,0.14939600475092396,0.7332344060021488
0.44793081817941127,-0.002488458413026264,3.141592653589793,13.671141256578721,-334.5513339785586,-296.8753906666817,1.009874036133768,0.9995454738727196,1.0457543690806406,1.0320864274109418,1.0096971445689216,0.9984846050258329,0.9842199503612986,1.0003981230769272,1.0033635117918935,7.53e-5,-0.002413158413026264,0.30699740934381203,0.5872495604379192,0.02210435288294061,0.1492285767460077,0.7332344060021488
0.44793081817941127,-0.0024884114175760348,3.4033920413889422,9.604925597933516,-332.70607257831705,-294.8422828373591,1.0080358985818803,0.999584598594105,1.0325000662833888,1.02969553042824,1.0085920805906043,0.9989761573671602,0.9845554972394439,1.0003357686375411,1.004406566325553,7.53e-5,-0.002413111417576035,0.30699740934381203,0.5872495604379192,0.02206161339165458,0.14908315828941793,0.7332344060021488
0.44793081817941127,-0.0024892213709915446,3.6651914291880923,6.573950186846332,-331.32304661257297,-293.3267951318155,1.0065697001891014,0.9996259260305036,1.022325497700254,1.027436083116237,1.007553536914965,0.9994337813214659,0.9849013637027276,1.0002917161428626,1.0053863062600001,7.53e-5,-0.0024139213709915446,0.30699740934381203,0.5872495604379192,0.022027500318055785,0.14896699185297696,0.7332344060021488
0.44793081817941127,-0.0024907284953533154,3.9269908169872414,4.511891606406493,-330.3777722126164,-292.2957658415956,1.0054380188753171,0.9996667446948199,1.0153692404989527,1.0255885774066331,1.0066845562504054,0.9998277309942368,0.9852226495874686,1.0002603087925093,1.0062340124675302,7.53e-5,-0.0024154284953533155,0.30699740934381203,0.5872495604379192,0.022003423999377856,0.14888495099269522,0.7332344060021488
0.44793081817941127,-0.0024927251369497106,4.1887902047863905,3.2704071618006765,-329.80530021069035,-291.6750236192927,1.0045276993242622,0.9997052002553695,1.011598540530831,1.0244096883734786,1.0060816118894758,1.0001316238782207,0.9855508905903932,1.0002336647406114,1.006907104564987,7.53e-5,-0.0024174251369497106,0.30699740934381203,0.5872495604379192,0.021990154209437604,0.14883971498477272,0.7332344060021488
0.44793081817941127,-0.002495021118467526,4.4505895925855405,2.6877595684510425,-329.53170300056235,-291.38369982261787,1.0036883382140855,0.9997425707336434,1.0106398569756265,1.0240789062367759,1.0057921098087101,1.0003376929423486,0.9858446828023364,1.0002085388076773,1.0073660997957257,7.53e-5,-0.0024197211184675263,0.30699740934381203,0.5872495604379192,0.02198735901942838,0.14883018462973188,0.7332344060021488
0.44793081817941127,-0.0024974156954182553,4.71238898038469,2.6498700567536844,-329.5024102832911,-291.3647550667692,1.0028152013279812,0.9997789731915101,1.0122421068333087,1.0246899910505904,1.0058541766589606,1.0004352266959098,0.9861344666609283,1.0001857177521825,1.0075985041089894,7.53e-5,-0.0024221156954182554,0.30699740934381203,0.5872495604379192,0.02199473941109058,0.14885534720143168,0.7332344060021488
0.44793081817941127,-0.002499750843708255,4.974188368183839,3.133163349780034,-329.7041281538656,-291.60640171328237,1.0018699197100602,0.9998150001413642,1.0161939975420629,1.026220991207151,1.0062658062765721,1.000421054713298,0.9864295948935778,1.000173005393491,1.0075978912142847,7.53e-5,-0.002424450843708255,0.30699740934381203,0.5872495604379192,0.022011687294450615,0.14891311338949584,0.7332344060021488
0.44793081817941127,-0.002501920377083523,5.235987755982989,4.2186892834783976,-330.17306225238707,-292.14916468013155,1.0008998261628972,0.9998512074556465,1.0224294834605605,1.0285319003700986,1.0069916798480945,1.000294736377517,0.9867362103818489,1.000182289289608,1.007363596669806,7.53e-5,-0.0024266203770835233,0.30699740934381203,0.5872495604379192,0.02203754462576867,0.14900120521076665,0.7332344060021488
0.44793081817941127,-0.0025038769039361615,5.497787143782138,6.070344705822436,-330.98620794719653,-293.07499239130357,1.0000335622547811,0.9998877723831806,1.0310036307297663,1.0313757581314187,1.0079656938104624,1.000059087388547,0.9870555635297257,1.000224402392299,1.0069017835368188,7.53e-5,-0.0024285769039361616,0.30699740934381203,0.5872495604379192,0.022071590397778035,0.14911711674079778,0.7332344060021488
0.44793081817941127,-0.002505619879436558,5.759586531581287,8.877402101399753,-332.23498328609907,-294.4785210890922,0.999461131364356,0.9999243448197378,1.0419855238200355,1.034427674262399,1.0090949570792966,0.9997226518458809,0.987373335380668,1.000304377093754,1.006228620920486,7.53e-5,-0.002430319879436558,0.30699740934381203,0.5872495604379192,0.022112830481112816,0.14925740490969397,0.7332344060021488
0.44793081817941127,-0.002507152508138572,6.021385919380437,12.770689798074386,-333.9847656040058,-296.42516493742954,0.9994061370791476,0.9999583484450215,1.055352674494795,1.0373348328531218,1.010272657626339,0.9993010247305861,0.9876813707668568,1.0004184546653851,1.0053798099575941,7.53e-5,-0.002431852508138572,0.30699740934381203,0.5872495604379192,0.022159853145670916,0.1494172080172697,0.7332344060021488
0.44793081817941127,-0.0025084754036117395,6.283185307179586,17.729660365761106,-336.22971348518934,-298.9046502212729,1.0000907452210235,0.9999861023373338,1.0707188048644096,1.0397695396730855,1.0113811326441002,0.998823064265058,0.9879242295263851,1.0005546647368861,1.0044086170986113,7.53e-5,-0.0024331754036117396,0.30699740934381203,0.5872495604379192,0.022210304144639596,0.1495884779105372,0.7332344060021488
0.46000780826938065,-0.002495603931947053,0.0,16.45966660640113,-335.7137908194089,-298.2696533415929,1.0009079509736836,0.9999554246353357,1.0651980033920352,1.038328742559044,1.0111156504270935,0.9987046058341339,0.9912249746348265,1.0005994547700252,1.0045390564723962,7.53e-5,-0.002420303931947053,0.30699740934381203,0.5872495604379192,0.022199109719345224,0.14955049175726642,0.7453632067521153
0.46000780826938065,-0.002496581028791468,0.2617993877991494,22.032242474003965,-338.24674233141747,-301.05594127539433,1.0024411423972326,0.9999688789162329,1.0813592736780382,1.0401431663527314,1.012086389984167,0.9982002076809571,0.991351999666356,1.0007430902389851,1.0035099314258225,7.53e-5,-0.002421281028791468,0.30699740934381203,0.5872495604379192,0.02225007916170991,0.14972337125018323,0.7453632067521153
0.46000780826938065,-0.0024971271251293696,0.5235987755982988,27.891302358687085,-340.90941766737546,-303.9854712177359,1.00485349717867,0.9999613782803207,1.097290680296941,1.041141939752446,1.0128238317294624,0.9977137333448867,0.991287850736481,1.000872416226324,1.0025063467769455,7.53e-5,-0.0024218271251293696,0.30699740934381203,0.5872495604379192,0.022296938428853046,0.14988213909355388,0.7453632067521153
0.46000780826938065,-0.0024970398512652882,0.7853981633974483,33.32293619204779,-343.3686925488261,-306.70128813441625,1.0079422489414651,0.9999263600126258,1.1112433101339136,1.041377442748968,1.0133054222000448,0.9972823657821568,0.9909869545727478,1.0009714172030362,1.0016035709699607,7.53e-5,-0.0024217398512652883,0.30699740934381203,0.5872495604379192,0.022334948558208882,0.15001080470780864,0.7453632067521153
0.46000780826938065,-0.002496107738946459,1.0471975511965976,37.532785115991715,-345.2616986465373,-308.8062125963882,1.0112811264367843,0.9998632867937804,1.1213599374405243,1.0410442848855048,1.0135503008737428,0.9969387729976614,0.9904373752855344,1.0010292882494654,1.0008636617791864,7.53e-5,-0.0024208077389464592,0.30699740934381203,0.5872495604379192,0.022359593902581347,0.15009417289406102,0.7453632067521153
0.46000780826938065,-0.0024942207706680464,1.3089969389957472,39.842719981722325,-346.2905526118041,-309.9611800292535,1.0143215522253293,0.999778357697283,1.1260834482600173,1.040383782282888,1.0135980429563944,0.9967092198441135,0.9896801002332812,1.0010407528463277,1.0003275475330173,7.53e-5,-0.0024189207706680465,0.30699740934381203,0.5872495604379192,0.022367582873588376,0.1501211876732325,0.7453632067521153
0.46000780826938065,-0.0024914619733240606,1.5707963267948966,39.88058576626247,-346.3023778323331,-309.9801129215236,1.0165112538975125,0.9996867985429445,1.124657369246272,1.0395930203137709,1.0134970430799128,0.996599371199033,0.9888718177698942,1.0010106754998973,1.0000392292285742,7.53e-5,-0.0024161619733240607,0.30699740934381203,0.5872495604379192,0.022358145983444294,0.15008927623737886,0.7453632067521153
0.46000780826938065,-0.0024881083717494534,1.8325957145940461,37.68010247466577,-345.32447387908945,-308.87987127572524,1.0175469513290254,0.9996022103778323,1.1172592903212981,1.0387212684351188,1.0132470558367876,0.9966210403916955,0.9881431049448852,1.0009433014757547,1.0000183907351394,7.53e-5,-0.0024128083717494535,0.30699740934381203,0.5872495604379192,0.022332218633021976,0.1500015673834397,0.7453632067521153
0.46000780826938065,-0.0024845577864517883,2.0943951023931953,33.65113190945658,-343.54089636658745,-306.86538599312064,1.0173638272535401,0.9995388204445356,1.1049309497329676,1.0376966357329718,1.0128345468797706,0.9967695140302187,0.9876088363382133,1.0008500827839308,1.0002730365545545,7.53e-5,-0.0024092577864517884,0.30699740934381203,0.5872495604379192,0.02229296941757155,0.1498686976745245,0.7453632067521153
0.46000780826938065,-0.0024812302407564222,2.356194490192345,28.44613906425559,-341.23339203439633,-304.26288957052014,1.0161704468448343,0.9995028829636906,1.0892992704132745,1.0363880698814356,1.0122309610951485,0.9970380528107357,0.9873192492036093,1.000741775112896,1.0007913636681505,7.53e-5,-0.0024059302407564223,0.30699740934381203,0.5872495604379192,0.02224454918936879,0.14970462390993558,0.7453632067521153
0.46000780826938065,-0.002478483095070398,2.6179938779914944,22.787713006120498,-338.7130688785016,-301.4336765414526,1.0143176742785993,0.9994949245947702,1.0721504634983106,1.0346952478759872,1.0114266601291475,0.9974109626416928,0.9872602652170795,1.0006300256540104,1.0015426704134287,7.53e-5,-0.002403183095070398,0.30699740934381203,0.5872495604379192,0.022191602835538414,0.14952501333145027,0.7453632067521153
0.46000780826938065,-0.0024765574941624825,2.8797932657906435,17.318551352236,-336.26031254129964,-298.69909571451035,1.0121901432431704,0.9995095891189358,1.0552362057930722,1.032610337486889,1.0104548291935482,0.9978495696294052,0.9874236554633526,1.0005288795820995,1.0024725725868786,7.53e-5,-0.0024012574941624826,0.30699740934381203,0.5872495604379192,0.02213855645275427,0.1493448533052391,0.7453632067521153
0.46000780826938065,-0.0024755604337661735,3.141592653589793,12.50762716430404,-334.08641854484716,-296.29363362054437,1.0101467275708762,0.9995390514917801,1.0398769962297714,1.0302381913188001,1.0093527933529505,0.9983434955288871,0.9876863486262819,1.000440541977132,1.0035023072898386,7.53e-5,-0.0024002604337661736,0.30699740934381203,0.5872495604379192,0.02208895787611883,0.1491762120412151,0.7453632067521153
0.46000780826938065,-0.0024755118872576733,3.4033920413889422,8.617749523287785,-332.3156303502808,-294.34869480003624,1.0083922191237127,0.9995761966399391,1.0269714229772424,1.0277745457008278,1.008226126207556,0.9988387242855985,0.9879994996888972,1.0003727186728044,1.0045490845176281,7.53e-5,-0.0024002118872576733,0.30699740934381203,0.5872495604379192,0.02204605238101103,0.14903017873557725,0.7453632067521153
0.46000780826938065,-0.0024763426273650747,3.6651914291880923,5.722407457666691,-330.98894635235297,-292.9010237672257,1.0070115680428455,0.9996149979604487,1.017021592054208,1.02547249319719,1.007182629889544,0.9992950525844498,0.9883410124527044,1.0003240698894698,1.005538818980115,7.53e-5,-0.0024010426273650748,0.30699740934381203,0.5872495604379192,0.022012035904061884,0.1489143013833131,0.7453632067521153
0.46000780826938065,-0.002477847943033596,3.9269908169872414,3.7540744657162577,-330.0816618731302,-291.9168572712505,1.0059534910844612,0.9996531082250397,1.0102909751201017,1.023618798075364,1.0063103229009276,0.9996935929734637,0.9886475338290469,1.000287934182606,1.0063932828006517,7.53e-5,-0.002402547943033596,0.30699740934381203,0.5872495604379192,0.02198814430954112,0.1488328621796442,0.7453632067521153
0.46000780826938065,-0.002479858214346972,4.1887902047863905,2.5677706987345346,-329.53102983652633,-291.3237053877596,1.0051023460373916,0.9996893632766968,1.0066272202059918,1.0224564412425872,1.0057008162422112,1.0000064069972066,0.9889358431351016,1.0002589589768385,1.0070678043983667,7.53e-5,-0.0024045582143469722,0.30699740934381203,0.5872495604379192,0.02197500700876214,0.14878806267372996,0.7453632067521153
0.46000780826938065,-0.0024821686763676627,4.4505895925855405,2.0073545327222746,-329.2657962578957,-291.0434973047535,1.004320538461981,0.999724108705988,1.005773058794023,1.0221632996453451,1.005416336432824,1.0002174765789178,0.9892131816010636,1.000233141807006,1.00753051589307,7.53e-5,-0.0024068686763676628,0.30699740934381203,0.5872495604379192,0.021972588001865873,0.14877981219200145,0.7453632067521153
0.46000780826938065,-0.002484582684724798,4.71238898038469,1.9642066336189146,-329.2342274199891,-291.0219233552018,1.0034986319686674,0.9997581839450735,1.0074372124458841,1.0228257767698439,1.0054861244347113,1.000319413451517,0.9894907164998202,1.000211912831542,1.0077651634054008,7.53e-5,-0.002409282684724798,0.30699740934381203,0.5872495604379192,0.021980434121933956,0.14880657125735336,0.7453632067521153
0.46000780826938065,-0.002486935668670826,4.974188368183839,2.4181744290065126,-329.4245893116492,-291.2489072528956,1.0025918818946167,0.999792637664826,1.0113832462634291,1.0244133463781209,1.0059030346443296,1.0003093582352398,0.9897487414039006,1.0002030220488705,1.0077583426852914,7.53e-5,-0.0024116356686708263,0.30699740934381203,0.5872495604379192,0.02199776792595025,0.14886567137018233,0.7453632067521153
0.46000780826938065,-0.002489126682778847,5.235987755982989,3.450758871820881,-329.8726005626441,-291.7651994743028,1.0016772667843827,0.9998261195692564,1.0176498390464916,1.0267839657767655,1.006649171187144,1.0001813540025444,0.9900706986232475,1.000214804729047,1.0075228174129023,7.53e-5,-0.002413826682778847,0.30699740934381203,0.5872495604379192,0.022024374190503935,0.1489563419455827,0.7453632067521153
0.46000780826938065,-0.002491090463985246,5.497787143782138,5.22361290826052,-330.65386858075584,-292.6516264925226,1.0008458256962638,0.9998608352042527,1.026164096555386,1.029691228854172,1.0076398192824487,0.9999444083598855,0.9903811794313954,1.0002605958065163,1.0070530974504592,7.53e-5,-0.002415790463985246,0.30699740934381203,0.5872495604379192,0.022059020618200285,0.14907433211171806,0.7453632067521153
0.46000780826938065,-0.0024928226455478222,5.759586531581287,7.922342266861847,-331.85717200935045,-294.0009911718233,1.0002947444770232,0.9998956070683248,1.037026152710994,1.0328143681014506,1.0087889109161887,0.9996055095302117,0.990700088393544,1.0003439895635269,1.006372892290307,7.53e-5,-0.0024175226455478223,0.30699740934381203,0.5872495604379192,0.02210085866197192,0.14921669303759721,0.7453632067521153
0.46000780826938065,-0.0024943282859791146,6.021385919380437,11.674639826251223,-333.5458399198813,-295.87713995151796,1.0002445530341413,0.999928428984776,1.050174474064929,1.0358010215648608,1.009987925579466,0.9991813781667652,0.9910043956137327,1.0004612600750873,1.0055169950405267,7.53e-5,-0.0024190282859791147,0.30699740934381203,0.5872495604379192,0.02214838152448357,0.14937823784067336,0.7453632067521153
0.46000780826938065,-0.00249560393194705,6.283185307179586,16.45966660640329,-335.71379081941006,-298.269653341594,1.000907950973683,0.9999554246353357,1.0651980033920312,1.0383287425590437,1.0111156504270926,0.9987046058341346,0.9912249746348233,1.000599454770025,1.0045390564723962,7.53e-5,-0.00242030393194705,0.30699740934381203,0.5872495604379192,0.022199109719345207,0.14955049175726637,0.7453632067521153
0.4721083298600184,-0.0024849988773431634,0.0,15.893435536042261,-335.5357928637675,-297.9865378064135,1.0016765331188613,0.9999265294564734,1.0596892997033234,1.0367945281305082,1.0108439865318088,0.9985733688218982,0.9933544764606844,1.0006378034330126,1.004549888347843,7.53e-5,-0.0024096988773431634,0.30699740934381203,0.5872495604379192,0.022184499125315928,0.14950089940148026,0.7574920075020818
0.4721083298600184,-0.002485918001016451,0.2617993877991494,21.26366312505604,-337.97859527734926,-300.67165160092037,1.0031561952429828,0.9999397004803318,1.0754376172822548,1.0387055889576025,1.0118389121004845,0.9980675098557084,0.9934832015502587,1.0007835370882356,1.003518003415268,7.53e-5,-0.002410618001016451,0.30699740934381203,0.5872495604379192,0.022235595144495093,0.14967426367976167,0.7574920075020818
0.4721083298600184,-0.002486388850337546,0.5235987755982988,26.908354658005123,-340.5456519803241,-303.4939973673949,1.0054789715341754,0.9999328894015029,1.0908993580725073,1.0397984903024762,1.0126020436326602,0.9975785786718848,0.9934180392115558,1.0009149610338774,1.002510403437134,7.53e-5,-0.002411088850337546,0.30699740934381203,0.5872495604379192,0.02228239828137491,0.1498328918512951,0.7574920075020818
0.4721083298600184,-0.0024862302596320067,0.7853981633974483,32.13602574777724,-342.91455995187584,-306.10783291228097,1.0084486318107913,0.9998997327696059,1.1043834787975708,1.0401267023602079,1.0131078434477403,0.9971461669392456,0.993118360981243,1.0010154739314603,1.0016041991535878,7.53e-5,-0.002410930259632007,0.30699740934381203,0.5872495604379192,0.022320222569297953,0.14996096942612824,0.7574920075020818
0.4721083298600184,-0.002485245442879401,1.0471975511965976,36.18034232902539,-344.73555659427603,-308.12999120290505,1.0116550382256553,0.9998393692124716,1.11410874530313,1.0398649106146471,1.0133714478802867,0.9968027016710826,0.9925826752757824,1.0010741763582967,1.0008622327270045,7.53e-5,-0.0024099454428794013,0.30699740934381203,0.5872495604379192,0.0223446148850773,0.1500435084950711,0.7574920075020818
0.4721083298600184,-0.002483332301556835,1.3089969389957472,38.39019186727819,-345.723019365391,-309.23491597203144,1.014544238608614,0.9997593866915531,1.1185684879729816,1.0392302751546159,1.0134338457338852,0.9965662259375697,0.9918587778617154,1.0010887242324569,1.0003265964747245,7.53e-5,-0.002408032301556835,0.30699740934381203,0.5872495604379192,0.02235237924476877,0.1500697724095179,0.7574920075020818
0.4721083298600184,-0.002480583095610499,1.5707963267948966,38.41131138109188,-345.730829822591,-309.2454757289383,1.0166288968657164,0.9996714563854655,1.1170515209875163,1.0384101281276645,1.013325607036563,0.9964555754305816,0.9910827485975131,1.0010587732421137,1.000038964958326,7.53e-5,-0.002405283095610499,0.30699740934381203,0.5872495604379192,0.022342443242480695,0.15003616184537846,0.7574920075020818
0.4721083298600184,-0.0024772546040551253,1.8325957145940461,36.2806583164471,-344.78618828282265,-308.1801491966159,1.0175843917927538,0.9995915104631283,1.1097361451691106,1.0374584020940112,1.0130593911469372,0.9964730499672061,0.9903822354894528,1.0009923964252494,1.000019592830324,7.53e-5,-0.0024019546040551253,0.30699740934381203,0.5872495604379192,0.02231609104135013,0.1499469847387457,0.7574920075020818
0.4721083298600184,-0.0024737381907946406,2.0943951023931953,32.396410399543356,-343.06702582595864,-306.238025238164,1.01737689904066,0.9995314228804747,1.0976667579320412,1.0363140148093315,1.012615534952452,0.996621981235125,0.9898722627058211,1.0008980300676555,1.0002791351738884,7.53e-5,-0.0023984381907946406,0.30699740934381203,0.5872495604379192,0.022276326851805694,0.14981232337146935,0.7574920075020818
0.4721083298600184,-0.0024704663899631726,2.356194490192345,27.388741096383797,-340.8454879167278,-303.73419058658425,1.0162141354865666,0.9994975508942517,1.0823623897649255,1.0348681008739613,1.0119748544607388,0.9968925119404566,0.9895994972358848,1.0007874213175165,1.0008042371709456,7.53e-5,-0.0023951663899631727,0.30699740934381203,0.5872495604379192,0.02222743653776463,0.14964659531769664,0.7574920075020818
0.4721083298600184,-0.002467734612708829,2.6179938779914944,21.95354410393236,-338.4211437859129,-301.01659209035853,1.014427627898542,0.9994895892430445,1.0656405153389028,1.0330377349213589,1.011126705988168,0.9972720369721167,0.9895132501048441,1.0006708913326066,1.0015513481708547,7.53e-5,-0.002392434612708829,0.30699740934381203,0.5872495604379192,0.022173925803576182,0.14946500069818427,0.7574920075020818
0.4721083298600184,-0.0024658418250237775,2.8797932657906435,16.708004469162574,-336.0646078902465,-298.39382227297364,1.0123581810411746,0.999504861547098,1.0491073974548941,1.0308231880556238,1.0101315932224477,0.9977037443077136,0.9897003890872746,1.0005688180561898,1.0024948467741734,7.53e-5,-0.0023905418250237775,0.30699740934381203,0.5872495604379192,0.022120725959944552,0.1492842487131709,0.7574920075020818
0.4721083298600184,-0.0024648609390882903,3.141592653589793,12.100603843228214,-333.9774497144671,-296.09012196000646,1.0104195797428006,0.99953439148825,1.0340482404788771,1.0283495839916872,1.0089907716145932,0.9982098141825453,0.9899036708659101,1.0004742633780186,1.0035236108914811,7.53e-5,-0.0023895609390882904,0.30699740934381203,0.5872495604379192,0.02207070170352405,0.14911409222188826,0.7574920075020818
0.4721083298600184,-0.002464833945229846,3.4033920413889422,8.380424288500649,-332.2779236988929,-294.2300321826427,1.0087346171202103,0.9995690734424498,1.0214635524182671,1.0258257745451453,1.0078547654196448,0.9987018286625873,0.9902282635506632,1.0004029185589447,1.0045810727123459,7.53e-5,-0.002389533945229846,0.30699740934381203,0.5872495604379192,0.02202788040866702,0.14896828667293738,0.7574920075020818
0.4721083298600184,-0.002465639347672812,3.6651914291880923,5.614248855800383,-331.0046646716475,-292.84694446629254,1.0074176687750245,0.9996065067287734,1.0118006748919746,1.0234953260701911,1.0067901985886734,0.9991697884060357,0.990514979151344,1.0003490961825001,1.0055678245443271,7.53e-5,-0.002390339347672812,0.30699740934381203,0.5872495604379192,0.02199378199340087,0.14885208323212712,0.7574920075020818
0.4721083298600184,-0.0024671574941470703,3.9269908169872414,3.733804424670666,-330.1330371422804,-291.9067222507277,1.006419895344008,0.999642374996114,1.0052558740570285,1.0216346849903613,1.0059152970951672,0.9995702805342958,0.9908111156752388,1.0003099369034287,1.0064287405833363,7.53e-5,-0.0023918574941470703,0.30699740934381203,0.5872495604379192,0.021970023808037253,0.14877106603797297,0.7574920075020818
0.4721083298600184,-0.0024691862686095287,4.1887902047863905,2.5975927596316524,-329.60216207233333,-291.3386164182082,1.0056262140321732,0.9996765025935633,1.0017287681236502,1.0204867177448378,1.0053084450027998,0.9998852237409216,0.9910863199499884,1.000279088381337,1.007107821671115,7.53e-5,-0.0023938862686095287,0.30699740934381203,0.5872495604379192,0.021957101164086633,0.1487269808722115,0.7574920075020818
0.4721083298600184,-0.002471537745466608,4.4505895925855405,2.054954989732323,-329.3437097529727,-291.0672975332585,1.00490524047176,0.999707887665638,1.0009734245447353,1.0202231126934496,1.005034326649404,1.0000963143189128,0.9913794056846932,1.0002521669957884,1.0075794456364113,7.53e-5,-0.002396237745466608,0.30699740934381203,0.5872495604379192,0.021955043542684675,0.14871996019565,0.7574920075020818
0.4721083298600184,-0.0024739448937429478,4.71238898038469,2.002536574818919,-329.3085013444507,-291.0410883258018,1.0041169275938726,0.9997403731838793,1.0026568155680713,1.0209323431340411,1.0051054851536723,1.0002040942842747,0.9915967522655272,1.0002331515433236,1.007805273952585,7.53e-5,-0.002398644893742948,0.30699740934381203,0.5872495604379192,0.021963123371150046,0.1487475270067534,0.7574920075020818
0.4721083298600184,-0.002476320496193716,4.974188368183839,2.4234093590525845,-329.4862822162647,-291.25152471791864,1.0032632231430565,0.9997721248025102,1.0066529139885667,1.0225675281810567,1.005535612548426,1.0001947984455064,0.9918648732929342,1.0002257227257052,1.0077984700240739,7.53e-5,-0.002401020496193716,0.30699740934381203,0.5872495604379192,0.021980969530122477,0.1488083970881313,0.7574920075020818
0.4721083298600184,-0.002478537760859552,5.235987755982989,3.3994034528276416,-329.9126241862423,-291.73952176480617,1.0023815013596575,0.9998040365357082,1.0128524613571859,1.0249929641816804,1.0062861811058696,1.0000701890325707,0.9921586708297061,1.000241141709165,1.0075566811548073,7.53e-5,-0.002403237760859552,0.30699740934381203,0.5872495604379192,0.022007863471136417,0.1489000819389753,0.7574920075020818
0.4721083298600184,-0.002480532025385474,5.497787143782138,5.089841627899773,-330.66122034124226,-292.58474085234224,1.0015946946815508,0.9998359937216461,1.0212901198845274,1.027954097793448,1.007294891691025,0.9998304958286057,0.9924915958459684,1.0002893576315266,1.0070865941797698,7.53e-5,-0.002405232025385474,0.30699740934381203,0.5872495604379192,0.022043052506252363,0.14901996315743374,0.7574920075020818
0.4721083298600184,-0.002482283586268886,5.759586531581287,7.67669168191162,-331.8182533192188,-293.87816587934816,1.0010787265097774,0.9998690904078859,1.0320381623069266,1.0311329057901992,1.0084683864020112,0.9994849227892031,0.9928164658807159,1.0003759671766959,1.0063975207364269,7.53e-5,-0.002406983586268886,0.30699740934381203,0.5872495604379192,0.022085475024168234,0.1491643629658113,0.7574920075020818
0.4721083298600184,-0.0024837679492706877,6.021385919380437,11.284740579002346,-333.44539287668596,-295.6821903278935,1.0010322998192684,0.9999007321185007,1.0449529788749279,1.0341907113836009,1.0096866053149158,0.9990582963109281,0.9931122094448269,1.0004960469183144,1.0055335541763504,7.53e-5,-0.0024084679492706877,0.30699740934381203,0.5872495604379192,0.022133354343826035,0.14932717416778504,0.7574920075020818
0.4721083298600184,-0.002484998877343165,6.283185307179586,15.893435536040442,-335.5357928637665,-297.98653780641257,1.0016765331188617,0.9999265294564735,1.059689299703331,1.0367945281305098,1.0108439865318086,0.9985733688218986,0.9933544764606851,1.0006378034330126,1.0045498883478434,7.53e-5,-0.002409698877343165,0.30699740934381203,0.5872495604379192,0.022184499125315945,0.1495008994014803,0.7574920075020818
0.48422526297566015,-0.0024770532530580015,0.0,15.630155393587756,-335.50352263883315,-297.8548977351862,1.0023725144669127,0.9999000536606045,1.0540799518219952,1.035186793056514,1.0105444398829646,0.9984464599806347,0.9945561949977397,1.0006684603869633,1.0044720563343077,7.53e-5,-0.0024017532530580016,0.30699740934381203,0.5872495604379192,0.022165823792571142,0.149437486965838,0.7696208082520483
0.48422526297566015,-0.0024779017781944856,0.2617993877991494,20.798079060149462,-337.8574367139315,-300.4388595684671,1.003800876953016,0.9999129691836646,1.0694202806273598,1.0371839354224692,1.011561540742565,0.9979395781520598,0.99466503546516,1.0008153742146557,1.0034310276034204,7.53e-5,-0.0024026017781944857,0.30699740934381203,0.5872495604379192,0.022216905166170583,0.14961087283699118,0.7696208082520483
0.48422526297566015,-0.0024783079483146125,0.5235987755982988,26.23161797005764,-340.3305723600722,-303.15562902342117,1.0060385438096193,0.9999065497748417,1.084454526203742,1.038370532500667,1.012354317555574,0.9974457580028354,0.9946152645723941,1.0009490236665597,1.00242031837847,7.53e-5,-0.0024030079483146126,0.30699740934381203,0.5872495604379192,0.022263743533365157,0.14976968552303088,0.7696208082520483
0.48422526297566015,-0.002478070171479104,0.7853981633974483,31.262450297946202,-342.6125878487587,-305.67104518736545,1.0088836146226714,0.9998755050900926,1.0975167127002035,1.0387782066504356,1.0128884089500947,0.997006818092762,0.9943296077714154,1.0010524249013435,1.0015106378176981,7.53e-5,-0.002402770171479104,0.30699740934381203,0.5872495604379192,0.02230149845224035,0.14989758058598388,0.7696208082520483
0.48422526297566015,-0.002477026358329542,1.0471975511965976,35.152029661096776,-344.3667762962287,-307.61583486894074,1.0119557642874881,0.9998180052412193,1.1068699806281983,1.0385792223816641,1.0131710704934387,0.9966613009362535,0.9938114421983707,1.0011124548458477,1.0007655071612414,7.53e-5,-0.002401726358329542,0.30699740934381203,0.5872495604379192,0.02232567228025669,0.1499794140581309,0.7696208082520483
0.48422526297566015,-0.002475078253881534,1.3089969389957472,37.27482779244383,-345.3181175983137,-308.67723393461426,1.0147076627629998,0.9997419291988379,1.1111226229474016,1.03797151154544,1.0132426272656865,0.996422575364553,0.9931316969830541,1.0011285239716459,1.0002358417016701,7.53e-5,-0.0023997782538815343,0.30699740934381203,0.5872495604379192,0.022333219696626164,0.15000495477447187,0.7696208082520483
0.48422526297566015,-0.0024723283641734785,1.5707963267948966,37.29222240361787,-345.32658894293206,-308.6859312402013,1.0167213283050576,0.99965723742871,1.109558852405264,1.0371169899725428,1.0131189350784473,0.9963190869065927,0.992361552538658,1.0010955214157853,0.9999421377270131,7.53e-5,-0.0023970283641734785,0.30699740934381203,0.5872495604379192,0.022322746362417198,0.14996951151693516,0.7696208082520483
0.48422526297566015,-0.0024690184154179348,1.8325957145940461,35.24209957652374,-344.4183133562787,-307.6608698266542,1.017581138056472,0.9995822643706237,1.102356485901228,1.0361070208812408,1.0128493697353125,0.9963247821850667,0.991718255994763,1.0010338439598323,0.9999353218153348,7.53e-5,-0.002393718415417935,0.30699740934381203,0.5872495604379192,0.022296464452514774,0.149880533990887,0.7696208082520483
0.48422526297566015,-0.0024655385237932876,2.0943951023931953,31.50934972352502,-342.7651126908751,-305.79449490015486,1.0173975019958694,0.9995236335736177,1.090558945864411,1.0348445958892967,1.0123636868474817,0.9964854394301588,0.9911907408458913,1.000933813308351,1.0001859217243212,7.53e-5,-0.0023902385237932876,0.30699740934381203,0.5872495604379192,0.022256091742161085,0.14974375211277258,0.7696208082520483
0.48422526297566015,-0.0024622838113976466,2.356194490192345,26.701224943387388,-340.6292412589416,-303.39043251008604,1.016207264202518,0.9994936745322246,1.0756357646629653,1.033287038549357,1.01171342202093,0.9967374953088438,0.9909692199757213,1.0008288866618502,1.0007301243694187,7.53e-5,-0.0023869838113976466,0.30699740934381203,0.5872495604379192,0.022207429119906467,0.1495787229538754,0.7696208082520483
0.48422526297566015,-0.0024596019051413404,2.6179938779914944,21.487314029469758,-338.3002126319311,-300.7834770531272,1.014480168358795,0.999487547655486,1.0592829699675925,1.0313223850597364,1.0108323497947802,0.9971172391349069,0.9909206624868258,1.0007106361837708,1.0014922960523125,7.53e-5,-0.0023843019051413405,0.30699740934381203,0.5872495604379192,0.022153610113590464,0.14939600107285167,0.7696208082520483
0.48422526297566015,-0.002457716916210678,2.8797932657906435,16.460356027453372,-336.03675420798186,-298.26999805211904,1.0124915932039609,0.9995013907898197,1.0431523536469096,1.0289929186474536,1.0097990963415497,0.9975573630901886,0.9910736286392717,1.0006029381554995,1.0024324112280676,7.53e-5,-0.002382416916210678,0.30699740934381203,0.5872495604379192,0.022100014550320544,0.14921382210929668,0.7696208082520483
0.48422526297566015,-0.00245676551551689,3.141592653589793,12.049636510823575,-334.03226906876324,-296.06463829380414,1.0106222720312874,0.999528316767815,1.0284766288936953,1.0264443619044896,1.0086443688680677,0.9980608452969544,0.9912806791908036,1.0005048338247764,1.0034671688217591,7.53e-5,-0.00238146551551689,0.30699740934381203,0.5872495604379192,0.022050082086229696,0.14904390016213925,0.7696208082520483
0.48422526297566015,-0.002456747781081865,3.4033920413889422,8.491792319120577,-332.4009149092593,-294.28571619795264,1.0090220633131426,0.9995622559307252,1.0161784963907272,1.02384967199101,1.0074852520668784,0.9985587460277039,0.9915697362135809,1.0004286334893955,1.004525909869031,7.53e-5,-0.002381447781081865,0.30699740934381203,0.5872495604379192,0.022007028903671344,0.14889723761634915,0.7696208082520483
0.48422526297566015,-0.002457579049245847,3.6651914291880923,5.847782114413121,-331.1779375423779,-292.9637110955989,1.0077782740013843,0.999597720358325,1.0067502370560406,1.0214850386988104,1.0064131656026256,0.9990281646776042,0.9918511142727099,1.0003706731088877,1.0055205345100289,7.53e-5,-0.002382279049245847,0.30699740934381203,0.5872495604379192,0.021972967898553315,0.1487811079310774,0.7696208082520483
0.48422526297566015,-0.00245911234197129,3.9269908169872414,4.049083881762613,-330.3391966076665,-292.06436197927366,1.006843189585445,0.9996318094878676,1.0003666490567071,1.0196175675344235,1.005530877467771,0.9994350350234918,0.992117619247683,1.0003276546577147,1.0063841946443741,7.53e-5,-0.00238381234197129,0.30699740934381203,0.5872495604379192,0.02194925967477152,0.14870022371223832,0.7696208082520483
0.48422526297566015,-0.002461163532150872,4.1887902047863905,2.9577596727501714,-329.82587205723513,-291.51869987476744,1.0061029860565975,0.9996635011277726,0.996939860229093,1.0184827028688095,1.0049234783756484,0.9997545565630529,0.9923738201935115,1.0002943751567943,1.0070669940322512,7.53e-5,-0.002385863532150872,0.30699740934381203,0.5872495604379192,0.021936476588965192,0.14865659454693675,0.7696208082520483
0.48422526297566015,-0.002463524819279825,4.4505895925855405,2.4284722034897186,-329.57242230511184,-291.2540561401372,1.0054232984713325,0.9996934246908935,0.9962309970494568,1.0182481681719495,1.0046479337691632,0.9999721107690053,0.9926230276980408,1.0002674204000392,1.0075346714940423,7.53e-5,-0.002388224819279825,0.30699740934381203,0.5872495604379192,0.021934549569455685,0.14865001647721457,0.7696208082520483
0.48422526297566015,-0.0024659979184961434,4.71238898038469,2.3628567874914097,-329.5321891654181,-291.22124843213805,1.0047012329378182,0.9997225975034171,0.997974045021551,1.0189872891733436,1.004732516110544,1.0000786136295627,0.9928770337081693,1.000248014908846,1.007768809135436,7.53e-5,-0.0023906979184961435,0.30699740934381203,0.5872495604379192,0.02194302421333091,0.1486789433936173,0.7696208082520483
0.48422526297566015,-0.0024684056212034328,4.974188368183839,2.746995861561004,-329.69607230584137,-291.41331796917285,1.0038943520614376,0.9997527090192163,1.0019490486372225,1.020666029549985,1.0051702018098874,1.0000713353269388,0.993124176006986,1.0002432570072943,1.0077586908889666,7.53e-5,-0.002393105621203433,0.30699740934381203,0.5872495604379192,0.02196118763906019,0.14874092311504422,0.7696208082520483
0.48422526297566015,-0.0024706505503104643,5.235987755982989,3.6628750265747385,-330.0996146761512,-291.8712575516797,1.0030581002060486,0.9997831049831486,1.008103241176852,1.0231316712254723,1.0059306358130249,0.9999461305832766,0.9934068456681672,1.0002618935635883,1.0075096594839943,7.53e-5,-0.0023953505503104644,0.30699740934381203,0.5872495604379192,0.021988389799242947,0.1488336991994775,0.7696208082520483
0.48422526297566015,-0.0024726290533980356,5.497787143782138,5.267421240355361,-330.8146146708627,-292.67353065857003,1.0022835447674987,0.9998148631513464,1.0164350303154477,1.0261508952193814,1.0069400397144013,0.999712244914493,0.9936752846190687,1.0003135098542275,1.0070227869411668,7.53e-5,-0.0023973290533980357,0.30699740934381203,0.5872495604379192,0.022023724607679523,0.14895412889233378,0.7696208082520483
0.48422526297566015,-0.002474394651620521,5.759586531581287,7.738996016441888,-331.9250423034203,-293.9093180466133,1.0017960987613355,0.9998448044905982,1.0270084434822244,1.029373711020337,1.0081333350530635,0.9993592141557022,0.9940226694835141,1.0004030415038032,1.0063296531116193,7.53e-5,-0.002399094651620521,0.30699740934381203,0.5872495604379192,0.022066446776037477,0.14909961047913065,0.7696208082520483
0.48422526297566015,-0.0024758601733963314,6.021385919380437,11.19978156319246,-333.4902897922777,-295.6397108199886,1.001751818979668,0.9998752192421174,1.0396775620710488,1.0324968470964717,1.0093684110678414,0.9989305747824635,0.9943116297875324,1.0005254718941134,1.0054584149162686,7.53e-5,-0.0024005601733963315,0.30699740934381203,0.5872495604379192,0.022114545602902026,0.14926323654284118,0.7696208082520483
0.48422526297566015,-0.0024770532530580024,6.283185307179586,15.63015539358696,-335.50352263883286,-297.85489773518583,1.002372514466913,0.9999000536606045,1.054079951821994,1.0351867930565124,1.010544439882964,0.998446459980635,0.99455619499774,1.0006684603869633,1.004472056334308,7.53e-5,-0.0024017532530580025,0.30699740934381203,0.5872495604379192,0.022165823792571118,0.14943748696583792,0.7696208082520483
0.49635147798406076,-0.0024720872592954427,0.0,15.298851940997906,-335.43458400390523,-297.6892460088913,1.0029849744306618,0.9998764952590664,1.048394930210814,1.0334684162161034,1.0102255714997905,0.9983116499454079,0.99508372154697,1.0006998465231478,1.0043179802050817,7.53e-5,-0.002396787259295443,0.30699740934381203,0.5872495604379192,0.02214331290008143,0.1493610161048403,0.7817496090020147
0.49635147798406076,-0.002472873621916142,0.2617993877991494,20.265010738465435,-337.7005401945226,-300.17232540762507,1.0043529085989644,0.9998892138854062,1.063398650027617,1.0355410476406468,1.0112670840460483,0.9978001972888544,0.995206570043249,1.0008484741675567,1.0032725368680742,7.53e-5,-0.002397573621916142,0.30699740934381203,0.5872495604379192,0.022194388750804216,0.14953446924232824,0.7817496090020147
0.49635147798406076,-0.0024731925896605326,0.5235987755982988,25.49124658881533,-340.0827511102427,-302.7854433328,1.0064984964317543,0.9998833334454633,1.0780178382332304,1.0368213562381332,1.0120809344036505,0.9973081304286765,0.9951492618872815,1.000982016875198,1.002257023565267,7.53e-5,-0.0023978925896605326,0.30699740934381203,0.5872495604379192,0.022241055067532628,0.14969277719907506,0.7817496090020147
0.49635147798406076,-0.0024728871397653052,0.7853981633974483,30.333043368121025,-342.28203459324027,-305.20634172245286,1.0092524792489472,0.9998525722375201,1.0906217594924796,1.0373269078242635,1.0126353637551624,0.9968732365851375,0.9948421773263993,1.001083846483836,1.0013349233394808,7.53e-5,-0.0023975871397653053,0.30699740934381203,0.5872495604379192,0.022278591751379594,0.14981999660315082,0.7817496090020147
0.49635147798406076,-0.002471796150851836,1.0471975511965976,34.079276889721314,-343.97438020873227,-307.079458483253,1.0121817605749237,0.9997990348032878,1.0996592681727624,1.0371836512383181,1.0129438687376289,0.9965178510732552,0.9943913624688816,1.0011482088492434,1.000599626846744,7.53e-5,-0.002396496150851836,0.30699740934381203,0.5872495604379192,0.02230281501519601,0.14990203854298406,0.7817496090020147
0.49635147798406076,-0.002469810724626842,1.3089969389957472,36.128487186955,-344.89491853440506,-308.10406363186985,1.0147995047584788,0.9997270620609742,1.1037219173662394,1.0366069582978183,1.013032065158405,0.996271021488297,0.9937502907368817,1.0011676996931662,1.00007386484543,7.53e-5,-0.002394510724626842,0.30699740934381203,0.5872495604379192,0.022310453648705406,0.1499279008534837,0.7817496090020147
0.49635147798406076,-0.0024670427443911815,1.5707963267948966,36.155379613031755,-344.9086284203197,-308.1175098449082,1.0166825081792088,0.9996474989538268,1.102145011114361,1.0357514220904647,1.012920848722874,0.9961549680687841,0.993046262840392,1.0011402127521536,0.9997942419719218,7.53e-5,-0.0023917427443911816,0.30699740934381203,0.5872495604379192,0.022300317474060756,0.14989358161733662,0.7817496090020147
0.49635147798406076,-0.0024637520997730406,1.8325957145940461,34.196491278903636,-344.04117687234213,-307.13806567784417,1.0175588515640546,0.999573547513133,1.0951316248477303,1.0346488237094198,1.0126045237077443,0.996184930156816,0.9923828449650655,1.001068438474071,0.9997736778164659,7.53e-5,-0.0023884520997730406,0.30699740934381203,0.5872495604379192,0.022273182774838234,0.1498016709511812,0.7817496090020147
0.49635147798406076,-0.0024602923515172157,2.0943951023931953,30.6217579969383,-342.456118001234,-305.3506990368615,1.0172895727924676,0.999521243594692,1.083585685616799,1.0333158983062996,1.0121281186194213,0.9963178075877063,0.9919479147423078,1.0009795446930003,1.0000571544727317,7.53e-5,-0.002384992351517216,0.30699740934381203,0.5872495604379192,0.022233481810940207,0.14966709718731583,0.7817496090020147
0.49635147798406076,-0.00245707527557489,2.356194490192345,26.015018597040807,-340.40651672640064,-303.04732933691275,1.0161816335508242,0.9994914256336055,1.0690299460256638,1.0316269608146977,1.011422525355129,0.9965924143713336,0.9917031076859224,1.0008654197936981,1.00059531608138,7.53e-5,-0.00238177527557489,0.30699740934381203,0.5872495604379192,0.02218413220323683,0.14949965376209268,0.7817496090020147
0.49635147798406076,-0.002454404369545723,2.6179938779914944,21.019942111813634,-338.17007734416086,-300.54979109429917,1.0144766473123659,0.9994859546850484,1.053115611223143,1.029548822225951,1.0105273517913602,0.9969581896782134,0.991672025318326,1.0007496357697725,1.0013646041894952,7.53e-5,-0.002379104369545723,0.30699740934381203,0.5872495604379192,0.022130457594815352,0.1493173288140267,0.7817496090020147
0.49635147798406076,-0.002452554612815797,2.8797932657906435,16.20595915522415,-335.9958253480852,-298.1427996160044,1.0125972472845686,0.9994989731616944,1.0373633923603398,1.0271342873515776,1.0094510891999011,0.9974194705033921,0.9917666540306741,1.0006335865211882,1.002300687095384,7.53e-5,-0.002377254612815797,0.30699740934381203,0.5872495604379192,0.022076609345784322,0.14913419675493678,0.7817496090020147
0.49635147798406076,-0.0024516246970012865,3.141592653589793,11.984566565912814,-334.0711391186243,-296.03210332134876,1.0107848361793235,0.9995255885943347,1.0230417723671152,1.024491798945529,1.0082853907957683,0.997912929386818,0.9919978858530241,1.0005353757446105,1.0033465800442714,7.53e-5,-0.0023763246970012865,0.30699740934381203,0.5872495604379192,0.022026663322969018,0.14896414049978293,0.7817496090020147
0.49635147798406076,-0.002451622127063861,3.4033920413889422,8.581247305682723,-332.5037498358786,-294.3304436912337,1.009260021791718,0.9995585067170382,1.0110153571268918,1.0218438610601417,1.0071066245153713,0.9984177342438239,0.9922499043249435,1.0004547200674898,1.0044064054143629,7.53e-5,-0.002376322127063861,0.30699740934381203,0.5872495604379192,0.021983526544801745,0.14881711663276145,0.7817496090020147
0.49635147798406076,-0.0024524742832485163,3.6651914291880923,6.052078085608855,-331.32754373411274,-293.0658590811968,1.0080774319848793,0.9995922453662888,1.001806922221533,1.0194471870976416,1.0060273644870028,0.9988884143362659,0.9925232026833505,1.0003934497304063,1.0054066355269227,7.53e-5,-0.0023771742832485163,0.30699740934381203,0.5872495604379192,0.02194948991952118,0.14870100943257716,0.7817496090020147
0.49635147798406076,-0.002454039850526248,3.9269908169872414,4.32876057548151,-330.5187917358183,-292.2042003261331,1.00719781380624,0.9996240803729196,0.9955573522239245,1.017566236482532,1.00514203310371,0.9992969173718259,0.9927835693483275,1.0003474123708387,1.006275556838159,7.53e-5,-0.002378739850526248,0.30699740934381203,0.5872495604379192,0.021925801526433933,0.14862015062357523,0.7817496090020147
0.49635147798406076,-0.002456119262251191,4.1887902047863905,3.2769906530425033,-330.02062905306025,-291.6783153649136,1.0065073204675112,0.9996536719680542,0.9922131443965471,1.0164378227160848,1.004533387221187,0.9996201244563059,0.993022949394592,1.00031201382238,1.0069607570595576,7.53e-5,-0.002380819262251191,0.30699740934381203,0.5872495604379192,0.021913072778865412,0.14857668422386303,0.7817496090020147
0.49635147798406076,-0.0024585099152788004,4.4505895925855405,2.756553807063824,-329.77025274894066,-291.41809694192426,1.0058749786945953,0.9996815997845265,0.9915387968728142,1.0162220854959951,1.004259059457247,0.9998411485248152,0.9932522617082032,1.0002844845545367,1.007428755899701,7.53e-5,-0.0023832099152788005,0.30699740934381203,0.5872495604379192,0.02191123243742214,0.14857039876544997,0.7817496090020147
0.49635147798406076,-0.002461012580352495,4.71238898038469,2.6737922349982455,-329.7233757618067,-291.3767161558915,1.0051978275153441,0.9997088948468724,0.9932746136291108,1.016988301098041,1.0043464262794013,0.9999504597011992,0.9934818327565421,1.000266174986095,1.0076602445349847,7.53e-5,-0.002385712580352495,0.30699740934381203,0.5872495604379192,0.021919817312802133,0.14859971713945105,0.7817496090020147
0.49635147798406076,-0.002463457002806978,4.974188368183839,3.0175255093251963,-329.87211973238095,-291.54858279305495,1.00443611594164,0.9997362797608926,0.9972330529210617,1.0186989755973297,1.0047918190744483,0.9999431777612251,0.9937245616578818,1.0002631525633958,1.0076471238444047,7.53e-5,-0.002388157002806978,0.30699740934381203,0.5872495604379192,0.02193817983703735,0.14866240851580448,0.7817496090020147
0.49635147798406076,-0.002465728329822537,5.235987755982989,3.8697305039588628,-330.25170564222134,-291.9746852903718,1.0036360764760233,0.9997642502659709,1.0033160946015145,1.0211989860283681,1.0055601289941565,0.9998171805462388,0.9939959486454183,1.0002845616354052,1.0073908267037754,7.53e-5,-0.002390428329822537,0.30699740934381203,0.5872495604379192,0.02196555510830845,0.14875582265290654,0.7817496090020147
0.49635147798406076,-0.002467742506100635,5.497787143782138,5.384870228807813,-330.93216727518524,-292.73225515279626,1.0029080973528177,0.9997945613747976,1.01151841743076,1.0242519189759203,1.0065817579457568,0.9995796513031615,0.9942654290949159,1.000339388267596,1.0068982042012742,7.53e-5,-0.002392442506100635,0.30699740934381203,0.5872495604379192,0.022001090994156678,0.1488769988682554,0.7817496090020147
0.49635147798406076,-0.002469467016420695,5.759586531581287,7.73782127027107,-331.9951124521454,-293.9087306735279,1.0024181839289759,0.9998245172414558,1.021881518420242,1.0275450501238237,1.0077697971658466,0.9992381430391639,0.9945417301448732,1.0004301342857354,1.0061927909560913,7.53e-5,-0.002394167016420695,0.30699740934381203,0.5872495604379192,0.02204372415926217,0.14902225041988376,0.7817496090020147
0.49635147798406076,-0.0024709055086828188,6.021385919380437,11.04848348850976,-333.49814024692483,-295.56406178264723,1.002375423358723,0.9998540062724067,1.03430056218419,1.030733772192713,1.009014500383706,0.9988134368056508,0.9947975128635361,1.0005526603675587,1.0053115408316344,7.53e-5,-0.002395605508682819,0.30699740934381203,0.5872495604379192,0.022091842941663803,0.14918602668496148,0.7817496090020147
0.49635147798406076,-0.002472087259295439,6.283185307179586,15.298851940996542,-335.4345840039044,-297.6892460088906,1.0029849744306578,0.9998764952590664,1.0483949302108166,1.0334684162161065,1.0102255714997914,0.9983116499454078,0.9950837215469692,1.0006998465231478,1.004317980205082,7.53e-5,-0.002396787259295439,0.30699740934381203,0.5872495604379192,0.02214331290008149,0.14936101610484048,0.7817496090020147
0.5084798397914873,-0.0024703616609623234,0.0,14.622891335074087,-335.1914410085683,-297.3512657059294,1.0035051467701737,0.9998558602135174,1.042613518861368,1.031608131901977,1.0098911744531802,0.9981594775507918,0.9951913945684455,1.0007412066202708,1.0041124686209073,7.53e-5,-0.0023950616609623235,0.30699740934381203,0.5872495604379192,0.0221175959958742,0.14927360772246417,0.7938784097519812
0.5084798397914873,-0.002471098845680149,0.2617993877991494,19.3881914585304,-337.37035398672225,-299.73391576765755,1.0048171625292996,0.9998684514675906,1.0572123200855463,1.0337816278202172,1.0109579811220357,0.9976466995386478,0.9953072083676721,1.0008908343471248,1.0030646444522129,7.53e-5,-0.002395798845680149,0.30699740934381203,0.5872495604379192,0.022168754422543395,0.14944743970031857,0.7938784097519812
0.5084798397914873,-0.0024713440741666384,0.5235987755982988,24.411406120577453,-339.6643382769745,-302.2455230986811,1.0068821292154908,0.9998630847796939,1.0713852547122926,1.0351643349722197,1.0117933933773404,0.997158020895405,0.995230043849072,1.00102340158949,1.0020410239516906,7.53e-5,-0.0023960440741666385,0.30699740934381203,0.5872495604379192,0.02221529762281549,0.14960541931167085,0.7938784097519812
0.5084798397914873,-0.0024709640038816164,0.7853981633974483,29.072341713636206,-341.785120496729,-304.57599089521045,1.0094834125368268,0.9998355550982363,1.0836831654873496,1.0357382549304441,1.0123804761854367,0.9967092619277276,0.9950097556337602,1.0011306693869768,1.001135209124898,7.53e-5,-0.0023956640038816164,0.30699740934381203,0.5872495604379192,0.022252958077998215,0.14973313025738216,0.7938784097519812
0.5084798397914873,-0.0024697941130115628,1.0471975511965976,32.686875733370016,-343.42119335954135,-306.38325790507736,1.012289870438337,0.9997841673296017,1.092425454138675,1.0356693322861383,1.0127048771834168,0.9963559721512054,0.994544074836942,1.0011943274846091,1.0003908833520796,7.53e-5,-0.002394494113011563,0.30699740934381203,0.5872495604379192,0.02227707500475514,0.14981485807387676,0.7938784097519812
0.5084798397914873,-0.002467765125788926,1.3089969389957472,34.67603280034746,-344.3169963702579,-307.3778364385661,1.0148065454517876,0.9997151401062092,1.0963574163432657,1.0351273824092386,1.0127980808310795,0.9961134661962281,0.9939274068022304,1.001212357398581,0.9998652095183994,7.53e-5,-0.002392465125788926,0.30699740934381203,0.5872495604379192,0.022284672282366805,0.1498405948911257,0.7938784097519812
0.5084798397914873,-0.002464983118588908,1.5707963267948966,34.7255892392069,-344.34201553862323,-307.4026146579958,1.0166358607668116,0.9996379841768711,1.0948398674198077,1.0342435344643166,1.0126688318187673,0.9960098470545773,0.993228552095556,1.0011796721598314,0.9995765198600475,7.53e-5,-0.002389683118588908,0.30699740934381203,0.5872495604379192,0.022274232154048973,0.1498052264255949,0.7938784097519812
0.5084798397914873,-0.0024616879714546972,1.8325957145940461,32.868449373259864,-343.51805576045695,-306.4740447250223,1.0173998634612225,0.9995708706062593,1.0879924078886136,1.033122946126578,1.012372102871739,0.9960140781124159,0.9926549867944321,1.0011194221412738,0.9995904542097137,7.53e-5,-0.0023863879714546973,0.30699740934381203,0.5872495604379192,0.022248052532888793,0.14971650097380038,0.7938784097519812
0.5084798397914873,-0.0024582484658777198,2.0943951023931953,29.458113134210635,-342.00421267663575,-304.76887660549767,1.0171586438174456,0.9995200040399383,1.076753929475795,1.0316798685240696,1.0118532137866705,0.9961626485881836,0.9922194410004155,1.0010241760728078,0.9998702029342982,7.53e-5,-0.00238294846587772,0.30699740934381203,0.5872495604379192,0.02220790088962243,0.14958032371047245,0.7938784097519812
0.5084798397914873,-0.0024550413004950714,2.356194490192345,25.054414909694174,-340.03899089775206,-302.56702749323944,1.0160822363201831,0.9994919317616414,1.062667987009309,1.0299057327761187,1.011128274666027,0.9964352532051602,0.9919680516510552,1.0009099457105448,1.0004120507732215,7.53e-5,-0.0023797413004950714,0.30699740934381203,0.5872495604379192,0.022158866746495778,0.14941385751391387,0.7938784097519812
0.5084798397914873,-0.00245241076338917,2.6179938779914944,20.2755990303242,-337.89388207906046,-300.17761955355445,1.0144639903881703,0.9994861151973139,1.0471053136030435,1.0277227610698105,1.0101905924051058,0.9968181444770936,0.9919083388541982,1.0007871916427475,1.0011770787862055,7.53e-5,-0.00237711076338917,0.30699740934381203,0.5872495604379192,0.022104932339030308,0.14923054736468544,0.7938784097519812
0.5084798397914873,-0.0024505888242788644,2.8797932657906435,15.66888968647936,-335.8068565320196,-297.87426488163203,1.012622905785738,0.9994997582735272,1.0317267434265134,1.0252121714020221,1.009105166840168,0.9972658816036647,0.9920464389850827,1.000674011543969,1.0021317768785576,7.53e-5,-0.0023752888242788645,0.30699740934381203,0.5872495604379192,0.022051247716221602,0.1490478689848133,0.7938784097519812
0.5084798397914873,-0.0024496827340952103,3.141592653589793,11.629416539430395,-333.9575964016706,-295.85452830810755,1.010884581978676,0.9995257087266652,1.017735331749562,1.0224997055183995,1.0079184931778027,0.9977638809521152,0.9922544670685929,1.0005723998112075,1.0031806145208213,7.53e-5,-0.0023743827340952104,0.30699740934381203,0.5872495604379192,0.02200126773753854,0.14887760131826916,0.7938784097519812
0.5084798397914873,-0.0024497033121567034,3.4033920413889422,8.372776138492554,-332.4503221743203,-294.2262081076386,1.0094212531696538,0.9995573830092342,1.005982856355149,1.0198004791575275,1.0067282331349388,0.9982695152858195,0.9925006623024215,1.0004889821218328,1.0042464198267207,7.53e-5,-0.0023744033121567035,0.30699740934381203,0.5872495604379192,0.021958142220166895,0.14873053286964782,0.7938784097519812
0.5084798397914873,-0.0024505892345190604,3.6651914291880923,5.951093731751598,-331.3173354174122,-293.01536690426815,1.0082945627970419,0.9995892656466292,0.9969507673340678,1.0173699644766256,1.0056407307899693,0.9987417948692331,0.9927653629453833,1.0004247029866504,1.0052512495353576,7.53e-5,-0.0023752892345190605,0.30699740934381203,0.5872495604379192,0.02192405219466265,0.14861417769919755,0.7938784097519812
0.5084798397914873,-0.002452180802762791,3.9269908169872414,4.296754946523492,-330.53537577406416,-292.1881975116541,1.0074637620396876,0.9996193136023996,0.9908324720931332,1.0154784843528446,1.0047502710907954,0.9991539759208633,0.9930074155272668,1.0003758665715923,1.0061226374113024,7.53e-5,-0.002376880802762791,0.30699740934381203,0.5872495604379192,0.021900353826169235,0.14853323894295414,0.7938784097519812
0.5084798397914873,-0.0024542957646342565,4.1887902047863905,3.279142839681981,-330.0498197230969,-291.67939145823334,1.00681974067089,0.9996467399056592,0.9875613192205169,1.0143512127134149,1.00414096694049,0.9994792516363212,0.9932373188171292,1.000338637053708,1.006810425880508,7.53e-5,-0.0023789957646342566,0.30699740934381203,0.5872495604379192,0.021887613215814453,0.1484897073174664,0.7938784097519812
0.5084798397914873,-0.00245672084336805,4.4505895925855405,2.762964317390697,-329.8004233436573,-291.4213021970877,1.0062320752662621,0.9996725695132822,0.9869012614133922,1.0141452565225957,1.0038667925051448,0.9997028403428424,0.9934505432193612,1.0003105449320102,1.0072780730369,7.53e-5,-0.00238142084336805,0.30699740934381203,0.5872495604379192,0.02188575670938194,0.1484833630441582,0.7938784097519812
0.5084798397914873,-0.002459253574879795,4.71238898038469,2.6589734857651592,-329.7451307518023,-291.36930678127493,1.0055986058638762,0.9996980489796894,0.9885950141205097,1.0149253889660819,1.003954362540618,0.999814581764101,0.9936559742777191,1.0002932964893911,1.007505900972947,7.53e-5,-0.002383953574879795,0.30699740934381203,0.5872495604379192,0.02189431373734161,0.14851260294432572,0.7938784097519812
0.5084798397914873,-0.002461731015940707,4.974188368183839,2.9584707260387404,-329.8771871327119,-291.5190554014117,1.0048833737793061,0.9997235700997253,0.992483919676989,1.0166538722578624,1.0044024746259796,0.9998077496773908,0.9938792673324209,1.0002924328393632,1.007487258257467,7.53e-5,-0.002386431015940707,0.30699740934381203,0.5872495604379192,0.021912668017865056,0.14857530183489995,0.7938784097519812
0.5084798397914873,-0.0024640243915401293,5.235987755982989,3.7432698111707623,-330.23137734441315,-291.91145494397773,1.0041205671754279,0.9997498029974556,0.9984715978158006,1.019181949496703,1.0051743605676877,0.9996821670522977,0.9941230326819256,1.0003166551148372,1.0072219515270102,7.53e-5,-0.0023887243915401294,0.30699740934381203,0.5872495604379192,0.02194006094910801,0.14866882935989717,0.7938784097519812
0.5084798397914873,-0.002466062812958522,5.497787143782138,5.165348207225293,-330.87614121299765,-292.622494142005,1.00342749042793,0.9997771341156859,1.0065484792445938,1.0222603757837032,1.0062064589001602,0.9994399251721766,0.9943965667447154,1.0003739857292508,1.006721303899939,7.53e-5,-0.002390762812958522,0.30699740934381203,0.5872495604379192,0.021975629140897564,0.14879018450158643,0.7938784097519812
0.5084798397914873,-0.002467794715798961,5.759586531581287,7.396241694978698,-331.89072410081184,-293.7379408858817,1.0029667370759234,0.9998075212530132,1.0167074763134976,1.0255904466552528,1.0074003112431906,0.999099259218303,0.9946451632341002,1.0004671985529978,1.006004247476822,7.53e-5,-0.002392494715798961,0.30699740934381203,0.5872495604379192,0.022018226453077775,0.14893539604018408,0.7938784097519812
0.5084798397914873,-0.0024692313517055914,6.021385919380437,10.553966902291222,-333.3309442960926,-295.31680348953796,1.0029245938506,0.9998333545699013,1.0288591147001331,1.0288232618143653,1.008668898854056,0.9986626622035631,0.9949295348024109,1.0005927161090014,1.0051181206416033,7.53e-5,-0.0023939313517055915,0.30699740934381203,0.5872495604379192,0.022066407543185576,0.1490994769428749,0.7938784097519812
0.5084798397914873,-0.0024703616609624687,6.283185307179586,14.622891335076702,-335.19144100854675,-297.3512657059307,1.0035051467701994,0.9998558602135166,1.0426135188621761,1.0316081319024843,1.0098911744533086,0.998159477550786,0.9951913945682772,1.0007412066202763,1.0041124686209595,7.53e-5,-0.0023950616609624688,0.30699740934381203,0.5872495604379192,0.022117595995879664,0.14927360772248274,0.7938784097519812
0.5206032120410252,-0.002471880008782625,0.0,13.494440513814197,-334.7169707209901,-296.78704029529945,1.003910661635936,0.9998398800404363,1.0367237176607975,1.0296902717931744,1.0095211831011262,0.9980216701752915,0.9948184353105336,1.0007885619499637,1.0038581589511142,7.53e-5,-0.002396580008782625,0.30699740934381203,0.5872495604379192,0.022090077240149966,0.14918002005652434,0.8060072105019476
0.5206032120410252,-0.002472592908921807,0.2617993877991494,18.060023473788306,-336.8112786409509,-299.0698317752865,1.005173079086065,0.9998510710571176,1.0509295889755768,1.0319093755535662,1.0106203999147423,0.9974912803656635,0.9949977560671727,1.0009420891456184,1.002809058939236,7.53e-5,-0.0023972929089218073,0.30699740934381203,0.5872495604379192,0.02214106969250779,0.14935339371224268,0.8060072105019476
0.5206032120410252,-0.0024727775570185773,0.5235987755982988,22.884619191128877,-339.0197632782317,-301.4821296339568,1.0071383379345253,0.9998463989294814,1.0647385212041944,1.0333661322888095,1.0114868950474927,0.9969914991262057,0.9949653096605805,1.0010776120325404,1.0017873164466147,7.53e-5,-0.0023974775570185774,0.30699740934381203,0.5872495604379192,0.022187611029110703,0.14951146339217816,0.8060072105019476
0.5206032120410252,-0.0024723047269859617,0.7853981633974483,27.372765269146157,-341.06639040357135,-303.7262026729654,1.009651100456142,0.9998200429118659,1.0766724480174308,1.0340375717929113,1.0120862337283543,0.9965548043471023,0.9946957154533507,1.0011800282458097,1.0008642494117188,7.53e-5,-0.0023970047269859618,0.30699740934381203,0.5872495604379192,0.022224992760508565,0.14963830674642473,0.8060072105019476
0.5206032120410252,-0.002471072152930219,1.0471975511965976,30.866795033548442,-342.6512343633862,-305.47321755516657,1.0123112855427168,0.9997722231369273,1.0851836498122482,1.0340343309674263,1.0124396994497642,0.9961893126025296,0.9943003938170734,1.0012484344072006,1.000134627053242,7.53e-5,-0.0023957721529302193,0.30699740934381203,0.5872495604379192,0.02224941955222198,0.1497211352060614,0.8060072105019476
0.5206032120410252,-0.0024689939448947857,1.3089969389957472,32.80873995197874,-343.5283811467917,-306.4441900143817,1.0147198254865333,0.9997068357937208,1.0890097776995056,1.0335259324399424,1.0125414636835064,0.9959474595947708,0.9937154493380167,1.001266430693402,0.999612492707324,7.53e-5,-0.002393693944894786,0.30699740934381203,0.5872495604379192,0.02225714375402718,0.14974731784410097,0.8060072105019476
0.5206032120410252,-0.002466185049893431,1.5707963267948966,32.893323603715544,-343.56952070869903,-306.4864818402501,1.0164698540293429,0.9996336066912201,1.0875648874779422,1.0326383645829234,1.0124124264287724,0.995843817819863,0.9930492176135644,1.0012339618839217,0.9993284437840799,7.53e-5,-0.002390885049893431,0.30699740934381203,0.5872495604379192,0.022247006399476764,0.14971295445945298,0.8060072105019476
0.5206032120410252,-0.0024628860584431376,1.8325957145940461,31.147776054352903,-342.7941953111606,-305.6137080655688,1.0171936666722337,0.9995700483729104,1.0809183785182215,1.0314705381121014,1.012103873508504,0.9958478005118956,0.9925085447094018,1.0011743675424787,0.9993525755237767,7.53e-5,-0.0023875860584431376,0.30699740934381203,0.5872495604379192,0.022221071923885245,0.14962500749519062,0.8060072105019476
0.5206032120410252,-0.0024594659320681554,2.0943951023931953,27.9077219880985,-341.35172735582955,-303.9936810324416,1.0169761671461306,0.9995213966121123,1.0700406535106923,1.0299612421711284,1.0115629806148136,0.9960031760233637,0.9920897651367557,1.0010765907991082,0.9996386476176718,7.53e-5,-0.0023841659320681555,0.30699740934381203,0.5872495604379192,0.02218122096514991,0.1494897702364887,0.8060072105019476
0.5206032120410252,-0.0024562709500138102,2.356194490192345,23.708552954526567,-339.47359066321997,-301.89409651565563,1.0159368093966157,0.9994948475810462,1.0563023377209617,1.028080949315855,1.010805112126643,0.9962830849174541,0.9918261520665697,1.0009592960846103,1.000178855785913,7.53e-5,-0.0023809709500138103,0.30699740934381203,0.5872495604379192,0.02213212208655434,0.14932298609840977,0.8060072105019476
0.5206032120410252,-0.002453668430402054,2.6179938779914944,19.143507079344317,-337.41721652002803,-299.6115735780645,1.0143471193939677,0.999490136736523,1.0411898434949323,1.0258258131343119,1.0098604763605539,0.9966549457068766,0.9918065491700337,1.0008400145170326,1.0009651610245178,7.53e-5,-0.002378368430402054,0.30699740934381203,0.5872495604379192,0.022078703724358672,0.14914132358691476,0.8060072105019476
0.5206032120410252,-0.0024518676529731234,2.8797932657906435,14.738696837924635,-335.4140127763976,-297.40916845735467,1.0125715681428789,0.9995038967100845,1.0262136171691698,1.0232361845290392,1.0087519039562787,0.9971071625009151,0.9919319066633231,1.000724312288613,1.0019248874811075,7.53e-5,-0.0023765676529731235,0.30699740934381203,0.5872495604379192,0.02202507820917151,0.14895874041940535,0.8060072105019476
0.5206032120410252,-0.0024509840267161165,3.141592653589793,10.874166291456163,-333.636760110371,-295.47690318412043,1.0108985718665089,0.9995293221025185,1.0125414843002514,1.02045956882284,1.007545530398738,0.997610394621885,0.9921185722606348,1.0006195916580045,1.0029763739491955,7.53e-5,-0.0023756840267161166,0.30699740934381203,0.5872495604379192,0.02197510931644786,0.1487884116037081,0.8060072105019476
0.5206032120410252,-0.0024510426347448093,3.4033920413889422,7.756825266010651,-332.1860047214712,-293.9182326713977,1.0094901775507483,0.999559600374516,1.0010296114283148,1.0177101181728705,1.0063466643991428,0.9981143258432832,0.9923708984240702,1.0005345026962613,1.0040502858783302,7.53e-5,-0.0023757426347448094,0.30699740934381203,0.5872495604379192,0.021931980934829037,0.1486412477522635,0.8060072105019476
0.5206032120410252,-0.002451956707560721,3.6651914291880923,5.435703600922125,-331.0927159940101,-292.7576718388534,1.0084133772352226,0.9995900924810434,0.992181611165791,1.0152516639679092,1.0052502128068876,0.9985901092489226,0.9926195375816381,1.0004674448452362,1.00505800677781,7.53e-5,-0.002376656707560721,0.30699740934381203,0.5872495604379192,0.02189785732275342,0.14852470996184594,0.8060072105019476
0.5206032120410252,-0.0024535895304025374,3.9269908169872414,3.844286311753308,-330.33464652877103,-291.961963194269,1.0076283340229713,0.9996181157578944,0.9862019159923052,1.0133467461180814,1.0043582563535913,0.9990022190617929,0.9928630129571833,1.000416570857558,1.0059339829852902,7.53e-5,-0.0023782895304025374,0.30699740934381203,0.5872495604379192,0.021874117723527674,0.14844358292962323,0.8060072105019476
0.5206032120410252,-0.002455739331992708,4.1887902047863905,2.8556901959158267,-329.85920936145266,-291.46766513635026,1.007026049802028,0.9996436825488083,0.9829941574437203,1.0122178807181508,1.0037464756930454,0.9993303725725613,0.9930756446642923,1.0003777314040623,1.0066213882811053,7.53e-5,-0.002380439331992708,0.30699740934381203,0.5872495604379192,0.02186130572442089,0.14839978168603782,0.8060072105019476
0.5206032120410252,-0.0024581994189623734,4.4505895925855405,2.3393388432566553,-329.60865583498764,-291.2094894600207,1.0064798977991354,0.9996676376033684,0.9823116829420809,1.0120115318118506,1.0034693388537412,0.9995568366050285,0.9932682097596661,1.0003493267161123,1.007087028143744,7.53e-5,-0.0023828994189623734,0.30699740934381203,0.5872495604379192,0.021859310214590488,0.14839295837299102,0.8060072105019476
0.5206032120410252,-0.0024607736524376042,4.71238898038469,2.2101150944450865,-329.5430432213066,-291.1448775856149,1.00589218364068,0.9996907815736662,0.9839559887970345,1.0127946336315217,1.0035572841990696,0.9996688387996163,0.9934622651559502,1.0003329426571905,1.0073116632128771,7.53e-5,-0.0023854736524376043,0.30699740934381203,0.5872495604379192,0.021867731958454144,0.14842175305284436,0.8060072105019476
0.5206032120410252,-0.0024632767506910774,4.974188368183839,2.4615663021763794,-329.6566672605288,-291.27060318948054,1.0052189316844111,0.9997147894994327,0.9877037972771904,1.01452419479108,1.0040018912522761,0.9996636992928781,0.993651858052178,1.000334563895921,1.0072854287992141,7.53e-5,-0.0023879767506910774,0.30699740934381203,0.5872495604379192,0.02188587895734445,0.1484837808124418,0.8060072105019476
0.5206032120410252,-0.0024655969709854917,5.235987755982989,3.1752150470770175,-329.9838906460584,-291.62742756193086,1.0044981755847677,0.9997391311359699,0.9935739218226476,1.0170665817330755,1.0047762748328704,0.99953704432889,0.9938729292155617,1.0003615150865954,1.007010865476254,7.53e-5,-0.0023902969709854918,0.30699740934381203,0.5872495604379192,0.021913164098287998,0.14857699610732839,0.8060072105019476
0.5206032120410252,-0.002467655729997981,5.497787143782138,4.500576973457555,-330.5915426388526,-292.2901085251211,1.0038399568644396,0.999764522709316,1.0014898433038373,1.0201642329532805,1.005812840749456,0.9992924615884663,0.9941291692261599,1.000421510642165,1.0064995319371297,7.53e-5,-0.002392355729997981,0.30699740934381203,0.5872495604379192,0.02194858862211498,0.1486979336925408,0.8060072105019476
0.5206032120410252,-0.002469392705381944,5.759586531581287,6.606038802452531,-331.55663431750867,-293.3428394396186,1.0034008806718016,0.999793013494919,1.0114319896033663,1.0235223930222954,1.0070146518893615,0.9989488397961424,0.9943646289870667,1.0005166815455382,1.0057716585911878,7.53e-5,-0.0023940927053819443,0.30699740934381203,0.5872495604379192,0.021991049773843963,0.14884276833594054,0.8060072105019476
0.5206032120410252,-0.0024708167330832215,6.021385919380437,9.60817852952664,-332.93351126702373,-294.84390930315567,1.0033614145858791,0.9998174597243301,1.0233091800940133,1.026800177821934,1.0082952705887234,0.998509077244758,0.9946372244739632,1.0006437697865447,1.0048760305856188,7.53e-5,-0.0023955167330832216,0.30699740934381203,0.5872495604379192,0.022039063991469512,0.14900637987663434,0.8060072105019476
0.5206032120410252,-0.0024718800087826223,6.283185307179586,13.494440513812606,-334.7169707209893,-296.78704029529865,1.0039106616359326,0.9998398800404363,1.0367237176607973,1.0296902717931744,1.009521183101127,0.9980216701752906,0.9948184353105345,1.000788561949964,1.003858158951113,7.53e-5,-0.0023965800087826224,0.30699740934381203,0.5872495604379192,0.022090077240149972,0.14918002005652437,0.8060072105019476
0.5327144613116285,-0.0024766158756389144,0.0,12.011924081635243,-334.05970675282555,-296.04578207920997,1.0042197914987392,0.9998262007058487,1.0307591905274653,1.027569240417487,1.0091579494637606,0.9978357752371008,0.9941216336893755,1.000854069011582,1.0035629507101607,7.53e-5,-0.0024013158756389145,0.30699740934381203,0.5872495604379192,0.022062236720990416,0.14908528011748998,0.818136011251914
0.5327144613116285,-0.002477237585102314,0.2617993877991494,16.379112873898634,-336.0699080991757,-298.22937647534167,1.0054166260952584,0.9998377741182942,1.0445619867596188,1.0298890628501736,1.0102655397780584,0.9973181065727108,0.9942344989149943,1.0010036777803504,1.0025011478313783,7.53e-5,-0.002401937585102314,0.30699740934381203,0.5872495604379192,0.02211298203881876,0.149257920234155,0.818136011251914
0.5327144613116285,-0.002477342265075182,0.5235987755982988,21.00926146384802,-338.19549555042465,-300.54445077031636,1.0072958856756544,0.9998338430138313,1.0579782163796345,1.0314405714656347,1.0111492408967002,0.9968248660257398,0.9941722312035431,1.00113604256669,1.0014688115212396,7.53e-5,-0.002402042265075182,0.30699740934381203,0.5872495604379192,0.022159325250440502,0.14941541492392196,0.818136011251914
0.5327144613116285,-0.002476807942992401,0.7853981633974483,25.331888174471487,-340.17117781731736,-302.7057641256281,1.0096718270248954,0.999809584308681,1.0696226444121801,1.0321971447160463,1.0117868920174178,0.9963696592958768,0.9939948991153762,1.001244583346012,1.0005649908243515,7.53e-5,-0.002401507942992401,0.30699740934381203,0.5872495604379192,0.02219698842020848,0.14954329247723971,0.818136011251914
0.5327144613116285,-0.0024754748141152384,1.0471975511965976,28.715295552517887,-341.7101217159696,-304.3974678146513,1.0122347311942583,0.9997637419173466,1.077962352692218,1.032265032637451,1.012141269775511,0.9960223143835748,0.993573380922421,1.0013055440641743,0.999821628239733,7.53e-5,-0.0024001748141152385,0.30699740934381203,0.5872495604379192,0.022221154275146843,0.14962528683769896,0.818136011251914
0.5327144613116285,-0.002473349569964428,1.3089969389957472,30.621149996073314,-342.5733449633863,-305.350395036429,1.014538273408514,0.9997024268836119,1.0816995022456704,1.0317982058051673,1.012257771451469,0.9957769575513332,0.9930292471343013,1.0013251198846524,0.9993082949719166,7.53e-5,-0.0023980495699644283,0.30699740934381203,0.5872495604379192,0.022229258290309827,0.1496527738750208,0.818136011251914
0.5327144613116285,-0.0024705118791375053,1.5707963267948966,30.751312653945547,-342.6352195965068,-305.4154763653651,1.0161780469075044,0.9996346343088544,1.080306114698625,1.0309287506595957,1.012148096571741,0.9956569187172899,0.9924252736717794,1.001300180014582,0.999047411981586,7.53e-5,-0.0023952118791375054,0.30699740934381203,0.5872495604379192,0.022219953974213055,0.1496212152644336,0.818136011251914
0.5327144613116285,-0.002467196630488329,1.8325957145940461,29.125629536272072,-341.9113806520474,-304.6026348065284,1.0169431555753012,0.9995712178110246,1.073957311897145,1.0296963679857112,1.0118001334856161,0.9956891302928303,0.9918399752810463,1.0012278656718874,0.9990430701568234,7.53e-5,-0.002391896630488329,0.30699740934381203,0.5872495604379192,0.022193789106063608,0.14953243398633098,0.818136011251914
0.5327144613116285,-0.0024637729082194896,2.0943951023931953,26.060641654502888,-340.543229332088,-303.0701408656438,1.0166735278964045,0.99952713034046,1.0634118297876345,1.028144992945095,1.0112649875278972,0.9958253290007566,0.9914868454309047,1.0011391270456746,0.9993628980329096,7.53e-5,-0.0023884729082194896,0.30699740934381203,0.5872495604379192,0.022154834418033537,0.1494001601405855,0.818136011251914
0.5327144613116285,-0.0024606061982633213,2.356194490192345,22.066968075150726,-338.7512003200256,-301.0733040759677,1.0156734856178222,0.999502119357762,1.0500711976179857,1.0261927466244398,1.0104884543818091,0.9961077418973198,0.991256509381441,1.0010209551985259,0.9999175448355205,7.53e-5,-0.0023853061982633214,0.30699740934381203,0.5872495604379192,0.022106145624329613,0.1492346734327944,0.818136011251914
0.5327144613116285,-0.0024580146271065933,2.6179938779914944,17.713272553175557,-336.7827330926997,-298.8964563149801,1.0141488973239943,0.9994980825945794,1.035390417779721,1.023856124656496,1.0095156832659264,0.9964890483099665,0.991208479649065,1.0008978147174463,1.0007025192491565,7.53e-5,-0.0023827146271065934,0.30699740934381203,0.5872495604379192,0.022052871393146593,0.149053397228474,0.818136011251914
0.5327144613116285,-0.0024562409887259875,2.8797932657906435,13.50546362470675,-334.86098190382984,-296.7925518507457,1.0124310007323611,0.9995118116317433,1.0207956951949688,1.021198960280429,1.0083899129844651,0.9969429903074484,0.9913334270820018,1.0007808828029048,1.0016707865550292,7.53e-5,-0.0023809409887259876,0.30699740934381203,0.5872495604379192,0.0219994439685969,0.14887138467969654,0.818136011251914
0.5327144613116285,-0.002455385890580094,3.141592653589793,9.8096575854521,-333.1527495270069,-294.9446488311184,1.0108135429757958,0.9995366362115446,1.007436914922318,1.018365144482659,1.0071696568484156,0.9974478873260854,0.9915151504811416,1.0006744346391,1.0027286359093388,7.53e-5,-0.002380085890580094,0.30699740934381203,0.5872495604379192,0.021949575712817308,0.14870130220494485,0.818136011251914
0.5327144613116285,-0.002455480092848487,3.4033920413889422,6.825125346450932,-331.75534800201575,-293.4523827116178,1.0094570895980688,0.9995659079569952,0.9961615814505274,1.015571935693716,1.0059600611280615,0.997953508432028,0.991762508601816,1.0005874341604868,1.003808115469251,7.53e-5,-0.002380180092848487,0.30699740934381203,0.5872495604379192,0.021906443780883984,0.14855404249234955,0.818136011251914
0.5327144613116285,-0.0024564361254791308,3.6651914291880923,4.598530647976759,-330.69893616438526,-292.33908536238073,1.0084256566801066,0.9995950374030571,0.9874874087797694,1.0130840820785962,1.004856938540408,0.9984304700541216,0.9920089950401121,1.000518497945571,1.0048206396650607,7.53e-5,-0.002381136125479131,0.30699740934381203,0.5872495604379192,0.021872264740849256,0.14843724878889725,0.818136011251914
0.5327144613116285,-0.0024581059993321994,3.9269908169872414,3.0648192794668603,-329.9622583139205,-291.5722296781258,1.0076797555942865,0.999621583725607,0.9816300258879646,1.0111664668456621,1.0039604833530722,0.998845116693616,0.992235409211911,1.0004658424287989,1.0056965605208539,7.53e-5,-0.0023828059993321994,0.30699740934381203,0.5872495604379192,0.021848458114254083,0.14835584609416474,0.818136011251914
0.5327144613116285,-0.002460291101211459,4.1887902047863905,2.100853791495979,-329.4947869721303,-291.09024693414034,1.0071149511908537,0.9996458103715203,0.9784000497525875,1.0100204640776587,1.0033403157226033,0.999177817856874,0.9924242995341561,1.0004259567371656,1.0063831647770138,7.53e-5,-0.002384991101211459,0.30699740934381203,0.5872495604379192,0.021835416705178443,0.14831123484046344,0.818136011251914
0.5327144613116285,-0.0024627927024117066,4.4505895925855405,1.580577283375419,-329.2411985536814,-290.83010868008006,1.0066083715213519,0.9996678697010997,0.9776866328302701,1.0098058631323303,1.003060032045745,0.9994054511927657,0.9926012421659894,1.0003977110949764,1.0068465057031883,7.53e-5,-0.0023874927024117067,0.30699740934381203,0.5872495604379192,0.02183320232549938,0.1483036587326255,0.818136011251914
0.5327144613116285,-0.002465408372595728,4.71238898038469,1.4227324033590776,-329.1635556364067,-290.7511862400719,1.0060642345496031,0.9996888596772632,0.9792620871544513,1.0105830285610915,1.003146146590049,0.9995171731791468,0.992778257471217,1.000382595024166,1.007065809555836,7.53e-5,-0.002390108372595728,0.30699740934381203,0.5872495604379192,0.02184137414546657,0.14833161530294076,0.818136011251914
0.5327144613116285,-0.002467961611002497,4.974188368183839,1.6228853201861284,-329.2571265211352,-290.8512626984854,1.0054405774931578,0.9997100508120564,0.9829301194611555,1.0123095059079321,1.0035927755026743,0.9995087785900533,0.9929664481376648,1.0003861751896774,1.0070336985741386,7.53e-5,-0.002392661611002497,0.30699740934381203,0.5872495604379192,0.02185928713302563,0.1483928794476483,0.818136011251914
0.5327144613116285,-0.0024703109604998622,5.235987755982989,2.2621633374242265,-329.5559247021855,-291.17090170710446,1.004761349305583,0.999732499252672,0.9886194840757574,1.0148464454956239,1.0043643924619605,0.9993811898468276,0.9931619915899701,1.0004160042213663,1.0067484420003157,7.53e-5,-0.0023950109604998623,0.30699740934381203,0.5872495604379192,0.02188625923224245,0.14848508035066427,0.818136011251914
0.5327144613116285,-0.0024723909351047233,5.497787143782138,3.487654686453766,-330.1250174498791,-291.78364738161923,1.0041436863413897,0.9997564619053175,0.9963495603069707,1.017954833140291,1.0054030206998619,0.9991343690937629,0.9933938692110339,1.000478783948903,1.0062263022449565,7.53e-5,-0.0023970909351047234,0.30699740934381203,0.5872495604379192,0.02192143626617408,0.14860524542937525,0.818136011251914
0.5327144613116285,-0.0024741223341790304,5.759586531581287,5.464807025107461,-331.03951322504855,-292.7722235509461,1.0037156113213888,0.9997815513285334,1.0060468349707699,1.0213364435454908,1.00661103349537,0.9987873688934491,0.9936119796956167,1.0005754727001903,1.0054865980706895,7.53e-5,-0.0023988223341790305,0.30699740934381203,0.5872495604379192,0.02196365196749363,0.14874933030242002,0.818136011251914
0.5327144613116285,-0.002475540571096132,6.021385919380437,8.30917861305852,-332.35254522627974,-294.1944093449216,1.0036878001484537,0.999805669548798,1.0176489601798724,1.024647546339156,1.0078999688485304,0.9983453015968137,0.9938720320624427,1.0007038540071187,1.0045801019777616,7.53e-5,-0.002400240571096132,0.30699740934381203,0.5872495604379192,0.022011352627024604,0.14891197289928543,0.818136011251914
0.5327144613116285,-0.002476615875638917,6.283185307179586,12.011924081632628,-334.0597067528239,-296.04578207920866,1.0042197914987354,0.9998262007058488,1.030759190527507,1.027569240417496,1.009157949463761,0.9978357752371023,0.9941216336893759,1.0008540690115817,1.0035629507101622,7.53e-5,-0.002401315875638917,0.30699740934381203,0.5872495604379192,0.0220622367209905,0.14908528011749025,0.818136011251914
0.5448064613154395,-0.0024841940863399178,0.0,10.448589496839759,-333.3518016949956,-295.26411478681223,1.0044237980005557,0.9998171144149554,1.02467367294384,1.0253469326636042,1.0087578751290591,0.9976572801362079,0.9926887636938019,1.0009154648713072,1.0031883684830216,7.53e-5,-0.002408894086339918,0.30699740934381203,0.5872495604379192,0.02203511262580817,0.14899292192610014,0.8302648120018805
0.5448064613154395,-0.0024847676826572573,0.2617993877991494,14.618840678402648,-335.27921250069966,-297.3492403775937,1.0055614853935173,0.9998283655562574,1.0381239674901444,1.0277320221247672,1.0098848054613287,0.9971345157698934,0.9928071853068976,1.0010653177280073,1.0021214494530848,7.53e-5,-0.0024094676826572573,0.30699740934381203,0.5872495604379192,0.022085539682028924,0.14916458294784063,0.8302648120018805
0.5448064613154395,-0.0024847843319930414,0.5235987755982988,19.05821495500777,-337.3240403325875,-299.56892751589623,1.0073470036625911,0.9998235740571776,1.0511581819615352,1.0293717385079648,1.010790106200674,0.9966406339162414,0.992753868975327,1.0011959444320409,1.0010831940156164,7.53e-5,-0.0024094843319930415,0.30699740934381203,0.5872495604379192,0.022131657441803152,0.1493214068819968,0.8302648120018805
0.5448064613154395,-0.0024841856920702894,0.7853981633974483,23.22133607343028,-339.23218796563896,-301.6504880751075,1.0096149746636691,0.9998024449147606,1.0625009020921117,1.0302166750918518,1.0114515451204495,0.9961852650986271,0.9925886529467995,1.00130390174937,1.0001816239460624,7.53e-5,-0.0024088856920702895,0.30699740934381203,0.5872495604379192,0.022169411627624425,0.14944967155117522,0.8302648120018805
0.5448064613154395,-0.002482796265538297,1.0471975511965976,26.50196506602856,-340.7281152220302,-303.29080257140663,1.0120646020911945,0.9997595338176534,1.070607868465095,1.0303670614598723,1.0118340893616176,0.995831210223326,0.99220881094653,1.001366790651157,0.9994458512685285,7.53e-5,-0.002407496265538297,0.30699740934381203,0.5872495604379192,0.02219399367040079,0.14953312830177587,0.8302648120018805
0.5448064613154395,-0.0024805980182132916,1.3089969389957472,28.380327515452677,-341.5810808232836,-304.2299837961187,1.0142707457044098,0.9997011513918647,1.0743338738858275,1.029946250491489,1.0119596884124697,0.9955895588335397,0.9916795987404671,1.0013842983210604,0.9989318878177231,7.53e-5,-0.0024052980182132917,0.30699740934381203,0.5872495604379192,0.022202442877410418,0.1495618031736504,0.8302648120018805
0.5448064613154395,-0.0024777042340214253,1.5707963267948966,28.56400381139622,-341.66720207289575,-304.32182194409046,1.0158418132608997,0.9996373760322367,1.0730921061141447,1.0290877190123702,1.0118488634164813,0.9954741140708354,0.9911105598289838,1.001358191627009,0.9986825255364811,7.53e-5,-0.0024024042340214254,0.30699740934381203,0.5872495604379192,0.02219361785827571,0.14953185274877218,0.8302648120018805
0.5448064613154395,-0.0024743594958853486,1.8325957145940461,27.064109617177678,-340.9977185127945,-303.5718748469812,1.0165360870786746,0.9995791673552255,1.067006894644174,1.0278467362726402,1.0115074566968685,0.995495939972521,0.9905917827336315,1.0012917895746702,0.9987096628660652,7.53e-5,-0.0023990594958853487,0.30699740934381203,0.5872495604379192,0.02216836163830967,0.14944610580014242,0.8302648120018805
0.5448064613154395,-0.0024709301391805084,2.0943951023931953,24.177317154467005,-339.7041910377858,-302.12847861562585,1.0163141566882314,0.9995358418599561,1.0568666757630836,1.0262354579107607,1.0109469945168568,0.9956454065935855,0.9902067084820564,1.0011969007269723,0.999016765861456,7.53e-5,-0.0023956301391805084,0.30699740934381203,0.5872495604379192,0.02212975311903458,0.14931493437494314,0.8302648120018805
0.5448064613154395,-0.0024677693356105314,2.356194490192345,20.389204420569058,-337.99895459496435,-300.2344222486769,1.0153232542108166,0.999513072959435,1.0439343267199395,1.0242170566237807,1.0101587865351949,0.9959227159829928,0.9900125496900082,1.0010813637203926,0.9995917606357942,7.53e-5,-0.0023924693356105315,0.30699740934381203,0.5872495604379192,0.02208159077773448,0.14915114722159586,0.8302648120018805
0.5448064613154395,-0.002465186903189455,2.6179938779914944,16.24425924170737,-336.11706759731186,-298.16194965924603,1.0138746945568289,0.9995101799701755,1.0296726420665148,1.0218092606028497,1.0091552071848175,0.9963209782580439,0.9899244644011358,1.0009519780489422,1.0003712986943332,7.53e-5,-0.002389886903189455,0.30699740934381203,0.5872495604379192,0.02202852879221051,0.14897049543671806,0.8302648120018805
0.5448064613154395,-0.002463445068006727,2.8797932657906435,12.228979979939254,-334.27479399047394,-296.154310028362,1.0122053531148707,0.9995233566249971,1.015449340323299,1.0190967855286899,1.008018214196319,0.996773631891995,0.9900610966638411,1.000835102729176,1.0013507775352948,7.53e-5,-0.002388145068006727,0.30699740934381203,0.5872495604379192,0.02197543702471083,0.1487895292781956,0.8302648120018805
0.5448064613154395,-0.0024626294137114865,3.141592653589793,8.696510400655598,-332.6332229546915,-294.38807523872015,1.0106343617671523,0.999547465260822,1.0024099735908678,1.0162139977494375,1.0067898240388697,0.9972764490374474,0.9902571192598213,1.0007285009679285,1.0024194546349445,7.53e-5,-0.0023873294137114866,0.30699740934381203,0.5872495604379192,0.021925753104919656,0.148619985296126,0.8302648120018805
0.5448064613154395,-0.0024627587351576576,3.4033920413889422,5.8393487801308765,-331.2866495483546,-292.9594944284578,1.0093265870154224,0.9995759212153535,0.9913772486878759,1.0133853529421,1.0055701974889013,0.997785228770497,0.9904919615769715,1.0006396101049806,1.0035029169813634,7.53e-5,-0.0023874587351576577,0.30699740934381203,0.5872495604379192,0.02188267315154338,0.1484728249643339,0.8302648120018805
0.5448064613154395,-0.0024637604840929118,3.6651914291880923,3.7023933021039284,-330.2649734453184,-291.8910166894443,1.0083360477448693,0.9996040805079979,0.9828604142883703,1.0108685587771349,1.0044587189557552,0.9982651561119199,0.9907321969237363,1.0005689372492053,1.004518616080835,7.53e-5,-0.002388460484092912,0.30699740934381203,0.5872495604379192,0.0218484217995297,0.14835572188905455,0.8302648120018805
0.5448064613154395,-0.002465467334046123,3.9269908169872414,2.2223312103337776,-329.5477794210524,-291.15098564355924,1.0076260189048376,0.9996296789486974,0.9770366516836833,1.0089263566610756,1.0035518220665611,0.9986853120458216,0.9909342587494212,1.0005147102039131,1.005394442274373,7.53e-5,-0.002390167334046123,0.30699740934381203,0.5872495604379192,0.02182443434753153,0.14827365696028796,0.8302648120018805
0.5448064613154395,-0.002467694701796103,4.1887902047863905,1.2797615950964882,-329.0866812060692,-290.6797008359406,1.007097001558626,0.9996521194549368,0.9738197550224865,1.0077609635667029,1.0029279831940294,0.9990177187853488,0.9911060021983998,1.0004745858134547,1.0060780029774004,7.53e-5,-0.002392394701796103,0.30699740934381203,0.5872495604379192,0.021811144537918124,0.1482281714034858,0.8302648120018805
0.5448064613154395,-0.0024702408719351663,4.4505895925855405,0.7529514674135953,-328.8287053056532,-290.41629577209915,1.0066265241011965,0.9996723693693488,0.9730541274359138,1.0075321913592172,1.0026425057812078,0.9992469994830228,0.9912672367620649,1.0004468588950395,1.0065391373320831,7.53e-5,-0.0023949408719351663,0.30699740934381203,0.5872495604379192,0.021808660487080887,0.1482196680155824,0.8302648120018805
0.5448064613154395,-0.002472902799552176,4.71238898038469,0.5642375557345076,-328.7378223550308,-290.3219388162596,1.0061221927762565,0.9996914113667026,0.974528576985808,1.008294313219207,1.002723171169182,0.9993594416867856,0.9914301220542838,1.000433351231254,1.0067540849677326,7.53e-5,-0.002397602799552176,0.30699740934381203,0.5872495604379192,0.021816499172848253,0.14824649974758852,0.8302648120018805
0.5448064613154395,-0.0024755053892069265,4.974188368183839,0.7109786072719544,-328.8101976057638,-290.3953093420283,1.0055484725629533,0.9997105305001223,0.9780729351501257,1.0100024525288394,1.0031663312161754,0.9993484863942316,0.9916043857120922,1.000439253842807,1.006712358480318,7.53e-5,-0.0024002053892069265,0.30699740934381203,0.5872495604379192,0.021833993964130865,0.14830636722711651,0.8302648120018805
0.5448064613154395,-0.002477890050024731,5.235987755982989,1.2737824063856351,-329.07948349837216,-290.67671124158517,1.0049180428230453,0.9997305041920042,0.9835849306925929,1.0125201924586322,1.0039347692507234,0.9992174310009,0.9917875516879229,1.0004716748955729,1.006415735136513,7.53e-5,-0.002402590050024731,0.30699740934381203,0.5872495604379192,0.021860503995032775,0.14839704034270018,0.8302648120018805
0.5448064613154395,-0.002479994542685417,5.497787143782138,2.397327769326239,-329.60911802010907,-291.23848392305547,1.0043372727376647,0.9997518153865429,0.9911236450952421,1.0156299599560834,1.0049743009078682,0.9989670917096392,0.9920050997705417,1.000536927159311,1.005882151232131,7.53e-5,-0.002404694542685417,0.30699740934381203,0.5872495604379192,0.021895320419215783,0.14851604247203587,0.8302648120018805
0.5448064613154395,-0.002481775549671491,5.759586531581287,4.244293998890726,-330.472123535792,-292.1619670378377,1.0039560760245376,0.9997744151826271,1.0006400745305637,1.0190151253142783,1.0061995358221703,0.9986039742397029,0.9922474126048793,1.000637817835495,1.005134304582643,7.53e-5,-0.002406475549671491,0.30699740934381203,0.5872495604379192,0.021937214007905194,0.14865911172394738,0.8302648120018805
0.5448064613154395,-0.00248317920642564,6.021385919380437,6.929583801788226,-331.7207256410353,-293.50461193928646,1.003926650579422,0.9997974051817928,1.011938397571335,1.02235759252154,1.0074955516984807,0.998159161114892,0.9924848319030773,1.0007676517510977,1.004216630645504,7.53e-5,-0.00240787920642564,0.30699740934381203,0.5872495604379192,0.021984589667833933,0.1488207417881997,0.8302648120018805
0.5448064613154395,-0.002484194086339918,6.283185307179586,10.44858949683885,-333.35180169499506,-295.2641147868118,1.004423798000557,0.9998171144149554,1.0246736729438375,1.0253469326636042,1.008757875129059,0.9976572801362081,0.9926887636938018,1.0009154648713072,1.0031883684830216,7.53e-5,-0.0024088940863399183,0.30699740934381203,0.5872495604379192,0.02203511262580818,0.14899292192610017,0.8302648120018805
0.5568720970909158,-0.0024943485041072325,0.0,9.17730892347663,-332.77451132321687,-294.62847450013066,1.0045487897184935,0.9998112459873751,1.0185105724953285,1.0229978544092955,1.008335143003188,0.9974706859188185,0.9903638280761886,1.0009681382217648,1.0027210464562264,7.53e-5,-0.0024190485041072326,0.30699740934381203,0.5872495604379192,0.022009577116762068,0.14890592211765316,0.842393612751847
0.5568720970909158,-0.0024948755745682,0.2617993877991494,13.152316853284901,-334.620002237554,-296.6159784650348,1.0056310124537635,0.9998217915410175,1.0315921641691004,1.0254546075408766,1.0094800797632362,0.9969465606322495,0.9904859157477,1.001116600921399,1.001649695444719,7.53e-5,-0.0024195755745682,0.30699740934381203,0.5872495604379192,0.022059694085136125,0.14907662473979752,0.842393612751847
0.5568720970909158,-0.002494839934607682,0.5235987755982988,17.404057330272167,-336.5851259280693,-298.74184870352843,1.0073252240773254,0.9998189340684206,1.0443234767559313,1.027171066748964,1.0104157040148356,0.9964407456694692,0.9904736682989633,1.0012499579133853,1.0006198257763785,7.53e-5,-0.002419539934607682,0.30699740934381203,0.5872495604379192,0.022105799231790606,0.14923349545304493,0.842393612751847
0.5568720970909158,-0.002494141440631485,0.7853981633974483,21.412265635833364,-338.42842544764466,-300.74595285630903,1.009493403941447,0.9997976106813293,1.0553301178535746,1.0281089526926683,1.0110891777861488,0.9959978841670675,0.9902787933342946,1.0013510903186487,0.999701541957912,7.53e-5,-0.002418841440631485,0.30699740934381203,0.5872495604379192,0.02214331266980086,0.149361015322369,0.842393612751847
0.5568720970909158,-0.0024926632860482233,1.0471975511965976,24.59571897559158,-339.88392438857267,-302.33767952618814,1.0118299468300915,0.9997577798257153,1.0632781929659456,1.0283349176712888,1.0114936764002123,0.9956417403745359,0.9899198418538288,1.001413506628062,0.9989680561391959,7.53e-5,-0.0024173632860482234,0.30699740934381203,0.5872495604379192,0.022168205231749144,0.14944557463828928,0.842393612751847
0.5568720970909158,-0.0024903898405222685,1.3089969389957472,26.45237896647575,-340.728972174435,-303.2660095216302,1.0139287757184237,0.9997034272779556,1.0670100622104024,1.027971054537677,1.011635906963741,0.9953959896679804,0.9894326715014664,1.0014326667722224,0.9984691083135835,7.53e-5,-0.0024150898405222686,0.30699740934381203,0.5872495604379192,0.022177210543492736,0.14947615399275677,0.842393612751847
0.5568720970909158,-0.0024874419334175216,1.5707963267948966,26.694562403214604,-340.84165224581915,-303.38710123999965,1.0154511296303885,0.9996420725520165,1.0659063707743859,1.0271192328145102,1.0115203502727563,0.9952905036625477,0.9888839769264374,1.001402008467273,0.9982192995632886,7.53e-5,-0.0024121419334175217,0.30699740934381203,0.5872495604379192,0.022168818150683795,0.14944765612079244,0.842393612751847
0.5568720970909158,-0.0024840706734296663,1.8325957145940461,25.323792971353214,-340.22699548583694,-302.70171652406896,1.0161065834627332,0.9995881167155359,1.0601118248181778,1.025876456673089,1.0111838901997536,0.9953058458511586,0.9883930357600915,1.0013390785886962,0.9982636745265668,7.53e-5,-0.0024087706734296664,0.30699740934381203,0.5872495604379192,0.022144526222928163,0.1493651388041624,0.842393612751847
0.5568720970909158,-0.002480627940451428,2.0943951023931953,22.616340499183707,-339.0096759845302,-301.3479902879842,1.01590092008047,0.9995470500087335,1.0503469168146133,1.024219657373882,1.0106040314661395,0.9954668509004212,0.9880252583531952,1.0012403091774367,0.9985800703518984,7.53e-5,-0.002405327940451428,0.30699740934381203,0.5872495604379192,0.022106480493609196,0.14923581221673227,0.842393612751847
0.5568720970909158,-0.002477448340790459,2.356194490192345,19.032703380211046,-337.38953709264194,-299.5561717284979,1.0149366742981445,0.9995261347691962,1.0378979961678163,1.0221614223211695,1.0098048255932601,0.9957449597472331,0.9878321671179662,1.0011252312084606,0.9991662057008024,7.53e-5,-0.002402148340790459,0.30699740934381203,0.5872495604379192,0.022059077440603474,0.14907452554887143,0.842393612751847
0.5568720970909158,-0.0024748954685308226,2.6179938779914944,15.09353156074485,-335.59503378032196,-297.5865858187648,1.0134904106062639,0.999524970814994,1.0239955605470838,1.0196788556179202,1.0087977289939032,0.9961266914434747,0.9878319674331647,1.0010028254547294,0.9999805388399284,7.53e-5,-0.0023995954685308227,0.30699740934381203,0.5872495604379192,0.02200641801396657,0.14889515558539093,0.842393612751847
0.5568720970909158,-0.0024731878370712907,2.8797932657906435,11.266598334972286,-333.82933732010554,-295.6731192058785,1.0118989765471094,0.9995382658524964,1.010200087529921,1.016929524179713,1.00764779348009,0.9965863560882661,0.9879232188546774,1.0008827906273041,1.0009573369847224,7.53e-5,-0.0023978878370712908,0.30699740934381203,0.5872495604379192,0.02195379030347796,0.148715683941825,0.842393612751847
0.5568720970909158,-0.0024723874014474225,3.141592653589793,7.892814188322632,-332.25247974429914,-293.98622713255367,1.0103880572200472,0.9995624378695593,0.9974084969620214,1.0139968119992602,1.006394720806161,0.9971055127150676,0.9880760772285635,1.000770701026666,1.0020192155874066,7.53e-5,-0.0023970874014474226,0.30699740934381203,0.5872495604379192,0.021904150786244272,0.1485462098550792,0.842393612751847
0.5568720970909158,-0.002472565456951097,3.4033920413889422,5.1585783051355065,-330.95497602559794,-292.6191091909601,1.0091167678740012,0.9995895842825445,0.9866055041913451,1.0111403790449303,1.005167896624812,0.9976166276620605,0.9883065682334484,1.0006807250114746,1.0031066312688426,7.53e-5,-0.002397265456951097,0.30699740934381203,0.5872495604379192,0.021861216659027426,0.14839947714827084,0.842393612751847
0.5568720970909158,-0.0024736140018539153,3.6651914291880923,3.1075079970875095,-329.96639254048364,-291.5935740369361,1.0081614321325827,0.9996167389224928,0.978248022109459,1.008604525562074,1.0040513385009946,0.9980986606751753,0.9885412544343827,1.000609254751775,1.0041277198516227,7.53e-5,-0.0023983140018539154,0.30699740934381203,0.5872495604379192,0.021827004372048337,0.14828245153550634,0.842393612751847
0.5568720970909158,-0.0024753632211523616,3.9269908169872414,1.6782443734438175,-329.26744707799713,-290.87894222511426,1.0074833813026836,0.9996410707707285,0.9724864012787909,1.0066391734217675,1.00313898031008,0.9985199221909727,0.9887261161391669,1.0005545853865276,1.005003773378749,7.53e-5,-0.0024000632211523616,0.30699740934381203,0.5872495604379192,0.021802860547618673,0.14819981185409112,0.842393612751847
0.5568720970909158,-0.0024776286594677083,4.1887902047863905,0.7550973437969333,-328.81184144079367,-290.4173687102908,1.0069794093052762,0.9996625068574969,0.9692770975304511,1.005462997051667,1.002507891513465,0.9988576982847945,0.9888774026869196,1.0005142119571917,1.0056881104435467,7.53e-5,-0.0024023286594677083,0.30699740934381203,0.5872495604379192,0.02178945069140859,0.14815389316323407,0.842393612751847
0.5568720970909158,-0.002480242734217384,4.4505895925855405,0.22045782256850543,-328.54873082153193,-290.1500489496766,1.0065565004667476,0.9996804086532283,0.9683880962500594,1.0051813039576685,1.0022150449706857,0.9990812277759962,0.9890381436420863,1.0004879298655673,1.0061414239260273,7.53e-5,-0.002404942734217384,0.30699740934381203,0.5872495604379192,0.021786271074596644,0.14814300333653393,0.842393612751847
0.5568720970909158,-0.0024829560016106393,4.71238898038469,0.0,-328.4440051936968,-290.03982003839235,1.0060939820747081,0.9996975230587516,0.9697516025584499,1.0059139463946416,1.002288655574051,0.9991925395946891,0.9891784834793896,1.000476237904284,1.006345128765754,7.53e-5,-0.0024076560016106393,0.30699740934381203,0.5872495604379192,0.021793634396058137,0.1481682206933222,0.842393612751847
0.5568720970909158,-0.002485607534815725,4.974188368183839,0.09263713367499804,-328.4946498111905,-290.08613860522985,1.0055562143300318,0.9997145432875605,0.9732003059204528,1.00762834995043,1.0027292332840745,0.9991837572946545,0.9893456833626544,1.0004846891780164,1.006305137819956,7.53e-5,-0.002410307534815725,0.30699740934381203,0.5872495604379192,0.0218109928812369,0.1482276522668156,0.842393612751847
0.5568720970909158,-0.002488030844214719,5.235987755982989,0.5783014689891388,-328.73373205002514,-290.3289707728869,1.00498852436031,0.9997322021842378,0.9785662055636173,1.0101140344351125,1.0034964598713167,0.9990440922688429,0.9895060781250302,1.000520058368569,1.0059882029613672,7.53e-5,-0.002412730844214719,0.30699740934381203,0.5872495604379192,0.02183687967964914,0.14831623994244456,0.842393612751847
0.5568720970909158,-0.002490179895612659,5.497787143782138,1.5992404167957375,-329.2234240900289,-290.8394402467902,1.004457958307669,0.999751054498793,0.9858820901128182,1.0132047429437208,1.0045362276143073,0.9987863320344577,0.989718723067108,1.0005884404213556,1.0054448160227816,7.53e-5,-0.002414879895612659,0.30699740934381203,0.5872495604379192,0.021871144039448613,0.1484334177135449,0.842393612751847
0.5568720970909158,-0.002491964651578334,5.759586531581287,3.3154777687152546,-330.03483661909513,-291.69755892275,1.0040974619294378,0.9997717677546917,0.9951090032002684,1.0165936842206469,1.0057578904471673,0.9984236346741399,0.9899405306124397,1.0006904098451854,1.0046856012887684,7.53e-5,-0.002416664651578334,0.30699740934381203,0.5872495604379192,0.021912536903126043,0.14857485403323117,0.842393612751847
0.5568720970909158,-0.002493362522938545,6.021385919380437,5.841498365394955,-331.21907920529196,-292.9605692210898,1.0040742625346315,0.9997929248682,1.0061126168594194,1.0199617159998564,1.007060243535156,0.9979757691848046,0.9901671477271123,1.0008207064555852,1.0037576861301656,7.53e-5,-0.0024180625229385452,0.30699740934381203,0.5872495604379192,0.021959463288361555,0.14873504012681601,0.842393612751847
0.5568720970909158,-0.0024943485041072342,6.283185307179586,9.177308923474698,-332.7745113232159,-294.6284745001297,1.0045487897184966,0.9998112459873749,1.0185105724953254,1.0229978544092946,1.0083351430031877,0.9974706859188184,0.9903638280761883,1.0009681382217646,1.002721046456227,7.53e-5,-0.0024190485041072343,0.30699740934381203,0.5872495604379192,0.022009577116762057,0.14890592211765313,0.842393612751847
0.5689042691892888,-0.0025067224918170978,0.0,8.601443812088064,-332.520509637874,-294.3405419444364,1.0046162573909614,0.9998077319930435,1.0123019659819017,1.020530894017421,1.0078931806772717,0.9972753113703623,0.9868828766894837,1.0010069162452426,1.0021364334066958,7.53e-5,-0.002431422491817098,0.30699740934381203,0.5872495604379192,0.021986104825470813,0.14882590819355773,0.8545224135018135
0.5689042691892888,-0.0025072020215342844,0.2617993877991494,12.383233502799612,-334.2850662731693,-296.23143678979216,1.005646727473324,0.9998179084521004,1.0250250066637394,1.0230529050939572,1.0090544056027426,0.9967495159281803,0.9870041433256944,1.0011538262186075,1.0010598334613887,7.53e-5,-0.0024319020215342844,0.30699740934381203,0.5872495604379192,0.022035838936192518,0.14899539575404627,0.8545224135018135
0.5689042691892888,-0.002507095035190065,0.5235987755982988,16.450070301680626,-336.1720878229284,-298.26485518923266,1.0072550233247346,0.999815333136086,1.0374280021829239,1.0248540690458985,1.0100107544120687,0.9962434356341842,0.9870038198107597,1.001284971017293,1.0000288322495732,7.53e-5,-0.002431795035190065,0.30699740934381203,0.5872495604379192,0.02208173848560313,0.14915164980302453,0.8545224135018135
0.5689042691892888,-0.0025063175380385977,0.7853981633974483,20.306666655784966,-337.9512784453133,-300.19315336628483,1.0093154323905926,0.9997957943192233,1.0481710165834663,1.0258805288123276,1.0107093452240277,0.9957970995761091,0.9868347114971388,1.001385465294163,0.9991149202840794,7.53e-5,-0.0024310175380385978,0.30699740934381203,0.5872495604379192,0.02211931444604742,0.14927945005708487,0.8545224135018135
0.5689042691892888,-0.0025047571146713157,1.0471975511965976,23.396440271291,-339.3680346356664,-301.73804017403785,1.0115404904337137,0.9997583402006139,1.0559626576237813,1.0261840675317404,1.0111324880448218,0.9954417850025538,0.9864979478575258,1.0014460650597046,0.9983852593534223,7.53e-5,-0.0024294571146713157,0.30699740934381203,0.5872495604379192,0.022144423150335425,0.1493647885823697,0.8545224135018135
0.5689042691892888,-0.0025024112777572607,1.3089969389957472,25.23451768958273,-340.2065659348174,-302.6570788831837,1.0135555052447043,0.9997070372351433,1.0596805484110838,1.0258708833065109,1.0112844596184234,0.9952021640356442,0.9860280135293322,1.001461792282986,0.997886190350273,7.53e-5,-0.002427111277757261,0.30699740934381203,0.5872495604379192,0.022153874795290036,0.14939690022891816,0.8545224135018135
0.5689042691892888,-0.002499399699834767,1.5707963267948966,25.53736607025769,-340.34577494406716,-302.8085030735212,1.015003455676906,0.9996503868923377,1.0587414095685934,1.0250485840896046,1.011179204923543,0.9950932786183595,0.9855004975891657,1.001432899239214,0.9976488186536077,7.53e-5,-0.0024240996998347673,0.30699740934381203,0.5872495604379192,0.022146322286997054,0.14937124137305,0.8545224135018135
0.5689042691892888,-0.002495977271528904,1.8325957145940461,24.296490162235614,-339.7868782080035,-302.18806511951016,1.0156498798481506,0.9995987973026201,1.0532388017469296,1.0237894565358754,1.0108305309746046,0.9951206360165923,0.9850181777129238,1.0013650865142243,0.9976934380514013,7.53e-5,-0.002420677271528904,0.30699740934381203,0.5872495604379192,0.02212264960717881,0.14929078820347863,0.8545224135018135
0.5689042691892888,-0.002492503467482863,2.0943951023931953,21.76756414908914,-338.64466833009027,-300.9236021129369,1.0154394248200367,0.9995607291509521,1.043876411324558,1.0221156407103154,1.0102493344603192,0.9952778307802918,0.9846775878743004,1.0012688710139468,0.9980287517152551,7.53e-5,-0.002417203467482863,0.30699740934381203,0.5872495604379192,0.022085603742869966,0.14916480089835113,0.8545224135018135
0.5689042691892888,-0.002489336398097095,2.356194490192345,18.386111902111224,-337.1095245164645,-299.23287598944796,1.0145059546968052,0.9995411464772896,1.031831633596007,1.0200141105672895,1.0094383621576821,0.9955581485084667,0.984496487757877,1.001153532617228,0.9986290325095084,7.53e-5,-0.0024140363980970953,0.30699740934381203,0.5872495604379192,0.022038904560900845,0.14900583689512487,0.8545224135018135
0.5689042691892888,-0.0024867963437144405,2.6179938779914944,14.64929854748948,-335.3979597158663,-297.3644693121371,1.0131163351083148,0.9995404286545284,1.0184359890830261,1.0175193502801207,1.0084271505884919,0.9959427357194998,0.9844812773391027,1.0010305023038917,0.9994540329569671,7.53e-5,-0.0024114963437144405,0.30699740934381203,0.5872495604379192,0.02198720410908855,0.1488296564370366,0.8545224135018135
0.5689042691892888,-0.002485100628581076,2.8797932657906435,11.00668169543735,-333.70987343639587,-295.543160886111,1.01155667709502,0.9995545328068511,1.0049711076653702,1.0147084799189856,1.0072587064615437,0.9964075107001927,0.9845872096393263,1.0009094990175467,1.000440631162132,7.53e-5,-0.002409800628581076,0.30699740934381203,0.5872495604379192,0.021934750726939588,0.14865070316118012,0.8545224135018135
0.5689042691892888,-0.0024843578926428,3.141592653589793,7.7875128965370095,-332.1964276647663,-293.93357648666085,1.010079380568006,0.9995778459102297,0.9925343031403165,1.0117462326502362,1.006008461701043,0.9969177367548545,0.9847699937695762,1.0008001092954648,1.001517648219409,7.53e-5,-0.0024090578926428,0.30699740934381203,0.5872495604379192,0.021885497795932685,0.14848247823360192,0.8545224135018135
0.5689042691892888,-0.002484570904766742,3.4033920413889422,5.1726217866224715,-330.94691357185417,-292.6261309317036,1.0088494987418153,0.9996050741999987,0.9819623952546356,1.0088527253065716,1.004771399050541,0.9974322753688143,0.9849804870737945,1.0007087603205846,1.0026035145424304,7.53e-5,-0.0024092709047667422,0.30699740934381203,0.5872495604379192,0.021842568497640928,0.1483357008665889,0.8545224135018135
0.5689042691892888,-0.0024856555237384847,3.6651914291880923,3.2046892874800506,-329.99043127162577,-291.6421646821324,1.0079207805110526,0.9996314311796061,0.9736869150946652,1.0063059841301074,1.0036405091471086,0.9979291928593368,0.9851832522351631,1.0006341802338585,1.0036255169002137,7.53e-5,-0.0024103555237384847,0.30699740934381203,0.5872495604379192,0.02180846477426915,0.1482189980325397,0.8545224135018135
0.5689042691892888,-0.002487461134915869,3.9269908169872414,1.8244571299304653,-329.30910996482964,-290.9520486033576,1.0072812345855515,0.9996548078792928,0.9679190709180102,1.0042776463114882,1.0027206268788598,0.9983433502020672,0.9853615448936361,1.000580582113289,1.0044939917219575,7.53e-5,-0.002412161134915869,0.30699740934381203,0.5872495604379192,0.02178373643111071,0.14813432191371786,0.8545224135018135
0.5689042691892888,-0.00248979329051905,4.1887902047863905,0.9199080565269924,-328.8585931607429,-290.49977406665585,1.0068170318053657,0.9996746128587768,0.9646609644536708,1.0030576115191399,1.002082627986471,0.9986780664773813,0.985511022317285,1.0005409045224765,1.0051738034071738,7.53e-5,-0.00241449329051905,0.30699740934381203,0.5872495604379192,0.021769817452122954,0.14808663912980963,0.8545224135018135
0.5689042691892888,-0.0024924462418831265,4.4505895925855405,0.37737956608350487,-328.5903035827283,-290.2285098214341,1.006420284335985,0.9996916933263309,0.963732297779065,1.002769764217029,1.001781606605632,0.9989084692500435,0.9856488097695348,1.0005154245173962,1.0056267876572607,7.53e-5,-0.0024171462418831266,0.30699740934381203,0.5872495604379192,0.0217665043187866,0.14807528700511988,0.8545224135018135
0.5689042691892888,-0.002495218607409357,4.71238898038469,0.1256203794467865,-328.4717480521894,-290.10263022811574,1.0060038552043908,0.9997069829486267,0.9649955551235527,1.0034797285936479,1.0018500802085768,0.9990185201751023,0.98578040660966,1.0005060177500222,1.0058281978285584,7.53e-5,-0.0024199186074093573,0.30699740934381203,0.5872495604379192,0.02177346853442841,0.14809914822512799,0.8545224135018135
0.5689042691892888,-0.002497920876520864,4.974188368183839,0.16485346185254457,-328.50063643841503,-290.1222467693186,1.005522643105362,0.9997219685798097,0.9682592223816344,1.0051403054949015,1.0022809247146165,0.9990045066741647,0.9859187005973923,1.0005172726777987,1.0057681258194167,7.53e-5,-0.002422620876520864,0.30699740934381203,0.5872495604379192,0.021790055931903925,0.14815596595522434,0.8545224135018135
0.5689042691892888,-0.002500398707302127,5.235987755982989,0.5741662761212183,-328.7098018892751,-290.32690317645296,1.0049970213468635,0.9997368705100553,0.9734428675422204,1.0076103221866273,1.0030429288021332,0.9988635032072213,0.9860821159314755,1.000555499185333,1.0054501560618003,7.53e-5,-0.002425098707302127,0.30699740934381203,0.5872495604379192,0.02181552265905852,0.14824315740903324,0.8545224135018135
0.5689042691892888,-0.002502569417320759,5.497787143782138,1.493290793293454,-329.15968904575305,-290.7864654350391,1.004505857872336,0.9997535817425965,0.9805490366717335,1.010684763398829,1.0040773602170965,0.9986037038379917,0.9862683234775806,1.0006259585270973,1.0048913945299423,7.53e-5,-0.0024272694173207592,0.30699740934381203,0.5872495604379192,0.021849253287233156,0.14835856575211354,0.8545224135018135
0.5689042691892888,-0.002504378155747539,5.759586531581287,3.0796352337273447,-329.9196860721996,-291.579637655256,1.0041794902003836,0.9997723353253227,0.9895043722122547,1.0140697565881662,1.0052981192263306,0.998237535568312,0.9864769060530624,1.0007293524965608,1.004120726724741,7.53e-5,-0.002429078155747539,0.30699740934381203,0.5872495604379192,0.021890068351560456,0.14849809689372534,0.8545224135018135
0.5689042691892888,-0.002505761860319594,6.021385919380437,5.447408929160474,-331.0400212766133,-292.7635245029726,1.0041620976959098,0.9997907583041685,1.0002406947517548,1.0174523188634845,1.006607763549962,0.9977829152931285,0.9866910978496439,1.0008602824071653,1.003180363816411,7.53e-5,-0.002430461860319594,0.30699740934381203,0.5872495604379192,0.0219364635640656,0.14865655008611514,0.8545224135018135
0.5689042691892888,-0.0025067224918170973,6.283185307179586,8.601443812088291,-332.52050963787406,-294.3405419444365,1.0046162573909607,0.9998077319930434,1.0123019659819052,1.0205308940174218,1.0078931806772724,0.997275311370362,0.9868828766894833,1.0010069162452424,1.002136433406696,7.53e-5,-0.0024314224918170974,0.30699740934381203,0.5872495604379192,0.021986104825470837,0.14882590819355782,0.8545224135018135
0.580895897851898,-0.0025209308431540355,0.0,9.113796851693905,-332.7715684151583,-294.5967184642393,1.0046552717104107,0.9998083163570841,1.0060495659301187,1.017971311831364,1.0074290512936934,0.997082153127769,0.9819866905008027,1.0010279145722139,1.0014147801846305,7.53e-5,-0.0024456308431540356,0.30699740934381203,0.5872495604379192,0.02196500857471976,0.14875395824328155,0.8666512142517799
0.580895897851898,-0.0025213540240476727,0.2617993877991494,12.704809399104306,-334.4562537245681,-296.3922247379445,1.0056314038065124,0.9998171625567844,1.018461135313554,1.020552373433335,1.0086069451623105,0.9965527610323951,0.9821126483235524,1.001172985809208,1.000333360176767,7.53e-5,-0.0024460540240476727,0.30699740934381203,0.5872495604379192,0.022014326782957214,0.14892210802469616,0.8666512142517799
0.580895897851898,-0.002521180899396849,0.5235987755982988,16.58922277340912,-336.266219672759,-298.3344314250969,1.0071618802342088,0.9998149666790928,1.0305283829548497,1.0224285911824411,1.0095824715052792,0.9960456783628077,0.9821161196937853,1.001301661870593,0.9992981009136944,7.53e-5,-0.002445880899396849,0.30699740934381203,0.5872495604379192,0.022059915594353465,0.14907737879792549,0.8666512142517799
0.580895897851898,-0.0025203012684550346,0.7853981633974483,20.2964723200123,-337.98224126975305,-300.1880561983985,1.0090989302654236,0.9997953082908643,1.0410261374688494,1.0235354263024652,1.0103073457212262,0.9955899530042012,0.9819646152977973,1.0014026823524955,0.9983900523699851,7.53e-5,-0.0024450012684550347,0.30699740934381203,0.5872495604379192,0.022097514359129256,0.1492053183348718,0.8666512142517799
0.580895897851898,-0.002518654909882415,1.0471975511965976,23.29425813970761,-339.3605078738838,-301.68694910824615,1.0112181269669263,0.9997608546564748,1.0486744201057334,1.0239205514600793,1.0107500640214275,0.9952359473882828,0.9816524277632902,1.0014612619828194,0.9976654943587547,7.53e-5,-0.002443354909882415,0.30699740934381203,0.5872495604379192,0.022122898421194987,0.1492916340330961,0.8666512142517799
0.580895897851898,-0.0025162263512206137,1.3089969389957472,25.11451824953531,-340.1922125776248,-302.59707916316,1.0131413111776448,0.9997130746082649,1.0524094956295253,1.0236703018548041,1.0109169319281597,0.9949978143413178,0.9812121425178132,1.0014756706987313,0.9971753567519173,7.53e-5,-0.0024409263512206137,0.30699740934381203,0.5872495604379192,0.022132938347088973,0.149325760333568,0.8666512142517799
0.580895897851898,-0.002513146232674702,1.5707963267948966,25.4776471519192,-340.3575502702051,-302.77864361435195,1.014524455470929,0.9996599831921966,1.0516542392592427,1.022886475902137,1.010820537357959,0.9948901913967427,0.9807200227835267,1.0014462981595376,0.9969524731969627,7.53e-5,-0.002437846232674702,0.30699740934381203,0.5872495604379192,0.022126250878976794,0.14930303007640236,0.8666512142517799
0.580895897851898,-0.002509678875208018,1.8325957145940461,24.365089946401554,-339.85334468657237,-302.2223650115931,1.015139982298613,0.9996114414902668,1.0464636758583212,1.0216345094229993,1.0104726718746313,0.9949187822763229,0.9802667243496513,1.0013784748750212,0.9970131019560627,7.53e-5,-0.002434378875208018,0.30699740934381203,0.5872495604379192,0.022103517944956116,0.1492257372381626,0.8666512142517799
0.580895897851898,-0.0025061763871966117,2.0943951023931953,22.012063595983932,-338.78545221208776,-301.0458518363843,1.0149377370619383,0.9995759280576535,1.0375021490468517,1.019937709336129,1.0098819789730995,0.9950811867685853,0.9799293696730772,1.0012808421043995,0.9973566877886648,7.53e-5,-0.002430876387196612,0.30699740934381203,0.5872495604379192,0.02206729530984423,0.14910249859223013,0.8666512142517799
0.580895897851898,-0.0025030052623330272,2.356194490192345,18.82937149921554,-337.33368368060593,-299.4545057880001,1.0140420981298464,0.9995581393054801,1.0258729385907313,1.0178049465766121,1.0090609631182,0.9953670659048575,0.9797501982874238,1.0011640391116827,0.9979639543826662,7.53e-5,-0.0024277052623330273,0.30699740934381203,0.5872495604379192,0.022021431581106074,0.14894631656199994,0.8666512142517799
0.580895897851898,-0.0025004780482720344,2.6179938779914944,15.291046337853345,-335.70535730255114,-297.685343207319,1.0126956019632753,0.9995582412363896,1.0128742876828867,1.0152709076670159,1.008036890192458,0.9957575554666748,0.9797292464389579,1.0010395046427123,0.9987948132860947,7.53e-5,-0.0024251780482720344,0.30699740934381203,0.5872495604379192,0.021970350141673232,0.14877217915011715,0.8666512142517799
0.580895897851898,-0.0024988053867298883,2.8797932657906435,11.828827013593582,-334.09238247482233,-295.95423354518914,1.011177443512658,0.9995727351061945,0.9997801925870364,1.0124273754383253,1.0068603564182743,0.9962243430395461,0.9798314381239897,1.0009184631028618,0.999789277814351,7.53e-5,-0.0024235053867298884,0.30699740934381203,0.5872495604379192,0.021918421110519032,0.14859494932424802,0.8666512142517799
0.580895897851898,-0.002498099339178131,3.141592653589793,8.760723567889386,-332.6411758949085,-294.42018182233704,1.009738798139424,0.9995960655672576,0.9876510467567421,1.0094357401269747,1.0056042364069224,0.9967352065066821,0.9800081103286471,1.0008093442834907,1.0008717684155564,7.53e-5,-0.002422799339178131,0.30699740934381203,0.5872495604379192,0.02186950457275597,0.14842781308578903,0.8666512142517799
0.580895897851898,-0.0024983808420753497,3.4033920413889422,6.26233380375254,-331.43881344801855,-293.1709869402686,1.0085494492467408,0.9996232688970148,0.9772331180853281,1.0065274210777313,1.0043567636594586,0.9972605082745859,0.9802235668197212,1.0007162227231727,1.0019660816443496,7.53e-5,-0.0024230808420753498,0.30699740934381203,0.5872495604379192,0.021826810736819177,0.1482817889370533,0.8666512142517799
0.580895897851898,-0.002499495757205089,3.6651914291880923,4.375640454856693,-330.51397364820014,-292.2276402658207,1.0076490696574716,0.9996484536218103,0.9691054728873233,1.0039138422174503,1.003226139847942,0.9977407964353641,0.9804057015699353,1.0006445366630856,1.0029761960928232,7.53e-5,-0.002424195757205089,0.30699740934381203,0.5872495604379192,0.02179227309029956,0.14816355890827929,0.8666512142517799
0.580895897851898,-0.0025013567310529943,3.9269908169872414,3.0435938830471514,-329.85018677270614,-291.5616169799159,1.007028733394726,0.999670887845433,0.9633809321948926,1.0018815887880579,1.0022971134524756,0.9981656366534832,0.9805736068009117,1.0005897536421757,1.0038494585405748,7.53e-5,-0.0024260567310529944,0.30699740934381203,0.5872495604379192,0.021767603154835117,0.14807905215210845,0.8666512142517799
0.580895897851898,-0.0025037500496433752,4.1887902047863905,2.15778788197008,-329.4049699471647,-291.1187139793774,1.0065927373485493,0.9996895531901159,0.9600792673946548,1.000629875670851,1.0016506822064672,0.9985020455953866,0.9807155187318649,1.0005509989292871,1.0045279846715445,7.53e-5,-0.0024284500496433753,0.30699740934381203,0.5872495604379192,0.021753343197210187,0.14803018337468574,0.8666512142517799
0.580895897851898,-0.0025064609438188255,4.4505895925855405,1.6083348229662988,-329.1318431093608,-290.8439874498755,1.0062321586888052,0.9997050055452045,0.9590711840114304,1.0003034442214838,1.0013422037418638,0.9987304066593193,0.9808390475066775,1.000527273779433,1.0049733551664504,7.53e-5,-0.0024311609438188255,0.30699740934381203,0.5872495604379192,0.021749531369660405,0.14801711761517183,0.8666512142517799
0.580895897851898,-0.0025092865883062565,4.71238898038469,1.3268265449059982,-328.9999724141034,-290.70323331084535,1.0058586714847355,0.9997177708640036,0.960198276761983,1.0009674691557,1.0014019127501785,0.9988369541576289,0.9809570635102195,1.000520221320779,1.0051655456893773,7.53e-5,-0.0024339865883062565,0.30699740934381203,0.5872495604379192,0.02175587345506283,0.14803885569372152,0.8666512142517799
0.580895897851898,-0.002512035368871412,4.974188368183839,1.3145536749364055,-329.00782493540413,-290.69709687586055,1.005426337744788,0.9997299619503958,0.963302306195535,1.0025846838144947,1.0018245599519344,0.9988186253516149,0.9810826979038859,1.0005343327803216,1.0050949414341934,7.53e-5,-0.002436735368871412,0.30699740934381203,0.5872495604379192,0.021771818634193675,0.14809349557370305,0.8666512142517799
0.580895897851898,-0.0025145633095277832,5.235987755982989,1.649563789704871,-329.18762407134,-290.8646019332448,1.0049513198307263,0.9997428287169878,0.9683082404229668,1.0050248909715633,1.0025793897604436,0.9986748065586138,0.9812274714657502,1.000575585674583,1.0047658729784288,7.53e-5,-0.0024392633095277833,0.30699740934381203,0.5872495604379192,0.021796729284285055,0.14817881859354387,0.8666512142517799
0.580895897851898,-0.0025167614657484842,5.497787143782138,2.4689691909736666,-329.598403428837,-291.2743046338792,1.0045049222114517,0.9997612908310721,0.9752268931089229,1.008102727451685,1.0036015119213793,0.9984251419170959,0.9813954586508893,1.0006470489225414,1.004197905252891,7.53e-5,-0.0024414614657484843,0.30699740934381203,0.5872495604379192,0.021830123514958256,0.1482931245034967,0.8666512142517799
0.580895897851898,-0.0025185964798473,5.759586531581287,3.927533369492039,-330.3077714159202,-292.00358672313837,1.0042185432809543,0.9997770225544742,0.9838521083083666,1.0114549070539482,1.0048171900610154,0.9980525981237633,0.98159129129499,1.0007516001720325,1.0034145377543588,7.53e-5,-0.0024432964798473,0.30699740934381203,0.5872495604379192,0.02187004894356269,0.14842967407697924,0.8666512142517799
0.580895897851898,-0.0025199904501294803,6.021385919380437,6.139237026597698,-331.3650251028492,-293.1094385516912,1.0042195323745549,0.999793543710486,0.9942740804463518,1.014849529843044,1.0061303214493569,0.9975945532937652,0.9817904544287054,1.0008823154492303,1.002464085938965,7.53e-5,-0.0024446904501294804,0.30699740934381203,0.5872495604379192,0.021915818522620284,0.14858606149216227,0.8666512142517799
0.580895897851898,-0.0025209308431540364,6.283185307179586,9.113796851692541,-332.7715684151577,-294.5967184642386,1.0046552717104114,0.999808316357084,1.006049565930125,1.0179713118313634,1.0074290512936934,0.9970821531277688,0.9819866905008068,1.0010279145722139,1.0014147801846298,7.53e-5,-0.0024456308431540365,0.30699740934381203,0.5872495604379192,0.02196500857471975,0.14875395824328153,0.8666512142517799
0.5928399271759361,-0.0025364639373995114,0.0,11.077485032997402,-333.686157175063,-295.57856255489105,1.0046385937923128,0.9998051798098626,0.9997998819638241,1.0153048895510979,1.0069539524667186,0.9968737604835917,0.9754006344823395,1.0010354146990477,1.000530060587356,7.53e-5,-0.0024611639373995115,0.30699740934381203,0.5872495604379192,0.02194632239762228,0.14869019977119194,0.8787800150017464
0.5928399271759361,-0.0025368203007861815,0.2617993877991494,14.48063223799295,-335.29213616263695,-297.2801361573888,1.005552558828335,0.9998112092262831,1.0118328954293931,1.0179388778612257,1.008146621663344,0.9963403074137558,0.9755129107959066,1.0011786205437274,0.999443613870167,7.53e-5,-0.0024615203007861816,0.30699740934381203,0.5872495604379192,0.021995153016813082,0.14885675721905756,0.8787800150017464
0.5928399271759361,-0.0025365592870769745,0.5235987755982988,18.185017923964097,-337.02594621164184,-299.1323290003744,1.0069921310139724,0.9998075335050715,1.0235663889146955,1.019890251871298,1.0091416556624901,0.9958310999963628,0.9755136481650774,1.0013046603460651,0.9984056287900751,7.53e-5,-0.0024612592870769745,0.30699740934381203,0.5872495604379192,0.02204046830242575,0.14901116253323948,0.8787800150017464
0.5928399271759361,-0.0025356362207360553,0.7853981633974483,21.744413107091304,-338.67923748292606,-300.912026591938,1.0088567954023844,0.9997935112798876,1.0339231821981771,1.0210989085945588,1.009885961651842,0.995381763562592,0.9754198028631546,1.0014020805003285,0.9975076277243092,7.53e-5,-0.0024603362207360553,0.30699740934381203,0.5872495604379192,0.022078173813517458,0.14913952041714307,0.8787800150017464
0.5928399271759361,-0.002533898064876986,1.0471975511965976,24.65044254634347,-340.018694565338,-302.3650413115641,1.0108686643952542,0.9997617069021434,1.0414532964344754,1.0215639017188753,1.0103476057334326,0.9950286402614665,0.9751298997110968,1.0014583705376705,0.9967889756787317,7.53e-5,-0.002458598064876986,0.30699740934381203,0.5872495604379192,0.022103824003192114,0.1492267781056992,0.8787800150017464
0.5928399271759361,-0.002531388990801046,1.3089969389957472,26.451673569983882,-340.8426672726445,-303.2656568233843,1.0127018857945127,0.9997168505241303,1.0451954159518941,1.021374085640292,1.0105285872311187,0.9947926356245439,0.9747110074950736,1.0014706917325589,0.9963052833149341,7.53e-5,-0.002456088990801046,0.30699740934381203,0.5872495604379192,0.022114414989948282,0.14926279244989116,0.8787800150017464
0.5928399271759361,-0.0025282284763526613,1.5707963267948966,26.872509720625317,-341.0327817569798,-303.476074898705,1.0140267031431738,0.9996681470258786,1.0446119755277483,1.0206273722394124,1.0104397603710793,0.9946874944718597,0.9742474867120645,1.0014404326901254,0.9960942482285591,7.53e-5,-0.0024529284763526614,0.30699740934381203,0.5872495604379192,0.022108536655656173,0.14924280438524337,0.8787800150017464
0.5928399271759361,-0.002524717624133211,1.8325957145940461,25.884653144440676,-340.58141839339885,-302.9821466106127,1.0146193657179343,0.9996240321424045,1.039726713235535,1.0193855695219072,1.0100917495615136,0.9947196851181868,0.9738162662333764,1.0013719758268318,0.9961668970944259,7.53e-5,-0.002449417624133211,0.30699740934381203,0.5872495604379192,0.022086730924133335,0.14916863579171122,0.8787800150017464
0.5928399271759361,-0.0025211876958321946,2.0943951023931953,23.70328778643443,-339.58592100628306,-301.89146393160956,1.014422072157025,0.9995914635983426,1.0311513842876636,1.0176783802948255,1.0094969138675154,0.9948845715098583,0.9734928227613916,1.001274229552464,0.9965230288952108,7.53e-5,-0.0024458876958321947,0.30699740934381203,0.5872495604379192,0.022051484140373546,0.14904867396663649,0.8787800150017464
0.5928399271759361,-0.0025180094105631662,2.356194490192345,20.71492017123535,-338.2159226527887,-300.39728012401,1.0135547633439055,0.9995755271230217,1.0199464005307761,1.015524237166978,1.0086691392893774,0.9951737881392534,0.9733209680449967,1.0011571103723544,0.9971417866071832,7.53e-5,-0.0024427094105631663,0.30699740934381203,0.5872495604379192,0.022006539269538185,0.1488955688502154,0.8787800150017464
0.5928399271759361,-0.00251551952066507,2.6179938779914944,17.370816779557117,-336.66924014541934,-298.7252284281709,1.0122775536501776,0.9995795130744727,1.0073500076531656,1.0129697838185463,1.007628661752617,0.9955820335780375,0.973309024040521,1.0010284476869065,0.9979763405041558,7.53e-5,-0.00244021952066507,0.30699740934381203,0.5872495604379192,0.02195615962302111,0.14872376834090412,0.8787800150017464
0.5928399271759361,-0.0025138716301140785,2.8797932657906435,14.085191921778687,-335.1302792667605,-297.0824159992817,1.010797300020799,0.9995944615510997,0.9945651939836095,1.0100956389770464,1.0064421969981543,0.9960535630148458,0.9734000561295572,1.000907127395266,0.9989759493680913,7.53e-5,-0.0024385716301140786,0.30699740934381203,0.5872495604379192,0.02190475365793967,0.1485482692425169,0.8787800150017464
0.5928399271759361,-0.0025132070960862587,3.141592653589793,11.165063410772746,-333.74058114793047,-295.6223517437787,1.009390849438142,0.9996178090861625,0.9827323347460611,1.0070909553357115,1.005182369663053,0.9965669317393768,0.9735755558289081,1.000798762432711,1.0000682251627406,7.53e-5,-0.0024379070960862587,0.30699740934381203,0.5872495604379192,0.02185635747747125,0.14838286142224913,0.8787800150017464
0.5928399271759361,-0.0025135118983036614,3.4033920413889422,8.780986812581546,-332.58487503760034,-294.4303134446831,1.0082186796607175,0.9996443320645784,0.9725960294980392,1.0041617375074992,1.0039369772073952,0.9970856101377303,0.9737686155789862,1.0007079139558164,1.001162801940095,7.53e-5,-0.0024382118983036615,0.30699740934381203,0.5872495604379192,0.02181393222163869,0.14823771362190769,0.8787800150017464
0.5928399271759361,-0.0025146989712471037,3.6651914291880923,6.974378444169702,-331.6917449408478,-293.5270092604772,1.0073463376260923,0.9996696131211686,0.9645666748441558,1.0015367143729692,1.0028004055782311,0.9975718036569097,0.9739488214295873,1.000636441791269,1.002177829306232,7.53e-5,-0.0024393989712471037,0.30699740934381203,0.5872495604379192,0.021779518781120787,0.14811987492049922,0.8787800150017464
0.5928399271759361,-0.002516620536315436,3.9269908169872414,5.690421507919382,-331.0457643319961,-292.88503079235204,1.006749519930025,0.9996906781485135,0.9588463871707084,0.999462127126593,1.001866317227275,0.9979925171216487,0.9741127265571566,1.000583425750258,1.003049948906811,7.53e-5,-0.002441320536315436,0.30699740934381203,0.5872495604379192,0.021754530449415197,0.14803425267744913,0.8787800150017464
0.5928399271759361,-0.002519070143467491,4.1887902047863905,4.824267260597594,-330.60641739871664,-292.45195366869115,1.0063359671477783,0.9997066138377696,0.9554868191424457,0.9981603631005176,1.0012132406997358,0.9983238898162065,0.9742495198287455,1.0005463406531578,1.003723627291242,7.53e-5,-0.002443770143467491,0.30699740934381203,0.5872495604379192,0.02173976302070331,0.14798362964120745,0.8787800150017464
0.5928399271759361,-0.0025218345896725596,4.4505895925855405,4.26965013166182,-330.3292065238493,-292.17464510422326,1.0060069008356294,0.99971842050676,0.9544265009496686,0.9977974448140927,1.000902537855109,0.9985451666852218,0.9743533959759748,1.0005247217421016,1.0041627216371438,7.53e-5,-0.0024465345896725597,0.30699740934381203,0.5872495604379192,0.021735510184798072,0.14796904771836247,0.8787800150017464
0.5928399271759361,-0.00252470251030111,4.71238898038469,3.960796749110159,-330.1848935889594,-292.02021841294743,1.0056609732775275,0.9997280585441045,0.9554076825536787,0.9984282197803908,1.0009520245497838,0.9986532176311708,0.9744539163269191,1.0005201082460164,1.0043570868703995,7.53e-5,-0.0024494025103011102,0.30699740934381203,0.5872495604379192,0.02174139528595069,0.14798922590482905,0.8787800150017464
0.5928399271759361,-0.002527519814254733,4.974188368183839,3.8998390579117768,-330.172708953109,-291.98973956734824,1.0052896183238584,0.9997390389309191,0.9583476793023249,0.999984177393234,1.0013635695362824,0.9986287838922022,0.9745711674975119,1.0005373585887631,1.0042657011802096,7.53e-5,-0.002452219814254733,0.30699740934381203,0.5872495604379192,0.021756523466812693,0.14804108349348372,0.8787800150017464
0.5928399271759361,-0.0025300896170868743,5.235987755982989,4.163598377161634,-330.3242155592688,-292.12161922697317,1.004865446171567,0.99974938447666,0.963165910175992,1.0023828841315965,1.0021096068976045,0.998480833262586,0.9747008085344351,1.0005815452511369,1.0039250506460666,7.53e-5,-0.0024547896170868744,0.30699740934381203,0.5872495604379192,0.021780766651031427,0.1481241494736289,0.8787800150017464
0.5928399271759361,-0.0025323267355476242,5.497787143782138,4.88643681418057,-330.6969771744383,-292.48303844548263,1.0044661575639346,0.9997610534284601,0.96982483317822,1.0053962954122355,1.0031308576380447,0.9982125981065884,0.9748561089298449,1.0006566581725913,1.0033415762191733,7.53e-5,-0.0024570267355476243,0.30699740934381203,0.5872495604379192,0.02181316583409001,0.1482350903430569,0.8787800150017464
0.5928399271759361,-0.002534165264977993,5.759586531581287,6.220421400342502,-331.3568189421431,-293.1500307385636,1.0042055016136515,0.9997751723477035,0.9783078954216654,1.0087536787860523,1.0043462112242278,0.9978379232375661,0.9750327837258351,1.0007623733677025,1.0025429720711503,7.53e-5,-0.002458865264977993,0.30699740934381203,0.5872495604379192,0.02185269214378883,0.1483703268039514,0.8787800150017464
0.5928399271759361,-0.00253556294630155,6.021385919380437,8.279260384805639,-332.35233040064867,-294.17945023079517,1.0042266255879422,0.9997930130039453,0.9884126857358634,1.0121639876327324,1.005651254191499,0.9973887042577478,0.9752284940953387,1.0008913045194134,1.0015891020355752,7.53e-5,-0.00246026294630155,0.30699740934381203,0.5872495604379192,0.021897857657300745,0.14852471110481547,0.8787800150017464
0.5928399271759361,-0.00253646393739951,6.283185307179586,11.077485032998766,-333.68615717506367,-295.57856255489173,1.0046385937923128,0.9998051798098626,0.9997998819638173,1.0153048895510954,1.0069539524667181,0.9968737604835913,0.9754006344823373,1.0010354146990477,1.0005300605873553,7.53e-5,-0.00246116393739951,0.30699740934381203,0.5872495604379192,0.021946322397622245,0.14869019977119183,0.8787800150017464
0.6047293292661603,-0.0025528901048123176,0.0,14.815986353051471,-335.39201921635436,-297.4478132149181,1.0046050662621486,0.9998043953254757,0.993664245121639,1.0125921282474526,1.0064744190880421,0.9966609100523594,0.966936871962565,1.0010320104647552,0.9994804208024773,7.53e-5,-0.0024775901048123177,0.30699740934381203,0.5872495604379192,0.02193061517814447,0.14863658517018874,0.8909088157517129
0.6047293292661603,-0.0025532163731481292,0.2617993877991494,18.034665653024604,-336.9208197720093,-299.05715286490465,1.0054895389476675,0.9998118711130441,1.0053805203868136,1.0152670720293284,1.007673839808732,0.996127727995296,0.9670583624762055,1.0011725870684813,0.9983907355575726,7.53e-5,-0.0024779163731481293,0.30699740934381203,0.5872495604379192,0.021978802912095884,0.14880100842709124,0.8909088157517129
0.6047293292661603,-0.0025529056320545704,0.5235987755982988,21.561465147301988,-338.57942287067107,-300.82055261204334,1.0068635884069363,0.9998107018965651,1.0168409195904204,1.0172897635169167,1.008683353782578,0.9956192077497974,0.967082637623617,1.0012960851714683,0.9973579915415574,7.53e-5,-0.0024776056320545705,0.30699740934381203,0.5872495604379192,0.022023763934687548,0.14895426287579044,0.8909088157517129
0.6047293292661603,-0.0025518592453627024,0.7853981633974483,24.973988733441956,-340.17002349712516,-302.5268144051133,1.0086178432323627,0.9997957296220109,1.0268632640411375,1.018570064094959,1.0094425881544686,0.9951736107991764,0.9669662255241639,1.001388953990953,0.9964544058663817,7.53e-5,-0.0024765592453627025,0.30699740934381203,0.5872495604379192,0.022061209283887124,0.14908178268119013,0.8909088157517129
0.6047293292661603,-0.0025500072280878333,1.0471975511965976,27.787383603691637,-341.4700441328356,-303.93351184023817,1.010515535778689,0.9997635647519633,1.0342374953811924,1.01911747082501,1.0099251521909398,0.9948216149220338,0.9667010113946878,1.0014420023671637,0.9957425878123733,7.53e-5,-0.0024747072280878334,0.30699740934381203,0.5872495604379192,0.02208714633436093,0.14917004907525994,0.8909088157517129
0.6047293292661603,-0.0025474160984601244,1.3089969389957472,29.566789891031817,-342.2847384496629,-304.82321498390826,1.0122646777199487,0.9997236625175764,1.038027060188427,1.0189931146140319,1.0101185246140756,0.9945894708064307,0.9663183133369418,1.001452373514817,0.9952704864115677,7.53e-5,-0.0024721160984601245,0.30699740934381203,0.5872495604379192,0.022098259120345114,0.14920785150286847,0.8909088157517129
0.6047293292661603,-0.0025442085067484427,1.5707963267948966,30.040955878830232,-342.49722409584734,-305.06029797780747,1.0135342622806047,0.9996801050161066,1.0376321477799904,1.0182924908098472,1.010038327557601,0.9944876403044076,0.9658867262675501,1.001421139971602,0.9950732060010726,7.53e-5,-0.002468908506748443,0.30699740934381203,0.5872495604379192,0.022093234276011536,0.14919075961211187,0.8909088157517129
0.6047293292661603,-0.002540630524096138,1.8325957145940461,29.172462210541312,-342.0961134031833,-304.626051143663,1.0140945979512217,0.9996377849187322,1.0330258188501495,1.0170662233909675,1.0096933900256737,0.9945223351714261,0.965471460243035,1.0013514995185486,0.9951560710859388,7.53e-5,-0.002465330524096138,0.30699740934381203,0.5872495604379192,0.022072426328461556,0.14911996163359914,0.8909088157517129
0.6047293292661603,-0.002537066864252081,2.0943951023931953,27.157154688384253,-341.17038098253914,-303.6183973825845,1.0139058188468157,0.9996071229415001,1.0248399426729504,1.015358539178368,1.0090962504447154,0.9946919369839335,0.9651621593097377,1.0012523141073197,0.9955222785617379,7.53e-5,-0.002461766864252081,0.30699740934381203,0.5872495604379192,0.0220382453977132,0.14900359192620663,0.8909088157517129
0.6047293292661603,-0.0025338743968801197,2.356194490192345,24.357822439765187,-339.8801609053249,-302.21873125827494,1.0130616108336032,0.999592066136129,1.014054689199988,1.013192999880541,1.0082647534143572,0.994984045004964,0.9649995393836064,1.0011347637281998,0.9961526658401159,7.53e-5,-0.0024585743968801197,0.30699740934381203,0.5872495604379192,0.021994323062189337,0.14885392781898396,0.8909088157517129
0.6047293292661603,-0.0025313696553528006,2.6179938779914944,21.20334632446486,-338.4135380785148,-300.6414932006248,1.011791914266527,0.999594921014983,1.001872872994562,1.0106139291706213,1.0072278485181603,0.9953803845917428,0.9649772099723414,1.001010299102806,0.9970009167909416,7.53e-5,-0.0024560696553528006,0.30699740934381203,0.5872495604379192,0.0219448467792614,0.14868516373353635,0.8909088157517129
0.6047293292661603,-0.0025297600890013543,2.8797932657906435,18.090642676549805,-336.94747606520616,-299.08514137666725,1.0103441709748064,0.9996075260560996,0.9894572621442603,1.0077314696797792,1.0060400030546235,0.9958555666872424,0.9650646911724313,1.0008878224296078,0.9980108760582315,7.53e-5,-0.0024544600890013544,0.30699740934381203,0.5872495604379192,0.02189422664520299,0.14851230537317714,0.8909088157517129
0.6047293292661603,-0.002529140487088373,3.141592653589793,15.315832638454708,-335.61876985213433,-297.6977363576197,1.008978726949782,0.9996317776425689,0.9779000917405714,1.0046970340846426,1.0047747427661828,0.9963698532219104,0.965228949195958,1.000779742779075,0.9991013689045893,7.53e-5,-0.002453840487088373,0.30699740934381203,0.5872495604379192,0.021846137246517038,0.14834790796423306,0.8909088157517129
0.6047293292661603,-0.0025295004692257083,3.4033920413889422,13.04446898990932,-334.50971595071957,-296.562054533347,1.0078450792730729,0.999658725465898,0.9679037348275672,1.0017271468575042,1.0035223026349351,0.996888487110817,0.965419139629571,1.0006893083100004,1.000192547619438,7.53e-5,-0.0024542004692257083,0.30699740934381203,0.5872495604379192,0.021803690686898112,0.1482026540040823,0.8909088157517129
0.6047293292661603,-0.002530747654115125,3.6651914291880923,11.317410730080496,-333.64856753896265,-295.6985254034326,1.0070040554530302,0.9996838645480437,0.9599716683909927,0.9990783889214209,1.0023809919234326,0.9973764051636663,0.965598088381812,1.0006182069154086,1.0012078836017195,7.53e-5,-0.0024554476541151253,0.30699740934381203,0.5872495604379192,0.021769257351955673,0.14808472006114098,0.8909088157517129
0.6047293292661603,-0.0025326964236653047,3.9269908169872414,10.082057095562163,-333.0209131906944,-295.08084858617343,1.0064106616295831,0.9997023849115995,0.9543213590024643,0.997008119773283,1.0014443267197,0.9978034379450789,0.965735767509162,1.0005653529859198,1.0020873925165792,7.53e-5,-0.002457396423665305,0.30699740934381203,0.5872495604379192,0.02174441797067722,0.1479995887152434,0.8909088157517129
0.6047293292661603,-0.002535213470207198,4.1887902047863905,9.23703590806349,-332.58826311050007,-294.6583379924241,1.0060313184853917,0.9997203144889464,0.9509751894655682,0.9956877532295528,1.000782665206937,0.9981402627768113,0.9658500279126587,1.0005295943784018,1.0027493826906448,7.53e-5,-0.002459913470207198,0.30699740934381203,0.5872495604379192,0.021729429212077073,0.14794819514298982,0.8909088157517129
0.6047293292661603,-0.0025380424716322974,4.4505895925855405,8.679580211801749,-332.3081092959159,-294.3796101442932,1.0057414368598399,0.9997352997806984,0.9498446176323333,0.9952874361595331,1.0004558762618847,0.9983691727745055,0.9659376112917293,1.000509925556521,1.0031681402010613,7.53e-5,-0.0024627424716322974,0.30699740934381203,0.5872495604379192,0.02172468257364119,0.14793191621903026,0.8909088157517129
0.6047293292661603,-0.0025409999093659657,4.71238898038469,8.346365166415126,-332.1526886958279,-294.2130026215999,1.0054596661546251,0.9997442575657578,0.950666008131332,0.9958426420024521,1.0004954278294855,0.9984672581082839,0.9660448835394818,1.000508910637914,1.0033462457630258,7.53e-5,-0.002465699909365966,0.30699740934381203,0.5872495604379192,0.021729680496753646,0.14794905689266616,0.8909088157517129
0.6047293292661603,-0.002543903949498929,4.974188368183839,8.240188175966523,-332.12167992257133,-294.1599141263756,1.0051496352974016,0.9997542640293886,0.9534316635166142,0.9973619043371358,1.0008984444581264,0.9984407843296246,0.9661550660354543,1.000529870098391,1.003260091303743,7.53e-5,-0.002468603949498929,0.30699740934381203,0.5872495604379192,0.021744282772869813,0.147999125225368,0.8909088157517129
0.6047293292661603,-0.002546491550079978,5.235987755982989,8.436466439577657,-332.2461114188238,-294.2580532581812,1.0047601631049954,0.999758750860362,0.9580437467708321,0.9996994380383083,1.0016348173236693,0.9982844663468282,0.966267227719794,1.0005765276315073,1.0029058582795578,7.53e-5,-0.0024711915500799783,0.30699740934381203,0.5872495604379192,0.021767705586196007,0.14807940312705867,0.8909088157517129
0.6047293292661603,-0.002548779652927091,5.497787143782138,9.066699830668881,-332.582377303787,-294.5731699537268,1.0044139962823837,0.9997689978959625,0.964490697619324,1.002678146234963,1.002648153194646,0.9980122813288236,0.9664151327373627,1.0006540700462716,1.0023138282462096,7.53e-5,-0.002473479652927091,0.30699740934381203,0.5872495604379192,0.0217994176872947,0.1481880239596266,0.8909088157517129
0.6047293292661603,-0.0025506279760122083,5.759586531581287,10.280166258026384,-333.19419307856634,-295.17990316740554,1.0041841838615102,0.9997800676746614,0.9727132275489351,1.0060129474955337,1.0038580426931665,0.9976338174975564,0.9665816384236219,1.0007606323183507,1.0015076363702458,7.53e-5,-0.0024753279760122084,0.30699740934381203,0.5872495604379192,0.021838223978092007,0.14832083888762196,0.8909088157517129
0.6047293292661603,-0.0025520115168815765,6.021385919380437,12.190204950459588,-334.1293606085737,-296.13492251362214,1.0042073588173328,0.9997928841566062,0.9825595380681642,1.0094116945592133,1.0051678452317614,0.9971725988477897,0.9667635721607902,1.0008904246172508,1.0005398957945812,7.53e-5,-0.0024767115168815765,0.30699740934381203,0.5872495604379192,0.021882653636020613,0.14847275826759107,0.8909088157517129
0.6047293292661603,-0.002552890104812319,6.283185307179586,14.815986353052267,-335.39201921635475,-297.4478132149185,1.0046050662621473,0.9998043953254754,0.9936642451216653,1.0125921282474575,1.006474419088044,0.9966609100523589,0.9669368719625677,1.0010320104647552,0.9994804208024759,7.53e-5,-0.002477590104812319,0.30699740934381203,0.5872495604379192,0.021930615178144527,0.14863658517018893,0.8909088157517129
0.6165571083701215,-0.002569680967535632,0.0,20.60436609952376,-337.9801501942424,-300.34200308815423,1.0045899777223808,0.9998073334610489,0.9874933661898904,1.009825407371513,1.0059741895984318,0.9964597037473153,0.9563835844600412,1.001017388331496,0.9982507952125649,7.53e-5,-0.002494380967535632,0.30699740934381203,0.5872495604379192,0.021917394619366207,0.14859144392077367,0.9030376165016794
0.6165571083701215,-0.002569958534520657,0.2617993877991494,23.642460438103512,-339.43312378099523,-301.8610502574441,1.005430119878777,0.9998136374376468,0.9988830539522747,1.0125464350548274,1.007181833947043,0.9959282522052484,0.9565039886122372,1.0011543681934538,0.9971600879251541,7.53e-5,-0.002494658534520657,0.30699740934381203,0.5872495604379192,0.021964987856859543,0.1487538875672562,0.9030376165016794
0.6165571083701215,-0.0025695756864963335,0.5235987755982988,26.9942886574446,-341.0174719546991,-303.53696436711465,1.00672860420536,0.9998114513772205,1.0100182076645159,1.0146276539025822,1.0082044075143628,0.9954206069062298,0.9565320286508034,1.0012739568201041,0.9961260657327612,7.53e-5,-0.0024942756864963335,0.30699740934381203,0.5872495604379192,0.022009454370038376,0.1489055037988801,0.9030376165016794
0.6165571083701215,-0.0025684446840441365,0.7853981633974483,30.260640013015063,-342.5455295328873,-305.1701400448999,1.0083863958406432,0.9997967652706763,1.019814911538621,1.0159817491566743,1.008982317053602,0.9949739351635574,0.956433521013713,1.0013638740873039,0.995225757154428,7.53e-5,-0.0024931446840441365,0.30699740934381203,0.5872495604379192,0.022046752965977075,0.14903256436413978,0.9030376165016794
0.6165571083701215,-0.0025665046928862673,1.0471975511965976,32.979761776435,-343.8047710463114,-306.52970092660985,1.0101854006768174,0.9997687343276791,1.0271336484122287,1.0166077645790719,1.0094830177271603,0.9946206009081878,0.9561978949315408,1.0014155251570087,0.9945241387229483,7.53e-5,-0.0024912046928862674,0.30699740934381203,0.5872495604379192,0.022072919503911242,0.14912164001515626,0.9030376165016794
0.6165571083701215,-0.0025638034703379083,1.3089969389957472,34.73338407553513,-344.6079129570004,-307.4065120761599,1.0118344590141168,0.9997294220436289,1.0309221667760327,1.0165532917501454,1.0096944610649676,0.9943892215378134,0.9558430495647755,1.0014237397249455,0.994063144875685,7.53e-5,-0.0024885034703379084,0.30699740934381203,0.5872495604379192,0.022084664786025457,0.1491616063086262,0.9030376165016794
0.6165571083701215,-0.0025604938852054233,1.5707963267948966,35.25511749062002,-344.8403919817484,-307.66737878370236,1.013048480447908,0.9996885942995446,1.0306132068611387,1.015869178406065,1.0096116016693542,0.9942978114617189,0.9554177914956581,1.001387446065351,0.9938630647547952,7.53e-5,-0.0024851938852054234,0.30699740934381203,0.5872495604379192,0.022080023527285456,0.14914581449338266,0.9030376165016794
0.6165571083701215,-0.0025568952826439603,1.8325957145940461,34.499288929712975,-344.48615707924773,-307.28946450324884,1.0135858681786967,0.9996513894518444,1.026365323480099,1.0146883965022142,1.0092806939025571,0.9943278284082878,0.955051198238203,1.00132067041888,0.9939712046600455,7.53e-5,-0.0024815952826439604,0.30699740934381203,0.5872495604379192,0.022060570779419524,0.1490796091467685,0.9030376165016794
0.6165571083701215,-0.002553291321035664,2.0943951023931953,32.64333853473954,-343.62767208136137,-306.3614893057621,1.013388865973299,0.999622751782928,1.0185529051496087,1.0129828974243849,1.0086816683338125,0.9945008564622757,0.9547548943953889,1.0012209258805813,0.9943483681325606,7.53e-5,-0.002477991321035664,0.30699740934381203,0.5872495604379192,0.022027427611238253,0.14896674416805994,0.9030376165016794
0.6165571083701215,-0.0025500742255337777,2.356194490192345,30.027065509571003,-342.41435279530486,-305.05335279317785,1.0125572322280412,0.9996059459878849,1.0080949032210684,1.0108087080738446,1.0078488452726964,0.9947965543918633,0.9545798668114485,1.001102128504548,0.9949873304236845,7.53e-5,-0.0024747742255337777,0.30699740934381203,0.5872495604379192,0.02198456738705142,0.14882066581358255,0.9030376165016794
0.6165571083701215,-0.0025475908632501074,2.6179938779914944,27.057382052428466,-341.0264643888422,-303.5685110646066,1.011335378395773,0.9996132119655899,0.9963977416867694,1.0082237759762254,1.0068088584723267,0.9951945506770453,0.9545744307463144,1.0009790570021737,0.9958449050095574,7.53e-5,-0.0024722908632501075,0.30699740934381203,0.5872495604379192,0.02193603332497038,0.14865508144691494,0.9030376165016794
0.6165571083701215,-0.0025460087639541905,2.8797932657906435,24.114053413463466,-339.6324539252652,-302.0968467451241,1.0099373268383285,0.9996290974636427,0.9843557070396207,1.0053221486102881,1.0056188288310663,0.995668423822581,0.9546615798448466,1.0008587164637741,0.9968564810831582,7.53e-5,-0.0024707087639541906,0.30699740934381203,0.5872495604379192,0.021886074360168477,0.14848444857664128,0.9030376165016794
0.6165571083701215,-0.00254541356322803,3.141592653589793,21.482281950797756,-338.36436040363486,-300.7809610137912,1.008594984971601,0.9996504640507387,0.9730219879666313,1.0022695317908081,1.0043541053704015,0.9961812243577083,0.9548159955971257,1.0007512523451296,0.9979533559151582,7.53e-5,-0.00247011356322803,0.30699740934381203,0.5872495604379192,0.021838485030174805,0.14832173195020956,0.9030376165016794
0.6165571083701215,-0.0025458409069048656,3.4033920413889422,19.322522626497175,-337.30203330052586,-299.70108135164094,1.0074933236214574,0.9996784027857982,0.9632470645553813,0.9992935420665124,1.0030989614273937,0.9967040829744849,0.9549920732534782,1.0006610307135506,0.999042412063107,7.53e-5,-0.0024705409069048657,0.30699740934381203,0.5872495604379192,0.021796391811592056,0.14817766301341656,0.9030376165016794
0.6165571083701215,-0.00254714808280932,3.6651914291880923,17.67498084661065,-336.47335242632636,-298.8773104616977,1.00667163632346,0.9997027725310171,0.9554187411374327,0.9966254474008118,1.0019549071958882,0.9971926015878189,0.9551581062123213,1.0005908677643176,1.0000554349088129,7.53e-5,-0.00247184808280932,0.30699740934381203,0.5872495604379192,0.021762019529352025,0.1480599189705844,0.9030376165016794
0.6165571083701215,-0.0025491810574127696,3.9269908169872414,16.489183594882093,-335.86488087528716,-298.2844118358334,1.0061071470025873,0.9997214235736003,0.9497612438300561,0.9945117011772839,1.001010746059494,0.9976182630998257,0.9552935693906491,1.0005396477869752,1.0009279277906735,7.53e-5,-0.0024738810574127697,0.30699740934381203,0.5872495604379192,0.021736833667195768,0.14797358576177225,0.9030376165016794
0.6165571083701215,-0.0025517710011885,4.1887902047863905,15.667159454203556,-335.44006877139554,-297.8733997654941,1.0057613543568593,0.9997385934047573,0.9463720741087158,0.9931523914039718,1.0003448938284136,0.9979507371514724,0.9554055732641852,1.0005063557241864,1.001585692021653,7.53e-5,-0.0024764710011885,0.30699740934381203,0.5872495604379192,0.021721470899402885,0.14792090057431992,0.9030376165016794
0.6165571083701215,-0.0025546659555413724,4.4505895925855405,15.109524455167389,-335.1579389895372,-297.59458226597604,1.0055090979825205,0.9997501451848916,0.9451146040591298,0.9927061526176781,1.0000149135168614,0.9981716978372744,0.9554889007101197,1.0004899424292397,1.0020134256062192,7.53e-5,-0.0024793659555413725,0.30699740934381203,0.5872495604379192,0.021716249765567127,0.1479029910325477,0.9030376165016794
0.6165571083701215,-0.002557675636849396,4.71238898038469,14.755279446178065,-334.9928002903323,-297.4174597614814,1.0052562910857312,0.9997570091003225,0.9458514002040477,0.9932199665787286,1.0000424458150907,0.9982710832998103,0.9555733497733427,1.0004908411540092,1.0021740553382896,7.53e-5,-0.002482375636849396,0.30699740934381203,0.5872495604379192,0.02172071285816723,0.14791830047065266,0.9030376165016794
0.6165571083701215,-0.002560563067661306,4.974188368183839,14.607718988807278,-334.94438792700277,-297.343679532796,1.0049614129317166,0.9997642640559594,0.9485215041347724,0.9947069020451119,1.0004318600833315,0.9982489432942749,0.9556462844724366,1.000513618607118,1.0020679767151988,7.53e-5,-0.002485263067661306,0.30699740934381203,0.5872495604379192,0.021734817611195164,0.14796667292264135,0.9030376165016794
0.6165571083701215,-0.002563213375294755,5.235987755982989,14.74073627051564,-335.04358582989704,-297.41018817365017,1.0046336713287196,0.9997694328499487,0.9529795092466192,0.997005174339753,1.001154663669869,0.9980942981570465,0.9557500562922953,1.0005627324154402,1.0017018017321444,7.53e-5,-0.002487913375294755,0.30699740934381203,0.5872495604379192,0.02175760371792078,0.1480447857902179,0.9030376165016794
0.6165571083701215,-0.0025655477765386967,5.497787143782138,15.28286125265879,-335.34451219182097,-297.68125066472174,1.0043370998875567,0.9997751706003003,0.9591756399053687,0.9999295658183261,1.0021593532638535,0.9978138822414543,0.9558824684223992,1.0006422985170584,1.0011043044854506,7.53e-5,-0.0024902477765386967,0.30699740934381203,0.5872495604379192,0.021788475506037446,0.14815055334661714,0.9030376165016794
0.6165571083701215,-0.0025674303502960273,5.759586531581287,16.38050265304844,-335.9100980471612,-298.23007136491657,1.00414896919867,0.9997858839386115,0.9671769416323709,1.0032538076079824,1.003360829842208,0.9974381854239084,0.9560393361923988,1.000748759559863,1.000292240087234,7.53e-5,-0.0024921303502960274,0.30699740934381203,0.5872495604379192,0.021826663300160913,0.1482812844231008,0.9030376165016794
0.6165571083701215,-0.002568820145420353,6.021385919380437,18.14649016330793,-336.7867868858016,-299.1130651200463,1.0041932956059578,0.9997970395372826,0.9767251138763309,1.0066448694026644,1.0046667972403842,0.9969756863540871,0.9562155080021394,1.0008774684047497,0.9993193872731229,7.53e-5,-0.002493520145420353,0.30699740934381203,0.5872495604379192,0.021870316299579043,0.148430588054495,0.9030376165016794
0.6165571083701215,-0.0025696809675356323,6.283185307179586,20.6043660995241,-337.98015019424264,-300.3420030881544,1.0045899777223795,0.9998073334610489,0.9874933661898901,1.009825407371513,1.005974189598432,0.9964597037473152,0.956383584460042,1.0010173883314961,0.9982507952125648,7.53e-5,-0.0024943809675356324,0.30699740934381203,0.5872495604379192,0.021917394619366218,0.1485914439207737,0.9030376165016794
0.6283163049944824,-0.0025862905515443148,0.0,28.659394731743532,-341.49896585807295,-304.3695174042641,1.004555191671449,0.999807429760929,0.9814088217554081,1.007011483099609,1.0054763275495044,0.9962446021629978,0.9436357426597707,1.0010013562100164,0.9968477046992524,7.53e-5,-0.002510990551544315,0.30699740934381203,0.5872495604379192,0.02190674840791816,0.1485550830372641,0.9151664172516458
0.6283163049944824,-0.0025865207123695233,0.2617993877991494,31.52123900887841,-342.8778022564267,-305.80043954283155,1.0053549770997343,0.9998128802924984,0.9925174393396189,1.0097784762716826,1.0066915525299396,0.9957137169066819,0.9437584030698875,1.0011353980946556,0.9957598956384826,7.53e-5,-0.0025112207123695234,0.30699740934381203,0.5872495604379192,0.021953807067353056,0.14871574114365152,0.9151664172516458
0.6283163049944824,-0.002586066904832907,0.5235987755982988,34.70096738183031,-344.38888843076506,-307.3903037293075,1.0065839138501707,0.9998109507783609,1.0033830038018592,1.0119259750536231,1.007725620258175,0.9952088428725121,0.9437980219481528,1.0012512292232112,0.9947309986742243,7.53e-5,-0.002510766904832907,0.30699740934381203,0.5872495604379192,0.021997873540803597,0.14886603139734195,0.9151664172516458
0.6283163049944824,-0.0025848579930732598,0.7853981633974483,37.82180641849686,-345.85454069311453,-308.9507232476408,1.0081556257621693,0.9997991534508603,1.0129618601247323,1.013354425060568,1.008513174024733,0.9947704999815409,0.9437166043112427,1.0013363335840986,0.9938351736644231,7.53e-5,-0.00250955799307326,0.30699740934381203,0.5872495604379192,0.022034889070062735,0.148992160482662,0.9151664172516458
0.6283163049944824,-0.002582833449296525,1.0471975511965976,40.444617304782355,-347.0720123973085,-310.2621286907835,1.009864034071006,0.9997735540779408,1.020099918293368,1.0140454197455804,1.0090265296759915,0.9944215034587364,0.9434998093423701,1.0013844325952286,0.9931383248228302,7.53e-5,-0.002507533449296525,0.30699740934381203,0.5872495604379192,0.022061021447869266,0.14908114327139246,0.9151664172516458
0.6283163049944824,-0.002580036798734987,1.3089969389957472,42.167760188514194,-347.8611755840287,-311.12370013264945,1.0114347564170407,0.999733230366208,1.0238870403756395,1.014053054364397,1.0092603124711628,0.994183338479014,0.9431851046993885,1.0013911035672627,0.992686234054819,7.53e-5,-0.002504736798734987,0.30699740934381203,0.5872495604379192,0.022073363371814418,0.14912315057691464,0.9151664172516458
0.6283163049944824,-0.002576668550444773,1.5707963267948966,42.73034831536586,-348.1100204221328,-311.4049941960753,1.0125749481841468,0.9996948851687695,1.0237626400252382,1.0134317652675606,1.0091885281016268,0.994099114789668,0.9427943784925327,1.0013523797218804,0.9925017601583721,7.53e-5,-0.002501368550444773,0.30699740934381203,0.5872495604379192,0.022069667359650855,0.1491105719344585,0.9151664172516458
0.6283163049944824,-0.0025730139876152217,1.8325957145940461,42.079522877031195,-347.79979619642035,-311.07958147690795,1.013090808317293,0.9996633688017036,1.0197759896293004,1.0122705503457086,1.0088519560109241,0.994143436912054,0.9424395090859421,1.0012820078819593,0.9926162521929337,7.53e-5,-0.0024977139876152217,0.30699740934381203,0.5872495604379192,0.022050969162994247,0.14904692055563376,0.9151664172516458
0.6283163049944824,-0.0025693585089514993,2.0943951023931953,40.375415063746345,-347.0051244184977,-310.2275275702655,1.012882385953839,0.9996364856303435,1.0123011425917134,1.0105722054936965,1.008258846181385,0.9943113200940933,0.9421583296991836,1.0011845627984624,0.9930091277194764,7.53e-5,-0.0024940585089514994,0.30699740934381203,0.5872495604379192,0.02201897444114924,0.14893794465687818,0.9151664172516458
0.6283163049944824,-0.0025661420337252517,2.356194490192345,37.935691188334204,-345.8668918597857,-309.00766563255945,1.0120867220511702,0.9996253124991201,1.0023080548223011,1.0083994723156995,1.0074232193029136,0.9946104542229993,0.9420040640575332,1.0010667017708585,0.9936580983771571,7.53e-5,-0.002490842033725252,0.30699740934381203,0.5872495604379192,0.02197715469482505,0.14879538739230272,0.9151664172516458
0.6283163049944824,-0.0025636556930792856,2.6179938779914944,35.14577221248737,-344.55527151839607,-307.61270614463604,1.0108877259278881,0.9996304174724769,0.9909103326127936,1.0058033624098934,1.0063822317707536,0.9950114152023338,0.9419792818297126,1.0009428496020245,0.9945199272741634,7.53e-5,-0.0024883556930792856,0.30699740934381203,0.5872495604379192,0.02192955888201495,0.14863297896390765,0.9151664172516458
0.6283163049944824,-0.002562115259146747,2.8797932657906435,32.368367547930916,-343.23231717599515,-306.2240038123578,1.0095399091318487,0.9996496057092134,0.9791804510958475,1.0029018514366723,1.0051870071660987,0.995494899979124,0.9420609407435945,1.000822429821296,0.9955379332744543,7.53e-5,-0.002486815259146747,0.30699740934381203,0.5872495604379192,0.021880370292715837,0.14846495445519914,0.9151664172516458
0.6283163049944824,-0.0025615739013259103,3.141592653589793,29.87763541833624,-342.02452523022504,-304.97863774756047,1.0082367938176855,0.9996731275207346,0.9681656750885161,0.9998497340680119,1.0039214789934048,0.9960108144187724,0.9422024231255459,1.0007159097308467,0.9966326607995714,7.53e-5,-0.0024862739013259104,0.30699740934381203,0.5872495604379192,0.021833428286753734,0.1483044318362411,0.9151664172516458
0.6283163049944824,-0.002562025627029898,3.4033920413889422,27.82873518273891,-341.00911653628816,-303.9541876297618,1.007146363745196,0.9996966886988783,0.958561951916925,0.9968427581823288,1.002671714746784,0.9965221297463647,0.9423658657630282,1.000627972159598,0.997718132828148,7.53e-5,-0.002486725627029898,0.30699740934381203,0.5872495604379192,0.021791586278236567,0.14816120686963183,0.9151664172516458
0.6283163049944824,-0.0025633926835963764,3.6651914291880923,26.261026580373027,-340.21351778595806,-303.17033332857886,1.0063454292391276,0.9997199937764056,0.9508306518592976,0.9941565873995083,1.001527173869196,0.9970092125365122,0.9425204926961218,1.0005592322330097,0.9987303620078066,7.53e-5,-0.0024880926835963765,0.30699740934381203,0.5872495604379192,0.021757309909019605,0.14804377884089281,0.9151664172516458
0.6283163049944824,-0.0025655014904846733,3.9269908169872414,25.126028115449344,-339.6252821151701,-302.602834096117,1.005816184678902,0.9997393642825401,0.9452331358039333,0.992014518403269,1.0005815738316113,0.9974310291996386,0.942647991879634,1.0005099471611625,0.9995905115718963,7.53e-5,-0.0024902014904846733,0.30699740934381203,0.5872495604379192,0.021731976585565194,0.14795693081923686,0.9151664172516458
0.6283163049944824,-0.0025681596383331363,4.1887902047863905,24.32907142437341,-339.2090152981717,-302.20435575057905,1.0054830454538333,0.9997567378492044,0.9418349020020728,0.9906443824942808,0.9999083848723496,0.9977697901952775,0.942731644243583,1.0004783221445919,1.0002412938491125,7.53e-5,-0.0024928596383331364,0.30699740934381203,0.5872495604379192,0.02171647020836692,0.14790374723835994,0.9151664172516458
0.6283163049944824,-0.002571070922451158,4.4505895925855405,23.774064750232128,-338.9267847838468,-301.9268524135084,1.0052386102028052,0.9997637983748586,0.9404932994096027,0.9901555225221911,0.9995690415428485,0.9979901288614954,0.9428093664487952,1.0004635986409554,1.000664886237909,7.53e-5,-0.002495770922451158,0.30699740934381203,0.5872495604379192,0.021710771211673793,0.14788419622452184,0.9151664172516458
0.6283163049944824,-0.002574144396301951,4.71238898038469,23.402229385960936,-338.7528814867703,-301.7409347313728,1.0050329925469514,0.999766986622526,0.9410552834090586,0.9906103480856456,0.9995893783307959,0.9980816957739966,0.9428861035517317,1.0004680346855337,1.0008365613585333,7.53e-5,-0.002498844396301951,0.30699740934381203,0.5872495604379192,0.021714618405482933,0.14789739470690272,0.9151664172516458
0.6283163049944824,-0.0025771144490564606,4.974188368183839,23.217260482993993,-338.6886299809303,-301.64845027988935,1.0048020643657052,0.9997705597781957,0.9435277465202568,0.9920131047053186,0.9999695324275774,0.9980459395993163,0.9429631257846611,1.000494227676226,1.0007200058086028,7.53e-5,-0.0025018144490564606,0.30699740934381203,0.5872495604379192,0.02172780291406317,0.1479426178375649,0.9151664172516458
0.6283163049944824,-0.0025798319455869454,5.235987755982989,23.291435936579774,-338.76383429771676,-301.68553800668224,1.0045290685813995,0.9997766625584944,0.9478514576370692,0.9942688121293428,1.0006821709422413,0.9978883032061153,0.9430445006526388,1.0005465988771098,1.0003313846404958,7.53e-5,-0.0025045319455869455,0.30699740934381203,0.5872495604379192,0.021749960469935693,0.14801858849339744,0.9151664172516458
0.6283163049944824,-0.002582164331722429,5.497787143782138,23.75025713934383,-339.0316901786331,-301.91494860806426,1.0042712429796037,0.9997838911394652,0.9539130538208742,0.9971493450192009,1.001669958797962,0.9976106519829917,0.943158584437304,1.000627243900809,0.9996999325273316,7.53e-5,-0.002506864331722429,0.30699740934381203,0.5872495604379192,0.02178005593877152,0.14812171495783938,0.9151664172516458
0.6283163049944824,-0.0025840600882762353,5.759586531581287,24.73717467356505,-339.5526747023729,-302.4084073751749,1.0041107821611575,0.9997909093470099,0.9616530121959455,1.0004377024219713,1.0028651767123713,0.9972282873980781,0.9433024168745364,1.0007350859829054,0.9988904562416482,7.53e-5,-0.0025087600882762353,0.30699740934381203,0.5872495604379192,0.021817466644504076,0.14824981106528198,0.9151664172516458
0.6283163049944824,-0.002585450136390347,6.021385919380437,26.36435801999494,-340.3728991710395,-303.2219990483898,1.0041729000086903,0.9997972284462728,0.9709272290968017,1.0038143932582453,1.004168581302193,0.99676077855466,0.943471478025062,1.000862712700372,0.997915027599941,7.53e-5,-0.002510150136390347,0.30699740934381203,0.5872495604379192,0.021860330480246458,0.14839644703927762,0.9151664172516458
0.6283163049944824,-0.002586290551544314,6.283185307179586,28.65939473174126,-341.4989658580718,-304.369517404263,1.0045551916714481,0.9998074297609287,0.9814088217554106,1.0070114830996086,1.0054763275495044,0.9962446021629978,0.9436357426597705,1.0010013562100164,0.996847704699252,7.53e-5,-0.002510990551544314,0.30699740934381203,0.5872495604379192,0.021906748407918154,0.14855508303726409,0.9151664172516458
0.6400000000000001,-0.002602307525354616,0.0,39.12974715079736,-345.9519551563035,-309.604693613791,1.0045471091365037,0.9998072363926358,0.9753849205059548,1.0042060946133462,1.004972873363331,0.996042431328065,0.9286648568083757,1.0009808827320552,0.9952903079226865,7.53e-5,-0.002527007525354616,0.30699740934381203,0.5872495604379192,0.021898504594896336,0.1485269213290645,0.9272952180016123
0.6400000000000001,-0.0026024895011483445,0.2617993877991494,41.820088335461264,-347.2586362337132,-310.949864206123,1.005306188907813,0.9998127953306637,0.9861874473556855,1.007003606548647,1.0061905562960474,0.9955137451912548,0.9287872523584861,1.0011120377703833,0.9942058302528503,7.53e-5,-0.0025271895011483446,0.30699740934381203,0.5872495604379192,0.021944876647282344,0.1486852656697171,0.9272952180016123
0.6400000000000001,-0.0026019681844869588,0.5235987755982988,44.83091904742264,-348.6977593338571,-312.45527956210367,1.0064711689299637,0.9998106512451439,0.9967743964357505,1.009201709997044,1.0072330399796345,0.9950110641489962,0.9288347759709986,1.0012240289917638,0.993179193047477,7.53e-5,-0.002526668184486959,0.30699740934381203,0.5872495604379192,0.021988385106748203,0.14883368320002568,0.9272952180016123
0.6400000000000001,-0.002600669600923244,0.7853981633974483,47.80706721563331,-350.1013940222628,-313.943353646209,1.0079471868218817,0.9998019629923914,1.0060673080266966,1.010700030744606,1.0080371842990579,0.9945712954412921,0.9287746492454219,1.0013090361080625,0.9923069391734057,7.53e-5,-0.002525369600923244,0.30699740934381203,0.5872495604379192,0.02202523118097232,0.14895926156378422,0.9272952180016123
0.6400000000000001,-0.002598560687987521,1.0471975511965976,50.33145675414278,-351.2758366268326,-315.20554841546374,1.0095648630825031,0.9997770085369849,1.0131288493633321,1.0114660754256821,1.0085659900121642,0.994226132107252,0.9285851612673562,1.001352919471999,0.991611566332492,7.53e-5,-0.002523260687987521,0.30699740934381203,0.5872495604379192,0.02205144699568871,0.1490485474959276,0.9272952180016123
0.6400000000000001,-0.0025956935068473094,1.3089969389957472,52.019108477812324,-352.0490146137971,-316.0493742772985,1.0110530401637021,0.9997431377705398,1.0169258927257225,1.0115206233455636,1.0087972326603447,0.9940027021053315,0.9282872146760424,1.0013541893626552,0.9911578406068884,7.53e-5,-0.0025203935068473095,0.30699740934381203,0.5872495604379192,0.022063781110357207,0.1490905371298732,0.9272952180016123
0.6400000000000001,-0.0025922427131664953,1.5707963267948966,52.61534845810115,-352.3108662555716,-316.3474942674429,1.0121288283590895,0.999707302366012,1.0169550483118384,1.0109512695962644,1.0087441866740223,0.9939099450246901,0.927935266902467,1.0013176119488576,0.9909903090561405,7.53e-5,-0.0025169427131664954,0.30699740934381203,0.5872495604379192,0.022061007758817683,0.14908109667259137,0.9272952180016123
0.6400000000000001,-0.0025884919204968017,1.8325957145940461,52.06127872809168,-352.0409980251535,-316.0704594024382,1.012597122501828,0.9996757797101751,1.0131572481749445,1.00980530767418,1.0084133976791705,0.9939541519992955,0.9275978353408045,1.001246485492667,0.9911147280525745,7.53e-5,-0.0025131919204968017,0.30699740934381203,0.5872495604379192,0.022043164363053043,0.14902034407949313,0.9272952180016123
0.6400000000000001,-0.002584836505947949,2.0943951023931953,50.5009683391163,-351.3065913782526,-315.2903042079505,1.0124114080893551,0.9996519615538602,1.0060492274381163,1.0081239523168355,1.0078181698975321,0.9941337213207584,0.9273367547754789,1.0011452734925976,0.9915096311149016,7.53e-5,-0.002509536505947949,0.30699740934381203,0.5872495604379192,0.022012219447132008,0.1489149268587368,0.9272952180016123
0.6400000000000001,-0.0025816064759220554,2.356194490192345,48.230913153076585,-350.2402736333946,-314.15527661493064,1.0116331872771842,0.9996456653394699,0.9964322743728836,1.0059567705536265,1.0069812262909117,0.9944371038497484,0.927184864191252,1.0010289547378544,0.9921697357052636,7.53e-5,-0.0025063064759220555,0.30699740934381203,0.5872495604379192,0.021971465295293348,0.14877598283750232,0.9272952180016123
0.6400000000000001,-0.0025791240765315887,2.6179938779914944,45.615549409501796,-349.003309932442,-312.84759474314325,1.0104708078858318,0.9996482464811237,0.9854007417194659,1.0033574330838453,1.0059438671972492,0.9948363400411661,0.9271619862398601,1.0009048211389875,0.9930346993054254,7.53e-5,-0.0025038240765315888,0.30699740934381203,0.5872495604379192,0.021924932378756493,0.1486171830318917,0.9272952180016123
0.6400000000000001,-0.0025775856352821718,2.8797932657906435,43.0006305690755,-347.7502248691428,-311.5401353229301,1.0091434051030204,0.9996684055835832,0.9740391494945774,1.000448638409545,1.0047517669028614,0.9953158306384645,0.9272301417335601,1.000787248540208,0.9940510776598873,7.53e-5,-0.002502285635282172,0.30699740934381203,0.5872495604379192,0.02187658961430207,0.14845203230565565,0.9272952180016123
0.6400000000000001,-0.0025770916154435274,3.141592653589793,40.64908522604628,-346.6023529370409,-310.3643626514155,1.00787662429058,0.9996909591058963,0.9632743772035676,0.9973881262345631,1.0034897067447162,0.9958294033528585,0.9273610985950795,1.0006817431964656,0.995145577274091,7.53e-5,-0.0025017916154435275,0.30699740934381203,0.5872495604379192,0.021830265172279845,0.14829360920358958,0.9272952180016123
0.6400000000000001,-0.0025776075807422924,3.4033920413889422,38.71049457518802,-345.6340772871228,-309.39506732598636,1.006816976481615,0.9997171592247726,0.9538521117512706,0.9943876746024534,1.0022380027756184,0.9963483273550389,0.9275089074081464,1.0005946538544386,0.9962299893255122,7.53e-5,-0.0025023075807422924,0.30699740934381203,0.5872495604379192,0.021788880712627953,0.14815194110775218,0.9272952180016123
0.6400000000000001,-0.0025790361062335444,3.6651914291880923,37.2231122198757,-344.8721863189453,-308.6513761483302,1.0060432028232937,0.9997393829607358,0.9462426464415132,0.9916904489925421,1.001097194734442,0.996831335762314,0.9276504656868264,1.0005275873173676,0.9972386378389364,7.53e-5,-0.0025037361062335444,0.30699740934381203,0.5872495604379192,0.02175481422148141,0.148035225289133,0.9272952180016123
0.6400000000000001,-0.002581211448742648,3.9269908169872414,36.140267851910835,-344.30497897628834,-308.10995396434777,1.0055390799581896,0.9997570341458649,0.9406844381880921,0.9895288238841282,1.0001520520336964,0.9972499782196976,0.9277659973162994,1.000479851158975,0.9980960166295657,7.53e-5,-0.002505911448742648,0.30699740934381203,0.5872495604379192,0.021729442242060772,0.1479482398278249,0.9272952180016123
0.6400000000000001,-0.002583917927145694,4.1887902047863905,35.37048003840778,-343.89894533192887,-307.72506005759624,1.0052291878593946,0.99976992828628,0.9372151784667794,0.9881039970541644,0.999478296833695,0.9975769269059638,0.9278541986218404,1.0004507562932257,0.9987491865625863,7.53e-5,-0.002508617927145694,0.30699740934381203,0.5872495604379192,0.021713520017864696,0.14789362660950242,0.9272952180016123
0.6400000000000001,-0.0025869380692629556,4.4505895925855405,34.820878942711715,-343.617145541275,-307.4502595097482,1.0050297822106837,0.9997776800522133,0.9358061778137614,0.9875701226104702,0.999131175664943,0.997794323024338,0.9279172140711149,1.0004385147172115,0.9991530404581602,7.53e-5,-0.0025116380692629557,0.30699740934381203,0.5872495604379192,0.021707333501123378,0.14787240157986534,0.9272952180016123
0.6400000000000001,-0.0025900558306674076,4.71238898038469,34.43484032624224,-343.43632820306124,-307.25724020151347,1.0048562770744593,0.999781486081436,0.9363253581241199,0.9879944502905175,0.9991412010449041,0.9978882479738918,0.9279728650045105,1.0004452369969532,0.9992995515362549,7.53e-5,-0.0025147558306674077,0.30699740934381203,0.5872495604379192,0.02171074968135068,0.14788412235770304,0.9272952180016123
0.6400000000000001,-0.0025930721484160634,4.974188368183839,34.216397471436835,-343.3576190447175,-307.14801877411077,1.004658033921414,0.9997835838919192,0.9386734069492471,0.9893595047168093,0.9995098179667793,0.9978535207190452,0.9280315882232044,1.0004743027253387,0.9991794922459453,7.53e-5,-0.0025177721484160634,0.30699740934381203,0.5872495604379192,0.021723429439670684,0.1479276182195014,0.9272952180016123
0.6400000000000001,-0.002595826240283562,5.235987755982989,34.23616993052542,-343.4106474379098,-307.15790500365506,1.0044315953864207,0.9997850644764191,0.9427897625882602,0.9915554132579532,1.0002097475356038,0.9976915425973266,0.9281098618050956,1.0005287825155849,0.998796776640518,7.53e-5,-0.002520526240283562,0.30699740934381203,0.5872495604379192,0.021744823074738438,0.14800097749878968,0.9272952180016123
0.6400000000000001,-0.0025981998099831385,5.497787143782138,34.61659502439022,-343.64696572757714,-307.34811755058746,1.004219186125874,0.9997872894632158,0.9486309730849287,0.9943938475314718,1.0011880951663965,0.9974100716851447,0.9282165028644892,1.0006105115643011,0.9981723751667935,7.53e-5,-0.0025228998099831386,0.30699740934381203,0.5872495604379192,0.021774217518254157,0.14810171421692753,0.9272952180016123
0.6400000000000001,-0.002600112473029691,5.759586531581287,35.498118658911494,-344.12593655916305,-307.7888793678481,1.0040935442115073,0.9997935059980113,0.956150646209384,0.997645449871232,1.002374521942176,0.9970234818466543,0.928358371875013,1.0007195115273553,0.9973543730414817,7.53e-5,-0.002524812473029691,0.30699740934381203,0.5872495604379192,0.021810853236621238,0.1482271742471408,0.9272952180016123
0.6400000000000001,-0.00260149380349998,6.021385919380437,36.992079170029115,-344.89112593710024,-308.5358596234069,1.0041674593819592,0.9997999718540238,0.9651818414136404,1.0010037309347248,1.0036674158896588,0.9965582168804301,0.9285053308248999,1.000845677217435,0.9963636068991948,7.53e-5,-0.00252619380349998,0.30699740934381203,0.5872495604379192,0.021852897414504493,0.1483710288108791,0.9272952180016123
0.6400000000000001,-0.0026023075253546178,6.283185307179586,39.129747150796334,-345.9519551563031,-309.6046936137905,1.0045471091365037,0.9998072363926357,0.975384920505956,1.004206094613347,1.0049728733633307,0.9960424313280655,0.9286648568083773,1.0009808827320552,0.995290307922687,7.53e-5,-0.002527007525354618,0.30699740934381203,0.5872495604379192,0.021898504594896343,0.14852692132906453,0.9272952180016123
