sin2_theta12,dm2_21,dchi2,log_likelihood,log_posterior,cl_xsec_sigma,ga_xsec_sigma,sk1_solar_ereso,sk1_solar_escale,sk1_solar_norm,sk2_solar_ereso,sk2_solar_escale,sk2_solar_norm,sk3_solar_ereso,sk3_solar_escale,sk3_solar_norm,sk4_solar_ereso,sk4_solar_escale,sk4_solar_norm,solar_b8_shape,solar_norm_b8,solar_norm_be7,solar_norm_f17,solar_norm_hep,solar_norm_n13,solar_norm_o15,solar_norm_pep,solar_norm_pp,dm2_31,dcp,theta12,sin2_theta13,theta13,sin2_theta23,theta23
0.18,1.5e-5,250.30845643817577,-397.6990146291826,-407.9253072451929,0.35971730359617665,-0.4193521338183794,0.3002241165121892,0.18930221526445085,0.9863449238437852,0.018455476817802557,0.16219588021240067,0.5615769160490317,-0.17693123013489362,0.5829774976863529,1.4272742373039211,-0.48881141198538886,-0.6890410908074199,1.9704730014493683,1.4033293455637512,1.3096342464395185,1.0810482657446447,1.0037276237693071,1.05336811881595,1.159018361104108,1.2134102276073597,1.0003383693315184,0.9993502846337975,0.0024752999999999997,1.0,0.4381490305841703,0.022200000000000004,0.149553513097907,0.57,0.8556288707523761
0.18862353629575357,1.5e-5,237.01724027923797,-392.19669175159356,-401.279699165724,0.3177014688407264,-0.30089020174704373,0.3410870704082868,0.21563359461298207,0.8825199181460066,0.038506760977890256,0.1639167282900735,0.5171647108479691,-0.14589495072918124,0.5721527847043685,1.3490202495077797,-0.3890676159442116,-0.7009018210662802,1.7672695445835354,1.2217591169108195,1.2878468950641448,1.08829576841589,1.0038243118397554,1.0524261397566255,1.1623015681878806,1.218884640034072,1.0003336621325456,0.9994809413551528,0.0024752999999999997,1.0,0.4492700225148921,0.022200000000000004,0.149553513097907,0.57,0.8556288707523761
0.197401105998178,1.5e-5,224.92341954222218,-387.0850320784205,-395.23278879721613,0.27488898772043785,-0.18626316284753766,0.3782419969021738,0.24016764689417427,0.7872321441934704,0.05660279869967132,0.16538259625625407,0.4763990052168197,-0.11805096890604781,0.5611141495093751,1.2766759832801706,-0.29785643548713325,-0.7127053808320654,1.581170680227453,1.0569974776451336,1.2660275615892467,1.0950676993731556,1.003912488403929,1.0516987723680957,1.1651536993621954,1.2238704007405417,1.0003268734030109,0.9996068226949929,0.0024752999999999997,1.0,0.46039101444561387,0.022200000000000004,0.149553513097907,0.57,0.8556288707523761
0.20632836697123808,1.5e-5,213.9470354373699,-382.34995974209806,-389.74459674479,0.23197443681122595,-0.07563799514627088,0.4120758784974343,0.2627544444012279,0.7010638232322047,0.07287433344258686,0.166503720552486,0.4394320007593652,-0.09315520712289602,0.5501169723605963,1.2107147462686896,-0.21499403631117356,-0.7247396624300972,1.4129713832979571,0.9079409017448187,1.244221268625117,1.1013348491774209,1.003993017759638,1.0511650857342312,1.1676184039320332,1.2284173457690075,1.0003187463742271,0.9997263294152966,0.0024752999999999997,1.0,0.4715120063763356,0.022200000000000004,0.149553513097907,0.57,0.8556288707523761
0.21540090302880485,1.5e-5,204.0194896636301,-377.9855181087527,-384.7808238579201,0.1890045662473941,0.032290425794305654,0.442544696752727,0.2834805259764015,0.62354067935033,0.08746743431659149,0.16747660544682122,0.40564102046962347,-0.07115432803474792,0.5393241150077233,1.1509858058472762,-0.14015641911304244,-0.7371581578120951,1.2629598527879689,0.7743951317153439,1.2224452284375709,1.1070383314525818,1.0040643842516523,1.0509462612543905,1.1696545299485255,1.2324392826429833,1.0003076957986556,0.9998311037655788,0.0024752999999999997,1.0,0.4826329983070574,0.022200000000000004,0.149553513097907,0.57,0.8556288707523761
0.2246142261192784,1.5e-5,195.0648909431286,-373.9758569589215,-380.30352449766934,0.14729875413081328,0.1392459078569761,0.4704620432834973,0.3009712848183995,0.5564904951753229,0.10065556162704455,0.16787809961277006,0.37631061890843837,-0.051297659350214464,0.529789114596549,1.0989185570053444,-0.0732165658464502,-0.7493026281626548,1.1319121332664956,0.6551348293619547,1.200719383659058,1.1121166662997413,1.0041249749940926,1.050813132436253,1.1712105837245612,1.2358436654795717,1.0002951832559712,0.9999094161700761,0.0024752999999999997,1.0,0.4937539902377792,0.022200000000000004,0.149553513097907,0.57,0.8556288707523761
0.23396377854576186,1.5e-5,187.03108861672774,-370.31948364402535,-376.2866233344689,0.10493378940044035,0.24174128793781313,0.4939955923524536,0.3176315718557909,0.4967585765252304,0.11154387785268889,0.1682664377315831,0.34991855235829633,-0.034868527063313774,0.5202157619027264,1.052289632022576,-0.015359853795220334,-0.761501722081919,1.0171134355771974,0.550736547650033,1.1790910774643992,1.116658305691498,1.0041781801665595,1.0510308967233304,1.172435551742241,1.2388263423285255,1.0002791551218269,0.9999839154454616,0.0024752999999999997,1.0,0.504874982168501,0.022200000000000004,0.149553513097907,0.57,0.8556288707523761
0.24344493522068753,1.5e-5,179.8812600211886,-367.01418055505445,-372.71170903669935,0.06347704036141019,0.3391853985892664,0.5143854125239842,0.331176021529497,0.4469249609784332,0.12091220929903387,0.16826042948109,0.3276246110636077,-0.020961861007418488,0.5115270948149288,1.012943828359697,0.034486598799908716,-0.7732075119293192,0.920999848822675,0.4597922253427339,1.1575658659353476,1.1206427201192355,1.0042205727571716,1.051376360823398,1.173185993455424,1.2411914443744545,1.0002631951773484,1.0000533956180064,0.0024752999999999997,1.0,0.5159959740992227,0.022200000000000004,0.149553513097907,0.57,0.8556288707523761
0.25305300595378105,1.5e-5,173.58651627749714,-364.06145863785,-369.5643371648536,0.023259543695315903,0.43187768975235324,0.5320425007882432,0.3411148281641572,0.4073838002624344,0.1290983460118888,0.16769725553009668,0.30963947627953964,-0.008867736183892512,0.5039738497172229,0.9804389857864607,0.07448433109930323,-0.7838247125893776,0.8434522007270397,0.38123075723808597,1.1361752888810495,1.1240858038266728,1.004253674083617,1.0516221196966773,1.1735351317030431,1.243026349831382,1.00024834071532,1.0001184286232903,0.0024752999999999997,1.0,0.5271169660299445,0.022200000000000004,0.149553513097907,0.57,0.8556288707523761
0.26278323777222945,1.5e-5,168.1266761135638,-361.4684028192447,-366.83441708288694,-0.016928031783922534,0.519934522669015,0.544673174298692,0.3499722830143926,0.37617268874833504,0.13481786001995627,0.1671461956811842,0.2949598687746698,-0.00021751628880712883,0.4969885710830427,0.9538506527254516,0.10467298528097349,-0.7938666621307052,0.7818076693984607,0.3163383338545621,1.1149327196510463,1.1269968304463764,1.004277506409,1.0520996838147982,1.1735081527144888,1.2443329571520674,1.0002303869098679,1.0001792903061115,0.0024752999999999997,1.0,0.5382379579606663,0.022200000000000004,0.149553513097907,0.57,0.8556288707523761
0.2726308172719081,1.5e-5,163.49136252350058,-359.23939160412056,-364.51676028785533,-0.056069601630654234,0.6013008085135303,0.5549252733895331,0.35474767865775536,0.35386331234007795,0.13945140004074486,0.1662833303976456,0.28428031297423634,0.005895434978284048,0.4909482719507294,0.9351866862941757,0.12814218865921584,-0.8028531644251861,0.7400488155143036,0.2623624529479747,1.093891006617696,1.1293499549058643,1.0042891766980804,1.052760544378552,1.1729917370064307,1.2449462696498144,1.0002130092305015,1.000235514194043,0.0024752999999999997,1.0,0.549358949891388,0.022200000000000004,0.149553513097907,0.57,0.8556288707523761
0.2825908729985017,1.5e-5,159.68150370686385,-357.38536131378305,-362.61183087953697,-0.0947974858442475,0.6784814311576378,0.5606608995496797,0.35795122844773103,0.3397945457656986,0.14194690934197807,0.16533044354308057,0.27706998447380704,0.008970533314416676,0.48571439294950863,0.9225437573129939,0.1417115611606969,-0.8109645501212216,0.7136163311130468,0.22071618653839614,1.0730543185364974,1.1311454149473557,1.0042923448879415,1.053477159240766,1.1721517946049258,1.2450759034318974,1.000193620553523,1.0002877729038067,0.0024752999999999997,1.0,0.5604799418221098,0.022200000000000004,0.149553513097907,0.57,0.8556288707523761
0.29265847785734184,1.5e-5,156.71032226639204,-355.9237754766481,-361.12624015930106,-0.13268651901856754,0.749525313716692,0.5623124959404355,0.3587459863540314,0.3336549349391804,0.14277880660007478,0.16433380497494246,0.2731133131705355,0.009864589240965307,0.4819413014112027,0.9158462658458357,0.1463695469396269,-0.81749397776324,0.7021429076884473,0.1912402251845997,1.052431120183305,1.1323904261087925,1.0042835059725885,1.0542288564856723,1.1708587737335314,1.244522757990725,1.0001728650256145,1.0003354230977632,0.0024752999999999997,1.0,0.5716009337528316,0.022200000000000004,0.149553513097907,0.57,0.8556288707523761
0.3028286515507688,1.5e-5,154.6040624420051,-354.86554858320915,-360.0731102471076,-0.16945070898483702,0.8147761943333806,0.5615272755986594,0.3565701567009842,0.3362523055250855,0.14243259925480461,0.1631386146962597,0.27284679619369817,0.008385335021272176,0.47903956529034103,0.9159815232334247,0.14369771900321396,-0.8232926343672726,0.7081149636282269,0.17260259580434947,1.0320508254016048,1.1330913234623083,1.0042653769648,1.055063134349361,1.1692240472716358,1.2434405928758065,1.0001520216596351,1.000379564306505,0.0024752999999999997,1.0,0.5827219256835534,0.022200000000000004,0.149553513097907,0.57,0.8556288707523761
0.31309636304181315,1.5e-5,153.40207329443956,-354.2389649840765,-359.4721156733248,-0.20574747043660627,0.8742855783228786,0.5568993716882124,0.35235069979995104,0.34620449157539823,0.14041778072155991,0.1619555490915144,0.2758123056487789,0.0041461236613652705,0.4765672849949487,0.9216605016177329,0.1332907874399013,-0.8277781229911352,0.7282701759635267,0.16518995869758032,1.0119361168863825,1.1332391555990728,1.004236604049608,1.0559424148190064,1.1672136721548272,1.2417535642744744,1.0001295903693692,1.0004196029744317,0.0024752999999999997,1.0,0.5938429176142752,0.022200000000000004,0.149553513097907,0.57,0.8556288707523761
0.3234565330429751,1.5e-5,153.15637314155617,-354.06891720708046,-359.34926559688313,-0.24137114082178038,0.9280852974657187,0.548924993714513,0.3457873674008012,0.363662673456046,0.1369209468701424,0.16082981189480164,0.2816981399655699,-0.0023039107579904145,0.4748619198533378,0.932708985061449,0.11575812015968648,-0.8315773136910886,0.7638374018345736,0.1686810993564278,0.9920929362945853,1.1328350535983862,1.0041970015766808,1.0570327187826125,1.164829146580946,1.2394514332758428,1.0001057311603265,1.0004555962353714,0.0024752999999999997,1.0,0.6049639095449969,0.022200000000000004,0.149553513097907,0.57,0.8556288707523761
0.33390403652887574,1.5e-5,153.93076850654666,-354.38735686062734,-359.73646327937837,-0.276577431909917,0.9750273138168282,0.5373885048577725,0.3370120835087744,0.38788772428168516,0.1319911992295803,0.15953625189099635,0.2906060417838647,-0.01080773321442936,0.47457406984695477,0.949633320132272,0.09128036269821177,-0.8342842565564399,0.8117610378735215,0.18340469544839214,0.9725412483497765,1.1319028133024123,1.004148522887959,1.0581098632054537,1.162163067396864,1.2366466066456574,1.0000803784704253,1.0004872934049516,0.0024752999999999997,1.0,0.6160849014757187,0.022200000000000004,0.149553513097907,0.57,0.8556288707523761
0.3444337052715314,1.5e-5,155.79972261767443,-355.22861156284887,-360.67094033494226,-0.3104514179843505,1.0160553699370105,0.5238405799731362,0.32597462530056326,0.4190471755319514,0.12611470721534504,0.15816669438516698,0.3023105583587192,-0.0210179916216568,0.47472431927325437,0.9713857782468753,0.06095082575562162,-0.8364464868335629,0.8734621743584736,0.20819167171222994,0.9532940774173341,1.1304506906339724,1.0040894888356213,1.059302262547813,1.1591405793831755,1.2332421449612503,1.000054185202507,1.0005159738512532,0.0024752999999999997,1.0,0.6272058934064405,0.022200000000000004,0.149553513097907,0.57,0.8556288707523761
0.3550403303970013,1.5e-5,158.8470214445365,-356.6323813206469,-362.1945897483733,-0.34345074724362673,1.0510105722398897,0.507510547773652,0.31292712074485524,0.45653732102591205,0.11901212694684721,0.15664383724090375,0.3165826578831402,-0.033153538738854835,0.47530378050848543,0.9976134929339399,0.024759349301546926,-0.8380252087359271,0.9472771371312979,0.24301728403896922,0.934366312097389,1.1284886240575398,1.0040208259868573,1.0605937592614092,1.155810205633044,1.2292914216350597,1.0000265934271713,1.0005412168686876,0.0024752999999999997,1.0,0.6383268853371622,0.022200000000000004,0.149553513097907,0.57,0.8556288707523761
0.36571866496214184,1.5e-5,163.16447043118694,-358.64100538184215,-364.3533142416985,-0.37660505646211795,1.0799601239294223,0.4870133674650824,0.29915172056003736,0.4990192627403982,0.10987483039912765,0.15550560458812424,0.3330939515886075,-0.048146581898234654,0.47623779428874163,1.027803890363337,-0.01675989119253049,-0.839498010723017,1.0317407286880507,0.28784724563350855,0.9157694383648649,1.1260180394398511,1.0039433579364718,1.0623020887655563,1.1522258350389822,1.2248419299106645,0.999996733561897,1.0005606981285113,0.0024752999999999997,1.0,0.649447877267884,0.022200000000000004,0.149553513097907,0.57,0.8556288707523761
0.37646342655019266,1.5e-5,168.85059474689876,-361.29791606457513,-367.1963763995544,-0.4080629965446352,1.101756892558428,0.466444051037879,0.2822788148513055,0.5478965738378118,0.10080793721895155,0.15333257932907135,0.351808215514017,-0.06328582692349005,0.4781234102347797,1.062825744061841,-0.06286619660158986,-0.840404226298011,1.1278828810374566,0.34099902103854063,0.897520010643944,1.1230631326260547,1.0038556229935731,1.0638489661110166,1.148312706263497,1.2198105748692307,0.9999663296464923,1.0005792884028895,0.0024752999999999997,1.0,0.6605688691986058,0.022200000000000004,0.149553513097907,0.57,0.8556288707523761
0.3872692998839115,1.5e-5,176.00962554670775,-364.65025904199763,-370.7758917994589,-0.4390579947209894,1.118397652880211,0.44298139196964287,0.26473786958654333,0.6012976314269949,0.09036373396099982,0.15147754958907994,0.37265775077159474,-0.08048100514361958,0.47984779967446234,1.1006747850173455,-0.11399958750518402,-0.8411564274332642,1.2329550222579317,0.40249349976301363,0.8796323714400627,1.1196644366963893,1.0037604024813576,1.065619425236217,1.1441984111874395,1.2143559589405135,0.9999340885428524,1.00059360330375,0.0024752999999999997,1.0,0.6716898611293276,0.022200000000000004,0.149553513097907,0.57,0.8556288707523761
0.3981309394549647,1.5e-5,184.75043094553814,-368.74232370029233,-375.1462944988741,-0.4701402758204004,1.1284771995334297,0.4178020700300587,0.24579068052424902,0.660031101251374,0.07901119408457993,0.14979445869427999,0.39616989965100363,-0.09940585833028014,0.482236240413457,1.143250521472996,-0.16867969451715495,-0.8420122694568368,1.3487997752861838,0.47271998348970296,0.8620844197057895,1.115800072445812,1.0036561268815958,1.0676760645988617,1.1398308092506693,1.2083887529248662,0.9999001481124772,1.00060455006721,0.0024752999999999997,1.0,0.6828108530600494,0.022200000000000004,0.149553513097907,0.57,0.8556288707523761
0.4090429721682723,1.5e-5,195.18570823057462,-373.63514091608903,-380.36393314139235,-0.4983937754855228,1.1321232222559792,0.3920449617373125,0.22449789444508772,0.7235447584423566,0.06791337636380751,0.1475934010454625,0.4205929314078794,-0.11784364566238227,0.4844600022322671,1.1871098326062468,-0.22807570557875212,-0.8419994301916401,1.4722399597156952,0.5497385133896575,0.8449210241005615,1.1115036959194944,1.0035436966850766,1.069474084394324,1.1352071763788167,1.2019597094329884,0.9998646718492994,1.0006147695696612,0.0024752999999999997,1.0,0.6939318449907712,0.022200000000000004,0.149553513097907,0.57,0.8556288707523761
0.41999999999999993,1.5e-5,207.43124936280117,-379.3726848405768,-386.4867037075056,-0.5282155634097553,1.1292923938016017,0.36300047892246934,0.2035919343012525,0.790128658954067,0.05454842501803077,0.14534688815881175,0.44718409917666985,-0.1395267401167526,0.48702918301405257,1.2349483715856262,-0.2903455604514219,-0.842694181168874,1.6028191987648617,0.6333374742003258,0.8281419318747829,1.1067928632632251,1.003425124302103,1.0718446482003736,1.1304714240469749,1.1951845397388328,0.999827410451004,1.0006182609120104,0.0024752999999999997,1.0,0.7050528369214929,0.022200000000000004,0.149553513097907,0.57,0.8556288707523761
0.18,1.903225806451613e-5,185.60531427458363,-366.49847381002866,-375.57373616339686,0.3168813760084969,-0.7270411201040633,0.2909946553750094,0.20583525847452114,0.9642997297017356,0.025587249701208323,0.16377294945158077,0.5403795321599512,-0.18665412195526843,0.5553777839067382,1.3923302711779775,-0.5030692050478559,-0.6789543754193262,1.8856420266099423,1.3834351938193303,1.3279489065357528,1.0151899116682968,1.002349505791881,1.0609449667779678,1.095847445061539,1.1344109536225593,0.9999897095825991,0.9991310666837203,0.0024752999999999997,1.0,0.4381490305841703,0.022200000000000004,0.149553513097907,0.57,0.8556288707523761
0.18862353629575357,1.903225806451613e-5,171.017768657671,-360.45702351249895,-368.27996335494055,0.2757949440226276,-0.600838759779162,0.32854825262152887,0.22856303724524063,0.8616502831528644,0.044277256867407515,0.16594606868459447,0.49668352749121275,-0.15773261392802218,0.5443225227673961,1.314268744599698,-0.4115119651461601,-0.6880399022748894,1.6831059268021435,1.2058422274658258,1.3060595079698374,1.0243159696344168,1.0024869157805087,1.0592336247769847,1.1014977570290112,1.1422461874716134,1.0000044083583683,0.9992678669400872,0.0024752999999999997,1.0,0.4492700225148921,0.022200000000000004,0.149553513097907,0.57,0.8556288707523761
0.197401105998178,1.903225806451613e-5,157.76300966804854,-354.86207834574907,-361.6525838601293,0.23371723666567998,-0.4781503840233571,0.3624514487858666,0.2510878026576203,0.7660646006262869,0.06059116065394741,0.1679565085946703,0.4558078452789028,-0.13338195556134103,0.5321256565640937,1.2425213850554497,-0.32639277162982167,-0.6978097474119991,1.4977710941356117,1.0434835314547912,1.2841502887490746,1.0330737540462271,1.0026193364896363,1.0578857876377323,1.1068580991063361,1.1497927151766285,1.0000165116731663,0.9994011901732291,0.0024752999999999997,1.0,0.46039101444561387,0.022200000000000004,0.149553513097907,0.57,0.8556288707523761
0.20632836697123808,1.903225806451613e-5,145.7704816248447,-349.701842084873,-355.6563198385274,0.19351689086342333,-0.35761207234908887,0.3944285318819427,0.26910357522166956,0.6811757171336321,0.07687366767507045,0.16980532209827054,0.4188588004807725,-0.10838768703104451,0.522282513517268,1.1762435596940195,-0.24969034405434226,-0.707400517916349,1.3296396066403853,0.8974953279264692,1.262218725054203,1.041440405230639,1.0027460055122233,1.0564955453234175,1.1118666869485119,1.157007025721549,1.0000274072990503,0.9995270070053107,0.0024752999999999997,1.0,0.4715120063763356,0.022200000000000004,0.149553513097907,0.57,0.8556288707523761
0.21540090302880485,1.903225806451613e-5,134.97678535820228,-344.97176258482943,-350.2594717052062,0.15327624325855918,-0.24122482371109505,0.4230718577743478,0.285281552385443,0.605079266432663,0.09107993180678402,0.17109323863376896,0.38564574813294883,-0.08697155505734301,0.512276523233028,1.1171387268364212,-0.17906747850736213,-0.7172802754055478,1.1790755710066363,0.765899885539822,1.2403145107599227,1.049394507699748,1.0028650392559981,1.055384682755363,1.1164785557744175,1.163781832941466,1.0000361975824832,0.9996474601403451,0.0024752999999999997,1.0,0.4826329983070574,0.022200000000000004,0.149553513097907,0.57,0.8556288707523761
0.2246142261192784,1.903225806451613e-5,125.32609126938416,-340.6660112573466,-345.4341246607971,0.11252511422858873,-0.12896872730115974,0.4472310835852469,0.30032342656980293,0.5369659929025568,0.10286098455803924,0.17231868850391366,0.3556501756340777,-0.06912388003092763,0.5030435172246721,1.065276782060006,-0.11600710698441352,-0.7281603356577493,1.0459353368856976,0.6497185659495381,1.2184541438846108,1.0569074261452156,1.0029766946642618,1.0546457357983667,1.1207164168615653,1.170132240237281,1.000042411279403,0.9997631586798889,0.0024752999999999997,1.0,0.4937539902377792,0.022200000000000004,0.149553513097907,0.57,0.8556288707523761
0.23396377854576186,1.903225806451613e-5,116.77056762997756,-336.785230182676,-341.1563628410938,0.07349236809140092,-0.02095852010684492,0.4696856187218464,0.31150126832729225,0.47924196650860973,0.11430074837776394,0.1732118456182983,0.3298830414585913,-0.051948436594758944,0.4940301150517943,1.0178830172172288,-0.06239835595359415,-0.7365179886615394,0.9316126952600166,0.5479473431149986,1.19661849179679,1.0639513196701313,1.0030814059342055,1.053745289992079,1.1245843144287917,1.1760832651191926,1.0000476501581914,0.999871438224419,0.0024752999999999997,1.0,0.504874982168501,0.022200000000000004,0.149553513097907,0.57,0.8556288707523761
0.24344493522068753,1.903225806451613e-5,109.26211375201922,-333.3228132413512,-337.40213590211465,0.03424981996803149,0.0853921699848576,0.4878001093728926,0.32177644868279065,0.4298178637302373,0.12321956401859253,0.17404009686788546,0.3075109963437082,-0.038744006321249906,0.4857556724292571,0.9784264895122093,-0.015221651169207458,-0.7460446719519311,0.8350166538126141,0.4598254512073047,1.1748887058483515,1.0703794052096507,1.0031765367316892,1.053301083106742,1.1280464739026979,1.1814846873790914,1.0000472198227064,0.9999513413091692,0.0024752999999999997,1.0,0.5159959740992227,0.022200000000000004,0.149553513097907,0.57,0.8556288707523761
0.25305300595378105,1.903225806451613e-5,102.75377533583253,-330.27432246809076,-334.1479666940213,-0.004361813318105613,0.18766468423235924,0.5023092046781903,0.32944546893747734,0.39011543538575555,0.13042073316990205,0.17420429439361362,0.2888063494179967,-0.027782224897600682,0.4789109818734157,0.946029471648105,0.023453900676240383,-0.7551116675468651,0.7559499325302642,0.38560831038052384,1.1532532610178987,1.07626611996113,1.0032596458379808,1.052957787197335,1.130973123806262,1.1861977126719139,1.000044437464671,1.0000206984121434,0.0024752999999999997,1.0,0.5271169660299445,0.022200000000000004,0.149553513097907,0.57,0.8556288707523761
0.26278323777222945,1.903225806451613e-5,97.22708210608153,-327.6418983769677,-331.3846200791458,-0.041857578896261294,0.2856353111561003,0.51490151199361,0.33488170818675567,0.35903292047085317,0.13670668502024158,0.17458617353092862,0.2742330133626757,-0.018637188753580156,0.4725387348942792,0.9193669011698684,0.053752835067751255,-0.7632281982663559,0.6947562543976863,0.32453592843869317,1.131753549600188,1.0816745085882546,1.003335950460555,1.0526919479072399,1.1335691759165847,1.1905208216710954,1.000040490484116,1.0000859669668902,0.0024752999999999997,1.0,0.5382379579606663,0.022200000000000004,0.149553513097907,0.57,0.8556288707523761
0.2726308172719081,1.903225806451613e-5,92.67391569123174,-325.4368942119555,-329.1080368717209,-0.07901530901629619,0.3784129705876732,0.5234706750072263,0.33825150285579425,0.3366813827145244,0.1409651137453068,0.17445882060317644,0.2631526764221276,-0.012632880826544284,0.4669087175645631,0.8998047437949847,0.07610458959635243,-0.7710158748237572,0.6504980396132509,0.2763551559097826,1.1104068338442379,1.0865289005329186,1.0034016161043804,1.0525898123364732,1.135699275880635,1.194235488929814,1.000034730593032,1.0001470792328966,0.0024752999999999997,1.0,0.549358949891388,0.022200000000000004,0.149553513097907,0.57,0.8556288707523761
0.2825908729985017,1.903225806451613e-5,89.09615975695476,-323.66854157860195,-327.3191589045824,-0.11548763267800621,0.46613695023111773,0.5289149497430338,0.33982018998392743,0.32273517343877534,0.14355558713420616,0.17413622881250976,0.25542446310208755,-0.008893037417761753,0.46250894811452686,0.8866533487646463,0.09076958103812578,-0.778656694562199,0.6231985918542879,0.24066554675363966,1.0892352616827328,1.0908600260731425,1.0034575672094275,1.0527396605732522,1.1374081108528395,1.197394929411349,1.0000272971690873,1.0002040266657783,0.0024752999999999997,1.0,0.5604799418221098,0.022200000000000004,0.149553513097907,0.57,0.8556288707523761
0.29265847785734184,1.903225806451613e-5,86.50588026528794,-322.35309994650606,-326.024019158749,-0.1512776386990244,0.5482803946409145,0.5315392834698723,0.3392446275050297,0.31710971861635945,0.14475204583968213,0.17364982938424003,0.2513829883244599,-0.007958058689824793,0.45805512456390207,0.879647852450639,0.09828139608288967,-0.7854750707133515,0.6124470057968071,0.21619252027752878,1.0682738954797149,1.0946157241247694,1.0035035267140178,1.053003400197205,1.1386957752025513,1.1999837463989524,1.0000183732262589,1.0002569134623744,0.0024752999999999997,1.0,0.5716009337528316,0.022200000000000004,0.149553513097907,0.57,0.8556288707523761
0.3028286515507688,1.903225806451613e-5,84.92538770706017,-321.50798921193484,-325.2337728796351,-0.18657809835363484,0.624822728275712,0.5306090637069978,0.3370389132336165,0.3189899252381747,0.14424754318224473,0.17297460217905236,0.2504560977466038,-0.009466056802182573,0.4547836077236021,0.8789067494068044,0.09783259017216878,-0.7917011940053864,0.617003289502598,0.20362495109108547,1.0475336355275764,1.0978211670112477,1.003538110954261,1.0534220138643076,1.1395227241458439,1.2019236657502232,1.0000076293858329,1.000305404448565,0.0024752999999999997,1.0,0.5827219256835534,0.022200000000000004,0.149553513097907,0.57,0.8556288707523761
0.31309636304181315,1.903225806451613e-5,84.38712851251637,-321.15179820569,-324.9646432823632,-0.22070888408726524,0.6955654119253242,0.5277484335411139,0.3325646620760168,0.3290358839157644,0.14263167943872251,0.1719242284332698,0.25296508336275775,-0.012988482334916826,0.452283482788112,0.8842521456580175,0.0905776922449829,-0.7973993459860411,0.6373873487694526,0.20194059798702266,1.0270323741085499,1.100460025021356,1.0035624102153604,1.0539590496954916,1.139931866543535,1.2032766380138367,0.9999956184620747,1.0003505000404223,0.0024752999999999997,1.0,0.5938429176142752,0.022200000000000004,0.149553513097907,0.57,0.8556288707523761
0.3234565330429751,1.903225806451613e-5,84.93347295357728,-321.3103427585984,-325.2378155028937,-0.2542755551472746,0.7606784692810317,0.5212626179956796,0.3264919790689829,0.3460677153380985,0.13930974135382088,0.17095673066095013,0.25851087657831806,-0.01869597679734856,0.45070890799826147,0.8947651384936505,0.07588668885053836,-0.8025229661353264,0.6719482925528183,0.21090155493088436,1.006798278997111,1.1025335268093246,1.0035758605520708,1.0547135712663926,1.1399222512124694,1.2040116650127992,0.9999817441712991,1.0003911734621584,0.0024752999999999997,1.0,0.6049639095449969,0.022200000000000004,0.149553513097907,0.57,0.8556288707523761
0.33390403652887574,1.903225806451613e-5,86.61635055514375,-322.01029045852744,-326.0792543036769,-0.28674740906663326,0.8197929264084488,0.5126807433680355,0.3185918644233259,0.37023917639105464,0.13479117316687367,0.1697389866418565,0.26711308448745535,-0.026337677198112162,0.44957082919553887,0.910384183043968,0.05507347002865443,-0.8068706433611611,0.7205675317698786,0.22982189506691952,0.9868474002379094,1.1040294507831503,1.0035781384543883,1.0556226604787289,1.1394829204578687,1.2041099138939908,0.999966398174932,1.0004283620158196,0.0024752999999999997,1.0,0.6160849014757187,0.022200000000000004,0.149553513097907,0.57,0.8556288707523761
0.3444337052715314,1.903225806451613e-5,89.49676604343335,-323.2786723749223,-327.5194620478217,-0.3195511921955049,0.8722904534504937,0.50115734300616,0.3087758964404036,0.40112024001016333,0.12902767607009552,0.16829569985021522,0.2785419177138518,-0.03628016920428264,0.4497524898299186,0.9326397283200729,0.027684564540405954,-0.810996081606973,0.783280904142911,0.2587266533054512,0.9671841248420655,1.1049637663401832,1.0035693469258946,1.05668016477594,1.1386491434227337,1.2035788013601965,0.9999490492887568,1.0004613551547739,0.0024752999999999997,1.0,0.6272058934064405,0.022200000000000004,0.149553513097907,0.57,0.8556288707523761
0.3550403303970013,1.903225806451613e-5,93.64425562702752,-325.1516629632067,-329.5932068396188,-0.3506708108697601,0.919007717707921,0.48817368137691636,0.2974455361913932,0.4380420468837073,0.1222756310773123,0.16672686197279998,0.29271253901786476,-0.04774372616105826,0.45032642262932854,0.9591819211270013,-0.004803406946919081,-0.814720677127083,0.8580229571780481,0.2965050964949049,0.9478463494730285,1.1053274340207935,1.003549517411657,1.057928967824427,1.1374026968490407,1.202419301209401,0.9999302214500593,1.0004914081660186,0.0024752999999999997,1.0,0.6383268853371622,0.022200000000000004,0.149553513097907,0.57,0.8556288707523761
0.36571866496214184,1.903225806451613e-5,99.13618177675153,-327.66639003804147,-332.3391699144808,-0.3812712902193758,0.9589779154094313,0.47129678817583703,0.28391241826849,0.4814846076169858,0.11406268000824343,0.16496515069778048,0.3093108893706729,-0.06125185366539312,0.4512968817633315,0.9895510329462303,-0.044657017010002055,-0.8172811813143995,0.9446557997246442,0.34371211837411564,0.9288280137485508,1.1051288781121387,1.0035195113625757,1.0592110881209085,1.1357958136380646,1.2006809671379421,0.9999097098161737,1.0005174192989523,0.0024752999999999997,1.0,0.649447877267884,0.022200000000000004,0.149553513097907,0.57,0.8556288707523761
0.37646342655019266,1.903225806451613e-5,106.05706687400732,-330.8587127741051,-335.7996124631087,-0.4112407029676441,0.9931163510298787,0.45271313300796967,0.26951597958466617,0.5299042815389338,0.10476442612389641,0.1631173840234736,0.32808357888981543,-0.07646161778894053,0.45302591399968645,1.024475392677502,-0.0887724578687245,-0.8198819298562079,1.0420721950178466,0.3989404348094925,0.9101604177226092,1.1043842117267757,1.0034783885813772,1.0608112709028252,1.1338055020356517,1.198310917294915,0.9998874360155982,1.000539765267126,0.0024752999999999997,1.0,0.6605688691986058,0.022200000000000004,0.149553513097907,0.57,0.8556288707523761
0.3872692998839115,1.903225806451613e-5,114.49778314348964,-334.7712132354256,-340.01997059784986,-0.44109334608306683,1.0205517804085695,0.43166408375181203,0.25366180773051744,0.5835040404252636,0.09428592152565482,0.16129670465144397,0.3494434758996349,-0.0936090919411699,0.4550516930680714,1.0635789117486165,-0.13760968130283344,-0.8220621973622096,1.1500849213266893,0.4617832076922272,0.8918483406424644,1.103077592377816,1.0034262064444444,1.0626161833111378,1.1314489901974656,1.1953128309913796,0.9998633054606976,1.0005580568062376,0.0024752999999999997,1.0,0.6716898611293276,0.022200000000000004,0.149553513097907,0.57,0.8556288707523761
0.3981309394549647,1.903225806451613e-5,124.55477554525476,-339.44630341861074,-345.0484667987324,-0.47061178064060083,1.0426570967747937,0.4079162434758338,0.23701614180985614,0.641231608828599,0.08246961757467991,0.15936884912454063,0.3727632791869132,-0.11241466470789187,0.45793878792850146,1.1062411235113905,-0.1914072109011964,-0.8234377781717535,1.2670468211289245,0.5326566106730112,0.8738949191882546,1.1012483653353915,1.0033644366745813,1.0646234254016949,1.1287869637893146,1.1917706501718466,0.9998376782886498,1.000572094275588,0.0024752999999999997,1.0,0.6828108530600494,0.022200000000000004,0.149553513097907,0.57,0.8556288707523761
0.4090429721682723,1.903225806451613e-5,136.3291492437727,-344.9366633867587,-350.9356536479914,-0.49772573874898146,1.0554400802321953,0.38416309660146103,0.21726102815934656,0.7038180357980078,0.07117826421486494,0.15739338846712267,0.39782204007028155,-0.13093956284971073,0.4605928975386872,1.1510329942270296,-0.24831292856722434,-0.8244370933156466,1.3916612750006232,0.6097122762492945,0.8563316805081949,1.098946673728257,1.0032941365352348,1.0665086914530522,1.125829892564685,1.1877443071916638,0.9998096032000342,1.0005850103020644,0.0024752999999999997,1.0,0.6939318449907712,0.022200000000000004,0.149553513097907,0.57,0.8556288707523761
0.41999999999999993,1.903225806451613e-5,149.92593338863094,-351.27748576709325,-357.7340457204205,-0.5252113504646754,1.0644992882368915,0.35832452984546864,0.1974491805444792,0.7711533314446418,0.05851732430062426,0.15480774266071193,0.42436129937775935,-0.15137316211542,0.4636342205707331,1.199423702057921,-0.30998028549347534,-0.8256784383640777,1.52579034500104,0.6936476070363706,0.839138701486308,1.0960859216970424,1.00321366120543,1.0686695100002903,1.122557176827901,1.1831407002692986,0.9997798187103699,1.000594676799412,0.0024752999999999997,1.0,0.7050528369214929,0.022200000000000004,0.149553513097907,0.57,0.8556288707523761
0.18,2.3064516129032255e-5,149.48553193847545,-348.71507777641096,-357.51384499534277,0.2826830291621128,-0.9207998126002888,0.2970643856215736,0.2425346114313148,0.9093243773984568,0.0382124645423646,0.18564430196648457,0.5050277414905319,-0.18032721853320402,0.5460017698024504,1.3322846134015989,-0.46972037156087965,-0.624265547474369,1.7145316513873807,1.4996668926422845,1.3381439206402272,0.9777538988278064,1.001501123084112,1.0574669718328482,1.058802569354605,1.0857925451065182,0.9996701762721573,0.9989984597947151,0.0024752999999999997,1.0,0.4381490305841703,0.022200000000000004,0.149553513097907,0.57,0.8556288707523761
0.18862353629575357,2.3064516129032255e-5,134.60311671075272,-342.5901947014501,-350.0726373814814,0.24173457546048327,-0.7903714404808967,0.3350057113365719,0.2652289295746188,0.8100858251587527,0.05623432238304483,0.18635285356760922,0.4619670745449031,-0.15291609108136134,0.532387186785306,1.2559124349535955,-0.37902916229111383,-0.6393585387551792,1.5200333180274022,1.3282581953077373,1.3159613373226702,0.9874171672234673,1.0016530137270827,1.0559524608015416,1.0651967103393947,1.094467212736247,0.9997041206042436,0.9991379990229251,0.0024752999999999997,1.0,0.4492700225148921,0.022200000000000004,0.149553513097907,0.57,0.8556288707523761
0.197401105998178,2.3064516129032255e-5,121.13550192953403,-336.9519128640228,-343.33882999087206,0.20040097760927944,-0.6629614284933759,0.3690754656943614,0.2867596514438456,0.7183013258888794,0.07220877213109124,0.187101015027266,0.4221291789693477,-0.12884307770185205,0.519292464698283,1.186088731264314,-0.29584270735686286,-0.654152784404396,1.342809077371327,1.171423149846292,1.2937604712290272,0.9968391884690211,1.0018025062961555,1.0547250684489449,1.0714208204953977,1.1030017729644188,0.999736380785986,0.9992739881763343,0.0024752999999999997,1.0,0.46039101444561387,0.022200000000000004,0.149553513097907,0.57,0.8556288707523761
0.20632836697123808,2.3064516129032255e-5,109.0107603150492,-331.7881595004201,-337.27645918362964,0.16000587597389254,-0.5384021284237508,0.4004896615997367,0.30520953573140236,0.6366283932565071,0.08706489781996164,0.18774241310382322,0.3864680203339704,-0.10638545336528771,0.5070375825362311,1.1225113489621164,-0.2202593160407278,-0.6689481652983326,1.183341352311398,1.0286636008396308,1.2715551616165222,1.0059453628386719,1.0019471108281974,1.053626482299811,1.0773565815444677,1.1112538399538563,0.9997644378607603,0.9994035252276535,0.0024752999999999997,1.0,0.4715120063763356,0.022200000000000004,0.149553513097907,0.57,0.8556288707523761
0.21540090302880485,2.3064516129032255e-5,98.16285460750373,-327.0902151557267,-331.8525063298569,0.1203699922920532,-0.4168139118411181,0.42914255590465916,0.3201121567857433,0.5643726875441969,0.10069065208476573,0.18761626481503293,0.354358389276373,-0.0855233301795934,0.4958785618608304,1.065183995672918,-0.1523561230449812,-0.6830511249331678,1.0412992090392075,0.900034695943495,1.2493815498498448,1.0147507300553842,1.002089045229616,1.0526228301699851,1.0831002529060496,1.1193502768246697,0.9997888193344978,0.9995271153072928,0.0024752999999999997,1.0,0.4826329983070574,0.022200000000000004,0.149553513097907,0.57,0.8556288707523761
0.2246142261192784,2.3064516129032255e-5,88.5325675824622,-322.85099081184995,-327.03736281733615,0.08081059544349405,-0.298898694384656,0.4539314243878777,0.33437261736125384,0.49968514067311737,0.11223221910376455,0.18790108295613644,0.325742301229887,-0.06821484431232476,0.48511281058694583,1.0145600454217965,-0.0918764953046447,-0.6969730415135567,0.9168058398548252,0.7849930450189184,1.2272710283298949,1.0232180017854573,1.0022246251823297,1.0519515933032775,1.0885169117300997,1.127080750060676,0.999811667655129,0.9996464416100754,0.0024752999999999997,1.0,0.4937539902377792,0.022200000000000004,0.149553513097907,0.57,0.8556288707523761
0.23396377854576186,2.3064516129032255e-5,80.06825971118303,-319.0637749277644,-322.80520888169656,0.042058788138969586,-0.18551919234045483,0.4755585057969713,0.3449210002559514,0.4448646093867633,0.12245605392075642,0.18755291747067135,0.30110579547679095,-0.05264507848229314,0.47561131443446286,0.9705911724419045,-0.04017906610183007,-0.7100852726681092,0.8102173154558451,0.6837186992469626,1.205225397756919,1.031284723689852,1.0023541451215194,1.0513094323134646,1.0936148917393873,1.1344622150734263,0.9998309982397247,0.9997590240596014,0.0024752999999999997,1.0,0.504874982168501,0.022200000000000004,0.149553513097907,0.57,0.8556288707523761
0.24344493522068753,2.3064516129032255e-5,72.72663447170714,-315.7257912240004,-319.1343962619586,0.003694521092726926,-0.0757169325638929,0.49354933735864537,0.3541462620261112,0.39856953211172375,0.1306773444341964,0.18710927185281237,0.27985092920757176,-0.04037033212717864,0.46639879896573205,0.9332735733510968,0.004780713501942039,-0.7228006566457081,0.7216030893127502,0.5952621676068456,1.1832874451116888,1.0389562440353763,1.0024773650210983,1.0509957292787844,1.0983918547491782,1.1414812158064689,0.9998483793001531,0.9998671397619043,0.0024752999999999997,1.0,0.5159959740992227,0.022200000000000004,0.149553513097907,0.57,0.8556288707523761
0.25305300595378105,2.3064516129032255e-5,66.47215301587926,-312.8364033936207,-316.00715553404467,-0.033770777697045104,0.029711546397625202,0.5083396955190426,0.36061126426755014,0.3609104072338319,0.13762136795273736,0.18677204408942308,0.2625785540080793,-0.029740584869034057,0.4591124451112637,0.9025733338537266,0.041127828491609675,-0.7345453523683507,0.6495648909143696,0.5202797916374426,1.1614707075347763,1.0461611250223917,1.002592343938266,1.0507550355717576,1.1027945818666398,1.148027182771356,0.9998615792105895,0.9999598111460946,0.0024752999999999997,1.0,0.5271169660299445,0.022200000000000004,0.149553513097907,0.57,0.8556288707523761
0.26278323777222945,2.3064516129032255e-5,61.261036722844096,-310.3913332810029,-313.4015973875271,-0.07025789199088239,0.13310595414499976,0.5199000748515458,0.3649103918417797,0.3320179481483739,0.14304351537225657,0.18616910796846184,0.2488730913363862,-0.021446671880220914,0.45232449449540224,0.8777041940489513,0.0691802077381332,-0.74485138808731,0.5945196280617726,0.4574143828645164,1.139798392902006,1.0527859010423226,1.0026966561429418,1.0505744934747074,1.1067559836425032,1.1539620840256792,0.9998694745043931,1.0000273666003232,0.0024752999999999997,1.0,0.5382379579606663,0.022200000000000004,0.149553513097907,0.57,0.8556288707523761
0.2726308172719081,2.3064516129032255e-5,57.0736644231697,-308.38722246442256,-311.3079112376899,-0.10636097056918312,0.23210176479612118,0.5279487985421337,0.36797618084959993,0.3111252483851917,0.14666208641439799,0.18552786245992825,0.2385182302085018,-0.016458201140774804,0.446425781951773,0.8602877701831306,0.08975810743904539,-0.754976210226637,0.5565914351706123,0.40694931524645445,1.1182967824871068,1.0589529258075607,1.0027929992764029,1.0506608064501823,1.110348461529144,1.1594402383988147,0.9998754389231309,1.0000909497709995,0.0024752999999999997,1.0,0.549358949891388,0.022200000000000004,0.149553513097907,0.57,0.8556288707523761
0.2825908729985017,2.3064516129032255e-5,53.90799855044645,-306.8352326287506,-309.72507830132827,-0.1414148266145863,0.3258013112323296,0.5333886335139991,0.36759833359426436,0.2992811333542399,0.14902811793643791,0.18462958454453193,0.23206275789563274,-0.01304464761065234,0.4417950724214391,0.8490496748337313,0.10374496939782898,-0.7644129557373142,0.5360759715647151,0.3680716008852054,1.0969694399013792,1.0646214518372343,1.0028799322933404,1.0509531028333947,1.1135171006400237,1.164379632865165,0.9998789376912742,1.0001504682704991,0.0024752999999999997,1.0,0.5604799418221098,0.022200000000000004,0.149553513097907,0.57,0.8556288707523761
0.29265847785734184,2.3064516129032255e-5,51.77220492487561,-305.74889375736717,-308.65718148854285,-0.17573046758514574,0.4146963663225377,0.5356793259282987,0.3659617772905683,0.29466423684994986,0.14991830967449998,0.18379267001527347,0.22880953970106813,-0.012320757074620997,0.43768132886447136,0.8437372453993123,0.11016428812163864,-0.7728108486056069,0.5304394790109775,0.34082984044255027,1.0758654490803017,1.069775154990952,1.0029579106980668,1.0513592798288949,1.1162908883188383,1.1688066610689665,0.9998804983346978,1.000206053362579,0.0024752999999999997,1.0,0.5716009337528316,0.022200000000000004,0.149553513097907,0.57,0.8556288707523761
0.3028286515507688,2.3064516129032255e-5,50.68461674761943,-305.1432255775741,-308.11338739991476,-0.20920795231080452,0.49783365379813077,0.5350260179761372,0.3621708697329103,0.29813183937127186,0.14937214215570147,0.18257782516567989,0.22875272127436347,-0.01364145970397936,0.4347787796793305,0.8446037707167182,0.10944835032540473,-0.7806235206887264,0.5400872889985774,0.3247209362551642,1.0549894848426715,1.0744061391686353,1.0030256554896892,1.0519137104014704,1.1186282540754857,1.1726486810272514,0.9998799085717637,1.000257612511388,0.0024752999999999997,1.0,0.5827219256835534,0.022200000000000004,0.149553513097907,0.57,0.8556288707523761
0.31309636304181315,2.3064516129032255e-5,50.67362563788936,-305.0378727882524,-308.1078918450497,-0.24223231040134816,0.5755569424700907,0.5310723093447421,0.35699092024980633,0.30862837875904986,0.14738014508232142,0.18151127886818386,0.23171543379224965,-0.017548418888607833,0.43242866262045787,0.8511826718990902,0.10194210343037258,-0.7874449263389625,0.5643735457290906,0.31927989970096476,1.0343663464631092,1.0784919215397122,1.0030831811642582,1.0526603813791349,1.1205439063942217,1.1759069979451993,0.9998773572077987,1.0003049333349268,0.0024752999999999997,1.0,0.5938429176142752,0.022200000000000004,0.149553513097907,0.57,0.8556288707523761
0.3234565330429751,2.3064516129032255e-5,51.77743735407819,-305.45434180359507,-308.65979770314414,-0.27382522924515307,0.6476762474394762,0.5250543756324132,0.34937870886655664,0.3267223784311165,0.14425522145516284,0.18007578610968678,0.23793889791077155,-0.023042567278281995,0.4310217405283764,0.8631141959284523,0.08783505492913259,-0.7937934204429531,0.6031203645290829,0.3242818596097967,1.0140080100331956,1.0820310962326107,1.0031299464478063,1.0535114484866464,1.1220122362073728,1.1785508593115512,0.9998726747692371,1.0003489715134015,0.0024752999999999997,1.0,0.6049639095449969,0.022200000000000004,0.149553513097907,0.57,0.8556288707523761
0.33390403652887574,2.3064516129032255e-5,54.04373442353494,-306.41633514664954,-309.7929462378725,-0.3051869037309277,0.7140731662138045,0.5162164753077695,0.3403505743720368,0.3517911016075773,0.13962465850492195,0.178727303065053,0.24732640916277016,-0.030741218016713964,0.4307032392928013,0.8808561089225558,0.06802384974256716,-0.7997483310525543,0.656164284136583,0.339296125732611,0.9939218764910468,1.0850066089607562,1.0031666565623265,1.0546882467855294,1.1230844208830848,1.180621084716132,0.9998659880774252,1.0003889698918011,0.0024752999999999997,1.0,0.6160849014757187,0.022200000000000004,0.149553513097907,0.57,0.8556288707523761
0.3444337052715314,2.3064516129032255e-5,57.529205229718514,-307.958061503171,-311.5356816409643,-0.33551269954669805,0.7745372537893284,0.504640644154408,0.32940559275688,0.38278667338056344,0.13397421743172244,0.1770980219003016,0.2590202721118928,-0.04037214711519928,0.43064450540989835,0.9030561310497088,0.04127170950992917,-0.8044748421450348,0.7213751767371093,0.3636854735936003,0.9741551996595317,1.0874104080670863,1.003191144340173,1.0558532986078,1.1236782427572414,1.1819943779190467,0.9998572904533171,1.0004253045072158,0.0024752999999999997,1.0,0.6272058934064405,0.022200000000000004,0.149553513097907,0.57,0.8556288707523761
0.3550403303970013,2.3064516129032255e-5,62.29901671757352,-310.10754550039906,-313.9205873848918,-0.3651402790532886,0.8281258817100012,0.49144466057104563,0.3168339872236065,0.4206645383765968,0.12738121999554888,0.17518243614851028,0.27359557374906546,-0.0513711104348783,0.43138759241208696,0.930301918629032,0.009663005101625927,-0.8090682997778065,0.7988497086460584,0.39699129015899765,0.954698065792914,1.0892430893880738,1.0032044206392485,1.0571889349021846,1.1238477347254379,1.182728977093949,0.9998461656565806,1.0004582326256446,0.0024752999999999997,1.0,0.6383268853371622,0.022200000000000004,0.149553513097907,0.57,0.8556288707523761
0.36571866496214184,2.3064516129032255e-5,68.42614983213946,-312.90052255805165,-316.98415394217477,-0.39426944673546865,0.8758677549908258,0.4748222853378037,0.3029080293485659,0.46430408350435215,0.11933665622000193,0.17338412452313054,0.29054777880534377,-0.06461707271401004,0.432733097854746,0.9618021633686421,-0.028313137244362064,-0.8127659933577017,0.8881777851759889,0.43930420944339255,0.9355628331550816,1.0905015508991636,1.0032065933266319,1.0587287265595626,1.1236021796843616,1.1828309873451155,0.9998333832984604,1.0004869740230462,0.0024752999999999997,1.0,0.649447877267884,0.022200000000000004,0.149553513097907,0.57,0.8556288707523761
0.37646342655019266,2.3064516129032255e-5,75.99070284944855,-316.3737191708567,-320.7664304508293,-0.4227672433919849,0.9174433969651358,0.4557210354118052,0.28802966563943716,0.5131009076054772,0.10993936963694867,0.17164333264127346,0.30992922294859165,-0.07989216176206285,0.43479993423042756,0.9976443757101513,-0.07112135059062487,-0.8162054710764681,0.9882194497623662,0.4895664604309359,0.9167736939889153,1.0911792260528985,1.0031981817903461,1.060569604365685,1.1229690423140166,1.1823303874737017,0.999818909561379,1.0005116287306126,0.0024752999999999997,1.0,0.6605688691986058,0.022200000000000004,0.149553513097907,0.57,0.8556288707523761
0.3872692998839115,2.3064516129032255e-5,85.07909864765509,-320.5685264775351,-325.3106283499326,-0.45087310562557803,0.9524933305155554,0.4343903695770417,0.2722302511167374,0.5669553310576027,0.09942609244980492,0.16973458151712684,0.3315282729008062,-0.09662275870366012,0.4375544944296132,1.0373498257959108,-0.1186364430547289,-0.8187604691535443,1.0977541579336045,0.5479104937834985,0.8983321995065031,1.0913136350727908,1.0031778107522826,1.062558203662506,1.1219137695407657,1.181149514012883,0.9998024103649684,1.000532137846831,0.0024752999999999997,1.0,0.6716898611293276,0.022200000000000004,0.149553513097907,0.57,0.8556288707523761
0.3981309394549647,2.3064516129032255e-5,95.78324795594517,-325.5268362632968,-330.6627030040776,-0.478055211041869,0.9815221631415106,0.4118299637032705,0.2542742398086802,0.6257414280196977,0.08836371185696654,0.1671638816746096,0.3548298681056469,-0.11428576475966488,0.4404291026763474,1.080240762256424,-0.17118111251175802,-0.8212651970733127,1.2170499631611176,0.6132986922776467,0.8802635398168265,1.0908622442082725,1.0031461168921898,1.0646011879651056,1.1204533283842657,1.179324560733627,0.9997835332144848,1.000550469730144,0.0024752999999999997,1.0,0.6828108530600494,0.022200000000000004,0.149553513097907,0.57,0.8556288707523761
0.4090429721682723,2.3064516129032255e-5,108.19972704784516,-331.2932773070178,-336.8709425500276,-0.5046928624674603,1.0028202323517292,0.3877233492619212,0.23532380566859135,0.6891526713847733,0.07652441831694609,0.16487678368075476,0.38051786774357854,-0.13340678957489033,0.4436432187361564,1.1267445051699745,-0.22689900854836734,-0.823325455553447,1.3448088810171674,0.6855043511484271,0.8625644446571588,1.089850801452866,1.0031037753700622,1.0668307253691736,1.118628059869181,1.1768943700042656,0.9997624191093777,1.000565190009944,0.0024752999999999997,1.0,0.6939318449907712,0.022200000000000004,0.149553513097907,0.57,0.8556288707523761
0.41999999999999993,2.3064516129032255e-5,122.42885475845026,-337.9116298047823,-343.98550640533017,-0.5296373909110403,1.0180221900584592,0.36343577787531495,0.2139349223384165,0.7571292183632998,0.06495316082199473,0.16219525745889785,0.40722590942632864,-0.1522814006154068,0.44698798835384385,1.175456629981806,-0.2871364825188587,-0.8259035890913249,1.4809341634489788,0.7648840095119708,0.8452391484726605,1.0883057115723744,1.0030515124483015,1.0690067281296214,1.116446068899628,1.1739001883882678,0.9997381146638337,1.0005793248115467,0.0024752999999999997,1.0,0.7050528369214929,0.022200000000000004,0.149553513097907,0.57,0.8556288707523761
0.18,2.7096774193548387e-5,132.89500583179222,-340.5600836773337,-349.21858194200115,0.2521392073282252,-1.0528325922354438,0.3167287169698583,0.3028206650900987,0.8519627317996628,0.051610594095609884,0.19995752592026297,0.47748971205763185,-0.1687211870489555,0.5441871575068271,1.2852789492433314,-0.4245643203548011,-0.5785010334045447,1.5653741524466853,1.5261021733150761,1.3420363218118216,0.9545595242523128,1.0009591865908534,1.057234232129563,1.0363903403116521,1.054771232404514,0.9994104837394427,0.9989123508561304,0.0024752999999999997,1.0,0.4381490305841703,0.022200000000000004,0.149553513097907,0.57,0.8556288707523761
0.18862353629575357,2.7096774193548387e-5,117.81020402199078,-334.34783892811265,-341.67618103710043,0.21254534433537048,-0.919510194752583,0.3533749274883044,0.3213793910028055,0.7574886993311447,0.06930200791967954,0.19997013750683432,0.4360301771050177,-0.14155095017790853,0.5304158586859549,1.2111613156776813,-0.3377187393952792,-0.5960800126375136,1.3796312208395214,1.3571026461244255,1.3198480892593647,0.9643454580434456,1.0011150321821753,1.0557502098190175,1.0428957535324395,1.0636733339219755,0.9994564331868969,0.9990517290144483,0.0024752999999999997,1.0,0.4492700225148921,0.022200000000000004,0.149553513097907,0.57,0.8556288707523761
0.197401105998178,2.7096774193548387e-5,104.1366670226713,-328.6278923117775,-334.8394125374407,0.1721769079162002,-0.7896374068808688,0.38629774455352967,0.3398473799279219,0.6695915150248923,0.0846385102569279,0.19997551066845662,0.39767752512052706,-0.1185439555295644,0.5164818434540535,1.1435999254525981,-0.25825528231961775,-0.6136838059162705,1.2107400180078456,1.202336294303864,1.2976568213329762,0.9739507081367076,1.0012683609273774,1.0545301950856563,1.0492571794372616,1.0724295098779462,0.9995034640572434,0.9991885459666842,0.0024752999999999997,1.0,0.46039101444561387,0.022200000000000004,0.149553513097907,0.57,0.8556288707523761
0.20632836697123808,2.7096774193548387e-5,91.80788691705698,-323.39051780364997,-328.67502248463353,0.13269699928567105,-0.6620112396469693,0.4164299768848496,0.3547515840836365,0.5911103260597279,0.09887347535164656,0.19952784352591293,0.3630361126410241,-0.09680903605237702,0.503624304462388,1.0818078415366448,-0.1861836309713943,-0.6305830967644238,1.0587095238794868,1.0615015378706765,1.2754799883138008,0.9833445608809942,1.0014210228794227,1.0534237980170946,1.0555175080486008,1.0811451183645857,0.9995446359144029,0.9993195419652647,0.0024752999999999997,1.0,0.4715120063763356,0.022200000000000004,0.149553513097907,0.57,0.8556288707523761
0.21540090302880485,2.7096774193548387e-5,80.76319019524476,-318.6248755903147,-323.1526741237274,0.09339428842221258,-0.5377646084710429,0.44289197200145736,0.36829682382731843,0.5208754772508444,0.11117261890940303,0.19921380988279003,0.33198790745371515,-0.0784084934070867,0.49136811003568176,1.0270310476444373,-0.12138401505448096,-0.6473616858550982,0.9244733853775199,0.9340441528334744,1.2533429788495765,0.992493348798119,1.0015710627424403,1.052604831538333,1.0616137049438539,1.0897085518788552,0.9995842180749137,0.9994462401667299,0.0024752999999999997,1.0,0.4826329983070574,0.022200000000000004,0.149553513097907,0.57,0.8556288707523761
0.2246142261192784,2.7096774193548387e-5,70.94843065778048,-314.32710379598825,-318.2452943549953,0.05479261842458409,-0.41729654959487933,0.46541789337472583,0.37915616065721436,0.45968972378957046,0.12172107584634045,0.1986180509717152,0.30451196523217594,-0.06220834694538874,0.48025358526275974,0.9785666027264232,-0.06412313228071083,-0.6629468865860683,0.8070250623956892,0.8200158527153711,1.2312631147403053,1.0013503663602155,1.0017158782985347,1.0519403810810588,1.067437825373546,1.0979711523781184,0.9996204865184366,0.9995672897938688,0.0024752999999999997,1.0,0.4937539902377792,0.022200000000000004,0.149553513097907,0.57,0.8556288707523761
0.23396377854576186,2.7096774193548387e-5,62.31663343968262,-310.4878474767956,-313.92939574594635,0.017215457487875736,-0.29961785050365064,0.4866102738804337,0.38729001006962654,0.407420030461067,0.13159867340981016,0.19770458666429594,0.2808568239546213,-0.047417796925670753,0.4702120781862381,0.9365031407710904,-0.015380063388997585,-0.6786421940839127,0.7078912937708364,0.7194381633916304,1.2092629940370845,1.0099255403586558,1.0018593914189042,1.0513781757765588,1.073139723404861,1.1061568503437096,0.9996509737274049,0.9996825144429472,0.0024752999999999997,1.0,0.504874982168501,0.022200000000000004,0.149553513097907,0.57,0.8556288707523761
0.24344493522068753,2.7096774193548387e-5,54.8285825485774,-307.1087753344756,-310.18537030039374,-0.01975290283091309,-0.18620830703447216,0.5039081300059739,0.3933505380914251,0.3638528147722255,0.13965611011314816,0.19693025755140853,0.2609872065775584,-0.035411866767703734,0.46103613721717,0.9010467339766851,0.026467662594039768,-0.6932500176041941,0.6255859773842657,0.6315712560276355,1.18736786762096,1.0181437190295375,1.0019958232610404,1.0510299491390809,1.0785033746284742,1.1139358293479653,0.9996792556733554,0.9997924723889704,0.0024752999999999997,1.0,0.5159959740992227,0.022200000000000004,0.149553513097907,0.57,0.8556288707523761
0.25305300595378105,2.7096774193548387e-5,48.45320698334422,-304.1894735786536,-306.99768251777715,-0.05607097406333302,-0.0772436335206376,0.5172236979429493,0.3971007844937613,0.3288568551674819,0.14591970878101182,0.19585750606414654,0.2445004407571659,-0.025937734840441054,0.4527012250092681,0.8717520667758032,0.060366054362232476,-0.7068119028857551,0.5597153642379231,0.5558861353016099,1.1656049768169754,1.026000170481285,1.0021275945040398,1.050809134432596,1.0836256165407128,1.1214464018419867,0.999705010839899,0.9998968939204776,0.0024752999999999997,1.0,0.5271169660299445,0.022200000000000004,0.149553513097907,0.57,0.8556288707523761
0.26278323777222945,2.7096774193548387e-5,43.16703879903491,-301.7303076864808,-304.3545984256225,-0.09155762833834956,0.027709494621700477,0.5277115700698316,0.3989804954809223,0.3022083206321755,0.15077037896973206,0.19470910650878315,0.23159597018414602,-0.018904287820627006,0.4454334455561904,0.8492899953406273,0.0867969544183822,-0.7196032526947355,0.51097274849204,0.4926691806980804,1.1439834102028164,1.0334215835834124,1.0022511440431303,1.0507602627169856,1.0883891813006001,1.128485571433733,0.9997263820522959,0.9999877819198998,0.0024752999999999997,1.0,0.5382379579606663,0.022200000000000004,0.149553513097907,0.57,0.8556288707523761
0.2726308172719081,2.7096774193548387e-5,38.93802870718025,-299.7280281210399,-302.24009337969517,-0.12616109577316353,0.13024576765138854,0.5351782197832151,0.3986573485270622,0.2838356583548963,0.15417550869515048,0.19360224781810673,0.2223864800771074,-0.01412443734256924,0.43940425038569164,0.8334358890231889,0.10602195783051717,-0.731531060772168,0.4793472084615266,0.4410385764696253,1.1225278428182621,1.0403044821227774,1.0023649535822063,1.050901885451235,1.092770224153566,1.1349671858563166,0.9997417283483719,1.0000529184284266,0.0024752999999999997,1.0,0.549358949891388,0.022200000000000004,0.149553513097907,0.57,0.8556288707523761
0.2825908729985017,2.7096774193548387e-5,35.75707171829288,-298.1884779445418,-300.6496148852515,-0.15986046343272284,0.2280145053849291,0.5388964351687985,0.3968786768515986,0.2735140977053505,0.15592292978927821,0.19244154153545048,0.216316921623017,-0.011747063147494942,0.43425725175516483,0.823289673434063,0.11764591779982451,-0.7422037879794876,0.462539497242834,0.4011573662215011,1.1012626889803356,1.0467426803729412,1.0024712567210345,1.0511769958007906,1.096805264702,1.1410185836954583,0.9997550906422445,1.0001140204119412,0.0024752999999999997,1.0,0.5604799418221098,0.022200000000000004,0.149553513097907,0.57,0.8556288707523761
0.29265847785734184,2.7096774193548387e-5,33.63222726801325,-297.1219359624634,-299.58719266011167,-0.19289080778092288,0.3208077914162985,0.5393683583017792,0.39272984003334727,0.27144866152946007,0.15617435989828019,0.1913156993594965,0.21385048037015797,-0.011563462676478524,0.43025590583911155,0.8193865176100219,0.12248928176913094,-0.7521389350562518,0.4621667064955726,0.37258764754867557,1.0801954236771119,1.0527075789535933,1.0025685794094485,1.05168590567674,1.1004457379913226,1.1465559303084323,0.9997658653818038,1.0001710644126502,0.0024752999999999997,1.0,0.5716009337528316,0.022200000000000004,0.149553513097907,0.57,0.8556288707523761
0.3028286515507688,2.7096774193548387e-5,32.58090585672528,-296.5425169042357,-299.0615319544677,-0.22498786851433378,0.408728849371163,0.5383913673721277,0.38687658969372485,0.27666400244562706,0.15548258136919005,0.18959037783514227,0.21436488546466273,-0.013470239177474143,0.42685662295699267,0.8216816331902287,0.12051323145484745,-0.761736542062938,0.4765505275767422,0.35462437284554355,1.0593730398744434,1.0582111832410235,1.0026569889376897,1.0522353539631102,1.1036969057600756,1.1515832878986112,0.9997733103127655,1.0002246994661124,0.0024752999999999997,1.0,0.5827219256835534,0.022200000000000004,0.149553513097907,0.57,0.8556288707523761
0.31309636304181315,2.7096774193548387e-5,32.629854079467464,-296.47123844018006,-299.0860060658388,-0.2561849315685728,0.491074077113773,0.5338716041068375,0.37904725260064975,0.28902305211486656,0.1533015797185607,0.1879923538730379,0.21803223695133706,-0.01748024486359463,0.42444551247606305,0.8293234926210311,0.11181162043426715,-0.7700837407829294,0.5050182715634819,0.3474079578516561,1.0387900988291634,1.06318236867402,1.0027360369753273,1.0529527388734201,1.106549930937487,1.156075390843377,0.9997787489204429,1.000274267183138,0.0024752999999999997,1.0,0.5938429176142752,0.022200000000000004,0.149553513097907,0.57,0.8556288707523761
0.3234565330429751,2.7096774193548387e-5,33.814979714924675,-296.9274388168179,-299.6785688835674,-0.2867700757771501,0.5679464526424434,0.526555081767013,0.369640372186405,0.3084682649227412,0.1497691750924235,0.18637754274199703,0.2247363986436796,-0.023576883194987918,0.4230147670859065,0.8425752748000191,0.09667057519078975,-0.7778392999074594,0.5476690850737296,0.350440827903888,1.0184681068962607,1.0676352506205666,1.0028047638827087,1.0538684375102982,1.1089782013573393,1.1599778397682752,0.9997818668673029,1.0003199471114979,0.0024752999999999997,1.0,0.6049639095449969,0.022200000000000004,0.149553513097907,0.57,0.8556288707523761
0.33390403652887574,2.7096774193548387e-5,36.181141425572264,-297.93561128808506,-300.8616497388912,-0.3167200146489151,0.6387373350677086,0.5164938555749773,0.358377238811073,0.3351829772313175,0.14483113639413683,0.18458448203942432,0.23451890059181607,-0.03165639041671361,0.42222937243041564,0.8609356415256839,0.07597497092303677,-0.784865237619354,0.6040180349203569,0.3629827965768112,0.9984134901249891,1.071552121601017,1.002864135641959,1.0550063159742538,1.1110258730592393,1.1633460388597991,0.9997825690125304,1.0003616993000075,0.0024752999999999997,1.0,0.6160849014757187,0.022200000000000004,0.149553513097907,0.57,0.8556288707523761
0.3444337052715314,2.7096774193548387e-5,39.781788710228625,-299.5259463728841,-302.66197338121935,-0.3454268117304631,0.7045717773652657,0.5041200571857848,0.3459535795603215,0.3672133537097061,0.1389207498933745,0.18270476363097785,0.24656608458853801,-0.04138956975601935,0.4223205294627857,0.8838391922151647,0.048321157903793766,-0.7909824743076411,0.6716475452528018,0.38534526011729997,0.9786831714244769,1.0749175671836002,1.0029109221775292,1.0561634421569968,1.112570159677349,1.1659960292879124,0.9997811003247237,1.0003999949723723,0.0024752999999999997,1.0,0.6272058934064405,0.022200000000000004,0.149553513097907,0.57,0.8556288707523761
0.3550403303970013,2.7096774193548387e-5,44.678621401481905,-301.726542401004,-305.110389726846,-0.37449137295119467,0.7634071370435143,0.48881540320501093,0.33205474082112196,0.4059131955167707,0.131708685384526,0.18082995801397503,0.2613666082148284,-0.05324390179134014,0.42300185754057135,0.9118284737185268,0.015480180214319322,-0.7962577501924505,0.7520233945029806,0.41653148455022904,0.9592440800046924,1.0777233414237366,1.0029468839512048,1.0575561640478792,1.1137080856473154,1.1680288896057556,0.9997772139310471,1.0004337714755906,0.0024752999999999997,1.0,0.6383268853371622,0.022200000000000004,0.149553513097907,0.57,0.8556288707523761
0.36571866496214184,2.7096774193548387e-5,50.94100443208913,-304.57104170422923,-308.2415812421496,-0.4013780926761139,0.8162624816572943,0.4724221590087887,0.31571088680304354,0.45080196651726073,0.12392860784286318,0.17849499932965562,0.27873245414345427,-0.06618278410642407,0.42415821688246924,0.9439160411977069,-0.022816574073664248,-0.8014049937204142,0.8436286184749395,0.45689261167782624,0.9401240742997395,1.0799586955002511,1.0029724531209927,1.058939750427498,1.1144234459191515,1.1694688678229284,0.9997704662633937,1.0004657097836807,0.0024752999999999997,1.0,0.649447877267884,0.022200000000000004,0.149553513097907,0.57,0.8556288707523761
0.37646342655019266,2.7096774193548387e-5,58.64542609199691,-308.0966850376381,-312.0937920721035,-0.42838807026666065,0.8628561669440702,0.4533262498652064,0.29881234316943744,0.5006658805458153,0.11478707627963293,0.176301426984505,0.2983069541168029,-0.08098622804366322,0.42595695829727676,0.9800636618208336,-0.06579170945207685,-0.805858283338278,0.9457158717379209,0.5050416119982155,0.9213436192859994,1.0816217541174749,1.0029861408940959,1.0606291427230077,1.1147060701536688,1.1702321025185702,0.9997618125673471,1.0004929793362005,0.0024752999999999997,1.0,0.6605688691986058,0.022200000000000004,0.149553513097907,0.57,0.8556288707523761
0.3872692998839115,2.7096774193548387e-5,67.87480498678713,-312.34251886269243,-316.7084815194986,-0.4550690461430574,0.9034292021273486,0.431430954396273,0.2816300065700926,0.5550354095912765,0.1040848489211096,0.17410446841125463,0.31994211186577487,-0.09807618059603601,0.42843422140431714,1.020229301379813,-0.11327543867040174,-0.809712563952988,1.0573187856728588,0.5607114838027896,0.9029138263311324,1.0827078925724232,1.0029878124155536,1.0626418459425002,1.1145485971891425,1.1703109070667557,0.9997517894917899,1.0005155498285057,0.0024752999999999997,1.0,0.6716898611293276,0.022200000000000004,0.149553513097907,0.57,0.8556288707523761
0.3981309394549647,2.7096774193548387e-5,78.7177425945473,-317.3489164152741,-322.1299503233787,-0.4812169764752751,0.9371407704516039,0.40795355917295795,0.2626507559558181,0.6144997060616337,0.09275707347883479,0.17170528577675875,0.3437949257271718,-0.11618116761488309,0.4311529965309002,1.0637094519632762,-0.16534158589134135,-0.8129414792399418,1.1781139572778245,0.6241851473413049,0.8848311861164757,1.0832181379835715,1.0029794293118282,1.064705261940719,1.114031128945953,1.169817558117546,0.9997389412019068,1.000535070094223,0.0024752999999999997,1.0,0.6828108530600494,0.022200000000000004,0.149553513097907,0.57,0.8556288707523761
0.4090429721682723,2.7096774193548387e-5,91.26772143857659,-323.1597042073981,-328.40493974539334,-0.505898652747503,0.9639611385375161,0.3843902106489004,0.24120145875943488,0.6785557644734416,0.08157302072878288,0.16894390314024,0.3691498606133491,-0.13429337968294563,0.43441500440679315,1.1102966924147566,-0.2215747791467216,-0.8165571657702438,1.307734059360204,0.6949124774742269,0.8671143002008375,1.0831706357913538,1.0029581688920917,1.0667245365964313,1.1130329633061111,1.1685910200298415,0.9997224618587445,1.0005536195744575,0.0024752999999999997,1.0,0.6939318449907712,0.022200000000000004,0.149553513097907,0.57,0.8556288707523761
0.41999999999999993,2.7096774193548387e-5,105.62231557462326,-329.8208398340507,-335.58223681341667,-0.5319240996768371,0.9847362535614359,0.3568061854518751,0.2212092725903077,0.746082931213968,0.0678292765902796,0.16604155100418427,0.396579202642936,-0.15566545280162913,0.4380152099878654,1.160171108520913,-0.28135945514328725,-0.8185238067976762,1.4441573783341248,0.7714529473710826,0.849770779213251,1.0825152971738816,1.0029272301056946,1.069195893600355,1.1117325688430146,1.166814716622335,0.9997058698428574,1.0005648287523112,0.0024752999999999997,1.0,0.7050528369214929,0.022200000000000004,0.149553513097907,0.57,0.8556288707523761
0.18,3.112903225806451e-5,122.00284986059205,-335.3272008031631,-343.77250395640107,0.22843786237354882,-1.146252726830085,0.32615427869659375,0.34458733318195767,0.7865821327297927,0.06601601433303671,0.2167990188909655,0.4499337207487494,-0.15284137457956307,0.553251672389604,1.234674400859051,-0.3936765787715804,-0.5099311152474029,1.388483995565994,1.5245122743177069,1.3429077629403212,0.939086581887547,1.0005997438961194,1.0544288150492382,1.0221768821883581,1.0342218845082527,0.9991987660492234,0.9988489037341557,0.0024752999999999997,1.0,0.4381490305841703,0.022200000000000004,0.149553513097907,0.57,0.8556288707523761
0.18862353629575357,3.112903225806451e-5,106.89684215244608,-329.07976434905487,-336.2195001023281,0.18832910944410144,-1.0126363817243929,0.36019535882308834,0.3616341369961043,0.6954184210932586,0.08216095913289312,0.2163029142637475,0.4096891453761334,-0.12848816743510721,0.5377331756393473,1.1632413480970962,-0.3105700240830505,-0.5305974017119259,1.2126536686210276,1.3613097504144798,1.3207799202449575,0.9488498702644509,1.000752358285467,1.052944414818532,1.028502910078937,1.0429377119769012,0.9992597657847235,0.9989904269792227,0.0024752999999999997,1.0,0.4492700225148921,0.022200000000000004,0.149553513097907,0.57,0.8556288707523761
0.197401105998178,3.112903225806451e-5,93.17300217138813,-323.3209021211586,-329.3575801117991,0.1489231407181068,-0.8810090456368836,0.3915514881603258,0.3761645544536583,0.6130185620222125,0.09693273709304874,0.2154017125050447,0.3729197324887316,-0.10625594255610402,0.5231486863911053,1.0983780712073188,-0.2339740572030832,-0.5510992558332828,1.0539751558113037,1.2113484549661848,1.2986571982011041,0.9584832218522917,1.0009060879068152,1.0517020889965896,1.0348129801634494,1.0517154915052593,0.9993155644290268,0.9991271800260829,0.0024752999999999997,1.0,0.46039101444561387,0.022200000000000004,0.149553513097907,0.57,0.8556288707523761
0.20632836697123808,3.112903225806451e-5,80.77125003472679,-318.0424038070395,-323.15670404346844,0.10971624216935057,-0.7520038825424756,0.4194369390535692,0.38954934058059465,0.5389209147575688,0.10991652892786985,0.21453492720933023,0.33951658419109954,-0.08657513322790142,0.5093192831074435,1.0394659923088618,-0.16511142570219378,-0.5708919608300101,0.9119769078164838,1.0748768109658209,1.2765472438854917,0.9679389762856645,1.0010611122542217,1.0506702516133972,1.0411241048016089,1.060565444368399,0.9993699380579298,0.9992601463186869,0.0024752999999999997,1.0,0.4715120063763356,0.022200000000000004,0.149553513097907,0.57,0.8556288707523761
0.21540090302880485,3.112903225806451e-5,69.63727379104421,-313.23690281626494,-317.58971592162715,0.07144341082955172,-0.6254680339122136,0.4447814260446239,0.3997594374520657,0.4734523485537082,0.12171053998687367,0.21345736768074022,0.31003097778060945,-0.06891175219622031,0.49639121832679345,0.9871549181792786,-0.1029258337693465,-0.5903234732202346,0.7872542691160722,0.9510328191700991,1.2545161338841346,0.9772266600230771,1.0012126417308844,1.0498335252553033,1.047237793542446,1.0692139401291751,0.9994180900222145,0.9993875745980874,0.0024752999999999997,1.0,0.4826329983070574,0.022200000000000004,0.149553513097907,0.57,0.8556288707523761
0.2246142261192784,3.112903225806451e-5,59.72318891330235,-308.8967485678102,-312.6326734827562,0.03379669180687005,-0.5025896003436243,0.4670497565580777,0.40809054569948877,0.41672031182510466,0.13189505608876192,0.21219661685657495,0.28408865176819326,-0.053801164051317324,0.484507248674066,0.9417638226910618,-0.04848185154015198,-0.6094040678878997,0.6804640042134263,0.8402007595607326,1.232532012003505,0.9863038570944355,1.0013630519544805,1.0492242439983495,1.053254709332869,1.0777965983070743,0.9994628986410229,0.9995097555739063,0.0024752999999999997,1.0,0.4937539902377792,0.022200000000000004,0.149553513097907,0.57,0.8556288707523761
0.23396377854576186,3.112903225806451e-5,50.98796624880083,-305.0220837607321,-308.26506215050546,-0.0032026363994532765,-0.3827545272517696,0.48579968259844347,0.41471103585840957,0.36843031381928537,0.14047771755685717,0.21102480260218534,0.26167573084754897,-0.040735799995212034,0.47368764230983446,0.9019548804718516,-0.0020369258811600414,-0.627219360190024,0.5896358725276357,0.7422784868594091,1.210635981738993,0.9951017049572202,1.0015108817962572,1.048752383091172,1.0591170618432304,1.0862299617749815,0.9995050590203141,0.9996272619127529,0.0024752999999999997,1.0,0.504874982168501,0.022200000000000004,0.149553513097907,0.57,0.8556288707523761
0.24344493522068753,3.112903225806451e-5,43.397868083898516,-301.60815938234356,-304.4700130680543,-0.03936401756126134,-0.2672523830787324,0.5019703772328051,0.41879806746073484,0.32906638124496673,0.14774338289920327,0.20944636250846765,0.24292856541837277,-0.030049918163282226,0.4638218245581798,0.8692054854247938,0.037287379436224406,-0.6446754552737561,0.51622069416841,0.6566326715931678,1.188849411101857,1.0036246348703803,1.0016552019692497,1.048461620437846,1.0647896399670471,1.0944609730349306,0.9995422050887185,0.999738660710968,0.0024752999999999997,1.0,0.5159959740992227,0.022200000000000004,0.149553513097907,0.57,0.8556288707523761
0.25305300595378105,3.112903225806451e-5,36.926790881437114,-298.6581901257822,-301.2344744668236,-0.07480244495943045,-0.15530006636939817,0.5146895678363717,0.4210407179188179,0.29772862825614327,0.15330746585467322,0.20788297914866505,0.22765871345120203,-0.021741692890310083,0.4549928460323085,0.8425658266953681,0.06902561405825113,-0.6610929858910137,0.45951070773484526,0.5831086624248104,1.1671925374446013,1.0118200390427725,1.0017945693517096,1.0483804519169209,1.0702183117193322,1.1024073085570318,0.999576944544631,0.9998451413253909,0.0024752999999999997,1.0,0.5271169660299445,0.022200000000000004,0.149553513097907,0.57,0.8556288707523761
0.26278323777222945,3.112903225806451e-5,31.556522789068026,-296.1747548023212,-298.54934042063906,-0.10932108059107183,-0.04816614753774371,0.5245819767910136,0.4214169179736855,0.2743868784207196,0.15756257469744245,0.20621639881991274,0.2157997005503184,-0.015662965510138963,0.447170772964405,0.8222476944616023,0.09329304221564853,-0.6765411055473196,0.4183199488344418,0.5214950071202803,1.1456861322898184,1.0196702773120927,1.0019284294434514,1.048398762681675,1.0753836275072939,1.110037382271631,0.9996078944170124,0.9999456697051267,0.0024752999999999997,1.0,0.5382379579606663,0.022200000000000004,0.149553513097907,0.57,0.8556288707523761
0.2726308172719081,3.112903225806451e-5,27.27303498053186,-294.16207179287517,-296.407596516371,-0.1427932107705972,0.05583269700992746,0.531610337736314,0.4196948008134633,0.25938979678612606,0.1603690754522071,0.20440346956688926,0.20752485712986757,-0.011567291035411318,0.4404447832785241,0.8078425985631289,0.11022646950670792,-0.6908496662335887,0.39342841052508554,0.471248335767003,1.1243561723222788,1.0270584077897793,1.00205477794519,1.0485638710033542,1.080251159973478,1.1172373308320658,0.9996329000300945,1.0000253683999705,0.0024752999999999997,1.0,0.549358949891388,0.022200000000000004,0.149553513097907,0.57,0.8556288707523761
0.2825908729985017,3.112903225806451e-5,24.055380214113598,-292.6172518361517,-294.79876913316184,-0.1756504647106256,0.1563631434357115,0.5355977632163208,0.4165860884152018,0.25217967115086476,0.16170966115717514,0.20279875081620657,0.20259997372706534,-0.010181738752471454,0.43481081126346627,0.8002780685387657,0.12049313562216758,-0.7044647665365874,0.3847330365230018,0.4321352787908887,1.1032024181992668,1.0339812277833444,1.002172601440546,1.048980662719534,1.0847799485430603,1.1239494968404413,0.9996534305950788,1.000087594578688,0.0024752999999999997,1.0,0.5604799418221098,0.022200000000000004,0.149553513097907,0.57,0.8556288707523761
0.29265847785734184,3.112903225806451e-5,21.910450507782457,-291.5532728449865,-293.72630427999627,-0.20742338497364865,0.2520701350833421,0.5368521808404637,0.4112720680735471,0.25242178557147593,0.16177458026673672,0.20088558238720122,0.2008419528323617,-0.010622903906868422,0.43007966479484416,0.7981293446311223,0.12374008399704955,-0.7167610734545444,0.39034301848218184,0.4039646361659404,1.0822630668486073,1.0404624986721351,1.0022821792501406,1.049459642731123,1.0889424996118782,1.1301895751277462,0.9996706990914559,1.0001460483947004,0.0024752999999999997,1.0,0.5716009337528316,0.022200000000000004,0.149553513097907,0.57,0.8556288707523761
0.3028286515507688,3.112903225806451e-5,20.856739121374062,-290.9824382287415,-293.1994485867921,-0.2392183138802778,0.34256726515702424,0.5331557463920925,0.4052763044548567,0.2601088757572387,0.1596224942698423,0.19926815380198565,0.20162654733097055,-0.014462818074511939,0.42647745936810544,0.8025189045742464,0.12091889999344049,-0.7281135290945916,0.4115640377303012,0.3861962128073271,1.0615462003950353,1.0464921014234951,1.002385085000381,1.050418112217571,1.092817685797027,1.1360476791265193,0.9996878299228458,1.0001995577662455,0.0024752999999999997,1.0,0.5827219256835534,0.022200000000000004,0.149553513097907,0.57,0.8556288707523761
0.31309636304181315,3.112903225806451e-5,20.921135319690734,-290.92593493651503,-293.2316466859504,-0.26860145868230023,0.42840195466329084,0.530309858122573,0.39561374670802457,0.27476234335618,0.1575991052511717,0.19705226785318977,0.20672620322202864,-0.01783724771387775,0.4237020243173532,0.8106993004597247,0.11007697498611518,-0.7387838612738725,0.44486429463457894,0.3792527166177473,1.0410732183034688,1.052059911533672,1.0024768386938443,1.0509748162951094,1.0962077208361496,1.14126811112381,0.9996978998166209,1.0002512647251038,0.0024752999999999997,1.0,0.5938429176142752,0.022200000000000004,0.149553513097907,0.57,0.8556288707523761
0.3234565330429751,3.112903225806451e-5,22.139037178060562,-291.40314922114953,-293.8405976151353,-0.2981246191912844,0.50824171697516,0.5203026723548635,0.38693643948667994,0.2946260008225592,0.15280398046036978,0.19591295934448963,0.21332144086773253,-0.02551052424915737,0.4225538622654826,0.8252500373587655,0.09336938482741673,-0.7477358119368165,0.490768132080396,0.38212630171208606,1.0208602168529293,1.057187921465652,1.002560718364474,1.0521675590095032,1.0992820323734598,1.146038551586816,0.9997105655932353,1.000295916159963,0.0024752999999999997,1.0,0.6049639095449969,0.022200000000000004,0.149553513097907,0.57,0.8556288707523761
0.33390403652887574,3.112903225806451e-5,24.553768411598867,-292.4337453684258,-295.0479632319045,-0.3265384559287756,0.5832645372399237,0.5138108598456523,0.3734160080611885,0.32393195477645365,0.14856080170821645,0.19259211166234752,0.22399817306311853,-0.03279376011933918,0.4207297872976002,0.8444644376606724,0.07187282857337196,-0.757431495402073,0.5524793678068823,0.39425441680831297,1.0009249469176116,1.061677090302179,1.0026351914757363,1.0530709469029897,1.1019558832968988,1.1502714019577647,0.9997140141807197,1.0003415800326232,0.0024752999999999997,1.0,0.6160849014757187,0.022200000000000004,0.149553513097907,0.57,0.8556288707523761
0.3444337052715314,3.112903225806451e-5,28.216814315845795,-294.04986574605726,-296.87948618402794,-0.35450736003622896,0.6520870833658218,0.5021228739059063,0.35988880843386584,0.3579611160407374,0.14249495856604744,0.1904292973918032,0.23683391454853664,-0.04313756983051484,0.4201488065722672,0.8687871164769958,0.04429533774833981,-0.7656587655357388,0.625067907901311,0.4157565228202915,0.9812763137745389,1.0656962647421258,1.0026981756217248,1.0543392759928498,1.1041800775228763,1.1538485382933135,0.9997179318331542,1.0003813831664594,0.0024752999999999997,1.0,0.6272058934064405,0.022200000000000004,0.149553513097907,0.57,0.8556288707523761
0.3550403303970013,3.112903225806451e-5,33.18707681000535,-296.27946760490954,-299.3646174311077,-0.3817948810516415,0.7147498911649517,0.48767144960932307,0.3448070705078692,0.39791853585106063,0.1352656118203615,0.18811832046482768,0.2520285791568891,-0.055183783906255134,0.4204019286553422,0.8975742713808571,0.010729278476866678,-0.7729375154263625,0.7090385427701648,0.44630982202959535,0.9619283190630998,1.0691747567134642,1.0027511317646904,1.0557156727536152,1.106009302333784,1.156853434096627,0.9997194690528746,1.0004173137614634,0.0024752999999999997,1.0,0.6383268853371622,0.022200000000000004,0.149553513097907,0.57,0.8556288707523761
0.36571866496214184,3.112903225806451e-5,39.53067794634944,-299.15499712399225,-302.53641799927976,-0.40855723625069396,0.771435893129349,0.4711221773761541,0.3285981777661789,0.4433271627364068,0.12690033661658717,0.18572154156792647,0.2696492161407543,-0.06867282673620774,0.4213383133004426,0.9303325861035153,-0.027572131601612655,-0.7794878516361344,0.8036551192287273,0.4851309121698759,0.9428990502158204,1.0720984062144217,1.0027927260032252,1.0573028709926808,1.1074023869825307,1.1592103880578875,0.9997185264499313,1.0004495051205775,0.0024752999999999997,1.0,0.649447877267884,0.022200000000000004,0.149553513097907,0.57,0.8556288707523761
0.37646342655019266,3.112903225806451e-5,47.32045845703021,-302.71091653027537,-306.43130825462015,-0.43445545625958065,0.8220081285470751,0.4523926016530697,0.3109375503749786,0.49391849094570206,0.11754888014011469,0.18324796388549988,0.28953815634201585,-0.08375794970910493,0.42295422983533254,0.9672044790506734,-0.07097196618935636,-0.7855484440129932,0.9084853415111457,0.532249335916161,0.9241942776685326,1.074443677944686,1.0028230723345675,1.0590295275830879,1.1083637568279845,1.160926038738158,0.9997151577307627,1.0004782698245345,0.0024752999999999997,1.0,0.6605688691986058,0.022200000000000004,0.149553513097907,0.57,0.8556288707523761
0.3872692998839115,3.112903225806451e-5,56.635455662140316,-306.9849174181125,-311.0888068571752,-0.4599233459775782,0.8659778501074904,0.4314822952890914,0.2924207534108109,0.5491392820203057,0.10701865544780724,0.18065926418712266,0.31147477919718114,-0.10073412414238687,0.42489401380222935,1.0079241375393964,-0.11826797701055264,-0.7910235946937505,1.0228849075371664,0.5866037623837834,0.9058336793967009,1.0762460772756262,1.002841902810018,1.0610153749308173,1.1088978268113516,1.161985535543164,0.9997096670049637,1.0005028881002638,0.0024752999999999997,1.0,0.6716898611293276,0.022200000000000004,0.149553513097907,0.57,0.8556288707523761
0.3981309394549647,3.112903225806451e-5,67.56029776505466,-312.0171132005567,-316.55122790863237,-0.4847704881270034,0.9038002218854504,0.40897273743030876,0.27299791124962947,0.6090770529633243,0.09584292260261133,0.1781898982232055,0.3355056879037964,-0.11862372291333183,0.4274904252582882,1.051776328988394,-0.1702097763547249,-0.7959751328906665,1.1453323552159134,0.6488660858455293,0.8878115582165377,1.0774396237933073,1.0028495782551337,1.063080676351808,1.1090216121098682,1.162409700867048,0.9997014774678048,1.0005243234429682,0.0024752999999999997,1.0,0.6828108530600494,0.022200000000000004,0.149553513097907,0.57,0.8556288707523761
0.4090429721682723,3.112903225806451e-5,80.18455413389245,-317.8512638755037,-322.86335609305127,-0.5088792533199203,0.9349279905687115,0.38475172348946507,0.2520372749698151,0.6728083171699407,0.08385363432798563,0.17515552515000046,0.3608604680334552,-0.13749743948688728,0.43047833725042506,1.0983276024372874,-0.22625344411364712,-0.800155512704963,1.2756121553820898,0.7177155431921723,0.8701583869884232,1.078084690662948,1.0028456762893954,1.0652196134950596,1.108721491443375,1.1621746295697215,0.9996907112307668,1.0005425497875162,0.0024752999999999997,1.0,0.6939318449907712,0.022200000000000004,0.149553513097907,0.57,0.8556288707523761
0.41999999999999993,3.112903225806451e-5,94.60201565955322,-324.527288324181,-330.07208685588165,-0.5327007422217016,0.9595037120123883,0.35911555448122473,0.22992692912786378,0.7409978637092924,0.0713262007419826,0.172285196033655,0.38813739096139,-0.15745642667350018,0.43358497164063126,1.1477655674455083,-0.28604848557303486,-0.8041498224481409,1.4140451671647445,0.7935005641574626,0.8528552906544855,1.078153978731606,1.0028296595405781,1.0675182521030322,1.107990184680408,1.1612500740101095,0.9996770928089234,1.000557807252226,0.0024752999999999997,1.0,0.7050528369214929,0.022200000000000004,0.149553513097907,0.57,0.8556288707523761
0.18,3.5161290322580644e-5,113.95745211510246,-331.54470888022183,-339.74980508365627,0.2039675914563939,-1.218520707812154,0.3509789014130228,0.40869252674722323,0.7101029003858427,0.08134498937652802,0.2362799700826598,0.4203778313034924,-0.13397508562424149,0.5659352432730368,1.1803691577442017,-0.35171803543498464,-0.4334100239762479,1.1938880816559945,1.5378697426542722,1.340399751851335,0.9281250482589503,1.000348308395509,1.051106860855271,1.0126880232697861,1.0198644027975297,0.9990349217002177,0.9988023578495273,0.0024752999999999997,1.0,0.4381490305841703,0.022200000000000004,0.149553513097907,0.57,0.8556288707523761
0.18862353629575357,3.5161290322580644e-5,99.03599006487877,-325.3422799127952,-332.28907405854443,0.164353001129917,-1.08391781312265,0.3832830857170417,0.42264253517321987,0.624128217303856,0.09626487818475707,0.23487841181203445,0.3819156899485586,-0.11164844650238885,0.549305633060191,1.1128277764820895,-0.2715654565376005,-0.4581841457878765,1.030401587615097,1.3797228818703722,1.3184258241039721,0.9378355092614348,1.0004973542199513,1.0497580269134335,1.0188020622288585,1.0283738546022783,0.9991051808966541,0.9989446353861634,0.0024752999999999997,1.0,0.4492700225148921,0.022200000000000004,0.149553513097907,0.57,0.8556288707523761
0.197401105998178,3.5161290322580644e-5,85.44937742207912,-319.61866907696793,-325.4957677371446,0.1253343832272256,-0.950848850548406,0.4126718422008143,0.4346082922474439,0.5464724240183368,0.10970143323262875,0.23308600604183152,0.3465815565382156,-0.09142303874710232,0.5335255551313542,1.0512944798294135,-0.19842077524154408,-0.482414882791078,0.8838914002707908,1.2343798805716566,1.2964805449576313,0.9474234514225649,1.0006489782614658,1.0486514275187098,1.0249651492785836,1.0370291934830345,0.9991714260847582,0.9990829696618492,0.0024752999999999997,1.0,0.46039101444561387,0.022200000000000004,0.149553513097907,0.57,0.8556288707523761
0.20632836697123808,3.5161290322580644e-5,73.1440041474716,-314.3647175366125,-319.34308109984084,0.08722750898437463,-0.8207542519968264,0.43927627081185205,0.44350120398926296,0.47821039901493123,0.12209413860419681,0.23137620721937346,0.3152699112043873,-0.0728917170857026,0.5188556299706205,0.995969343415647,-0.13271046031251146,-0.5061275699672735,0.7548721071832988,1.101993041290981,1.274559081287658,0.9569023522419732,1.0008008419037313,1.0477277177199162,1.0310851830588526,1.0456968133329199,0.9992301914919899,0.9992152612395664,0.0024752999999999997,1.0,0.4715120063763356,0.022200000000000004,0.149553513097907,0.57,0.8556288707523761
0.21540090302880485,3.5161290322580644e-5,62.072083784350866,-309.57787431324493,-313.8071209182805,0.0496715062608474,-0.6930747853333432,0.4626976202966019,0.4505934463356801,0.41820725158101013,0.13288990450418342,0.2295227736711297,0.28739946437769104,-0.05675381365591236,0.5049117119749319,0.946737074560924,-0.07390973693005093,-0.5290609609546011,0.6420963071422886,0.9816604337884972,1.2527079851467555,0.9662322660046821,1.0009525523560026,1.047013570520629,1.0371538153313056,1.0543542763873182,0.999286206416722,0.9993434084193002,0.0024752999999999997,1.0,0.4826329983070574,0.022200000000000004,0.149553513097907,0.57,0.8556288707523761
0.2246142261192784,3.5161290322580644e-5,52.19204830374588,-305.25098709522484,-308.867103177978,0.012853595153365633,-0.5686011662139666,0.4832413965633728,0.45569263983279457,0.3664960996515603,0.14226051771049125,0.22757053995239054,0.26306873806137343,-0.04281129810670656,0.4922789961513052,0.904190922860678,-0.022497054045219598,-0.551420835767285,0.5462380403045408,0.873802856831109,1.2309301001885937,0.9753672372099068,1.0011050611259953,1.0465092490484096,1.0432061945470221,1.0630557544695074,0.9993381664980328,0.9994664801218159,0.0024752999999999997,1.0,0.4937539902377792,0.022200000000000004,0.149553513097907,0.57,0.8556288707523761
0.23396377854576186,3.5161290322580644e-5,43.468929029800165,-301.38357606971954,-304.5055435410051,-0.023171943120226947,-0.44707570015441045,0.5010195722264275,0.4591496321222634,0.3229680320378182,0.15024555476329426,0.2255990764461848,0.24226563555002043,-0.0309207884996112,0.4806807808098895,0.8675981252500967,0.021255987053710755,-0.5728850698479272,0.46672752725158206,0.7782234549201099,1.209248204671786,0.9843127924863022,1.0012558419688504,1.0461724007060738,1.049144461104602,1.0716570162514374,0.9993863035888663,0.9995847383732614,0.0024752999999999997,1.0,0.504874982168501,0.022200000000000004,0.149553513097907,0.57,0.8556288707523761
0.24344493522068753,3.5161290322580644e-5,35.87466678087105,-297.9758953316923,-300.70841241654057,-0.05839673929433086,-0.32922654207329305,0.5151306523803761,0.46047405857406004,0.28770276876210754,0.15661658038575818,0.223629384612045,0.22495078675902624,-0.021219873369747805,0.4703824750778783,0.8372287407732427,0.05795253742070997,-0.5930777400446025,0.40283516547339315,0.6946101897602616,1.1876823947808461,0.9929829833854119,1.0014031488879762,1.0460138279227191,1.0549037402156674,1.0800584158324116,0.9994317194318839,0.9996979252860292,0.0024752999999999997,1.0,0.5159959740992227,0.022200000000000004,0.149553513097907,0.57,0.8556288707523761
0.25305300595378105,3.5161290322580644e-5,29.388351854338907,-295.0275477963769,-297.4652549532745,-0.09273814971812396,-0.21584062978499632,0.5275738539322101,0.4599254933244007,0.2603735877207768,0.16192043851457782,0.22120077016444825,0.2110027339398806,-0.013816256130978876,0.4607026710179488,0.8133770939473068,0.0876331015823358,-0.6126161774999406,0.35562248558692366,0.6224988922580498,1.1662545267342246,1.001400763053887,1.0015480795491185,1.0459895437526892,1.0605267421287072,1.0883225421338694,0.9994710825517381,0.9998050868298569,0.0024752999999999997,1.0,0.5271169660299445,0.022200000000000004,0.149553513097907,0.57,0.8556288707523761
0.26278323777222945,3.5161290322580644e-5,23.99645932283579,-292.54495838772203,-294.76930868752294,-0.12627638192733998,-0.10619291062290645,0.5360558762860975,0.4577287375799417,0.24097978569226366,0.16543115498307132,0.21899757896744104,0.2004650541404501,-0.008713556040418919,0.4523412677703691,0.7954893724266208,0.11003200452356186,-0.6309910382135617,0.32390125069430364,0.5618904784987042,1.144974385304234,1.0094931756110013,1.0016881346684097,1.0461992835415155,1.0659191257073533,1.096306823977489,0.99950918985994,0.999907420351155,0.0024752999999999997,1.0,0.5382379579606663,0.022200000000000004,0.149553513097907,0.57,0.8556288707523761
0.2726308172719081,3.5161290322580644e-5,19.692982991743975,-290.5339201002666,-292.61757052197703,-0.1589154200381328,-0.0011527066127876668,0.5416948429608776,0.45385681723731214,0.2292362658069923,0.1675619648207699,0.2166873145888166,0.19317251655225923,-0.005764112436415075,0.44500387386425233,0.7835532453276894,0.12537013288195448,-0.6483147586782605,0.3072968780449622,0.5124427195475465,1.1238670247624851,1.0172491690612655,1.0018226120903493,1.0465605615744933,1.071056108754072,1.1039712480835242,0.9995436950245755,1.000003973412136,0.0024752999999999997,1.0,0.549358949891388,0.022200000000000004,0.149553513097907,0.57,0.8556288707523761
0.2825908729985017,3.5161290322580644e-5,16.466516632181424,-288.9975806764682,-291.00433734219575,-0.19065974609003716,0.10149331085808225,0.5446500351514775,0.44830083987433983,0.2251813515418457,0.168362815915889,0.21444460441471494,0.18928780560388042,-0.0050034831929778294,0.43889457375202684,0.7779227738592286,0.1340312436069878,-0.6644596711992112,0.30648441718841096,0.4735060118513045,1.1029402568701485,1.0244725222933317,1.0019470628641993,1.0471060314183651,1.0758496086235432,1.1110630825278864,0.9995702046385124,1.000067443292134,0.0024752999999999997,1.0,0.5604799418221098,0.022200000000000004,0.149553513097907,0.57,0.8556288707523761
0.29265847785734184,3.5161290322580644e-5,14.314984552917963,-287.94105042792387,-289.928571302564,-0.22141245545434893,0.1992047127620353,0.5447710838782939,0.4410688175250893,0.22847973582603012,0.16787264788626424,0.21219529063912285,0.18858270045873063,-0.006216262670537333,0.4337184753753982,0.7777042728007941,0.13593849172985545,-0.6794278072221184,0.31954195141279235,0.44516578194230094,1.0822205513257344,1.0313055146195367,1.002065367731169,1.0477732465550285,1.08036501764977,1.1178028187553395,0.9995935598942816,1.0001265785061093,0.0024752999999999997,1.0,0.5716009337528316,0.022200000000000004,0.149553513097907,0.57,0.8556288707523761
0.3028286515507688,3.5161290322580644e-5,13.258908973181292,-287.3789705583294,-289.4005335126957,-0.2513607103803706,0.2924121706018001,0.5424805142719428,0.43233435391720915,0.23852696697279785,0.16617332903999588,0.2097835665997029,0.19073020137064436,-0.009497069849913853,0.42963315205096947,0.7833377953810062,0.13144592026310103,-0.6936477407247158,0.34632064516267147,0.42706476590135484,1.0617263613419698,1.0377152006761026,1.0021759119609166,1.048586808869569,1.084544535048967,1.1240984971530323,0.9996137958131511,1.0001820852702956,0.0024752999999999997,1.0,0.5827219256835534,0.022200000000000004,0.149553513097907,0.57,0.8556288707523761
0.31309636304181315,3.5161290322580644e-5,13.32659017194851,-287.3306979557522,-289.4343741120793,-0.2804830775747586,0.38021640431040366,0.5374553820069127,0.4215186037238511,0.2558538441772169,0.1631925050005495,0.2071572821950034,0.1959412946020479,-0.01464488795210647,0.42616810789360143,0.7939282543438414,0.12089845867366975,-0.7064926140396075,0.38682018775307675,0.4189193222954687,1.041465842654312,1.0436732510050866,1.0022788165551975,1.049535971283373,1.0883973148070558,1.1299571711315008,0.9996307897688257,1.0002338622811815,0.0024752999999999997,1.0,0.5938429176142752,0.022200000000000004,0.149553513097907,0.57,0.8556288707523761
0.3234565330429751,3.5161290322580644e-5,14.553974716534299,-287.8154829218619,-290.0480663843722,-0.3088750873461564,0.46290251728576765,0.5296353190780136,0.40943189306114736,0.2796658234106881,0.1588539832246417,0.20460770984101964,0.20404431219550415,-0.021636028683519177,0.42400998085276226,0.80979559875674,0.10397372654280689,-0.7187396841590946,0.44004309171827516,0.4204674918187314,1.0214599870858088,1.0491670037768264,1.0023736928316231,1.0506750906074798,1.091913839659522,1.1353568595688226,0.9996454437671335,1.0002817760082725,0.0024752999999999997,1.0,0.6049639095449969,0.022200000000000004,0.149553513097907,0.57,0.8556288707523761
0.33390403652887574,3.5161290322580644e-5,16.984465826773203,-288.8586394015959,-291.26331193949164,-0.33635502769227643,0.5402249283103047,0.5198583549075263,0.39583205653239245,0.3091811860189282,0.1535611671021363,0.20195740715012292,0.21477097332413153,-0.030403604297104887,0.42239598590839295,0.8303692238082631,0.08137876664283955,-0.7299294193277162,0.505133195737639,0.4313666180969054,1.001721436000859,1.0541661456825409,1.0024585100858048,1.0519080630204507,1.0950193613756627,1.1401819399288406,0.9996568958528324,1.0003262655026413,0.0024752999999999997,1.0,0.6160849014757187,0.022200000000000004,0.149553513097907,0.57,0.8556288707523761
0.3444337052715314,3.5161290322580644e-5,20.668710550715105,-290.48578639001994,-293.1054343014626,-0.3632515001674406,0.6115096058637245,0.5076871712272033,0.38108828883897067,0.3449430070786329,0.14716719427667432,0.1992715889253635,0.227961710779678,-0.04113771765594978,0.4213119849559323,0.8556337982407739,0.05347290811881227,-0.7401584887402979,0.5820207531143486,0.45135373799011685,0.982260800987884,1.0586632077504254,1.0025331785577825,1.053313643706985,1.097720640142182,1.1444275839066491,0.9996656671595451,1.0003669160516195,0.0024752999999999997,1.0,0.6272058934064405,0.022200000000000004,0.149553513097907,0.57,0.8556288707523761
0.3550403303970013,3.5161290322580644e-5,25.664328416867534,-292.72603886447354,-295.6032432345388,-0.38940791978718375,0.6774384205819621,0.4928608471392051,0.3651935966056559,0.38596796244639453,0.1394608004108625,0.19659228182316194,0.24366775233770827,-0.053516414071234794,0.4213161585278006,0.8852603489657959,0.020208907246898996,-0.7495604799337293,0.6694697871864661,0.47991297012390866,0.9630966345907389,1.062619111253331,1.0025979464997565,1.0549167043346475,1.1000305643762391,1.1481081476101944,0.9996723244807825,1.0004036628626078,0.0024752999999999997,1.0,0.6383268853371622,0.022200000000000004,0.149553513097907,0.57,0.8556288707523761
0.36571866496214184,3.5161290322580644e-5,32.03559155311041,-295.6113456393273,-298.78887480266025,-0.41485506050122684,0.7366719486388792,0.4763378954015195,0.34699295121120355,0.4328938173748783,0.13135042799981023,0.19362806242602454,0.26146243906912936,-0.06700877679024893,0.4216829032792292,0.9188143039530776,-0.019100357311120385,-0.7581674793188704,0.7675818767304528,0.5172665698981882,0.9442348131399537,1.0660469985746075,1.0026517475407428,1.0564289605108594,1.1019131512909588,1.1511630880758144,0.9996749806880664,1.0004376415753606,0.0024752999999999997,1.0,0.649447877267884,0.022200000000000004,0.149553513097907,0.57,0.8556288707523761
0.37646342655019266,3.5161290322580644e-5,39.85308294869651,-299.1751101881445,-302.6976205004533,-0.4399407937139722,0.7900120082700998,0.4572297749375537,0.3283310420128431,0.4845093809110013,0.12176991097073543,0.19083921639661347,0.28161884420792344,-0.08235850138903103,0.4228976946401363,0.9562620976118853,-0.06244815309168856,-0.7659785472462075,0.8753734195317494,0.5622639339047588,0.9256846649089174,1.0689114401490345,1.0026947452968924,1.0582939504398197,1.1033864141333425,1.1536020108979679,0.9996760794065142,1.00046722737902,0.0024752999999999997,1.0,0.6605688691986058,0.022200000000000004,0.149553513097907,0.57,0.8556288707523761
0.3872692998839115,3.5161290322580644e-5,49.193271764976885,-303.4546873519474,-307.3677149085935,-0.4645835066784764,0.8371283951323233,0.43591319639788073,0.30949444247538405,0.5403474927520548,0.11085925301793537,0.18794658890937962,0.3037744528452984,-0.0996805834286446,0.4246504673703239,0.9976174411682669,-0.10959606297957292,-0.7733561624757218,0.9916913475906465,0.6142258966014166,0.9074684540739927,1.0712194626216796,1.002726007199094,1.060430670766885,1.1044230515125217,1.1553720919919663,0.9996753569734989,1.000492319364699,0.0024752999999999997,1.0,0.6716898611293276,0.022200000000000004,0.149553513097907,0.57,0.8556288707523761
0.3981309394549647,3.5161290322580644e-5,60.138005674526426,-308.4881289189784,-312.84008186336825,-0.48899461529838917,0.877930235024595,0.41287985952332656,0.2888148989708317,0.600624651693868,0.09933915758771204,0.18505600107463652,0.32807555913799424,-0.11808361933372538,0.4267605884021391,1.0421716797056906,-0.16118554847843725,-0.779607701858699,1.116995968943218,0.6741608434812475,0.8895849826255828,1.0729587440548798,1.0027452436428217,1.0626219462155935,1.1050158323352675,1.1564570779719148,0.99967139853805,1.0005143991689192,0.0024752999999999997,1.0,0.6828108530600494,0.022200000000000004,0.149553513097907,0.57,0.8556288707523761
0.4090429721682723,3.5161290322580644e-5,72.77396808193669,-314.3178526710133,-319.1580630670734,-0.5114224353950471,0.9118516673795517,0.389724496561429,0.2659131771640099,0.6657967304480203,0.08814732456432765,0.18177413986973404,0.35349753439994774,-0.13604967195614143,0.4292070793151049,1.0886270920972694,-0.21753455781668196,-0.7861480615814219,1.249698488145828,0.7413386457043143,0.8720469145557974,1.0741037892298095,1.0027539283907165,1.0647045673724052,1.1051985281850647,1.1569406819316284,0.9996629305622403,1.0005357270891766,0.0024752999999999997,1.0,0.6939318449907712,0.022200000000000004,0.149553513097907,0.57,0.8556288707523761
0.41999999999999993,3.5161290322580644e-5,87.19209589127513,-320.98694427064146,-326.3671269717426,-0.5352741258671543,0.9397139953381429,0.3626242797800586,0.24451818717825613,0.7333262052394999,0.07439632490737248,0.1784594994682767,0.38112422252658784,-0.15744684043991683,0.43210131627547677,1.138783748085125,-0.2764262668835465,-0.791005412647482,1.3884112215077358,0.8137624583420277,0.8548691276069683,1.074690456176677,1.0027512544576604,1.0672460624607496,1.1050065750957054,1.1567781853567556,0.9996550781129122,1.0005494437827471,0.0024752999999999997,1.0,0.7050528369214929,0.022200000000000004,0.149553513097907,0.57,0.8556288707523761
0.18,3.919354838709677e-5,107.67328757985445,-328.7020218308537,-336.60772281603226,0.17929032769735945,-1.275740744351748,0.37352711281308204,0.47681552700168195,0.6227119532175927,0.09854368662703854,0.25523470304875095,0.3887994645403661,-0.11028550504692165,0.5804160908871575,1.1207634699674907,-0.2965327283358691,-0.35407565767357585,0.9773547571085794,1.5443564368076956,1.3352604524604363,0.9199874981419653,1.000164038071215,1.0477067226231294,1.0060217166948662,1.009352978256593,0.9989039790427482,0.9987660531630703,0.0024752999999999997,1.0,0.4381490305841703,0.022200000000000004,0.149553513097907,0.57,0.8556288707523761
0.18862353629575357,3.919354838709677e-5,93.06433404581537,-322.58879503592874,-329.3032460490127,0.14051653630034372,-1.1409466475539363,0.40352285380757785,0.4863136372677334,0.5437742298493332,0.1121735584023844,0.2526388603326165,0.3525741938922142,-0.09025553599663205,0.5622697350688755,1.0577129412054926,-0.2214915715351321,-0.3837181186485045,0.8304137537517354,1.3911808315425054,1.3135355300114835,0.9295983380573924,1.000309504746856,1.0465109367557426,1.0119278675790604,1.0176555649349242,0.9989796004342911,0.9989079031570655,0.0024752999999999997,1.0,0.4492700225148921,0.022200000000000004,0.149553513097907,0.57,0.8556288707523761
0.197401105998178,3.919354838709677e-5,79.72822392593923,-316.9415363416942,-322.63519098907466,0.10235585342698897,-1.0068734239434907,0.4306228088823059,0.49380324970028233,0.47319249048094997,0.12448560574955195,0.2498564474421162,0.3195712962082522,-0.07177556983125886,0.5454498863657837,1.0002737003877697,-0.15309220410671118,-0.4125566968982409,0.6990432400756965,1.2501265973482356,1.2918574330862735,0.9391538314760136,1.0004579926294197,1.0455287980005399,1.0179024565782178,1.0261295416810265,0.9990507213734275,0.9990463061779062,0.0024752999999999997,1.0,0.46039101444561387,0.022200000000000004,0.149553513097907,0.57,0.8556288707523761
0.20632836697123808,3.919354838709677e-5,67.61919991984223,-311.75065918521034,-316.58067898602616,0.06512326279084034,-0.875400137676057,0.4552722921728537,0.49864321739276257,0.41148810720529055,0.13583296662836686,0.24706922637707085,0.29039028625636515,-0.054781202528614945,0.5300233808297793,0.9489220571694253,-0.09186275088108994,-0.44076263863089676,0.5841186307469757,1.121413126183851,1.2702268318865193,0.9486235327204158,1.0006083505136751,1.0447122631438466,1.0239012004778256,1.0347091128660995,0.9991135994906009,0.9991789636744881,0.0024752999999999997,1.0,0.4715120063763356,0.022200000000000004,0.149553513097907,0.57,0.8556288707523761
0.21540090302880485,3.919354838709677e-5,56.69727549378513,-307.01382138716536,-311.1197167729976,0.02835168121341317,-0.7465097494365505,0.4764438232428761,0.5025380077488111,0.357436063342073,0.14527414970555644,0.24436407203354577,0.2644366939185131,-0.04083490705712602,0.5150452037847385,0.9039037346261077,-0.03718745515312365,-0.4677986204204028,0.485772311851478,1.0045128061914257,1.2486663469591606,0.9579690811178649,1.0007599217130947,1.0441969404339195,1.0299106312145956,1.0433568593453597,0.9991777451701145,0.9993083928095658,0.0024752999999999997,1.0,0.4826329983070574,0.022200000000000004,0.149553513097907,0.57,0.8556288707523761
0.2246142261192784,3.919354838709677e-5,46.92845442230862,-302.7280231330455,-306.23530623725935,-0.007482799704950831,-0.6207476365080938,0.49525957811415455,0.5039789426715546,0.31158877456447187,0.15371500599427237,0.24158324101212586,0.24214485988560924,-0.028432667263820783,0.5014078891443088,0.8648486484610385,0.010235565074120644,-0.49395313887996145,0.40330169781279424,0.899516754269269,1.2271923937970912,0.9671432636028064,1.000911853624131,1.0438106128192757,1.0358893070119188,1.0520239268968472,0.9992344722314614,0.999432040345782,0.0024752999999999997,1.0,0.4937539902377792,0.022200000000000004,0.149553513097907,0.57,0.8556288707523761
0.23396377854576186,3.919354838709677e-5,38.28498162417986,-298.8930607618958,-301.913569838195,-0.04250852661277986,-0.49818771371609355,0.5113172212955375,0.5038687749918975,0.27341171677383586,0.1607198323758407,0.23865333634376887,0.2231186638417669,-0.01814058329622683,0.4889954296088752,0.8319850999575421,0.05044836089686299,-0.5191943675137405,0.33655766828432004,0.8061586845253388,1.2058267728450511,0.9761415217248177,1.0010633292390185,1.0436076954163336,1.0418099912488377,1.06066367393375,0.9992878061527795,0.9995508949421977,0.0024752999999999997,1.0,0.504874982168501,0.022200000000000004,0.149553513097907,0.57,0.8556288707523761
0.24344493522068753,3.919354838709677e-5,30.745503741769767,-295.5108303079404,-298.1438308969899,-0.07675782520762185,-0.3787402563463912,0.523689704575486,0.5020729959570269,0.24346026641435875,0.16607100230316044,0.23593428843511424,0.2075360148572696,-0.010103428827250377,0.47791380903627567,0.8052790467525037,0.08376983693370502,-0.5433297617122013,0.2852319829287282,0.7242252054178137,1.1845769613226778,0.9849295535966704,1.0012134579095384,1.0436370780473692,1.0476394452137314,1.0692252313669768,0.9993395385603424,0.9996652741670179,0.0024752999999999997,1.0,0.5159959740992227,0.022200000000000004,0.149553513097907,0.57,0.8556288707523761
0.25305300595378105,3.919354838709677e-5,24.295219809109426,-292.5835881657426,-294.91868893065975,-0.11022238348960023,-0.2639861550767516,0.5342189381176259,0.49884245955425205,0.22083512574185626,0.17031178066634203,0.2329553440097468,0.19513683990866112,-0.004443686745727592,0.46737766750781995,0.7847804837632392,0.11061572498518475,-0.5663932309792564,0.24978854617656138,0.6535734545502798,1.1634610773576948,0.9934641605381186,1.0013599731469376,1.0438477730352362,1.053294301822136,1.0775793070236965,0.999385593899357,0.9997735271641417,0.0024752999999999997,1.0,0.5271169660299445,0.022200000000000004,0.149553513097907,0.57,0.8556288707523761
0.26278323777222945,3.919354838709677e-5,18.926041132573232,-290.1202539242068,-292.23409959239166,-0.14283042349569164,-0.1529721980535446,0.5397348860732896,0.49380263039004313,0.20619865198149115,0.1726540478229608,0.23034238109464356,0.18576188265449675,-0.0010871954160186674,0.4581552165688163,0.7696749383497185,0.13056388977287703,-0.5875795336369054,0.2283949954579914,0.5936185598596363,1.1425042454997878,1.001713820191269,1.0015022303216154,1.0442827998480673,1.058749043003235,1.0856890944720592,0.9994321586654659,0.9998768835093429,0.0024752999999999997,1.0,0.5382379579606663,0.022200000000000004,0.149553513097907,0.57,0.8556288707523761
0.2726308172719081,3.919354838709677e-5,14.636637386682537,-288.1220049332221,-290.0893977194463,-0.17424473015914338,-0.04558962420990767,0.5458148662587238,0.4870968934047216,0.1981445630277879,0.174510926457332,0.22703775676713764,0.18010049156306254,0.0013622285420748664,0.4505570144154538,0.7607845826468067,0.14319746883774706,-0.6088483980222972,0.221859139015289,0.5452065264971153,1.1217051370469429,1.0096510589789987,1.001642110835122,1.0447101053516166,1.0640699936227662,1.0936617970805596,0.9994684725385927,0.9999749720980244,0.0024752999999999997,1.0,0.549358949891388,0.022200000000000004,0.149553513097907,0.57,0.8556288707523761
0.2825908729985017,3.919354838709677e-5,11.428369372662019,-286.6044430160157,-288.48526371243605,-0.20509045776979684,0.05761776540124736,0.5460488905988837,0.4792160960801249,0.1978454253733486,0.17430537473655752,0.22457368559610572,0.17703124124703193,0.0005296720617530394,0.44365225304973016,0.7574754129769865,0.14999340634608838,-0.6277823087271859,0.2294321308607098,0.5061742629959248,1.101107991113008,1.0171599035421137,1.0017714049707598,1.0455023176678058,1.0690084900335755,1.101030074627838,0.9995047903304002,1.0000511034661004,0.0024752999999999997,1.0,0.5604799418221098,0.022200000000000004,0.149553513097907,0.57,0.8556288707523761
0.29265847785734184,3.919354838709677e-5,9.294829581696376,-285.56303944747395,-287.41849381695323,-0.23467987481357147,0.15739318846266356,0.5471517306509855,0.46930723711068534,0.20444629350996704,0.17372953843161618,0.2211809005675187,0.17776525381404681,-0.0010802923071166932,0.43769603712974225,0.7596024937410932,0.1499931980003587,-0.6464170559447123,0.2513829039128043,0.4780434408037215,1.0806897258463637,1.0242312058227696,1.0018969748627904,1.0461876903368337,1.0737975767273025,1.1081849454413057,0.99952916926931,1.0001113441493976,0.0024752999999999997,1.0,0.5716009337528316,0.022200000000000004,0.149553513097907,0.57,0.8556288707523761
0.3028286515507688,3.919354838709677e-5,8.256171124072239,-285.0177783071803,-286.89916458814116,-0.26355043978450565,0.25213741735155665,0.5437344279264958,0.4581134557308533,0.2177715655658142,0.17141917427816664,0.2181975196564191,0.1810128030743294,-0.005139903315986402,0.4328318791846939,0.766936885465355,0.14391575236981172,-0.6632761504453594,0.2860612623512788,0.4595152445252571,1.0604948303891335,1.030909140598281,1.0020137738777244,1.0471377694717605,1.0782200183373745,1.1148383736245684,0.9995539855439308,1.0001674418414264,0.0024752999999999997,1.0,0.5827219256835534,0.022200000000000004,0.149553513097907,0.57,0.8556288707523761
0.31309636304181315,3.919354838709677e-5,8.342234347799604,-284.98475550800504,-286.94219620000484,-0.29140237015115444,0.3417696094457184,0.5384066002826663,0.44522475120339655,0.2375995853257428,0.16817647204526262,0.21493808028098646,0.18704002590765664,-0.010832422881310207,0.4287588706817342,0.7792325586271657,0.13194983367502106,-0.6790403496306172,0.3328692595376598,0.4507835124106709,1.040529028036807,1.0371556643716502,1.0021241632498654,1.0481424066872853,1.0823626636187837,1.12112501966805,0.9995746441456688,1.0002201474824617,0.0024752999999999997,1.0,0.5938429176142752,0.022200000000000004,0.149553513097907,0.57,0.8556288707523761
0.3234565330429751,3.919354838709677e-5,9.589769581600535,-285.4848267301629,-287.5659638169053,-0.31894050757987163,0.42607434470062183,0.5290957681219393,0.43159012738261004,0.26365294821842694,0.1631463166891164,0.21217326268394968,0.19579686165104193,-0.018738996150731085,0.42641139181282023,0.796974167963117,0.11397557423950115,-0.6938367999844548,0.39229305716917456,0.45153362281781184,1.0207942242842458,1.0429579983400812,1.0022250965418085,1.049512358746957,1.086125552676318,1.1268714882541935,0.9995949875470124,1.0002681211196236,0.0024752999999999997,1.0,0.6049639095449969,0.022200000000000004,0.149553513097907,0.57,0.8556288707523761
0.33390403652887574,3.919354838709677e-5,12.042230068196204,-286.54233680779026,-288.79219406020314,-0.3451665942400933,0.5054378791716473,0.5188657917082877,0.41615648091268115,0.2956553616289826,0.15744000616203258,0.20874475200917425,0.20715008379640923,-0.027930328367779665,0.42375446923509436,0.8181855754506929,0.09036973354897622,-0.7073427984125469,0.46281160974382846,0.46114144938255114,1.00133586242249,1.048300333607896,1.0023191357356664,1.050809582317995,1.0895923394633436,1.1322237496317498,0.9996101271431324,1.000313500701601,0.0024752999999999997,1.0,0.6160849014757187,0.022200000000000004,0.149553513097907,0.57,0.8556288707523761
0.3444337052715314,3.919354838709677e-5,15.749642396916784,-288.18103950165687,-290.64590022456343,-0.37112975280759364,0.5793974629120582,0.5068347483541966,0.3996068722095753,0.3330138887635277,0.15087614683053985,0.20548720687400615,0.22096694863837846,-0.038997116954632996,0.42218473836337705,0.8448181654753629,0.06171224904469735,-0.7204309475216818,0.5448379878755729,0.4797509685820037,0.9821375084302476,1.053133141803197,1.0024021411339907,1.05230098600112,1.0926256547695938,1.1369461873558482,0.9996221889733253,1.000355476892436,0.0024752999999999997,1.0,0.6272058934064405,0.022200000000000004,0.149553513097907,0.57,0.8556288707523761
0.3550403303970013,3.919354838709677e-5,20.768358503398417,-290.43044044615823,-293.15525827780425,-0.3965582721406273,0.64726603514566,0.4919988352546457,0.38206717902098053,0.3756369619628693,0.14298966729756912,0.20227830636472444,0.23712352794089092,-0.05175100615631304,0.4219412331924873,0.8760223460477811,0.028037855568823964,-0.7325801040258052,0.6369342020691406,0.5069196710013082,0.9632178055066716,1.057461855894712,1.0024757769473598,1.0540176959524616,1.0952918538898746,1.1411338510850948,0.9996323099529478,1.000393202726595,0.0024752999999999997,1.0,0.6383268853371622,0.022200000000000004,0.149553513097907,0.57,0.8556288707523761
0.36571866496214184,3.919354838709677e-5,27.16081455988433,-293.3246423549523,-296.3514863060472,-0.4209174432649753,0.7087997884116319,0.4750429771579289,0.36294576533433603,0.42379961727826637,0.13446844168423572,0.19905945597640082,0.2553416015583416,-0.06589401794326961,0.42126807747183126,0.9098192313511305,-0.011275240670437756,-0.7429713306839091,0.7385855969643144,0.5423606011242427,0.9445852609116244,1.0612605413036738,1.0025393329621894,1.055689619899799,1.0975603270522312,1.1447463362336099,0.9996391345233894,1.000427660356384,0.0024752999999999997,1.0,0.649447877267884,0.022200000000000004,0.149553513097907,0.57,0.8556288707523761
0.37646342655019266,3.919354838709677e-5,34.99530846563846,-296.8938345429133,-300.26873325892427,-0.44477764671341,0.7641737589062337,0.4563292758533186,0.3427137279015868,0.47649593587738515,0.12497589286959492,0.19569484905946125,0.2757173476902974,-0.08108624550844527,0.42187230424808625,0.9476946243992587,-0.054887379015720945,-0.7529825196246891,0.8489908625077771,0.5856569594120918,0.9262605821178342,1.0645225498541016,1.0025912757391335,1.0575331714272742,1.0993879941725662,1.1476966404335158,0.9996430543945724,1.0004585761426943,0.0024752999999999997,1.0,0.6605688691986058,0.022200000000000004,0.149553513097907,0.57,0.8556288707523761
0.3872692998839115,3.919354838709677e-5,44.34567595377462,-301.1730595924827,-304.94391700299235,-0.46900599126423054,0.813208695320156,0.4341903560366001,0.3231176826730727,0.5335249919448799,0.11351581854395676,0.19249538615075246,0.29820425880966406,-0.09919885622108682,0.4231519089999694,0.9897382166146097,-0.10213437446395898,-0.7618071233680163,0.9680088675228884,0.6355188031438614,0.9082520069497213,1.0672210223288021,1.0026336439206966,1.0598193218425314,1.1008677167471503,1.1501012128931396,0.9996467522791156,1.0004836114528546,0.0024752999999999997,1.0,0.6716898611293276,0.022200000000000004,0.149553513097907,0.57,0.8556288707523761
0.3981309394549647,3.919354838709677e-5,55.29091477497593,-306.1999633082768,-310.416536413593,-0.4919638430008258,0.8569526990596287,0.4122410037778514,0.3010755674981171,0.5949144764333587,0.10239302636879503,0.1889543636463981,0.3222706534355807,-0.11708919958289517,0.4246524272623367,1.0342601957603486,-0.15423161231206328,-0.7702623458468084,1.0956061207423688,0.6939386782611668,0.8905471872620152,1.0693615389913864,1.0026624363172374,1.0619623608011877,1.1018265001913339,1.1517319650318432,0.9996450330035059,1.0005081208755315,0.0024752999999999997,1.0,0.6828108530600494,0.022200000000000004,0.149553513097907,0.57,0.8556288707523761
0.4090429721682723,3.919354838709677e-5,67.91484642834268,-312.0179206579269,-316.7285022402764,-0.5142299004417421,0.8929071088359899,0.3883247781556535,0.2777072311709608,0.660391142148246,0.09055557828515061,0.1854223929601746,0.34808835735315996,-0.13589057303436208,0.42659524411876426,1.081286851345875,-0.21023105310212106,-0.7781070467106678,1.2297298249726918,0.7586024689267815,0.8731851986879348,1.070930050864123,1.002680766339171,1.064174806066644,1.102399585211321,1.1527667102445942,0.9996405279552427,1.0005289117549112,0.0024752999999999997,1.0,0.6939318449907712,0.022200000000000004,0.149553513097907,0.57,0.8556288707523761
0.41999999999999993,3.919354838709677e-5,82.30554720492785,-318.6661263661111,-323.92385262856897,-0.5359598493634886,0.922981069772948,0.3630176374597588,0.2537652043098648,0.728783614174695,0.07800178161798892,0.1818474498526223,0.37527343481902564,-0.155673621653741,0.4291033464430819,1.1308890045866742,-0.2695232356421755,-0.7851841461491754,1.3702908685096404,0.8301349161179106,0.8561584718022408,1.071933245392121,1.0026875447801096,1.0665684252689018,1.102552302011014,1.1531435928307332,0.9996335764314656,1.0005464129247423,0.0024752999999999997,1.0,0.7050528369214929,0.022200000000000004,0.149553513097907,0.57,0.8556288707523761
0.18,4.32258064516129e-5,102.61253741967892,-326.4733638440645,-334.0773477359445,0.15366911026335758,-1.3244805206536368,0.39986809897178927,0.5476467557161178,0.5269446437189913,0.11575538981792238,0.27313934701671916,0.35649377796001797,-0.08638950255533445,0.5954050572522871,1.0584725770066081,-0.24225105003126382,-0.2718212765544776,0.7465570139899683,1.5511099736846985,1.3277778612846813,0.9137095619978489,1.0000238253563123,1.0437022773768203,1.0011679106333145,1.0013619832142266,0.9987996348903512,0.9987361257543949,0.0024752999999999997,1.0,0.4381490305841703,0.022200000000000004,0.149553513097907,0.57,0.8556288707523761
0.18862353629575357,4.32258064516129e-5,88.39150566340766,-320.48661047409513,-326.96683185780887,0.11591857242536903,-1.1873549061831912,0.42758943463594556,0.5518385219566089,0.45647761344176835,0.12831750793928198,0.2693059571841356,0.32284288149409,-0.06756514850599601,0.5766494427353973,0.9996487710240335,-0.17253599068005454,-0.30633508325458925,0.6172355789547556,1.402625526392655,1.306418760952925,0.9232471767257554,1.0001655064713517,1.0426821811883165,1.006856621536657,1.0094461664213465,0.9988757908985286,0.9988781943862667,0.0024752999999999997,1.0,0.4492700225148921,0.022200000000000004,0.149553513097907,0.57,0.8556288707523761
0.197401105998178,4.32258064516129e-5,75.37475931567451,-314.9432116513908,-320.4584586839423,0.07875862006894987,-1.0527382319449416,0.45255776742260156,0.5548683364550311,0.39370077050254193,0.13933069652325553,0.2655741785197991,0.29261809557659435,-0.05142938321000156,0.5586077784372683,0.9474154462846387,-0.10924454475823028,-0.34022440530937953,0.5040581670049602,1.26564042384564,1.2851172778478253,0.9327474554353442,1.0003113080308257,1.04193756009592,1.0126672675393993,1.0177647068778484,0.9989509795405159,0.999016564662367,0.0024752999999999997,1.0,0.46039101444561387,0.022200000000000004,0.149553513097907,0.57,0.8556288707523761
0.20632836697123808,4.32258064516129e-5,63.525184329976355,-309.8408751444269,-314.5336711910932,0.042241710419268594,-0.9210002601425827,0.4744062850351049,0.5563958663571192,0.33883042165313726,0.1489054581202064,0.2621462759573505,0.2658813010034108,-0.037506298211034225,0.5415743410202686,0.9011519713043679,-0.0526796029660264,-0.3728658274834897,0.4066702558931529,1.1403832241719796,1.263863959341033,0.9421804487831658,1.000460141858898,1.0414339198181781,1.0185576452589422,1.0262554234752506,0.9990242206556851,0.9991506196252281,0.0024752999999999997,1.0,0.4715120063763356,0.022200000000000004,0.149553513097907,0.57,0.8556288707523761
0.21540090302880485,4.32258064516129e-5,52.81116784266442,-305.17912181395246,-309.17666294743725,0.006671955452494131,-0.7905006225458958,0.4940363548736854,0.5557873627436675,0.2917998758963461,0.15738074706929212,0.2581328344115772,0.24217665729149124,-0.024839642874440522,0.5262747431520816,0.8606948536664101,-0.002976563485844932,-0.4047012894815889,0.3244804497224581,1.0266994036047647,1.2427084966988295,0.9515192487544997,1.000610746841385,1.041093563232603,1.0244698666265575,1.0348461568444451,0.9990895974331199,0.9992801182321166,0.0024752999999999997,1.0,0.4826329983070574,0.022200000000000004,0.149553513097907,0.57,0.8556288707523761
0.2246142261192784,4.32258064516129e-5,43.20673412789586,-300.9565543289063,-304.37444609005297,-0.028094538999416878,-0.6633261210340773,0.5106674900053081,0.5536264593935891,0.25220611060693726,0.16448542252538234,0.25441750074140773,0.22193861983789615,-0.01421302263939771,0.5122115221001846,0.8261215347461627,0.039847868402626246,-0.43515761075326204,0.2573127578692565,0.9243633856720264,1.2216430280374624,0.960713759185613,1.0007619341053515,1.0409422052019643,1.0303690883620593,1.0434691478666147,0.9991524078985337,0.9994048661668167,0.0024752999999999997,1.0,0.4937539902377792,0.022200000000000004,0.149553513097907,0.57,0.8556288707523761
0.23396377854576186,4.32258064516129e-5,34.691575352692894,-297.1751108701168,-300.1168667024515,-0.062037320031063006,-0.5399011441763222,0.5250825233125926,0.5497652217365051,0.2206994073541481,0.1705152436548942,0.2507092381836833,0.20522265236269194,-0.005914572329350287,0.49840023076555706,0.7972873874991179,0.07656742508833683,-0.46442443128000477,0.205452597791907,0.8327561836009928,1.2006829210669299,0.969758565104745,1.0009125539407708,1.040965099484798,1.0362115288861837,1.0520587380639268,0.9992088927459015,0.9995239250428005,0.0024752999999999997,1.0,0.504874982168501,0.022200000000000004,0.149553513097907,0.57,0.8556288707523761
0.24344493522068753,4.32258064516129e-5,27.251157590757998,-293.8370368573763,-296.39665782148404,-0.09520102454732371,-0.42002012931344707,0.5360465428827103,0.5446774157902632,0.1965573344818495,0.1749091826499477,0.2469553102640687,0.19130485385970822,0.0003324480888361109,0.48649389020805756,0.7747897917925735,0.1064382817940209,-0.49249544451816535,0.16786671487463575,0.7523621720135382,1.179844559509976,0.978610491394394,1.0010630721026066,1.0412165945355614,1.0420165520467213,1.0606414321653777,0.9992647683780682,0.9996384261431732,0.0024752999999999997,1.0,0.5159959740992227,0.022200000000000004,0.149553513097907,0.57,0.8556288707523761
0.25305300595378105,4.32258064516129e-5,20.876747011056864,-290.94886621452304,-293.2094525316335,-0.12723677529215718,-0.3031512109562247,0.54489623820733,0.5380691410755646,0.17876496818280319,0.17817689458534983,0.24324512386159464,0.18078379535271616,0.004940001720941868,0.4754245384396098,0.7571674766504384,0.12941248742806363,-0.5188030166716041,0.14419122302284898,0.6830203527794826,1.1591438733923924,0.9872269556109095,1.0012119081360662,1.0415608397275962,1.0477182144028403,1.069126955895174,0.9993154747052603,0.9997480253013721,0.0024752999999999997,1.0,0.5271169660299445,0.022200000000000004,0.149553513097907,0.57,0.8556288707523761
0.26278323777222945,4.32258064516129e-5,15.565523817102758,-288.51568181425023,-290.5538409346564,-0.1587446997263262,-0.19053391011223358,0.5505775514601458,0.5299888154465587,0.16909621275890496,0.18004846144914224,0.239657236579935,0.1733185599173503,0.007228691225296174,0.46562700286141945,0.7458259493367518,0.14602599384821868,-0.5443017933219477,0.1351313393760127,0.6239912388996166,1.1385868102805332,0.9955831433977468,1.0013570115701058,1.042156226748283,1.0532500063114087,1.077398479960051,0.9993633740151098,0.9998522468398023,0.0024752999999999997,1.0,0.5382379579606663,0.022200000000000004,0.149553513097907,0.57,0.8556288707523761
0.2726308172719081,4.32258064516129e-5,11.320631041230627,-286.54590835654477,-288.43139454672036,-0.1890543387085484,-0.0818341435631399,0.5556989214748971,0.519974636426521,0.16568718451229922,0.1813081307319544,0.23570100824395376,0.1695022072869761,0.008286283789502106,0.4565956636731873,0.7394881220376517,0.15641384531409164,-0.5684249164817263,0.13906045586469115,0.5756080595146431,1.1181975023348554,1.0036235205394017,1.0015001211283974,1.0427003248456463,1.0586679721335797,1.0855549811867395,0.9994022374653074,0.9999512936385229,0.0024752999999999997,1.0,0.549358949891388,0.022200000000000004,0.149553513097907,0.57,0.8556288707523761
0.2825908729985017,4.32258064516129e-5,8.150653866607172,-285.05225457098794,-286.8464059594086,-0.21863871150066005,0.022145170744167636,0.555805842085687,0.509079515286004,0.16967983032317735,0.18072378968205208,0.23220130274970735,0.16780622539421866,0.006729787293350497,0.44903667252831664,0.7388687846481439,0.16087417976531895,-0.5905756038749568,0.15585596735808607,0.5372630188834993,1.097979074209226,1.0113750921323459,1.0016359159906383,1.0435778488895204,1.0638019377619916,1.0932934872860978,0.9994425381798674,1.000038534408187,0.0024752999999999997,1.0,0.5604799418221098,0.022200000000000004,0.149553513097907,0.57,0.8556288707523761
0.29265847785734184,4.32258064516129e-5,6.053479815247215,-284.03832151187385,-285.79781893372865,-0.24749515215018753,0.12271739222626114,0.5518035015390114,0.4975180630125891,0.18035071967111785,0.17844374119924372,0.2293287193934685,0.16882883498336565,0.003023121469820138,0.44349280643827405,0.7440195083412208,0.15892509791741158,-0.6111054067372301,0.18565380019668573,0.5085961237708833,1.0779428517676977,1.0186174767647667,1.0017623192783718,1.0447771781743977,1.0686213874138704,1.1004962964044067,0.9994792500812398,1.0000981887584066,0.0024752999999999997,1.0,0.5716009337528316,0.022200000000000004,0.149553513097907,0.57,0.8556288707523761
0.3028286515507688,4.32258064516129e-5,5.045305043504982,-283.5138969796009,-285.29373154785753,-0.2750043463481529,0.21929150052948498,0.5496087138679019,0.48356837987831375,0.19679427208204817,0.17607837146483357,0.22514691670849127,0.17355448517063515,-0.0014202135291273912,0.43735461362019173,0.7530306326236593,0.15081621898553055,-0.630877608718632,0.22835842114685329,0.4898166504291316,1.0581168458501868,1.0254872024404509,1.0018846312859702,1.0456935216858796,1.0732418014764917,1.1074644637436908,0.9995036074446617,1.0001555863404452,0.0024752999999999997,1.0,0.5827219256835534,0.022200000000000004,0.149553513097907,0.57,0.8556288707523761
0.31309636304181315,4.32258064516129e-5,5.157655700519399,-283.4994120931929,-285.34990687636474,-0.3018407623536111,0.3104002647834231,0.5435943933806556,0.4685144753914147,0.21953750818440412,0.17241100894150424,0.22145055684877285,0.18051160744767486,-0.007997237778131001,0.43267781964551083,0.7673613209124442,0.1373595483123792,-0.6492406059495148,0.2820063203535239,0.4802456056282844,1.0385135314043437,1.0319603493501146,1.0019997558685778,1.046849562011019,1.0775625539831948,1.1140217325280928,0.99952771255059,1.0002088757561738,0.0024752999999999997,1.0,0.5938429176142752,0.022200000000000004,0.149553513097907,0.57,0.8556288707523761
0.3234565330429751,4.32258064516129e-5,6.428440029699573,-284.0135666963451,-285.9852990409548,-0.3289393559036097,0.39622421256281076,0.5328390168595283,0.45333497405240525,0.2481215392426273,0.16663922192205718,0.21841334293078976,0.18975729797706734,-0.017174469966110877,0.43044970836341473,0.7879535838057193,0.11842350190946786,-0.6667768751125885,0.34809997954263777,0.47987514764818523,1.0191270017394134,1.0379987914440616,1.0021068976912864,1.048552489667809,1.0815706997308563,1.1201230518171332,0.9995536437501458,1.000256744023565,0.0024752999999999997,1.0,0.6049639095449969,0.022200000000000004,0.149553513097907,0.57,0.8556288707523761
0.33390403652887574,4.32258064516129e-5,8.901815172631927,-285.0850720358863,-287.221986612421,-0.3538213886030926,0.47783066124014456,0.5229659108174888,0.43536276210532665,0.28253748630227726,0.16082437877999492,0.21423711764647274,0.2021897033988426,-0.02635074294939522,0.42679230151204095,0.8097126701955064,0.09355221187472021,-0.6824045104577382,0.42406193192314895,0.4884357941006576,0.9999953949703152,1.0435759997281726,1.0022072669635447,1.049834227090247,1.0852744327151007,1.1258369706431737,0.9995702186236786,1.0003036834883479,0.0024752999999999997,1.0,0.6160849014757187,0.022200000000000004,0.149553513097907,0.57,0.8556288707523761
0.3444337052715314,4.32258064516129e-5,12.628187303294567,-286.7357449969782,-289.0851726777523,-0.378605562382215,0.5529579192739452,0.5105411056981872,0.4171103454874412,0.32181066032711014,0.15404169173740054,0.21053839443851022,0.21647457583150076,-0.03786763713715448,0.42442707640453786,0.8371776034965166,0.06397106399920081,-0.6975924470483378,0.5105318383355458,0.5055178340376654,0.9811209989391168,1.0487006626779485,1.0022962764074137,1.0514007083715646,1.0885403423639293,1.130902638597875,0.9995853622767334,1.000346186755163,0.0024752999999999997,1.0,0.6272058934064405,0.022200000000000004,0.149553513097907,0.57,0.8556288707523761
0.3550403303970013,4.32258064516129e-5,17.663804544812365,-288.995705217269,-291.6029812985112,-0.4027443521872289,0.6226089278029068,0.4950240001122079,0.39823226437555037,0.36606950322131204,0.1458042205150277,0.2069885764851704,0.23301565235672594,-0.051049385358936356,0.42305004167837856,0.8683366529643121,0.029550470143139742,-0.7114748815022451,0.6063654283933985,0.5307252157696251,0.9625142560963977,1.0533060111770134,1.0023769883006632,1.053203791870713,1.0914794768130474,1.1354946507460555,0.9995992796888873,1.0003842788379038,0.0024752999999999997,1.0,0.6383268853371622,0.022200000000000004,0.149553513097907,0.57,0.8556288707523761
0.36571866496214184,4.32258064516129e-5,24.07050420813698,-291.89357625721055,-294.80633113017353,-0.4264361025411002,0.6859760900972101,0.47826504874226905,0.3776181243413855,0.4153939385924919,0.13703104227777965,0.2030825564752526,0.25153342186256117,-0.0654313806024617,0.4223999803201395,0.9037614211945629,-0.009623245061757634,-0.7248771450195355,0.7121460646148318,0.5642506771898785,0.9441781660998303,1.0574162488330208,1.0024474324521506,1.055051247119319,1.0940203202491285,1.1395008599415217,0.9996087492763178,1.0004196051417398,0.0024752999999999997,1.0,0.649447877267884,0.022200000000000004,0.149553513097907,0.57,0.8556288707523761
0.37646342655019266,4.32258064516129e-5,31.915360485511655,-295.46457108545866,-298.72875926886087,-0.4496086312148548,0.743487241290051,0.45913622665451065,0.3562269005382083,0.46905357816655563,0.12723745417860033,0.19944442787864572,0.27223382929064294,-0.08123906144828703,0.42236105378739824,0.9423812598809541,-0.05335043108631886,-0.737077077428795,0.8262421287447675,0.605490557731263,0.9261285079890195,1.0609631169141525,1.002507346472584,1.057042833182068,1.0961600056364462,1.1429065385450219,0.9996160755941575,1.0004510272383833,0.0024752999999999997,1.0,0.6605688691986058,0.022200000000000004,0.149553513097907,0.57,0.8556288707523761
0.3872692998839115,4.32258064516129e-5,41.270286869158554,-299.7425666713715,-303.4062224606843,-0.47236034798027554,0.7948331368720438,0.4382985053694827,0.3344766943553915,0.5266553121555615,0.11644255887806307,0.19567760041685467,0.29464016784713154,-0.09841697072161695,0.4229645759137163,0.9843007839947154,-0.10084774191651517,-0.7486633181053807,0.9481671341696806,0.6538041212747319,0.9083816982433083,1.0639932767518152,1.0025559419063745,1.0592400287978696,1.0978755404914606,1.1456669851011145,0.999620933708984,1.0004785631477986,0.0024752999999999997,1.0,0.6716898611293276,0.022200000000000004,0.149553513097907,0.57,0.8556288707523761
0.3981309394549647,4.32258064516129e-5,52.21164543549446,-304.7647483252048,-308.8769017438523,-0.4946014596014924,0.8396359037969707,0.415844515849077,0.31142251075927985,0.5882320507131626,0.10503165731546409,0.19195756127276184,0.31889012185262045,-0.11671352897864092,0.423863774455893,1.0290478736763677,-0.15227423303875906,-0.7591017367686816,1.0779212559402909,0.7094520594058933,0.8909311466847287,1.0664392290658418,1.0025937919655867,1.06153517633095,1.0991887858632212,1.147814994717223,0.999622589567034,1.000502932222255,0.0024752999999999997,1.0,0.6828108530600494,0.022200000000000004,0.149553513097907,0.57,0.8556288707523761
0.4090429721682723,4.32258064516129e-5,64.81986629593041,-310.5691558921034,-315.18101217407025,-0.516628471517892,0.8779820420990995,0.391473608257908,0.28751530300190276,0.653768412146829,0.09273865438415267,0.18811664628492525,0.34486220850246313,-0.13617531078935863,0.4253020778078912,1.0766312935034899,-0.20780238650040384,-0.7689859044208222,1.2144312158638517,0.771603575161101,0.8738011481895201,1.0683371565090638,1.002619744409895,1.0639232820086058,1.1000671647156337,1.1492852182806705,0.9996215702963359,1.0005236656850713,0.0024752999999999997,1.0,0.6939318449907712,0.022200000000000004,0.149553513097907,0.57,0.8556288707523761
0.41999999999999993,4.32258064516129e-5,79.17909826910511,-317.1945771528883,-322.3606281606576,-0.5388962176460473,0.9099371684458922,0.3651320085434539,0.26415000770577085,0.7232518798797992,0.07932094916723822,0.1843841525531811,0.37264192970845517,-0.1573539396639339,0.4269766348084923,1.126857474123293,-0.2665688614679275,-0.7777167077947479,1.3570838584146871,0.8404526495450965,0.8569684291492528,1.0696571671975788,1.0026346202950758,1.066528754396288,1.1005541804017793,1.1501247601655102,0.9996187845927744,1.0005398464943382,0.0024752999999999997,1.0,0.7050528369214929,0.022200000000000004,0.149553513097907,0.57,0.8556288707523761
0.18,4.7258064516129025e-5,98.45368054917401,-324.6765673420789,-331.99791930069205,0.12679237091413056,-1.3635455042733153,0.43062013036973285,0.6197513298811506,0.421887678494068,0.13428394049365236,0.292112358775823,0.32248808413101954,-0.059637009911659676,0.6138236729969909,0.9914400423500972,-0.18862892124984512,-0.18154405404845744,0.4977808804628843,1.5619301832233659,1.318227905768735,0.9087431056096821,0.9999123996802712,1.0391097446952327,0.9974653599178549,0.995016440373026,0.9987090965012317,0.9987118587761337,0.0024752999999999997,1.0,0.4381490305841703,0.022200000000000004,0.149553513097907,0.57,0.8556288707523761
0.18862353629575357,4.7258064516129025e-5,84.62420095677305,-318.8143249380395,-325.08317950449157,0.08999788197444786,-1.2269704779580455,0.455291441245311,0.6193540974636466,0.36067146107089026,0.14500053461051632,0.2873436968529088,0.29206060220765007,-0.0441338744550468,0.5932511363513416,0.9386883356793034,-0.12511965563288918,-0.22108785175465848,0.3892092619295145,1.417394487224259,1.2973436279860109,0.918203229666335,1.0000516127029284,1.0383950528909902,1.0030091108605117,1.0029579390668548,0.9987923771432864,0.9988540495019995,0.0024752999999999997,1.0,0.4492700225148921,0.022200000000000004,0.149553513097907,0.57,0.8556288707523761
0.197401105998178,4.7258064516129025e-5,71.93042310299415,-313.3787862340664,-318.7362905776021,0.05410117042065792,-1.091718803634253,0.4778024686415543,0.6171938288527997,0.30697135653154684,0.15464997720698803,0.2823318793479476,0.264757877577421,-0.03017324745644014,0.574426821354785,0.8920584101261615,-0.06783527142715645,-0.2595971451533723,0.29567094849561715,1.2841814229889894,1.276517820028813,0.927650083781665,1.0001950379704916,1.0378958397498128,1.0086681884419053,1.011138944314395,0.9988682190217877,0.9989918150991556,0.0024752999999999997,1.0,0.46039101444561387,0.022200000000000004,0.149553513097907,0.57,0.8556288707523761
0.20632836697123808,4.7258064516129025e-5,60.34432036725343,-308.36882828533345,-312.94323920973176,0.01885549251178984,-0.9587382201101616,0.4974659809418911,0.6139550913142681,0.2608536713825084,0.1629356755691793,0.2776923106348994,0.2407925440248029,-0.0184259149733239,0.5564684618228017,0.8512434398533951,-0.016925557207777803,-0.2969264146208388,0.2169156202795675,1.162102797847202,1.255755166111057,0.9370554085500866,1.0003419019147035,1.0376413491353467,1.0144253236058993,1.0195154283745709,0.9989431640141558,0.9991260107619749,0.0024752999999999997,1.0,0.4715120063763356,0.022200000000000004,0.149553513097907,0.57,0.8556288707523761
0.21540090302880485,4.7258064516129025e-5,49.84280878622246,-303.78492437051955,-307.6924834192163,-0.01548859843475131,-0.8277520473378112,0.5148832470688126,0.6091403984035079,0.2212235105186493,0.1701183063849192,0.27293076912307546,0.21991653125637167,-0.0078342381941273,0.5403523756143037,0.8156817944585854,0.027171504122122117,-0.33288263499864823,0.15208739706302532,1.0511724193317575,1.2350964786977945,0.9463701735713113,1.0004912947304065,1.0375250518870536,1.0202397272511037,1.0280353284644825,0.9990124052088101,0.9992557168071645,0.0024752999999999997,1.0,0.4826329983070574,0.022200000000000004,0.149553513097907,0.57,0.8556288707523761
0.2246142261192784,4.7258064516129025e-5,40.40783032964623,-299.62868917806736,-302.97499419092816,-0.048975998619803146,-0.6997210502376036,0.5296304676226358,0.6031256534450852,0.18905936269410065,0.17598331020435373,0.26823053464387075,0.20221323493891744,0.0006227506520023184,0.5250693451580084,0.7857603955985734,0.06515686678845381,-0.36748337219001487,0.10139485702164708,0.9509373645028815,1.2145292940340229,0.9555724902536661,1.0006418388885698,1.0376078577460075,1.0260646831656566,1.03662008563258,0.9990785201583565,0.9993808619891711,0.0024752999999999997,1.0,0.4937539902377792,0.022200000000000004,0.149553513097907,0.57,0.8556288707523761
0.23396377854576186,4.7258064516129025e-5,32.02637569908052,-295.9021544957852,-298.7842668756453,-0.08180896853580481,-0.5757507401142004,0.5414327837753584,0.5958954385876895,0.16427329124334783,0.18050849379930442,0.2638239396575373,0.1875252718222174,0.006640443492020584,0.5108621387403198,0.7621159715747368,0.09694254985056183,-0.4007119562277588,0.06558452082504576,0.8615034244148742,1.1940611570205162,0.9646377435350864,1.0007924066658649,1.0379463335859382,1.031863354445545,1.0452053913112647,0.9991426477564349,0.9995008564218677,0.0024752999999999997,1.0,0.504874982168501,0.022200000000000004,0.149553513097907,0.57,0.8556288707523761
0.24344493522068753,4.7258064516129025e-5,24.690547261780353,-292.61203103163217,-295.1163526569952,-0.1135558598837698,-0.4540968474267883,0.5513723091924349,0.5868367393374192,0.14590251887485955,0.18406729889872722,0.25904875995647536,0.1759906514322206,0.011438219004599699,0.49803148032284145,0.7434516921193045,0.12260035515198345,-0.4326205359009857,0.04232904776218203,0.7823009982417792,1.1737322657680733,0.9735236140021336,1.000943796968513,1.038346510552913,1.0376548144470186,1.0538365643102858,0.9991991122423766,0.9996160461384809,0.0024752999999999997,1.0,0.5159959740992227,0.022200000000000004,0.149553513097907,0.57,0.8556288707523761
0.25305300595378105,4.7258064516129025e-5,18.397664310054324,-289.76285324396775,-291.9699111811322,-0.1446659406852959,-0.3369265439615402,0.5577922710511577,0.5769680902202299,0.13427443726818755,0.18607758562038532,0.2547096593709233,0.16706837648204653,0.013926931023232444,0.48679477778802865,0.7309634884217122,0.1419178297773068,-0.4631570393527813,0.03299583048126987,0.7137771637082369,1.153520652829924,0.9821943545832945,1.0010928048990249,1.0390386532692624,1.0433318400724367,1.062330994932372,0.9992564352904567,0.99972611591528,0.0024752999999999997,1.0,0.5271169660299445,0.022200000000000004,0.149553513097907,0.57,0.8556288707523761
0.26278323777222945,4.7258064516129025e-5,13.150245636753311,-287.3645603381866,-289.3462018444817,-0.1746736143677784,-0.22242102113099158,0.5630590096287598,0.5655112902377789,0.1295725058768424,0.18732673105697892,0.2501175399383379,0.16179816776504133,0.015084196530040209,0.4758213166601749,0.7225357352410632,0.15516651645041638,-0.4921017291928172,0.03625985501746319,0.6552775818516678,1.1334620621025655,0.9906422674108293,1.001240604269366,1.0397150894767584,1.0489264981383433,1.0707553803883654,0.99930444822283,0.9998313648590674,0.0024752999999999997,1.0,0.5382379579606663,0.022200000000000004,0.149553513097907,0.57,0.8556288707523761
0.2726308172719081,4.7258064516129025e-5,8.956132349513496,-285.4260477661597,-287.2491452008618,-0.20382418507741032,-0.11257559853825702,0.5648348094062924,0.5531297235572611,0.13134467785026785,0.1870726678908614,0.24579850746013013,0.159048477164577,0.014239021892545235,0.46629940583018664,0.7194482819594763,0.16216341649509064,-0.5194202638715321,0.052192774521842324,0.6070012621807874,1.113550627853804,0.9988094307884489,1.0013843775181834,1.040616953485637,1.0543430764122033,1.0789491859728693,0.9993523477491896,0.9999312165552594,0.0024752999999999997,1.0,0.549358949891388,0.022200000000000004,0.149553513097907,0.57,0.8556288707523761
0.2825908729985017,4.7258064516129025e-5,5.82843804570598,-283.95876699080475,-285.68529804895803,-0.23213598106162034,-0.0072738576528194225,0.5643986559500788,0.5393391801407377,0.13967912058667642,0.18579651132838637,0.24141693185190144,0.15918281806785547,0.011670103345156963,0.45760205020819017,0.7212216902798494,0.16353170367027173,-0.5453641630440297,0.08008028322212059,0.5683772322351719,1.0938118017324236,1.0066948939642535,1.0015244732039406,1.0416179028007155,1.0595941196883056,1.0869322449494123,0.9993952547187626,1.0000255209762112,0.0024752999999999997,1.0,0.5604799418221098,0.022200000000000004,0.149553513097907,0.57,0.8556288707523761
0.29265847785734184,4.7258064516129025e-5,3.77407156640254,-282.97049218381323,-284.6581148093063,-0.2593829057255637,0.09439769870258148,0.5626761274694432,0.5243011273765487,0.15340206336466863,0.1838333572865012,0.2369548749681939,0.1619439611832442,0.007582337745646208,0.45056132686316747,0.7288019489878736,0.15954740007491724,-0.5700772841232933,0.11953302331188834,0.5390922733868806,1.0742584644159774,1.014064698256279,1.0016545700498751,1.0426750379890826,1.0645230927625926,1.09434539905268,0.9994280958989324,1.0000886354156615,0.0024752999999999997,1.0,0.5716009337528316,0.022200000000000004,0.149553513097907,0.57,0.8556288707523761
0.3028286515507688,4.7258064516129025e-5,2.8037835070496158,-282.47026515509975,-284.17297077962985,-0.2863584981622749,0.1919878626167575,0.5572602490228541,0.5085634246851762,0.17333467588747278,0.18010155844110803,0.2327918845209918,0.16728503765693847,0.0014680934264843944,0.4447040029607488,0.7410380317205185,0.1494336556459706,-0.5931368314663965,0.17176558179455917,0.5192317219963221,1.0548779713370444,1.0210944090115528,1.00177955428165,1.0440508678058391,1.0692422546071059,1.1014661675802735,0.9994609697041145,1.0001456944336673,0.0024752999999999997,1.0,0.5827219256835534,0.022200000000000004,0.149553513097907,0.57,0.8556288707523761
0.31309636304181315,4.7258064516129025e-5,2.949993773278834,-282.47788694652803,-284.24607591274446,-0.31215161482740783,0.28456817167145587,0.5498245841373803,0.49160794840154826,0.1988540840885004,0.17552924851202512,0.22865591872815882,0.17519399002118968,-0.006182502529945626,0.43933270619617326,0.7571684133683373,0.13398741025515112,-0.6145364240930781,0.233877797366315,0.5084125855501007,1.0357105041038528,1.0277217872893802,1.0018980253032421,1.04544651102493,1.0736831202756685,1.1082145168853483,0.9994897131555684,1.0001991000919321,0.0024752999999999997,1.0,0.5938429176142752,0.022200000000000004,0.149553513097907,0.57,0.8556288707523761
0.3234565330429751,4.7258064516129025e-5,4.250591246615727,-283.01191599312887,-284.8963746494129,-0.3373479383541011,0.37189410471548406,0.5406284289814547,0.4737170777292956,0.22995344961198183,0.17010755483937412,0.22450982311413892,0.18551076019585452,-0.015341668265860683,0.43503750901592864,0.7779561927818417,0.11354097014995912,-0.6348315228037826,0.30610075166416867,0.5067953095027687,1.0167528982036775,1.0339387023334852,1.0020103397437028,1.0469492182302529,1.0778677379842316,1.1146109265854223,0.9995144690208075,1.000248975777205,0.0024752999999999997,1.0,0.6049639095449969,0.022200000000000004,0.149553513097907,0.57,0.8556288707523761
0.33390403652887574,4.7258064516129025e-5,6.7488319573650415,-284.09724438231603,-286.14549500478756,-0.36178674086935403,0.45399925031883764,0.5293693584577267,0.4544142655598555,0.2664515611739615,0.16367069532137782,0.22019376542310115,0.19823734267769064,-0.025896610694687582,0.43143793804001634,0.8026110666919737,0.0879002644073053,-0.65383695070542,0.3884649330761721,0.5136609009721526,0.9980197820073022,1.0397388536665946,1.0021138372775307,1.0485434211142959,1.0816978586480106,1.1205038379554835,0.9995356971969526,1.0002954469660692,0.0024752999999999997,1.0,0.6160849014757187,0.022200000000000004,0.149553513097907,0.57,0.8556288707523761
0.3444337052715314,4.7258064516129025e-5,10.493336591553998,-285.7582881972278,-288.01774732188204,-0.385630911980256,0.5307789843344755,0.5153599260753755,0.4342907464269937,0.30784754100048006,0.15582717205036767,0.21576422396809158,0.21312937770973064,-0.037858207940882106,0.4292295700808391,0.8312967398856709,0.05761732511025264,-0.67140178423903,0.47987592606537355,0.5289331641767215,0.9795213941050472,1.045069817266236,1.0022095767506063,1.0503468758929924,1.085219580786252,1.1259537597032718,0.9995551457848457,1.0003378222409451,0.0024752999999999997,1.0,0.6272058934064405,0.022200000000000004,0.149553513097907,0.57,0.8556288707523761
0.3550403303970013,4.7258064516129025e-5,15.538061534994085,-288.0219304799332,-290.5401097936021,-0.409169658472523,0.6019967747489687,0.5004141011313221,0.41371790614596277,0.35377825437560473,0.14773094267038764,0.21183949161086954,0.2301320768257301,-0.05172361400467729,0.42676111720216986,0.8638301745025216,0.022482050809181645,-0.6880813175430388,0.5807800994935096,0.5524645235362338,0.9612674234467293,1.0498884627394798,1.002294637795404,1.0522060382573348,1.0883275626955635,1.1307944006243886,0.9995704971112683,1.000377152604349,0.0024752999999999997,1.0,0.6383268853371622,0.022200000000000004,0.149553513097907,0.57,0.8556288707523761
0.36571866496214184,4.7258064516129025e-5,21.94230932902883,-290.9191685791187,-293.74223369061946,-0.4319134249945131,0.6671527551392928,0.4827238302629458,0.3921191482576304,0.40405419898766337,0.1384426396130606,0.20794510725309012,0.2491676931527472,-0.0667077294317499,0.42565004257092665,0.8997168664126918,-0.017299887913882907,-0.703270372207198,0.689128337599254,0.5838892921276775,0.9432689035180368,1.0542429678242806,1.002370491612529,1.0541948878912535,1.091077924766201,1.1351097159048664,0.9995838540055834,1.0004122841433005,0.0024752999999999997,1.0,0.649447877267884,0.022200000000000004,0.149553513097907,0.57,0.8556288707523761
0.37646342655019266,4.7258064516129025e-5,29.770618051700808,-294.4803006383589,-297.65638805195545,-0.4539631568251645,0.7260769468793288,0.4639663251922258,0.369109079932519,0.4591698531286793,0.12867821064881657,0.2035757307732599,0.2698386756108648,-0.08255212568401467,0.424831234142961,0.9386160648460878,-0.061469772011392504,-0.7172992172586055,0.8059718893266824,0.6235180450341302,0.9255297312783076,1.05803197716957,1.0024378042534643,1.0561815848347007,1.0934962568932425,1.1389377519478598,0.9995927376368076,1.0004449062823073,0.0024752999999999997,1.0,0.6605688691986058,0.022200000000000004,0.149553513097907,0.57,0.8556288707523761
0.3872692998839115,4.7258064516129025e-5,39.09265734848941,-298.7405390281293,-302.31740770034975,-0.47583802547781046,0.7789535122606708,0.4429004519192701,0.34549847923499216,0.5180218401100153,0.11784344795367961,0.1993498399044032,0.2923827385279928,-0.09978473122289648,0.4248469578014855,0.9807199982151703,-0.10985641229175629,-0.7304108061855253,0.9301088787972743,0.6700176157512745,0.9080684009726344,1.0613114970813824,1.0024922097989124,1.0583392292930025,1.095434785838992,1.142030082232515,0.9995996228298705,1.0004734041892802,0.0024752999999999997,1.0,0.6716898611293276,0.022200000000000004,0.149553513097907,0.57,0.8556288707523761
0.3981309394549647,4.7258064516129025e-5,49.98297607240556,-303.7354967038257,-307.7625670623078,-0.49786854350672044,0.8259872631012384,0.4192669564688836,0.3226438903116713,0.5796587907048257,0.10550913109264018,0.19545569886533284,0.3168537302363148,-0.1191567148429344,0.4255682631255778,1.0261287074007701,-0.161141048403546,-0.7420310611853557,1.0605063590826416,0.7230305730995251,0.8908954868109783,1.0640361341853828,1.0025362404695648,1.0608385858126987,1.0969996889513467,1.1445312996237302,0.999605867132831,1.0004964724630214,0.0024752999999999997,1.0,0.6828108530600494,0.022200000000000004,0.149553513097907,0.57,0.8556288707523761
0.4090429721682723,4.7258064516129025e-5,62.52063522597712,-309.50157599493156,-314.0313966390936,-0.5191539828145283,0.8657735261795908,0.39542771447326586,0.2979665021883704,0.645841963405274,0.09315829319457666,0.19107856178331112,0.34272891991479465,-0.13872306206012078,0.42663889799155696,1.07414575194944,-0.21597385104999137,-0.7532875355975585,1.19811356209903,0.7833192558138133,0.8740108504996416,1.0662080821191577,1.0025694289754967,1.063287883292048,1.0981546067198749,1.1464145999746949,0.9996067103814535,1.0005180182904267,0.0024752999999999997,1.0,0.6939318449907712,0.022200000000000004,0.149553513097907,0.57,0.8556288707523761
0.41999999999999993,4.7258064516129025e-5,76.78879750150509,-316.08146872781253,-321.1654777768576,-0.5395944551846279,0.8991412371083388,0.37057549872685447,0.271987361583077,0.7154113935247395,0.08060851686749725,0.18669475573787597,0.369879090366951,-0.15876870006425947,0.427624831263377,1.1238089532498856,-0.2747734595832033,-0.7644598983397098,1.3416774132418199,0.8498414949469892,0.8574289961227758,1.067794969847466,1.0025899958249713,1.0657549551227756,1.0988415686306907,1.1475788213546818,0.9996039541941999,1.0005371807446746,0.0024752999999999997,1.0,0.7050528369214929,0.022200000000000004,0.149553513097907,0.57,0.8556288707523761
0.18,5.129032258064516e-5,95.13015675406962,-323.23624666909694,-330.33615740313985,0.09816281723833402,-1.3998098871844409,0.46027899292952856,0.6931590460780122,0.30980765059390586,0.15232820935309035,0.3128083055773508,0.28631437656337205,-0.03307410336583166,0.6326303242841608,0.9187382846103719,-0.13785178698400746,-0.08446909460506223,0.2313043599305235,1.582746881346771,1.3067376001798818,0.9046734115294941,0.9998219134280822,1.033340271816234,0.9946108276828696,0.9898672422843452,0.9986369706545799,0.9986907014584486,0.0024752999999999997,1.0,0.4381490305841703,0.022200000000000004,0.149553513097907,0.57,0.8556288707523761
0.18862353629575357,5.129032258064516e-5,81.6586002179929,-317.4911051569628,-323.6003791351015,0.0628774293423006,-1.2618098122372687,0.48235053330173133,0.6870764472746005,0.2582989543680274,0.16151077198390337,0.30677518024285133,0.2592594741953858,-0.020148145750962618,0.6116837514036562,0.8732650977769841,-0.08106076165309231,-0.12965404441791417,0.14625423739521873,1.4422263217378934,1.2864398383193538,0.9140867507783196,0.9999587978442894,1.0329610999582601,1.0000018901458656,0.9976740524897255,0.9987197101288783,0.9988327031995247,0.0024752999999999997,1.0,0.4492700225148921,0.022200000000000004,0.149553513097907,0.57,0.8556288707523761
0.197401105998178,5.129032258064516e-5,69.2592809333654,-312.15736517857187,-317.40071949278774,0.028259051026504042,-1.1253632999386385,0.5016956129967218,0.6798736792876202,0.21397602512074593,0.1693886376825211,0.3007360274957687,0.2351005805024501,-0.008847169563592404,0.5917280097934755,0.8327036868989008,-0.030141278901915286,-0.1732460355423782,0.07488147152386518,1.312272757356885,1.2662187804757008,0.923497687788156,1.0001002059857755,1.032788940857915,1.0055309651164963,1.0057383175281505,0.9988012039191027,0.9989715548738416,0.0024752999999999997,1.0,0.46039101444561387,0.022200000000000004,0.149553513097907,0.57,0.8556288707523761
0.20632836697123808,5.129032258064516e-5,57.91316685943775,-307.23274912683877,-311.7276624558239,-0.005516598029660681,-0.9914425849821928,0.5190107714729749,0.6718753851802642,0.17618393556664375,0.17622926234786815,0.2950684921916858,0.2141750702810492,0.0007615009443446612,0.5733586539433408,0.7979562201171397,0.014363147726907591,-0.2158119330732764,0.017214446662822167,1.1932107034739987,1.246071951714793,0.9328669486841837,1.000245509102459,1.0328238464375883,1.0111731242563895,1.0140240913271168,0.9988783058936374,0.9991058646463833,0.0024752999999999997,1.0,0.4715120063763356,0.022200000000000004,0.149553513097907,0.57,0.8556288707523761
0.21540090302880485,5.129032258064516e-5,47.60558636189978,-302.72166212943165,-306.57387220705493,-0.038480855451556654,-0.8606912168437972,0.5343090340809835,0.6624340326560941,0.1453790935985019,0.18211951179315589,0.28928925810533107,0.19632321926932006,0.00847036933730887,0.5556508187032004,0.7683843396287613,0.05371204755720163,-0.25673045048197674,-0.02740731860736196,1.0841813215591116,1.2260220729596447,0.9421586201868809,1.0003938666452612,1.0330155605963456,1.016898670837733,1.0224833958336292,0.9989477962635663,0.9992346402213317,0.0024752999999999997,1.0,0.4826329983070574,0.022200000000000004,0.149553513097907,0.57,0.8556288707523761
0.2246142261192784,5.129032258064516e-5,38.326143744235196,-298.62863014458145,-301.93415089822264,-0.07054914053813933,-0.7313910290345975,0.5466092203036046,0.6520078386808603,0.12059151909065782,0.1865294220708409,0.28362005652422495,0.18117198543924995,0.014767575556611831,0.53983507815957,0.7440759323012381,0.08639804697603107,-0.29611585349490394,-0.05907977527610079,0.9859756381487232,1.2060622452040457,0.9513696410392044,1.0005441714489876,1.0334047108596818,1.0226654064669891,1.031053027820698,0.9990184624445004,0.9993607132133215,0.0024752999999999997,1.0,0.4937539902377792,0.022200000000000004,0.149553513097907,0.57,0.8556288707523761
0.23396377854576186,5.129032258064516e-5,30.068660633010722,-294.9563951604877,-297.8054093426104,-0.10192939304682344,-0.6059378351455299,0.5569674818204993,0.6402990682094386,0.1026965583190265,0.19009026176348426,0.27816177483984295,0.1691601464971093,0.019093539251611398,0.5249057719547245,0.7252501580051364,0.11380984055195242,-0.33389288541236206,-0.07800916925185764,0.8979739482360886,1.1862026614667183,0.9604355397416676,1.0006948006422771,1.03395075963234,1.0284179993901117,1.0396404616257988,0.9990820600869158,0.9994810240794986,0.0024752999999999997,1.0,0.504874982168501,0.022200000000000004,0.149553513097907,0.57,0.8556288707523761
0.24344493522068753,5.129032258064516e-5,22.831143325169137,-291.71307821704517,-294.1866506886896,-0.132238755161993,-0.4834945877430133,0.5641313824635463,0.6279092103602143,0.09111763544659465,0.1921626219440562,0.2728163441344666,0.15968740208844717,0.021788890104869927,0.5112504975995453,0.7110789465180553,0.13492015453259779,-0.3698521240876195,-0.08498030029284986,0.8201784409995756,1.1664590706799192,0.9693441916315206,1.000844929498407,1.034673663772366,1.034121508283956,1.0481985591233947,0.9991462117844572,0.9995972374499872,0.0024752999999999997,1.0,0.5159959740992227,0.022200000000000004,0.149553513097907,0.57,0.8556288707523761
0.25305300595378105,5.129032258064516e-5,16.61577742566908,-288.90444507279483,-291.0789677389396,-0.1617246073171955,-0.36447760282685054,0.5700395826583838,0.6139158419204519,0.08546400571394037,0.193555565030588,0.2673457078594912,0.15335617769852006,0.022975650366240243,0.4987450722424723,0.7020541143309224,0.15080434621001257,-0.4043056906501284,-0.08034812080129967,0.7522390929035275,1.1468409697565436,0.9780723209530907,1.0009954838334691,1.0354523817740613,1.039812022237764,1.056780039278646,0.999200971747266,0.9997079492014297,0.0024752999999999997,1.0,0.5271169660299445,0.022200000000000004,0.149553513097907,0.57,0.8556288707523761
0.26278323777222945,5.129032258064516e-5,11.428997056866478,-286.54031632702913,-288.4855775545383,-0.19056119428179738,-0.24976535987418808,0.5724509676000695,0.5991453011790789,0.0864563512443312,0.193530773129538,0.2622301206227293,0.14935409868477004,0.022191314947066082,0.48750270773913257,0.6980962124512037,0.16065629356718136,-0.43692581539069164,-0.06362710861847462,0.6942720815749204,1.1273446587253233,0.9865690672737961,1.0011429241381566,1.0364687103796895,1.0453643042694505,1.0651831804755167,0.9992564461100734,0.9998136221938634,0.0024752999999999997,1.0,0.5382379579606663,0.022200000000000004,0.149553513097907,0.57,0.8556288707523761
0.2726308172719081,5.129032258064516e-5,7.281552568220945,-284.6291838436105,-286.4118553102155,-0.21873472385567838,-0.1391930336845272,0.5728517120492079,0.583644528025021,0.09304198288634433,0.19257316112255948,0.2574649223881465,0.14808656426677994,0.019647328057081394,0.4775307953343292,0.6992954104823115,0.16533745369153421,-0.46796531691072374,-0.03587895369000394,0.6461504523275435,1.1079885822860829,0.9948121117233303,1.0012890273233126,1.037646772367233,1.0508430272385014,1.0735091935581824,0.9993076208788373,0.9999139009379358,0.0024752999999999997,1.0,0.549358949891388,0.022200000000000004,0.149553513097907,0.57,0.8556288707523761
0.2825908729985017,5.129032258064516e-5,4.188647983842429,-283.18592216157975,-284.86540301802626,-0.24531058470515546,-0.032278841220216285,0.5720404662041545,0.5664412540445245,0.10555726782145217,0.19070864800829895,0.25192007402027083,0.14992263181876656,0.016342469342724243,0.4682020190782349,0.7036390032084742,0.16358334417561235,-0.4972345161706616,0.001959261222630506,0.6074854824097848,1.0887883238810772,1.0027670024318387,1.0014310769560533,1.038675121612763,1.056133435615175,1.0816030242160388,0.9993503008171717,1.0000094641428214,0.0024752999999999997,1.0,0.5604799418221098,0.022200000000000004,0.149553513097907,0.57,0.8556288707523761
0.29265847785734184,5.129032258064516e-5,2.1637779693747916,-282.21916763752523,-283.85296801079244,-0.2716360935314329,0.07023152982386073,0.5681290368626466,0.5488762859338587,0.12378839887450022,0.1876286270999326,0.24713018204365086,0.1540055770400787,0.010867079397131597,0.4603247986059864,0.7134853644408066,0.15685999394063918,-0.5245723181961409,0.0514221934652672,0.5780530998342586,1.0697365038189668,1.010303323557224,1.001564806445569,1.0400134412955773,1.0611619052716164,1.0892227404970525,0.9993897791599059,1.0000797448530458,0.0024752999999999997,1.0,0.5716009337528316,0.022200000000000004,0.149553513097907,0.57,0.8556288707523761
0.3028286515507688,5.129032258064516e-5,1.2139413121501548,-281.7358221044518,-283.3780496821801,-0.2969312759212504,0.1684433792431276,0.5625782827762391,0.5300902890717752,0.1476535801298627,0.18381243939617598,0.24221220200959198,0.16056740278925732,0.004074265771571848,0.45345096379662364,0.7276564013907562,0.14511092347984023,-0.550285733080561,0.11056568274029226,0.5576575214373185,1.050859307223378,1.0174537231430356,1.0016921928005913,1.041365526917498,1.0659500614455748,1.0964802779052598,0.9994224689539704,1.0001375277284368,0.0024752999999999997,1.0,0.5827219256835534,0.022200000000000004,0.149553513097907,0.57,0.8556288707523761
0.31309636304181315,5.129032258064516e-5,1.3708951127944147,-281.7541801293862,-283.45652658250225,-0.32195962698149444,0.2624659049909661,0.5531395163424238,0.511434412468597,0.17659316813454734,0.178302646088994,0.23803077712457976,0.1693430771338243,-0.004872575795230178,0.44761860950698196,0.7459652566409617,0.1278329606580819,-0.5738830310515582,0.1804437805392774,0.546227969189862,1.0321537424890974,1.0242039780910912,1.0018135845975669,1.0430715135438529,1.0704952986422742,1.1033952598667007,0.9994571634160887,1.0001908026877493,0.0024752999999999997,1.0,0.5938429176142752,0.022200000000000004,0.149553513097907,0.57,0.8556288707523761
0.3234565330429751,5.129032258064516e-5,2.672954949709265,-282.293644641945,-284.1075565009597,-0.345952180747016,0.35094438300094544,0.5435926118167412,0.49056002874489446,0.21079544063860672,0.1725044384854605,0.2328723358349304,0.18049079053815242,-0.014384776364366513,0.44294887247610226,0.7684863260015827,0.10586275638230339,-0.5968860789282963,0.2587903241446311,0.5433995201421731,1.013653503631577,1.0305810575179102,1.0019290862531085,1.044614288247194,1.0747887236825515,1.1099734850828418,0.9994826804841438,1.0002415562562958,0.0024752999999999997,1.0,0.6049639095449969,0.022200000000000004,0.149553513097907,0.57,0.8556288707523761
0.33390403652887574,5.129032258064516e-5,5.163724078418113,-283.3787899290918,-285.3529410653141,-0.36918118739605577,0.4346884370582602,0.5312037498224632,0.46952809853183447,0.24955264472702918,0.16549861311929284,0.2283157923679106,0.19394092362611118,-0.02548650178254966,0.4390500125543931,0.7943570107960918,0.07887623267984695,-0.6179215480097175,0.3461347384181816,0.5493180914793487,0.9953518701983645,1.036525369433222,1.0020372189262892,1.0463568714616323,1.0787857816501394,1.116130854696158,0.9995075462983951,1.0002882029571412,0.0024752999999999997,1.0,0.6160849014757187,0.022200000000000004,0.149553513097907,0.57,0.8556288707523761
0.3444337052715314,5.129032258064516e-5,8.891988559761444,-285.034165659386,-287.21707330598576,-0.392079835517615,0.5120832340657387,0.5175326864290402,0.4474183815399757,0.29308695364790827,0.1579176406109885,0.2236088027600583,0.209316616895296,-0.03816408008376504,0.4355563775515374,0.8243135066599767,0.04795643116148479,-0.6379609640568762,0.44229373578858355,0.563138673489985,0.977270280537644,1.0420361614468048,1.0021365395748816,1.0481712629125655,1.0824379198113974,1.1217852641371595,0.9995278285334921,1.0003314901405087,0.0024752999999999997,1.0,0.6272058934064405,0.022200000000000004,0.149553513097907,0.57,0.8556288707523761
0.3550403303970013,5.129032258064516e-5,13.911655461091527,-287.2864219249031,-289.7269067566508,-0.41458065586389725,0.5847264626681647,0.5019407183370455,0.42472858258905666,0.34062263833250683,0.14923129541672606,0.21892465996076513,0.2268432165131793,-0.05212260856047822,0.4331129418286516,0.8579302891418588,0.012707088038015646,-0.6568358076855529,0.5471435074100613,0.5850071416741064,0.9594101960311797,1.0470464205449428,1.0022267406705725,1.0501740377045288,1.0857365153116585,1.1269192935078096,0.9995456728198892,1.000371283574988,0.0024752999999999997,1.0,0.6383268853371622,0.022200000000000004,0.149553513097907,0.57,0.8556288707523761
0.36571866496214184,5.129032258064516e-5,20.281536098011088,-290.16748499415,-292.9118470751106,-0.4364307844267336,0.6509612929304762,0.48386327665719403,0.4017530332989363,0.39250036243202296,0.13973876114546901,0.2145743569013672,0.24604265128064584,-0.06761616258722865,0.4309026259587424,0.894262258785005,-0.027330035372420913,-0.6741568540236461,0.659241405849191,0.6143739458214268,0.9417971686514621,1.0515731501994925,1.002307780063751,1.052245884902713,1.0886829386759402,1.1315306696337921,0.9995614830254643,1.0004067417229867,0.0024752999999999997,1.0,0.649447877267884,0.022200000000000004,0.149553513097907,0.57,0.8556288707523761
0.37646342655019266,5.129032258064516e-5,28.065125795651056,-293.7060362212857,-296.80364192393057,-0.4576725196364755,0.7112105920844728,0.46471448393231696,0.37734857233517555,0.4483666278448901,0.12972652993468078,0.20988430634486072,0.26694347759568116,-0.08372867879390836,0.429711069644821,0.9338525072521431,-0.07161227160544459,-0.6906555124593934,0.779049735840287,0.651792479598568,0.9244159647146809,1.0555901190396637,1.0023789386579196,1.0543389660688223,1.091248626287903,1.1355784725255842,0.9995728098686827,1.0004396154368713,0.0024752999999999997,1.0,0.6605688691986058,0.022200000000000004,0.149553513097907,0.57,0.8556288707523761
0.3872692998839115,5.129032258064516e-5,37.330328774188615,-297.93627720933074,-301.43624341319935,-0.47898422218812836,0.7657120499840719,0.4432995452592845,0.3530411384560034,0.5075861769615264,0.11853074232233762,0.20536050895526384,0.2896233219496256,-0.10153523216584188,0.4290465575857204,0.9765452694605897,-0.11944733785795586,-0.7060424247506254,0.9059654880675456,0.6960407920034025,0.9072938589818165,1.0590691585413998,1.0024387645086013,1.0566650200462668,1.093398309991282,1.1389803568012073,0.9995826527553557,1.0004679715364015,0.0024752999999999997,1.0,0.6716898611293276,0.022200000000000004,0.149553513097907,0.57,0.8556288707523761
0.3981309394549647,5.129032258064516e-5,48.149168990081535,-302.89460013610363,-306.8456635211458,-0.5001387543344297,0.8136253264100411,0.41977297579541206,0.3287245571743517,0.5700300092932662,0.10620883651896487,0.2009549425347385,0.31419279348794554,-0.12087394805809325,0.42905839520301103,1.0221354075554718,-0.17042426837073477,-0.7200968453092754,1.0386186721512836,0.746589713274608,0.8904450650388126,1.0620032019238332,1.0024881618941455,1.0591786259324474,1.095165762133234,1.1417879561765776,0.9995905278210631,1.00049179563917,0.0024752999999999997,1.0,0.6828108530600494,0.022200000000000004,0.149553513097907,0.57,0.8556288707523761
0.4090429721682723,5.129032258064516e-5,60.597472309595446,-308.61391797154846,-313.06981518090276,-0.5205596208761988,0.8545831783628596,0.3962725554503413,0.3023897957982989,0.637072753177924,0.09418501900460904,0.19626170410841454,0.33998742950005933,-0.14012543236466024,0.4292160734593395,1.0698344534212654,-0.22534497608291557,-0.7339911864030944,1.1787321240031134,0.8045460507011787,0.8738505641077955,1.064379250244844,1.0025270202234111,1.0616154900416233,1.096531890175174,1.1439948370713457,0.9995924094684769,1.0005146448574094,0.0024752999999999997,1.0,0.6939318449907712,0.022200000000000004,0.149553513097907,0.57,0.8556288707523761
0.41999999999999993,5.129032258064516e-5,74.75469029281294,-315.1387270952047,-320.1484241725115,-0.5402544643883939,0.8896295090729552,0.3715285858882736,0.27593870762641903,0.7057448179837263,0.08148365893902382,0.19163339340681756,0.36696476077183143,-0.16023772439827183,0.4297491421172587,1.1193496847095887,-0.28267627217964736,-0.7466209634367952,1.3230708368087511,0.8688399676240002,0.8575412358375853,1.066209082287869,1.0025527999106327,1.064202282620887,1.097418579253456,1.1454566769603687,0.9995920754759915,1.0005338801470613,0.0024752999999999997,1.0,0.7050528369214929,0.022200000000000004,0.149553513097907,0.57,0.8556288707523761
0.18,5.532258064516128e-5,93.0187551306351,-322.3150786905063,-329.2804565914226,0.0680116896170751,-1.4315561757134763,0.49050102540955004,0.765301740317685,0.1925309704280511,0.17325487721481292,0.335695951391054,0.24707889371465622,-0.0014252433908801664,0.6536839277316401,0.8415146213664007,-0.06852417027577143,0.012909119017064171,-0.04572742294509931,1.6133410676779967,1.2934931983660858,0.9013063808596906,0.999744687845963,1.0275342883685374,0.9922777253744504,0.9854752366162888,0.9985699349334219,0.9986716334946686,0.0024752999999999997,1.0,0.4381490305841703,0.022200000000000004,0.149553513097907,0.57,0.8556288707523761
0.18862353629575357,5.532258064516128e-5,79.82567322042905,-316.66087901142276,-322.68391563631957,0.0342734978867274,-1.2928013167182417,0.5093451509924392,0.7533469169529288,0.15218610461159462,0.180725224952038,0.32835119581205313,0.22372743503145798,0.008578595919750543,0.6317015423075671,0.8032965283660554,-0.0184671999286965,-0.03743761917122527,-0.1057982295112589,1.47586330355295,1.2739004848722957,0.9106773121732231,0.9998804743294859,1.0275588230756316,0.9975697720770899,0.9932178043550034,0.9986532136341358,0.9988133385877955,0.0024752999999999997,1.0,0.4492700225148921,0.022200000000000004,0.149553513097907,0.57,0.8556288707523761
0.197401105998178,5.532258064516128e-5,67.65280226959476,-311.40428648007673,-316.5974801609024,0.0012384951761389561,-1.155130976536327,0.5257369046027902,0.741244839032004,0.1178739405809663,0.18689574440797344,0.321552996265981,0.20324318084328188,0.017329941936828783,0.6110999802551383,0.7696852554264929,0.025506391644188497,-0.0862999542449303,-0.1532353144143255,1.3489395619620623,1.2543758664872304,0.9200406489031723,1.0000203927064077,1.027822620424494,1.0029893593195085,1.001195572688317,0.9987407255053301,0.9989533764347627,0.0024752999999999997,1.0,0.46039101444561387,0.022200000000000004,0.149553513097907,0.57,0.8556288707523761
0.20632836697123808,5.532258064516128e-5,56.48919122509801,-306.54510069574417,-311.01567463865405,-0.030917811312534047,-1.0212896368249578,0.5403740225039982,0.7280767322337919,0.08990277344112294,0.19224053786255052,0.3146396945476269,0.18552756111483903,0.024305014600532113,0.5919532270503708,0.7417517050374038,0.06450455689148137,-0.13363279373195674,-0.18917041954408284,1.2321197635259062,1.2349339793450076,0.9293788652029336,1.0001649593412132,1.0282337832008233,1.0085520948402864,1.0094378380184403,0.9988186510361372,0.9990869658343865,0.0024752999999999997,1.0,0.4715120063763356,0.022200000000000004,0.149553513097907,0.57,0.8556288707523761
0.21540090302880485,5.532258064516128e-5,46.32744076402378,-302.0923445120978,-305.93479940811693,-0.06230231010799991,-0.8890108957624003,0.5526165175432072,0.7138500337179366,0.06780176441354943,0.19649615932709624,0.3080376083293216,0.17068275741470623,0.02965826562097932,0.5736604606813918,0.7183090700371239,0.09760940878320049,-0.17911019786221768,-0.21285838799328535,1.1251491135796798,1.2155716717891458,0.9386630997927404,1.000312734906239,1.0288054839378773,1.0142054556058429,1.0178625040882174,0.9988943025939886,0.9992172020486616,0.0024752999999999997,1.0,0.4826329983070574,0.022200000000000004,0.149553513097907,0.57,0.8556288707523761
0.2246142261192784,5.532258064516128e-5,37.16358215070818,-298.04840732340057,-301.35287010145913,-0.09285879128179095,-0.7593223681937953,0.5624340396349462,0.6986368685893242,0.05231563130580462,0.19971622427910823,0.3014760340729683,0.1584838711594631,0.03359974589428098,0.556919326471282,0.6998154327209878,0.12565278953142014,-0.22281216360805592,-0.22557339359807024,1.0283702491133628,1.1962920796685732,0.947855789860713,1.0004622170155126,1.029531086348769,1.0198948576927185,1.0263838808892276,0.9989657821004084,0.9993429981875221,0.0024752999999999997,1.0,0.4937539902377792,0.022200000000000004,0.149553513097907,0.57,0.8556288707523761
0.23396377854576186,5.532258064516128e-5,28.997031151066153,-294.4188616422463,-297.2695946016381,-0.12257707765216753,-0.6330087992638557,0.5703016474583265,0.6829509871790425,0.04187188852890943,0.20188930925653376,0.2951858070297898,0.14893003853711406,0.035909272654385774,0.5413605125836437,0.6861159637786934,0.14802435244763842,-0.26475870160961407,-0.2269864004304604,0.9415093137373394,1.1771143264648496,0.9569318371774158,1.000612989594496,1.0304115752797225,1.0256075744629285,1.0349782210369014,0.9990343615285123,0.9994640331111639,0.0024752999999999997,1.0,0.504874982168501,0.022200000000000004,0.149553513097907,0.57,0.8556288707523761
0.24344493522068753,5.532258064516128e-5,21.830581788827544,-291.2121765823913,-293.6863699205188,-0.15116593888894675,-0.5089498518006049,0.5762157130053912,0.6660797407710982,0.03739469428447848,0.20313311130934497,0.28868012162927154,0.1421971919577314,0.03703235746933231,0.5271300979487108,0.6767187858422182,0.165507864303569,-0.30484041463934214,-0.2184308944290869,0.8645032695966444,1.1580374756602962,0.9658635175436707,1.0007637490634986,1.0313497565563359,1.031287388457059,1.043571040491367,0.9990959790950251,0.9995805706350191,0.0024752999999999997,1.0,0.5159959740992227,0.022200000000000004,0.149553513097907,0.57,0.8556288707523761
0.25305300595378105,5.532258064516128e-5,15.670473819541371,-288.4355889789578,-290.6063159358757,-0.17911138244336064,-0.3890416890603147,0.5795774171651291,0.6485449522840601,0.038737410375677996,0.20328627723123052,0.2826077699655739,0.13796314584128136,0.03641486711235763,0.5139872759853378,0.6720200943577851,0.1772083410177183,-0.3430121381961179,-0.19883037598251735,0.7972284274603664,1.1390594713643298,0.9746192938515917,1.000914496255712,1.0324508874050402,1.0369473155164957,1.0521625057969113,0.9991561442041444,0.9996920903012526,0.0024752999999999997,1.0,0.5271169660299445,0.022200000000000004,0.149553513097907,0.57,0.8556288707523761
0.26278323777222945,5.532258064516128e-5,10.526475599737523,-286.09849234069225,-288.0343168259738,-0.2066848285824637,-0.27402381041012586,0.5797255090828954,0.6305230241256077,0.04561414104952611,0.2022606904725554,0.2771089068739809,0.13560793557576997,0.03385207897810544,0.5022851819291456,0.6724723304313622,0.18366521541713918,-0.3792791625143544,-0.16853233722455918,0.739520587626436,1.1201893425875429,0.9831567563549867,1.0010621467586833,1.0338368383438483,1.0424779857009825,1.0605768348280635,0.999217298815585,0.9997980325943923,0.0024752999999999997,1.0,0.5382379579606663,0.022200000000000004,0.149553513097907,0.57,0.8556288707523761
0.2726308172719081,5.532258064516128e-5,6.412009802405009,-284.2122748344008,-285.97708392730755,-0.23298872101171839,-0.1615982746832642,0.5792960139397001,0.6115384777682957,0.05762082252165527,0.2004006119338256,0.27097408857713,0.13649986245150353,0.030424508581871002,0.4913794056495996,0.6762493912491963,0.18450806293425523,-0.41378529604408626,-0.12856487873029782,0.691249325874135,1.1014463806120116,0.991464434336104,1.0012089285026404,1.0350995292485596,1.04794276591836,1.068940681361312,0.999267777917698,0.9998993735098202,0.0024752999999999997,1.0,0.549358949891388,0.022200000000000004,0.149553513097907,0.57,0.8556288707523761
0.2825908729985017,5.532258064516128e-5,3.3443633183380825,-282.7883007025867,-284.4432606852741,-0.2587322179167664,-0.054069944426347,0.5762353216709337,0.5917592161124875,0.07489097088335944,0.1975490234230045,0.2651626762240834,0.13953464784437083,0.02534600590917597,0.48163377577814304,0.6845210748762348,0.1804516260852164,-0.4464271907855551,-0.07895247797041928,0.6522586994363231,1.0828345161977952,0.9994932738633774,1.0013529787614686,1.036534479025185,1.0532888125235793,1.0771480710268686,0.9993162606544119,0.9999951539256912,0.0024752999999999997,1.0,0.5604799418221098,0.022200000000000004,0.149553513097907,0.57,0.8556288707523761
0.29265847785734184,5.532258064516128e-5,1.3416731998623845,-281.8397957521349,-283.44191562603623,-0.28370056688416506,0.04926964478977797,0.5712454563938896,0.5713256753847635,0.09718208177128923,0.1938425295887161,0.2596306782923528,0.14498095452502185,0.018721557747454383,0.47289951028383115,0.6970577240682091,0.17167196667465645,-0.47709538074374347,-0.019815498356044015,0.6220402905749819,1.064365252056731,1.0071395062144917,1.0014892993990299,1.0380712176292282,1.0583719006367034,1.0849147871923879,0.9993584563566568,1.0000718648434295,0.0024752999999999997,1.0,0.5716009337528316,0.022200000000000004,0.149553513097907,0.57,0.8556288707523761
0.3028286515507688,5.532258064516128e-5,0.41024175818733966,-281.3720548545134,-282.9761999051987,-0.30774889524738885,0.14840949214369847,0.5649277436049286,0.5498324031588405,0.12473552707184099,0.18946779546347056,0.2539145594429759,0.15282595317265632,0.010994005072304436,0.4652898651598532,0.7136860278819164,0.15812453309810448,-0.5061028847358623,0.0483165782707003,0.6006011360326783,1.04604636846273,1.0143805090452758,1.0016192328863174,1.0395995336715362,1.063237765956132,1.0923172901548668,0.9993921312876318,1.0001300420385142,0.0024752999999999997,1.0,0.5827219256835534,0.022200000000000004,0.149553513097907,0.57,0.8556288707523761
0.31309636304181315,5.532258064516128e-5,0.5795221757188074,-281.40168860536346,-283.06084011396445,-0.3314341999331102,0.24306007907460703,0.5556963715429418,0.5283509105688752,0.1570200876586417,0.1837679938976685,0.2486555246443207,0.1627561530213386,0.0016158292317951712,0.4588069695540709,0.7341927851780002,0.13924663134206233,-0.5333868855598245,0.12590702663473521,0.5879243262574728,1.0278800209348715,1.0212624559122148,1.0017432662675418,1.0413666016093506,1.0678645174050558,1.0993827007251729,0.9994260892430612,1.000184196770268,0.0024752999999999997,1.0,0.5938429176142752,0.022200000000000004,0.149553513097907,0.57,0.8556288707523761
0.3234565330429751,5.532258064516128e-5,1.8873705857780578,-281.9504016646379,-283.71476431899407,-0.3548624956386485,0.3314730663062591,0.5426317287920446,0.506915260357742,0.19351717904369098,0.17681911632365832,0.24401921808793656,0.1740083056680464,-0.010254955315013647,0.4533909311400754,0.7594562114112442,0.11691706519464544,-0.5585780178906912,0.21121437046239352,0.5831591014963551,1.0098914398377998,1.0277521530220557,1.0018591500217073,1.0434665765485582,1.0721760681141872,1.105982957785279,0.9994613413762233,1.0002328210393527,0.0024752999999999997,1.0,0.6049639095449969,0.022200000000000004,0.149553513097907,0.57,0.8556288707523761
0.33390403652887574,5.532258064516128e-5,4.376170400006686,-283.0372463498187,-284.9591642261084,-0.37659284345456995,0.4170322042327958,0.5324843021571454,0.4825623988871792,0.23487223088066697,0.17019117210740248,0.23794022709588622,0.18880258637701566,-0.020805874607444094,0.4482695939614562,0.7860374315422746,0.08835253239914931,-0.5832500142226164,0.3054010230075865,0.587677098902354,0.9920810474985614,1.033828879392043,1.0019716760022723,1.045030545320352,1.076316275149055,1.1123906487263893,0.9994810957681186,1.0002823447515787,0.0024752999999999997,1.0,0.6160849014757187,0.022200000000000004,0.149553513097907,0.57,0.8556288707523761
0.3444337052715314,5.532258064516128e-5,8.09310666101021,-284.68988890291115,-286.81763235661015,-0.39840741915291733,0.49603730895632986,0.5177593168852295,0.4588533180311358,0.28015838622461114,0.16189260488265297,0.23275926469210234,0.20490583314149075,-0.03390784729624649,0.4444021999080913,0.8170172722058643,0.05630639815330011,-0.6058704286665147,0.4071625621633563,0.5996846538996911,0.9744618892927162,1.039463680458489,1.0020745410810568,1.0470692154327061,1.0800951734427982,1.118247279094422,0.9995048051669031,1.000325707478385,0.0024752999999999997,1.0,0.6272058934064405,0.022200000000000004,0.149553513097907,0.57,0.8556288707523761
0.3550403303970013,5.532258064516128e-5,13.089921996937846,-286.93320185332846,-289.31604002457397,-0.41980217787998136,0.5693645577598149,0.5018404206975831,0.43454069455508104,0.3295118126206621,0.15314192666078635,0.22763452184846023,0.22268494326277094,-0.048367331034264834,0.44095183590452314,0.8514267209846795,0.020264055852231434,-0.6272658716506995,0.5163153369948802,0.619474009294166,0.9570458130664778,1.0446348076754257,1.0021687329990119,1.049145462160478,1.0835375129444027,1.1236090127562046,0.9995243821138955,1.0003659035021102,0.0024752999999999997,1.0,0.6383268853371622,0.022200000000000004,0.149553513097907,0.57,0.8556288707523761
0.36571866496214184,5.532258064516128e-5,19.423042550924606,-289.7963215636603,-292.48260030156735,-0.44086679436127285,0.6368922056411325,0.48362147633185126,0.40997045759982803,0.3827112433122105,0.14338159626058825,0.2227694680416893,0.24230697676853552,-0.06419276640177886,0.4382052092864128,0.8887569963629685,-0.019979158884234984,-0.6470544881194202,0.6326150122745484,0.6467723970564897,0.9398404526855645,1.049325932152213,1.0022534797450346,1.0513734981842033,1.0866213623244425,1.1284320343456482,0.9995420501287666,1.0004018971435802,0.0024752999999999997,1.0,0.649447877267884,0.022200000000000004,0.149553513097907,0.57,0.8556288707523761
0.37646342655019266,5.532258064516128e-5,27.153523702465804,-293.3087098380293,-296.34784087733794,-0.46121717130413536,0.6982690075076378,0.46446427495809384,0.38443593436775736,0.4396441531319257,0.13305984289930187,0.21761186169006516,0.26356229241213597,-0.08065424552300232,0.436443102444412,0.9290977803937981,-0.06363320346383126,-0.6659916384959684,0.755268768891421,0.681571965406549,0.9228474898817717,1.0535131526130506,1.0023292202953809,1.0536595108931133,1.0893577069733391,1.132741342802738,0.9995554132337793,1.0004350708711252,0.0024752999999999997,1.0,0.6605688691986058,0.022200000000000004,0.149553513097907,0.57,0.8556288707523761
0.3872692998839115,5.532258064516128e-5,36.34699190326171,-297.5032592416483,-300.9445749777359,-0.48173125139133205,0.7538793700646809,0.4431731342713182,0.35855409449523035,0.5002793560303245,0.12194368919342283,0.21264089149679552,0.2863145951536236,-0.09856737193334954,0.43483316832501134,0.9719172535353025,-0.11180553318800635,-0.6832658154796298,0.8851478682294965,0.723523842874489,0.9060888866640526,1.0571649479971357,1.002393607643634,1.0560262514802679,1.0916765480833583,1.136403563504829,0.9995664759107595,1.0004643315569324,0.0024752999999999997,1.0,0.6716898611293276,0.022200000000000004,0.149553513097907,0.57,0.8556288707523761
0.3981309394549647,5.532258064516128e-5,47.073599722145445,-302.41242523432635,-306.30787888717776,-0.502775462095242,0.8031090142788092,0.41996650645752726,0.33292190691818313,0.5639858833971582,0.10949018871194995,0.20780177140579825,0.3112888626784656,-0.11851806670309184,0.43410806032976246,1.0187858260363327,-0.161880427205485,-0.6995888496191405,1.0210308033064608,0.7716756029318442,0.8895668185289675,1.0602844544059622,1.00244650252055,1.0587215587076186,1.0935824264106522,1.1394110142710643,0.9995757231662413,1.0004889354019753,0.0024752999999999997,1.0,0.6828108530600494,0.022200000000000004,0.149553513097907,0.57,0.8556288707523761
0.4090429721682723,5.532258064516128e-5,59.40777574138235,-308.0784227587328,-312.4749668967962,-0.5213222957112231,0.8457543752055999,0.3967752855094555,0.30512021159813263,0.6308098350850861,0.09781517879339424,0.20277495839980517,0.3365138379953333,-0.13673222082671527,0.4341954397203596,1.0653721292997782,-0.2174515236247079,-0.7150049889451184,1.160972304716483,0.8276623901807741,0.8732897081368725,1.0628485395367424,1.0024900233644871,1.0610832510061392,1.095110024424769,1.14188379606506,0.9995789954884517,1.000512938359011,0.0024752999999999997,1.0,0.6939318449907712,0.022200000000000004,0.149553513097907,0.57,0.8556288707523761
0.41999999999999993,5.532258064516128e-5,73.42817023108671,-314.5331140941301,-319.4851641416484,-0.5418141438729476,0.8818711804327339,0.37058410388087704,0.27859737762565523,0.7006777738118646,0.08415860711805814,0.19796913928612758,0.364130686967832,-0.15837718764199302,0.4340863599318162,1.1158848651891813,-0.2744693155287335,-0.7286843598471016,1.3071616448016274,0.8886176328221208,0.8572670905440382,1.0648593393066434,1.0025204517760185,1.0638881679491115,1.0961955135986972,1.1436113434908362,0.9995823114459921,1.000530449667656,0.0024752999999999997,1.0,0.7050528369214929,0.022200000000000004,0.149553513097907,0.57,0.8556288707523761
0.18,5.9354838709677414e-5,91.46214488348471,-321.57861839199745,-328.5021514678474,0.035346047981651245,-1.4594929578072076,0.5200182185468307,0.8395618341259855,0.08039954313177512,0.1944407672687649,0.35841999942370767,0.2081946765261476,0.03272574481041602,0.6751832946374893,0.7649940075089957,0.010760394187123467,0.10529162204365736,-0.31424244340161367,1.644910116710877,1.2784087269047892,0.898459935456022,0.9996796767813378,1.0226313730008703,0.9904505302469138,0.9817807137863376,0.9985297426923676,0.9986593702349389,0.0024752999999999997,1.0,0.4381490305841703,0.022200000000000004,0.149553513097907,0.57,0.8556288707523761
0.18862353629575357,5.9354838709677414e-5,78.46374963002745,-315.98591320954205,-322.00295384111877,0.003528690914803268,-1.3211959269229843,0.5364863047529395,0.822845985230282,0.05090746197257389,0.20035711244829107,0.3500001890718241,0.1891042878991763,0.03914303442266703,0.6522376799281039,0.7348786552676776,0.051387615256683936,0.049923162286406864,-0.34811682266191957,1.5104681244888578,1.2596138836730197,0.9077849275734546,0.9998129884103232,1.0230156535107962,0.9955862968405922,0.9893805964150961,0.9986062394122412,0.9987983578764873,0.0024752999999999997,1.0,0.4492700225148921,0.022200000000000004,0.149553513097907,0.57,0.8556288707523761
0.197401105998178,5.9354838709677414e-5,66.45270384918751,-310.7881542257322,-315.9974309506988,-0.027649792275192278,-1.1834944010036934,0.5499468937850903,0.8050360691509559,0.028136388808655533,0.20495439520831552,0.3417135479541489,0.172375344259524,0.04476602683190275,0.6309593053923627,0.7091139128579705,0.08828296219642255,-0.0038210330209352515,-0.3715342874084545,1.3854388675046294,1.240897267114425,0.9171271439338793,0.9999522816066032,1.0236615678568604,1.0009237104001,0.9973211925077512,0.9986891062432657,0.9989365587795962,0.0024752999999999997,1.0,0.46039101444561387,0.022200000000000004,0.149553513097907,0.57,0.8556288707523761
0.20632836697123808,5.9354838709677414e-5,55.4238053719082,-305.98546752575476,-310.48298171205914,-0.05801121106054086,-1.0477223524100066,0.561245664119445,0.7866060158669558,0.010633326980807373,0.2085447755972471,0.333843224352747,0.15824504847102816,0.04911890509509061,0.6111110962735918,0.6878721336026672,0.11985190271515707,-0.055688304483703766,-0.38434326308361044,1.2704112618727967,1.2222470353131314,0.9264382492085369,1.0000958287281094,1.0244783129121957,1.0063937181870557,1.0055038907106735,0.9987713467468803,0.9990715001296776,0.0024752999999999997,1.0,0.4715120063763356,0.022200000000000004,0.149553513097907,0.57,0.8556288707523761
0.21540090302880485,5.9354838709677414e-5,45.37480849966539,-301.58243300302445,-305.45848327593774,-0.0875249613315704,-0.9143655003527151,0.5708226387815417,0.7677388256443723,-0.0014337177012418768,0.21125747036863982,0.32605906418943686,0.1467076125229879,0.05206035393876929,0.5923934032977013,0.6709117703032591,0.14704470212150503,-0.10557506760539871,-0.387517591041097,1.16499518026771,1.203666761491992,0.9356986902396442,1.0002429938246447,1.0254171948437312,1.0119711208076347,1.0138923503625188,0.998847739915799,0.999201854083414,0.0024752999999999997,1.0,0.4826329983070574,0.022200000000000004,0.149553513097907,0.57,0.8556288707523761
0.2246142261192784,5.9354838709677414e-5,36.30639088912278,-297.5851103848548,-300.92427447066643,-0.11633740037736102,-0.7837295148066646,0.578249604195757,0.7478371706948551,-0.008071420719471414,0.21309854133536496,0.31839144365756555,0.13755457285146414,0.05368103557888227,0.5751384239133032,0.6584743038668491,0.1692317713773459,-0.15337241616212596,-0.3809378973601372,1.0693247970312305,1.1851615624701939,0.9448881134551751,1.000392191208284,1.0264606045586864,1.0176012596716126,1.0223961919846258,0.9989195656735599,0.9993277242611258,0.0024752999999999997,1.0,0.4937539902377792,0.022200000000000004,0.149553513097907,0.57,0.8556288707523761
0.23396377854576186,5.9354838709677414e-5,28.222117239396994,-293.99947376830613,-296.88213764580354,-0.14422607060831696,-0.6560180127819288,0.5842207365222573,0.7277375721935331,-0.010116108082912455,0.2140917991367451,0.3109540104641027,0.13103542479445385,0.0539218207865549,0.5589597794576067,0.650191768243297,0.18651149547622312,-0.1995410825466085,-0.36502271139996784,0.983111010109079,1.1667423155908088,0.953964951334112,1.0005427618811722,1.027601408210953,1.0232575778793984,1.0309777626510268,0.9989867358700492,0.9994490236107417,0.0024752999999999997,1.0,0.504874982168501,0.022200000000000004,0.149553513097907,0.57,0.8556288707523761
0.24344493522068753,5.9354838709677414e-5,21.12846976409196,-290.8344792737851,-293.335313908151,-0.17134130630818117,-0.5318686833884168,0.5874184620723868,0.7071599287486924,-0.006865006507930197,0.21391087309087475,0.3039115430685658,0.1266303516194077,0.052712565656264775,0.5438919281885686,0.6460027495267049,0.19840757492200992,-0.24340259935937406,-0.33928233046571904,0.9065952956167536,1.148395974201921,0.9629061030200611,1.0006939260104268,1.0289148787010798,1.0289171244305566,1.039592639792963,0.9990551395478912,0.9995660405848754,0.0024752999999999997,1.0,0.5159959740992227,0.022200000000000004,0.149553513097907,0.57,0.8556288707523761
0.25305300595378105,5.9354838709677414e-5,15.03487182697313,-288.09821114506946,-290.2885149395916,-0.19789923520431443,-0.4117402190148459,0.5882524420917213,0.6860908460067325,0.001476544266670789,0.21277058677310354,0.29703092162865585,0.12412846210415956,0.05009396101552346,0.5302648255394129,0.6462028606703653,0.20534854055278573,-0.28520468955256295,-0.3042270262405599,0.8395689131113192,1.1301334080615475,0.9716810443989143,1.0008439230065946,1.0303787497083021,1.0345165905624099,1.0481404465805688,0.9991209449958831,0.9996778166310637,0.0024752999999999997,1.0,0.5271169660299445,0.022200000000000004,0.149553513097907,0.57,0.8556288707523761
0.26278323777222945,5.9354838709677414e-5,9.953729799679081,-285.80062129264803,-287.7479439259446,-0.22362193440311556,-0.29491214206212846,0.5875299609997482,0.664327189941832,0.014493735071359839,0.2109440752482706,0.29048257908071184,0.12444693413153601,0.046192942314326677,0.5177095138381396,0.6502868659080511,0.2078625205196412,-0.3251775893973747,-0.26067953589461923,0.7816710482826601,1.1119714838770307,0.9802519672503641,1.0009928202746492,1.031882873995796,1.0400518012233468,1.0566248714281627,0.9991797477882114,0.9997845431358162,0.0024752999999999997,1.0,0.5382379579606663,0.022200000000000004,0.149553513097907,0.57,0.8556288707523761
0.2726308172719081,5.9354838709677414e-5,5.9004997977157245,-283.9530395073214,-285.7213289249629,-0.24832729367594283,-0.18153828054447907,0.5859140352745019,0.6418700908858881,0.03168258870229904,0.20824020613308125,0.2832868091641311,0.1272629986295273,0.04117850472489712,0.5058077045342642,0.6576712326872193,0.20545040858086291,-0.3633968980307513,-0.20861671921312372,0.732774196970262,1.0939208660377107,0.9886150391074671,1.001141610793568,1.033337105793947,1.045557413093016,1.06510242102998,0.9992304149889317,0.9998864917610892,0.0024752999999999997,1.0,0.549358949891388,0.022200000000000004,0.149553513097907,0.57,0.8556288707523761
0.2825908729985017,5.9354838709677414e-5,2.893775554965373,-282.56703986362544,-284.21796680358773,-0.27307525791814524,-0.07335727020958945,0.5810388328529157,0.6193236832475868,0.05351979728459671,0.20448543214730913,0.2770199903386634,0.13158634401028452,0.034414641143462356,0.4955595971672161,0.6698785847983214,0.19831761909653728,-0.3997005007449391,-0.14731994319026306,0.6929387995435351,1.0759690838362452,0.9967061294414303,1.001285322521827,1.0351013744056328,1.050869903040691,1.073290001595976,0.9992836157975333,0.9999826608302094,0.0024752999999999997,1.0,0.5604799418221098,0.022200000000000004,0.149553513097907,0.57,0.8556288707523761
0.29265847785734184,5.9354838709677414e-5,0.9540918827660789,-281.6565110022467,-283.2481249674881,-0.2965616194655084,0.03063857530938514,0.5745193011447974,0.5964140074974769,0.07997340428709801,0.19990636325724628,0.27085133017192375,0.13843341503696577,0.026594602277721233,0.4862576398585548,0.6853022488742789,0.18645419617952108,-0.4340039674194879,-0.07825469663388697,0.6619415826580244,1.0581349204683497,1.0044459027763504,1.001424220854117,1.0368666042764658,1.0560072181194242,1.0812028826575615,0.9993299043157955,1.000064992106499,0.0024752999999999997,1.0,0.5716009337528316,0.022200000000000004,0.149553513097907,0.57,0.8556288707523761
0.3028286515507688,5.9354838709677414e-5,0.0879976987577038,-281.2279109339118,-282.8150778754839,-0.3191005806649013,0.13068056008528484,0.5676023646251872,0.5723229892788105,0.1109006704031011,0.19492290013874297,0.2641138240779993,0.14758509625300437,0.017796666424222212,0.47734428662762834,0.7038997994531164,0.1705855714595494,-0.46615865488193203,-0.0011139492251682015,0.6392727313705108,1.0404319284851975,1.0117636221219481,1.0015562960743292,1.0385026713730203,1.060930646701988,1.08872710838628,0.9993637139957658,1.0001237065475979,0.0024752999999999997,1.0,0.5827219256835534,0.022200000000000004,0.149553513097907,0.57,0.8556288707523761
0.31309636304181315,5.9354838709677414e-5,0.3205046107148064,-281.29402714223176,-282.93133133146245,-0.3414910678421038,0.2260709507518569,0.5576178142683387,0.5484734783461864,0.14594219436434108,0.18865974684908784,0.2581002419715349,0.15856192429621652,0.007482961287291117,0.4699918218789425,0.7265027492564111,0.14978373231688757,-0.4966407566797787,0.08443242244063881,0.62524524988324,1.0228535995519492,1.0187309769625483,1.001682582670695,1.040422346065052,1.065624916312201,1.0959207413492376,0.9993992799453253,1.0001782679819162,0.0024752999999999997,1.0,0.5938429176142752,0.022200000000000004,0.149553513097907,0.57,0.8556288707523761
0.3234565330429751,5.9354838709677414e-5,1.687380077462194,-281.87502793661884,-283.61476906483614,-0.36334843348211815,0.3165864000776769,0.545704870449177,0.5239649483041962,0.18511112799695326,0.18155155254001976,0.25213044052904954,0.17144779926407414,-0.004052975855285886,0.4635229444076786,0.7524337829137102,0.12475545879065641,-0.5253263038876612,0.17747427751619402,0.6193526818050674,1.005422870643722,1.0253246333221164,1.0018026489184033,1.0424189241709803,1.070068639763366,1.1027591147069393,0.9994314143319991,1.0002291924557118,0.0024752999999999997,1.0,0.6049639095449969,0.022200000000000004,0.149553513097907,0.57,0.8556288707523761
0.33390403652887574,5.9354838709677414e-5,4.228349875823369,-282.9912798446348,-284.8852539640167,-0.38478989646401557,0.4017898880885906,0.5325901799272256,0.49904911044697386,0.2283596113974672,0.17380354569142195,0.2461597667364987,0.18625513165409566,-0.016775195237666712,0.4577100977231675,0.7816170052166299,0.09577019216258577,-0.5525241435848294,0.2778026673745878,0.6216107067431453,0.9881435476468352,1.0314956821404293,1.0019158181187555,1.0444729225640996,1.0742388702885242,1.1092037218500286,0.999459181283491,1.0002767634506573,0.0024752999999999997,1.0,0.6160849014757187,0.022200000000000004,0.149553513097907,0.57,0.8556288707523761
0.3444337052715314,5.9354838709677414e-5,7.987345086773303,-284.66616156925033,-286.7647515694917,-0.405527555253061,0.4816745274898798,0.5174035491577401,0.47364713237765055,0.2752626516463754,0.1652156155285608,0.2403945054919086,0.20281803342420138,-0.03053480312832666,0.4530938928709102,0.8139544610418405,0.06271298522974315,-0.5781278216562843,0.3842577897695685,0.6316341059974495,0.9710363709297491,1.0372621582531387,1.0020219600996623,1.0466096171883943,1.078131348937778,1.1152471815066207,0.9994844897305745,1.0003205262569643,0.0024752999999999997,1.0,0.6272058934064405,0.022200000000000004,0.149553513097907,0.57,0.8556288707523761
0.3550403303970013,5.9354838709677414e-5,13.012794035044067,-286.9243935393915,-289.2774760436271,-0.4258927761237612,0.5563567567413455,0.5011223002959287,0.4479546026419881,0.3257286162615302,0.1560145916339931,0.23467320113150117,0.22109705184753392,-0.04544944968108778,0.448976303087618,0.8491989869863826,0.025874244240784057,-0.6021828163561642,0.4976143256375678,0.6494627661097528,0.9540969328660466,1.0425608071678625,1.002118719212866,1.0488224518324234,1.0816628498518561,1.1207553772519316,0.9995059907187427,1.000361120886803,0.0024752999999999997,1.0,0.6383268853371622,0.022200000000000004,0.149553513097907,0.57,0.8556288707523761
0.36571866496214184,5.9354838709677414e-5,19.35790357237113,-289.793742049657,-292.4500308122906,-0.44607269865585686,0.6247883800650433,0.48268243306159997,0.4218672824772511,0.37997076394136875,0.14601539639805247,0.22913402160954696,0.24085941006119577,-0.061723549267530944,0.4454647468146298,0.8872997134404335,-0.01484740609610381,-0.6244032198677949,0.6172764697798685,0.6745572138166211,0.9373410856298655,1.0473934079252236,1.0022064545492764,1.0511310128723832,1.084854472841553,1.1257489460487562,0.999525136036312,1.0003975691600238,0.0024752999999999997,1.0,0.649447877267884,0.022200000000000004,0.149553513097907,0.57,0.8556288707523761
0.37646342655019266,5.9354838709677414e-5,27.080903387873718,-293.30143056845964,-296.3115307200419,-0.46623592348714205,0.687746787422338,0.4624480934075038,0.39566616957822914,0.43806108187210646,0.13525298350531278,0.22376139255138508,0.2622268251224917,-0.07900317388095256,0.442999119830302,0.9281932709097688,-0.059838294787350074,-0.6452910568931916,0.7429705700127315,0.7071574039723294,0.92076897050438,1.0517163717146418,1.0022848246017693,1.0535339788081148,1.0876959538442157,1.1302085362615215,0.9995415494047014,1.0004303222998499,0.0024752999999999997,1.0,0.6605688691986058,0.022200000000000004,0.149553513097907,0.57,0.8556288707523761
0.3872692998839115,5.9354838709677414e-5,36.245171918544315,-297.4808729462549,-300.8936649853772,-0.48567455154677813,0.7438393128899553,0.4414388102172872,0.3682698782027317,0.4993318815283964,0.12405593007899228,0.21840890305376967,0.2854264584251789,-0.09709891472373386,0.4407506477225805,0.9715815009470503,-0.10724420020801878,-0.6648674426575106,0.8745659111242243,0.7467151518692949,0.9044012614642163,1.055521118047481,1.002353241975828,1.0559752295765215,1.0901605651338935,1.1341006708709123,0.9995534452832366,1.0004602053322256,0.0024752999999999997,1.0,0.6716898611293276,0.022200000000000004,0.149553513097907,0.57,0.8556288707523761
0.3981309394549647,5.9354838709677414e-5,46.91926755704446,-302.365362930323,-306.2307128046273,-0.5054337509786395,0.7934580330209192,0.41768545963486964,0.3415086616548791,0.5640832040473533,0.11149872232539539,0.21295448085282118,0.3099715299267045,-0.11670873068417713,0.43963408771776985,1.0176466668769537,-0.15835754694207071,-0.6826367334414534,1.0107156226626284,0.7925500948890462,0.8882464414886375,1.0588156478814548,1.002412074988513,1.058605565018601,1.092281750338007,1.137446723494764,0.9995644994133634,1.0004848590040645,0.0024752999999999997,1.0,0.6828108530600494,0.022200000000000004,0.149553513097907,0.57,0.8556288707523761
0.4090429721682723,5.9354838709677414e-5,59.1766468781492,-307.99402925724803,-312.35940246517964,-0.5238277129581603,0.8375707376355984,0.39447458235907873,0.31306908573091713,0.6310440246875256,0.09951696096514787,0.2076192052422468,0.3353963940452365,-0.13583857289285783,0.4383416493544635,1.0643486503119446,-0.21278887954602463,-0.6992620491893903,1.1522254794124394,0.8455490425307691,0.8723132356459578,1.061513507848186,1.0024568183529476,1.0611199582536777,1.0938641374913078,1.1399896951474582,0.9995696337338202,1.0005088699998133,0.0024752999999999997,1.0,0.6939318449907712,0.022200000000000004,0.149553513097907,0.57,0.8556288707523761
0.41999999999999993,5.9354838709677414e-5,73.09542407296124,-314.39767126383964,-319.31879106258566,-0.5422300056342962,0.874521312378781,0.3701372271756202,0.28410306143972947,0.701555689236705,0.08694990487832176,0.20229762528285558,0.36243066871320206,-0.15576768413785186,0.43801307385926164,1.1141603678811958,-0.2698504373569322,-0.7157998331306579,1.2986061814812708,0.9051585036749717,0.8566022460254056,1.063687262215262,1.0024927969926263,1.0637526928360208,1.0951306570876183,1.1420333817057293,0.9995713177141741,1.0005297885600684,0.0024752999999999997,1.0,0.7050528369214929,0.022200000000000004,0.149553513097907,0.57,0.8556288707523761
0.18,6.338709677419354e-5,90.11445653143073,-320.8419173266393,-327.8283072918204,0.0008228104862226022,-1.487117442057102,0.5507898112958632,0.9150990164017865,-0.027679009065457203,0.2149061673925405,0.37879291299347606,0.17147038661479003,0.06363323872330737,0.6939260482705624,0.6913714631172022,0.08157472961196474,0.1911003012977627,-0.5720429106341077,1.682750182093024,1.2616926052885313,0.8960318056372477,0.9996191426426395,1.0172435965585005,0.9887959924487488,0.9783416713988171,0.9984712502232295,0.9986422305968414,0.0024752999999999997,1.0,0.4381490305841703,0.022200000000000004,0.149553513097907,0.57,0.8556288707523761
0.18862353629575357,6.338709677419354e-5,77.24868403218784,-315.3063610318443,-321.39542104219896,-0.029154701724358273,-1.3467260995453658,0.5627756417468815,0.8924467050757275,-0.04435545775296587,0.21863690030167038,0.36899691662489525,0.15646959616418232,0.06735096386349225,0.670828225773464,0.6691917055716071,0.11545293423165523,0.1309113291019271,-0.5799811597611887,1.54950098808698,1.2438378038446896,0.9053217346863145,0.9997525218557837,1.018136754811364,0.993879367366564,0.9859440415895194,0.9985535253718444,0.9987830507902046,0.0024752999999999997,1.0,0.4492700225148921,0.022200000000000004,0.149553513097907,0.57,0.8556288707523761
0.197401105998178,6.338709677419354e-5,65.3573763425037,-310.16327250787447,-315.4497671973569,-0.05824290756020576,-1.2080540610358539,0.5726002485855615,0.8693712000078871,-0.05599707063250754,0.22133870538209724,0.35969468554934475,0.14356137860160925,0.07013721128044809,0.6491682455122118,0.6512525472126213,0.1443618131763422,0.07252686448870407,-0.578437424388217,1.4259892300951889,1.2260315724223163,0.914615644181881,0.9998922552304942,1.0192302614460342,0.9991789391446326,0.9939083683788152,0.9986418143362655,0.9989221531779697,0.0024752999999999997,1.0,0.46039101444561387,0.022200000000000004,0.149553513097907,0.57,0.8556288707523761
0.20632836697123808,6.338709677419354e-5,54.43828662961721,-305.41464736506225,-309.99022234091365,-0.0864942987350729,-1.071939010185526,0.5808895676854796,0.8464014014243331,-0.06328057093645426,0.22324273499914987,0.3508944923403327,0.13303452285251421,0.07167670839523568,0.6286216843512249,0.6371788137442429,0.16884202377298774,0.016195013451608845,-0.5683621401345702,1.3122280008781189,1.2082759614047933,0.9239023291104674,1.000035517603189,1.0204654748022803,1.004586319057573,1.0020735192738508,0.99872762301094,0.9990572060516463,0.0024752999999999997,1.0,0.4715120063763356,0.022200000000000004,0.149553513097907,0.57,0.8556288707523761
0.21540090302880485,6.338709677419354e-5,44.491636780504564,-301.0669358383707,-305.0168974163573,-0.11400222836540469,-0.9377788975696719,0.5873993583071002,0.8227503704185741,-0.06609946327235221,0.22433975506638737,0.3420894427857902,0.12473283357566141,0.07205740479056243,0.6094766736652082,0.6269964058140148,0.18923093949872855,-0.03799691654496004,-0.5502688289361299,1.2078135381664414,1.19058091656682,0.9331529776231926,1.000182443703895,1.021784038572993,1.0101044793404867,1.0104470735802116,0.9988070583721669,0.9991879346226029,0.0024752999999999997,1.0,0.4826329983070574,0.022200000000000004,0.149553513097907,0.57,0.8556288707523761
0.2246142261192784,6.338709677419354e-5,35.52011704694132,-297.1247381319561,-300.5311375495757,-0.14109389837552738,-0.8061303322925781,0.592386365019642,0.7984181283531668,-0.06404637481967024,0.22486254739073816,0.33343247012975474,0.11884338878137586,0.07125182713354013,0.5916341677565373,0.6206069213917546,0.20536853593592458,-0.08993095814920983,-0.5245482635937475,1.112811933523657,1.172941213385998,0.9423285500813499,1.0003315153025347,1.023128455710023,1.0156828532562767,1.0189425294144165,0.9988775873500648,0.999313731085365,0.0024752999999999997,1.0,0.4937539902377792,0.022200000000000004,0.149553513097907,0.57,0.8556288707523761
0.23396377854576186,6.338709677419354e-5,27.528909287983765,-293.5955507395492,-296.5355336700969,-0.16701134921711924,-0.6776417504106351,0.5949932874374281,0.774294773933913,-0.05762892999485073,0.2242332378614061,0.3253325664313044,0.1148389478673669,0.06926617792864016,0.5746770506130701,0.6176451422650946,0.2165132750355675,-0.13973893933255907,-0.49011543781062133,1.0272865656872205,1.15535104672054,0.9514146903623044,1.000482662475452,1.0246636362559456,1.0213174782772676,1.0275558419191926,0.9989529388001956,0.9994361193319862,0.0024752999999999997,1.0,0.504874982168501,0.022200000000000004,0.149553513097907,0.57,0.8556288707523761
0.24344493522068753,6.338709677419354e-5,20.525719214017272,-290.48378879795337,-293.0339386331137,-0.1926246433717299,-0.5540551555897271,0.5960895604853379,0.7500539323959445,-0.04728565952360715,0.22305562122610118,0.31747824100107147,0.11235735071570688,0.06588648130137693,0.5591478315883407,0.618992042442624,0.22388776093409526,-0.18728877221956425,-0.44857930519606587,0.9509234420265843,1.1378231880909286,0.9603665393624806,1.000634337857005,1.0263077325079704,1.0269617635575328,1.0361989100366849,0.9990232903280879,0.9995524604250143,0.0024752999999999997,1.0,0.5159959740992227,0.022200000000000004,0.149553513097907,0.57,0.8556288707523761
0.25305300595378105,6.338709677419354e-5,14.520808402866123,-287.80367198062584,-290.0314832275381,-0.21720847349441932,-0.43142673657202435,0.5954195448021873,0.7249664909904989,-0.032392323469753785,0.2208185482596227,0.3094666111138546,0.11290130843106176,0.061653896777113915,0.544609181984421,0.62308109358784,0.2262504911198193,-0.23287234362583323,-0.3988820663402724,0.8836275096483533,1.1203615699756293,0.9691659577907651,1.0007839014823554,1.0279349943581706,1.032498125918691,1.044720938019954,0.9990865234675065,0.9996652930881129,0.0024752999999999997,1.0,0.5271169660299445,0.022200000000000004,0.149553513097907,0.57,0.8556288707523761
0.26278323777222945,6.338709677419354e-5,9.52710041725959,-285.55867467755195,-287.53462923473484,-0.24159838493106472,-0.3142957316378848,0.5928713064896025,0.6999883403629036,-0.013306804519703855,0.21805251853048474,0.3020254912340075,0.11472631527174813,0.05602924489229971,0.5316706187035882,0.6316841448162642,0.22494958392972325,-0.27640996404791,-0.3422859281841288,0.8254294050154588,1.1029674369625782,0.9777628965250429,1.0009336884861635,1.0297219667183595,1.0380370410355115,1.0532553004029588,0.9991477867553266,0.9997721349252564,0.0024752999999999997,1.0,0.5382379579606663,0.022200000000000004,0.149553513097907,0.57,0.8556288707523761
0.2726308172719081,6.338709677419354e-5,5.56014656289517,-283.76422141648527,-285.5511523075526,-0.26454166424152725,-0.199617034698329,0.5895058050587426,0.6742827292014859,0.009223789605363884,0.21432530656415075,0.2940639560760853,0.11962817700092349,0.049536002137076846,0.518974336386925,0.6423652355960492,0.21894262365814965,-0.3178188884103357,-0.2782564887640538,0.7759951252809046,1.085656631942267,0.9861623556049312,1.0010827799175412,1.0313892136817895,1.043518415305144,1.0617491985010739,0.9992000906476342,0.9998748381288545,0.0024752999999999997,1.0,0.549358949891388,0.022200000000000004,0.149553513097907,0.57,0.8556288707523761
0.2825908729985017,6.338709677419354e-5,2.6382838371691832,-282.4292844543033,-284.09022094468963,-0.2875448910311369,-0.09050078678689066,0.5829870475810157,0.6488855853207046,0.03626508120395228,0.20973555543246555,0.28709644877195006,0.1254745406346304,0.0414888525979054,0.5078878479405844,0.6574013097201896,0.2087069313455407,-0.3571502230535067,-0.20676940049634054,0.7353017537291074,1.068417398635998,0.9942993441533076,1.0012281235479898,1.0333502288059424,1.0488605045184156,1.0700291112649123,0.9992558066031547,0.9999715334051852,0.0024752999999999997,1.0,0.5604799418221098,0.022200000000000004,0.149553513097907,0.57,0.8556288707523761
0.29265847785734184,6.338709677419354e-5,0.7823560858362271,-281.56809568426223,-283.16225706902316,-0.30951274791163635,0.014371039090267214,0.5760673647085021,0.6228467399053772,0.06650785136309084,0.2045472817658843,0.27973594593724016,0.13392839637575116,0.03263285063034943,0.49735555902881945,0.6749893440282542,0.19420213425698393,-0.3944150981000067,-0.1284520704638254,0.7032364742867918,1.0512745686990987,1.0021225978933919,1.0013694040799506,1.0351892022386668,1.0540429833803768,1.0780769461757937,0.9993013594802032,1.0000593005396359,0.0024752999999999997,1.0,0.5716009337528316,0.022200000000000004,0.149553513097907,0.57,0.8556288707523761
0.3028286515507688,6.338709677419354e-5,0.0,-281.186731284426,-282.77107902610504,-0.3310287289899299,0.11502091139327819,0.5675475725347653,0.5966290204409194,0.10085855200366155,0.19876763261211056,0.27268623915235485,0.14407961263432031,0.022629899580311277,0.48819786549339,0.6964523806996247,0.1758022713809821,-0.4296818349663371,-0.042855035057137336,0.6793251468012361,1.0342245665971024,1.0094998343894521,1.0015020695378236,1.0370963085856428,1.0589741698683923,1.085634550033834,0.9993392483618042,1.0001179920047347,0.0024752999999999997,1.0,0.5827219256835534,0.022200000000000004,0.149553513097907,0.57,0.8556288707523761
0.31309636304181315,6.338709677419354e-5,0.3111959292929214,-281.2968199645239,-282.9266769907515,-0.35202216687716986,0.21108510148259402,0.556927298146715,0.5705011671282602,0.1388669350543342,0.1920333362672386,0.26585529158168747,0.15583527271203576,0.011423681958914012,0.4800605660746111,0.7210451287961387,0.15326079147606472,-0.4629483262486186,0.04944649221471964,0.6638065963023699,1.0172767252803794,1.0165478346767012,1.0016299151170696,1.0391369775170765,1.0637080169904607,1.0929167639031097,0.9993759112083355,1.0001729306020333,0.0024752999999999997,1.0,0.5938429176142752,0.022200000000000004,0.149553513097907,0.57,0.8556288707523761
0.3234565330429751,6.338709677419354e-5,1.7500541687272744,-281.9171532068896,-283.6461061104687,-0.3727542863472736,0.3024891713037997,0.5442217042804965,0.5439935366142591,0.18056427558551533,0.18441712113935313,0.2594264322340556,0.1696077543409398,-0.0009163633814954501,0.4729006915840195,0.7486335580584977,0.12651803735120615,-0.4943704125411189,0.14862989998892714,0.6562602638545852,1.0004428073737717,1.0232206898451883,1.0017517161356853,1.0412856534618598,1.0682032522969171,1.0998538657668848,0.9994101406167595,1.000224109928415,0.0024752999999999997,1.0,0.6049639095449969,0.022200000000000004,0.149553513097907,0.57,0.8556288707523761
0.33390403652887574,6.338709677419354e-5,4.3543970866074915,-283.0679917975591,-284.9482775694088,-0.39303688763627503,0.3887938742968103,0.5295815462090505,0.5172184909823276,0.22605392743310246,0.17588448212090252,0.25298020236383056,0.1850660966927045,-0.014367662359089059,0.46661819471945826,0.7790360550670917,0.09616092344786797,-0.5237646325239148,0.2539837960616359,0.6565677025574208,0.9837318199536188,1.0295020411067577,1.0018669882202507,1.04352707633841,1.07244144638534,1.1064182648537637,0.9994414852933731,1.00027144457657,0.0024752999999999997,1.0,0.6160849014757187,0.022200000000000004,0.149553513097907,0.57,0.8556288707523761
0.3444337052715314,6.338709677419354e-5,8.166066421650498,-284.770093425736,-286.8541122369303,-0.41293565459284093,0.4691544162688352,0.5149400451872714,0.4900626258247609,0.27442950889008605,0.16733211680202217,0.24654247984933386,0.20201072176390938,-0.02881042215090799,0.46085423661020186,0.8126769414202241,0.0624428331446108,-0.5520855569341171,0.3651867297360943,0.6646970004071148,0.9671618563207627,1.0353628069644014,1.0019747543957889,1.0457181214575126,1.076386021273076,1.1125543180101796,0.9994663769856167,1.00031604431869,0.0024752999999999997,1.0,0.6272058934064405,0.022200000000000004,0.149553513097907,0.57,0.8556288707523761
0.3550403303970013,6.338709677419354e-5,13.231314743544317,-287.0488024071007,-289.3867363978772,-0.43221065091848804,0.54428234586885,0.49839874131923967,0.462626449744433,0.3264536411198072,0.15801042941712204,0.24034987579177722,0.22062522738926083,-0.04410947797075215,0.4558134003025352,0.8484758930582336,0.024786528463175278,-0.5783437222187353,0.48210954338601625,0.6805133300074494,0.9507305256664368,1.0407749823980517,1.002075545992754,1.0479667121437162,1.0800582761166782,1.1182923472015474,0.9994888480823353,1.0003570878938457,0.0024752999999999997,1.0,0.6383268853371622,0.022200000000000004,0.149553513097907,0.57,0.8556288707523761
0.36571866496214184,6.338709677419354e-5,19.60113118873096,-289.92998099200423,-292.5716446204705,-0.4513953220917865,0.6138889875847559,0.479911112716283,0.4351669439334272,0.38171211065940147,0.1477817990903352,0.23428956823867017,0.24067519795735337,-0.06060605274627768,0.45168976909108133,0.8871045445792762,-0.01655370435538258,-0.6030528733576749,0.6048782892107746,0.7034867640878132,0.9344532004988949,1.0457099282769395,1.0021660792015732,1.050358826192282,1.0833467711753395,1.1234454677381562,0.9995093674482214,1.0003941053324767,0.0024752999999999997,1.0,0.649447877267884,0.022200000000000004,0.149553513097907,0.57,0.8556288707523761
0.37646342655019266,6.338709677419354e-5,27.331558619941006,-293.44166965584645,-296.43685833607555,-0.47061895499191875,0.677798520968937,0.45921768821960124,0.4079490630382036,0.4398943009097878,0.13647700767760867,0.22841073056137556,0.2622266674331167,-0.07846156065709312,0.4484850996207286,0.9284397627875056,-0.06097133337654795,-0.6257405345528935,0.7326634920551132,0.7334282180393153,0.9183394035715362,1.0501573909788469,1.0022479603449357,1.0529227657723756,1.0863165243724167,1.128105337240341,0.999528390821146,1.0004265594638946,0.0024752999999999997,1.0,0.6605688691986058,0.022200000000000004,0.149553513097907,0.57,0.8556288707523761
0.3872692998839115,6.338709677419354e-5,36.48384826052404,-297.6149428349314,-301.01300315636706,-0.4897078027757424,0.7348657259644785,0.43758052135477843,0.3799038295250994,0.5019737256290713,0.12479609461195014,0.2224151841229733,0.2853015114005731,-0.09713258357084181,0.4455516982991228,0.9721591276830867,-0.10868752741840038,-0.6475365657214336,0.8659233718366162,0.7701570585966615,0.9024008747622048,1.0541000121475124,1.0023182907395694,1.0554592690157596,1.0888572515969204,1.1321068479670278,0.9995425810116516,1.0004560749124367,0.0024752999999999997,1.0,0.6716898611293276,0.022200000000000004,0.149553513097907,0.57,0.8556288707523761
0.3981309394549647,6.338709677419354e-5,47.124483282487176,-302.4820327217181,-306.33332066734863,-0.50826595845103,0.7859749515030264,0.4148653106608685,0.3513800433620468,0.5666815898283784,0.11282770945324741,0.21683786258640986,0.3098616863386468,-0.1162307080364196,0.44360340821707517,1.0177455329291538,-0.1598257492312341,-0.6674197945709116,1.0039125475276724,0.8140761719523489,0.8866338183140413,1.0574990933208088,1.0023798474804062,1.0580567593572603,1.0910678857097365,1.1356081969314744,0.9995533276776734,1.0004826301267291,0.0024752999999999997,1.0,0.6828108530600494,0.022200000000000004,0.149553513097907,0.57,0.8556288707523761
0.4090429721682723,6.338709677419354e-5,59.32500443524384,-308.0832164400495,-312.43358124372696,-0.5264418834619484,0.829912400419822,0.39044412566120895,0.3227490228404072,0.6341514350666755,0.10012051587461336,0.21106344845133612,0.33532364431573414,-0.13602965024733105,0.44193701203413116,1.0645951245769436,-0.21399176014186636,-0.6856636753017391,1.1454579399804965,0.8639695028159954,0.8710730800744849,1.0603472858076668,1.002429554814536,1.0606691546025901,1.0928450165594819,1.1384344562087187,0.9995614938782462,1.0005050683875703,0.0024752999999999997,1.0,0.6939318449907712,0.022200000000000004,0.149553513097907,0.57,0.8556288707523761
0.41999999999999993,6.338709677419354e-5,73.16157576197236,-314.4443297120111,-319.3518669070912,-0.5443617021394656,0.868272645277003,0.36649074376509916,0.29303721283957207,0.704370700831709,0.08758913608186399,0.20541330511251027,0.36215176438862157,-0.15612499636956928,0.441063753596152,1.1146077961660206,-0.2706832249150968,-0.7044643001170222,1.293041036014709,0.9211452848989098,0.8557014592277101,1.0626663154468636,1.002467961043472,1.0633740499955233,1.0942046786742012,1.1406167993951986,0.9995642151195107,1.0005265216719144,0.0024752999999999997,1.0,0.7050528369214929,0.022200000000000004,0.149553513097907,0.57,0.8556288707523761
0.18,6.741935483870967e-5,89.26153104370644,-320.2581781711823,-327.40184454795826,-0.03529454242556453,-1.5117367900319607,0.5820405028208445,0.9899092103319217,-0.13138480710798872,0.23416909169402236,0.3978090669845452,0.1356920786975181,0.09378666980182873,0.7115869243788316,0.619957861754778,0.15167118085163311,0.2708164223045151,-0.8180245547064744,1.7254747607489538,1.2437328050405518,0.893928422833745,0.9995657792226122,1.0120214809384085,0.9874257841773088,0.9753117328197346,0.9984256102912911,0.9986289211748712,0.0024752999999999997,1.0,0.4381490305841703,0.022200000000000004,0.149553513097907,0.57,0.8556288707523761
0.18862353629575357,6.741935483870967e-5,76.45110130509693,-314.7556133418884,-320.9966296786535,-0.06311833959851695,-1.3705773196895434,0.5901654895810113,0.9618742468715374,-0.13616387424454307,0.23595980828959628,0.3870330010172239,0.12489429061379412,0.0944076425305232,0.6883823756898676,0.6062299422423844,0.17631365118068779,0.2063371377332248,-0.8002626738877203,1.5937228242405983,1.2268963453842274,0.9031730773146149,0.9997001156439879,1.0133559145075606,0.992488905159548,0.982967352845979,0.9985108858044345,0.998769979900309,0.0024752999999999997,1.0,0.4492700225148921,0.022200000000000004,0.149553513097907,0.57,0.8556288707523761
0.197401105998178,6.741935483870967e-5,64.61863560393226,-309.65022952677606,-315.0803968280712,-0.08975214683714607,-1.23174655533753,0.5970067639142227,0.9342659009632717,-0.13747262415021733,0.2368323042651135,0.3770721379324513,0.11605490705312167,0.09425624254747779,0.6662502280477449,0.5962258364833533,0.1970802600053101,0.14355675941883095,-0.7741218598760603,1.4715701670858803,1.2100844365427925,0.9124407894621566,0.9998391186200992,1.0149435031596186,0.9977078187725714,0.9908887939542985,0.9986054161519351,0.9989094801252009,0.0024752999999999997,1.0,0.46039101444561387,0.022200000000000004,0.149553513097907,0.57,0.8556288707523761
0.20632836697123808,6.741935483870967e-5,53.76157072569072,-304.94659821055143,-309.6518643889504,-0.11596036661577047,-1.0937769170292893,0.6021062819754032,0.9060251895252684,-0.1343582521920915,0.23705179532970336,0.3667997241084642,0.10919122216450239,0.09302780581118777,0.6454240687222894,0.5892120335718127,0.21452069811099536,0.0834954827663906,-0.7420518336042803,1.3586440301345952,1.1933119853555498,0.9217175546500255,0.9999823749000174,1.0165266062755771,1.0030573136634047,0.9990522466661598,0.9986877356732009,0.9990444358168146,0.0024752999999999997,1.0,0.4715120063763356,0.022200000000000004,0.149553513097907,0.57,0.8556288707523761
0.21540090302880485,6.741935483870967e-5,43.879817410635155,-300.64531165460147,-304.7109877314226,-0.14145679669313885,-0.9586445580060884,0.6058465917886314,0.8778422205395957,-0.1276645329102182,0.23660267574464364,0.3569678019048856,0.10432292868456491,0.09075769190080338,0.6256034234380684,0.5854454594874408,0.2279680486674763,0.025396831169922196,-0.7034714835372842,1.254921166521288,1.1765728837809248,0.9309450319884807,1.0001290716152313,1.0182006412661178,1.0085172896076116,1.0074115179986514,0.9987677555870784,0.9991752975445669,0.0024752999999999997,1.0,0.4826329983070574,0.022200000000000004,0.149553513097907,0.57,0.8556288707523761
0.2246142261192784,6.741935483870967e-5,34.9757983261502,-296.75171802569474,-300.25897818918014,-0.16628970634054463,-0.8261973961643334,0.6080151068631692,0.8495657261867007,-0.11699202949783279,0.2354952104715417,0.3474232178246651,0.10129792892334005,0.0875712683089145,0.6070707650290974,0.5848897459117044,0.23759237474773753,-0.030298173014208698,-0.6585409096059428,1.1604468778478798,1.1598611634381943,0.9401110428579136,1.0002783398245985,1.019926301676451,1.014055090319035,1.015917022332914,0.9988439314215978,0.9993019083401552,0.0024752999999999997,1.0,0.4937539902377792,0.022200000000000004,0.149553513097907,0.57,0.8556288707523761
0.23396377854576186,6.741935483870967e-5,27.054541257325354,-293.2713247847593,-296.2983496547677,-0.19048787566296563,-0.6970950702198329,0.608773731558768,0.8212382110735003,-0.1027754705335618,0.23374573675529242,0.3381158141313249,0.10002645801726087,0.08339361215985396,0.5898009765983963,0.5876562667731942,0.24350643992509544,-0.08384863704657594,-0.6075029339652851,1.0748829442651937,1.143187761492069,0.9492055861196751,1.0004290993660379,1.0217151825514577,1.0196329070896089,1.0245071830832384,0.9989162162563708,0.9994238320647003,0.0024752999999999997,1.0,0.504874982168501,0.022200000000000004,0.149553513097907,0.57,0.8556288707523761
0.24344493522068753,6.741935483870967e-5,20.123736795834134,-290.21208947874925,-292.8329474240221,-0.21441137574856306,-0.5719669692157866,0.6076048225310644,0.792778926081508,-0.0848859164941839,0.23132626611984847,0.32942724105414184,0.10029746026834158,0.07813960777049407,0.5733112714904387,0.593269434555337,0.24508864606530734,-0.1346829187049749,-0.5497301246377965,0.9981319501011988,1.126540118763315,0.9581568921258816,1.0005808970515415,1.0235902312309306,1.0252418094750335,1.033156232327962,0.9989878713614481,0.999541019744486,0.0024752999999999997,1.0,0.5159959740992227,0.022200000000000004,0.149553513097907,0.57,0.8556288707523761
0.25305300595378105,6.741935483870967e-5,14.193742457110375,-287.58154193283684,-289.86795025466023,-0.23715289164359843,-0.4490962792731887,0.6050102957741686,0.7643129797394401,-0.06349259320041585,0.22800215309598257,0.3206607118698179,0.10278939794333403,0.07210819151851385,0.5584998194473856,0.6022309070645674,0.2432059702028549,-0.18382795889199216,-0.4859438793429534,0.9306413860120478,1.1099323965865073,0.966989271188487,1.0007320156830757,1.025534048497858,1.0307996674716886,1.0417659878830003,0.9990543829644272,0.9996540307792279,0.0024752999999999997,1.0,0.5271169660299445,0.022200000000000004,0.149553513097907,0.57,0.8556288707523761
0.26278323777222945,6.741935483870967e-5,9.277593264407074,-285.38852046264236,-287.4098756583086,-0.2591794445802674,-0.3303154510162197,0.6012044578665393,0.7358009998939804,-0.03855725353920648,0.22417217283250934,0.3120742406436892,0.10716305449956452,0.0649072728938716,0.5442917895571028,0.6139874142928443,0.23816149070264106,-0.23080217881304857,-0.4167283559366946,0.8716145191465003,1.0933699051672556,0.9756019628735089,1.0008827588192464,1.0274828379102432,1.0363280442095557,1.0503538492708835,0.9991147227123179,0.9997617886463646,0.0024752999999999997,1.0,0.5382379579606663,0.022200000000000004,0.149553513097907,0.57,0.8556288707523761
0.2726308172719081,6.741935483870967e-5,5.390957975940523,-283.6443175041625,-285.4665580140753,-0.2811175247194469,-0.21594067414633109,0.595552241484953,0.707311811788583,-0.010239395903904717,0.2195793351114116,0.30390991192011513,0.11304714569776232,0.05672673299709603,0.5313055856439098,0.6288221322454571,0.22868429518218075,-0.27544525108823287,-0.34097670195508273,0.8212396110878284,1.0768478115034112,0.9840213273298312,1.0010314931375002,1.0295236845443108,1.0417772411602122,1.058826850782741,0.9991734326634845,0.9998643565076015,0.0024752999999999997,1.0,0.549358949891388,0.022200000000000004,0.149553513097907,0.57,0.8556288707523761
0.2825908729985017,6.741935483870967e-5,2.55208345829908,-282.3602616238242,-284.0471207552546,-0.30267433521634146,-0.10609581670999631,0.5881376002399429,0.6790566077267379,0.02094196507372631,0.21425625234949727,0.29613646899016505,0.120329786888297,0.04730184175046818,0.5193351840559584,0.6468761620143059,0.21559017052989396,-0.31798957021133323,-0.25925773608514047,0.779168503884922,1.0603790596571996,0.9921950485670886,1.0011768267325623,1.031686381469218,1.0470919448106815,1.0671055859351295,0.9992301819954688,0.9999614736122971,0.0024752999999999997,1.0,0.5604799418221098,0.022200000000000004,0.149553513097907,0.57,0.8556288707523761
0.29265847785734184,6.741935483870967e-5,0.7817667359896632,-281.5487632648389,-283.1619623940999,-0.32326830282426827,-0.00032740790761406,0.5801972734910883,0.6502676001677865,0.05545096517438122,0.20838609200796585,0.2880147863111673,0.1301234354055336,0.03733772049884763,0.5082352213718292,0.6672086953832138,0.1985696873183285,-0.35861774321557677,-0.17196274680906068,0.7458995678313006,1.043970364906976,1.0000938167068343,1.0013208237519837,1.0337069056857835,1.0523358911385543,1.0753074525017114,0.99927732756403,1.0000540147030943,0.0024752999999999997,1.0,0.5716009337528316,0.022200000000000004,0.149553513097907,0.57,0.8556288707523761
0.3028286515507688,6.741935483870967e-5,0.09009215821652106,-281.21955895177496,-282.8161251052133,-0.3427815207975172,0.10095998795196573,0.5703360659703209,0.6216076584175672,0.0933040524745322,0.20181335037005885,0.28029677471270026,0.14141542908936022,0.02650240936272435,0.49826877669248765,0.6902702646388644,0.17772314578115597,-0.39651985083308644,-0.07867583533309258,0.7207227658471955,1.0276151667196147,1.0075297380340607,1.0014550226588255,1.0357715044330684,1.0572970798792203,1.0829519776096699,0.999317802792384,1.0001128220158024,0.0024752999999999997,1.0,0.5827219256835534,0.022200000000000004,0.149553513097907,0.57,0.8556288707523761
0.31309636304181315,6.741935483870967e-5,0.4919516101492718,-281.3794285303904,-283.0170548311797,-0.36291967594961727,0.1976601113439407,0.559080360987022,0.5930003194798773,0.1343859839155487,0.19469842841872037,0.27283182434169617,0.1539808392460422,0.014243655086251212,0.4892571904533456,0.717025690084645,0.15373907201448714,-0.43283792800169957,0.02070437515998363,0.7031702085504639,1.0113399043382438,1.0146409623774324,1.00158386634764,1.037962491801412,1.0620554054235194,1.0902908613448017,0.9993550726900969,1.0001681271126777,0.0024752999999999997,1.0,0.5938429176142752,0.022200000000000004,0.149553513097907,0.57,0.8556288707523761
0.3234565330429751,6.741935483870967e-5,2.0198009726959754,-282.0481950545538,-283.78097951245303,-0.38232625942498005,0.28971151864083383,0.545187513014563,0.564686532716753,0.17820162762864294,0.18633958691273914,0.2657868310572598,0.1682899717313217,0.0010310684162196276,0.48127022443048506,0.745910271726733,0.1253912999414392,-0.46675199402405887,0.12578167548967842,0.6937273755539914,0.995141244506568,1.0213867787225288,1.0017072063855386,1.040303370774756,1.0665933233076155,1.0973154767617646,0.9993927207803306,1.0002191009943602,0.0024752999999999997,1.0,0.6049639095449969,0.022200000000000004,0.149553513097907,0.57,0.8556288707523761
0.33390403652887574,6.741935483870967e-5,4.7092146721676045,-283.2422513791383,-285.12568636218884,-0.40162130069358415,0.37636720625861775,0.5317795543637334,0.5359472325176723,0.22512097848208726,0.17820013521357853,0.25860646225381495,0.18419665642225488,-0.012967013590828733,0.473833570873601,0.7778411581709977,0.09426895282975319,-0.49941021322552726,0.23585316984168628,0.6922557408801403,0.9790356438748665,1.0277562188305003,1.0018248104981413,1.042500212764459,1.0709033454400716,1.104012615940074,0.9994213469970759,1.0002677865696143,0.0024752999999999997,1.0,0.6160849014757187,0.022200000000000004,0.149553513097907,0.57,0.8556288707523761
0.3444337052715314,6.741935483870967e-5,8.599218117259738,-284.98434763217807,-287.0706880847349,-0.42041376236056094,0.45790137597034425,0.5158237697069913,0.5071696016686682,0.27523649729578753,0.16868107229206283,0.2516157414706988,0.2019835635080223,-0.02779421898249756,0.4678048955184715,0.8122367347174653,0.059470431329216894,-0.5301340905503843,0.35177385087801816,0.6985190640552713,0.9630221306901466,1.0336941869064202,1.0019352140332707,1.0449216000721469,1.0749367257624145,1.1102989127617044,0.9994496757367357,1.0003122159913114,0.0024752999999999997,1.0,0.6272058934064405,0.022200000000000004,0.149553513097907,0.57,0.8556288707523761
0.3550403303970013,6.741935483870967e-5,13.732646042479473,-287.29763205076614,-289.6374020473448,-0.4389462801749667,0.5341644193661449,0.49865632289236395,0.4787591042753764,0.3275924836470996,0.15880917417625853,0.24485746226290434,0.2206560862399774,-0.04396208866002502,0.46192279307033357,0.8489779386137922,0.021184608702684994,-0.5588543002192765,0.47238385490247686,0.7119402865043006,0.9471302378979102,1.0391900195743682,1.0020370815684516,1.0473499471070904,1.0786451408555182,1.116098349692751,0.9994749771881141,1.0003530191404082,0.0024752999999999997,1.0,0.6383268853371622,0.022200000000000004,0.149553513097907,0.57,0.8556288707523761
0.36571866496214184,6.741935483870967e-5,20.156602830320935,-290.2060883027124,-292.8493804412655,-0.4571364128912537,0.6040734510695687,0.48003981528403133,0.44996635959541165,0.38322601994196476,0.14845745766283866,0.23841661571369635,0.24096292887312112,-0.06083342905091333,0.45681816108082784,0.8878852166182837,-0.02046240925421334,-0.5857485678169697,0.5977626134045335,0.7328584815068498,0.9313541038243337,1.0442378602987106,1.0021302739385245,1.0497974085888309,1.0820254880002915,1.1214030668085067,0.9994965557399007,1.0003902424454383,0.0024752999999999997,1.0,0.649447877267884,0.022200000000000004,0.149553513097907,0.57,0.8556288707523761
0.37646342655019266,6.741935483870967e-5,27.92290075825133,-293.73502405874495,-296.7325294052307,-0.4751543172132846,0.6682930780722816,0.46032416323396896,0.42052991537923223,0.4421046593488631,0.13767234459586628,0.2318734651294045,0.262555935178419,-0.07830428014902042,0.4525719179503532,0.9291638412839667,-0.06554244421588883,-0.6111227982019739,0.7282399719915054,0.7610703945569031,0.9157049217435361,1.048792502348909,1.0022143485595487,1.052241099434013,1.085062983459046,1.1261879136662272,0.9995139224480757,1.0004246408979618,0.0024752999999999997,1.0,0.6605688691986058,0.022200000000000004,0.149553513097907,0.57,0.8556288707523761
0.3872692998839115,6.741935483870967e-5,37.08844927029429,-297.91458952475995,-301.3153036612522,-0.493222096916888,0.7265772576434433,0.43867630923606976,0.39188498261112764,0.5031900948528978,0.12578478055995396,0.22566959793237815,0.285627416668815,-0.09712729634597575,0.4491805254782819,0.9728938071796753,-0.11296652442317759,-0.6347481581638771,0.862671043983954,0.7956799612112176,0.9002050280434695,1.05283440089458,1.0022881789177294,1.0549179761855205,1.0877277519268802,1.1303889717443252,0.9995303432432343,1.00045419189249,0.0024752999999999997,1.0,0.6716898611293276,0.022200000000000004,0.149553513097907,0.57,0.8556288707523761
0.3981309394549647,6.741935483870967e-5,47.71549246167922,-302.7750685121032,-306.62882525694465,-0.5110704290776162,0.7784653383157136,0.41594375491738494,0.36258256197131333,0.5677956004448859,0.11364064733069527,0.2195028154841606,0.3099135790577393,-0.11646990964553508,0.44621732174094486,1.0182897886381292,-0.16399061434919837,-0.6566955814223254,1.0019090026716522,0.8371483391716955,0.8848492648806995,1.0563516184248742,1.0023519446746356,1.057558052416689,1.0900189542699807,1.1340164114827416,0.9995424542656367,1.000480987363249,0.0024752999999999997,1.0,0.6828108530600494,0.022200000000000004,0.149553513097907,0.57,0.8556288707523761
0.4090429721682723,6.741935483870967e-5,59.87169816853634,-308.35068320699907,-312.7069281103732,-0.5291559562607411,0.8239485719033508,0.39156474990092616,0.3334240423987948,0.6346195319541411,0.10062999309076957,0.2133748211488694,0.3354523974687955,-0.1368018274179373,0.4443714082204656,1.0661263615505867,-0.21769397175521618,-0.6769807651553197,1.144870375133681,0.8848595566539954,0.869666048003056,1.0593272944617709,1.0024043473616426,1.0603217999815333,1.0919014248012309,1.1369965647880853,0.9995523752876835,1.0005035212678925,0.0024752999999999997,1.0,0.6939318449907712,0.022200000000000004,0.149553513097907,0.57,0.8556288707523761
0.41999999999999993,6.741935483870967e-5,73.6299495225835,-314.67644409527094,-319.5860537873968,-0.5468500860546773,0.8627658555506675,0.366580441862262,0.3037565668770459,0.7045625678023651,0.08741738953125854,0.20737715508372667,0.3623009342807453,-0.15779386390754463,0.442175139173059,1.1152994027656806,-0.273648534207719,-0.6963199091859265,1.2919479014061745,0.9389142019485657,0.854644928236123,1.0617717833728957,1.0024464255874792,1.063105982517921,1.0934068198734437,1.1393885205325078,0.9995580689591881,1.0005235275568103,0.0024752999999999997,1.0,0.7050528369214929,0.022200000000000004,0.149553513097907,0.57,0.8556288707523761
0.18,7.14516129032258e-5,88.64972826296332,-319.71916818335933,-327.0959431575867,-0.07295866838745146,-1.5344357048008792,0.6149028079647887,1.0595811140547007,-0.22653835683449788,0.2528697003145255,0.41628058052603617,0.10226075356606801,0.12254384120290096,0.7288837674253,0.5528084618830584,0.22121512246862624,0.34494088430648673,-1.0454239746681722,1.7686066328601753,1.2248318998979655,0.8920733281966619,0.9995159967296047,1.0072326871896347,0.9861902566430377,0.9724859448376462,0.9983756184915926,0.9986153414580536,0.0024752999999999997,1.0,0.4381490305841703,0.022200000000000004,0.149553513097907,0.57,0.8556288707523761
0.18862353629575357,7.14516129032258e-5,75.83681058901834,-314.2383066640507,-320.6894843206142,-0.09788810313433671,-1.3930462386988653,0.6196756097500123,1.0268049676426145,-0.22038487549770747,0.2526043627604474,0.40489342019921837,0.09540566217501856,0.12038047700715365,0.7051509740006043,0.5475024395653828,0.23647030964299362,0.2764680899380519,-1.0008246008726986,1.6380733653985466,1.2090877065952128,0.9012940320219356,0.9996522446889311,1.0091357155046783,0.9912738202422186,0.9802493767070093,0.9984758966686739,0.9987585369669459,0.0024752999999999997,1.0,0.4492700225148921,0.022200000000000004,0.149553513097907,0.57,0.8556288707523761
0.197401105998178,7.14516129032258e-5,64.03039665542565,-309.1699734590657,-314.78627735381787,-0.12246387774100652,-1.2522099084262293,0.6231913816816712,0.9939472780109995,-0.21164550261278178,0.25167491291244615,0.39328496472438607,0.09058675635450565,0.1171645080781624,0.6829310507515587,0.545138208130505,0.24954093080564424,0.20975427369437194,-0.9518721021700284,1.5168114100273302,1.1933639333321933,0.9105422931126927,0.9997911003428479,1.0110935670834582,0.996426467894204,0.9881610749317636,0.9985637689992273,0.9988974368832559,0.0024752999999999997,1.0,0.46039101444561387,0.022200000000000004,0.149553513097907,0.57,0.8556288707523761
0.20632836697123808,7.14516129032258e-5,53.224554133385595,-304.5133428066819,-309.38335609279784,-0.14634618468413188,-1.1137878844627769,0.6254398349395666,0.9613429707608233,-0.19980779767763004,0.2503167381461099,0.38215390296669793,0.087373139297032,0.11312901667531555,0.6616510625499049,0.5452049572861364,0.2594193548738987,0.14564475189377357,-0.898273676568667,1.4045389130270989,1.1776462751185406,0.9197917635822324,0.9999347169093138,1.0130638761761874,1.0017377884730396,0.9963438766003351,0.9986474696636166,0.9990322718879517,0.0024752999999999997,1.0,0.4715120063763356,0.022200000000000004,0.149553513097907,0.57,0.8556288707523761
0.21540090302880485,7.14516129032258e-5,43.41523238013394,-300.2688887471016,-304.478695216172,-0.1695024704573719,-0.9783791370383984,0.6263109112136953,0.9290693324598562,-0.1850166832042464,0.24829886380287752,0.37152991578064865,0.0854779029866756,0.10850971142633642,0.6415331049788451,0.5479941022904419,0.26566710195259063,0.08392387658597814,-0.8398130727445894,1.3015742785230924,1.161925448918059,0.9290111131759992,1.0000816454314785,1.0151217084062845,1.0071602715612193,1.0047152703172295,0.9987333765876346,0.9991636632326817,0.0024752999999999997,1.0,0.4826329983070574,0.022200000000000004,0.149553513097907,0.57,0.8556288707523761
0.2246142261192784,7.14516129032258e-5,34.600440085125,-296.4413257804748,-300.07129906866754,-0.19188367087619013,-0.8450438352244263,0.6255891747873558,0.8966799638969309,-0.1671656746201938,0.2455731283767392,0.36106253905407937,0.08524102622283068,0.10304631375796153,0.6224203255548989,0.5532885492862807,0.26886308522676483,0.024433875447925968,-0.7762553157107072,1.2073014440371241,1.1462042090007691,0.9381602694758071,1.0002310430257106,1.017246208737132,1.0126548386595557,1.0132270406739836,0.9988156165207315,0.9992911685275686,0.0024752999999999997,1.0,0.4937539902377792,0.022200000000000004,0.149553513097907,0.57,0.8556288707523761
0.23396377854576186,7.14516129032258e-5,26.780476328068175,-293.03005377666733,-296.16131719013913,-0.21424658982806466,-0.7151575773461827,0.6240562571342491,0.8648378301793939,-0.1463373624959241,0.24257202974024095,0.35097334138228037,0.08668705662567665,0.0966885621596092,0.6043989653903326,0.5610079126754338,0.26894559699535364,-0.03230739142799661,-0.7088931486065847,1.1220769415590237,1.1304887925118647,0.9472583301894103,1.0003821942900089,1.019307046708098,1.0182062871766242,1.021838531195897,0.9988885781865866,0.9994131856096756,0.0024752999999999997,1.0,0.504874982168501,0.022200000000000004,0.149553513097907,0.57,0.8556288707523761
0.24344493522068753,7.14516129032258e-5,19.958229331272832,-290.04155308251825,-292.75019369174146,-0.2358051209347523,-0.5882771271628432,0.6211791447073618,0.8329545793008409,-0.12259633387673978,0.2389151073263302,0.34099641836880346,0.08971497026519851,0.08954682084744559,0.5876069262970571,0.5715196641484145,0.26622175799263215,-0.08697383352655792,-0.6368637773694982,1.045451592055988,1.114774696340276,0.9562239989502426,1.000533828205384,1.021422665557477,1.0237593474527997,1.0304771540792972,0.9989579928006568,0.9995308684535484,0.0024752999999999997,1.0,0.5159959740992227,0.022200000000000004,0.149553513097907,0.57,0.8556288707523761
0.25305300595378105,7.14516129032258e-5,14.139443952011788,-287.48179138517634,-289.84080100211094,-0.2569707978747539,-0.465512575736691,0.6164002036146395,0.8014523083536963,-0.09566442160049891,0.23459295882763914,0.3317692331994415,0.09396668504869868,0.08162551003575379,0.5717531804734884,0.584392543564286,0.2594534845301369,-0.1390320744766846,-0.5596796623098478,0.9775127809989281,1.0990571812532786,0.9650491690754405,1.000685641551886,1.023653079726851,1.0293134312766314,1.0391257365369526,0.9990289162552926,0.9996438729732273,0.0024752999999999997,1.0,0.5271169660299445,0.022200000000000004,0.149553513097907,0.57,0.8556288707523761
0.26278323777222945,7.14516129032258e-5,9.33295979474508,-285.3574162554714,-287.4375589234776,-0.2774890161013105,-0.34583126066489583,0.6108155535964891,0.7695238960788784,-0.06593339968017575,0.2297661270723003,0.3222207318998695,0.10016293862274556,0.07289049741875496,0.557092499728543,0.5999212433646565,0.2502848424089031,-0.18901142646413432,-0.4784958524313392,0.9178559207734446,1.0833552872954664,0.9736995203962621,1.000836783859473,1.0258039409223745,1.0348250117579993,1.0477355840864846,0.9990896194137845,0.9997519848736598,0.0024752999999999997,1.0,0.5382379579606663,0.022200000000000004,0.149553513097907,0.57,0.8556288707523761
0.2726308172719081,7.14516129032258e-5,5.550923897598182,-283.67695699095947,-285.54654097490413,-0.2977362115817042,-0.2307673173973721,0.6034729611245295,0.7381906100224487,-0.03291187504728232,0.22432952134654835,0.3134028150661188,0.10762185820130225,0.06327333958055845,0.5434294733156725,0.6179678203187079,0.2375017946295222,-0.2364626311703117,-0.39242360618658656,0.8667232898083368,1.0676562467109336,0.9821443161292245,1.0009859248834132,1.028064964140581,1.0402586021320346,1.056231060968099,0.9991502920603206,0.9998548736288494,0.0024752999999999997,1.0,0.549358949891388,0.022200000000000004,0.149553513097907,0.57,0.8556288707523761
0.2825908729985017,7.14516129032258e-5,2.8088667178086553,-282.4506027694698,-284.17551238500937,-0.3176263638635795,-0.1201624219441654,0.5943103323944972,0.7069980114692505,0.0029725154090990296,0.21822634327130724,0.30476675099190176,0.11600415486647285,0.052660476693994346,0.5310823669788641,0.6390305880867984,0.22182722059570117,-0.2816045279536458,-0.3020303902221498,0.8237372523620237,1.0519861080144448,0.9903683660298364,1.0011333189522116,1.030434928106412,1.0456207866639504,1.0646265740225722,0.9992089583916272,0.9999523521395943,0.0024752999999999997,1.0,0.5604799418221098,0.022200000000000004,0.149553513097907,0.57,0.8556288707523761
0.29265847785734184,7.14516129032258e-5,1.1256941751629483,-281.69154267149975,-283.3339261136865,-0.3366961779977988,-0.013572868164963845,0.5848997293944145,0.6759115005034508,0.04130014190980977,0.21158685051567824,0.2962789744525946,0.12714323245726755,0.04147214492416019,0.5189369732847053,0.6612767270790743,0.20186056987029016,-0.3247130014312277,-0.2065238457346739,0.7888908294253563,1.0363231759479423,0.9982957628291151,1.0012777883377035,1.0326455673932102,1.050857618371617,1.072854832765796,0.999258753405523,1.0000450963370238,0.0024752999999999997,1.0,0.5716009337528316,0.022200000000000004,0.149553513097907,0.57,0.8556288707523761
0.3028286515507688,7.14516129032258e-5,0.5135297097660896,-281.4079933004203,-283.0278438809881,-0.3552645243036178,0.0884244537801976,0.5735833611423952,0.645047182048585,0.08283864059841947,0.20424973673431213,0.287843162529297,0.13903022917465355,0.029493623479946062,0.5085965986782243,0.6867825431323799,0.17902183317837841,-0.36506760197148397,-0.10638907697472755,0.7620537126005802,1.0206933807467888,1.0058035504696852,1.0014128950725525,1.0349460863385593,1.0558254597592005,1.080550577865429,0.9993026598758299,1.0001076434083078,0.0024752999999999997,1.0,0.5827219256835534,0.022200000000000004,0.149553513097907,0.57,0.8556288707523761
0.31309636304181315,7.14516129032258e-5,0.9834539816743018,-281.60669249003286,-283.2628060169422,-0.3737788300618501,0.18567511996923153,0.5621619701553753,0.6137049782328157,0.12733406418513593,0.19694408396692287,0.2797498974445409,0.15297886194422003,0.016788050220069902,0.4988404035615243,0.714758177558364,0.15337674686008154,-0.4036584819446322,-0.001655140907216495,0.7429686162651206,1.0051015325950894,1.0129634585620517,1.0015432816536776,1.0371303921867006,1.0606172460982737,1.0879769916114452,0.9993374042504907,1.0001636394799995,0.0024752999999999997,1.0,0.5938429176142752,0.022200000000000004,0.149553513097907,0.57,0.8556288707523761
0.3234565330429751,7.14516129032258e-5,2.567737565454081,-282.3056096312332,-284.0549478088321,-0.3924435318716687,0.278092618022172,0.5464576878059573,0.5840194958617525,0.1734775981568901,0.1880214477591026,0.27269314556701074,0.16721872350052783,0.002151628390265839,0.4909272173672101,0.7465522817958965,0.12417866612070388,-0.4398604217614285,0.10745191909572507,0.7314873702262452,0.9895536955411034,1.0197541354377544,1.001668881093056,1.0397906120965397,1.0652333941804324,1.0951302646566732,0.999380775353987,1.000213648143821,0.0024752999999999997,1.0,0.6049639095449969,0.022200000000000004,0.149553513097907,0.57,0.8556288707523761
0.33390403652887574,7.14516129032258e-5,5.302145702092389,-283.5268037588269,-285.42215187715124,-0.40997562039264895,0.3656040389732436,0.5329033363418358,0.5524459145123614,0.22402702012215422,0.17952317745385263,0.2645876036323649,0.18441045542262105,-0.011627903415576733,0.4823732155600168,0.7778771168732402,0.09155881920311305,-0.4740751624516805,0.22192861230475752,0.7280554109913173,0.9740608964202597,1.0262027525771467,1.0017872180806282,1.0419344907076296,1.0695479575040439,1.1018688705628223,0.9994071178286733,1.0002634552585603,0.0024752999999999997,1.0,0.6160849014757187,0.022200000000000004,0.149553513097907,0.57,0.8556288707523761
0.3444337052715314,7.14516129032258e-5,9.225959167416136,-285.2884127192004,-287.3840586098131,-0.4276114496432388,0.4481362114632339,0.5165593292838109,0.5219619306726984,0.2761162676267914,0.16985567153700984,0.2570671940687846,0.20230633614514135,-0.026936685044411022,0.4754685045212591,0.8127516516243332,0.0559800132299404,-0.5063355179612762,0.3404233851564987,0.7319395862667458,0.9586333711847067,1.0322194895863643,1.0018989608905307,1.044385667529836,1.0736183366443255,1.1082313769092322,0.9994364029778166,1.0003082691638563,0.0024752999999999997,1.0,0.6272058934064405,0.022200000000000004,0.149553513097907,0.57,0.8556288707523761
0.3550403303970013,7.14516129032258e-5,14.381913732843486,-287.61355835360564,-289.9620358925268,-0.4450598676372152,0.5246299982310356,0.49943429656062194,0.4916003870087354,0.33053931053805413,0.16008335088117345,0.2501060599054025,0.22153348095115127,-0.043253371456308726,0.4689012302246885,0.8499287769988663,0.017393000149696754,-0.536834297279454,0.46330955693240083,0.7433578421882515,0.9432837548318623,1.0378019479232596,1.002004167937192,1.046834029498502,1.077439097854697,1.1142210248917306,0.9994614535126466,1.0003497572625137,0.0024752999999999997,1.0,0.6383268853371622,0.022200000000000004,0.149553513097907,0.57,0.8556288707523761
0.36571866496214184,7.14516129032258e-5,20.816534252289898,-290.5277333549452,-293.17934615225,-0.4624309161321244,0.595470050745986,0.48074939391062715,0.4611704276098182,0.3875517225533848,0.149648640679438,0.24306618100327465,0.24180792244183227,-0.060347528124981266,0.463270493530136,0.8893519046104411,-0.02471990664622697,-0.5653632199511008,0.590807890557428,0.7621443438722783,0.928016007359474,1.0429504686588726,1.002098513378929,1.0493109240922216,1.080855149622674,1.1195914804584344,0.9994836213921438,1.0003876470988637,0.0024752999999999997,1.0,0.649447877267884,0.022200000000000004,0.149553513097907,0.57,0.8556288707523761
0.37646342655019266,7.14516129032258e-5,28.58041446864479,-294.05644879075555,-297.06128626042744,-0.4796897302371104,0.6604400919568043,0.46042396562546634,0.4311322565526483,0.44690326197408886,0.1383694949068207,0.2363091058274969,0.2635874928359658,-0.07836135080915721,0.45850649889506034,0.9308857132911675,-0.06958147483631809,-0.5922608011411049,0.7221640949466905,0.7876198050989085,0.9128521932668049,1.0475846849186665,1.0021852678766605,1.0519211890824063,1.0839904403480254,1.124529161250371,0.9995037887285624,1.000421417288861,0.0024752999999999997,1.0,0.6605688691986058,0.022200000000000004,0.149553513097907,0.57,0.8556288707523761
0.3872692998839115,7.14516129032258e-5,37.72854660291796,-298.2267060870234,-301.635352327564,-0.4970203859503799,0.7191665281596069,0.4389865655116243,0.40091247762270366,0.5089328312292322,0.1266826581905396,0.229687128826781,0.2865674700815306,-0.09707129267560148,0.45453203569602446,0.9746268535826121,-0.117683893246457,-0.6175854738978694,0.8581651241326156,0.8201978069331757,0.8977923622932119,1.0517194126607488,1.0022622703608932,1.0545453147303834,1.0867662342237712,1.1289110309944868,0.9995201374298213,1.0004518893173353,0.0024752999999999997,1.0,0.6716898611293276,0.022200000000000004,0.149553513097907,0.57,0.8556288707523761
0.3981309394549647,7.14516129032258e-5,48.32064999599686,-303.0713248649816,-306.9314040241035,-0.5146001279737712,0.7721535577184929,0.4153993567640687,0.37162213855334575,0.5728909426589002,0.11385287475607712,0.22337401140836316,0.31108989150348804,-0.1172905791488914,0.4509655656133504,1.020154256614141,-0.16812113543039234,-0.6403298452032294,0.99736612972017,0.8588228266829969,0.8828612696644724,1.0553464726982775,1.0023285901144738,1.0573420983456039,1.089159090328327,1.1326842964046786,0.9995355702389983,1.0004774296930092,0.0024752999999999997,1.0,0.6828108530600494,0.022200000000000004,0.149553513097907,0.57,0.8556288707523761
0.4090429721682723,7.14516129032258e-5,60.4213642399601,-308.61871254432657,-312.9817611460851,-0.5317709034111084,0.8185487916169655,0.3918495261807171,0.34112545034410613,0.6395167386762253,0.10116620434739132,0.21676963804211075,0.33637190676293033,-0.1372870999775867,0.4483210557241697,1.067704638867649,-0.22169139149067255,-0.6628104364185375,1.1412515609238854,0.9046436473735573,0.8680483513440098,1.0584301730771681,1.0023837112751741,1.060048641729125,1.091134036001298,1.135819399142839,0.9995450975806223,1.0005013693942528,0.0024752999999999997,1.0,0.6939318449907712,0.022200000000000004,0.149553513097907,0.57,0.8556288707523761
0.41999999999999993,7.14516129032258e-5,74.1004230663018,-314.90698685710714,-319.82129055925594,-0.5485222929469945,0.8581279278638133,0.36759415945118307,0.3104987218802515,0.7081374967897344,0.08822172086117225,0.21035142419553746,0.3627720371974912,-0.15783317036060276,0.44594870050462965,1.116631707289083,-0.277285265238551,-0.6839827157139937,1.2881669716032451,0.9566228949008637,0.8533985346425714,1.0609810296822464,1.0024283798504807,1.0628458411841815,1.0927289256466701,1.1383590542196722,0.9995511842062619,1.0005222137666008,0.0024752999999999997,1.0,0.7050528369214929,0.022200000000000004,0.149553513097907,0.57,0.8556288707523761
0.18,7.548387096774193e-5,88.27501717396649,-319.2407020568482,-326.9085876130883,-0.11114042676971624,-1.5558115927827887,0.6454097468044924,1.123130095585319,-0.3138080644234302,0.27069713585391125,0.43467914286022646,0.07111334172175954,0.15059932993231268,0.7464501597270365,0.49152547383729134,0.28836559416680285,0.41394643531246045,-1.2508709385240564,1.81360631534833,1.2050931772502644,0.8904396265462529,0.9994723082192222,1.0029997887241164,0.9851868113193774,0.9700075828504136,0.998340348137455,0.998604820401133,0.0024752999999999997,1.0,0.4381490305841703,0.022200000000000004,0.149553513097907,0.57,0.8556288707523761
0.18862353629575357,7.548387096774193e-5,75.3893863209604,-313.75957463176394,-320.46577218658524,-0.13366489065416734,-1.4129540382291543,0.6464423495807196,1.0852495653385141,-0.2963616951598084,0.26859839787586137,0.4220227635538723,0.06851952054326559,0.14526071620044737,0.7229212014369749,0.49416289857542633,0.29554591251587325,0.34221098822563756,-1.1837160896920471,1.6835467433558111,1.1905293532729428,0.8996369811931616,0.9996078285504904,1.0052973473067617,0.9901804750106747,0.9777282338779631,0.9984355529385542,0.9987472259962984,0.0024752999999999997,1.0,0.4492700225148921,0.022200000000000004,0.149553513097907,0.57,0.8556288707523761
0.197401105998178,7.548387096774193e-5,63.54861962814152,-308.70734674973386,-314.5453888401758,-0.15558518178065375,-1.2717394350685598,0.6464348725445733,1.047710916521162,-0.27686635829753403,0.2660414850424082,0.4097417682549451,0.06725981981381281,0.13934081808969942,0.7002552454350361,0.4987155560495728,0.30025801207818126,0.2727796816774664,-1.1134260505384304,1.5627896571860538,1.1759408801502744,0.9088649242614705,0.9997479812830835,1.007624299448559,0.9953289767247405,0.985712712123274,0.9985281421280248,0.9988864735447475,0.0024752999999999997,1.0,0.46039101444561387,0.022200000000000004,0.149553513097907,0.57,0.8556288707523761
0.20632836697123808,7.548387096774193e-5,52.74381109117303,-304.08150273738374,-309.14298457169156,-0.17692874623210222,-1.13267276366248,0.6455103093433634,1.0107587247470644,-0.2555675780492715,0.2630047891101149,0.3977671037518346,0.0672798122835501,0.13286787754674217,0.6787872757576239,0.5054347822395683,0.30249482670342587,0.20567776235661211,-1.0401515761055893,1.451096928950988,1.1613246397061618,0.9180961905506312,0.9998918430816212,1.0099795792865076,1.0005999261558791,0.9939083921120447,0.9986172706978286,0.9990219819268887,0.0024752999999999997,1.0,0.4715120063763356,0.022200000000000004,0.149553513097907,0.57,0.8556288707523761
0.21540090302880485,7.548387096774193e-5,42.96791708724152,-299.88211652177625,-304.2550375697258,-0.19774225387372207,-0.9961311322739695,0.6435069744514217,0.9742509213157465,-0.23234307734118723,0.25949924583010214,0.3861821617770156,0.06853418577668394,0.12581979490235207,0.6582065614067862,0.5140409269304456,0.30204573595681183,0.14099626939565207,-0.9637416767367163,1.3484593903887148,1.1466749271284906,0.9273020165237307,1.0000389264585547,1.0123558245748208,1.00597798664599,1.0022874944275721,0.9987039368861786,0.9991536282401432,0.0024752999999999997,1.0,0.4826329983070574,0.022200000000000004,0.149553513097907,0.57,0.8556288707523761
0.2246142261192784,7.548387096774193e-5,34.21566569493268,-296.10963266242385,-299.8789118735714,-0.21829768628563348,-0.8619861259891689,0.640463135761987,0.9380806917395619,-0.20696749377905568,0.255572150765562,0.37467165090948024,0.07114329372766978,0.11808697360481502,0.6388314832143412,0.5246795793406344,0.2992237909313199,0.07881676420833408,-0.8846608663615242,1.2544469107316343,1.1319923323964414,0.9364574138069781,1.0001885315848336,1.0146775828399157,1.011437091976658,1.010810082360844,0.9987824489032577,0.999280654167519,0.0024752999999999997,1.0,0.4937539902377792,0.022200000000000004,0.149553513097907,0.57,0.8556288707523761
0.23396377854576186,7.548387096774193e-5,26.48357759813848,-292.7640803727226,-296.0128678251743,-0.23805386902865022,-0.7317405979305364,0.6364852075800683,0.9028902068502125,-0.18001294822697722,0.2511340616576559,0.3638212408333175,0.07477954390701798,0.10971878992255325,0.6202582081204744,0.5375047310702761,0.2937573227125421,0.018829851048819513,-0.8020214756314524,1.1692992091571843,1.117272209064721,0.9455342128023254,1.0003401781818386,1.0171306907871227,1.0169627869064564,1.019448812444125,0.9988630013715257,0.9994034281782657,0.0024752999999999997,1.0,0.504874982168501,0.022200000000000004,0.149553513097907,0.57,0.8556288707523761
0.24344493522068753,7.548387096774193e-5,19.77008358171213,-289.84909377686307,-292.6561208169611,-0.2577951085231266,-0.6045979856554691,0.6312203639550761,0.8678349051869604,-0.15056121701477734,0.24642558053808047,0.3535216483299716,0.0798523830468731,0.10084862857677175,0.6030805277632862,0.5523457894615252,0.2852099773428502,-0.03864709203739762,-0.7164559103846616,1.0925645846375895,1.102520845583508,0.9545097274660176,1.0004928774093789,1.019509022914567,1.0225215319284942,1.0281473153196863,0.9989368479591901,0.9995212992226574,0.0024752999999999997,1.0,0.5159959740992227,0.022200000000000004,0.149553513097907,0.57,0.8556288707523761
0.25305300595378105,7.548387096774193e-5,14.0757593479982,-287.3685117960743,-289.80895870010414,-0.27705989373533285,-0.4804061463848208,0.6253899059705823,0.8330412101050733,-0.11924162747658466,0.24111287449498645,0.3428180198368051,0.08654147005864798,0.09092534469314374,0.5862379368078071,0.569002231358819,0.27512109311267235,-0.09361443441126258,-0.6277874465212945,1.0239696253936348,1.087743162526979,0.963345651445072,1.000644272873456,1.021845648236884,1.0280182696844784,1.0367711657440124,0.9990017018982189,0.9996344433237059,0.0024752999999999997,1.0,0.5271169660299445,0.022200000000000004,0.149553513097907,0.57,0.8556288707523761
0.26278323777222945,7.548387096774193e-5,9.403706684244867,-285.32534245047765,-287.4729323682275,-0.29584853675619877,-0.36017906065322974,0.6181627817904646,0.7988825998336656,-0.0855299991014879,0.23523737050500348,0.3326776447459027,0.09433582197365085,0.08063886548787648,0.5708974290249302,0.5879454359237808,0.2614599143940355,-0.14642067902517844,-0.5353855688994266,0.9640392928958629,1.0729225216910916,0.9720150431537737,1.000795846037484,1.024250387518083,1.0335154048749258,1.0454048476783906,0.9990665891318713,0.9997429488122006,0.0024752999999999997,1.0,0.5382379579606663,0.022200000000000004,0.149553513097907,0.57,0.8556288707523761
0.2726308172719081,7.548387096774193e-5,5.759947824930464,-283.7260755506731,-285.6510529385703,-0.3139548683399744,-0.2438861632033182,0.6098138830256723,0.7648473974051087,-0.04935041127231058,0.2288615024130964,0.32268272576645163,0.10361028352665219,0.06977770964728919,0.556636410142467,0.6088955288571579,0.24503726265946343,-0.19691807969951103,-0.439636390337678,0.9123239312964596,1.0580811108870989,0.9804841895419805,1.0009460892965687,1.0266261360603421,1.038951291616628,1.0539623282328137,0.999126213372238,0.9998465212410387,0.0024752999999999997,1.0,0.549358949891388,0.022200000000000004,0.149553513097907,0.57,0.8556288707523761
0.2825908729985017,7.548387096774193e-5,3.1539145976686314,-282.57820548736845,-284.34803632493936,-0.3322151816718275,-0.13254902983973157,0.6000032807184875,0.7312311226168118,-0.010594743869794376,0.22211192904975013,0.3133242872118753,0.11379353755141565,0.05798846114484752,0.5430615017485205,0.631992791993383,0.22604051315229762,-0.24480468023519567,-0.34042020366222603,0.868242915330908,1.0432223044132214,0.9887197767959094,1.001093897749795,1.0290692917025275,1.04429982556142,1.062380829925882,0.9991839525993864,0.9999445740256755,0.0024752999999999997,1.0,0.5604799418221098,0.022200000000000004,0.149553513097907,0.57,0.8556288707523761
0.29265847785734184,7.548387096774193e-5,1.5989013586651026,-281.89071677096047,-283.5705297054376,-0.3501042840708358,-0.025611018353293775,0.5890586081191754,0.6979757238089473,0.03049273584852167,0.21479166563178245,0.30419061640937983,0.12537618963859684,0.04554473074188889,0.5305330445432368,0.6571728044836654,0.20402514593922025,-0.2904252381543286,-0.237519293109664,0.832222112213628,1.0283495551972257,0.9966977064650513,1.0012388471440865,1.0315261916436422,1.049535838188547,1.0706360069954408,0.9992375474080094,1.0000374689040998,0.0024752999999999997,1.0,0.5716009337528316,0.022200000000000004,0.149553513097907,0.57,0.8556288707523761
0.3028286515507688,7.548387096774193e-5,1.1047154335237792,-281.6719502776067,-283.32343674286693,-0.36735433968337106,0.0767715890040871,0.5774701937282528,0.664811990757778,0.074282648115234,0.2071611954461244,0.29515698589309464,0.13851123411861344,0.032627914709881814,0.5191453200664863,0.6844807605956119,0.17924003746442863,-0.3336472061354255,-0.13088252442047002,0.8038877748018186,1.013469460182724,1.0042656204321108,1.0013759833092466,1.0338905938364509,1.054546036570123,1.0784467827016238,0.9992807178194468,1.0001039613435712,0.0024752999999999997,1.0,0.5827219256835534,0.022200000000000004,0.149553513097907,0.57,0.8556288707523761
0.31309636304181315,7.548387096774193e-5,1.6765682928779597,-281.9268206111928,-283.609363172544,-0.3846628656110082,0.17477229753987708,0.564061307233885,0.6320571009320199,0.12082364549142952,0.19883950001980727,0.2866686060470059,0.15285627477781638,0.01885860382406291,0.5087971209951616,0.7140692576324329,0.15136621425902214,-0.374441321374093,-0.020019827791970292,0.7830972485880533,0.9985869479155912,1.0114777471604879,1.0015074332236904,1.036366397807269,1.0593640431303677,1.0859335372396735,0.9993218797030508,1.0001594803214668,0.0024752999999999997,1.0,0.5938429176142752,0.022200000000000004,0.149553513097907,0.57,0.8556288707523761
0.3234565330429751,7.548387096774193e-5,3.3438749102953125,-282.67171651544663,-284.4430164812527,-0.40155220264489894,0.2680308592610865,0.5490327740012613,0.5997106872797676,0.17000565788885183,0.18985040745776693,0.2784929010266707,0.1684604040118537,0.00442110816437397,0.49958293773072887,0.7457109391932265,0.12046954646570543,-0.41306273539591276,0.09425753163087731,0.769934223646399,0.9837155291167793,1.01833485868295,1.00163358898116,1.0388944483914329,1.0639740292264388,1.0931181038901943,0.9993607750763565,1.0002111541673633,0.0024752999999999997,1.0,0.6049639095449969,0.022200000000000004,0.149553513097907,0.57,0.8556288707523761
0.33390403652887574,7.548387096774193e-5,6.1415563680319565,-283.9258521459712,-285.841857210121,-0.4183253444283498,0.3559921831253415,0.5341011637363711,0.5670845774882035,0.22132490435367103,0.18084569049462454,0.27021506599427325,0.18534385909583945,-0.010701762607556911,0.49065389910488527,0.7793039423919444,0.08722903154489403,-0.44973852581801466,0.21246901171879196,0.7640906568350819,0.9688726418230235,1.0248336002452614,1.0017539377252664,1.041319908046007,1.0683577026748854,1.0999712707763296,0.9993921512533773,1.0002602076553329,0.0024752999999999997,1.0,0.6160849014757187,0.022200000000000004,0.149553513097907,0.57,0.8556288707523761
0.3444337052715314,7.548387096774193e-5,10.109027902930052,-285.7114417644226,-287.82559297757007,-0.43471450711150156,0.43931527243214163,0.5161948119792568,0.5351731688577862,0.27517497438153726,0.17047781995484776,0.2624043315814188,0.2036499976435475,-0.026575287687577533,0.48321892289889273,0.8147360760953322,0.0510132046329165,-0.48391530291930185,0.33367663660111935,0.7654546353009466,0.9540598351883419,1.0309116191253112,1.00186818323838,1.0439521369139815,1.0725099193719072,1.1064762618776478,0.9994253065506269,1.0003043998993368,0.0024752999999999997,1.0,0.6272058934064405,0.022200000000000004,0.149553513097907,0.57,0.8556288707523761
0.3550403303970013,7.548387096774193e-5,15.289921938283896,-288.04895907127707,-290.416039995247,-0.4515303180391973,0.5161031056249277,0.4994218503270099,0.5030931177558461,0.3311880214052705,0.1608218014679461,0.2548382840518281,0.2229045281564036,-0.043300439046355756,0.47582996656965193,0.8528390376191706,0.012004820416316932,-0.5168637750668701,0.46006375641777936,0.7746893749629297,0.9392781913362594,1.0365664499608578,1.0019738868489985,1.0464443623472615,1.076341981917511,1.1124941885756192,0.9994495002621617,1.000346678784187,0.0024752999999999997,1.0,0.6383268853371622,0.022200000000000004,0.149553513097907,0.57,0.8556288707523761
0.36571866496214184,7.548387096774193e-5,21.731947413075886,-290.967602052267,-293.637052732643,-0.46799320203782496,0.5877266470130648,0.4801900824910482,0.4714178647943647,0.38939379489313447,0.150012523667248,0.2473549137269625,0.24331451645785948,-0.06077819348073022,0.46945682265013405,0.8924750366197003,-0.030240049855062383,-0.5476130952658579,0.5895224033556611,0.790362576097235,0.9245623653965985,1.0417807142695217,1.0020705193308552,1.04903799299786,1.0798362450931565,1.1179949629498955,0.9994735027631845,1.0003844835640556,0.0024752999999999997,1.0,0.649447877267884,0.022200000000000004,0.149553513097907,0.57,0.8556288707523761
0.37646342655019266,7.548387096774193e-5,29.486698952886172,-294.49115281084823,-297.5144285025481,-0.4849067073098503,0.65326984613692,0.4594100652474131,0.43987543035387905,0.4498213642698614,0.13850623422135797,0.24015796142572046,0.26515136789586813,-0.07936818520444751,0.4638376814950846,0.9344949759168067,-0.07493665111993815,-0.5763918870909586,0.7231111292749514,0.8130841098564311,0.9099055592711932,1.046491999130056,1.00215950975699,1.0517424006108063,1.0830538311170221,1.123060164590772,0.9994948777086037,1.0004182805249904,0.0024752999999999997,1.0,0.6605688691986058,0.022200000000000004,0.149553513097907,0.57,0.8556288707523761
0.3872692998839115,7.548387096774193e-5,38.60959514152455,-298.6510711551786,-302.0758765968673,-0.5010741969088154,0.712812465593403,0.43784257571799007,0.40886936640321575,0.5122308361653559,0.12664397202472533,0.2331378601361606,0.28800768035397317,-0.09816916224393112,0.4589289403209513,0.9775890980057751,-0.12261795573158847,-0.6033884663908342,0.8593834941590036,0.8427475447776981,0.895322656645352,1.0507428687038192,1.0022371325711041,1.0544136585422854,1.085845190246769,1.1274774350881256,0.9995126230160404,1.0004487699288687,0.0024752999999999997,1.0,0.6716898611293276,0.022200000000000004,0.149553513097907,0.57,0.8556288707523761
0.3981309394549647,7.548387096774193e-5,49.15992358163783,-303.473770108176,-307.35104081692396,-0.5169557204231604,0.7658259316343585,0.41626401728916085,0.37691490813182654,0.5769063648761455,0.11501774877677057,0.226220778833724,0.31186716008357773,-0.11688776162797719,0.4548771820444409,1.0225186133293347,-0.1731238970427121,-0.629236876413184,1.0001664330126183,0.8797862542555783,0.8808194183843853,1.054450283443543,1.0023058870607955,1.057043524801222,1.0883038174712845,1.1313891993727343,0.9995246312571617,1.0004775484524695,0.0024752999999999997,1.0,0.6828108530600494,0.022200000000000004,0.149553513097907,0.57,0.8556288707523761
0.4090429721682723,7.548387096774193e-5,61.200930786469485,-308.9929216458094,-313.3715444193398,-0.5342095195847819,0.8129804116218892,0.39174796743977436,0.34639215506824966,0.6432747472141607,0.10165080052614789,0.21948411215038507,0.3374059606845034,-0.13801709332434617,0.4511795476454265,1.070101386228879,-0.2257194119799286,-0.6527972649449013,1.144197835186152,0.9223318710005425,0.8664208612585421,1.0576277843342246,1.0023628465866254,1.0599258116964196,1.0903585469874162,1.1346294109862343,0.9995373919620004,1.000500103365706,0.0024752999999999997,1.0,0.6939318449907712,0.022200000000000004,0.149553513097907,0.57,0.8556288707523761
0.41999999999999993,7.548387096774193e-5,74.79987184330616,-315.2441316254635,-320.1710149477581,-0.5504719093988256,0.8534405175917921,0.3670213147141414,0.31582636700052924,0.7111830258325811,0.08833790934563997,0.21284778237747798,0.3635905797222427,-0.1588120425693356,0.4483510601549728,1.1184730642979503,-0.28099701028592766,-0.6751200186948603,1.2903767149100538,0.9716632547153065,0.8521413089042346,1.060264745126971,1.002409812532568,1.0627611345840378,1.0920405840981453,1.1373001771487958,0.9995457609035264,1.000520176682367,0.0024752999999999997,1.0,0.7050528369214929,0.022200000000000004,0.149553513097907,0.57,0.8556288707523761
0.18,7.951612903225805e-5,88.06469493533893,-318.80922616914046,-326.8034264937745,-0.14979499463022627,-1.5759310109512519,0.6747278298802848,1.1820988621966428,-0.39580636303510064,0.28700761153195703,0.4518886692683122,0.043507305699651506,0.17616096166050252,0.7631868817016928,0.43783619458911455,0.3505942120020066,0.4752416740037396,-1.428010765969417,1.8599282290823618,1.1847525770107923,0.8889832290187546,0.9994317077645759,0.9992322708515863,0.9842902087588808,0.9677050739494174,0.9983064122045717,0.9985948048165031,0.0024752999999999997,1.0,0.4381490305841703,0.022200000000000004,0.149553513097907,0.57,0.8556288707523761
0.18862353629575357,7.951612903225805e-5,75.11076913894897,-313.3400708571793,-320.3264635955795,-0.1696328043438811,-1.4319441749922108,0.6720275339080464,1.1394674980021209,-0.36826719313828826,0.2831238396758005,0.4382342261455535,0.04477646726759896,0.16781885508009,0.7394152539261607,0.44784992202332286,0.3493991953524219,0.4004087529811276,-1.3393376511912056,1.730490785635561,1.1714231063339577,0.8981645803423612,0.9995681699158947,1.0019296476124482,0.9892603618368018,0.9754781979697777,0.9984023152869013,0.9987372870696614,0.0024752999999999997,1.0,0.4492700225148921,0.022200000000000004,0.149553513097907,0.57,0.8556288707523761
0.197401105998178,7.951612903225805e-5,63.2350127426173,-308.3112483986056,-314.3885853974137,-0.188768858002291,-1.2899078493857334,0.6687404312807739,1.0975273963643293,-0.33955144101380275,0.2788310516609025,0.4251118768662765,0.04686195408599009,0.15946660237073748,0.7163888225350441,0.45905832159604487,0.34576939131488804,0.32797373819162096,-1.24895898175055,1.6103445616876144,1.1580279587903441,0.907366784122887,0.9997088426874863,1.0046537069401638,0.9943770093151152,0.9834912349863677,0.9985013568604955,0.9988774626004039,0.0024752999999999997,1.0,0.46039101444561387,0.022200000000000004,0.149553513097907,0.57,0.8556288707523761
0.20632836697123808,7.951612903225805e-5,52.42283080876746,-303.71677126457644,-308.98249443048877,-0.20781954624498222,-1.150287119847084,0.6646959162792018,1.0564152399340503,-0.30971285555525074,0.27432243730535305,0.4121423316846198,0.049984711136137144,0.1503826516499523,0.6945179669016647,0.47173267240668365,0.34096263321688275,0.2582228301611542,-1.1582411528355747,1.498838152878758,1.1445769568253688,0.9165862965333674,0.9998529543516312,1.0072907477471953,0.9996082303991703,0.9917000893033366,0.9985894331904964,0.9990124826996172,0.0024752999999999997,1.0,0.4715120063763356,0.022200000000000004,0.149553513097907,0.57,0.8556288707523761
0.21540090302880485,7.951612903225805e-5,42.66284738380307,-299.5576559833677,-304.1025027180066,-0.22606468809495428,-1.01343776672061,0.6596391901680811,1.0159448432496132,-0.27799194954492135,0.26953852928468847,0.40011611519223605,0.053974827486012435,0.1411329823886975,0.6732950533076261,0.4856817419280932,0.33384226266286376,0.1908195042955333,-1.0652072642624657,1.396050549279399,1.1310477914376968,0.92578247438851,1.000000469780589,1.0099971621601238,1.0049565498660504,1.0001028109987689,0.9986809106433843,0.9991444303201636,0.0024752999999999997,1.0,0.4826329983070574,0.022200000000000004,0.149553513097907,0.57,0.8556288707523761
0.2246142261192784,7.951612903225805e-5,33.946661891968915,-295.8296228834851,-299.7444099720895,-0.2445030230640362,-0.8781873605344148,0.6542678820798229,0.976251612351165,-0.24542545855521278,0.26420316667249144,0.3873405341505978,0.05925726382705532,0.13114672936914581,0.6537561245431077,0.5015803381152604,0.3258166635068682,0.1258335942935675,-0.9719430726246936,1.3020404156625407,1.1174539884237535,0.9349379243820288,1.0001502671059865,1.0125730191313325,1.0103764890148337,1.0086353324242405,0.9987571037056027,0.9992713463016148,0.0024752999999999997,1.0,0.4937539902377792,0.022200000000000004,0.149553513097907,0.57,0.8556288707523761
0.23396377854576186,7.951612903225805e-5,26.268734579072202,-292.53545132379105,-295.90544631564114,-0.26235334535613963,-0.7472446265513198,0.6478110380792137,0.9373057987094678,-0.21130191687727032,0.2587855995982467,0.3759594351890908,0.06527969227606968,0.12099489591556063,0.6348366992212986,0.5186847270193571,0.31470370724440455,0.06334370030995949,-0.8763038048063566,1.2161399120864296,1.1037812228221109,0.9440043683171139,1.0003021721488357,1.0151968970571217,1.0158737031227147,1.0172879117642195,0.9988376452183129,0.9993941127970852,0.0024752999999999997,1.0,0.504874982168501,0.022200000000000004,0.149553513097907,0.57,0.8556288707523761
0.24344493522068753,7.951612903225805e-5,19.626131665205207,-289.6775778636035,-292.58414485870765,-0.27972078950770085,-0.6186244549699033,0.6403249162239014,0.8986957956356062,-0.17550540636869985,0.25272662834711,0.3642749097086327,0.07237479743886159,0.11029666604278,0.6169554006254946,0.5374267215531618,0.3020860362623502,0.0033188838827921635,-0.7786059405133616,1.1390491216441103,1.0900264138033777,0.9529856552016918,1.0004549551803654,1.0178333527012222,1.0213905152907414,1.0259902269745937,0.9989123550305369,0.9995127259158375,0.0024752999999999997,1.0,0.5159959740992227,0.022200000000000004,0.149553513097907,0.57,0.8556288707523761
0.25305300595378105,7.951612903225805e-5,14.018461801656713,-287.257037214715,-289.7803099269334,-0.2970887921097177,-0.49380510626285623,0.6324722951579733,0.860892801543911,-0.13831525612514398,0.2464945093436901,0.35297796092326494,0.08080403648658332,0.09895966758958329,0.5998130047348543,0.5575691805347098,0.2876097216989057,-0.054148150602798935,-0.6795056389811552,1.0698713481011775,1.0762048482970363,0.9618298528546229,1.0006072161108082,1.0203670552478723,1.0268848889161941,1.034662610420822,0.9989791407768028,0.999626166746777,0.0024752999999999997,1.0,0.5271169660299445,0.022200000000000004,0.149553513097907,0.57,0.8556288707523761
0.26278323777222945,7.951612903225805e-5,9.447806944671925,-285.2787449457671,-287.494982498441,-0.31409235848456796,-0.3731661728397095,0.6234592157956694,0.8237757103566219,-0.09957775873048953,0.2398451037916613,0.3422434216050675,0.09004078680732773,0.08725567909093901,0.5838580988004817,0.579521130270003,0.2705413046839595,-0.1091464208860658,-0.5780349407384034,1.0088889692259093,1.0623088440072177,0.9705115911606746,1.000759282430755,1.0229479071216467,1.0323692086408847,1.0433236866001907,0.9990454906761836,0.9997348087446877,0.0024752999999999997,1.0,0.5382379579606663,0.022200000000000004,0.149553513097907,0.57,0.8556288707523761
0.2726308172719081,7.951612903225805e-5,5.918758016851484,-283.7482068316459,-285.7304580345308,-0.3310384067773854,-0.2566863069931674,0.6135362112922906,0.7872670663243727,-0.05917743778175764,0.23285063699959818,0.33190223351132997,0.10034611278489032,0.07499195774542144,0.5688610550274235,0.6031700981241872,0.2511652658955247,-0.16166386025328613,-0.4742523539078162,0.9559277849198211,1.048344710825192,0.9790025981320671,1.0009095230466336,1.0255185116675725,1.0377843844565067,1.0518804940353152,0.9991076051177602,0.9998383922030416,0.0024752999999999997,1.0,0.549358949891388,0.022200000000000004,0.149553513097907,0.57,0.8556288707523761
0.2825908729985017,7.951612903225805e-5,3.4385595571411613,-282.6719413734897,-284.4903588046756,-0.347660587632572,-0.1443385093116501,0.6029511693152575,0.7513443466481424,-0.017010774362901826,0.22546548565683977,0.3217491720146295,0.11198874899614243,0.062176344644274455,0.5546728563623354,0.628386021468151,0.22953887427987013,-0.21179644244377263,-0.36796664112258515,0.9109913332937969,1.0343161693703053,0.9872597306311388,1.0010582739408889,1.0280438518519837,1.0431380958767915,1.0603520676829201,0.9991640791933416,0.99993705636282,0.0024752999999999997,1.0,0.5604799418221098,0.022200000000000004,0.149553513097907,0.57,0.8556288707523761
0.29265847785734184,7.951612903225805e-5,2.0173431170876484,-282.0588399579209,-283.77975058464887,-0.3635658913628345,-0.03662289583984942,0.5909598733581757,0.7158261073933994,0.026772703225625617,0.21747351632182368,0.31181826611678765,0.12460072454279139,0.04893872051284134,0.541553394520918,0.6551994867842718,0.2050698584959484,-0.2596153625166163,-0.2590247350320079,0.8738558156392275,1.0202372523410816,0.9952778793902006,1.001204081113402,1.0305879204425392,1.0483752039800331,1.0686555157845765,0.9992186489769018,1.0000304648363028,0.0024752999999999997,1.0,0.5716009337528316,0.022200000000000004,0.149553513097907,0.57,0.8556288707523761
0.3028286515507688,7.951612903225805e-5,1.6626824925768915,-281.9151019601108,-283.6024202723935,-0.37958102997355686,0.06632169838561354,0.57799814819372,0.6807775553648715,0.07221575813120568,0.20914333347761344,0.30244715259935606,0.13844134829690716,0.03510271022857275,0.5296394231706034,0.6841409794371135,0.1782549113303263,-0.3046562377075726,-0.14689864896652038,0.8443659864727847,1.0061065671986702,1.002899036769978,1.0013425791891077,1.0331421184864102,1.0534084727525532,1.0765433594955396,0.9992660352807424,1.0000999702589097,0.0024752999999999997,1.0,0.5827219256835534,0.022200000000000004,0.149553513097907,0.57,0.8556288707523761
0.31309636304181315,7.951612903225805e-5,2.3731748673293396,-282.24278053761185,-283.9576664597697,-0.3954782279673822,0.1647888723981846,0.5642401061226295,0.6467500880192278,0.12018162782206754,0.2004234656958413,0.2932917212004001,0.1533100686042839,0.020534695019265102,0.5184738355543598,0.7149584978053459,0.14882053700060285,-0.34776625760647806,-0.03192747592373659,0.8220552585626425,0.9919403673065681,1.010151948079712,1.0014750627199767,1.0356868965787627,1.058245706411564,1.0840886688814235,0.9993077425600484,1.0001556885551468,0.0024752999999999997,1.0,0.5938429176142752,0.022200000000000004,0.149553513097907,0.57,0.8556288707523761
0.3234565330429751,7.951612903225805e-5,4.171615442096595,-283.0557667337462,-284.85688674715334,-0.4110068416650212,0.25860327698161045,0.5491113229637878,0.6126861868828976,0.17010129097885807,0.19116478180481053,0.2844325692605254,0.169527457166982,0.005701572357590579,0.5086642007427715,0.7475009942182438,0.11662902717584257,-0.3885032323048961,0.08601185809467267,0.807494918797412,0.9777449898516029,1.0170614055158593,1.0016024360174047,1.0382334672394662,1.062882442842729,1.0913423096826316,0.999346126687217,1.0002079046473842,0.0024752999999999997,1.0,0.6049639095449969,0.022200000000000004,0.149553513097907,0.57,0.8556288707523761
0.33390403652887574,7.951612903225805e-5,7.086986308651035,-284.3704118814195,-286.31457218043056,-0.4267423784227324,0.3471642137938451,0.533525622332583,0.5791953181002825,0.22202021372952274,0.18171111578535853,0.2757806017694959,0.18670942404895594,-0.01017217055343824,0.4989184501418104,0.7818694066875816,0.08247903586782568,-0.4270542187142987,0.20726280487068055,0.8000397893619485,0.9635391955488781,1.0236045965816374,1.0017241124399145,1.0407800939537832,1.0673039566326976,1.09827096161361,0.9993798060786265,1.000256843326527,0.0024752999999999997,1.0,0.6160849014757187,0.022200000000000004,0.149553513097907,0.57,0.8556288707523761
0.3444337052715314,7.951612903225805e-5,11.153002631219238,-286.20644922719936,-288.34758034171466,-0.44243940044729135,0.4305917251263681,0.516381447653017,0.5456055464490205,0.2761122444109412,0.17148409274872572,0.2672159674734723,0.20521428071708697,-0.026525949975279798,0.49031225323288513,0.8180522577665652,0.04579440819063572,-0.46345098956448416,0.3319222979160287,0.7995340747258932,0.9493318603115924,1.0297648706615492,1.0018377161077932,1.0433920914211938,1.0714228638252972,1.1047392894299815,0.9994109281151942,1.0003021163234092,0.0024752999999999997,1.0,0.6272058934064405,0.022200000000000004,0.149553513097907,0.57,0.8556288707523761
0.3550403303970013,7.951612903225805e-5,16.40825935189514,-288.5831003950314,-290.9752087020526,-0.45786177971086417,0.5081454622064199,0.49831430310675295,0.5128473500842815,0.33207141239251853,0.16114502547456136,0.2594245726156715,0.22475735065666422,-0.04360033866495318,0.4825288572346141,0.8561608040372739,0.006069158239339751,-0.49812930064785865,0.4591938802247727,0.8064250119768746,0.935131178257703,1.035477102439211,1.0019458802255936,1.0460029593203628,1.0753346794813754,1.1108972957020444,0.9994390563267835,1.0003436365260638,0.0024752999999999997,1.0,0.6383268853371622,0.022200000000000004,0.149553513097907,0.57,0.8556288707523761
0.36571866496214184,7.951612903225805e-5,22.896326588791453,-291.5245262396217,-294.21924232050077,-0.4734685164196675,0.580496162264787,0.479104751380087,0.48015017992878034,0.39029143873366773,0.15025213472940796,0.251490482956579,0.24516981611984873,-0.061358332214234215,0.47536776290698257,0.8959782012505947,-0.03640563427168577,-0.5305728241729848,0.5904284602022151,0.8203744825310908,0.9209463535422745,1.040743972530105,1.0020453744263653,1.0486390087184128,1.0789261561546464,1.1165610653983218,0.9994637171402785,1.0003818515082823,0.0024752999999999997,1.0,0.649447877267884,0.022200000000000004,0.149553513097907,0.57,0.8556288707523761
0.37646342655019266,7.951612903225805e-5,30.66568752451542,-295.05611958219663,-298.10392278836275,-0.48909766404013066,0.6469191238032458,0.45879240207207744,0.44777079543011716,0.45056657525669247,0.13885587135237534,0.2439063653651674,0.266872354116109,-0.07967721954031962,0.46919838853109475,0.9376369462518553,-0.08134561030883064,-0.561248257054621,0.7247379981240651,0.841096191113487,0.9067944936383542,1.0455513140709491,1.002135478446564,1.0513385976967082,1.0821715629838777,1.1216896277878892,0.9994852904417729,1.0004164168045275,0.0024752999999999997,1.0,0.6605688691986058,0.022200000000000004,0.149553513097907,0.57,0.8556288707523761
0.3872692998839115,7.951612903225805e-5,39.76961851264787,-299.20520108112225,-302.655888282429,-0.5049390037443817,0.7070027412917971,0.43721511077938613,0.4154202972618824,0.5136747217305716,0.12699473814023612,0.23646264787669696,0.28971849358071383,-0.09876427656529095,0.4636111195966406,0.981154851012893,-0.1288232966070896,-0.5901200315225006,0.8625820501953256,0.8685021476537064,0.8926810010264629,1.0498501383409389,1.0022160775506153,1.054052899531998,1.085071262637534,1.1262765514288886,0.9995034461852248,1.000447494206587,0.0024752999999999997,1.0,0.6716898611293276,0.022200000000000004,0.149553513097907,0.57,0.8556288707523761
0.3981309394549647,7.951612903225805e-5,50.26606398393824,-304.0028306584436,-307.90411101807416,-0.5212333573676833,0.7607818976303509,0.41388447943664086,0.3836374181500461,0.5783391381377262,0.11419384040775846,0.22927364853904095,0.3139437110470373,-0.1190809832838579,0.4588208333806688,1.0267711220630886,-0.178260299969996,-0.6167471831585305,1.0031596414378334,0.9020180800110245,0.8786311789686294,1.0536457716401502,1.00228547817721,1.0569238621739654,1.0875710658380662,1.1302255649568957,0.9995199272422047,1.000473928596567,0.0024752999999999997,1.0,0.6828108530600494,0.022200000000000004,0.149553513097907,0.57,0.8556288707523761
0.4090429721682723,7.951612903225805e-5,62.21746994796831,-309.4799622703291,-313.8798140000892,-0.5362184076931353,0.8082893764417973,0.39118325209286137,0.350898876876415,0.6452255113033749,0.10217448672199833,0.22219763013666444,0.33842907869713956,-0.13824819226177526,0.45454221211134554,1.0723526941635322,-0.23118060702626894,-0.6422985486299347,1.1468426472390172,0.9428718422982397,0.8646418604291222,1.0569152119191705,1.0023460072741615,1.0595846947681438,1.0897258727293158,1.1336687712644093,0.999529779940092,1.0004996216279423,0.0024752999999999997,1.0,0.6939318449907712,0.022200000000000004,0.149553513097907,0.57,0.8556288707523761
0.41999999999999993,7.951612903225805e-5,75.69083515638329,-315.6700044322847,-320.6164966042967,-0.5522898040921189,0.8490426677213001,0.36609504103243273,0.31964289373196214,0.7142507979411064,0.08882030085586805,0.21554227414889235,0.3645760600751446,-0.15925080120423804,0.4511036465572166,1.1204035045143512,-0.2859364168856835,-0.6653308698229934,1.293133081659348,0.9892664816343775,0.8507310892272772,1.0596510642072958,1.0023943845077437,1.062459718179504,1.0914617862418623,1.1364201347194665,0.9995393112648507,1.0005195881756068,0.0024752999999999997,1.0,0.7050528369214929,0.022200000000000004,0.149553513097907,0.57,0.8556288707523761
0.18,8.354838709677417e-5,87.53579173819355,-318.21620968461644,-326.5389748952018,-0.1886197518501509,-1.5944914440169495,0.7003474537674279,1.233275133838791,-0.4597732551998098,0.30223968028734133,0.46878423507661526,0.019712087210015848,0.20011441230258906,0.7800498158492124,0.39213818863857713,0.40928715559901585,0.5307646600031897,-1.57618796105655,1.9045661321215706,1.164020185554469,0.8876830721499052,0.99939493671031,0.996161876507751,0.983526681822256,0.9656206251686807,0.9982775221324853,0.9985862220810117,0.0024752999999999997,1.0,0.4381490305841703,0.022200000000000004,0.149553513097907,0.57,0.8556288707523761
0.18862353629575357,8.354838709677417e-5,74.5754494903772,-312.7894666156882,-320.05880377129364,-0.20567789463683833,-1.4501054997229128,0.6944595113601684,1.1866260202062637,-0.4240854240829675,0.29670887760545334,0.45424727333083725,0.024244102157812995,0.18907291812578317,0.7557032061377758,0.40823002429018707,0.3999189620630251,0.45383084573425864,-1.4697670878876847,1.7760544525612427,1.1519508397013174,0.8968369252960264,0.9995319819097552,0.9991569433081751,0.9884660131971829,0.9734259129770904,0.998376342282706,0.9987286945884118,0.0024752999999999997,1.0,0.4492700225148921,0.022200000000000004,0.149553513097907,0.57,0.8556288707523761
0.197401105998178,8.354838709677417e-5,62.73915296532914,-307.81962277607454,-314.1406555087696,-0.22215259366880097,-1.3073293197407745,0.6883416554782967,1.1412375880682153,-0.38809089568131455,0.29099142255073795,0.4403765869996479,0.029446592230587047,0.1783081455635734,0.7329529956851765,0.42556686772477686,0.38900514729703045,0.37931081336004524,-1.363184996529146,1.6566914123657335,1.1397691514420947,0.9060314899053418,0.9996729876459898,1.0021543245850313,0.9935417164398216,0.9814568329197388,0.9984750766703936,0.9988685450240097,0.0024752999999999997,1.0,0.46039101444561387,0.022200000000000004,0.149553513097907,0.57,0.8556288707523761
0.20632836697123808,8.354838709677417e-5,52.00281379712328,-303.29700345327416,-308.7724859246667,-0.2386578227421515,-1.1673321919915267,0.6817426640441206,1.096817395597637,-0.3516996147590712,0.28506791397708925,0.42647360567364595,0.035058894886369964,0.1669786045909875,0.7108064713657155,0.4435659838775686,0.3775686239397018,0.3073333661577,-1.2578438995130687,1.5459016128143233,1.1274919279852327,0.9152370930409802,0.9998175027975753,1.005046432083172,0.9987406434991485,0.9896876832938407,0.9985655858584827,0.9990035516417576,0.0024752999999999997,1.0,0.4715120063763356,0.022200000000000004,0.149553513097907,0.57,0.8556288707523761
0.21540090302880485,8.354838709677417e-5,42.34591094899122,-299.2204362385516,-303.94403450060065,-0.2547277084799848,-1.028273602076136,0.6741014059475425,1.052728100524362,-0.31391279114982423,0.2787639152858064,0.412954025895804,0.04181942738715341,0.15557558886705983,0.6899330049863523,0.4627069829695865,0.3647356571849274,0.23760031372179688,-1.1516093154749127,1.4441227981270945,1.1150878086173515,0.9244178931634441,0.9999652587410331,1.0079525910643328,1.0040462726920842,0.9981030257920744,0.9986526553166974,0.999135816402787,0.0024752999999999997,1.0,0.4826329983070574,0.022200000000000004,0.149553513097907,0.57,0.8556288707523761
0.2246142261192784,8.354838709677417e-5,33.75156570964259,-295.5801652804427,-299.64686188092634,-0.27056338136860675,-0.8932560336032661,0.666511609725945,1.0103672460777282,-0.2759800195489735,0.272399783793241,0.40026767103334804,0.04939897621476087,0.14365825796487613,0.6691685389249834,0.4823405434846235,0.35068525064997075,0.17062461518062305,-1.045471368767232,1.3500054763908669,1.102579764108484,0.9335564415201644,1.0001154364821896,1.010782079506312,1.0094408540359796,1.0066563635843282,0.9987362867304185,0.9992630316727777,0.0024752999999999997,1.0,0.4937539902377792,0.022200000000000004,0.149553513097907,0.57,0.8556288707523761
0.23396377854576186,8.354838709677417e-5,26.2066332448411,-292.3754802355411,-295.8743956485256,-0.28624708457458176,-0.7613300302442473,0.6579078979699832,0.9684035031821184,-0.23687470013728976,0.2657433521681521,0.3875772076129275,0.05712132897087334,0.1316547156144585,0.6497102181716541,0.5032960886722145,0.33508231843932723,0.1060962830479525,-0.9388169922306231,1.2646832034701867,1.0899509991520733,0.9426499976912777,1.0002677885397415,1.0136209973301153,1.0149131113104524,1.0153335113784454,0.9988172744489194,0.9993860689704622,0.0024752999999999997,1.0,0.504874982168501,0.022200000000000004,0.149553513097907,0.57,0.8556288707523761
0.24344493522068753,8.354838709677417e-5,19.701798863291742,-289.60483318921075,-292.6219784577509,-0.3018882181065167,-0.6318438477880076,0.6490157417965646,0.9271869936977309,-0.19670239507981302,0.25884377612703124,0.37508019519419145,0.06647593198477894,0.119196216900972,0.631452685832756,0.525504044532164,0.31847093957722133,0.04387608671187696,-0.8318908861321879,1.1871456712084674,1.077215435781641,0.9516151996948871,1.0004204635853082,1.0163221823375697,1.0203888043183205,1.0240288499157824,0.9988872101201274,0.9995044578415182,0.0024752999999999997,1.0,0.5159959740992227,0.022200000000000004,0.149553513097907,0.57,0.8556288707523761
0.25305300595378105,8.354838709677417e-5,14.231658777252733,-287.2701238700655,-289.8869084147314,-0.31715310385177786,-0.5065013104322361,0.6392420140247694,0.8869080050833816,-0.15541330393015748,0.2516155592476506,0.36320644406916736,0.07630338972703819,0.1064872023208392,0.6137309920293633,0.5486950184356862,0.2997101250213271,-0.015812327215056918,-0.723371354612843,1.1175659373370561,1.0643642220412677,0.9604683515284459,1.0005736057382448,1.019076681965306,1.0258819953027905,1.0327506963622968,0.99895878506971,0.9996183754435933,0.0024752999999999997,1.0,0.5271169660299445,0.022200000000000004,0.149553513097907,0.57,0.8556288707523761
0.26278323777222945,8.354838709677417e-5,9.794684318409281,-285.3733483145077,-287.6684211853097,-0.33234961914721434,-0.3855150094943695,0.6282666592467682,0.8474988658907716,-0.11265786977467553,0.24413264843923135,0.3520960170570871,0.08669140537389311,0.09343453966803898,0.5969272816653172,0.5731795862389736,0.27890696462384573,-0.07280763279366688,-0.6134010686684654,1.0558293212947887,1.0513976012220498,0.9691512361039707,1.0007254399380778,1.021888924901267,1.0313294610957053,1.0413979044248767,0.999029938961336,0.9997272866429778,0.0024752999999999997,1.0,0.5382379579606663,0.022200000000000004,0.149553513097907,0.57,0.8556288707523761
0.2726308172719081,8.354838709677417e-5,6.393157326415576,-283.9172939910257,-285.96765768931283,-0.34737892890518024,-0.26770722808284564,0.617177596805494,0.8083372875124147,-0.06869674698779789,0.2363559927512571,0.3407504181441174,0.09868043732705142,0.08030595599429302,0.5819917682474522,0.5993918084739068,0.25651720304302417,-0.12777761003181734,-0.5024415363395645,1.002391395879649,1.0383278990357079,0.9776514358364363,1.0008779586962555,1.024513549748128,1.0367933186444735,1.0500837756273644,0.999089434551056,0.9998314339746208,0.0024752999999999997,1.0,0.549358949891388,0.022200000000000004,0.149553513097907,0.57,0.8556288707523761
0.2825908729985017,8.354838709677417e-5,4.033066755121581,-282.9115394465751,-284.78761240366583,-0.36217198217174146,-0.15506810523703551,0.6048055936156075,0.7703248333903595,-0.023564996465384097,0.2281685616940937,0.3300319801937378,0.11091275249527226,0.06628753594256219,0.5669596560120387,0.6266683477417134,0.23230505207317725,-0.18013391039203283,-0.3896534597073398,0.9557636279192123,1.025169428300297,0.9859566602356417,1.001026608761727,1.0272578107918657,1.0421176158536454,1.058549052899549,0.9991507122434012,0.9999300672423769,0.0024752999999999997,1.0,0.5604799418221098,0.022200000000000004,0.149553513097907,0.57,0.8556288707523761
0.29265847785734184,8.354838709677417e-5,2.723965562120611,-282.36171644002786,-284.13306180716535,-0.37714207593972776,-0.04678442499961745,0.59218904129055,0.7327710926127871,0.02317061135319052,0.21981519200562977,0.3194916987687987,0.12452196313646978,0.05195427380041415,0.5528414175715294,0.655182937037877,0.20603561139204335,-0.23007781352546416,-0.27497836055214897,0.9170114545671615,1.0119124943452895,0.9939980819843561,1.0011727039466523,1.0298767963147422,1.0473471305988136,1.0668684940271431,0.999203664662427,1.0000238303728362,0.0024752999999999997,1.0,0.5716009337528316,0.022200000000000004,0.149553513097907,0.57,0.8556288707523761
0.3028286515507688,8.354838709677417e-5,2.474639422161431,-282.27610982590534,-284.00839873718576,-0.3916478500249883,0.05667868505924571,0.5786641034761634,0.6960872124446901,0.07126954216320949,0.21102223035983236,0.30930475969217136,0.13900920887067275,0.037300487613955234,0.5400075686016278,0.6853824379335,0.17732399777520894,-0.2776534505347618,-0.15808632092328695,0.8855827091529204,0.998569292618816,1.0016681402677656,1.001313061499587,1.0325038022934094,1.0524168885602583,1.0748616765832675,0.9992514017737129,1.0000964533990495,0.0024752999999999997,1.0,0.5827219256835534,0.022200000000000004,0.149553513097907,0.57,0.8556288707523761
0.31309636304181315,8.354838709677417e-5,3.2823760424137163,-282.6567369561782,-284.4122670473119,-0.40637922750129246,0.15572623640548036,0.5640204591314457,0.6599070905113305,0.12140661045886686,0.20193394305152088,0.2997005469283608,0.1545768917680509,0.02207605958986157,0.5281359384065022,0.7173413365255689,0.14668991866532932,-0.3225583714610104,-0.038712236496073235,0.8616000538452642,0.985140037994064,1.00895965029729,1.0014458507855093,1.0351485935385745,1.0572494879915948,1.0824241110392385,0.9992937171931014,1.0001524342810462,0.0024752999999999997,1.0,0.5938429176142752,0.022200000000000004,0.149553513097907,0.57,0.8556288707523761
0.3234565330429751,8.354838709677417e-5,5.167932446885402,-283.5155129140223,-285.35504524954774,-0.4211086283879603,0.24987633593840008,0.5479019150378344,0.6245709935303363,0.173235778920898,0.19224666711234606,0.29054733200623856,0.17107969509096982,0.006187191204193589,0.5172581455971402,0.7509855733269432,0.1137948263388792,-0.36503127982968314,0.08282026659441569,0.8448497302710708,0.9716412577546598,1.0159303549504115,1.0015761302006367,1.037864132957355,1.0619843680452328,1.0898431451557036,0.9993347589311065,1.0002043880192653,0.0024752999999999997,1.0,0.6049639095449969,0.022200000000000004,0.149553513097907,0.57,0.8556288707523761
0.33390403652887574,8.354838709677417e-5,8.158728611723859,-284.87081510224607,-286.85044333196697,-0.4353392754087128,0.33908063184631837,0.5317703658626562,0.5894046133619746,0.22622135502745183,0.18242452131574843,0.2812458201324657,0.18854156980803005,-0.009823080239925902,0.5072193551703299,0.7857869737446809,0.07839352401037349,-0.4055718463391111,0.20650728859394019,0.8353098844476305,0.9580984576116007,1.022493577148431,1.0016970094482516,1.0404454531687153,1.066358972286872,1.0967261269936193,0.9993691922636452,1.000253566785743,0.0024752999999999997,1.0,0.6160849014757187,0.022200000000000004,0.149553513097907,0.57,0.8556288707523761
0.3444337052715314,8.354838709677417e-5,12.286323411095395,-286.7381292527439,-288.91424073165274,-0.449672198265862,0.4231859266211038,0.5146716714535693,0.5550508379599688,0.2811073287447638,0.17224397530346355,0.27254074633470926,0.20716162514780653,-0.026475810384700836,0.49786359539251857,0.8221083150324239,0.04082278840028371,-0.44364493739337085,0.3328440330255253,0.8331996624255062,0.9444988885253672,1.0287033284900584,1.0018127084330741,1.0430740786616868,1.0705396719819287,1.1033136176282512,0.9994008488964189,1.0002991804904855,0.0024752999999999997,1.0,0.6272058934064405,0.022200000000000004,0.149553513097907,0.57,0.8556288707523761
0.3550403303970013,8.354838709677417e-5,17.586745261619626,-289.1385599067271,-291.56445165691485,-0.4641025268883587,0.5012984001874071,0.496666349834227,0.5207179392404918,0.33797864422507934,0.1617475188005934,0.2639261662205918,0.22671695337989242,-0.04359229229691374,0.4894765889073783,0.8602827048429371,0.001124221081373317,-0.4798237509352463,0.46159718866028726,0.8379601197469628,0.9308727436021973,1.03446397942552,1.0019221589064207,1.0456869283318053,1.0744873286116812,1.1095447829263783,0.9994284720752641,1.0003414490802178,0.0024752999999999997,1.0,0.6383268853371622,0.022200000000000004,0.149553513097907,0.57,0.8556288707523761
0.36571866496214184,8.354838709677417e-5,24.1009222158483,-292.0945853576028,-294.8215401340292,-0.4788737423103756,0.5741424849272774,0.4765249660030604,0.4876726642811286,0.3962930470347624,0.15030927978184408,0.2559409010675333,0.24734876117493373,-0.06187877074816095,0.48192120931805316,0.900185264183689,-0.04105535823945698,-0.5133544598459172,0.5927308255755129,0.8495312802375852,0.9172251443647904,1.039816072668165,1.0020227862574642,1.0484637619218415,1.0781168687296951,1.1152731322935578,0.9994564534693681,1.0003787259688008,0.0024752999999999997,1.0,0.649447877267884,0.022200000000000004,0.149553513097907,0.57,0.8556288707523761
0.37646342655019266,8.354838709677417e-5,31.875027606027174,-295.62890381794875,-298.70859282911863,-0.49406219563000003,0.6411426169465547,0.45591224528682983,0.45452081211805423,0.456681485624638,0.1387244634153093,0.2480746552200654,0.2690389852813789,-0.08063905379797662,0.4752056106093243,0.9420770277393429,-0.08605795942759889,-0.5450737369902734,0.72774082413357,0.8679724906545444,0.9035678327514458,1.0446842851496196,1.0021148235971251,1.051193597045661,1.0814326722372054,1.1205119148534326,0.9994790931042601,1.0004132087919433,0.0024752999999999997,1.0,0.6605688691986058,0.022200000000000004,0.149553513097907,0.57,0.8556288707523761
0.3872692998839115,8.354838709677417e-5,40.96073078099971,-299.7719481743173,-303.2514444166049,-0.5083015704809651,0.701421798365402,0.43533715814490015,0.42091515725981127,0.5192466781515405,0.12737188874472213,0.2402828547628563,0.29155057735448475,-0.0989569160586874,0.46912602665823694,0.9846119042743374,-0.13348146392606441,-0.5755256313323599,0.8650344703953254,0.8936835143428689,0.8899223386290116,1.0490489875852609,1.0021960197090478,1.0538059917022735,1.0843360410626421,1.1251326880604353,0.9994959758648683,1.0004456629912295,0.0024752999999999997,1.0,0.6716898611293276,0.022200000000000004,0.149553513097907,0.57,0.8556288707523761
0.3981309394549647,8.354838709677417e-5,51.41530591632784,-304.5512939681296,-308.47873198426896,-0.5234245101981954,0.7556714776625854,0.4124952304478805,0.38849843790728344,0.5832604924844015,0.11479967813315838,0.23270724303393311,0.31519599633653217,-0.11881490281658248,0.4638292923766748,1.0292754469582863,-0.18300447190766425,-0.6035442465599438,1.0048925505129052,0.9250577988494657,0.8763116195208694,1.0529059581552533,1.0022690578566846,1.0566200015010863,1.086958397968862,1.1292888557503558,0.9995128388809426,1.0004727041681851,0.0024752999999999997,1.0,0.6828108530600494,0.022200000000000004,0.149553513097907,0.57,0.8556288707523761
0.4090429721682723,8.354838709677417e-5,63.30143768946766,-309.99738937096856,-314.4217978708389,-0.5388601056582042,0.8038791084148282,0.38888619124818585,0.3561746886712474,0.649139355501359,0.10183616020814816,0.2252991549902172,0.3400450050619539,-0.13924457029183615,0.4592841116148469,1.0758579812719338,-0.2347776511563045,-0.630087115541495,1.1479638650826145,0.9632057168549109,0.862733281373798,1.0562503389785414,1.0023302541000063,1.059463382560664,1.0891538937302974,1.1327704729500352,0.9995259545669748,1.0004966556798365,0.0024752999999999997,1.0,0.6939318449907712,0.022200000000000004,0.149553513097907,0.57,0.8556288707523761
0.41999999999999993,8.354838709677417e-5,76.68689623353782,-316.14460476305993,-321.11452714287395,-0.5535480259408568,0.8450288156623578,0.3656594144265841,0.32283257483420746,0.7178361702654273,0.08954017534264243,0.21813447158727656,0.3654072491696625,-0.15908800378362578,0.45475409930345395,1.122921627235825,-0.2892647061184381,-0.6555083800624517,1.295439914362517,1.007814088400502,0.8492023202999526,1.0590518332126364,1.0023806768119992,1.0622235511798763,1.0909439862532535,1.1356381565301141,0.999532689794171,1.0005196720665837,0.0024752999999999997,1.0,0.7050528369214929,0.022200000000000004,0.149553513097907,0.57,0.8556288707523761
0.18,8.758064516129032e-5,86.85788738403573,-317.5535177658313,-326.2000227181229,-0.22700713978069717,-1.6121518909606694,0.7245937252399325,1.2802634137197972,-0.5125829722997804,0.31610491460778795,0.4850700935489847,0.0002314775633561368,0.22175256036800045,0.7971909405420886,0.35521128014408215,0.4637292425503763,0.5806863736907912,-1.695459164158408,1.9478461546412884,1.1429880817349705,0.8865011162442975,0.9993602437532894,0.9938300127001707,0.9828228650344469,0.9636543066251841,0.9982507939801772,0.9985780617799194,0.0024752999999999997,1.0,0.4381490305841703,0.022200000000000004,0.149553513097907,0.57,0.8556288707523761
0.18862353629575357,8.758064516129032e-5,73.89535589411287,-312.171887158083,-319.7187569731615,-0.2414895418933871,-1.4664031667926174,0.7154726732441921,1.2298996401453346,-0.4693472694656589,0.3089107038016719,0.46918217788226246,0.007632237128644377,0.20830429145109652,0.7733594126274369,0.3773337177752138,0.44655163537863946,0.5016887311159749,-1.5740754804445805,1.8205929572006303,1.1322145943623798,0.8956455595542587,0.9994975501336987,0.9970207307331087,0.9877160286424219,0.9714733716585227,0.9983475934342091,0.9987203607893675,0.0024752999999999997,1.0,0.4492700225148921,0.022200000000000004,0.149553513097907,0.57,0.8556288707523761
0.197401105998178,8.758064516129032e-5,62.09329974026684,-307.26158469989787,-313.81772889623846,-0.25524907329971136,-1.3231513550303278,0.706324235906882,1.1806355510818554,-0.42595469818621123,0.3018472519115673,0.45449065704493785,0.015308518012010783,0.19528385230877446,0.7496518245157507,0.39935565111837906,0.4285536770076557,0.4249096108849181,-1.4531709980798195,1.70187643278744,1.1212884235934206,0.9048241262200284,0.9996399726846575,1.0002869963977938,0.9927972958868456,0.9795840646800741,0.9984502321524518,0.9988605458735421,0.0024752999999999997,1.0,0.46039101444561387,0.022200000000000004,0.149553513097907,0.57,0.8556288707523761
0.20632836697123808,8.758064516129032e-5,51.423369326398415,-302.80906801776746,-308.48276368930425,-0.2694078395265196,-1.1812769573566653,0.6966571750282747,1.1325555890456969,-0.3827455728270921,0.2943940981088031,0.43941911518688226,0.023992149937425284,0.18142831860761233,0.7271183460767313,0.4220935649762226,0.4113777506438676,0.3507779331668898,-1.3350440932550767,1.5915837190385695,1.1102205060470942,0.9140070319626677,0.9997846323752736,1.0033646609213127,0.9979478543574553,0.9878220633923578,0.9985364293143767,0.9989956112273236,0.0024752999999999997,1.0,0.4715120063763356,0.022200000000000004,0.149553513097907,0.57,0.8556288707523761
0.21540090302880485,8.758064516129032e-5,41.86136435538208,-298.80863834159817,-303.7017612037961,-0.28281638391152797,-1.0429595733082293,0.6871956219818752,1.0859989145560196,-0.33980152163174043,0.28700588325506143,0.4253331682968028,0.03262257787894531,0.16806187237406278,0.7052367342262507,0.4452982571434512,0.39289633281081976,0.2789345719217467,-1.216921062285572,1.4895651535110312,1.0989878683038157,0.9231887613364398,0.9999327109185476,1.006508142173117,1.0032269750440121,0.996254970296578,0.9986288792173382,0.9991275381375099,0.0024752999999999997,1.0,0.4826329983070574,0.022200000000000004,0.149553513097907,0.57,0.8556288707523761
0.2246142261192784,8.758064516129032e-5,33.386859840562465,-295.2534460895068,-299.4645089463863,-0.29645840647876875,-0.9075084488095193,0.6771197348193828,1.0403674126894273,-0.2964808133342929,0.2796800324817431,0.4119642394474706,0.041751366119831254,0.15469908736719834,0.6843230317055965,0.46876340129423655,0.37338265827689376,0.2099522906317603,-1.1001744537401965,1.3958916998018278,1.087594890429018,0.9323141130470116,1.0000836224486194,1.0095561813740157,1.0086113531538925,1.004849301499759,0.9987159323903209,0.9992551092386645,0.0024752999999999997,1.0,0.4937539902377792,0.022200000000000004,0.149553513097907,0.57,0.8556288707523761
0.23396377854576186,8.758064516129032e-5,25.98298602660998,-292.1418177143188,-295.76257203941003,-0.31017423619049583,-0.7736394220679926,0.6666940798962758,0.9954638958101771,-0.252759101519689,0.27188846296801206,0.3980274000163121,0.05210530882116581,0.14068670943647635,0.664381433365042,0.49306187186993855,0.35398094388933515,0.143279353324634,-0.9843213588817292,1.3101217743010427,1.0760513612647675,0.9413977948619836,1.0002358927918629,1.0124286340792727,1.0140342551049961,1.013520832178204,0.9987890089103056,0.9993781656611109,0.0024752999999999997,1.0,0.504874982168501,0.022200000000000004,0.149553513097907,0.57,0.8556288707523761
0.24344493522068753,8.758064516129032e-5,19.63631345860358,-289.4687627148021,-292.58923575540683,-0.32355957076522035,-0.6441171193062737,0.6558717046429223,0.9519457366955134,-0.2087351643949733,0.2640615142650824,0.3851273400478582,0.06251669230181138,0.12696801656800766,0.6452673644612805,0.5180142921257405,0.33267051081285187,0.07916449914533075,-0.868122920124813,1.2323815166389216,1.0643380314754185,0.9503833368734721,1.0003893164768514,1.0153706028222054,1.0195060053172151,1.022258122221899,0.9988668433511175,0.9994970944795014,0.0024752999999999997,1.0,0.5159959740992227,0.022200000000000004,0.149553513097907,0.57,0.8556288707523761
0.25305300595378105,8.758064516129032e-5,14.336740025775157,-287.2333981525802,-289.9394490389926,-0.3369967096171,-0.5182526807903097,0.6447744628675766,0.9095996194067331,-0.1643696583234484,0.2560708970501141,0.3726412800139253,0.07372561738388517,0.11295860270462661,0.6269963170766516,0.5437818184881048,0.310336816850221,0.017571976414169008,-0.7520761202890607,1.1623403393912572,1.0524691786573943,0.9592543713666382,1.000543046076045,1.0182473518310406,1.0249893189511217,1.0310127407706977,0.9989390468348206,0.9996111544362294,0.0024752999999999997,1.0,0.5271169660299445,0.022200000000000004,0.149553513097907,0.57,0.8556288707523761
0.26278323777222945,8.758064516129032e-5,10.077559849380123,-285.4367246821112,-287.8098589507951,-0.35038370340071245,-0.39631277778190616,0.6329278949587354,0.8679788817388607,-0.11917370395086352,0.24787212564526187,0.360545013165019,0.08548734239349039,0.09880531620375628,0.6098406921484552,0.5706090383438547,0.28664479062425846,-0.041505361880940186,-0.6356355857226205,1.100012299671094,1.0404454119030984,0.9679470831161172,1.000696034315398,1.0211009093804533,1.0304462691281786,1.0397249954796672,0.9990078729449212,0.9997203942415974,0.0024752999999999997,1.0,0.5382379579606663,0.022200000000000004,0.149553513097907,0.57,0.8556288707523761
0.2726308172719081,8.758064516129032e-5,6.855588089669823,-284.0810522175592,-286.19887307093995,-0.36365944190578564,-0.2783925034176904,0.6205984664530111,0.8272654566690508,-0.07315573233731683,0.23943029408446817,0.3487576698974847,0.09810614542783751,0.0843443036901824,0.593472208006115,0.5983488470939775,0.26158623749654997,-0.09818615550244897,-0.518598856955854,1.045276139526609,1.0282739793810047,0.9764751129214386,1.0008477932679827,1.023902349565448,1.0358567656782343,1.048367018503073,0.9990716886225628,0.9998246993327435,0.0024752999999999997,1.0,0.549358949891388,0.022200000000000004,0.149553513097907,0.57,0.8556288707523761
0.2825908729985017,8.758064516129032e-5,4.671357030182094,-283.169994702462,-285.1067575411961,-0.3774647920802806,-0.16537731868135086,0.6069543478938995,0.7877031201438669,-0.025993920261326606,0.23070000161806328,0.33774751404796405,0.11085109423048475,0.06938844611633502,0.5780439795537196,0.6275941383600848,0.23477290063983805,-0.15230394441305362,-0.40059781224003355,0.9978006539151092,1.0159612606488844,0.9847856188679474,1.0009967913435787,1.0268089417814688,1.0411786012826902,1.0568517319980701,0.9991366407118139,0.9999234366282096,0.0024752999999999997,1.0,0.5604799418221098,0.022200000000000004,0.149553513097907,0.57,0.8556288707523761
0.29265847785734184,8.758064516129032e-5,3.529330238059515,-282.7089910893062,-284.5357441451348,-0.3906128189192281,-0.05621261958632719,0.59372085097469,0.748471463862706,0.02203682030040955,0.22178195844610052,0.3265400424846157,0.12548341698978113,0.05440305754465644,0.5634985547283242,0.6574154140526702,0.2065630845226683,-0.2041722962682769,-0.28165271885619964,0.9581780545024736,1.003513090909394,0.9928454567742594,1.0011441464424797,1.0294812479145814,1.0464255834647616,1.0652423839913716,0.9991893123718724,1.0000177327772002,0.0024752999999999997,1.0,0.5716009337528316,0.022200000000000004,0.149553513097907,0.57,0.8556288707523761
0.3028286515507688,8.758064516129032e-5,3.4351844266942635,-282.70523140614733,-284.4886712394522,-0.4036952182744391,0.047784655915884995,0.5795132479177192,0.710258993132712,0.07139725789949701,0.21256406707734463,0.31581640576845377,0.14057405607628382,0.039009628062773534,0.5498783361489451,0.6886331790514547,0.1763593442564643,-0.25347730391589957,-0.16112799433183747,0.9255636472462057,0.9909412075269523,1.0005565381875585,1.0012855361383068,1.0321808982301803,1.0515036591246725,1.0732938044995008,0.9992382438225681,1.0000931752831572,0.0024752999999999997,1.0,0.5827219256835534,0.022200000000000004,0.149553513097907,0.57,0.8556288707523761
0.31309636304181315,8.758064516129032e-5,4.382511202113278,-283.15905936540264,-284.9623346271617,-0.41695603259565284,0.14713590666427523,0.5643673071151967,0.6725850470084788,0.12249351130127752,0.20305809040634978,0.305575477013592,0.15666797877492905,0.02331104356826705,0.5373602587634307,0.7212999704675465,0.14413938557484973,-0.3002303187470329,-0.03860825165669353,0.8999859556748544,0.9782514503393324,1.0078803975616473,1.0014196249346465,1.0348640948196872,1.056364627242048,1.08092992206234,0.9992810358976301,1.000149330856268,0.0024752999999999997,1.0,0.5938429176142752,0.022200000000000004,0.149553513097907,0.57,0.8556288707523761
0.3234565330429751,8.758064516129032e-5,6.388484775017446,-284.0809246263459,-285.96532141361376,-0.43020217224552587,0.24180943004900057,0.5485776466257467,0.6356318758733034,0.17492705306664943,0.19332041504067035,0.29567722236744937,0.17356894029519174,0.007160402482905627,0.5256523645944562,0.7553667830205766,0.11013496513936014,-0.34468844507908597,0.08549680413020788,0.8816217771460079,0.9654591717098764,1.0148732208678048,1.0015490868061991,1.0375365279280355,1.0610486404989725,1.088302041416016,0.9993201978898278,1.000202128411551,0.0024752999999999997,1.0,0.6049639095449969,0.022200000000000004,0.149553513097907,0.57,0.8556288707523761
0.33390403652887574,8.758064516129032e-5,9.4791352159707,-285.4867536473835,-287.5106466340904,-0.4435958245774473,0.3314130287841128,0.5318613670013422,0.5993192917756928,0.22897040893524492,0.18321492293396133,0.2860587956751397,0.19127766410000493,-0.009479137266502336,0.5147949686534666,0.7908861668067634,0.07403258027839878,-0.38688988542547037,0.21160140334184604,0.8702934755387122,0.9525752409850552,1.021504895692273,1.0016728339541165,1.0402201837965626,1.0655192346148203,1.0953482454063719,0.9993563623552035,1.0002513586030215,0.0024752999999999997,1.0,0.6160849014757187,0.022200000000000004,0.149553513097907,0.57,0.8556288707523761
0.3444337052715314,8.758064516129032e-5,13.685185530612102,-287.3940052311388,-289.6136717914111,-0.45720640793644585,0.41589233216553123,0.5142137431926402,0.5634667852292374,0.2845889549546574,0.1726767861750876,0.2767211209942833,0.21000134107331067,-0.02654348285634174,0.5049292646862726,0.82792964844003,0.03589400060596151,-0.42690243640951775,0.33995729912581385,0.865964606628622,0.9396098272123079,1.0277470781330684,1.0017901778915208,1.0429336197281307,1.0697526284684649,1.1020293417838658,0.9993893022084485,1.0002970805560654,0.0024752999999999997,1.0,0.6272058934064405,0.022200000000000004,0.149553513097907,0.57,0.8556288707523761
0.3550403303970013,8.758064516129032e-5,19.041993166347766,-289.8230898228723,-292.2920756092789,-0.4709925437613598,0.494875475488238,0.4953888880846574,0.5285186922717197,0.3419114323892477,0.1616755968050536,0.26788450893780585,0.22972505327190565,-0.044359665700774584,0.4956958242309921,0.8663914536823509,-0.004261297496379241,-0.4646388431069955,0.47030228332679974,0.8683298636106016,0.926579526427589,1.0335820967127023,1.0019000045798343,1.045701877147546,1.0737101296904437,1.108281920609367,0.9994199972436263,1.000338827140063,0.0024752999999999997,1.0,0.6383268853371622,0.022200000000000004,0.149553513097907,0.57,0.8556288707523761
0.36571866496214184,8.758064516129032e-5,25.58950707690383,-292.79608584004427,-295.56583256455696,-0.4847679009098358,0.5682047057080419,0.47557506067618405,0.494131040969046,0.4006585053070493,0.15035055996833968,0.25937329844605994,0.25026987956920094,-0.06258160954382995,0.48741813418791646,0.9061908536540682,-0.046874272306480766,-0.500114700735375,0.6025968798152875,0.8777345278877263,0.9134929057213429,1.0389630621860693,1.0020018454561732,1.0484556838785573,1.0773725519834825,1.11407928630332,0.9994474519889968,1.0003769090553976,0.0024752999999999997,1.0,0.649447877267884,0.022200000000000004,0.149553513097907,0.57,0.8556288707523761
0.37646342655019266,8.758064516129032e-5,33.37227340829804,-296.3360556412506,-299.45721573025406,-0.498612999009081,0.6351023768206292,0.45541424246364137,0.45912312802131217,0.4618856862951553,0.13913359357837413,0.25094578563884257,0.2717432430268087,-0.08089754620177837,0.47983916102394863,0.9474212828581974,-0.09194860005950661,-0.5337402355175448,0.7380632134440924,0.8941115722185353,0.9003588656453284,1.043887361025365,1.0020951378746452,1.0510901168485964,1.0807182186882223,1.1193893938428534,0.999468735239841,1.000412678757232,0.0024752999999999997,1.0,0.6605688691986058,0.022200000000000004,0.149553513097907,0.57,0.8556288707523761
0.3872692998839115,8.758064516129032e-5,42.439556738817714,-300.469939583018,-303.9908573955139,-0.5127116858175493,0.6961935058008699,0.43396272012633835,0.4251680086161168,0.524429378846381,0.12719821915131602,0.24285430741870706,0.29424398522129885,-0.09995801574567094,0.4731617628503304,0.9901853714776573,-0.1388305078872304,-0.5651843023421638,0.8753875164038523,0.9169578820754417,0.8871967703843961,1.0483288390280723,1.0021787033968808,1.0538437294852616,1.08371331334571,1.124145309556066,0.9994885073675468,1.0004442172493975,0.0024752999999999997,1.0,0.6716898611293276,0.022200000000000004,0.149553513097907,0.57,0.8556288707523761
0.3981309394549647,8.758064516129032e-5,52.84550583370458,-305.2263033173918,-309.19383194295733,-0.5266675345207525,0.7511052454670325,0.4119273899186024,0.39163225741471164,0.5887138107602028,0.11509895886485531,0.23504006773965694,0.3175300387821503,-0.11925574415781422,0.4670769653923562,1.0339289857426643,-0.1880216545511977,-0.5948241123163137,1.0149736073903093,0.946221020496191,0.874026268848346,1.052254115407033,1.0022527170699123,1.0565859891576896,1.086357980257117,1.1283569491818821,0.9995045212083661,1.0004726933415529,0.0024752999999999997,1.0,0.6828108530600494,0.022200000000000004,0.149553513097907,0.57,0.8556288707523761
0.4090429721682723,8.758064516129032e-5,64.64941066295194,-310.63351453534887,-315.095784357581,-0.5420053474886328,0.8000887469747463,0.3874091192502244,0.35973894151072977,0.6544197655808024,0.10165271326007927,0.2276829327178565,0.34227173375028974,-0.14043736491161357,0.461915797188064,1.0800478560678664,-0.23929880150541455,-0.621584718925744,1.1570078020013344,0.9818100968247719,0.8608487577407677,1.055663174070432,1.0023155170435996,1.05953236563046,1.0886203563977128,1.1319301733429208,0.9995207711717448,1.0004952244766931,0.0024752999999999997,1.0,0.6939318449907712,0.022200000000000004,0.149553513097907,0.57,0.8556288707523761
0.41999999999999993,8.758064516129032e-5,77.91590570124959,-316.7273027151758,-321.72903187672983,-0.5566607587081217,0.8418193094063439,0.36333561011916915,0.327022422562392,0.7218580157563728,0.0885943761665851,0.22027993953338784,0.3675980427059475,-0.161102685050501,0.45726385579404905,1.1269276419186158,-0.292247438962485,-0.6471002427124158,1.301448902428583,1.0235167394052915,0.8476930996060535,1.0585410487439657,1.002368064231781,1.0623857372340058,1.090499273248819,1.134919185650801,0.9995307531897932,1.0005163186403647,0.0024752999999999997,1.0,0.7050528369214929,0.022200000000000004,0.149553513097907,0.57,0.8556288707523761
0.18,9.161290322580643e-5,85.71777169066536,-316.6967810413388,-325.6299648714377,-0.2653194931403658,-1.62814745028914,0.7456446224576196,1.3198864806404724,-0.5519528378426519,0.32826317539944183,0.49969800304328604,-0.01516001608508899,0.2409543797868687,0.8148439304585794,0.3282791997448751,0.5099615518466333,0.6232005668221148,-1.7823205642460782,1.9891577957445095,1.1219158070124473,0.885440822956954,0.9993298437168195,0.9921684713689916,0.9822620375563189,0.9619322974654129,0.9982249602726776,0.9985708102482376,0.0024752999999999997,1.0,0.4381490305841703,0.022200000000000004,0.149553513097907,0.57,0.8556288707523761
0.18862353629575357,9.161290322580643e-5,72.87176426635995,-311.41556281824717,-319.206961159285,-0.2766492464614719,-1.4818965825633468,0.7342705428918078,1.2672717539964822,-0.5027223961134841,0.3195510725970615,0.4831686921480547,-0.004900525461057897,0.22491604672721444,0.7895968307780925,0.35490229699493264,0.4867101650393357,0.5420806660124126,-1.6477792909880524,1.8627730470057449,1.1124328699830277,0.8945637342842983,0.9994665885905549,0.9957158513514034,0.9870831159507792,0.9697183922441699,0.998326804906578,0.9987135539787346,0.0024752999999999997,1.0,0.4492700225148921,0.022200000000000004,0.149553513097907,0.57,0.8556288707523761
0.197401105998178,9.161290322580643e-5,61.214464143066834,-306.60955303397077,-313.37831109763846,-0.2883102161226899,-1.337803254054336,0.7224264252033036,1.2150196679478946,-0.4547853584465584,0.3112322406916434,0.4673753634278864,0.005001002812093624,0.20982116536788323,0.7661943751656077,0.3811807649806264,0.46258933018492465,0.46418530139236336,-1.5171012700460893,1.744882311793823,1.1027707331075047,0.9037131793135635,0.9996094852367972,0.998991679507875,0.9921347196466705,0.9778551343367758,0.9984241694499411,0.9988526557651312,0.0024752999999999997,1.0,0.46039101444561387,0.022200000000000004,0.149553513097907,0.57,0.8556288707523761
0.20632836697123808,9.161290322580643e-5,50.71026508774332,-302.27093905998333,-308.1262115699767,-0.29991684248066475,-1.1952786640180464,0.7105996958022055,1.1644047007654588,-0.4071683701194907,0.30257599013140174,0.45153203303367023,0.015930463309159284,0.19374975960467572,0.7426580426870684,0.4075499657224874,0.4400398897005615,0.38826431402250033,-1.388348363501035,1.6352205526765204,1.092909126154051,0.9128979544464408,0.999754478547087,1.0022734532575117,0.9972510613779966,0.9861112066375427,0.9985108593069119,0.9989877132021953,0.0024752999999999997,1.0,0.4715120063763356,0.022200000000000004,0.149553513097907,0.57,0.8556288707523761
0.21540090302880485,9.161290322580643e-5,41.32845508623734,-298.38620574742043,-303.4353065692237,-0.31111257371410933,-1.0565312584220077,0.6989814668613746,1.1151319393143446,-0.3600161601564894,0.2942025717192801,0.43682627078633346,0.02599620597935375,0.17906609748098007,0.720208476137507,0.43380821132396574,0.41580072683095937,0.31519263669956643,-1.2608098156793992,1.5339607972827893,1.082834744874707,0.9220743003105448,0.9999031157532393,1.0055743191636668,1.0025163775384254,0.9945751968032202,0.998608509112623,0.9991202636844365,0.0024752999999999997,1.0,0.4826329983070574,0.022200000000000004,0.149553513097907,0.57,0.8556288707523761
0.2246142261192784,9.161290322580643e-5,33.042925417971674,-294.94757175113244,-299.2925417350909,-0.32268367991544833,-0.9198324254877095,0.6871426627974153,1.067124306130158,-0.31311427454503826,0.28563945938558777,0.4221641606426308,0.037210097694207786,0.16368860027095306,0.698824991668975,0.4607236556121541,0.3923397478687666,0.2440003050433688,-1.1359443192454046,1.440326145803457,1.0725736162814257,0.9312120251573832,1.0000542888606287,1.008710586774596,1.0078666264026537,1.0031835272469554,0.9986912556875948,0.9992476696658588,0.0024752999999999997,1.0,0.4937539902377792,0.022200000000000004,0.149553513097907,0.57,0.8556288707523761
0.23396377854576186,9.161290322580643e-5,25.832044725378637,-291.9510504524258,-295.68710138879436,-0.33404664334068807,-0.7858115585919624,0.67505300927538,1.0202856493895986,-0.2660080535249005,0.27695748866115705,0.4078818528604564,0.048841756392623094,0.14840284286702,0.6781202924197657,0.4877406196700434,0.3683336800275271,0.17562082679715027,-1.011635111932483,1.3544301405992962,1.062101508618701,0.9402794920161917,1.000207052807755,1.011801847973702,1.0132740918325598,1.011882457872789,0.9987710353590434,0.999371247762539,0.0024752999999999997,1.0,0.504874982168501,0.022200000000000004,0.149553513097907,0.57,0.8556288707523761
0.24344493522068753,9.161290322580643e-5,19.678440999261284,-289.39028793399154,-292.6102995257357,-0.3455093443919206,-0.6556858621937242,0.6626504596447031,0.974474189001554,-0.21887593205531491,0.26833288900266994,0.3943052481612002,0.060685448251641995,0.13323179726657078,0.6582543367743127,0.5151547607342916,0.3434203587441222,0.10959782795609102,-0.8883963324039226,1.27625098420629,1.0514289631631828,0.9492669707371413,1.000360873602648,1.014853514194579,1.0187265830355567,1.0206416433052765,0.9988490033800166,0.9994902575800519,0.0024752999999999997,1.0,0.5159959740992227,0.022200000000000004,0.149553513097907,0.57,0.8556288707523761
0.25305300595378105,9.161290322580643e-5,14.568845644446355,-287.26259234778064,-290.0555018483282,-0.3570507896547796,-0.5293699863644589,0.6499180567209438,0.9299839749413947,-0.1715191402087851,0.2595665590985983,0.3811813154915,0.07288811393556952,0.1180642172543026,0.6394665372392653,0.5432623978363019,0.317712182543862,0.04621652518411095,-0.765861024602045,1.2057123330979516,1.0405536431979838,0.9581263432058903,1.0005152073176502,1.017878489467825,1.0242020037189972,1.0294300220755583,0.9989238577794104,0.9996045370578425,0.0024752999999999997,1.0,0.5271169660299445,0.022200000000000004,0.149553513097907,0.57,0.8556288707523761
0.26278323777222945,9.161290322580643e-5,10.493954272351743,-285.5685746483994,-288.0180561622809,-0.3687323809632918,-0.4067504156674379,0.6368460024269663,0.8864046842664687,-0.12370338983853799,0.25067835568969304,0.3683784978872176,0.08577674877661713,0.10272034657617711,0.6214939246208709,0.5719086277883586,0.29124608855534045,-0.014685917435772824,-0.6438164663245634,1.1425948729661182,1.029483190536538,0.9668426566684034,1.000668568381824,1.020816599875643,1.0296433009087127,1.0381628850611793,0.9989926281098399,0.999713976930204,0.0024752999999999997,1.0,0.5382379579606663,0.022200000000000004,0.149553513097907,0.57,0.8556288707523761
0.2726308172719081,9.161290322580643e-5,7.448330412229325,-284.30921398481325,-286.4952442322197,-0.38039172568339585,-0.28822906808940313,0.6233385702902463,0.8438181736762858,-0.07515692283436794,0.24163924300515477,0.3559789113485715,0.09929346960568057,0.08727026548065078,0.604439426312241,0.6012378455216516,0.2637681882207762,-0.07311553354025943,-0.5219364277136629,1.0868704296777254,1.0182196269614878,0.9753762413924078,1.0008205492569295,1.0237042265696303,1.0350354854180228,1.0468169826366698,0.9990570993114846,0.9998185230798488,0.0024752999999999997,1.0,0.549358949891388,0.022200000000000004,0.149553513097907,0.57,0.8556288707523761
0.2825908729985017,9.161290322580643e-5,5.430369084172298,-283.4872268001002,-285.4862635681912,-0.3920707294600506,-0.17407919161840366,0.609093578202784,0.8020068055356919,-0.02588985528477749,0.23236032189825162,0.3439998993325584,0.11338359036945574,0.07187994150278124,0.5887555566899695,0.6315307375082355,0.23478145020399624,-0.12908385870161518,-0.3999106181239816,1.0387025573999917,1.006767758659813,0.9837116047023949,1.0009712805136701,1.0265661677514133,1.040384994958738,1.0553997427349249,0.999118523462552,0.9999180387819178,0.0024752999999999997,1.0,0.5604799418221098,0.022200000000000004,0.149553513097907,0.57,0.8556288707523761
0.29265847785734184,9.161290322580643e-5,4.442341252093911,-283.1080936829641,-284.992249652152,-0.40407313662680944,-0.06486961591341542,0.5946113491366777,0.7614670309316749,0.024142121873454783,0.22304173127265078,0.33252206028433534,0.12799515505775838,0.05587238299135044,0.5732291834203733,0.6625102060620026,0.20511057086500845,-0.1823328026526175,-0.27779116257431846,0.997352961293801,0.9951413020682248,0.9917949667353363,1.0011184735635252,1.0293894354119706,1.0456113796161317,1.0637808172031047,0.9991753819272627,1.0000121971560716,0.0024752999999999997,1.0,0.5716009337528316,0.022200000000000004,0.149553513097907,0.57,0.8556288707523761
0.3028286515507688,9.161290322580643e-5,4.488494532776144,-283.1777382325259,-285.0153262924931,-0.4159618866823267,0.039569229749503824,0.5794073385811604,0.7217669903043822,0.07539191961525679,0.21345147860972682,0.32145443069544904,0.1434284169655742,0.039837634690493,0.5589769490467205,0.6944690060768536,0.1736931077495323,-0.23295018517190055,-0.1548405807162552,0.9632896912531079,0.9833388374186067,0.9995451954170479,1.0012604284399524,1.0321674056586463,1.0506854076897807,1.0718639460414845,0.9992264698712329,1.0000901003006828,0.0024752999999999997,1.0,0.5827219256835534,0.022200000000000004,0.149553513097907,0.57,0.8556288707523761
0.31309636304181315,9.161290322580643e-5,5.560024851430057,-283.6954741101381,-285.55109145182007,-0.4277408365504,0.1394052955118557,0.5640590592328868,0.6828686861885832,0.12786257482623656,0.20380502493853314,0.3107093806742934,0.15976318983559237,0.023790035843938444,0.5458895644784184,0.7274497362765563,0.14065570608220646,-0.28098812342209567,-0.03086021934166245,0.9362839892591706,0.9713728910566738,1.0069020099367698,1.0013956716515502,1.0348349869788864,1.0555686196768646,1.079565465480749,0.9992685675003151,1.0001466479687207,0.0024752999999999997,1.0,0.5938429176142752,0.022200000000000004,0.149553513097907,0.57,0.8556288707523761
0.3234565330429751,9.161290322580643e-5,7.670310502260236,-284.6712429031413,-286.60623427723516,-0.43972367985012456,0.23453764759481613,0.5474346419126361,0.6449401737349538,0.1815261997253992,0.19371391288570552,0.3004951337340032,0.17666181651828505,0.007277963653538386,0.5337514743791204,0.7616574687495403,0.10597120706493743,-0.3263407464669311,0.09411658848842046,0.9163423145667217,0.9592567690360404,1.0139306518334585,1.001525768650866,1.0375702948075978,1.0602617933276781,1.0869735172667705,0.9993100497824216,1.0001993302464378,0.0024752999999999997,1.0,0.6049639095449969,0.022200000000000004,0.149553513097907,0.57,0.8556288707523761
0.33390403652887574,9.161290322580643e-5,10.843272288765093,-286.1192797747126,-288.1927151704876,-0.4517756711850506,0.32446186545436423,0.5304906853451598,0.6075416080952786,0.23657271789392995,0.1835916650065173,0.2907089146142077,0.1945338669023637,-0.009385804083953795,0.5226018584249607,0.7970473862621589,0.06970908229512385,-0.3694418036415344,0.22021209131248196,0.9035578771787588,0.9470038276992524,1.0206070968245389,1.0016505996436456,1.0402348812752522,1.0647561988747878,1.0940812104680784,0.9993462310379632,1.0002488712956061,0.0024752999999999997,1.0,0.6160849014757187,0.022200000000000004,0.149553513097907,0.57,0.8556288707523761
0.3444337052715314,9.161290322580643e-5,15.10816684731094,-288.05793722715765,-290.3251624497605,-0.46426319557289986,0.4092978077499799,0.5126421179638548,0.5709758343811927,0.2930054442472286,0.173066384632767,0.2811909002110949,0.21309259131843303,-0.02668996236290913,0.5120351719654779,0.8337134579738066,0.03136029342202045,-0.41033286148092485,0.3482114211681641,0.8972164519156901,0.9346365350941744,1.0268771879916185,1.0017683991738406,1.0429154228222253,1.0689941739322657,1.100788088964449,0.9993798310465182,1.0002947964592661,0.0024752999999999997,1.0,0.6272058934064405,0.022200000000000004,0.149553513097907,0.57,0.8556288707523761
0.3550403303970013,9.161290322580643e-5,20.499810195005352,-290.50579670027696,-293.0209841236077,-0.4770785489765589,0.4888128299664718,0.4932742381230206,0.5354898862592856,0.35058810248333244,0.16178840540948644,0.2720384696511324,0.23253828230760587,-0.04463481298837612,0.50268231531132,0.8719880880272588,-0.008530512855646226,-0.44861231971552934,0.47759359183778405,0.8978636665730586,0.9221600845525617,1.0327612013299952,1.0018798983556092,1.0457262903233433,1.0730048181120826,1.1071358455925835,0.999412522227294,1.0003362892972976,0.0024752999999999997,1.0,0.6383268853371622,0.022200000000000004,0.149553513097907,0.57,0.8556288707523761
0.36571866496214184,9.161290322580643e-5,27.058677579110736,-293.48626723786543,-296.3004178156604,-0.48978089020157023,0.5622944714263878,0.47371355509397856,0.5001849313635279,0.4094566187958145,0.15063817100666246,0.2633851885860829,0.2529894135527122,-0.06268748596702105,0.49412614086920337,0.9114155208690092,-0.05075358530788286,-0.48491643070063767,0.6090587265407366,0.9053989728304548,0.9095955686595765,1.038197892806431,1.0019830808899906,1.048428401880987,1.0767050955183488,1.1130095149943022,0.9994395599521002,1.0003749382993652,0.0024752999999999997,1.0,0.649447877267884,0.022200000000000004,0.149553513097907,0.57,0.8556288707523761
0.37646342655019266,9.161290322580643e-5,34.83086216490483,-297.0235775005107,-300.18651010855746,-0.5029893011506474,0.6299968961765439,0.452738544435923,0.4657324560241539,0.47000050899767104,0.13890450943938568,0.2548477286816492,0.27411106579303957,-0.08138056329232053,0.4863760831787032,0.9521713488737921,-0.09562719383215341,-0.5190666628102641,0.7426713329098078,0.9198478688170483,0.8969548115483017,1.0431836570394224,1.0020776280251216,1.0511616718212764,1.0800960460129658,1.1183911622428007,0.9994645378237886,1.000409433906524,0.0024752999999999997,1.0,0.6605688691986058,0.022200000000000004,0.149553513097907,0.57,0.8556288707523761
0.3872692998839115,9.161290322580643e-5,43.86785505430271,-301.14394616283295,-304.7050065532564,-0.5162333642305332,0.6918972647850323,0.43204264413136867,0.43102854484747527,0.5325598783224061,0.12735206368324783,0.24654848394399287,0.29639855238962,-0.10033340043325774,0.478690075983167,0.994199448088185,-0.14230030845554803,-0.5516206262993152,0.8801177355507419,0.9406907593201145,0.8842576809185774,1.047669910433794,1.0021625710739797,1.0538447349818207,1.0831322862060393,1.1232254790897134,0.9994832614302045,1.0004421509574157,0.0024752999999999997,1.0,0.6716898611293276,0.022200000000000004,0.149553513097907,0.57,0.8556288707523761
0.3981309394549647,9.161290322580643e-5,54.22622255544309,-305.876778131912,-309.8841903038266,-0.5304314801297207,0.7474518432597201,0.40929600066973637,0.3973878282750892,0.5961515494330101,0.11467597894248654,0.23836393353226107,0.3196909905218965,-0.12043949670056718,0.47234439054774613,1.0385414430556679,-0.19118456941879658,-0.5822654129608404,1.0195409690308341,0.9677432342073499,0.8715253866915416,1.0516764231428,1.0022381873463646,1.056686349393577,1.0858454043756118,1.1275286607693276,0.9995015681381877,1.0004695775665973,0.0024752999999999997,1.0,0.6828108530600494,0.022200000000000004,0.149553513097907,0.57,0.8556288707523761
0.4090429721682723,9.161290322580643e-5,65.96708755131124,-311.25729578316447,-315.75462280176066,-0.5442807755242346,0.7959548250005332,0.3863785588140219,0.3635380522904559,0.6613192567112776,0.1020847096555865,0.23055153419057653,0.3439976234611503,-0.1407291678503978,0.4658686443065206,1.08344096634326,-0.24165554305253237,-0.61103396066021,1.161858474109476,1.0007178804506036,0.8587841600493227,1.0551243807776662,1.0023022171997211,1.0595003604193354,1.0881313886648574,1.1311717038893385,0.9995149689256432,1.0004945520673372,0.0024752999999999997,1.0,0.6939318449907712,0.022200000000000004,0.149553513097907,0.57,0.8556288707523761
0.41999999999999993,9.161290322580643e-5,79.15567070903228,-317.31313764232794,-322.3489143806212,-0.5587778997893219,0.8390798755355505,0.3621281702010808,0.3309961852761072,0.7273726809223073,0.08878138250923127,0.22296909937777976,0.3691965821829249,-0.1614373266039853,0.46126771556087093,1.1302776381544926,-0.2951990968659774,-0.6379572981252485,1.3059167315426339,1.0403578374705331,0.8460240780492627,1.0580576305733411,1.0023563881556017,1.0623981776929028,1.0900733610896116,1.1342533990432464,0.999526771399213,1.0005151847461213,0.0024752999999999997,1.0,0.7050528369214929,0.022200000000000004,0.149553513097907,0.57,0.8556288707523761
0.18,9.564516129032257e-5,84.17952426781471,-315.6916198807278,-324.8608411600124,-0.3027924645138918,-1.6429199296298942,0.7643395535961846,1.3548391294463915,-0.5788822281256656,0.3380421295209422,0.5127348497541702,-0.02492417841877035,0.2559527147354302,0.8307459814005088,0.31130913791375586,0.5489208879680376,0.6585134915706291,-1.8355632541268148,2.0275132553182442,1.1009381647460372,0.8844723163947172,0.9992981746187157,0.991405638241436,0.9816296376235975,0.9601375809529076,0.9981997335448227,0.998563835216257,0.0024752999999999997,1.0,0.4381490305841703,0.022200000000000004,0.149553513097907,0.57,0.8556288707523761
0.18862353629575357,9.564516129032257e-5,71.5242575808652,-310.53415945508294,-318.53320781653764,-0.31184115453219013,-1.4969182317387222,0.7502716276854706,1.298946946987006,-0.5258029649495112,0.32860162092444717,0.4958325890645418,-0.01326991738116341,0.23860626289391323,0.8053440418006936,0.3407542061222934,0.5188831329444392,0.5772147595401664,-1.6935859614003559,1.9023705503732495,1.0927664822891272,0.8935737231275415,0.9994381084168953,0.9949006923159734,0.9865313985944306,0.9681046016415763,0.99830319656281,0.9987060313680465,0.0024752999999999997,1.0,0.4492700225148921,0.022200000000000004,0.149553513097907,0.57,0.8556288707523761
0.197401105998178,9.564516129032257e-5,60.07266709991586,-305.86412498844237,-312.807412576063,-0.32057115583663415,-1.351151267694093,0.7358746342017406,1.2440310194281232,-0.4729545632147559,0.3187289174260756,0.47878997593839895,-0.001074301872391643,0.22113581776065527,0.780866059165552,0.3707269710327262,0.4901555836658852,0.4969934785504775,-1.5535881733295687,1.785599308421959,1.0843536555818767,0.9027253057800811,0.9995805553262997,0.9984590283050412,0.9915119609420464,0.97621468452259,0.9984017461496801,0.9988459991849494,0.0024752999999999997,1.0,0.46039101444561387,0.022200000000000004,0.149553513097907,0.57,0.8556288707523761
0.20632836697123808,9.564516129032257e-5,49.78505853661443,-301.654945919628,-307.66360829441226,-0.3296237006587944,-1.2089094775293394,0.722217671471146,1.1913107803830563,-0.42179019541422985,0.30924630393346847,0.46256780169823847,0.010994159596198738,0.2040472057321867,0.7572271373247252,0.4000207072540037,0.4620801190330566,0.42008492033431966,-1.4176921219938108,1.676627853134945,1.0756930408924195,0.9118976009219572,0.9997263625183809,1.0018378152175513,0.9966237425087078,0.9845164106828388,0.9984949335289106,0.9989812576586935,0.0024752999999999997,1.0,0.4715120063763356,0.022200000000000004,0.149553513097907,0.57,0.8556288707523761
0.21540090302880485,9.564516129032257e-5,40.626728052017825,-297.90229871160886,-303.08444305211395,-0.33877909359942315,-1.068392219616719,0.7083943957557264,1.1396213306503484,-0.3710476393790767,0.2997703485282958,0.4467183744955286,0.023453037662151004,0.1870480986315979,0.7343479944989425,0.42912002487644824,0.43447177029127343,0.3451492473177361,-1.2843331537229727,1.575728260391688,1.0667858588485635,0.9210546586084906,0.9998755977007228,1.005121409642288,1.0018588328956057,0.9930134352476673,0.9985817762013668,0.9991129787472375,0.0024752999999999997,1.0,0.4826329983070574,0.022200000000000004,0.149553513097907,0.57,0.8556288707523761
0.2246142261192784,9.564516129032257e-5,32.56767893800725,-294.5942035456559,-299.05491849510867,-0.3478196416269852,-0.9313508531624773,0.6947070609749694,1.089494700424275,-0.3206696389433703,0.29043273790412033,0.4315937421779868,0.035413104229486916,0.17082569837680212,0.7124272061907025,0.45804718036624564,0.40667067018367997,0.2732511173241058,-1.15297745143756,1.4824433283638976,1.0576207319353743,0.9301873352475226,1.0000272360837594,1.0084042908514832,1.007192469344253,1.001647567157622,0.9986719959691338,0.9992412209668782,0.0024752999999999997,1.0,0.4937539902377792,0.022200000000000004,0.149553513097907,0.57,0.8556288707523761
0.23396377854576186,9.564516129032257e-5,25.58240569882753,-291.7225247364423,-295.5622818755188,-0.35718037561780414,-0.7973822120178561,0.6810978461842409,1.040846506731881,-0.2709156164406095,0.2811381442096664,0.4169451779150345,0.04781837717148503,0.15457184776791266,0.6913934168436762,0.48702186638147227,0.3789967909837511,0.20378947612814224,-1.0239708032913102,1.3967395521128712,1.0482065080690997,0.939262452706405,1.0001805558421533,1.0115703623442256,1.0125906087555592,1.0103775116235978,0.9987550284034095,0.9993647590853245,0.0024752999999999997,1.0,0.504874982168501,0.022200000000000004,0.149553513097907,0.57,0.8556288707523761
0.24344493522068753,9.564516129032257e-5,19.6498013293143,-289.283037138561,-292.5959796907622,-0.36665092698525986,-0.666494533172651,0.6673189780825827,0.9933582902047922,-0.2210462001904194,0.27182062929503364,0.40270443356747065,0.06067588901918189,0.138313035325712,0.6710459198213483,0.5159619826981039,0.35138223125302787,0.13683439278667336,-0.8966896126482512,1.318407459422348,1.038541773552024,0.948246182995892,1.0003348397507787,1.0146527541390598,1.0180254446040804,1.0191623556590717,0.9988323864647819,0.9994839168742216,0.0024752999999999997,1.0,0.5159959740992227,0.022200000000000004,0.149553513097907,0.57,0.8556288707523761
0.25305300595378105,9.564516129032257e-5,14.753163115996927,-287.27061339068234,-290.1476605841035,-0.376353049140468,-0.5395681757750667,0.6533968266290349,0.9472537791384401,-0.17122908062221603,0.262525904377217,0.3890531296741539,0.07368888757345543,0.12221343726994838,0.6517107115689886,0.545273959843793,0.3233308958349805,0.07245373469882671,-0.7708670111235362,1.2474545159064037,1.0286294663882023,0.957114037501324,1.0004894316205462,1.0176917723343457,1.0234794970425114,1.0279647871753121,0.9989070293389625,0.9995983363589029,0.0024752999999999997,1.0,0.5271169660299445,0.022200000000000004,0.149553513097907,0.57,0.8556288707523761
0.26278323777222945,9.564516129032257e-5,10.880266727333606,-285.68455545742455,-288.21121238977184,-0.3861845580222647,-0.4164132407783988,0.6392371201910368,0.9022610564303202,-0.12130621952375524,0.25314664848097956,0.37583434072715893,0.08717131761604074,0.10613875958181002,0.6333070750820107,0.5749597969984902,0.2947637084206853,0.010646257727513537,-0.6459640293390543,1.1838297875616552,1.0184734314653268,0.9658401650535119,1.0006433186522579,1.0206726883834742,1.0289114906863746,1.0367270089378169,0.9989772486812251,0.9997080280259962,0.0024752999999999997,1.0,0.5382379579606663,0.022200000000000004,0.149553513097907,0.57,0.8556288707523761
0.2726308172719081,9.564516129032257e-5,8.02350266000235,-284.5252955466954,-286.7828303561062,-0.3960897205580734,-0.2973233229565337,0.6248131150175971,0.8582776404564199,-0.07087745643798343,0.24370685419682142,0.3629761054360507,0.10119584874161903,0.09005477206536304,0.6158313087523758,0.6050944779116925,0.2656018927319088,-0.04869716684324694,-0.5218398751808812,1.1273756001920563,1.008083759193103,0.9743890773280816,1.0007960161118499,1.0235714350868315,1.0343024742293274,1.0454213563245554,0.9990420610389203,0.9998128391272559,0.0024752999999999997,1.0,0.549358949891388,0.022200000000000004,0.149553513097907,0.57,0.8556288707523761
0.2825908729985017,9.564516129032257e-5,6.180019590473421,-283.7951122643666,-285.86108882134175,-0.4063792069878034,-0.1828582241753446,0.6099248387035175,0.8155659975791139,-0.02006056999727783,0.234139956068889,0.3507396969374914,0.11559924738476704,0.07386941697021218,0.5992494639595429,0.6359374977747484,0.23539334224735484,-0.10546115075066663,-0.3979521696594914,1.0781436786295002,0.9974647430230604,0.9827340208784516,1.000946674594185,1.026473604375132,1.0396286617142976,1.0539995209588071,0.9991048138737826,0.9999124865054879,0.0024752999999999997,1.0,0.5604799418221098,0.022200000000000004,0.149553513097907,0.57,0.8556288707523761
0.29265847785734184,9.564516129032257e-5,5.351832381966119,-283.49928756370696,-285.4469952170881,-0.4168282435297582,-0.07291712005372089,0.5946880904874231,0.7737203924478924,0.03152728388808623,0.22440960103681812,0.3387515681426952,0.13069299281887867,0.05769550427107523,0.5837388589298297,0.6674573590858058,0.20388987027882313,-0.15990867778164747,-0.2739504830953337,1.0360435650374913,0.9866296822910089,0.9908352171170792,1.0010953405939553,1.0292919366849715,1.0448854013126767,1.062464025647817,0.9991620419573073,1.0000071187039716,0.0024752999999999997,1.0,0.5716009337528316,0.022200000000000004,0.149553513097907,0.57,0.8556288707523761
0.3028286515507688,9.564516129032257e-5,5.544524763647814,-283.64521222113837,-285.54334140792895,-0.4275222285449136,0.03200396157813629,0.578652658770973,0.7330344077083333,0.08355602988225964,0.2144587483010687,0.3274711079348973,0.14630634611109206,0.04106961008210624,0.5690004435309385,0.7001165606771013,0.17133163007889865,-0.21172627711083336,-0.14946802008845148,1.000609864291584,0.9755916177454077,0.9986258717567266,1.001237510291886,1.032156357622519,1.0499441319817568,1.0705589312279604,0.9992162780593542,1.0000872030542995,0.0024752999999999997,1.0,0.5827219256835534,0.022200000000000004,0.149553513097907,0.57,0.8556288707523761
0.31309636304181315,9.564516129032257e-5,6.750914051175869,-284.23322338033864,-286.146536051693,-0.4379105699097239,0.13215476713658636,0.5629953855807264,0.6928064020427914,0.13673742230743957,0.2046307887473872,0.31615705005523337,0.1628527494241796,0.02460082445577311,0.5551189050034201,0.7333080409635534,0.13760553677635737,-0.26099485894864916,-0.02401864249176679,0.9720662639355234,0.9643604890203377,1.006007245892782,1.0013738008338997,1.0348103034132108,1.0548466965626564,1.0783197663426674,0.9992576863749675,1.0001440385812796,0.0024752999999999997,1.0,0.5938429176142752,0.022200000000000004,0.149553513097907,0.57,0.8556288707523761
0.3234565330429751,9.564516129032257e-5,8.984291134872478,-285.2722775950251,-287.2632245935413,-0.4486909474966847,0.22760436109354257,0.5462601538500149,0.6537661226941847,0.19082642851272888,0.19441795837668557,0.30568830881229564,0.1802799565082281,0.007804585212527214,0.5422556509997523,0.7677151680959243,0.10201357084182971,-0.30802646985489013,0.10253630404138883,0.9505331377886999,0.9529458064389273,1.0130645841527053,1.0015046104250205,1.0375509394755162,1.0595502370196699,1.0857681358361866,0.9992989135763013,1.0001970708797272,0.0024752999999999997,1.0,0.6049639095449969,0.022200000000000004,0.149553513097907,0.57,0.8556288707523761
0.33390403652887574,9.564516129032257e-5,12.26949849663572,-286.7781293845457,-288.9058282744229,-0.46004935129998564,0.3180695039084667,0.5287979462645039,0.6153813079710867,0.24571697446506255,0.18382763098108004,0.2951140877628424,0.19798101600092982,-0.009561606565904145,0.5301784984358094,0.8036500614212045,0.06494178488307197,-0.3527816351534778,0.23064722682080713,0.9355162851924708,0.9413717076202582,1.0197664226263088,1.0016303924001755,1.0403030517169927,1.0640719494218385,1.0929298671083751,0.9993369819750112,1.0002465486580598,0.0024752999999999997,1.0,0.6160849014757187,0.022200000000000004,0.149553513097907,0.57,0.8556288707523761
0.3444337052715314,9.564516129032257e-5,16.63568951791342,-288.76741000256175,-291.08892378506175,-0.47168548287516276,0.4033697276436155,0.5106064026428009,0.5780449740609616,0.3015903009445266,0.17297052444225908,0.285181311657509,0.21667321995187058,-0.02733302626462708,0.5189421550666158,0.8407762565147203,0.025951499404073156,-0.395426255369171,0.36025060551167243,0.9274882700015231,0.929642429557098,1.0260994727925243,1.0017494542537542,1.0430813232369345,1.0683475321636842,1.099708523630071,0.9993722620697675,1.0002923194622224,0.0024752999999999997,1.0,0.6272058934064405,0.022200000000000004,0.149553513097907,0.57,0.8556288707523761
0.3550403303970013,9.564516129032257e-5,22.11603241939258,-291.26083365413916,-293.82909523580133,-0.4837016603733662,0.4834740961600069,0.4911848080679651,0.5416807343104385,0.35849583714396127,0.16153376737847605,0.27563414430497296,0.2362785198672739,-0.04583883479158915,0.5081494374653095,0.8789092696319832,-0.01473039073929586,-0.4355767705694218,0.49151197112625916,0.925869641263084,0.9177757623406229,1.0320086897988898,1.0018604888358809,1.0459251888454282,1.0723327955668962,1.1060297174343106,0.9994057062848285,1.0003339737235144,0.0024752999999999997,1.0,0.6383268853371622,0.022200000000000004,0.149553513097907,0.57,0.8556288707523761
0.36571866496214184,9.564516129032257e-5,28.747505064623283,-294.2749973593258,-297.1448315584167,-0.49607575826669925,0.5575947193613783,0.4718413415513167,0.5055037749809707,0.41688309385698574,0.15016046711972558,0.26628263894353577,0.25678039122499197,-0.06429919308117132,0.49905686146674155,0.9192478446213435,-0.05739103155661517,-0.47433737071355453,0.6249908064151144,0.9310357472926754,0.9057901147432932,1.037503072569507,1.0019661267186117,1.0486913203185035,1.076119690713298,1.1120432302629581,0.9994327058322704,1.0003730581320296,0.0024752999999999997,1.0,0.649447877267884,0.022200000000000004,0.149553513097907,0.57,0.8556288707523761
0.37646342655019266,9.564516129032257e-5,36.570899762133195,-297.83955219993936,-301.05652890717164,-0.508815794376969,0.6246256332775281,0.4498129818560906,0.46996995245601236,0.47654344657993075,0.13793395265078537,0.2573753126168295,0.27812474104045243,-0.08350388636705365,0.49066103616879475,0.9601610012532158,-0.10209246511590735,-0.509835409345876,0.7588825408953858,0.9434225915427792,0.8936860625499865,1.0425124649398618,1.0020607220620903,1.0515167812674417,1.0795132330392063,1.1174277123357768,0.9994600563178718,1.0004064357075484,0.0024752999999999997,1.0,0.6605688691986058,0.022200000000000004,0.149553513097907,0.57,0.8556288707523761
0.3872692998839115,9.564516129032257e-5,45.630900257106646,-301.97153757232087,-305.58652915465836,-0.5210362719417726,0.6877144290116809,0.4300436570774169,0.43478039967695126,0.537484347048354,0.1264013500169486,0.24838620551301016,0.30003911661745075,-0.10241230710942115,0.48199638536795064,1.001681824564948,-0.1486678865866456,-0.5445687340222061,0.896807412243209,0.9615180115564477,0.8815001022786637,1.0470642435937934,1.002147669181662,1.0542170264969537,1.0826110184141506,1.1223760675720933,0.9994784966864878,1.0004400122277068,0.0024752999999999997,1.0,0.6716898611293276,0.022200000000000004,0.149553513097907,0.57,0.8556288707523761
0.3981309394549647,9.564516129032257e-5,55.97660603264171,-306.7003759352159,-310.7593820424259,-0.5338191089642474,0.7431998753263792,0.40867670856377875,0.39985153660600503,0.60026574617103,0.11435970304376507,0.2397914851793501,0.3229247074692399,-0.12173456691456942,0.47475347056075423,1.045049053003146,-0.1967149416835255,-0.5770172744990251,1.0360529949200743,0.9865111289725372,0.8692276215558137,1.0511148090278393,1.0022238517606394,1.0569815830926463,1.0853264279599988,1.1267113073852009,0.999494754899104,1.000469231951334,0.0024752999999999997,1.0,0.6828108530600494,0.022200000000000004,0.149553513097907,0.57,0.8556288707523761
0.4090429721682723,9.564516129032257e-5,67.66194133734564,-312.05434312725436,-316.60204969477786,-0.5472721945452615,0.7928539317787295,0.38551312620983663,0.36615523406685907,0.6642035005829602,0.10154873520939314,0.23179920332543047,0.3468732800041648,-0.14204118577625616,0.46837380430241,1.0897043409853298,-0.2471923394266148,-0.6068985495259769,1.1769176611176067,1.017459835748584,0.8568947166817772,1.0546191364081658,1.0022893120424394,1.059842474783962,1.087666589190442,1.1304359565186464,0.9995102026598299,1.0004936442126429,0.0024752999999999997,1.0,0.6939318449907712,0.022200000000000004,0.149553513097907,0.57,0.8556288707523761
0.41999999999999993,9.564516129032257e-5,80.74634504719404,-318.062046362738,-323.14425154970206,-0.5614295759834862,0.8361894376148437,0.36092452523887986,0.3333307310700375,0.7301478494515375,0.08793737175539215,0.22352317382341186,0.3714711416850001,-0.16307425332640446,0.46289771331304425,1.1357191194496874,-0.2998502095292574,-0.6344087547034434,1.3195259233456305,1.0544707295861655,0.8445134845667094,1.0576203057743172,1.002345753851278,1.0627394129604006,1.0896931028372459,1.1336470970645003,0.9995232594989358,1.0005139080542653,0.0024752999999999997,1.0,0.7050528369214929,0.022200000000000004,0.149553513097907,0.57,0.8556288707523761
0.18,9.967741935483868e-5,82.23062446969209,-314.5291539178308,-323.8863912609511,-0.33926834653728327,-1.6569964883762855,0.7789304971814877,1.3827983405228172,-0.5920457067644809,0.34615025554848394,0.5245854236453442,-0.030781360117409184,0.26825761709572565,0.8468440683247936,0.3029743861262798,0.5796308049679738,0.6885953807969399,-1.862094530748253,2.0637491007559516,1.0801482733328622,0.8835803179320949,0.9992700052710887,0.9911818055043066,0.9811038458579117,0.9585418770007538,0.9981758611193444,0.9985571682727958,0.0024752999999999997,1.0,0.4381490305841703,0.022200000000000004,0.149553513097907,0.57,0.8556288707523761
0.18862353629575357,9.967741935483868e-5,69.86966928005256,-309.543983902002,-317.7059136661313,-0.3452964225495796,-1.5095024856535169,0.7626239624235395,1.32437866893658,-0.5355912714221012,0.3355962966703394,0.5069843400785503,-0.01747867851700399,0.2494318832505392,0.8210623814902815,0.3352901072572551,0.5449985589349328,0.6054974895310417,-1.714111304284835,1.9403792579048786,1.073238135362397,0.8926773080624446,0.9994110692815749,0.9948425184357478,0.9859978543159722,0.9665723582374804,0.9982835194847116,0.9987005447747579,0.0024752999999999997,1.0,0.4492700225148921,0.022200000000000004,0.149553513097907,0.57,0.8556288707523761
0.197401105998178,9.967741935483868e-5,58.70994744588131,-305.03271567088467,-312.1260527490457,-0.35176155086881755,-1.3643866588286786,0.7466704494937175,1.268263636851667,-0.4802743071549145,0.3250681766734316,0.4894986456784662,-0.004285822547083205,0.23052264909950013,0.7958478442645486,0.36673964257289315,0.5122526912806648,0.5255749540915574,-1.5707963645884815,1.824458185224565,1.0660459390964936,0.9018201240939466,0.9995540998754345,0.9983313532575812,0.9909634484332994,0.974714959186862,0.9983814000842779,0.9988393194761532,0.0024752999999999997,1.0,0.46039101444561387,0.022200000000000004,0.149553513097907,0.57,0.8556288707523761
0.20632836697123808,9.967741935483868e-5,48.708700090713705,-300.98283617888893,-307.1254290714619,-0.3586601002486468,-1.2208478249063557,0.730980684741888,1.2135887971910555,-0.4261483226298789,0.3146944537392948,0.4724911387061711,0.008868874578587238,0.21222365575549018,0.7718032311067307,0.3976493751220814,0.47997373502479834,0.44783672955641896,-1.4309886958293254,1.7168210253492489,1.0585605435985015,0.910976448462854,0.9997007003177208,1.0016942849547017,0.9960634783802337,0.9830610536964022,0.9984741356655066,0.9989749130562395,0.0024752999999999997,1.0,0.4715120063763356,0.022200000000000004,0.149553513097907,0.57,0.8556288707523761
0.21540090302880485,9.967741935483868e-5,39.828785924246404,-297.38283302420064,-302.68547198822824,-0.36528394674348874,-1.0805943072247681,0.7157115612720507,1.160339998335468,-0.372888485933872,0.30469521646769965,0.4565318336606295,0.021665506087765362,0.1946789467791465,0.7484685562084922,0.42824402444413356,0.44838961057667814,0.3728360297707997,-1.2933366715069352,1.6162162945615375,1.0507783982098726,0.9201307155764145,0.9998506778067031,1.0050954102435086,1.0012971114873077,0.9915997599933735,0.998570448779076,0.9991073267783517,0.0024752999999999997,1.0,0.4826329983070574,0.022200000000000004,0.149553513097907,0.57,0.8556288707523761
0.2246142261192784,9.967741935483868e-5,32.0384591620375,-294.22018931546665,-298.7903086071238,-0.3724939657680665,-0.942481832991031,0.7006153405749821,1.1088037676574165,-0.32064526744069183,0.2945384299754363,0.4405978242812557,0.035210703752808936,0.1768369368392734,0.7259776043841185,0.4586749498653391,0.4177944045379071,0.3000024003381412,-1.1590171096099315,1.523302176836748,1.0427055755684405,0.9292560671668922,1.0000022741213488,1.0083037015357537,1.0065878692876291,1.000230659163972,0.9986539716629577,0.9992350207331352,0.0024752999999999997,1.0,0.4937539902377792,0.022200000000000004,0.149553513097907,0.57,0.8556288707523761
0.23396377854576186,9.967741935483868e-5,25.311215786072353,-291.48836327151724,-295.4266869191412,-0.3797964562986993,-0.8077113418286553,0.6855951798239257,1.0585065217935876,-0.26877789945457237,0.2845607502073943,0.42530355495030797,0.04853850594637702,0.15950231578955476,0.7043578156835913,0.4890338412672149,0.38730074226013006,0.22956845426768055,-1.0266294532851288,1.4376455179972059,1.0343411190491976,0.938325313473049,1.0001559570160155,1.011495249971923,1.0119643480862877,1.0089805706453692,0.9987372206883237,0.999358781145055,0.0024752999999999997,1.0,0.504874982168501,0.022200000000000004,0.149553513097907,0.57,0.8556288707523761
0.24344493522068753,9.967741935483868e-5,19.625596430464157,-289.1805900333917,-292.5838772413371,-0.3874770374122832,-0.6764982719432163,0.6706895776865798,1.0096514792001303,-0.2173853369796266,0.27467193695897696,0.41055586814649014,0.06206310795670986,0.1423489922495916,0.6835054860994781,0.5193290553448517,0.35686342697656376,0.16162213593034866,-0.8962057345295116,1.359272259111833,1.0256872218900501,0.9473129274048836,1.0003106906765284,1.014615053663444,1.0173878857107803,1.0177904348333002,0.9988162434285259,0.9994779997195895,0.0024752999999999997,1.0,0.5159959740992227,0.022200000000000004,0.149553513097907,0.57,0.8556288707523761
0.25305300595378105,9.967741935483868e-5,14.965022169161784,-287.29416538975727,-290.25359011068593,-0.39522337397125934,-0.5486202489311615,0.6557066645398237,0.9619667583388432,-0.16610759136387074,0.26474966648662684,0.3962161087131089,0.07602695073662519,0.1253439578935045,0.6636080086442445,0.5498247465262573,0.3264186809142027,0.0960743891732855,-0.7670866955561915,1.2881287214349253,1.0167452892933158,0.9561826566384335,1.000465503977951,1.017675035416919,1.0228168633056625,1.0266048041702998,0.9988903749482249,0.9995928038515451,0.0024752999999999997,1.0,0.5271169660299445,0.022200000000000004,0.149553513097907,0.57,0.8556288707523761
0.26278323777222945,9.967741935483868e-5,11.317594141562381,-285.8274774249964,-288.42987609688623,-0.4035536249407965,-0.4250685687249703,0.6407197973432807,0.9155614525226099,-0.11504868105684041,0.25489058183883007,0.38233313455708473,0.0901009757955987,0.10837972711062309,0.6444111679891383,0.5805135007641214,0.295506129717834,0.03296229605076583,-0.6392751880698895,1.2236617964183556,1.007534044023792,0.9649243185581029,1.0006198519093177,1.0206572936497789,1.0282411828858302,1.0353927494108013,0.9989604198007389,0.9997026280712417,0.0024752999999999997,1.0,0.5382379579606663,0.022200000000000004,0.149553513097907,0.57,0.8556288707523761
0.2726308172719081,9.967741935483868e-5,8.675871405600788,-284.78068706524164,-287.10901472890544,-0.4120349070675571,-0.3057449535124485,0.6252540156432808,0.8703485047159085,-0.06381478067129732,0.24491244482747412,0.3691023216318174,0.10451534987921783,0.09151782554388016,0.6262524158747728,0.6118172718063278,0.26405414893072104,-0.02772831613101551,-0.5120943182745634,1.166446966665866,0.9980438144373511,0.9734796213135729,1.0007731320551672,1.0236714144230128,1.0336342357549482,1.0441198522444888,0.9990292286124651,0.9998075871653628,0.0024752999999999997,1.0,0.549358949891388,0.022200000000000004,0.149553513097907,0.57,0.8556288707523761
0.2825908729985017,9.967741935483868e-5,7.036635136903101,-284.1570629616752,-286.2893965945566,-0.42089964469520535,-0.1907899080799168,0.6096833989451704,0.8262590093850606,-0.012520063674466045,0.2348690785680437,0.35620749220067555,0.11943157212730839,0.07454126971003229,0.6088218304603018,0.6435372263316164,0.23191271615703177,-0.08609824408483813,-0.38540116593008594,1.1160019615655443,0.9882942205962542,0.9818469170609398,1.0009244636725514,1.0266080014507013,1.0389629522461925,1.0527358966184879,0.9990924805144782,0.9999074890900073,0.0024752999999999997,1.0,0.5604799418221098,0.022200000000000004,0.149553513097907,0.57,0.8556288707523761
0.29265847785734184,9.967741935483868e-5,6.400672813539131,-283.9605747308886,-285.9714154328746,-0.42996069584047,-0.08042145728922336,0.59389634598787,0.7831312957727821,0.039310624902374386,0.22476030310968587,0.3436239628894056,0.1349139360068529,0.05760589776781774,0.5923672512014952,0.6757927777817683,0.1990513932879252,-0.14203191950110852,-0.25895377791880997,1.0725886732894943,0.9782866257158648,0.9899611639779785,1.001073096357594,1.0294731479651535,1.0441978013828106,1.061198080268017,0.9991503253072214,1.000002345194141,0.0024752999999999997,1.0,0.5716009337528316,0.022200000000000004,0.149553513097907,0.57,0.8556288707523761
0.3028286515507688,9.967741935483868e-5,6.771802048566769,-284.19741486368724,-286.1569800503884,-0.4392929416105133,0.024895840602719935,0.5778169034799343,0.7412959457734337,0.09160951729105367,0.21454198170678984,0.3316267000859902,0.1509906162845679,0.040515236809193916,0.5766699783894376,0.7086835276694621,0.16515741480368265,-0.1954242562218031,-0.13223717580953168,1.035871962284654,0.9680318531971775,0.9977871011545596,1.0012173952298644,1.0323166497458105,1.0493068517747792,1.0694137453035655,0.9992034608284536,1.0000848585863569,0.0024752999999999997,1.0,0.5827219256835534,0.022200000000000004,0.149553513097907,0.57,0.8556288707523761
0.31309636304181315,9.967741935483868e-5,8.140130664036064,-284.8670855650415,-286.8411443581231,-0.44869476952630205,0.12549282037327444,0.5614293054275753,0.7001824281302489,0.14466631811024427,0.20430422146321406,0.31999547554868985,0.16766394014701044,0.023481493250033496,0.5623478503588174,0.7427381174743477,0.13028864131924267,-0.24640227042785742,-0.005194798514527194,1.0057560271767065,0.957542637863916,1.005188461468997,1.0013535605646493,1.0350812154040168,1.0541935292339346,1.0771672195235016,0.999247841865735,1.0001415717107418,0.0024752999999999997,1.0,0.5938429176142752,0.022200000000000004,0.149553513097907,0.57,0.8556288707523761
0.3234565330429751,9.967741935483868e-5,10.513206707959512,-285.9765409547565,-288.0276823800848,-0.4586081565081405,0.22134540433860783,0.544126717443935,0.6603771550322579,0.19856105783756559,0.1936951525841769,0.30896235853675685,0.1849217594210219,0.0060454776565519635,0.54872351042374,0.7776120102539855,0.09410256763494951,-0.29479300321712487,0.12251723355465755,0.9823836117568163,0.9468266346572912,1.0122752274033509,1.0014848237771143,1.037905781843631,1.0589041851808645,1.0846412464652644,0.9992912483975567,1.0001944136921739,0.0024752999999999997,1.0,0.6049639095449969,0.022200000000000004,0.149553513097907,0.57,0.8556288707523761
0.33390403652887574,9.967741935483868e-5,13.911197713745196,-287.53911270358276,-289.72667788297764,-0.46860943506835756,0.31216499817184623,0.5266269563044061,0.6211528622772037,0.25332139835639134,0.18301410715788233,0.2980586410070174,0.2027701592155596,-0.011336359476120675,0.5360931760712655,0.8132387523560584,0.056711800790855776,-0.3408597838921683,0.25081521677896546,0.9657408695618123,0.9359029235643472,1.0190122121606249,1.0016112032602864,1.0406450827914488,1.063431335760687,1.091836747621406,0.9993292499230478,1.0002441476161856,0.0024752999999999997,1.0,0.6160849014757187,0.022200000000000004,0.149553513097907,0.57,0.8556288707523761
0.3444337052715314,9.967741935483868e-5,18.358753645809315,-289.5699595716684,-291.9504558490097,-0.47907456366955997,0.39785808886175283,0.5082612613542788,0.5830800780223195,0.30912946602034463,0.1720801308247445,0.28791472390738493,0.22146346635907577,-0.029164063607021326,0.5242503951941648,0.849883331076012,0.017779412965227132,-0.3846766851430632,0.3798524739129639,0.9556428485382156,0.9247844879942634,1.0253771723192804,1.001731050128185,1.0434143555088882,1.067722718089632,1.098659925352996,0.9993651423322744,1.0002900525515188,0.0024752999999999997,1.0,0.6272058934064405,0.022200000000000004,0.149553513097907,0.57,0.8556288707523761
0.3550403303970013,9.967741935483868e-5,23.885417278241675,-292.08556974969525,-294.7137876652259,-0.49011111832012066,0.4782581674627624,0.489370481384399,0.5462554222507552,0.3661895377840807,0.1608659935649714,0.27809648411115495,0.24078948318377877,-0.04742222950237814,0.5133517417399027,0.8878425796474899,-0.022676517841063663,-0.4262013866350314,0.5101997606302441,0.9524488346196692,0.9134817193966183,1.0313218326259221,1.0018440021421506,1.0462112516108777,1.0717665054653245,1.1050901759284881,0.9993977836607901,1.0003323493846932,0.0024752999999999997,1.0,0.6383268853371622,0.022200000000000004,0.149553513097907,0.57,0.8556288707523761
0.36571866496214184,9.967741935483868e-5,30.526067244455703,-295.10747256509615,-298.0341126483329,-0.5014783090925174,0.5523298279774989,0.46968985442626154,0.5093213616508823,0.424484458291018,0.14942533706359054,0.2684124849587458,0.2608542610809192,-0.06593064415837005,0.5033591578065627,0.9270367149452398,-0.06424575842232261,-0.4652021274810151,0.6419403847039047,0.9554970490776901,0.9020126712208381,1.0368725545305129,1.0019506212256066,1.048963819084334,1.0755806007779436,1.1111594845724837,0.9994259260857745,1.000371261610585,0.0024752999999999997,1.0,0.649447877267884,0.022200000000000004,0.149553513097907,0.57,0.8556288707523761
0.37646342655019266,9.967741935483868e-5,38.32134535562625,-298.65836722753244,-301.93175170391817,-0.5129437236079318,0.6211371265164664,0.44928789229280053,0.47355112911989655,0.4842923247510854,0.13789506467445276,0.25934173814429834,0.28155658150543383,-0.08456793411812999,0.4940180309621636,0.9666133037032151,-0.1085442587909121,-0.5019128303213856,0.775074227352792,0.9656105192453344,0.8903916235605744,1.0419277914979326,1.0020468286220305,1.051668791976561,1.0790146246838952,1.116635539432172,0.9994511132370028,1.0004067714750882,0.0024752999999999997,1.0,0.6605688691986058,0.022200000000000004,0.149553513097907,0.57,0.8556288707523761
0.3872692998839115,9.967741935483868e-5,47.317971236032804,-302.7633070995232,-306.43006464412144,-0.5245413357156243,0.6835272802595054,0.4282428289639458,0.43763703947642474,0.5454743485788258,0.12623374822969272,0.2504837322931645,0.3030589458092049,-0.10327252652926425,0.48564684163971716,1.0073730116516328,-0.1544363320865733,-0.5362851454529411,0.9101273038574756,0.982210003035135,0.8786423630095336,1.0465123681701163,1.0021339319006357,1.0543462196704534,1.082117633464159,1.1215928607700667,0.9994719806006569,1.000439253360953,0.0024752999999999997,1.0,0.6716898611293276,0.022200000000000004,0.149553513097907,0.57,0.8556288707523761
0.3981309394549647,9.967741935483868e-5,57.568866891028506,-307.44775191565134,-311.5555124716193,-0.5366024575416564,0.739616823054836,0.4067657684168489,0.4028114786425362,0.6087921611214325,0.11427274445065269,0.24191844577191035,0.32552519898868876,-0.12239748860789869,0.47821401360186017,1.0498064690408209,-0.20185484810396612,-0.5692868875071897,1.0468066576466089,1.0053035699979684,0.8667808528079621,1.0505999448500785,1.0022120447230978,1.0570755997964634,1.0848987110135702,1.1260380386275508,0.9994893493509209,1.000468474039369,0.0024752999999999997,1.0,0.6828108530600494,0.022200000000000004,0.149553513097907,0.57,0.8556288707523761
0.4090429721682723,9.967741935483868e-5,69.1331257979034,-312.7459782576126,-317.33764192505674,-0.5494724575432176,0.7895251827543618,0.3836634880712301,0.36912337235062037,0.6726490143720185,0.10150263251870735,0.23375977405679263,0.3488863819138119,-0.14262655206064176,0.47141726877828827,1.0935621750866775,-0.2510500216690687,-0.5995869571590664,1.1852301496035635,1.0340486828447844,0.8548399770615648,1.0541841312628901,1.0022789613646235,1.059933907195297,1.0872901254372487,1.1298456958278935,0.9995057865643648,1.000492719225886,0.0024752999999999997,1.0,0.6939318449907712,0.022200000000000004,0.149553513097907,0.57,0.8556288707523761
0.41999999999999993,9.967741935483868e-5,82.07574287909063,-318.68552106135263,-323.80895046565035,-0.5644971868759322,0.8329581045104166,0.3594972461781828,0.3357533784976363,0.7391167124717726,0.08829740761994699,0.22584908133338674,0.37353142661109584,-0.16369024890768555,0.46523507271085857,1.1390199176897067,-0.30275253950104514,-0.6277878043494539,1.3272101699292016,1.0690306612913867,0.8428145453016257,1.0571958896583604,1.0023342739071814,1.0628656629898547,1.0892837668202802,1.1329927801362532,0.9995184179178409,1.0005136101040382,0.0024752999999999997,1.0,0.7050528369214929,0.022200000000000004,0.149553513097907,0.57,0.8556288707523761
0.18,0.00010370967741935483,79.93113314996162,-313.24902116801877,-322.73664560108585,-0.3744244388540355,-1.669842946160447,0.7903419415870332,1.404822510831134,-0.5926246437921366,0.3524860347217094,0.5355466725085164,-0.03231854632419031,0.27770607893149496,0.8621431493894853,0.3030429428119565,0.6020417753331048,0.7129600335213502,-1.8603148468833075,2.0972391682665257,1.0596767917010586,0.8827706628330623,0.9992447504958355,0.9916224213606022,0.9806648212753193,0.9571118789699601,0.9981578714073014,0.9985518835794625,0.0024752999999999997,1.0,0.4381490305841703,0.022200000000000004,0.149553513097907,0.57,0.8556288707523761
0.18862353629575357,0.00010370967741935483,67.95159287034892,-308.46328728792554,-316.7468754612795,-0.3783267082022189,-1.5217972033909821,0.7720310894081749,1.3451632700285072,-0.5347796121704671,0.34083922179303705,0.5167491959303148,-0.017859126727959248,0.257001830260778,0.8359526007829948,0.3369908274171711,0.5638566059226179,0.6295978935184194,-1.7107655266832944,1.9753086387346586,1.05402882214324,0.8918546441822208,0.999384565241776,0.9951927931271097,0.9854651407019573,0.9650702779647263,0.9982586987039387,0.9986938676833921,0.0024752999999999997,1.0,0.4492700225148921,0.022200000000000004,0.149553513097907,0.57,0.8556288707523761
0.197401105998178,0.00010370967741935483,57.158371710305346,-304.147042399674,-311.3502648812577,-0.38246654748434655,-1.375771422418625,0.7544430026470411,1.2867876863814425,-0.478060741464872,0.32963236132989715,0.49870466629072985,-0.004052091472354808,0.23727929893976824,0.8098863260917802,0.3695929792799893,0.5267490628789616,0.5485249320185297,-1.5645257278789118,1.8614018424781322,1.0480450312084753,0.9009772856559433,0.9995298295520193,0.9986926821498461,0.9904798328421869,0.9733394634710464,0.9983623656485356,0.9988337611464825,0.0024752999999999997,1.0,0.46039101444561387,0.022200000000000004,0.149553513097907,0.57,0.8556288707523761
0.20632836697123808,0.00010370967741935483,47.5089560583574,-300.2824536297643,-306.52555705528374,-0.3867936864355755,-1.2322357119322072,0.737453805743637,1.2308656016729218,-0.42262861770610205,0.3185822603089451,0.48127625430924803,0.010014336376043908,0.21793095907480664,0.7853443653699462,0.4020673369109007,0.49099551922020507,0.470222254871829,-1.4217724916824979,1.7542052312167031,1.0417324057854342,0.9101260561667281,0.9996767411809541,1.0021176967426457,0.9955535345863422,0.9817025462641773,0.9984584703493762,0.9989697258879954,0.0024752999999999997,1.0,0.4715120063763356,0.022200000000000004,0.149553513097907,0.57,0.8556288707523761
0.21540090302880485,0.00010370967741935483,38.966322043415744,-296.85811816463496,-302.2542400478129,-0.39163050873614885,-1.0910612147365377,0.7207746294647654,1.1763129056792683,-0.3684505180696766,0.30773978125248885,0.4643698138020064,0.024004420985384137,0.19886824337055714,0.7613790363587601,0.4339325734382565,0.4564929470262922,0.3943717298391513,-1.282326464178164,1.654506221860947,1.0350833682741225,0.9192751615534168,0.9998266936080401,1.005404562219518,1.0007484376753764,0.9902390607484212,0.9985491969201954,0.9991012475975919,0.0024752999999999997,1.0,0.4826329983070574,0.022200000000000004,0.149553513097907,0.57,0.8556288707523761
0.2246142261192784,0.00010370967741935483,31.498547261783983,-293.86473350937325,-298.52035265699703,-0.39667439514478786,-0.9526461610192438,0.7043796365475324,1.1232129353163183,-0.314922092252803,0.29705007895511937,0.44801443469278207,0.03787192274755792,0.18032537657139913,0.7381603838656982,0.4654045612306631,0.42256098927318375,0.3207866125902396,-1.145228643029025,1.5619955253813043,1.0280954817918557,0.9284013161898228,0.9999790586607366,1.0086739539801277,1.0060391012398608,0.9989131569798413,0.9986384728166691,0.9992294814799555,0.0024752999999999997,1.0,0.4937539902377792,0.022200000000000004,0.149553513097907,0.57,0.8556288707523761
0.23396377854576186,0.00010370967741935483,25.07848526073144,-291.2916447430311,-295.31032165647076,-0.4021537629895245,-0.8173726525956336,0.6883617922370049,1.071721622957795,-0.2622513892982454,0.28649463425693816,0.432074224283915,0.051993685783697396,0.16195229866302424,0.7158768410543637,0.49671823079972743,0.38953747464390553,0.24951775315459224,-1.0109437019214618,1.4765965380284478,1.0207739067118164,0.9374674249707263,1.000133136439312,1.011832207171827,1.0113981638464549,1.0076849032878097,0.9987203827369043,0.9993531354610367,0.0024752999999999997,1.0,0.504874982168501,0.022200000000000004,0.149553513097907,0.57,0.8556288707523761
0.24344493522068753,0.00010370967741935483,19.683517649506598,-289.13380130252585,-292.61283785085834,-0.4079945653914751,-0.6858265784545753,0.6724359290828184,1.0215983141255183,-0.21014476991383624,0.27609732276679644,0.4168105077857047,0.0659708362532461,0.14400638412372027,0.6944095429565192,0.5279155721264821,0.3567070012392169,0.1807248750063337,-0.8786151432891567,1.3981732625188554,1.01311848392914,0.9464553565181862,1.000288240450631,1.0149694563050005,1.0168075197554851,1.0165152782911975,0.9988011858028594,0.9994725130588247,0.0024752999999999997,1.0,0.5159959740992227,0.022200000000000004,0.149553513097907,0.57,0.8556288707523761
0.25305300595378105,0.00010370967741935483,15.29536012234962,-287.3869282123903,-290.41875908727985,-0.4141940310093003,-0.5577136417179733,0.6565444901168731,0.9728912705129013,-0.15826489938223154,0.26574454535161524,0.4020838944651321,0.0802116113455046,0.12631853443599506,0.6738717729424635,0.5590875431727959,0.3240151895125966,0.11440166432098993,-0.7479879599621861,1.3267351317835847,1.00512939377749,0.9553336414224738,1.000443686287889,1.018047385758319,1.0222372554404697,1.0253651813708728,0.9988777628838466,0.9995874207401723,0.0024752999999999997,1.0,0.5271169660299445,0.022200000000000004,0.149553513097907,0.57,0.8556288707523761
0.26278323777222945,0.00010370967741935483,11.899964924401502,-286.0487416990882,-288.7210614883058,-0.42072355472389716,-0.43357969187163276,0.6407073482693966,0.9254734727842271,-0.10658217230837545,0.25545114512247225,0.3878021690335872,0.09472016348788603,0.10873900449794555,0.6541285842277759,0.5903152213341549,0.29154208601708304,0.05050715894623835,-0.6189530420706973,1.2619553548527178,0.9968206146135109,0.9640729313599096,1.0005983915960046,1.0210530928386896,1.0276473962572907,1.0341729225098233,0.9989491606363279,0.9996974761243971,0.0024752999999999997,1.0,0.5382379579606663,0.022200000000000004,0.149553513097907,0.57,0.8556288707523761
0.2726308172719081,0.00010370967741935483,9.487506513136168,-285.11846134558346,-287.5148322826731,-0.42759224056928125,-0.3136580311532014,0.6247795148727173,0.8793796572719607,-0.05487692109614382,0.24516994361384994,0.37402932198115973,0.1094853095260625,0.09133462201813972,0.63532730624866,0.6217694116086722,0.258853845003095,-0.011002411280778088,-0.4911615017568899,1.2040548019969275,0.9881925697439811,0.9726468107777126,1.0007520987547838,1.0240147837018947,1.0330298630723582,1.0429238154276326,0.9990167935866467,0.9998026782632564,0.0024752999999999997,1.0,0.549358949891388,0.022200000000000004,0.149553513097907,0.57,0.8556288707523761
0.2825908729985017,0.00010370967741935483,8.052447104012572,-284.59754300837915,-286.7973025781113,-0.4352141771792967,-0.19842502809273563,0.6085636406377526,0.8346939417277172,-0.002854789071834395,0.23491613975329861,0.3609378821817972,0.12439338408675826,0.07386821452367505,0.6174271015777957,0.6538492316645332,0.22592277045805514,-0.0700639084406935,-0.36449158888198613,1.152694176017568,0.9792602593006546,0.9810202210560498,1.0009036919123853,1.0269743079155886,1.0383502506057258,1.0515543637493054,0.9990819506723098,0.999902790813048,0.0024752999999999997,1.0,0.5604799418221098,0.022200000000000004,0.149553513097907,0.57,0.8556288707523761
0.29265847785734184,0.00010370967741935483,7.593664641648502,-284.49120438517264,-286.5679113469293,-0.44270364344578783,-0.08748321471939371,0.5919311217093349,0.7907891379410842,0.04936402686691131,0.22440297218431607,0.3479833979589097,0.13985047688540614,0.0567108647183825,0.600510176087317,0.6858259160165417,0.1920768493268305,-0.12647669861721564,-0.23793954511276882,1.1082600033495178,0.9700183577490502,0.9891621107623999,1.0010529239325525,1.0298512381565716,1.0435866436151386,1.0600502745218299,0.999142105865945,0.9999976046808695,0.0024752999999999997,1.0,0.5716009337528316,0.022200000000000004,0.149553513097907,0.57,0.8556288707523761
0.3028286515507688,0.00010370967741935483,8.114192111432658,-284.802741903712,-286.82817508182137,-0.45064404228002264,0.01832186691940806,0.575708887377037,0.748230855290051,0.10201060965329883,0.21414843077359774,0.3356549578738211,0.15596672193451894,0.039596782560622844,0.5846103567384555,0.7184806747598284,0.1578938406342406,-0.18064291189215845,-0.11207706850955526,1.0705897240623505,0.9604938605459813,0.9970097347588663,1.0011982361192815,1.0326303794698282,1.0487053593351183,1.0683231414236762,0.9991945064294435,1.0000823598004915,0.0024752999999999997,1.0,0.5827219256835534,0.022200000000000004,0.149553513097907,0.57,0.8556288707523761
0.31309636304181315,0.00010370967741935483,9.604859371484395,-285.53445023302265,-287.57350871184724,-0.45896787786515236,0.11925354256108749,0.5591373633045386,0.7065384927433986,0.1553497826950399,0.20384782145475053,0.3236479971569215,0.17234612589477394,0.022354450772529566,0.5696920315188942,0.7521279169152387,0.12308884627592066,-0.23200204049149079,0.014228790198589782,1.0391289928149228,0.9506937541215575,1.0044300027634718,1.0013344052752824,1.0353629325283302,1.0535780008910551,1.0760765645420096,0.9992389551349455,1.0001392286420188,0.0024752999999999997,1.0,0.5938429176142752,0.022200000000000004,0.149553513097907,0.57,0.8556288707523761
0.3234565330429751,0.00010370967741935483,12.072603952834356,-286.69212947262724,-288.8073810025222,-0.4672940938462942,0.21542017626403173,0.5417063169938594,0.6662476785906019,0.20997027014178965,0.1932862858304958,0.31248413619341875,0.18959192176810286,0.005142565328316148,0.5557083943838925,0.7861536570780645,0.08685909370195954,-0.28116850435749813,0.14039835759936187,1.0142872132216572,0.9406334410018142,1.011554464215195,1.0014670050141024,1.0381143383713132,1.058317780778232,1.083626384912068,0.9992821397082295,1.0001923668750607,0.0024752999999999997,1.0,0.6049639095449969,0.022200000000000004,0.149553513097907,0.57,0.8556288707523761
0.33390403652887574,0.00010370967741935483,15.53953110236182,-288.2897716466147,-290.54084457728595,-0.4764942520397458,0.30658471316139085,0.5239543340867096,0.6267478069370462,0.26505377042112294,0.1826085489715029,0.30158444659877515,0.20722073131971874,-0.012485321745988572,0.5425630389723731,0.8214830177802446,0.04960191665519669,-0.32791060544661016,0.26758376271190526,0.9959716613168873,0.9303293090810479,1.018316680390472,1.001594333070237,1.0408562997140844,1.0628709714562228,1.0908757630910118,0.9993213794693997,1.000242088465937,0.0024752999999999997,1.0,0.6160849014757187,0.022200000000000004,0.149553513097907,0.57,0.8556288707523761
0.3444337052715314,0.00010370967741935483,20.032907425648318,-290.3445979517515,-292.7875327389292,-0.48597798456351327,0.392527723338599,0.5056410242669779,0.588052983583491,0.3211264789464149,0.1717848633876307,0.2910789159454815,0.22547831638222188,-0.030250819190182788,0.5303046192545559,0.8576466510374208,0.010853061124424097,-0.3722967266586606,0.39561825885642343,0.9843627374550263,0.9197963595096379,1.024707436088972,1.001715089398571,1.0435673435352686,1.0671839729565415,1.0977505625781248,0.9993570107153688,1.0002883773084164,0.0024752999999999997,1.0,0.6272058934064405,0.022200000000000004,0.149553513097907,0.57,0.8556288707523761
0.3550403303970013,0.00010370967741935483,25.58511532934699,-292.87611506636387,-295.56363669077854,-0.4960372692925503,0.47272807430556213,0.48616695878599897,0.550462244571053,0.37813801718319356,0.160301149416817,0.28097667935148657,0.24470113989163572,-0.04850396235387369,0.5192032304762407,0.895203995804858,-0.028615002382521484,-0.4143455487707189,0.5241387978127907,0.9789855815940265,0.9090613956825554,1.030694725094129,1.0018279749908274,1.0463965405464621,1.0712168608164119,1.1041769204296759,0.999391232501569,1.0003303122560465,0.0024752999999999997,1.0,0.6383268853371622,0.022200000000000004,0.149553513097907,0.57,0.8556288707523761
0.36571866496214184,0.00010370967741935483,32.23350407598616,-295.90301843048456,-298.8878310640981,-0.5066695815863345,0.5482469811287918,0.4664046912578307,0.5136359310826534,0.4360327838076952,0.1489443526462336,0.27135015816256847,0.2643703724721099,-0.06714160984255937,0.5084305451117807,0.9334715256450488,-0.07129930513999291,-0.45412679679095014,0.6554505519940201,0.9804065391375731,0.8981204669222677,1.0362623661009962,1.0019349509731539,1.0491151655394622,1.0750369079287179,1.1102664757789968,0.9994209223361512,1.0003693220305225,0.0024752999999999997,1.0,0.649447877267884,0.022200000000000004,0.149553513097907,0.57,0.8556288707523761
0.37646342655019266,0.00010370967741935483,40.02028715761594,-299.45102175559356,-302.781222604913,-0.5172559575556935,0.6168163189979999,0.4466901125612829,0.4765390822859972,0.49574482965061445,0.1377056014573094,0.26172247479866234,0.2848494395765135,-0.08539492344909164,0.49867332544065024,0.9727622934791061,-0.11496689871455958,-0.4922187285242262,0.7880034683891778,0.9885771711636623,0.8870091667310107,1.0413698371837974,1.0020330214875466,1.051740771283649,1.0785275292653247,1.1158485143002048,0.9994442232822419,1.0004059567441008,0.0024752999999999997,1.0,0.6605688691986058,0.022200000000000004,0.149553513097907,0.57,0.8556288707523761
0.3872692998839115,0.00010370967741935483,48.9923645426893,-303.5458453147667,-307.2672612974497,-0.528260044062985,0.6795160018427693,0.4258215047728674,0.4405642812026633,0.5561923144799228,0.12592832877055526,0.25253217282717866,0.3060606992958725,-0.10420363758021069,0.48980720296851127,1.0132250197046342,-0.16056869376387103,-0.527969047515555,0.9221221198998371,1.0028757321212463,0.8757463989521044,1.0459855181275282,1.0021210049081735,1.0544537307620125,1.0816587843036258,1.1208559665109872,0.9994661525451985,1.0004383541050468,0.0024752999999999997,1.0,0.6716898611293276,0.022200000000000004,0.149553513097907,0.57,0.8556288707523761
0.3981309394549647,0.00010370967741935483,59.2012138365061,-308.21159503967215,-312.3716859443581,-0.5407683075437834,0.7367081963747788,0.40360996838149504,0.4062478904435701,0.6174704096947955,0.1132554193180081,0.2437755248442563,0.32846239459991516,-0.12446637673967398,0.48157264540031786,1.0556671285349468,-0.20776942204462656,-0.5615161051612467,1.0582896293637947,1.0231694204107384,0.8643465333683782,1.0501359103366659,1.0021995845615101,1.0573285356331135,1.0844690630022176,1.1253280058708113,0.9994871445273267,1.0004659246419163,0.0024752999999999997,1.0,0.6828108530600494,0.022200000000000004,0.149553513097907,0.57,0.8556288707523761
0.4090429721682723,0.00010370967741935483,70.70285945245621,-313.4800873967514,-318.12250875233315,-0.5527189129969932,0.7866514735381537,0.3808312812594889,0.3712289404260076,0.6808243953424916,0.1007360685891246,0.23527209733220705,0.35168458863137037,-0.14421222494053337,0.47443280342990385,1.099007988364109,-0.2570457053670915,-0.5931057266240278,1.1964207122617103,1.0502493049669372,0.8528203376796485,1.0537532623357664,1.0022687099522234,1.0600870584497415,1.0869319940924742,1.1292613918551615,0.999502704119466,1.0004910626509975,0.0024752999999999997,1.0,0.6939318449907712,0.022200000000000004,0.149553513097907,0.57,0.8556288707523761
0.41999999999999993,0.00010370967741935483,83.55794972878243,-319.38282161613654,-324.55005389049626,-0.5644049305021474,0.8301759627490963,0.358625418776886,0.33634124107549995,0.7453506259991345,0.08851627873158308,0.2268510154255023,0.37530546129913905,-0.1636192416701268,0.46769330633618156,1.1429394282776193,-0.3079242578608344,-0.6233869609644682,1.3366844361254053,1.083309160208324,0.841205158497511,1.056848734916084,1.0023270058308504,1.0628184365832243,1.0889942642417147,1.1325777990624197,0.9995129715343749,1.0005145943978313,0.0024752999999999997,1.0,0.7050528369214929,0.022200000000000004,0.149553513097907,0.57,0.8556288707523761
0.18,0.00010774193548387095,77.36563896088944,-311.89582283327127,-321.45389850654976,-0.40864468999417775,-1.6814722184030144,0.7977285918854291,1.4198216992081472,-0.582795241206725,0.3562402664175305,0.5442729994116061,-0.02896907146575084,0.2827849836074755,0.8764998150809139,0.31289758246766836,0.614198035028311,0.7302128859815249,-1.8304530948813127,2.1295935068985496,1.0397054057879627,0.882030454265877,0.999219911075545,0.9926765276086696,0.9802104450596815,0.9557050173953494,0.9981357748846679,0.9985463748205334,0.0024752999999999997,1.0,0.4381490305841703,0.022200000000000004,0.149553513097907,0.57,0.8556288707523761
0.18862353629575357,0.00010774193548387095,65.85419469239878,-307.34443560488967,-315.69817637230443,-0.4100573979507163,-1.5334343490874456,0.7783305322675802,1.3590093593919463,-0.5246457285890055,0.3441648969406191,0.5251057289422761,-0.014447804878906147,0.2615543630620305,0.8494011546764115,0.3470413990983133,0.572746383907992,0.6468000847557197,-1.6808441255633768,2.0090160957909298,1.0352816529768563,0.8910923222144334,0.9993619953729506,0.9961533222120852,0.9850661162788529,0.9637921514926271,0.9982427175107534,0.9986885468677524,0.0024752999999999997,1.0,0.4492700225148921,0.022200000000000004,0.149553513097907,0.57,0.8556288707523761
0.197401105998178,0.00010774193548387095,55.499588269728065,-303.24796261036295,-310.5208731609691,-0.4119015608458379,-1.3866148792902149,0.7595049441168668,1.3001881954399772,-0.46764260204204144,0.3322357581291763,0.5064466537445721,0.0003312491708439368,0.24067609193178213,0.8231964371678772,0.3804061427740353,0.5330877330624942,0.5658918757804178,-1.5346692634945656,1.8957848422358325,1.030475676142074,0.9002120509137509,0.9995061591550831,0.999566722986973,0.9899943722412342,0.971997770768013,0.9983421205457387,0.998827963037245,0.0024752999999999997,1.0,0.46039101444561387,0.022200000000000004,0.149553513097907,0.57,0.8556288707523761
0.20632836697123808,0.00010774193548387095,46.26030479428573,-299.5890647664549,-305.9012314232479,-0.41424157171933357,-1.2425871584449641,0.7413724529512974,1.2430736882790359,-0.41190906429416446,0.32069341590627276,0.4884090481680162,0.014602148728014661,0.2204639477916165,0.7976557911399556,0.4129479779344287,0.49495133777553657,0.4872810934837083,-1.392313884503377,1.7896185050483413,1.0252967281496783,0.9093519115937203,0.9996541013672772,1.0028850887746532,0.9950748105113084,0.9804189303298193,0.998438992436955,0.9989637070576833,0.0024752999999999997,1.0,0.4715120063763356,0.022200000000000004,0.149553513097907,0.57,0.8556288707523761
0.21540090302880485,0.00010774193548387095,38.09986784494026,-296.35686719228784,-301.8210129485752,-0.4168933958200669,-1.1008930320572128,0.7236616993279407,1.187501378575603,-0.3571571286244412,0.3093851065917012,0.4710215191157138,0.028822094632324737,0.20081999543710213,0.7730584855195533,0.44505621361432374,0.4581747651149661,0.41097352526466674,-1.252893905694957,1.6906264219576688,1.0197315499618465,0.9184928246536515,0.9998047727716218,1.0061575509986957,1.00026257198024,0.9889957303765997,0.9985325242304329,0.9990959524742288,0.0024752999999999997,1.0,0.4826329983070574,0.022200000000000004,0.149553513097907,0.57,0.8556288707523761
0.2246142261192784,0.00010774193548387095,30.98660394955357,-293.5393537859086,-298.2643810008818,-0.4201028231737719,-0.9623259635809535,0.7064844967220271,1.1337156439820406,-0.3034240423779621,0.29835688449038433,0.45427482572073896,0.042892581046698186,0.18165513340223285,0.7493511087256405,0.4767053857451905,0.42252963368979757,0.33715717056425715,-1.1165957976355958,1.5985760228281343,1.0137849576329383,0.92761085368731,0.9999575775602705,1.0093508793849515,1.0055403531973632,0.9976942743236856,0.9986218033888736,0.9992239579293315,0.0024752999999999997,1.0,0.4937539902377792,0.022200000000000004,0.149553513097907,0.57,0.8556288707523761
0.23396377854576186,0.00010774193548387095,24.89349778883866,-291.1301652379964,-295.21782792052437,-0.4236583280336679,-0.8266143264542715,0.6895761212845911,1.0814684653793547,-0.250241435334345,0.28743946504482654,0.4380270253551112,0.05706091500644955,0.16289150838543456,0.7264785529404076,0.5079771731589766,0.38768370896468934,0.26558650054023036,-0.9826605584654866,1.5134443384879097,1.0074554903741937,0.936681491376223,1.0001119956879267,1.0124863962578377,1.0108844158217671,1.006484834467959,0.9987068206935585,0.9993479843570273,0.0024752999999999997,1.0,0.504874982168501,0.022200000000000004,0.149553513097907,0.57,0.8556288707523761
0.24344493522068753,0.00010774193548387095,19.798125279352917,-289.1220580939821,-292.6701416657815,-0.42768783615037215,-0.694461388049711,0.6728529168221334,1.03066873799591,-0.19756393598009733,0.276723960577684,0.42241868182176,0.07119403362659929,0.1445139474932164,0.7045485179122004,0.5390914438370881,0.35361235197059837,0.19656915921383264,-0.8510792093632203,1.4350008202044187,1.0007493487883066,0.9456679403849969,1.0002674808142817,1.0155686963571133,1.0162791632114663,1.0153363295204105,0.9987882269472497,0.9994675567254581,0.0024752999999999997,1.0,0.5159959740992227,0.022200000000000004,0.149553513097907,0.57,0.8556288707523761
0.25305300595378105,0.00010774193548387095,15.68263924542589,-287.5112654562127,-290.612398648818,-0.4321837904465061,-0.5659007831958891,0.6563554021966664,0.9813566616726724,-0.1452724317189266,0.2661408732247856,0.4073539000059857,0.08552149710589377,0.12642732194144263,0.6835473089978218,0.5700920269967655,0.32001925611210125,0.12996763896615002,-0.7214756830153151,1.3632364889032644,0.9936718731230749,0.9545511010326059,1.0004231958815195,1.0185790951503115,1.0216918998116378,1.0242010135732176,0.9988645947023232,0.9995825041410071,0.0024752999999999997,1.0,0.5271169660299445,0.022200000000000004,0.149553513097907,0.57,0.8556288707523761
0.26278323777222945,0.00010774193548387095,12.533784751792382,-286.29585918406406,-289.03797140200123,-0.4373867930226525,-0.44159544653194255,0.6398220224172325,0.9334505659338727,-0.09315652077390736,0.25564760889677157,0.39286339006758897,0.09983331097205843,0.1085100850694725,0.6632659946677616,0.6011301771631008,0.28658435283247813,0.06581417118829899,-0.5935410332607751,1.298090874141162,0.9862310238702041,0.9632964354513129,1.0005787247637103,1.0215538691879855,1.027113585149334,1.0330552472016827,0.998938084663737,0.9996926039283986,0.0024752999999999997,1.0,0.5382379579606663,0.022200000000000004,0.149553513097907,0.57,0.8556288707523761
0.2726308172719081,0.00010774193548387095,10.342912470915735,-285.4763399754445,-287.9425352615629,-0.44276388179591464,-0.3215643819767173,0.6232782638261093,0.8872728959127928,-0.04134254770399673,0.2451930490103324,0.379150720067056,0.1143211764166521,0.09059768547595028,0.6437393526802354,0.6325179939605664,0.25330438611604067,0.004085567087661393,-0.4667100620310258,1.2393967065013707,0.9784347803296756,0.9718772161898385,1.00073164719453,1.0245753460894054,1.0324472435383119,1.0417610063849434,0.9990101727881275,0.9997982243475355,0.0024752999999999997,1.0,0.549358949891388,0.022200000000000004,0.149553513097907,0.57,0.8556288707523761
0.2825908729985017,0.00010774193548387095,9.105957688416083,-285.05523564428955,-287.3240578703131,-0.4485983111447861,-0.20516818437402592,0.6070279078037402,0.841391425598223,0.010894590875424815,0.23478504887448706,0.36521811920136293,0.12973216410901017,0.0733451399906977,0.6257957858609883,0.6637709095833985,0.21949340958305832,-0.05563317911455852,-0.3409483350018476,1.1875239432453495,0.9702959238830616,0.9802491396745334,1.000884601326615,1.0272956030766767,1.037786462406149,1.050468498788341,0.9990688738854561,0.9998984866910849,0.0024752999999999997,1.0,0.5604799418221098,0.022200000000000004,0.149553513097907,0.57,0.8556288707523761
0.29265847785734184,0.00010774193548387095,8.823470437396395,-285.03583273846573,-287.18281424480324,-0.4543523287032143,-0.09515332488063734,0.5888070968680043,0.798605402066097,0.06229619866590774,0.22415413135491252,0.35355578648840796,0.14403714774511472,0.054392016201976714,0.6075800484967527,0.6973173025050623,0.18690840563663466,-0.11258082694051473,-0.2173021568329859,1.141269059759803,0.961841797988718,0.9884213918718777,1.001035933348114,1.0305899539113628,1.0430908348792844,1.0590837968915425,0.999144316185411,0.9999918801565217,0.0024752999999999997,1.0,0.5716009337528316,0.022200000000000004,0.149553513097907,0.57,0.8556288707523761
0.3028286515507688,0.00010774193548387095,9.500098817440971,-285.4271343715218,-287.5211284348255,-0.4617275465803383,0.012163792868776167,0.57361134017014,0.7541128874691108,0.11593607187260085,0.21386337700029895,0.3394688941788926,0.16096334424905515,0.038482508827571336,0.5918243128432026,0.7279956370678196,0.1506573617758488,-0.16733908140029657,-0.09043739610869188,1.1033597235179737,0.9530239998356669,0.9963073603894073,1.0011804594816136,1.0329023830086508,1.048151116981202,1.0673113356555,0.9991836129414352,1.0000802974970742,0.0024752999999999997,1.0,0.5827219256835534,0.022200000000000004,0.149553513097907,0.57,0.8556288707523761
0.31309636304181315,0.00010774193548387095,11.128870136262435,-286.2281636330785,-288.33551409423626,-0.46882170398896633,0.11344260440439484,0.5564795566630464,0.7119874247173864,0.16908223545395937,0.20336517738631305,0.32740168691337257,0.1773629822604917,0.021048695078001656,0.5765835538927357,0.7615218857854775,0.1151595032896459,-0.21951859585089561,0.03503361273147337,1.070754906051454,0.9439216609853917,1.0037439995374493,1.0013175920499449,1.0356471152606346,1.0530448344264296,1.0751193661993013,0.9992303239628281,1.0001371054592105,0.0024752999999999997,1.0,0.5938429176142752,0.022200000000000004,0.149553513097907,0.57,0.8556288707523761
0.3234565330429751,0.00010774193548387095,13.715503054044461,-287.4458748649463,-289.6288305531273,-0.4764055424685286,0.2099214019797195,0.5389503236162203,0.6709004842828443,0.22305467791381334,0.19267034308621064,0.3157134971196127,0.1944035557719732,0.0035309080490296997,0.5620631974865434,0.7955625118103175,0.07868954995768324,-0.2692656727556953,0.16104120410264974,1.0446145108231688,0.9345258764817669,1.0108778435113903,1.001450539515205,1.0383767370123833,1.0577876000920428,1.082688806125953,0.9992735432787434,1.000190463357379,0.0024752999999999997,1.0,0.6049639095449969,0.022200000000000004,0.149553513097907,0.57,0.8556288707523761
0.33390403652887574,0.00010774193548387095,17.281516592202365,-289.0940256610348,-291.4118373222062,-0.4844198766398713,0.30141157888710185,0.520997090652221,0.6308664919292291,0.27746926062028143,0.18181177390607228,0.3044095421814924,0.2119075900340674,-0.01419598531475469,0.5484022136765958,0.8304942325682946,0.04104740744528165,-0.3167323746172159,0.2876006751968114,1.0249948663988693,0.9248555006906306,1.0176748775862292,1.0015782571642136,1.0411059455189757,1.0623414076223994,1.0899601473782907,0.9993137344795945,1.0002402508842791,0.0024752999999999997,1.0,0.6160849014757187,0.022200000000000004,0.149553513097907,0.57,0.8556288707523761
0.3444337052715314,0.00010774193548387095,21.85257132033894,-291.18827513979033,-293.6973646862745,-0.49310076437344963,0.3877211016171263,0.5025741000778605,0.5916665579090212,0.3327198856475693,0.17086298641968722,0.2936500062832154,0.23014002091623623,-0.032225822449203134,0.535552898344,0.8664992938961975,0.0019019874383466129,-0.3620772658072086,0.4152480553088117,1.0117612597426027,0.9149254322171355,1.0240938578408394,1.0016998512502029,1.0438116227956031,1.0666763533401555,1.0968825258402592,0.9993502198946099,1.0002865961737948,0.0024752999999999997,1.0,0.6272058934064405,0.022200000000000004,0.149553513097907,0.57,0.8556288707523761
0.3550403303970013,0.00010774193548387095,27.458485657976667,-293.7463622401749,-296.5003218550934,-0.50239441520753,0.46873528329305225,0.4834835539832234,0.5535881803459912,0.3887842387544411,0.1595373977252023,0.2832829115436833,0.24911249438046942,-0.05063093656339585,0.523569976864353,0.9035705244754251,-0.03845578620457359,-0.4050721752590258,0.5440378613973018,1.004909309427265,0.9047506142330561,1.0301184043237188,1.0018144967566558,1.046572766359739,1.0707638276579052,1.1034089813481223,0.9993841139699671,1.0003291503784477,0.0024752999999999997,1.0,0.6383268853371622,0.022200000000000004,0.149553513097907,0.57,0.8556288707523761
0.36571866496214184,0.00010774193548387095,34.13337192989832,-296.78922540611416,-299.8377649910542,-0.5120688852505513,0.544132835568789,0.4635970435323859,0.5162827243390304,0.44568150872945234,0.14788973319980345,0.2731420524131119,0.26867329809308477,-0.06933642674717573,0.5123821037642855,0.9415028581755951,-0.08029405689710217,-0.44556100598852183,0.6738575801199869,1.0042819990498952,0.8943546949712303,1.035724133895668,1.001921265226647,1.0493176168516074,1.0745680481343178,1.1094866209594423,0.9994149197047159,1.0003679581494525,0.0024752999999999997,1.0,0.649447877267884,0.022200000000000004,0.149553513097907,0.57,0.8556288707523761
0.37646342655019266,0.00010774193548387095,41.91590097486312,-300.3347484512804,-303.7290295135366,-0.5226633906539061,0.6131737062307306,0.4431303287889163,0.4795467794797101,0.5044679921593492,0.13614880310470137,0.2635251224717738,0.289201678584246,-0.08830042731392448,0.5024340422252029,0.9811654693730965,-0.12387025965427813,-0.4844045823856922,0.8054067176686359,1.0106106389047993,0.8837344086816851,1.0408649950829616,1.0020210767539752,1.0520541557135625,1.0781279834279214,1.1151679500715872,0.9994413357343305,1.0004033997586175,0.0024752999999999997,1.0,0.6605688691986058,0.022200000000000004,0.149553513097907,0.57,0.8556288707523761
0.3872692998839115,0.00010774193548387095,50.84969196670181,-304.4128999647218,-308.19592500945595,-0.5325809928507528,0.6764738984121713,0.42299119636256455,0.4430113669395525,0.5637646547211023,0.12466236171785777,0.2540516509460601,0.31006982569957037,-0.10678360088388071,0.4929627777922369,1.020756136537876,-0.16910465561256974,-0.5210730462481556,0.93836301451771,1.0230839452178946,0.8729325171159483,1.0455329159060598,1.0021094547269078,1.0546911529167968,1.081261314141445,1.120197733951518,0.9994624479761189,1.0004366681809964,0.0024752999999999997,1.0,0.6716898611293276,0.022200000000000004,0.149553513097907,0.57,0.8556288707523761
0.3981309394549647,0.00010774193548387095,60.98378297560873,-309.0447900197271,-313.2629705139094,-0.5439244521436308,0.7335274745692336,0.4013505848163912,0.4078828505011813,0.6243980636385845,0.1124434795835684,0.2451074114966474,0.33192611847416154,-0.1263672920115672,0.4843061080740705,1.0620454947917555,-0.21595515611550758,-0.5552395846964985,1.0731463771261842,1.041768090892673,0.861953474046354,1.0497119972421292,1.0021895954066045,1.05745779515735,1.0841160781281731,1.1247585477618531,0.9994825475536341,1.0004650890647926,0.0024752999999999997,1.0,0.6828108530600494,0.022200000000000004,0.149553513097907,0.57,0.8556288707523761
0.4090429721682723,0.00010774193548387095,72.37304341242998,-314.2656721266972,-318.95760073232003,-0.5553784344439183,0.7838437305077735,0.37823996004709504,0.3733814862377598,0.6864469374568127,0.09956237272757626,0.23634853656810126,0.3547690076759727,-0.14642708316738273,0.4764710535692314,1.1042083425515767,-0.2639025692344421,-0.5867951732133457,1.2081060958071426,1.0659344407447964,0.8508348274708346,1.0533527902009812,1.0022587858212704,1.0602306851911556,1.0865813072844754,1.1286957159271072,0.9995003279612044,1.000489277175982,0.0024752999999999997,1.0,0.6939318449907712,0.022200000000000004,0.149553513097907,0.57,0.8556288707523761
0.41999999999999993,0.00010774193548387095,85.07851113812319,-320.0932115930061,-325.31033459516664,-0.5670759582426121,0.8280771838476175,0.3562324837021549,0.33836881927569723,0.7506296928517535,0.0875351173089155,0.22797383718975658,0.3779813020542385,-0.16577863456898662,0.46988249543417504,1.1482177293127884,-0.314568364222639,-0.6180186268522256,1.347797505999471,1.0974265677257458,0.839560905660022,1.0565174653711544,1.002318412348591,1.0629610372376754,1.088694988245374,1.1320880417334982,0.9995108887216639,1.0005129639397503,0.0024752999999999997,1.0,0.7050528369214929,0.022200000000000004,0.149553513097907,0.57,0.8556288707523761
0.18,0.00011177419354838708,74.69048715092197,-310.5316050277458,-320.116322601566,-0.4412920030697825,-1.6925840001806707,0.8019170672076229,1.4295344930122338,-0.5629422124937048,0.3582576603636118,0.5517976453251001,-0.022174731579583874,0.2850282692825478,0.8900782840222791,0.32951625179643756,0.6180601842979299,0.7437605970295889,-1.7784001518402017,2.1595130185341302,1.0202324869180055,0.8813390766091137,0.9991968122347249,0.9941356822955659,0.9797971874662588,0.9543969386133617,0.9981157012585453,0.998540769555931,0.0024752999999999997,1.0,0.4381490305841703,0.022200000000000004,0.149553513097907,0.57,0.8556288707523761
0.18862353629575357,0.00011177419354838708,63.708053356009714,-306.2347312075148,-314.6251057041099,-0.4406473967787773,-1.544000736217767,0.7816982802068634,1.3683615041356776,-0.5053860880001393,0.3458134824299177,0.5322284129579118,-0.007627792747241738,0.2632651038206846,0.8621342128468649,0.36283933865723506,0.5747408432870901,0.6604126165161668,-1.6321664377898755,2.0405413709734423,1.0169763416685655,0.8904041422939306,0.9993395242076897,0.9974553869510725,0.9846417231471963,0.9625191630810801,0.998223329647105,0.9986832420288448,0.0024752999999999997,1.0,0.4492700225148921,0.022200000000000004,0.149553513097907,0.57,0.8556288707523761
0.197401105998178,0.00011177419354838708,53.837251804611356,-302.37164812910555,-309.6897049284107,-0.44018914425589656,-1.396989430898824,0.7620512826011522,1.308899411283475,-0.44878298958863116,0.3335864891844378,0.5131956393681263,0.0068267379714877854,0.24212360030213037,0.835425586157856,0.3959169604736384,0.533575795350542,0.5793010686985577,-1.4887734053969293,1.9286840446644358,1.013294175841273,0.8995010856861464,0.9994851764186155,1.0007893483448647,0.9895944671462538,0.9708089787243808,0.9983268309923854,0.9988229881599641,0.0024752999999999997,1.0,0.46039101444561387,0.022200000000000004,0.149553513097907,0.57,0.8556288707523761
0.20632836697123808,0.00011177419354838708,45.04013128308645,-298.9268114439585,-305.29114466764827,-0.4404979471302571,-1.2524811688177784,0.7431206470883442,1.2513765266135768,-0.39350022102852483,0.3217160056687837,0.49480675152030384,0.021115378594172077,0.22147945802705543,0.8094384919411589,0.4280669396803182,0.4940566334085813,0.5007245623744656,-1.3490481794332647,1.8236244844924723,1.0091964325604212,0.9086326085849643,0.999633347271219,1.0040011640925746,0.9946503638990237,0.9792425114892219,0.9984241693460698,0.9989587832195417,0.0024752999999999997,1.0,0.4715120063763356,0.022200000000000004,0.149553513097907,0.57,0.8556288707523761
0.21540090302880485,0.00011177419354838708,37.283591510390806,-295.8912147809399,-301.41287478130045,-0.44130946189699194,-1.1103823514471196,0.7247027093571449,1.1954570224301806,-0.33906727538629994,0.31012094068118556,0.47704951944518087,0.035299479356354115,0.20138160505962027,0.7842168455013946,0.4595947908290121,0.4559932560066451,0.42451571230197793,-1.2121122908039312,1.7252911516680218,1.0046767794399674,0.9177687879746618,0.9997842886271898,1.0071515542698621,0.9998179376947145,0.9878340790959885,0.9985176467073739,0.9990909734300942,0.0024752999999999997,1.0,0.4826329983070574,0.022200000000000004,0.149553513097907,0.57,0.8556288707523761
0.2246142261192784,0.00011177419354838708,30.539192876260813,-293.2549090165332,-298.04067546423545,-0.44261882401626995,-0.9711590670853764,0.7067550625892344,1.1411675331034201,-0.2853535258473486,0.29877468988664946,0.4598914023601682,0.04934178514427559,0.1818343978027422,0.7599696053427072,0.4908082947381106,0.4191337889563739,0.3505723865965781,-1.0778057260233702,1.6336784764686365,0.9997355058123829,0.9268832239084263,0.999937491356129,1.0102546019733718,1.0050801784080692,0.9965546819996737,0.9986076015625355,0.9992191631455843,0.0024752999999999997,1.0,0.4937539902377792,0.022200000000000004,0.149553513097907,0.57,0.8556288707523761
0.23396377854576186,0.00011177419354838708,24.78300552719611,-291.0106298026259,-295.1625817897031,-0.4444876121495963,-0.8353892990122356,0.6891228721285239,1.088403734530459,-0.23234760408398078,0.2876849856420572,0.44352494526149316,0.06326211073975202,0.1628640903379771,0.7367377726265147,0.5218522037249269,0.3830880073230014,0.27904556517173484,-0.9457289398764065,1.5487635662617283,0.9943734447774306,0.935948572052597,1.0000923465218468,1.0133433853139966,1.0104184362123863,1.0053696636876974,0.9986957357635754,0.9993431471152397,0.0024752999999999997,1.0,0.504874982168501,0.022200000000000004,0.149553513097907,0.57,0.8556288707523761
0.24344493522068753,0.00011177419354838708,19.995474932433694,-289.15466662008464,-292.7688164923219,-0.44666936806372676,-0.7023402973476386,0.6719594425672006,1.0371523316309486,-0.17982224079774564,0.27666461516514734,0.4273171810169748,0.0776786634753857,0.1439329952316874,0.7142328624197704,0.5525656193776918,0.3484581724003269,0.20967317398492322,-0.8159422623872488,1.4703103048242774,0.9886024140941498,0.9449450148872416,1.000247970641771,1.0162973178413177,1.0157846591906232,1.014228417235792,0.9987736517884812,0.9994626381965063,0.0024752999999999997,1.0,0.5159959740992227,0.022200000000000004,0.149553513097907,0.57,0.8556288707523761
0.25305300595378105,0.00011177419354838708,16.161316306683375,-287.6828848709221,-290.85173717944673,-0.4497555352269874,-0.5735797782198994,0.6549841976672367,0.9873608673736728,-0.12787926349506945,0.26590923609189643,0.41198741696736707,0.09187929384144665,0.1255221642272687,0.6926026456212024,0.5831782333731566,0.31365643339419247,0.14283278966400173,-0.6876679606402867,1.3983576770864163,0.9824236653119651,0.9538240280038058,1.0004042002757945,1.0192390537928264,1.0211955976564013,1.0231219619571565,0.9988512652604518,0.9995776861776859,0.0024752999999999997,1.0,0.5271169660299445,0.022200000000000004,0.149553513097907,0.57,0.8556288707523761
0.26278323777222945,0.00011177419354838708,13.269374273247877,-286.59502499990157,-289.405766162729,-0.4534435019035592,-0.44863578324673464,0.638002461001647,0.9389105312439051,-0.07608513363790353,0.2551859343912478,0.3971600690922782,0.10620316695946584,0.10732919381538433,0.6718825478982564,0.6139933156891209,0.27922772969358345,0.07830189091613614,-0.560827977135264,1.3328475001601807,0.9758456147973764,0.9625732322412893,1.0005598863625458,1.022163609593571,1.0265984412393896,1.0319846422848862,0.9989256713939431,0.9996885276284527,0.0024752999999999997,1.0,0.5382379579606663,0.022200000000000004,0.149553513097907,0.57,0.8556288707523761
0.2726308172719081,0.00011177419354838708,11.312496953402842,-285.89161995548045,-288.42732750280646,-0.4572844352679618,-0.32785730447655276,0.6213252398889125,0.8917150103869758,-0.024551692985664675,0.24456388720074218,0.38271319678815374,0.12098118227711217,0.08938656183548288,0.6522202772717728,0.6449537897791646,0.24504599510780942,0.015989928218253652,-0.43510459856367134,1.2738758106584316,0.9688780604141425,0.9711627075893752,1.0007143656019943,1.0249956401291793,1.0319637769589847,1.0407785820544964,0.9989931129991461,0.999793927349977,0.0024752999999999997,1.0,0.549358949891388,0.022200000000000004,0.149553513097907,0.57,0.8556288707523761
0.2825908729985017,0.00011177419354838708,10.287410532753142,-285.575341398487,-287.9147842924816,-0.46190415220570613,-0.21154353229315867,0.6046184018006442,0.8458619525543516,0.02701073745217763,0.23397568087119938,0.3688523440330532,0.1360212891550179,0.0716066903619922,0.6333973089628062,0.6761762819912618,0.21051522967800138,-0.04390045955968455,-0.3100183014740774,1.2213976337421821,0.9615280910725916,0.9795462086655983,1.000866940405396,1.0278086943535205,1.0372754552195294,1.049464151442698,0.9990574839230497,0.999894458573878,0.0024752999999999997,1.0,0.5604799418221098,0.022200000000000004,0.149553513097907,0.57,0.8556288707523761
0.29265847785734184,0.00011177419354838708,10.194637748413584,-285.6508537230975,-287.86839790031183,-0.46669453248634674,-0.10125488528884369,0.5858702067001711,0.8020561796422588,0.0775828382600677,0.22320272976052416,0.3572334911271081,0.15070506459864652,0.05233846463608448,0.6145930308571974,0.7095162782586201,0.17694803237852202,-0.1012300089639046,-0.18689749311223616,1.1743138323120446,0.9538325008266529,0.9877440086783011,1.0010185645946326,1.0310623542836024,1.0425771808756996,1.0580957934242226,0.9991341876425545,0.9999880360594657,0.0024752999999999997,1.0,0.5716009337528316,0.022200000000000004,0.149553513097907,0.57,0.8556288707523761
0.3028286515507688,0.00011177419354838708,11.038158842380085,-286.125170712227,-288.2901584472951,-0.4726966380963591,0.006505068906885028,0.5704992602038474,0.7571145842756699,0.13051045141312578,0.2126959332477127,0.3424790277904711,0.16715024773126702,0.03625310333987097,0.5984509530649835,0.7400413690878076,0.1404656855836101,-0.1567893507915022,-0.061206515290811794,1.1352712754473824,0.9457449081202483,0.9956120189999833,1.0011638654812531,1.0333551787022692,1.047641084084876,1.066366992744176,0.9991745184952462,1.0000782924048022,0.0024752999999999997,1.0,0.5827219256835534,0.022200000000000004,0.149553513097907,0.57,0.8556288707523761
0.31309636304181315,0.00011177419354838708,12.810675316963398,-286.9979199758222,-289.17641668458674,-0.4786248255649014,0.10802497282208307,0.553291290053473,0.7148798006176333,0.18292327205834746,0.20202109308684926,0.33008476432772066,0.18336893581353872,0.0185638925631212,0.5824649473991825,0.7730486753340139,0.10442945609913541,-0.20960840301583528,0.0633636083264429,1.1014834110601124,0.9373303842327478,1.003100864269192,1.0013014847897064,1.0360822000096377,1.0525386397224124,1.074202484548338,0.9992224779112603,1.0001350880616375,0.0024752999999999997,1.0,0.5938429176142752,0.022200000000000004,0.149553513097907,0.57,0.8556288707523761
0.3234565330429751,0.00011177419354838708,15.514411519520195,-288.27402342987085,-290.52828478586514,-0.48529534587101836,0.20479143377106504,0.5356091653173366,0.6735631747602673,0.23591179656717678,0.19121874435664726,0.318204834313694,0.2001703100167281,0.0007450637062758985,0.5673871088721653,0.8068496976312665,0.06765820488528536,-0.26004202884282296,0.18823509005981376,1.0739695241867016,0.9285877717182546,1.010258904536416,1.0014348116911918,1.0388027255240764,1.0572850178488102,1.0817933433688784,0.9992671357967241,1.0001883528810018,0.0024752999999999997,1.0,0.6049639095449969,0.022200000000000004,0.149553513097907,0.57,0.8556288707523761
0.33390403652887574,0.00011177419354838708,19.168750185054705,-289.966292460038,-292.3554541186324,-0.4923789782208358,0.2965869212705184,0.517957282176052,0.6330572139231394,0.2894786863758739,0.18044297838331289,0.3066397079312117,0.2175386273460405,-0.01697175752555004,0.5532284100919247,0.8412682525217896,0.030041085616859652,-0.3082609283683675,0.313643437145845,1.0529004457963052,0.9195317791353161,1.017079119359475,1.001563543707137,1.0414634688987274,1.0618638547866872,1.089122254639604,0.9993066037305741,1.0002385181622837,0.0024752999999999997,1.0,0.6160849014757187,0.022200000000000004,0.149553513097907,0.57,0.8556288707523761
0.3444337052715314,0.00011177419354838708,23.79738246820648,-292.08989755259125,-294.6697702602083,-0.5001537973369875,0.3832020830601761,0.49959996814148894,0.5936190327262971,0.3439706249494305,0.16947680487541475,0.29559197486889444,0.23542417990539802,-0.034986155258405156,0.5399348439573959,0.876665597015871,-0.008824843441860665,-0.3541446458001206,0.439726782533331,1.0382017177290284,0.9101768500975748,1.0235224564508563,1.0016857417192104,1.0441357821656223,1.0662108587790564,1.0960788711101086,0.9993436539484154,1.0002849825930653,0.0024752999999999997,1.0,0.6272058934064405,0.022200000000000004,0.149553513097907,0.57,0.8556288707523761
0.3550403303970013,0.00011177419354838708,29.428670669527605,-294.6621793814549,-297.48541436086884,-0.5086921997393808,0.4646851900368903,0.480220993836558,0.5556539262256758,0.399048600351112,0.1579106992667289,0.28498413674878564,0.2539929895914386,-0.05352434928382819,0.5275869801031067,0.9131258579850372,-0.04861205412174208,-0.3975439318708411,0.5663578708934063,1.0295512406282374,0.9005450268616808,1.0295781748322297,1.001801122432365,1.046922081531298,1.0703191372493257,1.1026471174768837,0.9993797227884268,1.0003271036166765,0.0024752999999999997,1.0,0.6383268853371622,0.022200000000000004,0.149553513097907,0.57,0.8556288707523761
0.36571866496214184,0.00011177419354838708,36.09606746585666,-297.7027311251262,-300.8191127590334,-0.5173960577535857,0.5406188694396097,0.4607506085639047,0.518441266914604,0.4552911455350667,0.14647183779055173,0.27470826539058935,0.2730487829299742,-0.07190926634765803,0.5160609924225986,0.9500284207546471,-0.09002120257888481,-0.4385107814957135,0.6941030539466548,1.0275226639378996,0.8906475980521426,1.0352185934357676,1.0019088237742202,1.0496008759247264,1.0741468379577663,1.108777746721899,0.9994105196762594,1.0003662734989804,0.0024752999999999997,1.0,0.649447877267884,0.022200000000000004,0.149553513097907,0.57,0.8556288707523761
0.37646342655019266,0.00011177419354838708,43.83854527555934,-301.23258197750823,-304.6903516638847,-0.5269461760432146,0.6098160147336134,0.4405517000507053,0.4812666350864634,0.5130920513258922,0.13492573418831882,0.264869953875126,0.29299117664419455,-0.09052624619600246,0.505594994456194,0.9884885930632827,-0.13275215625203707,-0.4777044897154899,0.8233899211410088,1.0317526707149944,0.8805035579960869,1.040403975080414,1.002008766919376,1.0522541271087036,1.077701392745993,1.1144664516649097,0.9994368568462971,1.000402024615649,0.0024752999999999997,1.0,0.6605688691986058,0.022200000000000004,0.149553513097907,0.57,0.8556288707523761
0.3872692998839115,0.00011177419354838708,52.701001191581554,-305.27695993566215,-309.1215796218958,-0.5363695925255549,0.6730281403330268,0.42077062433599943,0.44420116465336235,0.5726296573166196,0.12381537617647952,0.2553844171672529,0.31355816660206276,-0.10861646615538155,0.49589798808353686,1.027393907847298,-0.17734820090818276,-0.515290916494662,0.9544691331762349,1.0425615094187561,0.8701384184277305,1.0451007005351312,1.0020987760110087,1.0548002127837666,1.0808881267699706,1.1195890843905274,0.9994571693199104,1.0004359732825403,0.0024752999999999997,1.0,0.6716898611293276,0.022200000000000004,0.149553513097907,0.57,0.8556288707523761
0.3981309394549647,0.00011177419354838708,62.73452288326837,-309.8643348966,-314.1383404677392,-0.5468594151986874,0.7303312186980065,0.39930643289089746,0.40916674229731537,0.6324470431558161,0.11168939955768127,0.24636174614979084,0.3348931175826194,-0.12796017511255123,0.4869266940189504,1.0676692311340537,-0.22292698225766666,-0.5499599703732009,1.0863159181849045,1.0590589693390322,0.859575233304417,1.0493148843327962,1.00217952270015,1.057547269620306,1.08375873699884,1.1241843712772386,0.9994781542800035,1.0004643441925183,0.0024752999999999997,1.0,0.6828108530600494,0.022200000000000004,0.149553513097907,0.57,0.8556288707523761
0.4090429721682723,0.00011177419354838708,73.99647251037993,-315.0208526055053,-319.769315281295,-0.5576506829212444,0.7810782535237794,0.3775779793704039,0.37379534590995833,0.6945561932704066,0.09959305574919144,0.23747156319517557,0.357166719697359,-0.14717822026938304,0.47904581743179253,1.109542622461578,-0.2702123074343111,-0.5829554799821729,1.220715014239441,1.0821903090976794,0.8488205236950243,1.0530216953846454,1.0022505433376305,1.060233294571117,1.086278606401459,1.128225638175623,0.999493662055773,1.0004906113157481,0.0024752999999999997,1.0,0.6939318449907712,0.022200000000000004,0.149553513097907,0.57,0.8556288707523761
0.41999999999999993,0.00011177419354838708,86.55045287780342,-320.78445624559924,-326.04630546500675,-0.5689219718525386,0.8252164388342748,0.35473950103546104,0.33972969454261953,0.7575415015134863,0.08714362424649635,0.22916706147328134,0.3800029872461354,-0.16694235304221103,0.4715908146173815,1.151807647491616,-0.3195935036835703,-0.6134831438330833,1.3564980075117488,1.1110492409072399,0.8379157825066932,1.056186291457302,1.0023107728089502,1.062976045782243,1.088419659259371,1.1316524642318098,0.9995074155915245,1.0005124312658382,0.0024752999999999997,1.0,0.7050528369214929,0.022200000000000004,0.149553513097907,0.57,0.8556288707523761
0.18,0.0001158064516129032,72.01841371746855,-309.2019542992579,-318.7802858848393,-0.47225361992479603,-1.7027342103517322,0.8030223287214091,1.4341694527549296,-0.532719499096352,0.3587251990906653,0.5583975613933548,-0.012206653034981018,0.28499341283094165,0.903453701635314,0.35271443567569966,0.615163408058527,0.7528288269426735,-1.707221723175288,2.1885496569498315,1.0012818011342315,0.8807041977698736,0.9991759105026831,0.996073247786309,0.9794403497870964,0.9532136193608363,0.9980994172094885,0.998536104757139,0.0024752999999999997,1.0,0.4381490305841703,0.022200000000000004,0.149553513097907,0.57,0.8556288707523761
0.18862353629575357,0.0001158064516129032,61.61206442915909,-305.1762756950988,-313.5771112406846,-0.4694903586476483,-1.5536404933374213,0.7821257390078783,1.3728129297526979,-0.47682553295611263,0.34601380805366877,0.5383886953480665,0.0019586617291243694,0.26289512960206735,0.8747333502280602,0.3847026360986066,0.5710969953515804,0.6698417906773562,-1.5661785820541982,2.071119211816344,0.9991446378773013,0.8897495474577337,0.9993191380755218,0.9992174572353111,0.984270270673769,0.9613645737332461,0.9982074830866651,0.9986784682060504,0.0024752999999999997,1.0,0.4492700225148921,0.022200000000000004,0.149553513097907,0.57,0.8556288707523761
0.197401105998178,0.0001158064516129032,52.263673721007194,-301.5590478487057,-308.90291588660864,-0.4673046080555598,-1.4065129590463976,0.7620098203441384,1.3133502173459215,-0.422082788832521,0.3336348898028162,0.5189965508655605,0.015965216199231042,0.24142068763895594,0.8471838609340154,0.4163169464166202,0.5290594913810156,0.589213822895664,-1.4280250247293136,1.9604334298269253,0.9965532454892896,0.8988452820227903,0.9994650275335908,1.0023246148940195,0.9892046575500703,0.9696673591091286,0.9983102692155831,0.9988175360432693,0.0024752999999999997,1.0,0.46039101444561387,0.022200000000000004,0.149553513097907,0.57,0.8556288707523761
0.20632836697123808,0.0001158064516129032,43.940666934614796,-298.3413490857569,-304.74141249341244,-0.4656539499967597,-1.2614991280139405,0.7424362230761509,1.2554572828026764,-0.36797650828847606,0.32155745527324026,0.5003293930576931,0.029888333527940934,0.22061193679832272,0.8203929577009866,0.44729616503057185,0.4884963920369491,0.5108055510692389,-1.292191407470249,1.8563800407543372,0.9935037414696006,0.907969125626703,0.9996141239582057,1.0054013375789512,0.9942676319047843,0.9781530750941672,0.9984103166053995,0.9989535403148879,0.0024752999999999997,1.0,0.4715120063763356,0.022200000000000004,0.149553513097907,0.57,0.8556288707523761
0.21540090302880485,0.0001158064516129032,36.614704356987886,-295.5116453155964,-301.078431204599,-0.46464374229185046,-1.1189585005434262,0.7235427471439108,1.1994183523856357,-0.31487311220119646,0.3097532651873503,0.48217007220432406,0.04384410114531009,0.20017340073284626,0.7946800536621438,0.47799629258563925,0.4497891409126034,0.43478098183023983,-1.1590572336347202,1.758780378019332,0.9899997920121225,0.917098581516121,0.99976530894803,1.0084062829485576,0.9994126730680313,0.9867578968626791,0.998502893608574,0.9990857676143247,0.0024752999999999997,1.0,0.4826329983070574,0.022200000000000004,0.149553513097907,0.57,0.8556288707523761
0.2246142261192784,0.0001158064516129032,30.261461247992088,-293.0634845644881,-297.9018096501011,-0.46424818888218855,-0.97966374796906,0.7051671956109312,1.144905714634298,-0.2624306129262832,0.2982495266373749,0.46483292205710247,0.057544793764430315,0.18050904586896852,0.7698651480730667,0.5084435248648014,0.41180951718608644,0.3609383048828753,-1.0278077645920833,1.6677648955780384,0.9860379391819449,0.926207102965192,0.9999188538890224,1.0114269468252897,1.0046665065872413,0.9954975441963912,0.9985961016885877,0.9992138738417532,0.0024752999999999997,1.0,0.4937539902377792,0.022200000000000004,0.149553513097907,0.57,0.8556288707523761
0.23396377854576186,0.0001158064516129032,24.86042219043611,-290.9913494471488,-295.2012901213231,-0.46445537194151526,-0.843073353546083,0.6873099419658607,1.0920245945697802,-0.21072400860704807,0.2869427827698319,0.44791125823804157,0.07150170404073518,0.16103106827063096,0.7459904021347232,0.5386811154147217,0.3753534757737822,0.28941428645127343,-0.8987930599599896,1.5830467429660222,0.98162633702595,0.9352735065977846,1.0000739692212988,1.0143476553583706,1.0099810551523778,1.0043266905052688,0.9986804968551896,0.9993380701289402,0.0024752999999999997,1.0,0.504874982168501,0.022200000000000004,0.149553513097907,0.57,0.8556288707523761
0.24344493522068753,0.0001158064516129032,20.39474794224145,-289.29210722189737,-292.96845299722577,-0.46547888161762957,-0.7098534583676618,0.6694105737067415,1.040425845204737,-0.158833812853902,0.27582124665754404,0.43172633293353735,0.08526848312731028,0.1420992544389836,0.722907792895539,0.5687499301205673,0.33929794773272803,0.22026176848855258,-0.7713511689736638,1.5046730760452964,0.9767612027177038,0.9442523556457207,1.0002299929684992,1.0172767627270982,1.0153450403211255,1.0132078036024472,0.998765107987347,0.9994595843470765,0.0024752999999999997,1.0,0.5159959740992227,0.022200000000000004,0.149553513097907,0.57,0.8556288707523761
0.25305300595378105,0.0001158064516129032,16.851130619186165,-287.9618605421198,-291.1966443356981,-0.4667711521768037,-0.5806518336810049,0.6524213645566556,0.990431277294205,-0.10847760661795364,0.264860198159112,0.4158920553449884,0.0995129145833218,0.12337186099267614,0.7009510205889714,0.5989527740380004,0.3041141860916025,0.15306319290619863,-0.645345442696208,1.432637818006218,0.9714645246621155,0.9531512172896137,1.0003865384494561,1.020104735404898,1.020740997496214,1.022118817383896,0.9988400935526225,0.9995736331277778,0.0024752999999999997,1.0,0.5271169660299445,0.022200000000000004,0.149553513097907,0.57,0.8556288707523761
0.26278323777222945,0.0001158064516129032,14.219748687554556,-287.00161233916435,-289.8809533698823,-0.46897559250101256,-0.4554136135986627,0.635189895128699,0.9416764260193415,-0.057761975602045816,0.2539954878123768,0.40081611295332265,0.11374875696223649,0.10496194665898723,0.6797592189980842,0.6292688434679763,0.2690810426138103,0.08831007453562291,-0.5205386343876209,1.3667554907314312,0.9657292116628271,0.9619038560368554,1.0005425361294962,1.0229498197347933,1.0261347775265943,1.0309988191431507,0.9989149306412877,0.9996842317697581,0.0024752999999999997,1.0,0.5382379579606663,0.022200000000000004,0.149553513097907,0.57,0.8556288707523761
0.2726308172719081,0.0001158064516129032,12.494255518392151,-286.4118050097442,-289.0182067853011,-0.46946998735338874,-0.3365462445019302,0.616147156995832,0.8945752551260128,-0.006609005936338156,0.24286052027299138,0.38721375270208747,0.12740578402002653,0.08608815038273841,0.6591863404037517,0.6613435488796611,0.23645216437032524,0.02546831888928275,-0.3983423127316034,1.3066202404239309,0.9595794260709869,0.9705060609901405,1.0006977496971463,1.026293492062481,1.0315050305956148,1.0398341641318056,0.9990031132480488,0.9997884839522873,0.0024752999999999997,1.0,0.549358949891388,0.022200000000000004,0.149553513097907,0.57,0.8556288707523761
0.2825908729985017,0.0001158064516129032,11.67152800076883,-286.19570109266823,-288.60684302648946,-0.47479252884235373,-0.21760848252901258,0.6012556300463436,0.8480966521783692,0.04344149216015051,0.2324950992698474,0.3718797770077814,0.14298712145778236,0.06890352561973494,0.6402468220557698,0.6903652199434691,0.19944642008523084,-0.03449418022416442,-0.27351111713221493,1.253885474501182,0.952989130902035,0.9789165067560399,1.0008506326523794,1.0284924683656915,1.0368120065086983,1.048536916946072,0.9990492134335938,0.9998906102198448,0.0024752999999999997,1.0,0.5604799418221098,0.022200000000000004,0.149553513097907,0.57,0.8556288707523761
0.29265847785734184,0.0001158064516129032,11.75229153465284,-286.3570968972269,-288.64722479343146,-0.47878060940172157,-0.10574227219988049,0.5843191715412476,0.8030556777979521,0.09421040146609218,0.22186260302042426,0.358221137847424,0.1581305661647564,0.05107745906856699,0.621799838912945,0.7214355261155249,0.16447024261454724,-0.09254367219695932,-0.15089728861601173,1.2067425060856567,0.946008182465714,0.987096206330333,1.001001165265524,1.0312037835476402,1.0420443782432018,1.0571058438928926,0.9991097068097582,0.9999862179608234,0.0024752999999999997,1.0,0.5716009337528316,0.022200000000000004,0.149553513097907,0.57,0.8556288707523761
0.3028286515507688,0.0001158064516129032,12.740680606298156,-286.9021764982398,-289.1414193292541,-0.4835115763884275,0.0013252288269134697,0.5669681940772431,0.7592699783170974,0.14520255834833773,0.21104734901001776,0.34511660579908915,0.17365968623903133,0.03328932290148839,0.604326116186125,0.7530879520981403,0.12905916184204216,-0.1481497329611454,-0.028367742438310185,1.1659317425109115,0.9386311243932906,0.9950209354467925,1.0011486041656312,1.033957005723191,1.047180341461336,1.0654986357954224,0.9991682919040016,1.0000765810005168,0.0024752999999999997,1.0,0.5827219256835534,0.022200000000000004,0.149553513097907,0.57,0.8556288707523761
0.31309636304181315,0.0001158064516129032,14.630682682353722,-287.83340759055244,-290.0864203672819,-0.48821799406037525,0.10288506920844982,0.5500487572204855,0.7166007313798124,0.19676313867566791,0.20054238823015894,0.33244914969541295,0.18963840821449665,0.015728833469813755,0.5878887425188548,0.7852816747866862,0.09335940626017498,-0.20135538244587647,0.09427991417723541,1.1309997036053963,0.9308759738294486,1.002503739702855,1.0012867383955468,1.0365708548641281,1.0520811673166364,1.0733631769094711,0.9992144502455783,1.0001332770276605,0.0024752999999999997,1.0,0.5938429176142752,0.022200000000000004,0.149553513097907,0.57,0.8556288707523761
0.3234565330429751,0.0001158064516129032,17.423474572618943,-289.1537480584577,-291.4828163124145,-0.49388050329078226,0.19993167707618628,0.5325831715351269,0.6751594695197829,0.24892357471381885,0.18983538587544432,0.3203541719187216,0.20608007746518325,-0.0020165625672161,0.5723828762854727,0.8183897446369841,0.05684871547684804,-0.25224533234517565,0.21730287292542066,1.1023053659003177,0.9227547520986551,1.0096861684042258,1.0014208589263216,1.039228494362044,1.0568437864102063,1.0809990080004126,0.9992590056663189,1.0001867883777738,0.0024752999999999997,1.0,0.6049639095449969,0.022200000000000004,0.149553513097907,0.57,0.8556288707523761
0.33390403652887574,0.0001158064516129032,21.139227704878294,-290.8773244816385,-293.3406928785442,-0.5000832193666211,0.2920142982262407,0.5147149877176952,0.6346959922428066,0.30177897643957863,0.17900682636752105,0.3087061906842774,0.22306735420623836,-0.019783926140852656,0.5577949664089735,0.8521457559731317,0.0194800760477544,-0.3008485387973125,0.3407062683965177,1.0798532531908709,0.9142868020466997,1.0165226767629352,1.0015496241617858,1.0418740405676574,1.0614147533064198,1.0883296501650492,0.9993001630876511,1.0002368170226712,0.0024752999999999997,1.0,0.6160849014757187,0.022200000000000004,0.149553513097907,0.57,0.8556288707523761
0.3444337052715314,0.0001158064516129032,25.80272948497293,-293.01995198431837,-295.6724437685915,-0.5071470519529833,0.37937380640555407,0.49542550976705185,0.5961359368826863,0.35505882987354664,0.16742896621725528,0.29776774557278574,0.24079460138387188,-0.03817516534631764,0.5442329575895495,0.8869618234734669,-0.018862437410791938,-0.34693420979590006,0.4639679611890602,1.0633051841105,0.9054943575420638,1.0229979776685145,1.001671652800202,1.044666380191915,1.0657525904183194,1.0952765678880112,0.999342576585859,1.000282026826332,0.0024752999999999997,1.0,0.6272058934064405,0.022200000000000004,0.149553513097907,0.57,0.8556288707523761
0.3550403303970013,0.0001158064516129032,31.44357205962183,-295.59746102475896,-298.49286505591596,-0.5150992079897785,0.46041219646346215,0.47703822749788394,0.5568904082715701,0.409976592636882,0.15653338559033525,0.28684501350606234,0.25907576965706436,-0.05641796418131448,0.53114770447366,0.9228180560774293,-0.05801696079625771,-0.39127468514504826,0.589918109701877,1.0531182632543785,0.8963860266674692,1.0290833883762158,1.0017889373615423,1.0472656156528712,1.0699202822439593,1.1019530978764107,0.9993742373241326,1.0003254981140124,0.0024752999999999997,1.0,0.6383268853371622,0.022200000000000004,0.149553513097907,0.57,0.8556288707523761
0.36571866496214184,0.0001158064516129032,38.09641168958592,-298.6319515975085,-301.819284870898,-0.5232178620131845,0.5367461538570665,0.45745690272769873,0.5195645935338535,0.4655400757012212,0.1450586229032016,0.2762278860075228,0.27756628725518084,-0.07485618787131847,0.519179178378457,0.959104919485987,-0.09934581667980774,-0.43285526279689984,0.7161471931051561,1.0499018376121916,0.8869753792726064,1.0347423900368444,1.0018965036001037,1.0499124412505831,1.0737379241055516,1.1080759710067745,0.9994060351033347,1.0003646133506268,0.0024752999999999997,1.0,0.649447877267884,0.022200000000000004,0.149553513097907,0.57,0.8556288707523761
0.37646342655019266,0.0001158064516129032,45.80108773986922,-302.14618715892243,-305.67162289603965,-0.5311747109184553,0.6061895137321599,0.43864229528888005,0.4817871750419865,0.5224476363132974,0.13425684593817364,0.2663066157025889,0.29709294874155306,-0.0923542031890108,0.5084065235277608,0.9960090956001194,-0.14130893111911588,-0.47278908385929747,0.8432967924855914,1.0526092332784642,0.8773019114646758,1.0399467579485215,1.0019976493262652,1.0524103767599968,1.0773140638941041,1.1138328509334219,0.9994296781029396,1.0004020901003718,0.0024752999999999997,1.0,0.6605688691986058,0.022200000000000004,0.149553513097907,0.57,0.8556288707523761
0.3872692998839115,0.0001158064516129032,54.60282362321834,-306.1640814005291,-310.0724908377142,-0.540432532450421,0.670246819843453,0.41774588207451063,0.4461314322380692,0.5800364213255632,0.12231746808602162,0.25678170944543954,0.3173268615966449,-0.1112684714210147,0.49847265927973583,1.0345180036026655,-0.1850209120291667,-0.5099776586632948,0.9714733004009292,1.061306896749431,0.8673758189410039,1.0446929409509536,1.0020889007876825,1.0551151259099312,1.0805543182507091,1.1190264132043832,0.9994551813700976,1.0004338005838271,0.0024752999999999997,1.0,0.6716898611293276,0.022200000000000004,0.149553513097907,0.57,0.8556288707523761
0.3981309394549647,0.0001158064516129032,64.55225883256276,-310.7113582380615,-315.0472084423864,-0.5502317203193058,0.7278161647785552,0.3970085325287852,0.41020236951750266,0.6393101476547576,0.11060792999524702,0.2474789770303405,0.33828339428395127,-0.13005844350736875,0.489208586770057,1.0741548743640568,-0.23021970808695008,-0.5455337631642508,1.102200971792035,1.0763513449804982,0.8572222179861713,1.0489486072365328,1.0021711069613788,1.0577376191294572,1.0834682649251286,1.1237047140872019,0.9994745401021946,1.0004634338904506,0.0024752999999999997,1.0,0.6828108530600494,0.022200000000000004,0.149553513097907,0.57,0.8556288707523761
0.4090429721682723,0.0001158064516129032,75.7055821119908,-315.81898077054854,-320.62387008210044,-0.5609065530233927,0.7790413742699572,0.37507961854514643,0.37555636604428966,0.6998651218788631,0.09819811038160045,0.23844845130038292,0.3601768487956282,-0.14979836274062394,0.4806883028711251,1.1153688186377588,-0.27675764380517287,-0.5787224560757542,1.2345229292330768,1.0972139142288835,0.8468631422513182,1.0526875702915572,1.0022423752989233,1.060465963480498,1.0860024893933728,1.1277602469288155,0.9994922117312943,1.0004885879569256,0.0024752999999999997,1.0,0.6939318449907712,0.022200000000000004,0.149553513097907,0.57,0.8556288707523761
0.41999999999999993,0.0001158064516129032,88.12452804685608,-321.5177382504202,-326.8333430495331,-0.5717109930289346,0.8239041060602936,0.35257991646385956,0.3410331421488832,0.7618294191165259,0.08590504378219867,0.22990825465159642,0.38267454672679707,-0.16923148142714753,0.473319548244654,1.1572236512444827,-0.32602450952351175,-0.60993347261113,1.3688969185344722,1.1246598265046104,0.8363107939918062,1.0558866842367665,1.0023040345781704,1.0631358782885298,1.08819047498516,1.1312684701889628,0.9995058758606379,1.0005110185786368,0.0024752999999999997,1.0,0.7050528369214929,0.022200000000000004,0.149553513097907,0.57,0.8556288707523761
0.18,0.00011983870967741934,69.45211026050981,-307.95528080495666,-317.49713415635995,-0.5014296765899858,-1.7123082138091092,0.8011113924801883,1.43389549472487,-0.493850922681264,0.35764868474779127,0.5639641299638442,0.0007678230007606673,0.2825465731212422,0.9160500743311623,0.381837520627552,0.6053743644150082,0.7582607262296107,-1.6175677090154856,2.215312369130565,0.9829592356340874,0.8801155983421193,0.9991573168989055,0.9984670575846523,0.9791469748098169,0.9521614340647658,0.998086743726321,0.9985317617407223,0.0024752999999999997,1.0,0.4381490305841703,0.022200000000000004,0.149553513097907,0.57,0.8556288707523761
0.18862353629575357,0.00011983870967741934,59.65037238454295,-304.20791770418424,-312.5962652183765,-0.49696383224243257,-1.5624797927852314,0.7797619881396953,1.3728849535930934,-0.4409269804841323,0.34482516588911105,0.5434845663259615,0.014335853238102452,0.2600895304250133,0.8867005302118778,0.4118096324233156,0.5614717329686679,0.6759240066083143,-1.4840988767212728,2.09947505449953,0.9818959535527799,0.8891481033603398,0.9992995666138144,1.0013293560747452,0.9839000458212321,0.9602559117252921,0.9981898434302564,0.9986740874352503,0.0024752999999999997,1.0,0.4492700225148921,0.022200000000000004,0.149553513097907,0.57,0.8556288707523761
0.197401105998178,0.00011983870967741934,50.847175736219924,-300.84392730866347,-308.194666894215,-0.49305994677306747,-1.4150997066331668,0.7595251722683398,1.3136659296057478,-0.3886565881162421,0.33239318106673393,0.5238276724414236,0.027578596824135826,0.23868307405905556,0.85827952268517,0.44149054304992175,0.5190510018315196,0.5958006726543076,-1.352262561476954,1.9902697075052265,0.9803410742922851,0.8982353645171184,0.9994462965184528,1.0042308303051908,0.9888434964210474,0.9686061248650704,0.9982950716008363,0.9988131669074182,0.0024752999999999997,1.0,0.46039101444561387,0.022200000000000004,0.149553513097907,0.57,0.8556288707523761
0.20632836697123808,0.00011983870967741934,43.01568347437092,-297.85532154213064,-304.2789207632905,-0.4897671927833154,-1.2698533051655656,0.7398396386065198,1.25603993033516,-0.3370526071821244,0.3202588764427592,0.5048229903687826,0.040876182518894154,0.21777180562858364,0.8309407873230535,0.4709941564505933,0.4783256510004581,0.5178674981384735,-1.222320704926808,1.8873285925166765,0.9782985815392071,0.9073525051786426,0.9995956280513032,1.0071065647376263,0.9938884052774812,0.9771046965738508,0.9983948217414025,0.9989491070947045,0.0024752999999999997,1.0,0.4715120063763356,0.022200000000000004,0.149553513097907,0.57,0.8556288707523761
0.21540090302880485,0.00011983870967741934,36.132412060148226,-295.23424708330595,-300.83728505617916,-0.48721173243385474,-1.1269758739742077,0.7207541695870082,1.200034750955151,-0.28610876831907434,0.30840878629100116,0.4863467888853361,0.05420219387425417,0.19724678955559075,0.8045180739227927,0.5002185079292372,0.43925593544730374,0.44214512659106053,-1.0943162011475838,1.790692047196481,0.9757676603746422,0.9164767434450153,0.9997473749428348,1.0099309249848574,0.9990275068478033,0.9857409838800645,0.9984879501351578,0.9990819966521429,0.0024752999999999997,1.0,0.4826329983070574,0.022200000000000004,0.149553513097907,0.57,0.8556288707523761
0.2246142261192784,0.00011983870967741934,30.177063287073224,-292.9746356281815,-297.85961066964165,-0.4854312272716294,-0.987345816294034,0.7021600736991991,1.1456713637860898,-0.2353862637737953,0.29690231278316864,0.4689510416780548,0.06727892688830248,0.17754285048183424,0.7790652981769383,0.5295145428326377,0.400911666600037,0.3687479431011127,-0.9677517068680821,1.7001475770584626,0.9727454137010184,0.9255799330094986,0.9999014192283705,1.0128340686593598,1.004279046171167,0.9945086255520043,0.9985845236416911,0.999211319579108,0.0024752999999999997,1.0,0.4937539902377792,0.022200000000000004,0.149553513097907,0.57,0.8556288707523761
0.23396377854576186,0.00011983870967741934,25.132411939835833,-291.0730441439804,-295.33728499602296,-0.48391637653981595,-0.85034526368367,0.6840007535018678,1.0926651725832501,-0.1851405470308254,0.28543205904707997,0.4516344040003649,0.08107787972498144,0.15796454830678286,0.7546496863485406,0.5584438139179513,0.36410258507841337,0.29730148995684574,-0.8425478185574476,1.6160114635104528,0.9692348820048,0.9346438956843868,1.0000567628715238,1.0155859853110065,1.0095813391608235,1.003350358838721,0.9986668757506223,0.9993332489823064,0.0024752999999999997,1.0,0.504874982168501,0.022200000000000004,0.149553513097907,0.57,0.8556288707523761
0.24344493522068753,0.00011983870967741934,20.984288107881184,-289.5255215357315,-293.26322308004563,-0.4832619344941605,-0.7170931260456013,0.6662101211070206,1.0411493760078494,-0.13541887412564993,0.27424467750760556,0.43520027400534633,0.09454997034774221,0.1389249503714288,0.7311952267069414,0.5876868357501353,0.3278792245768873,0.22818953102096357,-0.7187146984599428,1.537765087241057,0.9652455647916011,0.9436352273894197,1.0002132448707044,1.0184001929518627,1.0149402976793636,1.012257129174706,0.9987514287533575,0.9994539539636137,0.0024752999999999997,1.0,0.5159959740992227,0.022200000000000004,0.149553513097907,0.57,0.8556288707523761
0.25305300595378105,0.00011983870967741934,17.721585801413994,-288.3306515095585,-291.63187192681204,-0.4834906667683973,-0.5876141751600298,0.6489575720007414,0.9912851847980368,-0.08586098831453706,0.2633263388127662,0.4193761805565334,0.10828151503533517,0.1201409171235202,0.7086186939952654,0.6168407770147163,0.2924248034444177,0.16145033820076313,-0.5962060448097625,1.465465379220318,0.9607805696501373,0.9525348629251366,1.0003699922933174,1.0211281382123762,1.020324516530922,1.0211792200730159,0.9988288335993754,0.9995694722200806,0.0024752999999999997,1.0,0.5271169660299445,0.022200000000000004,0.149553513097907,0.57,0.8556288707523761
0.26278323777222945,0.00011983870967741934,15.336348364892274,-287.48932095599133,-290.4392532085512,-0.4840019977373981,-0.46179209728627146,0.6318719466750258,0.9424740025061035,-0.036364481938836346,0.2524869252006972,0.40383839028769347,0.12220970424811653,0.101797749226661,0.6871543709992101,0.6461047904683024,0.257510717496026,0.09669484364335033,-0.47462550835303313,1.3994327984611916,0.9558457916692347,0.9612818114998817,1.000526234747199,1.0238160839970296,1.0256990920134843,1.0300726226250856,0.9989009995095903,0.9996802558783225,0.0024752999999999997,1.0,0.5382379579606663,0.022200000000000004,0.149553513097907,0.57,0.8556288707523761
0.2726308172719081,0.00011983870967741934,13.823896270586488,-287.00340092903156,-289.6830271613983,-0.48538173940640184,-0.3402946391727907,0.6141757042919714,0.8950769990814884,0.013359368099106256,0.2414778055383527,0.38921150321452375,0.1361988716969498,0.08367594777557957,0.6665160837132378,0.6758064968582966,0.22240625003514236,0.03438679421188231,-0.3535506496163697,1.3394358316803763,0.9504457659200223,0.9698899713132043,1.0006818561206021,1.0266441712984182,1.031076556199843,1.0389309489738354,0.9989766931683501,0.9997861721714543,0.0024752999999999997,1.0,0.549358949891388,0.022200000000000004,0.149553513097907,0.57,0.8556288707523761
0.2825908729985017,0.00011983870967741934,13.182967161833062,-286.8754393238363,-289.3625626070216,-0.48745488258112696,-0.22329966982592525,0.5972835140747897,0.8488365021114791,0.06291251361402586,0.23082657689222286,0.37481542229808856,0.15064132096305174,0.06580698796447362,0.646877810851685,0.7055467095973791,0.18775226932140468,-0.025956523357194915,-0.23346385101987188,1.2855717851483408,0.9446008389576905,0.9783096607376448,1.0008351082392104,1.0292831313363062,1.0363751141517394,1.04765432555954,0.9990409016784898,0.9998870296289766,0.0024752999999999997,1.0,0.5604799418221098,0.022200000000000004,0.149553513097907,0.57,0.8556288707523761
0.29265847785734184,0.00011983870967741934,13.415897631724647,-287.11067213147464,-289.47902784196737,-0.49060707684094007,-0.11101218958296134,0.580614211858445,0.8035221806871958,0.11269111701691117,0.2203476714293097,0.3609420161779614,0.16553317258616881,0.04816089625602632,0.6283086355785403,0.7358476724803177,0.15320092047790237,-0.0840018924968809,-0.11355516896327215,1.2378250768761476,0.938316555774004,0.9865195909406266,1.0009865012023347,1.0318652321686204,1.0416242882067763,1.0562719484888334,0.999099293178169,0.9999829878978591,0.0024752999999999997,1.0,0.5716009337528316,0.022200000000000004,0.149553513097907,0.57,0.8556288707523761
0.3028286515507688,0.00011983870967741934,14.528766584505888,-287.71806272868287,-290.035462318358,-0.4938563983236874,-0.0037512703632370204,0.5629433295609336,0.7600283103547767,0.16284362780983652,0.20932150188288895,0.34752581838083113,0.18042225288184127,0.030393523055721534,0.6102616795746226,0.7663898685980933,0.11792948418097925,-0.13978082800435204,0.006052118165099078,1.1957964660643747,0.9316115343245326,0.9944392102658595,1.001134068275702,1.0346039641021942,1.0467478601296012,1.064671710994381,0.9991611031632835,1.000073305922277,0.0024752999999999997,1.0,0.5827219256835534,0.022200000000000004,0.149553513097907,0.57,0.8556288707523761
0.31309636304181315,0.00011983870967741934,16.51880647617554,-288.6989702978372,-291.0304822641928,-0.49756330924986075,0.09808450545548843,0.5461683272977144,0.7173185928561903,0.21347614162640927,0.19902835295213375,0.3349013642492124,0.19602317245005654,0.012870166093170361,0.5933857604628575,0.7977531272250775,0.08273951224559511,-0.19320639438643664,0.12596234593776673,1.1597759781740549,0.9244938261547366,1.0019493502991756,1.0012726530605858,1.037138947541688,1.0516472301277924,1.0725615793578671,0.9992073862520366,1.000131510582774,0.0024752999999999997,1.0,0.5938429176142752,0.022200000000000004,0.149553513097907,0.57,0.8556288707523761
0.3234565330429751,0.00011983870967741934,19.387704945244195,-290.0577521045579,-292.46493149872714,-0.50218756638963,0.19539280504214834,0.528779026090816,0.6759330316948052,0.26460785808345927,0.18835322803693041,0.3226608700140592,0.21203865786447154,-0.0047348066379933685,0.5775591706920051,0.8299687419720094,0.04656880121960224,-0.24438374222816212,0.24643163053076875,1.129878655348226,0.9169801976688849,1.0091468042361897,1.0014074559839088,1.0397418635514704,1.05642261065014,1.080236056326262,0.9992526808032558,1.0001850667141234,0.0024752999999999997,1.0,0.6049639095449969,0.022200000000000004,0.149553513097907,0.57,0.8556288707523761
0.33390403652887574,0.00011983870967741934,23.157416152374935,-291.809210247145,-294.3497871022925,-0.5075005236704357,0.28780674080293395,0.5110631036403965,0.6355170190269005,0.3163294463443358,0.1775944256590761,0.3108862278083228,0.22858878770610158,-0.022415938992613477,0.5625639551455366,0.8628623208287105,0.009558302157349447,-0.29326363983902776,0.3675620334713095,1.1061589675538936,0.9090897713837027,1.0160087434175833,1.001536726082265,1.0423364503047343,1.0610017733454475,1.087595274238438,0.9992944283421199,1.0002351713641906,0.0024752999999999997,1.0,0.6160849014757187,0.022200000000000004,0.149553513097907,0.57,0.8556288707523761
0.3444337052715314,0.00011983870967741934,27.85417100247321,-293.9698216820935,-296.69816452734165,-0.5137526073978647,0.3749615405387458,0.4921735430492903,0.5963116828788915,0.36865012045832385,0.1663588269607279,0.2997126565308611,0.245806738897524,-0.040608201300140936,0.5483899238384153,0.8967338979246462,-0.02834769293351484,-0.33956195029296915,0.48925445363666026,1.0883985447864875,0.9008420970856387,1.0225061495948555,1.0016604210022897,1.045011829838636,1.0653901352566495,1.094636927482174,0.9993355067474348,1.000280867604114,0.0024752999999999997,1.0,0.6272058934064405,0.022200000000000004,0.149553513097907,0.57,0.8556288707523761
0.3550403303970013,0.00011983870967741934,33.50848741684206,-296.55631088423894,-299.52532273452607,-0.5207140537604574,0.4569423623250375,0.47355880403468203,0.5580581884884884,0.4219129752687003,0.155055846767703,0.28849624635179727,0.2635053632130916,-0.058749770177575183,0.5355079673454641,0.931937480083459,-0.06725312465016033,-0.3842226900281855,0.6121000014483464,1.0769851139152995,0.8922535432356665,1.02860897637771,1.0017763917248812,1.0476611429248883,1.0695017700555045,1.1012385085174698,0.9993706816610873,1.000323670815646,0.0024752999999999997,1.0,0.6383268853371622,0.022200000000000004,0.149553513097907,0.57,0.8556288707523761
0.36571866496214184,0.00011983870967741934,40.15522770210828,-299.59150243547276,-302.8486928771592,-0.5277889566225973,0.5328328802565633,0.45493488474735244,0.5197805264579509,0.47624837303953205,0.1441886478658003,0.2781739618402209,0.28215300049066205,-0.07665177162951406,0.5229049558433321,0.9671704703010762,-0.10764125671761444,-0.42697461917910196,0.7364509908919562,1.071351403200021,0.8833599303125834,1.0343043787792654,1.0018856485904821,1.050188818275375,1.073367351992576,1.1074574748597954,0.9993999656449547,1.0003638194452291,0.0024752999999999997,1.0,0.649447877267884,0.022200000000000004,0.149553513097907,0.57,0.8556288707523761
0.37646342655019266,0.00011983870967741934,47.8337336638416,-303.0945681277345,-306.68794585802584,-0.5356194026821565,0.6033438966056589,0.43568164854839,0.48279226445548606,0.5315399260398914,0.13290148448691697,0.26779723058037125,0.30098491437967206,-0.09472614784374928,0.5116094782830422,1.0036813444535437,-0.14962777088470683,-0.4671533325179294,0.8622348487328553,1.0723940076141814,0.8741550144542738,1.039542960407445,1.001987402935215,1.0527475148701142,1.0769686824695752,1.113249089967073,0.9994268709264956,1.000400328658266,0.0024752999999999997,1.0,0.6605688691986058,0.022200000000000004,0.149553513097907,0.57,0.8556288707523761
0.3872692998839115,0.00011983870967741934,56.587972925225586,-307.091566025205,-311.06506548871783,-0.5446626980845506,0.6672208980151729,0.4151524836183658,0.4463449251278207,0.5878829938849537,0.12100484084781032,0.2581127706322729,0.32134882741816767,-0.11381139699519059,0.5013040450162994,1.0423922328108908,-0.1919411333463051,-0.5052502665970234,0.9892523263411904,1.0792855868179563,0.8646801900313283,1.0443225871231105,1.002077473630878,1.055465459572388,1.080164594594399,1.1183754250405835,0.9994518660424984,1.000432375627101,0.0024752999999999997,1.0,0.6716898611293276,0.022200000000000004,0.149553513097907,0.57,0.8556288707523761
0.3981309394549647,0.00011983870967741934,66.46675499940898,-311.60940467672117,-316.00445652580953,-0.5543259267476496,0.7245030797825418,0.3929410915087916,0.41135276125332215,0.646570365317674,0.10870090746919472,0.2487226587381304,0.342045847375764,-0.13294162996479852,0.49151093009667196,1.0804870316554032,-0.2377262471578187,-0.5405186815659252,1.1168935896004804,1.0929525149442334,0.8549227215722719,1.0485622493185456,1.0021618480592396,1.0580334469518096,1.0831657849045129,1.1231774024091692,0.9994750359170718,1.0004597780307267,0.0024752999999999997,1.0,0.6828108530600494,0.022200000000000004,0.149553513097907,0.57,0.8556288707523761
0.4090429721682723,0.00011983870967741934,77.52400011607472,-316.67098515453245,-321.5330790841424,-0.5640333471304824,0.776925309252725,0.3728528810894883,0.37606860718982726,0.7052177768620936,0.09699800431652598,0.23953325225731142,0.3633749806210242,-0.1520429809052352,0.4825353062899889,1.1211867798827582,-0.28332883238607076,-0.5748707643975801,1.2490941231501826,1.1112961668271533,0.8449627745248421,1.052359739568605,1.0022356696287094,1.0607462860823893,1.085775966557381,1.1273781218690964,0.9994902556314811,1.0004870882694852,0.0024752999999999997,1.0,0.6939318449907712,0.022200000000000004,0.149553513097907,0.57,0.8556288707523761
0.41999999999999993,0.00011983870967741934,89.8192123867874,-322.30768911440447,-327.68068521949874,-0.5752487126966309,0.8218962780509697,0.3503831571042623,0.3412146210828185,0.7667392285614603,0.08443077843858217,0.2304916873891975,0.3858804833085829,-0.17199140407804567,0.4748570910321047,1.163747216343105,-0.3317681051856331,-0.6071758555971712,1.383209156281824,1.1371568535141585,0.8347654431556988,1.0556478163214864,1.0022969139285738,1.0634374588149464,1.0879581003932415,1.1308629200039304,0.9995041868534,1.000509331961142,0.0024752999999999997,1.0,0.7050528369214929,0.022200000000000004,0.149553513097907,0.57,0.8556288707523761
0.18,0.00012387096774193546,67.12795724542468,-306.8485617134095,-316.3350576488174,-0.5300123863216487,-1.7202381223375185,0.7957622524478223,1.428085338414652,-0.4483096977722681,0.35475747582987327,0.5675794515290198,0.016482060702649928,0.27698502421442145,0.9265782731598498,0.4154926929491933,0.5882078231503421,0.7589292267092245,-1.5125778742657252,2.242821484658391,0.965290187932557,0.8795607510726854,0.9991388972784545,1.0011386479989612,0.9788347047158048,0.9511187023481591,0.9980703227656376,0.9985280368095059,0.0024752999999999997,1.0,0.4381490305841703,0.022200000000000004,0.149553513097907,0.57,0.8556288707523761
0.18862353629575357,0.00012387096774193546,57.93606083381121,-303.3785765013898,-311.73910944301065,-0.5237638576974823,-1.5706087856795603,0.7747630165440988,1.3677327947857179,-0.3988337026998053,0.3421247822371327,0.5471169198103897,0.028709704815363574,0.2550519206202884,0.8962192893706115,0.44291658150548574,0.5447063377960661,0.6771865385119221,-1.387625750814313,2.128593228631146,0.9652454137562596,0.8885939161992585,0.9992832107605332,1.0037867589256415,0.9836605787399788,0.9593306394076423,0.9981801781518654,0.9986685255219535,0.0024752999999999997,1.0,0.4492700225148921,0.022200000000000004,0.149553513097907,0.57,0.8556288707523761
0.197401105998178,0.00012387096774193546,49.678974673586254,-300.2637960548906,-307.61056636289817,-0.5180941381442247,-1.4232627398120377,0.7543902274554961,1.3091872135648603,-0.34970705295410953,0.32978542329525207,0.5273511252555246,0.04126289782141186,0.23380444312480045,0.8676835990060161,0.47058307929229803,0.5031550972718856,0.5981198713972434,-1.263577654173152,2.020344880668981,0.964669880024982,0.8976677284937011,0.9994294873375118,1.006441888871923,0.9885614028410243,0.9676545305817348,0.9982823068563654,0.9988052830160367,0.0024752999999999997,1.0,0.46039101444561387,0.022200000000000004,0.149553513097907,0.57,0.8556288707523761
0.20632836697123808,0.00012387096774193546,42.335767794336675,-297.50087545843445,-303.9389629232734,-0.5129028722660323,-1.2774933950534848,0.7349767977958711,1.2526090163409198,-0.30112983813839633,0.31776051478906603,0.5081925956836997,0.05394729416832791,0.21288838504062468,0.8400992757700286,0.498258028937375,0.46350105700583843,0.5210856583351685,-1.1406138047034156,1.917676248758517,0.9635849969321278,0.9067833714025255,0.9995782965520851,1.0090832899416093,0.9935380648111487,0.976122431574171,0.998378896330014,0.9989440772753906,0.0024752999999999997,1.0,0.4715120063763356,0.022200000000000004,0.149553513097907,0.57,0.8556288707523761
0.21540090302880485,0.00012387096774193546,35.88809746102686,-295.0821299132771,-300.7151277566185,-0.5087698735795441,-1.1347868724462022,0.7158793116314841,1.196842955705433,-0.2528118933281496,0.3059236028915129,0.48972967938758266,0.06626296804753358,0.19297153124782737,0.8132219764762431,0.5258250742885812,0.4240279272535504,0.4456212035143009,-1.018455132393023,1.8221425993880191,0.9619753966646292,0.9159031263828759,0.9997310984108613,1.0118260525553697,0.9987120387500277,0.9848186732254123,0.9984802768916486,0.9990760693292728,0.0024752999999999997,1.0,0.4826329983070574,0.022200000000000004,0.149553513097907,0.57,0.8556288707523761
0.2246142261192784,0.00012387096774193546,30.320108288862343,-293.00427856009696,-297.9311331705362,-0.5052729772755163,-0.9943277001566742,0.6974948970347817,1.1431775502134076,-0.20463020947232932,0.2944739083010521,0.4719854632891303,0.07903417546625771,0.17308068388538622,0.7873032259124065,0.5532173518447985,0.3867571349284534,0.37310327567723184,-0.8977438396228797,1.7315710367699428,0.9598524986066123,0.9249997044331644,0.9998849872105086,1.01445386508691,1.003916808454926,0.9935766852678439,0.9985699986933428,0.9992057147104013,0.0024752999999999997,1.0,0.4937539902377792,0.022200000000000004,0.149553513097907,0.57,0.8556288707523761
0.23396377854576186,0.00012387096774193546,25.618470776264417,-291.2636623781589,-295.58031441423725,-0.5024022731796934,-0.8572351529621336,0.6795179590623435,1.090796158599542,-0.15667747204315452,0.2831927125137003,0.45475258890908027,0.09182733472969809,0.15376542793324985,0.7625744038248534,0.5808736136570344,0.3501876543356257,0.302326453965519,-0.7778639751220007,1.6472724328454273,0.957210600538315,0.9340606677199502,1.0000407171778838,1.0171017404767995,1.0092085457936752,1.002439904110863,0.9986567779873947,0.9993303981479517,0.0024752999999999997,1.0,0.504874982168501,0.022200000000000004,0.149553513097907,0.57,0.8556288707523761
0.24344493522068753,0.00012387096774193546,21.77240774527263,-289.85890004973777,-293.65728289874136,-0.5003936735804747,-0.7236149776027674,0.6619555783365181,1.0397775349631555,-0.10883801079674281,0.2721278460902412,0.43806414475993094,0.1047901819741133,0.13482677674277843,0.7387355585872561,0.6085066071970564,0.3144264658624735,0.23365205504375233,-0.6589761407323473,1.5689451512103487,0.9540565546955898,0.9430510051834385,1.00019745949324,1.0197035801645347,1.014554617334462,1.0113610471051262,0.9987381508621472,0.9994503561598526,0.0024752999999999997,1.0,0.5159959740992227,0.022200000000000004,0.149553513097907,0.57,0.8556288707523761
0.25305300595378105,0.00012387096774193546,18.7738206992625,-288.7900116827745,-292.1579893757363,-0.4989831700611929,-0.5936231681421938,0.6445250953109757,0.9900682635247031,-0.060978071043603456,0.26115197054423356,0.42208050096453514,0.11793581208661372,0.11630226376306682,0.7158090985830196,0.6363683368720271,0.27922193753113916,0.16706958453700307,-0.5406924818852978,1.4966869188127898,0.9503912967883921,0.9519388410311364,1.0003544841214869,1.0223635962703401,1.019928766924487,1.0202985134965639,0.9988184188624899,0.9995659666136039,0.0024752999999999997,1.0,0.5271169660299445,0.022200000000000004,0.149553513097907,0.57,0.8556288707523761
0.26278323777222945,0.00012387096774193546,16.617439439442137,-288.05837182820954,-291.0797987458261,-0.49850452419021696,-0.4677160591957091,0.6270837998851622,0.9415790057209817,-0.01302326373129202,0.25025355050869036,0.40667136778686264,0.13117745379516532,0.09804766454867542,0.693852763570254,0.6645727951866056,0.24434192329984905,0.10259835169689223,-0.423144436929279,1.4302319650645101,0.9462277352174255,0.9607130524085885,1.000511324709678,1.0250318380202115,1.025316238616985,1.0292257442097053,0.9988959330758553,0.9996768160459649,0.0024752999999999997,1.0,0.5382379579606663,0.022200000000000004,0.149553513097907,0.57,0.8556288707523761
0.2726308172719081,0.00012387096774193546,15.300998570643173,-287.66634712968374,-290.42157831142663,-0.4986542587585035,-0.34589233998193064,0.6099279597443142,0.8944387555644017,0.035170164784452417,0.23948825754031647,0.39169076622630344,0.1447229873056906,0.08007701738338224,0.6728837265569463,0.6928980744573202,0.20993347229187778,0.04040511235218423,-0.3061667641555366,1.3697407389597884,0.9415709112883162,0.9693214695612192,1.0006670376167668,1.0276476806782795,1.0306744064483728,1.0380888401961383,0.9989671672925404,0.9997827438441919,0.0024752999999999997,1.0,0.549358949891388,0.022200000000000004,0.149553513097907,0.57,0.8556288707523761
0.2825908729985017,0.00012387096774193546,14.825420285842142,-287.61854112425846,-290.1837891690261,-0.49970761331074615,-0.22869679482200192,0.5930596141342293,0.8483823172484511,0.08343251661815013,0.2289196740899159,0.37721485405161936,0.15861745643927364,0.062287920395750124,0.652843916283839,0.7215918451653529,0.17571328689802065,-0.019801830500091464,-0.18968758034992156,1.3150766172426493,0.936437143225268,0.9777458220906957,1.0008205915885902,1.0301962878975481,1.0359700915692052,1.0468291091473436,0.9990322111266327,0.9998836613331759,0.0024752999999999997,1.0,0.5604799418221098,0.022200000000000004,0.149553513097907,0.57,0.8556288707523761
0.29265847785734184,0.00012387096774193546,15.194990040222024,-287.9210812792483,-290.36857404621605,-0.5012732628741612,-0.11606993713961386,0.5759454032394797,0.8035253574570247,0.13220054398839678,0.21827505759700352,0.3633293337205655,0.1729547396261703,0.04476474890617735,0.6338009082753808,0.7506169147476615,0.14139964850065875,-0.07773621202868142,-0.07339047488384656,1.2664880358572457,0.9308315093342929,0.9859411379883419,1.0009718087354382,1.0327735065710117,1.04119493218951,1.0554363673654454,0.9990948606473906,0.9999795706804925,0.0024752999999999997,1.0,0.5716009337528316,0.022200000000000004,0.149553513097907,0.57,0.8556288707523761
0.3028286515507688,0.00012387096774193546,16.41750298520219,-288.58152697455546,-290.97983051870614,-0.5036311619365907,-0.008572980672969872,0.5592573739506672,0.7597980710016999,0.18094943570409755,0.207843536998492,0.34984616444739147,0.18754123781317197,0.027315891198399184,0.6155519922565212,0.7801400562275335,0.10689380498043359,-0.1335071827236349,0.043083483361020726,1.223836211943894,0.9247715475625543,0.9939057490440304,1.001120432372783,1.0352868906719557,1.0463402056970599,1.0638959852025816,0.9991513575240525,1.0000703955021875,0.0024752999999999997,1.0,0.5827219256835534,0.022200000000000004,0.149553513097907,0.57,0.8556288707523761
0.31309636304181315,0.00012387096774193546,18.492808917176717,-289.6046191109174,-292.0174834846934,-0.5071018515761958,0.09359671614096,0.5394258522327011,0.7182184421459297,0.23021867279113495,0.1967332095995814,0.3383559999749633,0.20231839258095038,0.008485816788006815,0.598438534810002,0.8121831530188754,0.07099470164006988,-0.18614098285283404,0.15907540961859645,1.1866111697741375,0.9182690727582126,1.0014335898874303,1.0012591831077085,1.038140116885902,1.0512525716487606,1.0717953430110483,0.9992148889570194,1.0001277333988623,0.0024752999999999997,1.0,0.5938429176142752,0.022200000000000004,0.149553513097907,0.57,0.8556288707523761
0.3234565330429751,0.00012387096774193546,21.42243120997125,-290.99432763955406,-293.48229463109067,-0.5101944109727963,0.1910643879032234,0.5249631153117442,0.6759016573805272,0.2805961377434543,0.18686368757626792,0.3247116283005122,0.2181565285490569,-0.007612451751558235,0.5823153315387483,0.8419862178271315,0.03613349287805821,-0.23781508587431388,0.2777299445908174,1.1560256229424146,0.9113383827173605,1.008645921820785,1.0013947934551204,1.040306263014192,1.0560256449246412,1.079515293275965,0.9992458991940637,1.0001835952563394,0.0024752999999999997,1.0,0.6049639095449969,0.022200000000000004,0.149553513097907,0.57,0.8556288707523761
0.33390403652887574,0.00012387096774193546,25.229270814130018,-292.76413430778246,-295.38571443317005,-0.5157077841501796,0.2838772105575008,0.5051685169628044,0.6360016417625011,0.3306870739070379,0.17538642036802318,0.313413916908862,0.23431003168411477,-0.026258522739711188,0.5672524920401225,0.8751302553371308,-0.001203557381930867,-0.28571567929127173,0.39622232021420484,1.1315817839762956,0.9039872037886776,1.0155288034777898,1.0015248157061947,1.043080244777402,1.0606434959978475,1.0869174962099823,0.999296782128244,1.0002316555492776,0.0024752999999999997,1.0,0.6160849014757187,0.022200000000000004,0.149553513097907,0.57,0.8556288707523761
0.3444337052715314,0.00012387096774193546,29.940144564880597,-294.9326381815034,-297.74115130854534,-0.520995764740148,0.3712576107273223,0.4865693534877779,0.5967276516326788,0.3823411454066054,0.16432742280057624,0.3019115491555685,0.2510125340784013,-0.043829146514175785,0.5535393907508454,0.9081454549738339,-0.03911282690610883,-0.33210620487071874,0.5150908340157261,1.112794081241211,0.896274381102865,1.0220419227898991,1.0016501816600665,1.0455933231418633,1.065080067856659,1.0940541184645654,0.9993361025399504,1.0002776697652276,0.0024752999999999997,1.0,0.6272058934064405,0.022200000000000004,0.149553513097907,0.57,0.8556288707523761
0.3550403303970013,0.00012387096774193546,35.58598966727811,-297.51829403901064,-300.5640738597441,-0.5261418587741661,0.4535383346931294,0.4705680367689534,0.5579373844634472,0.4344878685607484,0.15404527642015445,0.29040081321764843,0.26844212398501605,-0.060957157848060425,0.5394943798585744,0.9412322234995123,-0.07678868402094045,-0.3778424091197618,0.6362451687663526,1.0995795123114054,0.8881956360931277,1.028175969164374,1.001766443501494,1.047993388989543,1.0691737574983198,1.1006718393733885,0.9993642289060473,1.0003230227025883,0.0024752999999999997,1.0,0.6383268853371622,0.022200000000000004,0.149553513097907,0.57,0.8556288707523761
0.36571866496214184,0.00012387096774193546,42.202023846941415,-300.5409478418469,-303.87209094957575,-0.5325127672355642,0.5298178791323679,0.4516157441405573,0.5203209641174874,0.48758258618878686,0.1428788566607461,0.2797853510562493,0.28653400311178934,-0.07890757216694423,0.5268229524138919,0.9757681058124206,-0.11653228650132957,-0.42037765517070397,0.7574657570999997,1.0928384875499626,0.8797672063637274,1.0338828732722745,1.0018766654679823,1.0505309034129657,1.0730704644095408,1.1069457215119949,0.9993961793419966,1.0003624758885108,0.0024752999999999997,1.0,0.649447877267884,0.022200000000000004,0.149553513097907,0.57,0.8556288707523761
0.37646342655019266,0.00012387096774193546,49.82776372620742,-304.02316074451466,-307.68496088920875,-0.540042732794433,0.6000930061417704,0.43172553779466066,0.4835755083965454,0.5412969577178975,0.13125542817045852,0.26940523278129264,0.3051423729024772,-0.09718094763296618,0.5155001514796974,1.0117521477679123,-0.15795353905645879,-0.46039570442251204,0.8803081397794471,1.0918815519222513,0.871017414057928,1.0391752770299856,1.0019766226448994,1.053086834945615,1.0766078564290567,1.11263504522476,0.99942555611616,1.0003978171500434,0.0024752999999999997,1.0,0.6605688691986058,0.022200000000000004,0.149553513097907,0.57,0.8556288707523761
0.3872692998839115,0.00012387096774193546,58.50733171842933,-307.98390072963025,-312.0247448853197,-0.5480412851108429,0.6649085831600889,0.41251499889936505,0.4469923265403626,0.5972313090273079,0.1200797482922818,0.25953637438397137,0.3248435917031538,-0.11571776867237879,0.5041020624312281,1.0488617812197971,-0.2003239439282329,-0.49932548538574834,1.0063888093835498,1.0977540953909808,0.8619481280741965,1.0439660686030874,1.0020705504220344,1.0556544005775328,1.0799293929751774,1.1179808323586296,0.9994482308933567,1.0004316008540022,0.0024752999999999997,1.0,0.6716898611293276,0.022200000000000004,0.149553513097907,0.57,0.8556288707523761
0.3981309394549647,0.00012387096774193546,68.28980335283575,-312.4558407662539,-316.9159807025229,-0.5571359424760552,0.7231156754849695,0.39188289747544586,0.4115500231971274,0.6538985152702859,0.10815939791026093,0.24985728979076144,0.3451573319988631,-0.13467773950031844,0.4941662131362809,1.0873969604092661,-0.24421945332327902,-0.535674560191341,1.1332593256204393,1.1092067987467784,0.8526058763839167,1.0482672603185959,1.0021540788359744,1.0582664460970874,1.0828903741730105,1.1227345145676344,0.9994696747524888,1.000460568612576,0.0024752999999999997,1.0,0.6828108530600494,0.022200000000000004,0.149553513097907,0.57,0.8556288707523761
0.4090429721682723,0.00012387096774193546,79.2293914596197,-317.46603804324724,-322.3857747559149,-0.566021345976153,0.7747681888362155,0.37116046064593583,0.3761240257445736,0.7120236776687382,0.09661588357859087,0.240801679874777,0.36606366827979425,-0.15320144389767196,0.4848503111797536,1.1262630905915336,-0.28997641973119936,-0.5703796619571628,1.2621708346823948,1.1272004473136152,0.8430004581326054,1.052080699850887,1.0022274945152634,1.0608069321269533,1.0854819667717737,1.126912111349086,0.9994863781812541,1.0004871491082812,0.0024752999999999997,1.0,0.6939318449907712,0.022200000000000004,0.149553513097907,0.57,0.8556288707523761
0.41999999999999993,0.00012387096774193546,91.38580666777682,-323.0451072149882,-328.46398235999345,-0.5758370469283843,0.8196222596062375,0.3494892273703578,0.34162270008806883,0.7718776510440835,0.08450125829027948,0.23182195857064897,0.3877805376207141,-0.17238316604734466,0.4764701046630385,1.166757775985383,-0.3370569010499509,-0.6027678361323281,1.3930305393796272,1.1505121764202768,0.8331640572308966,1.0553766575200583,1.0022903288515013,1.063467335874121,1.0877060944186914,1.130487272342999,0.9995003546889903,1.0005098737156288,0.0024752999999999997,1.0,0.7050528369214929,0.022200000000000004,0.149553513097907,0.57,0.8556288707523761
0.18,0.0001279032258064516,65.15645398746324,-305.9275895017006,-315.34930601983666,-0.5569721126706767,-1.7280097795119598,0.7876330200645075,1.418597923129025,-0.3959177249203279,0.35057157726287114,0.5703582326037606,0.034955991565720906,0.2694130415439323,0.9370845570424557,0.45399362603631077,0.5655033705006096,0.7571477987662018,-1.393873747535584,2.2673140520332407,0.9483273481745269,0.8790288486098012,0.9991219725142014,1.0041171501345212,0.9785464709101619,0.9501606039145287,0.9980518749097052,0.9985244392860094,0.0024752999999999997,1.0,0.4381490305841703,0.022200000000000004,0.149553513097907,0.57,0.8556288707523761
0.18862353629575357,0.0001279032258064516,56.55262427311163,-302.7205682593644,-311.04739116266086,-0.5484760634733143,-1.5787886491005343,0.7673590618817825,1.359647576231907,-0.35133572956820464,0.3382159801056661,0.5498490818768026,0.04594308787241277,0.24767675460759828,0.9063146646928595,0.47907004742582143,0.5237240093234015,0.6762043708343043,-1.2784470387818516,2.154447200777485,0.9492271463986521,0.8880701336239747,0.9992646511563071,1.0064954593468243,0.9832731503707264,0.9582787044222713,0.9981615735401286,0.9986660429270384,0.0024752999999999997,1.0,0.4492700225148921,0.022200000000000004,0.149553513097907,0.57,0.8556288707523761
0.197401105998178,0.0001279032258064516,48.82034457105033,-299.845173038296,-307.1812513116302,-0.5416192399363996,-1.4301285788136096,0.7475447734111828,1.3017456950950703,-0.3060099181553204,0.32608519849352197,0.5300343771503414,0.05704366722421812,0.22718655083273503,0.8764738070539286,0.5034453151133175,0.4829358051935663,0.5976025467485612,-1.1634765360368404,2.0481355614074004,0.9495720403983627,0.8971371315282749,0.9994143151741869,1.0089510345422765,0.9882864441542157,0.9667952593163187,0.9982716076992341,0.9988054985986891,0.0024752999999999997,1.0,0.46039101444561387,0.022200000000000004,0.149553513097907,0.57,0.8556288707523761
0.20632836697123808,0.0001279032258064516,41.94468338890624,-297.2953629296947,-303.74342072055816,-0.5349003685516295,-1.2843727139314327,0.7281779043132993,1.245663687735085,-0.2602860350369856,0.31422068504795453,0.510871300968861,0.06835423976771406,0.2068259925312897,0.8479307433278771,0.5285429681931482,0.44425372517359357,0.5213093092795309,-1.0487386629073958,1.946856907196567,0.949382206587644,0.9062466475913524,0.999564284124084,1.011447109590606,0.9933052904105326,0.9753291577956674,0.9983747276985466,0.9989420172610057,0.0024752999999999997,1.0,0.4715120063763356,0.022200000000000004,0.149553513097907,0.57,0.8556288707523761
0.21540090302880485,0.0001279032258064516,35.91267033143026,-295.06614517023826,-300.7274141918202,-0.5292161611677801,-1.1413361759311837,0.7096402569861376,1.1914187506734004,-0.2153172178147874,0.302747152145232,0.4923415139805609,0.07995959729367887,0.18694680119649418,0.8211588061432328,0.5539221213630575,0.40654972803971945,0.4474079706316462,-0.9347158792517195,1.8509485252848252,0.9486521677407549,0.9153574638910303,0.9997152780389663,1.0138202449624645,0.9983691923244638,0.9839216003184511,0.9984668285203357,0.9990741021115727,0.0024752999999999997,1.0,0.4826329983070574,0.022200000000000004,0.149553513097907,0.57,0.8556288707523761
0.2246142261192784,0.0001279032258064516,30.713277812030015,-293.157490934248,-298.12771793212005,-0.5242880577918162,-1.0011001466353873,0.6916024396242136,1.1385328791297182,-0.17002235530395365,0.2914880535588228,0.4744586548692761,0.09171312033358314,0.1675606316822202,0.7951676994666552,0.5794041730800163,0.36988494422238594,0.37547430485087013,-0.8208413915755122,1.7610650251718194,0.9473727148713533,0.9244546707442426,0.9998696262936841,1.0162478324501285,1.0035751596200309,0.9927054503062129,0.9985567321770074,0.9992023888220856,0.0024752999999999997,1.0,0.4937539902377792,0.022200000000000004,0.149553513097907,0.57,0.8556288707523761
0.23396377854576186,0.0001279032258064516,26.33743736130191,-291.56888171650485,-295.939797706756,-0.520280519745283,-0.8637809200691916,0.6735992441576448,1.0865464305760377,-0.12447898736698987,0.2802959596745331,0.4572584194668149,0.10358589136146447,0.1486001078207253,0.7697892664279467,0.6051700240062649,0.3338654401630902,0.3052164835836483,-0.7071660479164319,1.6772606320381285,0.9455476796967551,0.9335156740403533,1.0000256788072206,1.0187807914358593,1.0088694847341042,1.0015868012906868,0.9986479627138382,0.9993269421436561,0.0024752999999999997,1.0,0.504874982168501,0.022200000000000004,0.149553513097907,0.57,0.8556288707523761
0.24344493522068753,0.0001279032258064516,22.778147658115472,-290.29889895784453,-294.1601528551628,-0.5167798637505293,-0.7297445906776225,0.6561368602548016,1.0361050228256379,-0.07882197239957331,0.2693092223894742,0.440479811215516,0.11575320914803656,0.1299819870381497,0.7456309642854471,0.6311310485889629,0.2988374021936956,0.23718620817909383,-0.5937603268666476,1.5990138224717612,0.9431836178692082,0.9425030171182638,1.0001826753905705,1.0212612820768372,1.0142040593806125,1.010522001603768,0.9987309661046516,0.999447056057937,0.0024752999999999997,1.0,0.5159959740992227,0.022200000000000004,0.149553513097907,0.57,0.8556288707523761
0.25305300595378105,0.0001279032258064516,20.030604999366574,-289.348360260263,-292.78638152578833,-0.514221710861762,-0.5995343523897714,0.6388851551880282,0.9869082015868722,-0.03305156222502509,0.2584860449495263,0.4244437029180799,0.12822442859425343,0.1116792041178932,0.7223881863939583,0.6574622642224277,0.264266688278234,0.17108421624237286,-0.48068708201837096,1.5266816993321466,0.9402835771548191,0.9513986660851586,1.000340062798754,1.0237692550149644,1.0195740888106999,1.0194797606288188,0.9988111778260481,0.9995626101112842,0.0024752999999999997,1.0,0.5271169660299445,0.022200000000000004,0.149553513097907,0.57,0.8556288707523761
0.26278323777222945,0.0001279032258064516,18.092401721042506,-288.7189525953597,-291.8172798866263,-0.5114381099182538,-0.4765249923566666,0.6203666157920422,0.9389861604213482,0.013423872076550127,0.2473861026192237,0.40903278721456754,0.13972477586243076,0.09286545047802257,0.6997020973320034,0.6858257596262529,0.23190575424256651,0.10700914591894313,-0.36915691013404855,1.4597755793263976,0.9368657943282459,0.9601668610623415,1.0004970025918938,1.0266887089315646,1.0249542135101155,1.0284124055865622,0.9989019192921029,0.9996718634010929,0.0024752999999999997,1.0,0.5382379579606663,0.022200000000000004,0.149553513097907,0.57,0.8556288707523761
0.2726308172719081,0.0001279032258064516,16.963480992695622,-288.41706204221964,-291.25281952245285,-0.5111372403640625,-0.3535633792792069,0.6032563265438379,0.8915930375037955,0.059073984477948045,0.23693069011367446,0.39454642387091554,0.1533485255437478,0.07514922345528935,0.6788000719298097,0.7128647131959346,0.1978207446111441,0.04563660231124619,-0.25629418204899745,1.3990359714519178,0.9329181505507534,0.968799481383693,1.0006536411134024,1.0291012824797248,1.030332767283757,1.037327911434782,0.9989702453223558,0.9997780494771976,0.0024752999999999997,1.0,0.549358949891388,0.022200000000000004,0.149553513097907,0.57,0.8556288707523761
0.2825908729985017,0.0001279032258064516,16.64661640169652,-288.4471052593463,-291.0943872269533,-0.5112777271798673,-0.23363099058736064,0.5881068749437286,0.8463522331652602,0.10590660667504184,0.22663127607890574,0.3792602022130603,0.1672520322558692,0.058340279446764835,0.6584830147447612,0.7385959977702983,0.16241294865718617,-0.01495303722959826,-0.14242424463547323,1.3439083898183897,0.9284645146958395,0.9772145712880159,1.0008070237216915,1.0312248832255906,1.0355923650371532,1.046057863658797,0.9990244206489354,0.9998805743509354,0.0024752999999999997,1.0,0.5604799418221098,0.022200000000000004,0.149553513097907,0.57,0.8556288707523761
0.29265847785734184,0.0001279032258064516,17.147506175513172,-288.8134204311468,-291.3448321138616,-0.5119193134062561,-0.12083578277028202,0.5714167364886367,0.8017015129349128,0.15297527578676834,0.21620873547525038,0.36522120779382355,0.18098529400861046,0.040939795553081554,0.639014286985298,0.7665118702661284,0.12869551864148335,-0.07271396521346128,-0.02957161073922313,1.2946080537869789,0.9235166630035132,0.9854313962565735,1.0009591022842286,1.033679046134123,1.0408348467883852,1.0547138998293017,0.999086127445867,0.9999766335187579,0.0024752999999999997,1.0,0.5716009337528316,0.022200000000000004,0.149553513097907,0.57,0.8556288707523761
0.3028286515507688,0.0001279032258064516,18.47478848021956,-289.52536912707086,-292.0084732662148,-0.5132471624178381,-0.013067648190283674,0.5547392388591164,0.7581808991514595,0.20040931136455067,0.20584079568254235,0.3517093443604407,0.19508093666635473,0.023671716714888862,0.6205270508477068,0.7950535966152948,0.09464766709678193,-0.1284420130222822,0.08351414005062574,1.251158024042663,0.9180873989948921,0.9933992890849083,1.0011075313014433,1.0361296653466538,1.0459600588003166,1.0631621708124908,0.9991439462962141,1.0000675623361077,0.0024752999999999997,1.0,0.5827219256835534,0.022200000000000004,0.149553513097907,0.57,0.8556288707523761
0.31309636304181315,0.0001279032258064516,20.629794185755486,-290.5882384015835,-293.0859761189828,-0.5152756347633256,0.08935097653305471,0.5378460325958477,0.7158635191523334,0.2486358676683446,0.195412410274323,0.33877195980161307,0.2096984141485083,0.00638325600001071,0.6030701381798452,0.8245072735610223,0.060193184340359904,-0.18169837043885095,0.19750888051808388,1.2132157662486394,0.9121866154946512,1.0009508921030883,1.0012476705393967,1.0385843504394492,1.0508879873950292,1.0711400210749984,0.9991940587508759,1.000128365455025,0.0024752999999999997,1.0,0.5938429176142752,0.022200000000000004,0.149553513097907,0.57,0.8556288707523761
0.3234565330429751,0.0001279032258064516,23.613287794044027,-292.005710395223,-294.57772292312706,-0.518739949764436,0.18663592581015495,0.5174870302826559,0.6753327561516902,0.29769992890234065,0.18398913808279296,0.32708977065383876,0.22443437016115594,-0.012121457909107647,0.5869716145453581,0.8560473194223209,0.023889550744364923,-0.23166273157286543,0.3110701327562992,1.1813045818153383,0.9058275843730085,1.0081807496352209,1.001381663241463,1.0413255447636345,1.055632734924194,1.078768268854982,0.999253073445032,1.0001794013192975,0.0024752999999999997,1.0,0.6049639095449969,0.022200000000000004,0.149553513097907,0.57,0.8556288707523761
0.33390403652887574,0.0001279032258064516,27.44792775786857,-293.79070190192,-296.4950429050393,-0.5227404444298543,0.27955561873527174,0.49985886562732745,0.6349654985119598,0.3472382923080543,0.1733992530480399,0.31519267382842664,0.24022601807414196,-0.029620303664015395,0.5713108920071854,0.8869402620807234,-0.012503260530143879,-0.2801477784682687,0.427174544974116,1.1556625587067653,0.8990210598492113,1.0150719154504586,1.001514221811542,1.0437661964424032,1.0603169273699797,1.0863145036894086,0.9992944424653991,1.0002293399066642,0.0024752999999999997,1.0,0.6160849014757187,0.022200000000000004,0.149553513097907,0.57,0.8556288707523761
0.3444337052715314,0.0001279032258064516,32.16060033934025,-295.96423664596233,-298.85137919577517,-0.5259376774934823,0.36787643942781884,0.48479938572476305,0.5956487736399335,0.3968081603590708,0.1632750170484271,0.3029809258716362,0.25662821972555844,-0.045894672578368635,0.5565020668949385,0.917576733158272,-0.047864475874496965,-0.32812099793605254,0.5432599352306536,1.134900038984751,0.8918496122446701,1.021614454691851,1.0016378813920046,1.046058415144373,1.0646572421841773,1.0933534093996387,0.9993255429935459,1.0002781992594068,0.0024752999999999997,1.0,0.6272058934064405,0.022200000000000004,0.149553513097907,0.57,0.8556288707523761
0.3550403303970013,0.0001279032258064516,37.782468744313064,-298.53817279495524,-301.6623133982616,-0.5314109862119102,0.45012703882977284,0.4673034874388568,0.5567192542725795,0.4484779412430737,0.1527537371209894,0.2916683544510017,0.27347411252628817,-0.06345693026026324,0.5426952428821021,0.9508354374103033,-0.0855970545313721,-0.37318105137708174,0.6620164808463289,1.1208875380965095,0.8842471224450714,1.027769013269591,1.0017560317377032,1.0484711455709337,1.0688289109106612,1.10007882547869,0.9993581455279932,1.0003223306844042,0.0024752999999999997,1.0,0.6383268853371622,0.022200000000000004,0.149553513097907,0.57,0.8556288707523761
0.36571866496214184,0.0001279032258064516,44.34902493927382,-301.53808438081364,-304.94559149574195,-0.5374326715830435,0.5268351760022505,0.4483434519511847,0.5192203172899299,0.5006543587201485,0.14172013967938357,0.28124103206054385,0.2912040265038569,-0.08137938016377194,0.529750881184402,0.9845954770710378,-0.12493859755955518,-0.4156907766667949,0.7809715218029012,1.1128213009079395,0.8762723385734026,1.0335153206618368,1.0018667295610104,1.0509672521548266,1.0727401048891192,1.106379773381757,0.9993911650315584,1.0003617229426123,0.0024752999999999997,1.0,0.649447877267884,0.022200000000000004,0.149553513097907,0.57,0.8556288707523761
0.37646342655019266,0.0001279032258064516,51.90044862549962,-304.98589168378726,-308.72130333885485,-0.5443100527213154,0.5977004331542769,0.42889472558806224,0.4828452193570805,0.5538505853132657,0.13025978957134765,0.2707941483227673,0.30939239620831477,-0.09958655116647953,0.5178664076169018,1.0196381002669974,-0.16523432722183745,-0.4559037176392185,0.9012670985175194,1.1104237319269923,0.8679532318547456,1.0387962919507012,1.0019684407717877,1.0534949806657012,1.0763351707468027,1.112168908189595,0.9994207975746675,1.0003974285193633,0.0024752999999999997,1.0,0.6605688691986058,0.022200000000000004,0.149553513097907,0.57,0.8556288707523761
0.3872692998839115,0.0001279032258064516,60.48181067158259,-308.9040653886182,-313.01198436189634,-0.5513902154922533,0.6623004589455663,0.4096689710160546,0.4461655696561523,0.6083632740810805,0.11921056902371248,0.26071372679441046,0.3282174437139186,-0.11734298137885693,0.5069932532822835,1.0556533470023943,-0.20716028167613612,-0.49492346906901596,1.0237481002069397,1.1146863057709955,0.8592947083683624,1.043612704252658,1.0020624120668273,1.0559566593409695,1.079649810063284,1.1175170805147678,0.9994442642599222,1.000431015050957,0.0024752999999999997,1.0,0.6716898611293276,0.022200000000000004,0.149553513097907,0.57,0.8556288707523761
0.3981309394549647,0.0001279032258064516,70.14332145245407,-313.32058890069385,-317.8427397523321,-0.5600577515634662,0.7206156218146529,0.38923279498490554,0.41093709740279705,0.6640931780252014,0.10751142989457144,0.25123685692868664,0.34817470034785375,-0.1361272565860667,0.49657775144765337,1.0930037405798845,-0.25004816228056936,-0.5311223911727936,1.1479746947784948,1.124725547433487,0.8503254747533118,1.0479744255759973,1.0021469618551668,1.0585189525607412,1.082644952362733,1.1223289260886495,0.9994663740713604,1.0004598890802765,0.0024752999999999997,1.0,0.6828108530600494,0.022200000000000004,0.149553513097907,0.57,0.8556288707523761
0.4090429721682723,0.0001279032258064516,80.94045890693212,-318.2657841834747,-323.2413084795711,-0.567909522296429,0.7723381593555304,0.3692870480441811,0.3752348075856268,0.721666294620419,0.09627197815842836,0.24182408567657385,0.36851026522319114,-0.15400187462575096,0.4871276932573896,1.1309618475302494,-0.29481541913507114,-0.5661241814380924,1.2744587849065214,1.1410921200448,0.841073546799684,1.051804340531391,1.002220721081336,1.060979595806583,1.0852366965147038,1.1265259241406815,0.9994819835301137,1.0004875801761728,0.0024752999999999997,1.0,0.6939318449907712,0.022200000000000004,0.149553513097907,0.57,0.8556288707523761
0.41999999999999993,0.0001279032258064516,92.93416217126276,-323.7699070289242,-329.2381601117364,-0.5787417788402097,0.8183703781303273,0.3462957600893995,0.34221355286759375,0.779411028368869,0.08319374363994154,0.23298520174570095,0.39045485472403785,-0.17454385730559902,0.47853102557003485,1.171344821925885,-0.3413405298274959,-0.5978780973832272,1.4021370114736607,1.1626658844242315,0.8315661316190845,1.0551140779471542,1.0022834456974796,1.0637142701484237,1.0874817781954518,1.1300953040957433,0.9995005799990423,1.000507420619865,0.0024752999999999997,1.0,0.7050528369214929,0.022200000000000004,0.149553513097907,0.57,0.8556288707523761
0.18,0.00013193548387096772,63.65126375205716,-305.2397700502349,-314.5967109021336,-0.581313300530074,-1.7359915078509136,0.7773777949500628,1.4053246534516088,-0.3394572055093876,0.3449787211926912,0.5720112926759077,0.05538468892569887,0.25917667294079705,0.945835894423705,0.4974034686542926,0.5367054118213774,0.7507296393571392,-1.2624192989273926,2.2917917503208476,0.9320412304357267,0.8785724789417546,0.9991047008462562,1.00745669866041,0.9782244850639222,0.9491824324383982,0.9980411842894478,0.9985213154300354,0.0024752999999999997,1.0,0.4381490305841703,0.022200000000000004,0.149553513097907,0.57,0.8556288707523761
0.18862353629575357,0.00013193548387096772,55.59360937409497,-302.27544569555204,-310.5678837131525,-0.5719763785626768,-1.585764471543151,0.7577308743533402,1.3479286451845893,-0.29878262539039135,0.3330192278047966,0.5514598044694945,0.06485683883559923,0.2386504692535441,0.914956039675888,0.518608331565358,0.49702282022746386,0.6715139189664726,-1.158470639897612,2.18012242770071,0.9338288595063342,0.8875894241007937,0.9992492319153738,1.0095041966147102,0.9830000126463826,0.9574056417604477,0.9981500999558043,0.9986635338994593,0.0024752999999999997,1.0,0.4492700225148921,0.022200000000000004,0.149553513097907,0.57,0.8556288707523761
0.197401105998178,0.00013193548387096772,48.34828245108781,-299.6177985316564,-306.94522025164895,-0.5637001196216943,-1.437404134985834,0.7386867649287973,1.2914520104477925,-0.2580525804297373,0.3212852637672454,0.5316324927646912,0.0744209254740641,0.21854725651478413,0.8844074262836027,0.540090518924419,0.4584363954510644,0.5940718273044145,-1.0536902572546458,2.0742975855286945,0.9350583388066667,0.8966460866941528,0.999398404662141,1.011686000374071,0.9879728339702747,0.9658937658652492,0.9982605993757832,0.9988033322427098,0.0024752999999999997,1.0,0.46039101444561387,0.022200000000000004,0.149553513097907,0.57,0.8556288707523761
0.20632836697123808,0.00013193548387096772,41.905871409927386,-297.2626074364699,-303.72401473106873,-0.5560008201213621,-1.2913026417327838,0.7199740799941912,1.2366508537786607,-0.2165647223411532,0.309829034668243,0.5124879005008043,0.08450967825429728,0.1988742072135296,0.8556703800228451,0.5621655966882323,0.42112251307997867,0.5190134236670432,-0.9483150528684711,1.9738019813643082,0.9357183768788562,0.905742806999699,0.9995484178152959,1.0138437867541619,0.9929753122979008,0.9744298019422744,0.9983609170573374,0.998938990784584,0.0024752999999999997,1.0,0.4715120063763356,0.022200000000000004,0.149553513097907,0.57,0.8556288707523761
0.21540090302880485,0.00013193548387096772,36.25837448271068,-295.20824955325963,-300.9002662674604,-0.5490586106441917,-1.1478990168287193,0.701837940736096,1.1833059925956388,-0.1748467880457848,0.2985796959721072,0.49399966087708486,0.09483928280646192,0.1796412961223095,0.8281415146837933,0.5849279879973198,0.38478514835378785,0.4458340221524334,-0.842393472406393,1.879135868690786,0.9358053815975651,0.9148536246125445,0.999700782709607,1.0160758292793064,0.9980802767991073,0.9831001080046494,0.998458143623011,0.9990711087669183,0.0024752999999999997,1.0,0.4826329983070574,0.022200000000000004,0.149553513097907,0.57,0.8556288707523761
0.2246142261192784,0.00013193548387096772,31.399187604638428,-293.4564701914405,-298.47067282842426,-0.5426521993058693,-1.0072147778438667,0.6840632902017888,1.1311165452338594,-0.13263629389634998,0.28756732721675726,0.4760939214572713,0.10565560816357557,0.16074761751817415,0.8017280954376613,0.6079245224924622,0.34958948470200085,0.3747620403808002,-0.735987029013627,1.7895310561499154,0.9353304865001315,0.923944666820434,0.9998552757920725,1.0182847906929913,1.0032682050169146,0.9918917449437185,0.9985475149193145,0.999199235240721,0.0024752999999999997,1.0,0.4937539902377792,0.022200000000000004,0.149553513097907,0.57,0.8556288707523761
0.23396377854576186,0.00013193548387096772,27.323164103956174,-292.00540822928446,-296.43266107808313,-0.5371137703100708,-0.8696473698279813,0.6668364182514445,1.0804436515267724,-0.09013245604041356,0.2767048365040114,0.4587862259414705,0.1166317015946965,0.14226533990994938,0.776288427668992,0.631475523077118,0.3149326725747495,0.30539828794642637,-0.6292086987200672,1.7058251038233923,0.9342846213845294,0.9330036015585067,1.000011539306476,1.0205708622542435,1.008542420135124,1.0007845805639513,0.9986351395258612,0.9993235001844477,0.0024752999999999997,1.0,0.504874982168501,0.022200000000000004,0.149553513097907,0.57,0.8556288707523761
0.24344493522068753,0.00013193548387096772,24.02669519613289,-290.8577473384631,-294.7844266241715,-0.5327404118605049,-0.7355305493488348,0.6494379926981447,1.0306348834611083,-0.04719110253082415,0.2658526159048904,0.44219174215012796,0.12777282758029818,0.12400965028173314,0.751594944251217,0.6557194762813343,0.2807645057427191,0.2380607926479263,-0.5221212523722346,1.6276082845041684,0.9326757968518102,0.9419986614142825,1.0001688105944746,1.0229708105616222,1.013881721387336,1.0097352508117263,0.9987240064314806,0.9994439411801436,0.0024752999999999997,1.0,0.5159959740992227,0.022200000000000004,0.149553513097907,0.57,0.8556288707523761
0.25305300595378105,0.00013193548387096772,21.507835974798923,-290.0145336184718,-293.5249970135045,-0.5287435246059345,-0.6049577070792341,0.6326344712428301,0.9820574270297864,-0.004081726418480535,0.25525533081529267,0.4260014871478138,0.13943969317723398,0.1061290278880663,0.7281375517207036,0.6801404954495978,0.24730388660903072,0.172532640044345,-0.41483859406464885,1.5550794138156467,0.9305097229820544,0.9508866688242963,1.0003264498548854,1.0252912396924978,1.0192378203154489,1.0187069020802468,0.9988027568260699,0.9995594609335345,0.0024752999999999997,1.0,0.5271169660299445,0.022200000000000004,0.149553513097907,0.57,0.8556288707523761
0.26278323777222945,0.00013193548387096772,19.76647467587918,-289.47899007845024,-292.65431636404463,-0.525913521595891,-0.4785275104134549,0.6161031167477246,0.9347607092980755,0.039497387221164595,0.2448081403068645,0.41038914146719835,0.15137745833893804,0.08844081204107405,0.7055752763525607,0.7051022900129843,0.2141308903753273,0.10905588123450859,-0.30730547283602017,1.4881880642925571,0.9277904724540997,0.9596651740489169,1.0004837027730025,1.0276187173732065,1.0246027301956033,1.0276568506757318,0.998877411181719,0.9996702705327246,0.0024752999999999997,1.0,0.5382379579606663,0.022200000000000004,0.149553513097907,0.57,0.8556288707523761
0.2726308172719081,0.00013193548387096772,18.8045224739775,-289.256388841872,-292.1733402630938,-0.5236732785972217,-0.356012262674036,0.5992939530335452,0.8884223193932733,0.08362740482505768,0.2342666052434627,0.39532017940230907,0.16367617973741022,0.07106722935052459,0.6841388279104392,0.7306753934557572,0.18103172132620013,0.04753343747423487,-0.19948448180870298,1.4268951060154524,0.9245289849670709,0.9682835721392025,1.0006400882334907,1.030018462237517,1.0299526534744108,1.0365575729764673,0.9989506962126591,0.9997765488402689,0.0024752999999999997,1.0,0.549358949891388,0.022200000000000004,0.149553513097907,0.57,0.8556288707523761
0.2825908729985017,0.00013193548387096772,18.626141527782238,-289.35154157427814,-292.08414978999616,-0.5225120103793307,-0.23852537801180557,0.5832418028324658,0.8432347486705302,0.1281093318469735,0.22416073365815106,0.3807547121868404,0.1763310948886462,0.05373303724502259,0.6633270013391839,0.7566102044350752,0.1481413597159476,-0.011993821564226641,-0.09118318821226665,1.3711269697928141,0.920736511526484,0.9767227439810736,1.0007945942875909,1.0323037432638182,1.0352513276213218,1.0453514236035677,0.9990147904465017,0.9998775775067882,0.0024752999999999997,1.0,0.5604799418221098,0.022200000000000004,0.149553513097907,0.57,0.8556288707523761
0.29265847785734184,0.00013193548387096772,19.238021359194022,-289.77129176268716,-292.39008970570205,-0.5222861206927869,-0.12533696007496886,0.566786225613863,0.7989385943857485,0.17326334527875134,0.2138661152695677,0.3667524440291713,0.18954712762577217,0.036650279240276744,0.6437974889348119,0.7834222123528163,0.11510115931684704,-0.06944561231598927,0.017614851433235323,1.3212634118611857,0.9164182514536441,0.984956544337151,1.000946820529785,1.0346708769467508,1.04048749961933,1.0540156199065454,0.9990774901971098,0.9999738833331849,0.0024752999999999997,1.0,0.5716009337528316,0.022200000000000004,0.149553513097907,0.57,0.8556288707523761
0.3028286515507688,0.00013193548387096772,20.649656761265874,-290.52512304117226,-293.095907406738,-0.5225543860296011,-0.01731787126072401,0.5501790741429625,0.7558952514971872,0.21911622954361812,0.2035666165000933,0.35320344912334395,0.20298796974537991,0.01957835315129675,0.624908553966629,0.8106388086638856,0.08159448161190533,-0.12492098660821346,0.1268117199310001,1.2769095911076611,0.9115967769199004,0.9929263860929665,1.0010954318498626,1.0370479757195494,1.0456066847152687,1.0624740193678224,0.9991371259932738,1.000064866524796,0.0024752999999999997,1.0,0.5827219256835534,0.022200000000000004,0.149553513097907,0.57,0.8556288707523761
0.31309636304181315,0.00013193548387096772,22.863997392220767,-291.6174596147287,-294.2030777222154,-0.5237777153586118,0.08537655474341879,0.5334224911962161,0.7140833450872971,0.26571077842245433,0.19313367075827206,0.3402889553449782,0.217205503010457,0.002504405563601855,0.6072534082883871,0.8389906157002545,0.04780178618320585,-0.17803260997960427,0.2371838402823149,1.2380599699704553,0.9062763422556255,1.0004939700666595,1.0012360864326726,1.0394632048210766,1.0505402587261006,1.0704809623833766,0.9991890457225852,1.000126773374703,0.0024752999999999997,1.0,0.5938429176142752,0.022200000000000004,0.149553513097907,0.57,0.8556288707523761
0.3234565330429751,0.00013193548387096772,25.881542246349113,-293.0523934301591,-295.7118501492796,-0.5258109775541501,0.1834020091100106,0.5164243017601916,0.6730957279573314,0.3132445278420786,0.18279657311537342,0.3277603510965596,0.2316411650763727,-0.01465194614551636,0.5904791922736347,0.8682257611237614,0.013262623948301282,-0.2288541902697351,0.3486045536507444,1.2050771031816179,0.900474559643705,1.007734010221517,1.0013717521545846,1.041836377954084,1.0553163993201702,1.0782040100320036,0.9992357553831139,1.0001805277359634,0.0024752999999999997,1.0,0.6049639095449969,0.022200000000000004,0.149553513097907,0.57,0.8556288707523761
0.33390403652887574,0.00013193548387096772,29.725626781485175,-294.84438001010227,-297.63389241684763,-0.5289979743005786,0.2766737819578617,0.49845913982368456,0.6333055909823383,0.36166470499552683,0.17206324157348393,0.31592000992500124,0.2468810986934573,-0.03223030684165357,0.5744704516070877,0.898415584024007,-0.022070391364417956,-0.2773519784568468,0.46087982358663704,1.177856766773092,0.894213446721005,1.0146628275291072,1.001503220211788,1.0443090822339545,1.0599542464592207,1.085688011993253,0.9992814504533734,1.0002302280896642,0.0024752999999999997,1.0,0.6160849014757187,0.022200000000000004,0.149553513097907,0.57,0.8556288707523761
0.3444337052715314,0.00013193548387096772,34.42410176487499,-297.0114030273081,-299.98312990854254,-0.5321707674654126,0.3643169491872418,0.4815279540418589,0.5938408352511272,0.41111163754876967,0.16188102821919031,0.3041555467955183,0.26245938775754285,-0.048892529075854826,0.5597360274161787,0.9289345292054688,-0.05819495251498862,-0.32453595720081985,0.5742457759376157,1.1566449311836586,0.8875131064028605,1.021209872243547,1.0016276669391895,1.046595635644454,1.064329727812143,1.0927718343059798,0.999318023694686,1.0002777297659202,0.0024752999999999997,1.0,0.6272058934064405,0.022200000000000004,0.149553513097907,0.57,0.8556288707523761
0.3550403303970013,0.00013193548387096772,40.009199375882986,-299.571639274529,-302.77567871404653,-0.5368777598536412,0.4469956189415212,0.46291054091640615,0.555817722116669,0.46133261785314705,0.15093421598924858,0.2930811168591478,0.27888447508746694,-0.06657066614987713,0.5455825771881855,0.9607547680475685,-0.0954140683508209,-0.36887329344165215,0.6888397621729476,1.1411281201722017,0.8803894843322839,1.0273984056042504,1.0017458382066187,1.0490498469375233,1.0684994201289142,1.0994984026549883,0.9993559293841131,1.0003204188641373,0.0024752999999999997,1.0,0.6383268853371622,0.022200000000000004,0.149553513097907,0.57,0.8556288707523761
0.36571866496214184,0.00013193548387096772,46.51767348133899,-302.545057238613,-306.02991576677454,-0.542364534726745,0.5243502141153212,0.4440976183910883,0.5187706594752471,0.512605923014119,0.13987101860446344,0.282184203141001,0.2957727012638913,-0.08420614875919365,0.5328693953783052,0.9939260369647714,-0.1343636765048413,-0.41158607847907486,0.805065705922029,1.1317547188581782,0.8728679408932273,1.0331628800571748,1.001856129111552,1.0514918932371866,1.0723908432288174,1.1057761083764701,0.9993894944936353,1.0003598385617232,0.0024752999999999997,1.0,0.649447877267884,0.022200000000000004,0.149553513097907,0.57,0.8556288707523761
0.37646342655019266,0.00013193548387096772,53.99093279195199,-305.95711481335286,-309.76654542208104,-0.548296232557499,0.5946541409474748,0.42533957527896654,0.481453305190754,0.56510579286216,0.12908125220192138,0.27185820123953397,0.313586505012848,-0.10152170319570354,0.5209590218488033,1.0278781619079875,-0.173511489222166,-0.45220809969752546,0.9228667458902546,1.1282186705931831,0.8649614393550502,1.0384590953285473,1.001960443001572,1.053881127965611,1.076067827076206,1.1117132864618513,0.9994167394232014,1.0003965809743196,0.0024752999999999997,1.0,0.6605688691986058,0.022200000000000004,0.149553513097907,0.57,0.8556288707523761
0.3872692998839115,0.00013193548387096772,62.475183168628746,-309.83074586487106,-314.0086706104194,-0.5551487852055599,0.6600049660327194,0.4062936816193308,0.4456773898108601,0.6186531973689362,0.11796039357194955,0.2618378030524591,0.3321678933783289,-0.1197123279644359,0.5090677052666065,1.062929140383604,-0.21416228846143912,-0.49130061093978533,1.0429586083573057,1.13076371649644,0.8566988589550403,1.043318721922256,1.0020543355241653,1.056371530707381,1.0793800681400485,1.1170570066896794,0.9994416650662296,1.000429821185549,0.0024752999999999997,1.0,0.6716898611293276,0.022200000000000004,0.149553513097907,0.57,0.8556288707523761
0.3981309394549647,0.00013193548387096772,72.02143170820614,-314.1963569415065,-318.7817948802081,-0.5629453071782259,0.7191331634573869,0.3855583258816493,0.41113239610014873,0.6727780770117517,0.10605348636646622,0.25218769422014986,0.35148155309985135,-0.13805823328134997,0.499283528526983,1.0993960443017954,-0.2567935147870126,-0.5275168069268468,1.163432632414701,1.1391574125119281,0.8481098371625043,1.047685461941472,1.0021392346841345,1.0588658118745942,1.0823825321271163,1.121888696226224,0.999465670280499,1.0004580816415776,0.0024752999999999997,1.0,0.6828108530600494,0.022200000000000004,0.149553513097907,0.57,0.8556288707523761
0.4090429721682723,0.00013193548387096772,82.68548452067682,-319.0765093982264,-324.11382128644345,-0.5713632895627819,0.7710063437610295,0.36610593192497487,0.3758447370414961,0.7296907083585917,0.09503222984452053,0.24288127415608385,0.37149993822356264,-0.15636778653416644,0.48913705373500116,1.1371832756737932,-0.30068610401064894,-0.5632549879817501,1.289120814897621,1.1536910159103537,0.839196735083472,1.0515518109058173,1.0022140422349781,1.0613658418184395,1.0850208637775518,1.126145581785823,0.9994813051724468,1.0004856818349002,0.0024752999999999997,1.0,0.6939318449907712,0.022200000000000004,0.149553513097907,0.57,0.8556288707523761
0.41999999999999993,0.00013193548387096772,94.52809225211399,-324.51120109200326,-330.03512515216204,-0.5804486888379391,0.81654527643073,0.3450026965879172,0.34159964265096165,0.7862689385016988,0.08297917721056193,0.23361866824449884,0.39235304212245087,-0.17528190956600476,0.4805995260413393,1.1764578763798184,-0.34565138256479744,-0.596139062363418,1.414872901700094,1.1744908278252133,0.8300089507906969,1.0549000879651318,1.0022778929882368,1.0639525036394517,1.0872797686674112,1.1297786972257193,0.9994966330157223,1.000508159804309,0.0024752999999999997,1.0,0.7050528369214929,0.022200000000000004,0.149553513097907,0.57,0.8556288707523761
0.18,0.00013596774193548386,62.70359102982047,-304.81879592533784,-314.1228745410153,-0.6047366129229887,-1.7424654350102189,0.7646570046506113,1.3889315430841322,-0.2773969950897293,0.3382703460362673,0.5725403337752866,0.07731432151274728,0.2476773189078088,0.9537744942966458,0.5427414975085558,0.503354010164009,0.7420409701465974,-1.1238061980471186,2.3157561577039294,0.9164279018759971,0.878129513512437,0.9990899487955335,1.010917655861299,0.977976736704627,0.9483474549798256,0.9980298844702956,0.9985187295138218,0.0024752999999999997,1.0,0.4381490305841703,0.022200000000000004,0.149553513097907,0.57,0.8556288707523761
0.18862353629575357,0.00013596774193548386,55.12891341138834,-302.0663614547555,-310.3355357317992,-0.5946573042125463,-1.5922322338210373,0.7460222168970728,1.3327700021303674,-0.24231776690904136,0.32682773845214735,0.5521109328885077,0.08486370450927767,0.22802284471830517,0.921918817062209,0.5603072419941827,0.4662282368519738,0.6638638440361571,-1.0319970824784508,2.2057670523482034,0.9190535742831373,0.8871329729873157,0.999236188303736,1.0126766231004773,0.9828139619160076,0.9566678900534761,0.9981437410489035,0.998661286501683,0.0024752999999999997,1.0,0.4492700225148921,0.022200000000000004,0.149553513097907,0.57,0.8556288707523761
0.197401105998178,0.00013596774193548386,48.315176824095374,-299.60021593664305,-306.92866743815273,-0.5855481590248113,-1.4436170246492999,0.7275553258350866,1.278103344243314,-0.20557631992956804,0.315707306755825,0.5324767934532395,0.09305616157807195,0.20876667933407772,0.8915381088856899,0.5782236787481584,0.43007075359992647,0.5884330272823889,-0.9385045734324536,2.1001312775153527,0.9211057570984016,0.8961932551137631,0.9993847326525037,1.0144101621637338,0.9877373476732013,0.965119697489396,0.9982472672939526,0.9988001175674153,0.0024752999999999997,1.0,0.46039101444561387,0.022200000000000004,0.149553513097907,0.57,0.8556288707523761
0.20632836697123808,0.00013596774193548386,42.25779765653817,-297.41788609843707,-303.89997785437413,-0.5758775139530594,-1.2978387623987977,0.709759492795166,1.2247738942066828,-0.16839830010816892,0.3045729793050248,0.5132404093009099,0.10162012392916171,0.18977958564771952,0.8623170119638209,0.5975077676382113,0.3950295222303073,0.5143229911931286,-0.8421074457127194,2.0001847142885265,0.9225621279650599,0.9052752887929444,0.9995342614822966,1.016410613262905,0.9926979729199866,0.9736276960011669,0.9983503113248188,0.9989358113173654,0.0024752999999999997,1.0,0.4715120063763356,0.022200000000000004,0.149553513097907,0.57,0.8556288707523761
0.21540090302880485,0.00013596774193548386,36.953231970365664,-295.51901495327195,-301.2476950112879,-0.5678533768227682,-1.154192511548512,0.6922802700010341,1.1726301319335077,-0.13046636993176725,0.2937307288441529,0.49482013219234167,0.11067844495716972,0.17120155128453338,0.8343792907126578,0.6173904262193473,0.3605241978642443,0.4422760177729979,-0.7451391066715047,1.9057641092391764,0.9234359413468366,0.9143810650328232,0.999686994289787,1.018377692871467,0.9977991346341409,0.9823185943801878,0.9984471448347104,0.9990678233365043,0.0024752999999999997,1.0,0.4826329983070574,0.022200000000000004,0.149553513097907,0.57,0.8556288707523761
0.2246142261192784,0.00013596774193548386,32.39890311029842,-293.90612860576704,-298.97053058125425,-0.5603969412705783,-1.0131554156743845,0.6749856511297433,1.1214585485338247,-0.09170781321790705,0.2829949941554486,0.4770370668367839,0.12024275764829848,0.1529008205569855,0.8073873083883129,0.6379746009697153,0.32685539667176994,0.3720876403925313,-0.6467545867175185,1.8168298155670302,0.9237187080405352,0.9234757389560109,0.9998418555205438,1.0204416681376598,1.0029912790642508,0.9911309684934728,0.9985409193686428,0.9991962964088943,0.0024752999999999997,1.0,0.4937539902377792,0.022200000000000004,0.149553513097907,0.57,0.8556288707523761
0.23396377854576186,0.00013596774193548386,28.59322092382604,-292.57955310012903,-297.06768948801806,-0.553582011782282,-0.8752955320592046,0.6582232768844009,1.0717020100951455,-0.052447331933505,0.2724114818356105,0.45974042130454235,0.13015260902572603,0.13499668519402463,0.7817476043299926,0.6592808484430123,0.29375836856397153,0.303706891950534,-0.5473133828081488,1.7331371077068694,0.9234157136839445,0.932524906558451,0.9999982352763402,1.0225473105310072,1.0082505258369485,1.0000300318459712,0.9986291023461985,0.999320643374991,0.0024752999999999997,1.0,0.504874982168501,0.022200000000000004,0.149553513097907,0.57,0.8556288707523761
0.24344493522068753,0.00013596774193548386,25.53561437620681,-291.5417519674979,-295.53888621420845,-0.5477109484875551,-0.7409550362166638,0.6418176923790307,1.0229681076553334,-0.012783210075127213,0.2620580285582543,0.4431191855687265,0.1405605771389618,0.11734248156424544,0.7570811630029236,0.6811391278565012,0.26108746636341273,0.23714668277590034,-0.4469993407302286,1.655030334679445,0.922527681248341,0.9415103634185435,1.0001557957699325,1.0246547551701155,1.0135703064438946,1.0089966137749784,0.9987116175660925,0.9994405867153358,0.0024752999999999997,1.0,0.5159959740992227,0.022200000000000004,0.149553513097907,0.57,0.8556288707523761
0.25305300595378105,0.00013596774193548386,23.226604479425532,-290.79689161513267,-294.3843812658178,-0.5427310189235578,-0.6101256336634199,0.625285837054394,0.9752390064537558,0.02762281914894866,0.2516173531046158,0.42702363385217845,0.15126468842509552,0.09985897603479812,0.7332237695267594,0.7037922054771749,0.2286403899721555,0.17238194511975716,-0.3457797671591004,1.5823617493931044,0.921058840564288,0.9504080766241523,1.0003136475724403,1.0268746454395947,1.01892413565937,1.0179801272857973,0.9987941293531039,0.9995564248202785,0.0024752999999999997,1.0,0.5271169660299445,0.022200000000000004,0.149553513097907,0.57,0.8556288707523761
0.26278323777222945,0.00013596774193548386,21.667926590725642,-290.34740942407456,-293.60504232146786,-0.5389297444611707,-0.4834775164521808,0.6090842530338841,0.928766245220011,0.06850669513658797,0.24132930261508562,0.41153202348530354,0.16241330116591535,0.08249455248220328,0.7103304614510931,0.7271313888545526,0.19639853074740574,0.10960658349372963,-0.24372154376777502,1.515223776597514,0.9190140568388122,0.9591918195582053,1.0004712617518494,1.0290979591922251,1.0242905727468716,1.0269503862770375,0.9988711619318572,0.9996673488115407,0.0024752999999999997,1.0,0.5382379579606663,0.022200000000000004,0.149553513097907,0.57,0.8556288707523761
0.2726308172719081,0.00013596774193548386,20.862714121356476,-290.1991664260552,-293.2024360867833,-0.5357014830152113,-0.3608894569826666,0.5931878314663673,0.8830757934427386,0.10993202305751495,0.2312155767607129,0.39633761035546794,0.17393700624280414,0.06549351047478912,0.6885759535644934,0.750929134484799,0.16439698053405155,0.04863115902066338,-0.140930298366408,1.4536085332886035,0.9164050882377301,0.9678163559626835,1.0006276749619527,1.031274296784765,1.0296239729479306,1.0358523399693185,0.9989408531036803,0.9997735430613327,0.0024752999999999997,1.0,0.549358949891388,0.022200000000000004,0.149553513097907,0.57,0.8556288707523761
0.2825908729985017,0.00013596774193548386,20.8157615656595,-290.35855096202215,-293.1789598089348,-0.5333819302528136,-0.24287985952587768,0.5763291081247385,0.8385323950288485,0.15242292695621956,0.22070597686508583,0.3818851049900543,0.18593709805816977,0.04825930006083678,0.667250099839116,0.7754601403561155,0.13244351272091695,-0.010011987757840693,-0.03753052420994884,1.3973248049536515,0.9132398185210032,0.9762449170989858,1.0007814986247598,1.033638073401272,1.0348894774268644,1.0446071215188215,0.9990138463942347,0.9998747063466684,0.0024752999999999997,1.0,0.5604799418221098,0.022200000000000004,0.149553513097907,0.57,0.8556288707523761
0.29265847785734184,0.00013596774193548386,21.533890461204237,-290.828026157425,-293.53802425670716,-0.5326426931168471,-0.1319104034897216,0.5581904880181026,0.796229878565433,0.19560656434370302,0.2103354810662254,0.36899310947566333,0.19749098094178807,0.029686324004170008,0.6468415480116935,0.8028994943304517,0.0986827786350119,-0.06748790752546267,0.06571825035521578,1.3466079844974808,0.90952983133185,0.9844926414345437,1.0009371725820277,1.0361798164466456,1.0402638667704254,1.0534678142013782,0.9990920009549809,0.9999684209863401,0.0024752999999999997,1.0,0.5716009337528316,0.022200000000000004,0.149553513097907,0.57,0.8556288707523761
0.3028286515507688,0.00013596774193548386,23.026107091642984,-291.6226748438691,-294.28413257192653,-0.5316894237660946,-0.021542755396992855,0.5422845619244926,0.7527569225510959,0.23818468189308192,0.20006113691701727,0.3546934448988487,0.21045234324172285,0.013928419478377528,0.6289415226360391,0.8281847281037013,0.0663354030268878,-0.12150971917816701,0.17149694171092195,1.3018376141303825,0.9052959256781314,0.9924628886331001,1.001084937094018,1.038356124947719,1.0453260262707644,1.0618775141077776,0.9991463568213125,1.000060591032747,0.0024752999999999997,1.0,0.5827219256835534,0.022200000000000004,0.149553513097907,0.57,0.8556288707523761
0.31309636304181315,0.00013596774193548386,25.295752247598216,-292.74265736622493,-295.41895514990415,-0.5326498588315984,0.08126762491783084,0.5251355659935221,0.7113071289874785,0.28375925144762043,0.18977610844081635,0.3419631693044395,0.22418489672226544,-0.003269075561105477,0.6108135201071526,0.855399476128975,0.03296069494128149,-0.1737743144657002,0.2782073927643618,1.262530352727807,0.9005105709546011,1.000087558302459,1.0012244075744212,1.0406337061447748,1.0502086504005017,1.0698168439695552,0.9991985233385441,1.0001230506511143,0.0024752999999999997,1.0,0.5938429176142752,0.022200000000000004,0.149553513097907,0.57,0.8556288707523761
0.3234565330429751,0.00013596774193548386,28.341824900206575,-294.19171515443213,-296.94199147620833,-0.5332446097220738,0.1797618470020208,0.5121163800492262,0.6702170459529505,0.32945867421612146,0.180563333331845,0.32870724245494587,0.23879809844651664,-0.018655809647740548,0.5938867754973436,0.8821201974308774,0.0007008059413769094,-0.22612597359771444,0.386958690338575,1.2285787068829341,0.8952455228774616,1.007333930730936,1.0013619997922925,1.042618834331343,1.0550225233461406,1.0776490875753737,0.9992297375714818,1.0001793379842854,0.0024752999999999997,1.0,0.6049639095449969,0.022200000000000004,0.149553513097907,0.57,0.8556288707523761
0.33390403652887574,0.00013596774193548386,32.18709462544973,-295.9879605115573,-298.8646263388299,-0.535790723676638,0.2723944078595903,0.4915131437436767,0.6310872291211281,0.3770565486372938,0.16910760961799892,0.317009905702029,0.253025227650098,-0.03643220146280364,0.5784793993599122,0.9116666607020472,-0.03549563204137852,-0.2733392624328549,0.4945318193495038,1.200409632434261,0.8894879647852075,1.0142760733879679,1.0014904959943296,1.045130462931442,1.059555124028569,1.0849638642858408,0.9992847389361519,1.0002267022855438,0.0024752999999999997,1.0,0.6160849014757187,0.022200000000000004,0.149553513097907,0.57,0.8556288707523761
0.3444337052715314,0.00013596774193548386,36.85916144096734,-298.1417430328998,-301.2006597465887,-0.5384645573515022,0.36128611134319966,0.47736126676610935,0.5918977494473389,0.42443254502342437,0.15973564633625278,0.30514910850564747,0.26853910686521615,-0.05264278607997506,0.562727320265274,0.9408509146592229,-0.06922200078374571,-0.321360983541344,0.6060546468571358,1.1779018205771314,0.8832710223523393,1.0208447164044459,1.0016180559012464,1.0472941902523827,1.0640302519613976,1.0922247609757716,0.9993148587247517,1.000276188788544,0.0024752999999999997,1.0,0.6272058934064405,0.022200000000000004,0.149553513097907,0.57,0.8556288707523761
0.3550403303970013,0.00013596774193548386,42.39071691623701,-300.67890001244325,-303.96643748422355,-0.5423480740828894,0.4440253069693341,0.45889925887034677,0.5541643539787023,0.47379256836458006,0.1488686586731683,0.29392429107237245,0.2844015101549518,-0.06994668053475822,0.5485921348749573,0.9716552201012348,-0.10527820823224865,-0.3656639853415448,0.7169549213929022,1.1607527848725596,0.8766123354472418,1.0270311405922907,1.001737204648629,1.0496812137279932,1.0682269557222521,1.0990068636769532,0.9993530919235707,1.0003188695218923,0.0024752999999999997,1.0,0.6383268853371622,0.022200000000000004,0.149553513097907,0.57,0.8556288707523761
0.36571866496214184,0.00013596774193548386,48.81935490676449,-303.61551975700286,-307.1807564794873,-0.546802863439873,0.5209419628621141,0.4412456458550962,0.5163180171223636,0.5247270753029163,0.1386812180460119,0.2831247660279552,0.3008336502228692,-0.08670474811734294,0.5353924272438915,1.003358074582606,-0.14262326696022312,-0.40878956626940594,0.8305420776566074,1.1504690643705076,0.8695162558842144,1.032803707811884,1.0018493664436203,1.05196447324385,1.072171113593292,1.1053908868989533,0.9993831899975365,1.0003596958113459,0.0024752999999999997,1.0,0.649447877267884,0.022200000000000004,0.149553513097907,0.57,0.8556288707523761
0.37646342655019266,0.00013596774193548386,56.187901914418035,-306.9779909157049,-310.86502998331406,-0.5530473873995554,0.5921514808057569,0.4217413356585353,0.4802175340825127,0.57650006626373,0.12748752363979007,0.27290803274787995,0.3182925249828025,-0.10456199641129169,0.5233075698833345,1.0368046852986559,-0.1814202531542251,-0.44885592013711,0.9456404537999774,1.145496872818049,0.8620119046787152,1.0381471065876025,1.001952291564656,1.0544008657187567,1.0758059221026925,1.1112491239626547,0.9994142632818447,1.000395171968222,0.0024752999999999997,1.0,0.6605688691986058,0.022200000000000004,0.149553513097907,0.57,0.8556288707523761
0.3872692998839115,0.00013596774193548386,64.54425784823809,-310.79468589417473,-315.0432079502241,-0.5586386097976216,0.6576447149367268,0.4027654115482008,0.4444665604678597,0.6296769844953737,0.11670775690339248,0.2627934225719565,0.33593883642689404,-0.12185216433284592,0.5113887920366537,1.0700029335075845,-0.22158381737239144,-0.487795795652846,1.062116372780811,1.1464675118839869,0.8541492369150798,1.0430242867846777,1.0020472766170296,1.056750525945327,1.0791451426000664,1.1166548868474537,0.9994392167819055,1.0004286588162794,0.0024752999999999997,1.0,0.6716898611293276,0.022200000000000004,0.149553513097907,0.57,0.8556288707523761
0.3981309394549647,0.00013596774193548386,73.94137538044117,-315.09000921416714,-319.7417667163256,-0.5656635922446891,0.7166010814757413,0.38323054537585893,0.4092721262976652,0.6837779657943902,0.10556513796288815,0.25305016516571893,0.35463539504465164,-0.1396443656197183,0.500663275061987,1.1053004986107455,-0.26264458551258246,-0.5250654730988331,1.180669937314169,1.1534919112638022,0.8459206025822156,1.047424987058533,1.002132961730564,1.0591634894225745,1.0821652255244003,1.1215311908209518,0.9994609592492848,1.0004584157636454,0.0024752999999999997,1.0,0.6828108530600494,0.022200000000000004,0.149553513097907,0.57,0.8556288707523761
0.4090429721682723,0.00013596774193548386,84.43705969093196,-319.89821001969057,-324.989608871571,-0.5743024997459732,0.7689909611743065,0.3617681519138619,0.37533510554745597,0.7390072515762953,0.09335348041933371,0.24371627659946724,0.37469527799111857,-0.15866851308941193,0.49099413349086507,1.1423374567610864,-0.30560244806934134,-0.5591132850111584,1.3012606482852207,1.1651057492297354,0.8373729017478628,1.05132646420069,1.0022062095270827,1.0616649569311458,1.0847597452378328,1.1256995229572424,0.9994819398079332,1.0004829245584748,0.0024752999999999997,1.0,0.6939318449907712,0.022200000000000004,0.149553513097907,0.57,0.8556288707523761
0.41999999999999993,0.00013596774193548386,96.09371666040897,-325.2436816153438,-330.8179373563095,-0.5820997042118368,0.8151806249253482,0.34222922604878947,0.34078191755180787,0.7954017298247119,0.082498312040291,0.23469372607186298,0.3945046510086173,-0.1763214018635307,0.48185886263629735,1.1797916768705208,-0.3500363208897918,-0.5928374014758152,1.4255891913319416,1.1851655796470828,0.8284873297928299,1.054679521677981,1.0022733075393053,1.0641408606604799,1.087118211353642,1.1295172876050952,0.999494900694149,1.0005075542875486,0.0024752999999999997,1.0,0.7050528369214929,0.022200000000000004,0.149553513097907,0.57,0.8556288707523761
0.18,0.00014,62.4062837306343,-304.7054562553248,-313.9742208914222,-0.6270758740613146,-1.7483847000029877,0.7499251305602334,1.3692809433673412,-0.21258188506313186,0.3305002135787105,0.5718168958301123,0.10033771156393023,0.2345918452813055,0.9601456791768026,0.5898314900084708,0.46583590936933256,0.730412272036796,-0.9787889224279419,2.339467149744637,0.9014979157625944,0.8777110929743472,0.9990750620439296,1.0144793369501113,0.9777087224065294,0.9475045411594363,0.9980191882775749,0.9985163271844328,0.0024752999999999997,1.0,0.4381490305841703,0.022200000000000004,0.149553513097907,0.57,0.8556288707523761
0.18862353629575357,0.00014,55.23338004221466,-302.1271642431165,-310.3877690472124,-0.6162880061827144,-1.5983207934689514,0.7325713749422628,1.3153745009926714,-0.18293231067033291,0.31971003272939535,0.5515405445095323,0.10601486785225707,0.2157414160239821,0.9275498737673246,0.6033121548980999,0.4317601577825173,0.6537547005839502,-0.8996226620777668,2.230371806218937,0.9048997987589575,0.8867033132558162,0.9992223502762619,1.015828777267541,0.9825718374014382,0.9558844312977518,0.9981312972729514,0.9986581384060477,0.0024752999999999997,1.0,0.4492700225148921,0.022200000000000004,0.149553513097907,0.57,0.8556288707523761
0.197401105998178,0.00014,48.777849242927005,-299.81765109396633,-307.16000364756854,-0.6050370593893687,-1.4500003326473183,0.715320463487982,1.2628501167499484,-0.15098392988000714,0.3091249367025469,0.5321606659933094,0.112592007101196,0.1976099803989853,0.8973754104516576,0.6182724515290257,0.39870187751224806,0.5798906493811333,-0.8164493573201471,2.1252232172120356,0.9077045118549673,0.8957490935138328,0.9993699450155722,1.0173872246161515,0.987434091245508,0.9642816749349785,0.9982372269627683,0.9987968938553361,0.0024752999999999997,1.0,0.46039101444561387,0.022200000000000004,0.149553513097907,0.57,0.8556288707523761
0.20632836697123808,0.00014,43.03820269609366,-297.7762737443938,-304.2901803741519,-0.5946148551615772,-1.3035587231873849,0.6982406111867926,1.210994837001142,-0.11784003428034552,0.29862206445249473,0.5133203243594356,0.11974952419359129,0.1796633174431774,0.8680538687229391,0.6341532984974314,0.3662818849371695,0.5074798551609782,-0.7309557416757603,2.0257023943314287,0.9099117530561136,0.9048360551836198,0.9995208953108421,1.0190644208673567,0.9924321539731022,0.9728703136143514,0.9983397055348339,0.9989329431764202,0.0024752999999999997,1.0,0.4715120063763356,0.022200000000000004,0.149553513097907,0.57,0.8556288707523761
0.21540090302880485,0.00014,38.01395369287127,-296.0025180331409,-301.7780558725407,-0.585563014342283,-1.1596422797678143,0.6815393568727154,1.1602910856128883,-0.08376799084049655,0.288233203628557,0.495080342887254,0.12739174716031265,0.16186065398948285,0.8397056891198101,0.6511105450100821,0.33409360312796155,0.4367395774938248,-0.6434178712847408,1.9316874945361153,0.911517401232372,0.9139329954551431,0.9996742485263225,1.020809392672066,0.997543302210282,0.9815962660686222,0.9984384519322808,0.9990651760885035,0.0024752999999999997,1.0,0.4826329983070574,0.022200000000000004,0.149553513097907,0.57,0.8556288707523761
0.2246142261192784,0.00014,33.70559089877031,-294.50134863891196,-299.6238744754902,-0.5765491814791935,-1.017943644080103,0.6648768273377476,1.1104733767899488,-0.0484290397832386,0.2778445857826185,0.4774697606926293,0.13574442771266407,0.14442373873890035,0.8125962741974634,0.6690589187442963,0.30250694985276333,0.3675724306670795,-0.5535411192487227,1.8427712476107978,0.9125191644875499,0.9230268038036035,0.9998292652651289,1.022717763659053,1.002720007907415,0.9904170822738654,0.9985347850869757,0.9991942322882302,0.0024752999999999997,1.0,0.4937539902377792,0.022200000000000004,0.149553513097907,0.57,0.8556288707523761
0.23396377854576186,0.00014,30.114557052218288,-293.27073256834785,-297.8283575522142,-0.5691526513321498,-0.8805912972838819,0.6488364726330461,1.0618952139391276,-0.012643283770814443,0.2677605247393559,0.46029646696280807,0.14439310957667315,0.1270809319318377,0.7867093051878807,0.6879208865189711,0.27102047173122173,0.3003854641944781,-0.46206283585927466,1.7593399218254573,0.9129154698930895,0.9320778467322937,0.9999857760771826,1.0245479217311402,1.007974727993081,0.9993233779375703,0.9986212291256512,0.9993178439039692,0.0024752999999999997,1.0,0.504874982168501,0.022200000000000004,0.149553513097907,0.57,0.8556288707523761
0.24344493522068753,0.00014,27.243256731727456,-292.31863652428683,-296.39270739196877,-0.5621563848322114,-0.7459684365427999,0.6328892055676326,1.0141960986896328,0.024162863972378695,0.2576826621932915,0.44369410704695167,0.15367357186823338,0.11000912755170898,0.7617605855260864,0.7075659923183183,0.23990245271241323,0.23472217583472083,-0.36882527721411873,1.6811927367521846,0.9127105064585055,0.9410663208791418,1.0001435106925003,1.0264953968073558,1.0132862163974936,1.0082995646254975,0.9987052913681893,0.9994378605453141,0.0024752999999999997,1.0,0.5159959740992227,0.022200000000000004,0.149553513097907,0.57,0.8556288707523761
0.25305300595378105,0.00014,25.09506149908634,-291.6479628022927,-295.3186097756482,-0.556201458000871,-0.6150485466971101,0.6172103091018368,0.9674590557041906,0.061669744061072784,0.24772052992872287,0.4276172949794851,0.16343995148773355,0.09309726219072872,0.7377599451601816,0.7280141200235408,0.20891884274820033,0.17082111182916185,-0.274058832391122,1.6082851309990356,0.9119087067475273,0.9499689773528208,1.0003016068612098,1.0284710940547763,1.0186308219177311,1.0172966299919832,0.9987843882234572,0.9995534280915237,0.0024752999999999997,1.0,0.5271169660299445,0.022200000000000004,0.149553513097907,0.57,0.8556288707523761
0.26278323777222945,0.00014,23.674365044300885,-291.26310258577155,-294.6082615482555,-0.5512557553409696,-0.4881267837516608,0.6013707048692153,0.9217689004362516,0.09993534361286584,0.23765174615720822,0.4121943667898941,0.17371806660069397,0.07620673324227593,0.7146354670430866,0.749558521764737,0.17792935572206373,0.10875562022092843,-0.1778419237516649,1.5409034258187833,0.9105107144534699,0.9587451826468373,1.0004593880819803,1.0305784163972866,1.0239888562654231,1.026276099532546,0.9988632184649708,0.9996645454053612,0.0024752999999999997,1.0,0.5382379579606663,0.022200000000000004,0.149553513097907,0.57,0.8556288707523761
0.2726308172719081,0.00014,22.986670315553624,-291.1701101702059,-294.26441418388185,-0.5470587684409162,-0.3650413525645649,0.5860209054353115,0.8770859236847041,0.13882787469992772,0.22779392604684504,0.3972825284218344,0.18465697540160877,0.059648313760856685,0.6925649028271887,0.7715457563337952,0.14686351956459273,0.048345142171085605,-0.0802423328760536,1.4790083738146336,0.9085257547860637,0.9673578991856129,1.0006160485387696,1.0326468662363326,1.0293180907909687,1.0351918540550191,0.9989342298657793,0.999771016101646,0.0024752999999999997,1.0,0.549358949891388,0.022200000000000004,0.149553513097907,0.57,0.8556288707523761
0.2825908729985017,0.00014,23.038731634244527,-291.37608881576705,-294.2904448432273,-0.5438627103468303,-0.24713546980600662,0.5704219643474613,0.8328376914634551,0.17845760208999617,0.21791822750227102,0.38251223894167224,0.1956617443572538,0.04309449236544077,0.671644028332864,0.7948605666831964,0.11590199109161921,-0.010177040322290673,0.01843381300811026,1.422282778128975,0.9059701336826077,0.9758250893757345,1.0007713893233527,1.0347401249056003,1.034621645238577,1.044032710171854,0.9990012850106749,0.9998722075230512,0.0024752999999999997,1.0,0.5604799418221098,0.022200000000000004,0.149553513097907,0.57,0.8556288707523761
0.29265847785734184,0.00014,23.83880836796584,-291.88792021425314,-294.69048321008796,-0.5416252393350661,-0.13346611447525106,0.554442461068863,0.7901002361004249,0.21884334904906913,0.2077034366102595,0.3684745441241719,0.2074818294370494,0.026479393822440994,0.6514124422122339,0.8188078374941967,0.08450897751761428,-0.06668723824479836,0.11832584161773652,1.3711441343839474,0.9028440996015165,0.9840652453553075,1.000923088421987,1.0369834466252252,1.0398152743216145,1.0526663964026115,0.9990686455269716,0.9999684955125655,0.0024752999999999997,1.0,0.5716009337528316,0.022200000000000004,0.149553513097907,0.57,0.8556288707523761
0.3028286515507688,0.00014,25.39696244623383,-292.71321424898366,-295.46956024922196,-0.5410177885640195,-0.025172653710445646,0.5376956882445209,0.748220275172689,0.2603254037800857,0.1974505778836555,0.35516930309743283,0.2196813189356597,0.009345225797263258,0.632294991899649,0.8446289274125091,0.05249562764201482,-0.12109089600573447,0.21948207985001172,1.3253877226228583,0.8991604962508263,0.9920856199068049,1.0010710935670275,1.039277875287432,1.0449046806856739,1.0610900390137081,0.9991335709441668,1.000058949842119,0.0024752999999999997,1.0,0.5827219256835534,0.022200000000000004,0.149553513097907,0.57,0.8556288707523761
0.31309636304181315,0.00014,27.71734861689913,-293.8584957556311,-296.6297533345546,-0.5402073701078116,0.07812874990952445,0.5229308435569324,0.7068110097535701,0.302423347770015,0.18783338895803645,0.3418913403036563,0.23275027929461503,-0.006601167553324217,0.6142650557172589,0.8700159225921876,0.020749601431734,-0.17411531251025658,0.32265590630480484,1.2851329771569202,0.8949371010901983,0.9996707483021875,1.001216144120384,1.0413466210642115,1.049958846863151,1.0693466340696203,0.9991796052607433,1.0001238910779755,0.0024752999999999997,1.0,0.5938429176142752,0.022200000000000004,0.149553513097907,0.57,0.8556288707523761
0.3234565330429751,0.00014,30.797996297828263,-295.32740782883496,-298.1700771750192,-0.5404788043839694,0.17648100958497676,0.5069439556266626,0.6669537351728586,0.3460644967363155,0.17788146699945345,0.3294065353805597,0.24619294837759076,-0.023133771996178845,0.5967732509870014,0.8965011189606819,-0.012331520921147938,-0.2246747257048832,0.42707001124092026,1.250242077541117,0.8901882142185527,1.0069441197849793,1.001352186448174,1.043530051433953,1.0547274412018066,1.0770907443439162,0.9992265649654526,1.0001777868995942,0.0024752999999999997,1.0,0.6049639095449969,0.022200000000000004,0.149553513097907,0.57,0.8556288707523761
0.33390403652887574,0.00014,34.660327647070176,-297.1316564545853,-300.10124284964013,-0.5419802633541853,0.2700154663457408,0.4902384137285019,0.6281527820561102,0.39078421266272206,0.16761223146922533,0.31738734548856395,0.26023673220413795,-0.03986712330305241,0.5806036805573369,0.9244179705226468,-0.04619761714601239,-0.27313355479023055,0.532639390632041,1.221176798262976,0.8849261334973039,1.0138866784187421,1.0014833037319046,1.0458084447727007,1.0593316811852067,1.0845544084201981,0.9992716316251179,1.0002278924384411,0.0024752999999999997,1.0,0.6160849014757187,0.022200000000000004,0.149553513097907,0.57,0.8556288707523761
0.3444337052715314,0.00014,39.33059842887394,-299.2877735459421,-302.436378240542,-0.5448451180239662,0.35851405966519606,0.472894470068999,0.5894942666586669,0.4365288491228516,0.1571772719634887,0.30558001028609627,0.2748540120562851,-0.05693136562284793,0.56515969750142,0.9535957437790682,-0.08107732643512822,-0.3197632225042091,0.6403233880758111,1.1976946600386087,0.8791754906139627,1.0204838588315497,1.0016099707477326,1.0480562256243502,1.0637891832678716,1.0917646695471654,0.9993127019387605,1.000274506981,0.0024752999999999997,1.0,0.6272058934064405,0.022200000000000004,0.149553513097907,0.57,0.8556288707523761
0.3550403303970013,0.00014,44.83958561663246,-301.8158278080507,-305.1908718344213,-0.5474757398666894,0.44127661263805995,0.4560769902052311,0.5518676997757413,0.4842747976612324,0.14716064849196436,0.29441241143974844,0.2901704784878754,-0.07328027391210241,0.5508017056267934,0.9828837942751272,-0.11624188662009559,-0.36457515021445824,0.7485116068339666,1.1800845221744698,0.8729543221261533,1.0266848138050897,1.0017289469792974,1.0502700655105313,1.0679614266567719,1.0985366630546256,0.9993474523892805,1.000318489980783,0.0024752999999999997,1.0,0.6383268853371622,0.022200000000000004,0.149553513097907,0.57,0.8556288707523761
0.36571866496214184,0.00014,51.22308164202718,-304.7342424838072,-308.38261984711863,-0.5514209716366476,0.518413300722531,0.4383344777648564,0.5148713552996682,0.5332792234899119,0.13680205020737174,0.2836438270547989,0.3061642314861797,-0.09001975625973176,0.5373806440969695,1.013574524060997,-0.15279357686747544,-0.40730211729996063,0.8586798348687065,1.1683486859943246,0.8662824078688631,1.032484508746425,1.001841370584481,1.052543014499192,1.0719124216844438,1.1049355626849597,0.9993798109573104,1.0003586924621057,0.0024752999999999997,1.0,0.649447877267884,0.022200000000000004,0.149553513097907,0.57,0.8556288707523761
0.37646342655019266,0.00014,58.52214866366285,-308.0674873765886,-312.03215335793647,-0.5565625143921306,0.5900652489843936,0.4196720815608938,0.4791528622042784,0.5835264414496009,0.12592789452425038,0.27322537967646604,0.32293808216939546,-0.10749864610440178,0.5245170615234129,1.045439887684387,-0.1905017648550359,-0.4477224372954558,0.9706062112330973,1.1617868370170579,0.8591894720937934,1.0378504291585862,1.0019456498803267,1.054885707203079,1.0755846180840598,1.110870740872819,0.9994104176915156,1.0003947496147183,0.0024752999999999997,1.0,0.6605688691986058,0.022200000000000004,0.149553513097907,0.57,0.8556288707523761
0.3872692998839115,0.00014,66.78328299378586,-311.8393725934373,-316.162720522998,-0.5622184465795073,0.6554950619715169,0.400960557942609,0.44342377432930113,0.6352114051674834,0.11524275739289168,0.26312047246233955,0.34026348491629255,-0.12462303717342887,0.5129352517338744,1.0785361897596468,-0.22970731176791387,-0.4866023441432337,1.0848187339853912,1.1618244698386142,0.8516844374613617,1.0427545124097273,1.002040171828748,1.0572080317031491,1.0789080208748343,1.116250176110938,0.99943565943119,1.0004282129419722,0.0024752999999999997,1.0,0.6716898611293276,0.022200000000000004,0.149553513097907,0.57,0.8556288707523761
0.3981309394549647,0.00014,76.05845822525657,-316.0780882046927,-320.8003081387333,-0.5686361809567325,0.7142704093665153,0.3818454783519309,0.408311733519533,0.6886495415955567,0.10449868855104431,0.2534390371139254,0.35826868347804736,-0.14184260239843752,0.502227156636021,1.1127785979875895,-0.27015502639528155,-0.5237621576689498,1.2010579073137404,1.1678458833472838,0.8437977714022005,1.0471681408763245,1.0021268976519553,1.059547949727872,1.0819590325714292,1.1211856652239736,0.9994571403654859,1.0004583413095796,0.0024752999999999997,1.0,0.6828108530600494,0.022200000000000004,0.149553513097907,0.57,0.8556288707523761
0.4090429721682723,0.00014,86.40501415544327,-320.8153271226255,-325.9735861038267,-0.5756633872686695,0.7668370259933515,0.36217995747768994,0.3735317634710358,0.7437305678843109,0.09350335531456563,0.24401994573541738,0.3772449196420052,-0.15933161999252793,0.49207321175920704,1.14810092419547,-0.31204833684218647,-0.5587889040922058,1.319660418156873,1.179270388403024,0.835563990618436,1.0510917287019892,1.0022027121517965,1.0618998762734773,1.0846232538107836,1.1254997988645319,0.9994748959705619,1.0004855266758728,0.0024752999999999997,1.0,0.6939318449907712,0.022200000000000004,0.149553513097907,0.57,0.8556288707523761
0.41999999999999993,0.00014,97.88553207136886,-326.08145007431716,-331.71384506178947,-0.5845859467697234,0.8135233493312022,0.3407996507055469,0.3406603320520267,0.7993522052862213,0.08143609856398473,0.23511063681506172,0.3974498934524653,-0.17843914679067766,0.4828415850515684,1.1854774666300094,-0.35561217603578354,-0.5912272778884451,1.4402786717692229,1.1963661657645677,0.8269987591455776,1.0544841580174338,1.0022681028153964,1.0644391943981333,1.0869435808854153,1.1292207861556303,0.9994928217330118,1.0005069683853667,0.0024752999999999997,1.0,0.7050528369214929,0.022200000000000004,0.149553513097907,0.57,0.8556288707523761
