c0,c1,c2
0.250,-180,6.721464e+02
0.250,-175,6.664722e+02
0.250,-170,6.611262e+02
0.250,-165,6.561640e+02
0.250,-160,6.516022e+02
0.250,-155,6.474240e+02
0.250,-150,6.436096e+02
0.250,-145,6.401855e+02
0.250,-140,6.371439e+02
0.250,-135,6.344519e+02
0.250,-130,6.321123e+02
0.250,-125,6.301113e+02
0.250,-120,6.284148e+02
0.250,-115,6.270158e+02
0.250,-110,6.259159e+02
0.250,-105,6.250983e+02
0.250,-100,6.245607e+02
0.250,-95,6.243054e+02
0.250,-90,6.243044e+02
0.250,-85,6.245451e+02
0.250,-80,6.250491e+02
0.250,-75,6.258394e+02
0.250,-70,6.269070e+02
0.250,-65,6.282499e+02
0.250,-60,6.299139e+02
0.250,-55,6.318831e+02
0.250,-50,6.341670e+02
0.250,-45,6.368096e+02
0.250,-40,6.398141e+02
0.250,-35,6.431774e+02
0.250,-30,6.469279e+02
0.250,-25,6.510663e+02
0.250,-20,6.555854e+02
0.250,-15,6.604754e+02
0.250,-10,6.657618e+02
0.250,-5,6.714246e+02
0.250,-0,6.773939e+02
0.250,5,6.836831e+02
0.250,10,6.902756e+02
0.250,15,6.970241e+02
0.250,20,7.039600e+02
0.250,25,7.110563e+02
0.250,30,7.180696e+02
0.250,35,7.250330e+02
0.250,40,7.319266e+02
0.250,45,7.384599e+02
0.250,50,7.446302e+02
0.250,55,7.504277e+02
0.250,60,7.555595e+02
0.250,65,7.600124e+02
0.250,70,7.638106e+02
0.250,75,7.667189e+02
0.250,80,7.686784e+02
0.250,85,7.697478e+02
0.250,90,7.698538e+02
0.250,95,7.689270e+02
0.250,100,7.670444e+02
0.250,105,7.643078e+02
0.250,110,7.606867e+02
0.250,115,7.562358e+02
0.250,120,7.511982e+02
0.250,125,7.455484e+02
0.250,130,7.393218e+02
0.250,135,7.328181e+02
0.250,140,7.260399e+02
0.250,145,7.189805e+02
0.250,150,7.119298e+02
0.250,155,7.049129e+02
0.250,160,6.979046e+02
0.250,165,6.910947e+02
0.250,170,6.845247e+02
0.250,175,6.781676e+02
0.250,180,6.721464e+02
0.255,-180,6.368618e+02
0.255,-175,6.312654e+02
0.255,-170,6.259982e+02
0.255,-165,6.211121e+02
0.255,-160,6.166223e+02
0.255,-155,6.125019e+02
0.255,-150,6.087502e+02
0.255,-145,6.053849e+02
0.255,-140,6.023940e+02
0.255,-135,5.997399e+02
0.255,-130,5.974364e+02
0.255,-125,5.954793e+02
0.255,-120,5.938177e+02
0.255,-115,5.924431e+02
0.255,-110,5.913728e+02
0.255,-105,5.905737e+02
0.255,-100,5.900302e+02
0.255,-95,5.897608e+02
0.255,-90,5.897562e+02
0.255,-85,5.900087e+02
0.255,-80,5.905226e+02
0.255,-75,5.913044e+02
0.255,-70,5.923580e+02
0.255,-65,5.936886e+02
0.255,-60,5.953213e+02
0.255,-55,5.972618e+02
0.255,-50,5.995079e+02
0.255,-45,6.021033e+02
0.255,-40,6.050595e+02
0.255,-35,6.083717e+02
0.255,-30,6.120667e+02
0.255,-25,6.161567e+02
0.255,-20,6.206174e+02
0.255,-15,6.254496e+02
0.255,-10,6.306663e+02
0.255,-5,6.362532e+02
0.255,-0,6.421437e+02
0.255,5,6.483520e+02
0.255,10,6.548606e+02
0.255,15,6.615270e+02
0.255,20,6.683782e+02
0.255,25,6.753810e+02
0.255,30,6.823074e+02
0.255,35,6.891852e+02
0.255,40,6.959947e+02
0.255,45,7.024490e+02
0.255,50,7.085277e+02
0.255,55,7.142503e+02
0.255,60,7.193260e+02
0.255,65,7.237300e+02
0.255,70,7.274795e+02
0.255,75,7.303369e+02
0.255,80,7.322577e+02
0.255,85,7.332849e+02
0.255,90,7.333782e+02
0.255,95,7.324705e+02
0.255,100,7.306148e+02
0.255,105,7.279195e+02
0.255,110,7.243491e+02
0.255,115,7.199537e+02
0.255,120,7.149639e+02
0.255,125,7.093812e+02
0.255,130,7.032078e+02
0.255,135,6.967692e+02
0.255,140,6.900766e+02
0.255,145,6.831082e+02
0.255,150,6.761475e+02
0.255,155,6.692163e+02
0.255,160,6.622921e+02
0.255,165,6.555672e+02
0.255,170,6.490802e+02
0.255,175,6.428048e+02
0.255,180,6.368618e+02
0.260,-180,6.028207e+02
0.260,-175,5.972963e+02
0.260,-170,5.920990e+02
0.260,-165,5.872781e+02
0.260,-160,5.828508e+02
0.260,-155,5.787975e+02
0.260,-150,5.750969e+02
0.260,-145,5.717788e+02
0.260,-140,5.688337e+02
0.260,-135,5.662286e+02
0.260,-130,5.639529e+02
0.260,-125,5.620171e+02
0.260,-120,5.603793e+02
0.260,-115,5.590365e+02
0.260,-110,5.579811e+02
0.260,-105,5.571938e+02
0.260,-100,5.566685e+02
0.260,-95,5.563983e+02
0.260,-90,5.563881e+02
0.260,-85,5.566296e+02
0.260,-80,5.571311e+02
0.260,-75,5.579061e+02
0.260,-70,5.589371e+02
0.260,-65,5.602439e+02
0.260,-60,5.618603e+02
0.260,-55,5.637794e+02
0.260,-50,5.659973e+02
0.260,-45,5.685635e+02
0.260,-40,5.714779e+02
0.260,-35,5.747380e+02
0.260,-30,5.783768e+02
0.260,-25,5.824065e+02
0.260,-20,5.868049e+02
0.260,-15,5.915686e+02
0.260,-10,5.967204e+02
0.260,-5,6.022405e+02
0.260,-0,6.080572e+02
0.260,5,6.141852e+02
0.260,10,6.206091e+02
0.260,15,6.271898e+02
0.260,20,6.339540e+02
0.260,25,6.408687e+02
0.260,30,6.477085e+02
0.260,35,6.544983e+02
0.260,40,6.612167e+02
0.260,45,6.675801e+02
0.260,50,6.735856e+02
0.260,55,6.792401e+02
0.260,60,6.842565e+02
0.260,65,6.885982e+02
0.260,70,6.922791e+02
0.260,75,6.950889e+02
0.260,80,6.969785e+02
0.260,85,6.979983e+02
0.260,90,6.980981e+02
0.260,95,6.971931e+02
0.260,100,6.953498e+02
0.260,105,6.926885e+02
0.260,110,6.891615e+02
0.260,115,6.848096e+02
0.260,120,6.798906e+02
0.260,125,6.743731e+02
0.260,130,6.682928e+02
0.260,135,6.619485e+02
0.260,140,6.553449e+02
0.260,145,6.484622e+02
0.260,150,6.415843e+02
0.260,155,6.347398e+02
0.260,160,6.279050e+02
0.260,165,6.212719e+02
0.260,170,6.148716e+02
0.260,175,6.086825e+02
0.260,180,6.028207e+02
0.265,-180,5.698801e+02
0.265,-175,5.644418e+02
0.265,-170,5.593144e+02
0.265,-165,5.545587e+02
0.265,-160,5.501918e+02
0.265,-155,5.461960e+02
0.265,-150,5.425583e+02
0.265,-145,5.392888e+02
0.265,-140,5.363848e+02
0.265,-135,5.338162e+02
0.265,-130,5.315857e+02
0.265,-125,5.296808e+02
0.265,-120,5.280621e+02
0.265,-115,5.267363e+02
0.265,-110,5.257064e+02
0.265,-105,5.249332e+02
0.265,-100,5.244120e+02
0.265,-95,5.241560e+02
0.265,-90,5.241445e+02
0.265,-85,5.243766e+02
0.265,-80,5.248645e+02
0.265,-75,5.256238e+02
0.265,-70,5.266480e+02
0.265,-65,5.279321e+02
0.265,-60,5.295195e+02
0.265,-55,5.314057e+02
0.265,-50,5.335956e+02
0.265,-45,5.361283e+02
0.265,-40,5.390028e+02
0.265,-35,5.422243e+02
0.265,-30,5.458079e+02
0.265,-25,5.497772e+02
0.265,-20,5.541132e+02
0.265,-15,5.588083e+02
0.265,-10,5.638876e+02
0.265,-5,5.693316e+02
0.265,-0,5.750707e+02
0.265,5,5.811188e+02
0.265,10,5.874637e+02
0.265,15,5.939625e+02
0.265,20,6.006416e+02
0.265,25,6.074609e+02
0.265,30,6.142117e+02
0.265,35,6.209144e+02
0.265,40,6.275497e+02
0.265,45,6.338344e+02
0.265,50,6.397672e+02
0.265,55,6.453543e+02
0.265,60,6.502992e+02
0.265,65,6.545738e+02
0.265,70,6.581983e+02
0.265,75,6.609697e+02
0.265,80,6.628278e+02
0.265,85,6.638422e+02
0.265,90,6.639285e+02
0.265,95,6.630338e+02
0.265,100,6.612116e+02
0.265,105,6.585854e+02
0.265,110,6.550982e+02
0.265,115,6.508105e+02
0.265,120,6.459433e+02
0.265,125,6.404995e+02
0.265,130,6.345020e+02
0.265,135,6.282333e+02
0.265,140,6.217097e+02
0.265,145,6.149177e+02
0.265,150,6.081302e+02
0.265,155,6.013758e+02
0.265,160,5.946311e+02
0.265,165,5.880846e+02
0.265,170,5.817687e+02
0.265,175,5.756614e+02
0.265,180,5.698801e+02
0.270,-180,5.380480e+02
0.270,-175,5.326813e+02
0.270,-170,5.276319e+02
0.270,-165,5.229506e+02
0.270,-160,5.186442e+02
0.270,-155,5.147015e+02
0.270,-150,5.111147e+02
0.270,-145,5.079012e+02
0.270,-140,5.050470e+02
0.270,-135,5.025149e+02
0.270,-130,5.003156e+02
0.270,-125,4.984467e+02
0.270,-120,4.968551e+02
0.270,-115,4.955463e+02
0.270,-110,4.945288e+02
0.270,-105,4.937722e+02
0.270,-100,4.932653e+02
0.270,-95,4.930085e+02
0.270,-90,4.930032e+02
0.270,-85,4.932348e+02
0.270,-80,4.937091e+02
0.270,-75,4.944506e+02
0.270,-70,4.954529e+02
0.270,-65,4.967223e+02
0.270,-60,4.982889e+02
0.270,-55,5.001438e+02
0.270,-50,5.022947e+02
0.270,-45,5.047880e+02
0.270,-40,5.076284e+02
0.270,-35,5.108026e+02
0.270,-30,5.143420e+02
0.270,-25,5.182617e+02
0.270,-20,5.225356e+02
0.270,-15,5.271625e+02
0.270,-10,5.321697e+02
0.270,-5,5.375378e+02
0.270,-0,5.431997e+02
0.270,5,5.491661e+02
0.270,10,5.554265e+02
0.270,15,5.618398e+02
0.270,20,5.684321e+02
0.270,25,5.751638e+02
0.270,30,5.818285e+02
0.270,35,5.884466e+02
0.270,40,5.949991e+02
0.270,45,6.012055e+02
0.270,50,6.070652e+02
0.270,55,6.125679e+02
0.270,60,6.174398e+02
0.270,65,6.216494e+02
0.270,70,6.252309e+02
0.270,75,6.279520e+02
0.270,80,6.297930e+02
0.270,85,6.307893e+02
0.270,90,6.308736e+02
0.270,95,6.299785e+02
0.270,100,6.281877e+02
0.270,105,6.255839e+02
0.270,110,6.221491e+02
0.270,115,6.179085e+02
0.270,120,6.131087e+02
0.270,125,6.077409e+02
0.270,130,6.018130e+02
0.270,135,5.956247e+02
0.270,140,5.891888e+02
0.270,145,5.824871e+02
0.270,150,5.757896e+02
0.270,155,5.691247e+02
0.270,160,5.624695e+02
0.270,165,5.560089e+02
0.270,170,5.497770e+02
0.270,175,5.437514e+02
0.270,180,5.380480e+02
0.275,-180,5.073190e+02
0.275,-175,5.020239e+02
0.275,-170,4.970442e+02
0.275,-165,4.924282e+02
0.275,-160,4.881923e+02
0.275,-155,4.843104e+02
0.275,-150,4.807744e+02
0.275,-145,4.776066e+02
0.275,-140,4.747976e+02
0.275,-135,4.723146e+02
0.275,-130,4.701475e+02
0.275,-125,4.683048e+02
0.275,-120,4.667435e+02
0.275,-115,4.654592e+02
0.275,-110,4.644541e+02
0.275,-105,4.637054e+02
0.275,-100,4.632061e+02
0.275,-95,4.629632e+02
0.275,-90,4.629535e+02
0.275,-85,4.631821e+02
0.275,-80,4.636574e+02
0.275,-75,4.643813e+02
0.275,-70,4.653617e+02
0.275,-65,4.666052e+02
0.275,-60,4.681466e+02
0.275,-55,4.699775e+02
0.275,-50,4.720989e+02
0.275,-45,4.745491e+02
0.275,-40,4.773420e+02
0.275,-35,4.804730e+02
0.275,-30,4.839691e+02
0.275,-25,4.878311e+02
0.275,-20,4.920480e+02
0.275,-15,4.966175e+02
0.275,-10,5.015581e+02
0.275,-5,5.068505e+02
0.275,-0,5.124345e+02
0.275,5,5.183203e+02
0.275,10,5.244964e+02
0.275,15,5.308246e+02
0.275,20,5.373305e+02
0.275,25,5.439752e+02
0.275,30,5.505539e+02
0.275,35,5.570876e+02
0.275,40,5.635573e+02
0.275,45,5.696759e+02
0.275,50,5.754491e+02
0.275,55,5.808731e+02
0.275,60,5.856744e+02
0.275,65,5.898345e+02
0.275,70,5.933515e+02
0.275,75,5.960434e+02
0.275,80,5.978629e+02
0.275,85,5.988364e+02
0.275,90,5.989071e+02
0.275,95,5.980307e+02
0.275,100,5.962542e+02
0.275,105,5.936896e+02
0.275,110,5.902933e+02
0.275,115,5.861099e+02
0.275,120,5.813798e+02
0.275,125,5.760742e+02
0.275,130,5.702237e+02
0.275,135,5.641205e+02
0.275,140,5.577724e+02
0.275,145,5.511612e+02
0.275,150,5.445485e+02
0.275,155,5.379694e+02
0.275,160,5.314021e+02
0.275,165,5.250348e+02
0.275,170,5.188892e+02
0.275,175,5.129450e+02
0.275,180,5.073190e+02
0.280,-180,4.776775e+02
0.280,-175,4.724614e+02
0.280,-170,4.675510e+02
0.280,-165,4.629998e+02
0.280,-160,4.588242e+02
0.280,-155,4.550053e+02
0.280,-150,4.515285e+02
0.280,-145,4.484063e+02
0.280,-140,4.456381e+02
0.280,-135,4.431910e+02
0.280,-130,4.410674e+02
0.280,-125,4.392546e+02
0.280,-120,4.377149e+02
0.280,-115,4.364543e+02
0.280,-110,4.354741e+02
0.280,-105,4.347333e+02
0.280,-100,4.342375e+02
0.280,-95,4.339936e+02
0.280,-90,4.339929e+02
0.280,-85,4.342185e+02
0.280,-80,4.346808e+02
0.280,-75,4.354018e+02
0.280,-70,4.363666e+02
0.280,-65,4.375840e+02
0.280,-60,4.390952e+02
0.280,-55,4.408951e+02
0.280,-50,4.429825e+02
0.280,-45,4.454033e+02
0.280,-40,4.481526e+02
0.280,-35,4.512319e+02
0.280,-30,4.546722e+02
0.280,-25,4.584844e+02
0.280,-20,4.626447e+02
0.280,-15,4.671542e+02
0.280,-10,4.720274e+02
0.280,-5,4.772534e+02
0.280,-0,4.827627e+02
0.280,5,4.885726e+02
0.280,10,4.946677e+02
0.280,15,5.009109e+02
0.280,20,5.073306e+02
0.280,25,5.138883e+02
0.280,30,5.203784e+02
0.280,35,5.268224e+02
0.280,40,5.332018e+02
0.280,45,5.392298e+02
0.280,50,5.449169e+02
0.280,55,5.502682e+02
0.280,60,5.550111e+02
0.280,65,5.591018e+02
0.280,70,5.625741e+02
0.280,75,5.652368e+02
0.280,80,5.670168e+02
0.280,85,5.679731e+02
0.280,90,5.680409e+02
0.280,95,5.671759e+02
0.280,100,5.654184e+02
0.280,105,5.628881e+02
0.280,110,5.595312e+02
0.280,115,5.554100e+02
0.280,120,5.507358e+02
0.280,125,5.455000e+02
0.280,130,5.397314e+02
0.280,135,5.337094e+02
0.280,140,5.274374e+02
0.280,145,5.209148e+02
0.280,150,5.143911e+02
0.280,155,5.079013e+02
0.280,160,5.014229e+02
0.280,165,4.951408e+02
0.280,170,4.890789e+02
0.280,175,4.832202e+02
0.280,180,4.776775e+02
0.285,-180,4.491140e+02
0.285,-175,4.439751e+02
0.285,-170,4.391423e+02
0.285,-165,4.346591e+02
0.285,-160,4.305435e+02
0.285,-155,4.267771e+02
0.285,-150,4.233537e+02
0.285,-145,4.202889e+02
0.285,-140,4.175655e+02
0.285,-135,4.151542e+02
0.285,-130,4.130615e+02
0.285,-125,4.112846e+02
0.285,-120,4.097730e+02
0.285,-115,4.085290e+02
0.285,-110,4.075626e+02
0.285,-105,4.068440e+02
0.285,-100,4.063566e+02
0.285,-95,4.061118e+02
0.285,-90,4.061059e+02
0.285,-85,4.063306e+02
0.285,-80,4.067930e+02
0.285,-75,4.074962e+02
0.285,-70,4.084477e+02
0.285,-65,4.096530e+02
0.285,-60,4.111341e+02
0.285,-55,4.129027e+02
0.285,-50,4.149517e+02
0.285,-45,4.173296e+02
0.285,-40,4.200412e+02
0.285,-35,4.230821e+02
0.285,-30,4.264679e+02
0.285,-25,4.302211e+02
0.285,-20,4.343187e+02
0.285,-15,4.387629e+02
0.285,-10,4.435743e+02
0.285,-5,4.487339e+02
0.285,-0,4.541669e+02
0.285,5,4.598989e+02
0.285,10,4.659125e+02
0.285,15,4.720743e+02
0.285,20,4.784061e+02
0.285,25,4.848739e+02
0.285,30,4.912787e+02
0.285,35,4.976350e+02
0.285,40,5.039168e+02
0.285,45,5.098613e+02
0.285,50,5.154763e+02
0.285,55,5.207597e+02
0.285,60,5.254253e+02
0.285,65,5.294615e+02
0.285,70,5.328933e+02
0.285,75,5.355045e+02
0.285,80,5.372611e+02
0.285,85,5.381946e+02
0.285,90,5.382683e+02
0.285,95,5.374013e+02
0.285,100,5.356750e+02
0.285,105,5.331655e+02
0.285,110,5.298606e+02
0.285,115,5.257845e+02
0.285,120,5.211766e+02
0.285,125,5.160166e+02
0.285,130,5.103230e+02
0.285,135,5.043749e+02
0.285,140,4.981901e+02
0.285,145,4.917571e+02
0.285,150,4.853229e+02
0.285,155,4.789222e+02
0.285,160,4.725327e+02
0.285,165,4.663358e+02
0.285,170,4.603573e+02
0.285,175,4.545796e+02
0.285,180,4.491140e+02
0.290,-180,4.216309e+02
0.290,-175,4.165627e+02
0.290,-170,4.117987e+02
0.290,-165,4.073856e+02
0.290,-160,4.033395e+02
0.290,-155,3.996291e+02
0.290,-150,3.962558e+02
0.290,-145,3.932362e+02
0.290,-140,3.905615e+02
0.290,-135,3.881982e+02
0.290,-130,3.861362e+02
0.290,-125,3.843815e+02
0.290,-120,3.828982e+02
0.290,-115,3.816846e+02
0.290,-110,3.807305e+02
0.290,-105,3.800192e+02
0.290,-100,3.795445e+02
0.290,-95,3.793116e+02
0.290,-90,3.793002e+02
0.290,-85,3.795154e+02
0.290,-80,3.799652e+02
0.290,-75,3.806654e+02
0.290,-70,3.816025e+02
0.290,-65,3.827824e+02
0.290,-60,3.842476e+02
0.290,-55,3.859903e+02
0.290,-50,3.880042e+02
0.290,-45,3.903395e+02
0.290,-40,3.930040e+02
0.290,-35,3.959934e+02
0.290,-30,3.993350e+02
0.290,-25,4.030370e+02
0.290,-20,4.070784e+02
0.290,-15,4.114550e+02
0.290,-10,4.161949e+02
0.290,-5,4.212794e+02
0.290,-0,4.266364e+02
0.290,5,4.322907e+02
0.290,10,4.382257e+02
0.290,15,4.443063e+02
0.290,20,4.505470e+02
0.290,25,4.569274e+02
0.290,30,4.632442e+02
0.290,35,4.695153e+02
0.290,40,4.757155e+02
0.290,45,4.815831e+02
0.290,50,4.871156e+02
0.290,55,4.923166e+02
0.290,60,4.969241e+02
0.290,65,5.009107e+02
0.290,70,5.042816e+02
0.290,75,5.068582e+02
0.290,80,5.085766e+02
0.290,85,5.095050e+02
0.290,90,5.095621e+02
0.290,95,5.087144e+02
0.290,100,5.069978e+02
0.290,105,5.045292e+02
0.290,110,5.012627e+02
0.290,115,4.972410e+02
0.290,120,4.927018e+02
0.290,125,4.876073e+02
0.290,130,4.819851e+02
0.290,135,4.761216e+02
0.290,140,4.700242e+02
0.290,145,4.636809e+02
0.290,150,4.573364e+02
0.290,155,4.510218e+02
0.290,160,4.447197e+02
0.290,165,4.386118e+02
0.290,170,4.327165e+02
0.290,175,4.270196e+02
0.290,180,4.216309e+02
0.295,-180,3.952167e+02
0.295,-175,3.902236e+02
0.295,-170,3.855282e+02
0.295,-165,3.811791e+02
0.295,-160,3.771923e+02
0.295,-155,3.735477e+02
0.295,-150,3.702318e+02
0.295,-145,3.672570e+02
0.295,-140,3.646221e+02
0.295,-135,3.622943e+02
0.295,-130,3.602756e+02
0.295,-125,3.585524e+02
0.295,-120,3.570900e+02
0.295,-115,3.558931e+02
0.295,-110,3.549649e+02
0.295,-105,3.542698e+02
0.295,-100,3.537980e+02
0.295,-95,3.535652e+02
0.295,-90,3.535629e+02
0.295,-85,3.537748e+02
0.295,-80,3.542112e+02
0.295,-75,3.548937e+02
0.295,-70,3.558159e+02
0.295,-65,3.569842e+02
0.295,-60,3.584220e+02
0.295,-55,3.601362e+02
0.295,-50,3.621222e+02
0.295,-45,3.644283e+02
0.295,-40,3.670458e+02
0.295,-35,3.699838e+02
0.295,-30,3.732700e+02
0.295,-25,3.769149e+02
0.295,-20,3.808945e+02
0.295,-15,3.852141e+02
0.295,-10,3.898924e+02
0.295,-5,3.949064e+02
0.295,-0,4.001873e+02
0.295,5,4.057611e+02
0.295,10,4.116130e+02
0.295,15,4.176096e+02
0.295,20,4.237658e+02
0.295,25,4.300599e+02
0.295,30,4.362921e+02
0.295,35,4.424801e+02
0.295,40,4.485858e+02
0.295,45,4.543664e+02
0.295,50,4.598245e+02
0.295,55,4.649594e+02
0.295,60,4.695093e+02
0.295,65,4.734228e+02
0.295,70,4.767482e+02
0.295,75,4.792735e+02
0.295,80,4.809751e+02
0.295,85,4.818794e+02
0.295,90,4.819385e+02
0.295,95,4.810946e+02
0.295,100,4.794021e+02
0.295,105,4.769653e+02
0.295,110,4.737376e+02
0.295,115,4.697766e+02
0.295,120,4.652857e+02
0.295,125,4.602642e+02
0.295,130,4.547236e+02
0.295,135,4.489438e+02
0.295,140,4.429221e+02
0.295,145,4.366646e+02
0.295,150,4.304053e+02
0.295,155,4.241786e+02
0.295,160,4.179649e+02
0.295,165,4.119449e+02
0.295,170,4.061351e+02
0.295,175,4.005231e+02
0.295,180,3.952167e+02
0.300,-180,3.698529e+02
0.300,-175,3.649390e+02
0.300,-170,3.603200e+02
0.300,-165,3.560400e+02
0.300,-160,3.521121e+02
0.300,-155,3.485190e+02
0.300,-150,3.452561e+02
0.300,-145,3.423376e+02
0.300,-140,3.397501e+02
0.300,-135,3.374573e+02
0.300,-130,3.354692e+02
0.300,-125,3.337793e+02
0.300,-120,3.323487e+02
0.300,-115,3.311678e+02
0.300,-110,3.302509e+02
0.300,-105,3.295687e+02
0.300,-100,3.291140e+02
0.300,-95,3.288837e+02
0.300,-90,3.288758e+02
0.300,-85,3.290868e+02
0.300,-80,3.295244e+02
0.300,-75,3.301919e+02
0.300,-70,3.310919e+02
0.300,-65,3.322339e+02
0.300,-60,3.336525e+02
0.300,-55,3.353417e+02
0.300,-50,3.372966e+02
0.300,-45,3.395595e+02
0.300,-40,3.421428e+02
0.300,-35,3.450423e+02
0.300,-30,3.482772e+02
0.300,-25,3.518636e+02
0.300,-20,3.557811e+02
0.300,-15,3.600335e+02
0.300,-10,3.646408e+02
0.300,-5,3.695845e+02
0.300,-0,3.747898e+02
0.300,5,3.802895e+02
0.300,10,3.860635e+02
0.300,15,3.919793e+02
0.300,20,3.980451e+02
0.300,25,4.042526e+02
0.300,30,4.103976e+02
0.300,35,4.164972e+02
0.300,40,4.225199e+02
0.300,45,4.282247e+02
0.300,50,4.336122e+02
0.300,55,4.386750e+02
0.300,60,4.431444e+02
0.300,65,4.470041e+02
0.300,70,4.502691e+02
0.300,75,4.527664e+02
0.300,80,4.544355e+02
0.300,85,4.553248e+02
0.300,90,4.553779e+02
0.300,95,4.545407e+02
0.300,100,4.528728e+02
0.300,105,4.504600e+02
0.300,110,4.472846e+02
0.300,115,4.433643e+02
0.300,120,4.389397e+02
0.300,125,4.339930e+02
0.300,130,4.285237e+02
0.300,135,4.228146e+02
0.300,140,4.168798e+02
0.300,145,4.107119e+02
0.300,150,4.045411e+02
0.300,155,3.984029e+02
0.300,160,3.922775e+02
0.300,165,3.863418e+02
0.300,170,3.806147e+02
0.300,175,3.750829e+02
0.300,180,3.698529e+02
0.305,-180,3.455480e+02
0.305,-175,3.407038e+02
0.305,-170,3.361527e+02
0.305,-165,3.319396e+02
0.305,-160,3.280802e+02
0.305,-155,3.245471e+02
0.305,-150,3.213335e+02
0.305,-145,3.184598e+02
0.305,-140,3.159172e+02
0.305,-135,3.136723e+02
0.305,-130,3.117213e+02
0.305,-125,3.100549e+02
0.305,-120,3.086477e+02
0.305,-115,3.074961e+02
0.305,-110,3.065989e+02
0.305,-105,3.059228e+02
0.305,-100,3.054704e+02
0.305,-95,3.052484e+02
0.305,-90,3.052487e+02
0.305,-85,3.054503e+02
0.305,-80,3.058727e+02
0.305,-75,3.065330e+02
0.305,-70,3.074250e+02
0.305,-65,3.085449e+02
0.305,-60,3.099332e+02
0.305,-55,3.115910e+02
0.305,-50,3.135125e+02
0.305,-45,3.157460e+02
0.305,-40,3.182942e+02
0.305,-35,3.211432e+02
0.305,-30,3.243315e+02
0.305,-25,3.278671e+02
0.305,-20,3.317306e+02
0.305,-15,3.359202e+02
0.305,-10,3.404567e+02
0.305,-5,3.453261e+02
0.305,-0,3.504564e+02
0.305,5,3.558762e+02
0.305,10,3.615678e+02
0.305,15,3.674004e+02
0.305,20,3.733831e+02
0.305,25,3.795054e+02
0.305,30,3.855664e+02
0.305,35,3.915826e+02
0.305,40,3.975233e+02
0.305,45,4.031486e+02
0.305,50,4.084522e+02
0.305,55,4.134405e+02
0.305,60,4.178374e+02
0.305,65,4.216342e+02
0.305,70,4.248603e+02
0.305,75,4.273094e+02
0.305,80,4.289528e+02
0.305,85,4.298276e+02
0.305,90,4.298727e+02
0.305,95,4.290517e+02
0.305,100,4.273937e+02
0.305,105,4.250224e+02
0.305,110,4.218753e+02
0.305,115,4.180147e+02
0.305,120,4.136515e+02
0.305,125,4.087651e+02
0.305,130,4.033732e+02
0.305,135,3.977479e+02
0.305,140,3.918993e+02
0.305,145,3.858149e+02
0.305,150,3.797332e+02
0.305,155,3.736796e+02
0.305,160,3.676408e+02
0.305,165,3.617964e+02
0.305,170,3.561538e+02
0.305,175,3.507019e+02
0.305,180,3.455480e+02
0.310,-180,3.222833e+02
0.310,-175,3.175222e+02
0.310,-170,3.130406e+02
0.310,-165,3.088904e+02
0.310,-160,3.050891e+02
0.310,-155,3.016153e+02
0.310,-150,2.984611e+02
0.310,-145,2.956375e+02
0.310,-140,2.931328e+02
0.310,-135,2.909211e+02
0.310,-130,2.890042e+02
0.310,-125,2.873761e+02
0.310,-120,2.859891e+02
0.310,-115,2.848523e+02
0.310,-110,2.839705e+02
0.310,-105,2.833150e+02
0.310,-100,2.828774e+02
0.310,-95,2.826530e+02
0.310,-90,2.826471e+02
0.310,-85,2.828522e+02
0.310,-80,2.832757e+02
0.310,-75,2.839214e+02
0.310,-70,2.847911e+02
0.310,-65,2.858944e+02
0.310,-60,2.872663e+02
0.310,-55,2.888959e+02
0.310,-50,2.907829e+02
0.310,-45,2.929748e+02
0.310,-40,2.954775e+02
0.310,-35,2.982873e+02
0.310,-30,3.014321e+02
0.310,-25,3.049150e+02
0.310,-20,3.087166e+02
0.310,-15,3.128454e+02
0.310,-10,3.173209e+02
0.310,-5,3.221244e+02
0.310,-0,3.271799e+02
0.310,5,3.325261e+02
0.310,10,3.381355e+02
0.310,15,3.438852e+02
0.310,20,3.497847e+02
0.310,25,3.558219e+02
0.310,30,3.617969e+02
0.310,35,3.677205e+02
0.310,40,3.735750e+02
0.310,45,3.791183e+02
0.310,50,3.843451e+02
0.310,55,3.892476e+02
0.310,60,3.935808e+02
0.310,65,3.973288e+02
0.310,70,4.004932e+02
0.310,75,4.029106e+02
0.310,80,4.045240e+02
0.310,85,4.053759e+02
0.310,90,4.054198e+02
0.310,95,4.045939e+02
0.310,100,4.029679e+02
0.310,105,4.006149e+02
0.310,110,3.975181e+02
0.310,115,3.937103e+02
0.310,120,3.894008e+02
0.310,125,3.845892e+02
0.310,130,3.792783e+02
0.310,135,3.737255e+02
0.310,140,3.679526e+02
0.310,145,3.619548e+02
0.310,150,3.559610e+02
0.310,155,3.499956e+02
0.310,160,3.440447e+02
0.310,165,3.382842e+02
0.310,170,3.327241e+02
0.310,175,3.273560e+02
0.310,180,3.222833e+02
0.315,-180,3.000464e+02
0.315,-175,2.953541e+02
0.315,-170,2.909458e+02
0.315,-165,2.868671e+02
0.315,-160,2.831333e+02
0.315,-155,2.797103e+02
0.315,-150,2.766045e+02
0.315,-145,2.738287e+02
0.315,-140,2.713746e+02
0.315,-135,2.692090e+02
0.315,-130,2.673228e+02
0.315,-125,2.657163e+02
0.315,-120,2.643609e+02
0.315,-115,2.632535e+02
0.315,-110,2.623888e+02
0.315,-105,2.617400e+02
0.315,-100,2.613064e+02
0.315,-95,2.610948e+02
0.315,-90,2.610971e+02
0.315,-85,2.612924e+02
0.315,-80,2.616998e+02
0.315,-75,2.623370e+02
0.315,-70,2.631980e+02
0.315,-65,2.642822e+02
0.315,-60,2.656230e+02
0.315,-55,2.672239e+02
0.315,-50,2.690815e+02
0.315,-45,2.712424e+02
0.315,-40,2.736976e+02
0.315,-35,2.764563e+02
0.315,-30,2.795462e+02
0.315,-25,2.829725e+02
0.315,-20,2.867206e+02
0.315,-15,2.907930e+02
0.315,-10,2.952024e+02
0.315,-5,2.999328e+02
0.315,-0,3.049132e+02
0.315,5,3.101804e+02
0.315,10,3.157129e+02
0.315,15,3.213792e+02
0.315,20,3.271933e+02
0.315,25,3.331453e+02
0.315,30,3.390378e+02
0.315,35,3.448813e+02
0.315,40,3.506496e+02
0.315,45,3.561088e+02
0.315,50,3.612603e+02
0.315,55,3.661005e+02
0.315,60,3.703694e+02
0.315,65,3.740519e+02
0.315,70,3.771788e+02
0.315,75,3.795481e+02
0.315,80,3.811351e+02
0.315,85,3.819730e+02
0.315,90,3.820056e+02
0.315,95,3.811998e+02
0.315,100,3.795773e+02
0.315,105,3.772613e+02
0.315,110,3.741987e+02
0.315,115,3.704351e+02
0.315,120,3.661920e+02
0.315,125,3.614414e+02
0.315,130,3.562023e+02
0.315,135,3.507312e+02
0.315,140,3.450446e+02
0.315,145,3.391358e+02
0.315,150,3.332295e+02
0.315,155,3.273519e+02
0.315,160,3.214882e+02
0.315,165,3.158108e+02
0.315,170,3.103325e+02
0.315,175,3.050437e+02
0.315,180,3.000464e+02
0.320,-180,2.788496e+02
0.320,-175,2.742258e+02
0.320,-170,2.698842e+02
0.320,-165,2.658676e+02
0.320,-160,2.621910e+02
0.320,-155,2.588347e+02
0.320,-150,2.557879e+02
0.320,-145,2.530593e+02
0.320,-140,2.506439e+02
0.320,-135,2.485121e+02
0.320,-130,2.466652e+02
0.320,-125,2.450977e+02
0.320,-120,2.437632e+02
0.320,-115,2.426693e+02
0.320,-110,2.418216e+02
0.320,-105,2.411917e+02
0.320,-100,2.407696e+02
0.320,-95,2.405543e+02
0.320,-90,2.405490e+02
0.320,-85,2.407459e+02
0.320,-80,2.411499e+02
0.320,-75,2.417687e+02
0.320,-70,2.426088e+02
0.320,-65,2.436757e+02
0.320,-60,2.450020e+02
0.320,-55,2.465783e+02
0.320,-50,2.483985e+02
0.320,-45,2.505168e+02
0.320,-40,2.529417e+02
0.320,-35,2.556671e+02
0.320,-30,2.587152e+02
0.320,-25,2.620861e+02
0.320,-20,2.657708e+02
0.320,-15,2.697762e+02
0.320,-10,2.741207e+02
0.320,-5,2.787816e+02
0.320,-0,2.836917e+02
0.320,5,2.888861e+02
0.320,10,2.943420e+02
0.320,15,2.999226e+02
0.320,20,3.056550e+02
0.320,25,3.115227e+02
0.320,30,3.173289e+02
0.320,35,3.230751e+02
0.320,40,3.287582e+02
0.320,45,3.341401e+02
0.320,50,3.392231e+02
0.320,55,3.439773e+02
0.320,60,3.481822e+02
0.320,65,3.518112e+02
0.320,70,3.548739e+02
0.320,75,3.572114e+02
0.320,80,3.587740e+02
0.320,85,3.595928e+02
0.320,90,3.596273e+02
0.320,95,3.588147e+02
0.320,100,3.572241e+02
0.320,105,3.549263e+02
0.320,110,3.519082e+02
0.320,115,3.482048e+02
0.320,120,3.440103e+02
0.320,125,3.393294e+02
0.320,130,3.341706e+02
0.320,135,3.287825e+02
0.320,140,3.231811e+02
0.320,145,3.173600e+02
0.320,150,3.115399e+02
0.320,155,3.057496e+02
0.320,160,2.999733e+02
0.320,165,2.943787e+02
0.320,170,2.889819e+02
0.320,175,2.837720e+02
0.320,180,2.788496e+02
0.325,-180,2.586803e+02
0.325,-175,2.541247e+02
0.325,-170,2.498495e+02
0.325,-165,2.458946e+02
0.325,-160,2.422751e+02
0.325,-155,2.389684e+02
0.325,-150,2.359687e+02
0.325,-145,2.332895e+02
0.325,-140,2.309229e+02
0.325,-135,2.288355e+02
0.325,-130,2.270176e+02
0.325,-125,2.254710e+02
0.325,-120,2.241663e+02
0.325,-115,2.230997e+02
0.325,-110,2.222608e+02
0.325,-105,2.216364e+02
0.325,-100,2.212204e+02
0.325,-95,2.210190e+02
0.325,-90,2.210208e+02
0.325,-85,2.212117e+02
0.325,-80,2.216088e+02
0.325,-75,2.222259e+02
0.325,-70,2.230559e+02
0.325,-65,2.240963e+02
0.325,-60,2.253882e+02
0.325,-55,2.269319e+02
0.325,-50,2.287251e+02
0.325,-45,2.308132e+02
0.325,-40,2.331932e+02
0.325,-35,2.358629e+02
0.325,-30,2.388551e+02
0.325,-25,2.421716e+02
0.325,-20,2.458043e+02
0.325,-15,2.497537e+02
0.325,-10,2.540309e+02
0.325,-5,2.586207e+02
0.325,-0,2.634553e+02
0.325,5,2.685712e+02
0.325,10,2.739464e+02
0.325,15,2.794472e+02
0.325,20,2.850973e+02
0.325,25,2.908821e+02
0.325,30,2.966085e+02
0.325,35,3.022789e+02
0.325,40,3.078808e+02
0.325,45,3.131827e+02
0.325,50,3.181847e+02
0.325,55,3.228752e+02
0.325,60,3.270131e+02
0.325,65,3.305846e+02
0.325,70,3.336152e+02
0.325,75,3.359090e+02
0.325,80,3.374391e+02
0.325,85,3.382371e+02
0.325,90,3.382585e+02
0.325,95,3.374603e+02
0.325,100,3.358762e+02
0.325,105,3.336175e+02
0.325,110,3.306346e+02
0.325,115,3.269739e+02
0.325,120,3.228478e+02
0.325,125,3.182412e+02
0.325,130,3.131622e+02
0.325,135,3.078577e+02
0.325,140,3.023430e+02
0.325,145,2.966115e+02
0.325,150,2.908794e+02
0.325,155,2.851765e+02
0.325,160,2.794870e+02
0.325,165,2.739750e+02
0.325,170,2.686594e+02
0.325,175,2.635281e+02
0.325,180,2.586803e+02
0.330,-180,2.395188e+02
0.330,-175,2.350305e+02
0.330,-170,2.308208e+02
0.330,-165,2.269279e+02
0.330,-160,2.233676e+02
0.330,-155,2.201134e+02
0.330,-150,2.171631e+02
0.330,-145,2.145261e+02
0.330,-140,2.121957e+02
0.330,-135,2.101407e+02
0.330,-130,2.083642e+02
0.330,-125,2.068591e+02
0.330,-120,2.055809e+02
0.330,-115,2.045285e+02
0.330,-110,2.037116e+02
0.330,-105,2.031043e+02
0.330,-100,2.026950e+02
0.330,-95,2.024871e+02
0.330,-90,2.024812e+02
0.330,-85,2.026696e+02
0.330,-80,2.030591e+02
0.330,-75,2.036530e+02
0.330,-70,2.044579e+02
0.330,-65,2.054806e+02
0.330,-60,2.067571e+02
0.330,-55,2.082801e+02
0.330,-50,2.100440e+02
0.330,-45,2.120950e+02
0.330,-40,2.144359e+02
0.330,-35,2.170654e+02
0.330,-30,2.200155e+02
0.330,-25,2.232863e+02
0.330,-20,2.268666e+02
0.330,-15,2.307568e+02
0.330,-10,2.349729e+02
0.330,-5,2.394910e+02
0.330,-0,2.442564e+02
0.330,5,2.493011e+02
0.330,10,2.546012e+02
0.330,15,2.600149e+02
0.330,20,2.655775e+02
0.330,25,2.712701e+02
0.330,30,2.769030e+02
0.330,35,2.824855e+02
0.330,40,2.880121e+02
0.330,45,2.932406e+02
0.330,50,2.981533e+02
0.330,55,3.027558e+02
0.330,60,3.068288e+02
0.330,65,3.103503e+02
0.330,70,3.133225e+02
0.330,75,3.155888e+02
0.330,80,3.170932e+02
0.330,85,3.178792e+02
0.330,90,3.178996e+02
0.330,95,3.171056e+02
0.330,100,3.155493e+02
0.330,105,3.133118e+02
0.330,110,3.103738e+02
0.330,115,3.067749e+02
0.330,120,3.027162e+02
0.330,125,2.981821e+02
0.330,130,2.931802e+02
0.330,135,2.879568e+02
0.330,140,2.825277e+02
0.330,145,2.768852e+02
0.330,150,2.712388e+02
0.330,155,2.656199e+02
0.330,160,2.600128e+02
0.330,165,2.545800e+02
0.330,170,2.493446e+02
0.330,175,2.442919e+02
0.330,180,2.395188e+02
0.335,-180,2.213533e+02
0.335,-175,2.169589e+02
0.335,-170,2.128184e+02
0.335,-165,2.089855e+02
0.335,-160,2.054784e+02
0.335,-155,2.022690e+02
0.335,-150,1.993623e+02
0.335,-145,1.967663e+02
0.335,-140,1.944730e+02
0.335,-135,1.924494e+02
0.335,-130,1.906964e+02
0.335,-125,1.892074e+02
0.335,-120,1.879513e+02
0.335,-115,1.869242e+02
0.335,-110,1.861179e+02
0.335,-105,1.855168e+02
0.335,-100,1.851179e+02
0.335,-95,1.849263e+02
0.335,-90,1.849330e+02
0.335,-85,1.851179e+02
0.335,-80,1.855003e+02
0.335,-75,1.860940e+02
0.335,-70,1.868913e+02
0.335,-65,1.878955e+02
0.335,-60,1.891381e+02
0.335,-55,1.906240e+02
0.335,-50,1.923524e+02
0.335,-45,1.943675e+02
0.335,-40,1.966735e+02
0.335,-35,1.992549e+02
0.335,-30,2.021495e+02
0.335,-25,2.053572e+02
0.335,-20,2.088752e+02
0.335,-15,2.127026e+02
0.335,-10,2.168571e+02
0.335,-5,2.213064e+02
0.335,-0,2.260048e+02
0.335,5,2.309711e+02
0.335,10,2.361903e+02
0.335,15,2.415267e+02
0.335,20,2.470145e+02
0.335,25,2.526344e+02
0.335,30,2.581860e+02
0.335,35,2.636846e+02
0.335,40,2.691245e+02
0.335,45,2.742723e+02
0.335,50,2.791213e+02
0.335,55,2.836668e+02
0.335,60,2.876764e+02
0.335,65,2.911394e+02
0.335,70,2.940738e+02
0.335,75,2.962897e+02
0.335,80,2.977653e+02
0.335,85,2.985213e+02
0.335,90,2.985313e+02
0.335,95,2.977384e+02
0.335,100,2.961922e+02
0.335,105,2.939931e+02
0.335,110,2.911063e+02
0.335,115,2.875694e+02
0.335,120,2.835795e+02
0.335,125,2.791216e+02
0.335,130,2.742021e+02
0.335,135,2.690455e+02
0.335,140,2.636800e+02
0.335,145,2.581081e+02
0.335,150,2.525501e+02
0.335,155,2.470135e+02
0.335,160,2.414938e+02
0.335,165,2.361564e+02
0.335,170,2.310099e+02
0.335,175,2.260426e+02
0.335,180,2.213533e+02
0.340,-180,2.041152e+02
0.340,-175,1.997898e+02
0.340,-170,1.957259e+02
0.340,-165,1.919714e+02
0.340,-160,1.885417e+02
0.340,-155,1.853995e+02
0.340,-150,1.825472e+02
0.340,-145,1.800003e+02
0.340,-140,1.777510e+02
0.340,-135,1.757640e+02
0.340,-130,1.740348e+02
0.340,-125,1.725651e+02
0.340,-120,1.713243e+02
0.340,-115,1.703100e+02
0.340,-110,1.695246e+02
0.340,-105,1.689405e+02
0.340,-100,1.685508e+02
0.340,-95,1.683491e+02
0.340,-90,1.683405e+02
0.340,-85,1.685173e+02
0.340,-80,1.688882e+02
0.340,-75,1.694662e+02
0.340,-70,1.702452e+02
0.340,-65,1.712372e+02
0.340,-60,1.724707e+02
0.340,-55,1.739328e+02
0.340,-50,1.756334e+02
0.340,-45,1.776064e+02
0.340,-40,1.798725e+02
0.340,-35,1.824244e+02
0.340,-30,1.852820e+02
0.340,-25,1.884419e+02
0.340,-20,1.919087e+02
0.340,-15,1.956765e+02
0.340,-10,1.997622e+02
0.340,-5,2.041409e+02
0.340,-0,2.087646e+02
0.340,5,2.136598e+02
0.340,10,2.188014e+02
0.340,15,2.240572e+02
0.340,20,2.294649e+02
0.340,25,2.350017e+02
0.340,30,2.404685e+02
0.340,35,2.458822e+02
0.340,40,2.512369e+02
0.340,45,2.562984e+02
0.340,50,2.610625e+02
0.340,55,2.655400e+02
0.340,60,2.694958e+02
0.340,65,2.728859e+02
0.340,70,2.757521e+02
0.340,75,2.779312e+02
0.340,80,2.793703e+02
0.340,85,2.801279e+02
0.340,90,2.801345e+02
0.340,95,2.793570e+02
0.340,100,2.778487e+02
0.340,105,2.756949e+02
0.340,110,2.728608e+02
0.340,115,2.693846e+02
0.340,120,2.654479e+02
0.340,125,2.610281e+02
0.340,130,2.561612e+02
0.340,135,2.510768e+02
0.340,140,2.457850e+02
0.340,145,2.402914e+02
0.340,150,2.348166e+02
0.340,155,2.293634e+02
0.340,160,2.239262e+02
0.340,165,2.186710e+02
0.340,170,2.136117e+02
0.340,175,2.087258e+02
0.340,180,2.041152e+02
0.345,-180,1.878411e+02
0.345,-175,1.835930e+02
0.345,-170,1.796017e+02
0.345,-165,1.759146e+02
0.345,-160,1.725460e+02
0.345,-155,1.694700e+02
0.345,-150,1.666759e+02
0.345,-145,1.641835e+02
0.345,-140,1.619745e+02
0.345,-135,1.600127e+02
0.345,-130,1.583043e+02
0.345,-125,1.568570e+02
0.345,-120,1.556360e+02
0.345,-115,1.546393e+02
0.345,-110,1.538689e+02
0.345,-105,1.532960e+02
0.345,-100,1.529144e+02
0.345,-95,1.527302e+02
0.345,-90,1.527332e+02
0.345,-85,1.529137e+02
0.345,-80,1.532681e+02
0.345,-75,1.538277e+02
0.345,-70,1.545896e+02
0.345,-65,1.555582e+02
0.345,-60,1.567636e+02
0.345,-55,1.581912e+02
0.345,-50,1.598541e+02
0.345,-45,1.617955e+02
0.345,-40,1.640190e+02
0.345,-35,1.665209e+02
0.345,-30,1.693207e+02
0.345,-25,1.724212e+02
0.345,-20,1.758271e+02
0.345,-15,1.795348e+02
0.345,-10,1.835603e+02
0.345,-5,1.878707e+02
0.345,-0,1.924272e+02
0.345,5,1.972513e+02
0.345,10,2.023123e+02
0.345,15,2.074909e+02
0.345,20,2.128178e+02
0.345,25,2.182713e+02
0.345,30,2.236513e+02
0.345,35,2.289902e+02
0.345,40,2.342730e+02
0.345,45,2.392710e+02
0.345,50,2.439639e+02
0.345,55,2.483638e+02
0.345,60,2.522522e+02
0.345,65,2.556082e+02
0.345,70,2.584318e+02
0.345,75,2.605735e+02
0.345,80,2.619939e+02
0.345,85,2.627234e+02
0.345,90,2.627314e+02
0.345,95,2.619724e+02
0.345,100,2.604919e+02
0.345,105,2.583720e+02
0.345,110,2.555808e+02
0.345,115,2.521180e+02
0.345,120,2.482183e+02
0.345,125,2.438557e+02
0.345,130,2.390575e+02
0.345,135,2.340548e+02
0.345,140,2.288488e+02
0.345,145,2.234439e+02
0.345,150,2.180526e+02
0.345,155,2.126891e+02
0.345,160,2.073377e+02
0.345,165,2.021668e+02
0.345,170,1.971882e+02
0.345,175,1.923790e+02
0.345,180,1.878411e+02
0.350,-180,1.724973e+02
0.350,-175,1.683276e+02
0.350,-170,1.644151e+02
0.350,-165,1.607984e+02
0.350,-160,1.574849e+02
0.350,-155,1.544667e+02
0.350,-150,1.517265e+02
0.350,-145,1.492848e+02
0.350,-140,1.471298e+02
0.350,-135,1.452224e+02
0.350,-130,1.435724e+02
0.350,-125,1.421636e+02
0.350,-120,1.409565e+02
0.350,-115,1.399655e+02
0.350,-110,1.391940e+02
0.350,-105,1.386156e+02
0.350,-100,1.382237e+02
0.350,-95,1.380248e+02
0.350,-90,1.380120e+02
0.350,-85,1.381764e+02
0.350,-80,1.385270e+02
0.350,-75,1.390832e+02
0.350,-70,1.398397e+02
0.350,-65,1.407905e+02
0.350,-60,1.419778e+02
0.350,-55,1.433903e+02
0.350,-50,1.450368e+02
0.350,-45,1.469549e+02
0.350,-40,1.491455e+02
0.350,-35,1.515965e+02
0.350,-30,1.543455e+02
0.350,-25,1.573971e+02
0.350,-20,1.607503e+02
0.350,-15,1.644015e+02
0.350,-10,1.683619e+02
0.350,-5,1.726089e+02
0.350,-0,1.770980e+02
0.350,5,1.818460e+02
0.350,10,1.868305e+02
0.350,15,1.919308e+02
0.350,20,1.971795e+02
0.350,25,2.025514e+02
0.350,30,2.078502e+02
0.350,35,2.131072e+02
0.350,40,2.183071e+02
0.350,45,2.232157e+02
0.350,50,2.278323e+02
0.350,55,2.321622e+02
0.350,60,2.359739e+02
0.350,65,2.392557e+02
0.350,70,2.420278e+02
0.350,75,2.441140e+02
0.350,80,2.455050e+02
0.350,85,2.462355e+02
0.350,90,2.462569e+02
0.350,95,2.455241e+02
0.350,100,2.440822e+02
0.350,105,2.419758e+02
0.350,110,2.392042e+02
0.350,115,2.357885e+02
0.350,120,2.319399e+02
0.350,125,2.276497e+02
0.350,130,2.229160e+02
0.350,135,2.179886e+02
0.350,140,2.128566e+02
0.350,145,2.075307e+02
0.350,150,2.022249e+02
0.350,155,1.969462e+02
0.350,160,1.916808e+02
0.350,165,1.865919e+02
0.350,170,1.816936e+02
0.350,175,1.769600e+02
0.350,180,1.724973e+02
0.355,-180,1.580831e+02
0.355,-175,1.539787e+02
0.355,-170,1.501225e+02
0.355,-165,1.465617e+02
0.355,-160,1.433105e+02
0.355,-155,1.403549e+02
0.355,-150,1.376624e+02
0.355,-145,1.352584e+02
0.355,-140,1.331389e+02
0.355,-135,1.312740e+02
0.355,-130,1.296672e+02
0.355,-125,1.283071e+02
0.355,-120,1.271518e+02
0.355,-115,1.262085e+02
0.355,-110,1.254807e+02
0.355,-105,1.249145e+02
0.355,-100,1.245216e+02
0.355,-95,1.243132e+02
0.355,-90,1.242879e+02
0.355,-85,1.244398e+02
0.355,-80,1.247748e+02
0.355,-75,1.253086e+02
0.355,-70,1.260354e+02
0.355,-65,1.269610e+02
0.355,-60,1.281146e+02
0.355,-55,1.294914e+02
0.355,-50,1.310976e+02
0.355,-45,1.329666e+02
0.355,-40,1.351182e+02
0.355,-35,1.375447e+02
0.355,-30,1.402586e+02
0.355,-25,1.432667e+02
0.355,-20,1.465689e+02
0.355,-15,1.501597e+02
0.355,-10,1.540562e+02
0.355,-5,1.582320e+02
0.355,-0,1.626483e+02
0.355,5,1.673263e+02
0.355,10,1.722328e+02
0.355,15,1.772569e+02
0.355,20,1.824278e+02
0.355,25,1.877197e+02
0.355,30,1.929374e+02
0.355,35,1.981048e+02
0.355,40,2.032127e+02
0.355,45,2.080277e+02
0.355,50,2.125717e+02
0.355,55,2.168426e+02
0.355,60,2.206162e+02
0.355,65,2.238484e+02
0.355,70,2.265760e+02
0.355,75,2.286496e+02
0.355,80,2.300317e+02
0.355,85,2.307598e+02
0.355,90,2.307906e+02
0.355,95,2.300479e+02
0.355,100,2.285866e+02
0.355,105,2.264902e+02
0.355,110,2.237496e+02
0.355,115,2.203851e+02
0.355,120,2.165799e+02
0.355,125,2.123405e+02
0.355,130,2.076808e+02
0.355,135,2.028305e+02
0.355,140,1.977826e+02
0.355,145,1.925437e+02
0.355,150,1.873183e+02
0.355,155,1.821260e+02
0.355,160,1.769429e+02
0.355,165,1.719364e+02
0.355,170,1.671245e+02
0.355,175,1.624716e+02
0.355,180,1.580831e+02
0.360,-180,1.445818e+02
0.360,-175,1.405508e+02
0.360,-170,1.367695e+02
0.360,-165,1.332749e+02
0.360,-160,1.300827e+02
0.360,-155,1.271739e+02
0.360,-150,1.245326e+02
0.360,-145,1.221790e+02
0.360,-140,1.201060e+02
0.360,-135,1.182805e+02
0.360,-130,1.166969e+02
0.360,-125,1.153511e+02
0.360,-120,1.142139e+02
0.360,-115,1.132837e+02
0.360,-110,1.125644e+02
0.360,-105,1.120194e+02
0.360,-100,1.116572e+02
0.360,-95,1.114827e+02
0.360,-90,1.114699e+02
0.360,-85,1.116207e+02
0.360,-80,1.119505e+02
0.360,-75,1.124711e+02
0.360,-70,1.131736e+02
0.360,-65,1.140669e+02
0.360,-60,1.151885e+02
0.360,-55,1.165305e+02
0.360,-50,1.181009e+02
0.360,-45,1.199383e+02
0.360,-40,1.220464e+02
0.360,-35,1.244215e+02
0.360,-30,1.270773e+02
0.360,-25,1.300324e+02
0.360,-20,1.332744e+02
0.360,-15,1.368069e+02
0.360,-10,1.406364e+02
0.360,-5,1.447477e+02
0.360,-0,1.490971e+02
0.360,5,1.537051e+02
0.360,10,1.585335e+02
0.360,15,1.634835e+02
0.360,20,1.685752e+02
0.360,25,1.737773e+02
0.360,30,1.789178e+02
0.360,35,1.840176e+02
0.360,40,1.890626e+02
0.360,45,1.938176e+02
0.360,50,1.982876e+02
0.360,55,2.024827e+02
0.360,60,2.061875e+02
0.360,65,2.093822e+02
0.360,70,2.120807e+02
0.360,75,2.141330e+02
0.360,80,2.155008e+02
0.360,85,2.161952e+02
0.360,90,2.161771e+02
0.360,95,2.154060e+02
0.360,100,2.139423e+02
0.360,105,2.118811e+02
0.360,110,2.091715e+02
0.360,115,2.058635e+02
0.360,120,2.021311e+02
0.360,125,1.979613e+02
0.360,130,1.933711e+02
0.360,135,1.885954e+02
0.360,140,1.836270e+02
0.360,145,1.784681e+02
0.360,150,1.733301e+02
0.360,155,1.682221e+02
0.360,160,1.631244e+02
0.360,165,1.582004e+02
0.360,170,1.534677e+02
0.360,175,1.488940e+02
0.360,180,1.445818e+02
0.365,-180,1.319324e+02
0.365,-175,1.279734e+02
0.365,-170,1.242522e+02
0.365,-165,1.208171e+02
0.365,-160,1.176869e+02
0.365,-155,1.148461e+02
0.365,-150,1.122692e+02
0.365,-145,1.099720e+02
0.365,-140,1.079485e+02
0.365,-135,1.061569e+02
0.365,-130,1.046053e+02
0.365,-125,1.032938e+02
0.365,-120,1.021829e+02
0.365,-115,1.012730e+02
0.365,-110,1.005600e+02
0.365,-105,1.000281e+02
0.365,-100,9.967080e+01
0.365,-95,9.949465e+01
0.365,-90,9.948773e+01
0.365,-85,9.963799e+01
0.365,-80,9.996300e+01
0.365,-75,1.004768e+02
0.365,-70,1.011614e+02
0.365,-65,1.020419e+02
0.365,-60,1.031477e+02
0.365,-55,1.044697e+02
0.365,-50,1.060117e+02
0.365,-45,1.078135e+02
0.365,-40,1.098765e+02
0.365,-35,1.121993e+02
0.365,-30,1.148019e+02
0.365,-25,1.177028e+02
0.365,-20,1.208940e+02
0.365,-15,1.243718e+02
0.365,-10,1.281372e+02
0.365,-5,1.321861e+02
0.365,-0,1.364697e+02
0.365,5,1.410025e+02
0.365,10,1.457580e+02
0.365,15,1.506330e+02
0.365,20,1.556476e+02
0.365,25,1.607640e+02
0.365,30,1.658251e+02
0.365,35,1.708460e+02
0.365,40,1.758075e+02
0.365,45,1.804853e+02
0.365,50,1.848889e+02
0.365,55,1.890203e+02
0.365,60,1.926668e+02
0.365,65,1.958059e+02
0.365,70,1.984548e+02
0.365,75,2.004565e+02
0.365,80,2.017683e+02
0.365,85,2.024325e+02
0.365,90,2.024100e+02
0.365,95,2.016678e+02
0.365,100,2.002232e+02
0.365,105,1.981895e+02
0.365,110,1.955287e+02
0.365,115,1.922622e+02
0.365,120,1.885811e+02
0.365,125,1.844776e+02
0.365,130,1.799605e+02
0.365,135,1.752529e+02
0.365,140,1.703607e+02
0.365,145,1.652753e+02
0.365,150,1.602116e+02
0.365,155,1.551827e+02
0.365,160,1.501600e+02
0.365,165,1.453119e+02
0.365,170,1.406617e+02
0.365,175,1.361681e+02
0.365,180,1.319324e+02
0.370,-180,1.201662e+02
0.370,-175,1.162798e+02
0.370,-170,1.126434e+02
0.370,-165,1.092718e+02
0.370,-160,1.061965e+02
0.370,-155,1.034043e+02
0.370,-150,1.008719e+02
0.370,-145,9.860455e+01
0.370,-140,9.660846e+01
0.370,-135,9.485274e+01
0.370,-130,9.333997e+01
0.370,-125,9.206757e+01
0.370,-120,9.098329e+01
0.370,-115,9.009521e+01
0.370,-110,8.941017e+01
0.370,-105,8.889916e+01
0.370,-100,8.855325e+01
0.370,-95,8.837551e+01
0.370,-90,8.836066e+01
0.370,-85,8.851165e+01
0.370,-80,8.883436e+01
0.370,-75,8.934483e+01
0.370,-70,9.002829e+01
0.370,-65,9.089406e+01
0.370,-60,9.197217e+01
0.370,-55,9.326677e+01
0.370,-50,9.476115e+01
0.370,-45,9.651222e+01
0.370,-40,9.853633e+01
0.370,-35,1.008250e+02
0.370,-30,1.033906e+02
0.370,-25,1.062366e+02
0.370,-20,1.093652e+02
0.370,-15,1.127778e+02
0.370,-10,1.164814e+02
0.370,-5,1.204617e+02
0.370,-0,1.246742e+02
0.370,5,1.291359e+02
0.370,10,1.338141e+02
0.370,15,1.386118e+02
0.370,20,1.435510e+02
0.370,25,1.485957e+02
0.370,30,1.535787e+02
0.370,35,1.585126e+02
0.370,40,1.633865e+02
0.370,45,1.679874e+02
0.370,50,1.723344e+02
0.370,55,1.764227e+02
0.370,60,1.800365e+02
0.370,65,1.831145e+02
0.370,70,1.857058e+02
0.370,75,1.876516e+02
0.370,80,1.889317e+02
0.370,85,1.895838e+02
0.370,90,1.895463e+02
0.370,95,1.888037e+02
0.370,100,1.873862e+02
0.370,105,1.853710e+02
0.370,110,1.827430e+02
0.370,115,1.795240e+02
0.370,120,1.758925e+02
0.370,125,1.718390e+02
0.370,130,1.673757e+02
0.370,135,1.627345e+02
0.370,140,1.579240e+02
0.370,145,1.529197e+02
0.370,150,1.479394e+02
0.370,155,1.430007e+02
0.370,160,1.380694e+02
0.370,165,1.333066e+02
0.370,170,1.287369e+02
0.370,175,1.243272e+02
0.370,180,1.201662e+02
0.375,-180,1.092417e+02
0.375,-175,1.054209e+02
0.375,-170,1.018469e+02
0.375,-165,9.853989e+01
0.375,-160,9.552518e+01
0.375,-155,9.278959e+01
0.375,-150,9.032019e+01
0.375,-145,8.810376e+01
0.375,-140,8.615170e+01
0.375,-135,8.443353e+01
0.375,-130,8.295033e+01
0.375,-125,8.168908e+01
0.375,-120,8.061855e+01
0.375,-115,7.974251e+01
0.375,-110,7.906520e+01
0.375,-105,7.856174e+01
0.375,-100,7.821665e+01
0.375,-95,7.804723e+01
0.375,-90,7.804572e+01
0.375,-85,7.820514e+01
0.375,-80,7.853246e+01
0.375,-75,7.903304e+01
0.375,-70,7.970002e+01
0.375,-65,8.054377e+01
0.375,-60,8.160003e+01
0.375,-55,8.287295e+01
0.375,-50,8.436206e+01
0.375,-45,8.609400e+01
0.375,-40,8.808556e+01
0.375,-35,9.032803e+01
0.375,-30,9.284313e+01
0.375,-25,9.564041e+01
0.375,-20,9.870798e+01
0.375,-15,1.020573e+02
0.375,-10,1.056946e+02
0.375,-5,1.096055e+02
0.375,-0,1.137466e+02
0.375,5,1.181354e+02
0.375,10,1.227381e+02
0.375,15,1.274607e+02
0.375,20,1.323235e+02
0.375,25,1.372924e+02
0.375,30,1.422059e+02
0.375,35,1.470814e+02
0.375,40,1.519050e+02
0.375,45,1.564461e+02
0.375,50,1.607086e+02
0.375,55,1.647073e+02
0.375,60,1.682212e+02
0.375,65,1.712330e+02
0.375,70,1.737750e+02
0.375,75,1.756911e+02
0.375,80,1.769353e+02
0.375,85,1.775604e+02
0.375,90,1.775199e+02
0.375,95,1.767662e+02
0.375,100,1.753564e+02
0.375,105,1.733710e+02
0.375,110,1.707745e+02
0.375,115,1.675942e+02
0.375,120,1.640195e+02
0.375,125,1.600312e+02
0.375,130,1.556490e+02
0.375,135,1.510924e+02
0.375,140,1.463646e+02
0.375,145,1.414461e+02
0.375,150,1.365508e+02
0.375,155,1.316963e+02
0.375,160,1.268459e+02
0.375,165,1.221635e+02
0.375,170,1.176710e+02
0.375,175,1.133328e+02
0.375,180,1.092417e+02
0.380,-180,9.914038e+01
0.380,-175,9.539357e+01
0.380,-170,9.189774e+01
0.380,-165,8.865252e+01
0.380,-160,8.568933e+01
0.380,-155,8.299816e+01
0.380,-150,8.056508e+01
0.380,-145,7.839310e+01
0.380,-140,7.648393e+01
0.380,-135,7.480432e+01
0.380,-130,7.335517e+01
0.380,-125,7.213294e+01
0.380,-120,7.109140e+01
0.380,-115,7.023741e+01
0.380,-110,6.957472e+01
0.380,-105,6.907060e+01
0.380,-100,6.872869e+01
0.380,-95,6.855618e+01
0.380,-90,6.854974e+01
0.380,-85,6.870230e+01
0.380,-80,6.900871e+01
0.380,-75,6.949589e+01
0.380,-70,7.015846e+01
0.380,-65,7.099444e+01
0.380,-60,7.203918e+01
0.380,-55,7.329090e+01
0.380,-50,7.474019e+01
0.380,-45,7.643978e+01
0.380,-40,7.839563e+01
0.380,-35,8.059353e+01
0.380,-30,8.306557e+01
0.380,-25,8.582706e+01
0.380,-20,8.886138e+01
0.380,-15,9.216322e+01
0.380,-10,9.574427e+01
0.380,-5,9.960147e+01
0.380,-0,1.036844e+02
0.380,5,1.079976e+02
0.380,10,1.125329e+02
0.380,15,1.171838e+02
0.380,20,1.219611e+02
0.380,25,1.268445e+02
0.380,30,1.316757e+02
0.380,35,1.364678e+02
0.380,40,1.411875e+02
0.380,45,1.456410e+02
0.380,50,1.498328e+02
0.380,55,1.537632e+02
0.380,60,1.572173e+02
0.380,65,1.601675e+02
0.380,70,1.626519e+02
0.380,75,1.645279e+02
0.380,80,1.657460e+02
0.380,85,1.663443e+02
0.380,90,1.663012e+02
0.380,95,1.655659e+02
0.380,100,1.641749e+02
0.380,105,1.621998e+02
0.380,110,1.596350e+02
0.380,115,1.565112e+02
0.380,120,1.530042e+02
0.380,125,1.490879e+02
0.380,130,1.447792e+02
0.380,135,1.402907e+02
0.380,140,1.356384e+02
0.380,145,1.307993e+02
0.380,150,1.259825e+02
0.380,155,1.212085e+02
0.380,160,1.164453e+02
0.380,165,1.118420e+02
0.380,170,1.074236e+02
0.380,175,1.031606e+02
0.380,180,9.914038e+01
0.385,-180,8.983403e+01
0.385,-175,8.614855e+01
0.385,-170,8.270369e+01
0.385,-165,7.951592e+01
0.385,-160,7.661138e+01
0.385,-155,7.397718e+01
0.385,-150,7.159989e+01
0.385,-145,6.946793e+01
0.385,-140,6.758676e+01
0.385,-135,6.593501e+01
0.385,-130,6.451831e+01
0.385,-125,6.333102e+01
0.385,-120,6.232827e+01
0.385,-115,6.150068e+01
0.385,-110,6.085579e+01
0.385,-105,6.036781e+01
0.385,-100,6.003555e+01
0.385,-95,5.986916e+01
0.385,-90,5.986097e+01
0.385,-85,5.999324e+01
0.385,-80,6.028588e+01
0.385,-75,6.075537e+01
0.385,-70,6.139194e+01
0.385,-65,6.220008e+01
0.385,-60,6.321187e+01
0.385,-55,6.443095e+01
0.385,-50,6.586273e+01
0.385,-45,6.754250e+01
0.385,-40,6.947366e+01
0.385,-35,7.163881e+01
0.385,-30,7.407512e+01
0.385,-25,7.678560e+01
0.385,-20,7.976430e+01
0.385,-15,8.300622e+01
0.385,-10,8.652984e+01
0.385,-5,9.032596e+01
0.385,-0,9.434248e+01
0.385,5,9.858468e+01
0.385,10,1.030493e+02
0.385,15,1.076277e+02
0.385,20,1.123251e+02
0.385,25,1.171327e+02
0.385,30,1.218853e+02
0.385,35,1.265901e+02
0.385,40,1.312289e+02
0.385,45,1.356081e+02
0.385,50,1.397168e+02
0.385,55,1.435601e+02
0.385,60,1.469450e+02
0.385,65,1.498620e+02
0.385,70,1.523061e+02
0.385,75,1.541503e+02
0.385,80,1.553605e+02
0.385,85,1.559522e+02
0.385,90,1.558974e+02
0.385,95,1.551505e+02
0.385,100,1.537701e+02
0.385,105,1.518395e+02
0.385,110,1.493306e+02
0.385,115,1.462549e+02
0.385,120,1.427939e+02
0.385,125,1.389297e+02
0.385,130,1.346773e+02
0.385,135,1.302609e+02
0.385,140,1.256844e+02
0.385,145,1.209288e+02
0.385,150,1.161912e+02
0.385,155,1.114956e+02
0.385,160,1.068163e+02
0.385,165,1.022926e+02
0.385,170,9.795597e+01
0.385,175,9.378016e+01
0.385,180,8.983403e+01
0.390,-180,8.130100e+01
0.390,-175,7.768519e+01
0.390,-170,7.431089e+01
0.390,-165,7.118594e+01
0.390,-160,6.833989e+01
0.390,-155,6.576027e+01
0.390,-150,6.342815e+01
0.390,-145,6.133757e+01
0.390,-140,5.950030e+01
0.390,-135,5.788357e+01
0.390,-130,5.648773e+01
0.390,-125,5.531243e+01
0.390,-120,5.431411e+01
0.390,-115,5.349216e+01
0.390,-110,5.285820e+01
0.390,-105,5.238624e+01
0.390,-100,5.207006e+01
0.390,-95,5.191588e+01
0.390,-90,5.191624e+01
0.390,-85,5.205439e+01
0.390,-80,5.233942e+01
0.390,-75,5.279832e+01
0.390,-70,5.341964e+01
0.390,-65,5.420496e+01
0.390,-60,5.518989e+01
0.390,-55,5.637916e+01
0.390,-50,5.777447e+01
0.390,-45,5.941410e+01
0.390,-40,6.129746e+01
0.390,-35,6.340832e+01
0.390,-30,6.578438e+01
0.390,-25,6.844176e+01
0.390,-20,7.137112e+01
0.390,-15,7.455796e+01
0.390,-10,7.803348e+01
0.390,-5,8.178083e+01
0.390,-0,8.573537e+01
0.390,5,8.990432e+01
0.390,10,9.428648e+01
0.390,15,9.878164e+01
0.390,20,1.033978e+02
0.390,25,1.081293e+02
0.390,30,1.128086e+02
0.390,35,1.174367e+02
0.390,40,1.220074e+02
0.390,45,1.263252e+02
0.390,50,1.303882e+02
0.390,55,1.341714e+02
0.390,60,1.375035e+02
0.390,65,1.403670e+02
0.390,70,1.427741e+02
0.390,75,1.445768e+02
0.390,80,1.457429e+02
0.390,85,1.463084e+02
0.390,90,1.462490e+02
0.390,95,1.455256e+02
0.390,100,1.441748e+02
0.390,105,1.422598e+02
0.390,110,1.397732e+02
0.390,115,1.367452e+02
0.390,120,1.333359e+02
0.390,125,1.295411e+02
0.390,130,1.253654e+02
0.390,135,1.210264e+02
0.390,140,1.165297e+02
0.390,145,1.118551e+02
0.390,150,1.072004e+02
0.390,155,1.025877e+02
0.390,160,9.798778e+01
0.390,165,9.354322e+01
0.390,170,8.928239e+01
0.390,175,8.517626e+01
0.390,180,8.130100e+01
0.395,-180,7.350629e+01
0.395,-175,6.995908e+01
0.395,-170,6.665039e+01
0.395,-165,6.359154e+01
0.395,-160,6.080378e+01
0.395,-155,5.827402e+01
0.395,-150,5.599053e+01
0.395,-145,5.394638e+01
0.395,-140,5.214951e+01
0.395,-135,5.056892e+01
0.395,-130,4.920595e+01
0.395,-125,4.804895e+01
0.395,-120,4.706968e+01
0.395,-115,4.626602e+01
0.395,-110,4.564187e+01
0.395,-105,4.517564e+01
0.395,-100,4.484711e+01
0.395,-95,4.467434e+01
0.395,-90,4.465709e+01
0.395,-85,4.478983e+01
0.395,-80,4.507809e+01
0.395,-75,4.553206e+01
0.395,-70,4.614696e+01
0.395,-65,4.693042e+01
0.395,-60,4.790196e+01
0.395,-55,4.906920e+01
0.395,-50,5.043665e+01
0.395,-45,5.204311e+01
0.395,-40,5.388193e+01
0.395,-35,5.594783e+01
0.395,-30,5.828199e+01
0.395,-25,6.089458e+01
0.395,-20,6.377348e+01
0.395,-15,6.690249e+01
0.395,-10,7.031243e+01
0.395,-5,7.398774e+01
0.395,-0,7.786676e+01
0.395,5,8.197522e+01
0.395,10,8.629921e+01
0.395,15,9.072735e+01
0.395,20,9.527214e+01
0.395,25,9.992719e+01
0.395,30,1.045302e+02
0.395,35,1.090768e+02
0.395,40,1.135718e+02
0.395,45,1.178169e+02
0.395,50,1.218111e+02
0.395,55,1.255356e+02
0.395,60,1.288064e+02
0.395,65,1.316080e+02
0.395,70,1.339475e+02
0.395,75,1.357057e+02
0.395,80,1.368472e+02
0.395,85,1.374074e+02
0.395,90,1.373511e+02
0.395,95,1.366305e+02
0.395,100,1.352985e+02
0.395,105,1.334281e+02
0.395,110,1.309785e+02
0.395,115,1.279980e+02
0.395,120,1.246548e+02
0.395,125,1.209276e+02
0.395,130,1.168167e+02
0.395,135,1.125446e+02
0.395,140,1.081198e+02
0.395,145,1.035264e+02
0.395,150,9.894807e+01
0.395,155,9.441074e+01
0.395,160,8.989041e+01
0.395,165,8.552092e+01
0.395,170,8.133588e+01
0.395,175,7.730894e+01
0.395,180,7.350629e+01
0.400,-180,6.643847e+01
0.400,-175,6.296007e+01
0.400,-170,5.971221e+01
0.400,-165,5.670324e+01
0.400,-160,5.396383e+01
0.400,-155,5.148207e+01
0.400,-150,4.924368e+01
0.400,-145,4.724587e+01
0.400,-140,4.548905e+01
0.400,-135,4.393635e+01
0.400,-130,4.259707e+01
0.400,-125,4.147145e+01
0.400,-120,4.052213e+01
0.400,-115,3.974492e+01
0.400,-110,3.914271e+01
0.400,-105,3.867895e+01
0.400,-100,3.835899e+01
0.400,-95,3.819131e+01
0.400,-90,3.817349e+01
0.400,-85,3.829920e+01
0.400,-80,3.856409e+01
0.400,-75,3.898979e+01
0.400,-70,3.956929e+01
0.400,-65,4.031406e+01
0.400,-60,4.125992e+01
0.400,-55,4.240739e+01
0.400,-50,4.375594e+01
0.400,-45,4.533988e+01
0.400,-40,4.714673e+01
0.400,-35,4.917592e+01
0.400,-30,5.146987e+01
0.400,-25,5.404262e+01
0.400,-20,5.687506e+01
0.400,-15,5.995628e+01
0.400,-10,6.331027e+01
0.400,-5,6.691715e+01
0.400,-0,7.072907e+01
0.400,5,7.476730e+01
0.400,10,7.902037e+01
0.400,15,8.337665e+01
0.400,20,8.784383e+01
0.400,25,9.241942e+01
0.400,30,9.694569e+01
0.400,35,1.014164e+02
0.400,40,1.058373e+02
0.400,45,1.100086e+02
0.400,50,1.139122e+02
0.400,55,1.175523e+02
0.400,60,1.207579e+02
0.400,65,1.235125e+02
0.400,70,1.258326e+02
0.400,75,1.275825e+02
0.400,80,1.287100e+02
0.400,85,1.292598e+02
0.400,90,1.292072e+02
0.400,95,1.284965e+02
0.400,100,1.271756e+02
0.400,105,1.253300e+02
0.400,110,1.229238e+02
0.400,115,1.199813e+02
0.400,120,1.166823e+02
0.400,125,1.130138e+02
0.400,130,1.089724e+02
0.400,135,1.047733e+02
0.400,140,1.004185e+02
0.400,145,9.590583e+01
0.400,150,9.140557e+01
0.400,155,8.694864e+01
0.400,160,8.251568e+01
0.400,165,7.822650e+01
0.400,170,7.411801e+01
0.400,175,7.016997e+01
0.400,180,6.643847e+01
0.405,-180,6.006846e+01
0.405,-175,5.665226e+01
0.405,-170,5.346734e+01
0.405,-165,5.052278e+01
0.405,-160,4.784003e+01
0.405,-155,4.541102e+01
0.405,-150,4.322133e+01
0.405,-145,4.126471e+01
0.405,-140,3.953703e+01
0.405,-135,3.801665e+01
0.405,-130,3.670428e+01
0.405,-125,3.559922e+01
0.405,-120,3.466687e+01
0.405,-115,3.389838e+01
0.405,-110,3.328923e+01
0.405,-105,3.283391e+01
0.405,-100,3.252945e+01
0.405,-95,3.237882e+01
0.405,-90,3.237107e+01
0.405,-85,3.248504e+01
0.405,-80,3.273666e+01
0.405,-75,3.314728e+01
0.405,-70,3.371479e+01
0.405,-65,3.444471e+01
0.405,-60,3.536989e+01
0.405,-55,3.647433e+01
0.405,-50,3.777451e+01
0.405,-45,3.930874e+01
0.405,-40,4.106985e+01
0.405,-35,4.306072e+01
0.405,-30,4.531244e+01
0.405,-25,4.783435e+01
0.405,-20,5.060408e+01
0.405,-15,5.362959e+01
0.405,-10,5.693313e+01
0.405,-5,6.049184e+01
0.405,-0,6.424326e+01
0.405,5,6.821592e+01
0.405,10,7.239005e+01
0.405,15,7.666242e+01
0.405,20,8.106003e+01
0.405,25,8.556632e+01
0.405,30,9.000845e+01
0.405,35,9.440546e+01
0.405,40,9.875163e+01
0.405,45,1.028539e+02
0.405,50,1.066993e+02
0.405,55,1.103000e+02
0.405,60,1.134714e+02
0.405,65,1.161860e+02
0.405,70,1.184576e+02
0.405,75,1.201683e+02
0.405,80,1.212792e+02
0.405,85,1.218110e+02
0.405,90,1.217489e+02
0.405,95,1.210504e+02
0.405,100,1.197356e+02
0.405,105,1.179042e+02
0.405,110,1.155379e+02
0.405,115,1.126591e+02
0.405,120,1.094123e+02
0.405,125,1.058057e+02
0.405,130,1.018380e+02
0.405,135,9.771297e+01
0.405,140,9.344106e+01
0.405,145,8.900826e+01
0.405,150,8.459018e+01
0.405,155,8.021492e+01
0.405,160,7.585939e+01
0.405,165,7.164787e+01
0.405,170,6.761364e+01
0.405,175,6.373319e+01
0.405,180,6.006846e+01
0.410,-180,5.438971e+01
0.410,-175,5.103515e+01
0.410,-170,4.790730e+01
0.410,-165,4.501102e+01
0.410,-160,4.237549e+01
0.410,-155,3.998882e+01
0.410,-150,3.783650e+01
0.410,-145,3.591510e+01
0.410,-140,3.422671e+01
0.410,-135,3.274145e+01
0.410,-130,3.145993e+01
0.410,-125,3.038154e+01
0.410,-120,2.946243e+01
0.410,-115,2.870365e+01
0.410,-110,2.811090e+01
0.410,-105,2.766466e+01
0.410,-100,2.735848e+01
0.410,-95,2.719374e+01
0.410,-90,2.716324e+01
0.410,-85,2.727117e+01
0.410,-80,2.752249e+01
0.410,-75,2.792854e+01
0.410,-70,2.848777e+01
0.410,-65,2.920410e+01
0.410,-60,3.009787e+01
0.410,-55,3.117937e+01
0.410,-50,3.245140e+01
0.410,-45,3.395384e+01
0.410,-40,3.567783e+01
0.410,-35,3.763168e+01
0.410,-30,3.983342e+01
0.410,-25,4.229945e+01
0.410,-20,4.501415e+01
0.410,-15,4.797643e+01
0.410,-10,5.120980e+01
0.410,-5,5.469712e+01
0.410,-0,5.837631e+01
0.410,5,6.228311e+01
0.410,10,6.639887e+01
0.410,15,7.060466e+01
0.410,20,7.493261e+01
0.410,25,7.936738e+01
0.410,30,8.374360e+01
0.410,35,8.807406e+01
0.410,40,9.235603e+01
0.410,45,9.639978e+01
0.410,50,1.001770e+02
0.410,55,1.037142e+02
0.410,60,1.068271e+02
0.410,65,1.094967e+02
0.410,70,1.117265e+02
0.410,75,1.133945e+02
0.410,80,1.144758e+02
0.410,85,1.149952e+02
0.410,90,1.149215e+02
0.410,95,1.142348e+02
0.410,100,1.129651e+02
0.410,105,1.111688e+02
0.410,110,1.088351e+02
0.410,115,1.059979e+02
0.410,120,1.028180e+02
0.410,125,9.928444e+01
0.410,130,9.539159e+01
0.410,135,9.134680e+01
0.410,140,8.715685e+01
0.410,145,8.280433e+01
0.410,150,7.846902e+01
0.410,155,7.417524e+01
0.410,160,6.989641e+01
0.410,165,6.576216e+01
0.410,170,6.180181e+01
0.410,175,5.798814e+01
0.410,180,5.438971e+01
0.415,-180,4.928755e+01
0.415,-175,4.600493e+01
0.415,-170,4.294766e+01
0.415,-165,4.012229e+01
0.415,-160,3.754150e+01
0.415,-155,3.519639e+01
0.415,-150,3.307876e+01
0.415,-145,3.118928e+01
0.415,-140,2.953202e+01
0.415,-135,2.807324e+01
0.415,-130,2.681344e+01
0.415,-125,2.575213e+01
0.415,-120,2.485398e+01
0.415,-115,2.411430e+01
0.415,-110,2.353779e+01
0.415,-105,2.310226e+01
0.415,-100,2.279107e+01
0.415,-95,2.262048e+01
0.415,-90,2.258929e+01
0.415,-85,2.269014e+01
0.415,-80,2.292583e+01
0.415,-75,2.331735e+01
0.415,-70,2.384956e+01
0.415,-65,2.453409e+01
0.415,-60,2.540819e+01
0.415,-55,2.647085e+01
0.415,-50,2.772309e+01
0.415,-45,2.919669e+01
0.415,-40,3.088750e+01
0.415,-35,3.279031e+01
0.415,-30,3.494719e+01
0.415,-25,3.736811e+01
0.415,-20,4.002974e+01
0.415,-15,4.293985e+01
0.415,-10,4.611785e+01
0.415,-5,4.954209e+01
0.415,-0,5.315977e+01
0.415,5,5.700194e+01
0.415,10,6.104823e+01
0.415,15,6.518222e+01
0.415,20,6.943945e+01
0.415,25,7.380197e+01
0.415,30,7.810097e+01
0.415,35,8.235939e+01
0.415,40,8.656943e+01
0.415,45,9.054284e+01
0.415,50,9.426138e+01
0.415,55,9.773050e+01
0.415,60,1.007823e+02
0.415,65,1.033979e+02
0.415,70,1.055962e+02
0.415,75,1.072314e+02
0.415,80,1.082907e+02
0.415,85,1.088100e+02
0.415,90,1.087459e+02
0.415,95,1.080619e+02
0.415,100,1.068072e+02
0.415,105,1.050503e+02
0.415,110,1.027714e+02
0.415,115,9.999727e+01
0.415,120,9.688456e+01
0.415,125,9.341188e+01
0.415,130,8.958133e+01
0.415,135,8.558641e+01
0.415,140,8.145177e+01
0.415,145,7.717161e+01
0.415,150,7.290172e+01
0.415,155,6.867829e+01
0.415,160,6.448454e+01
0.415,165,6.042561e+01
0.415,170,5.654010e+01
0.415,175,5.280971e+01
0.415,180,4.928755e+01
0.420,-180,4.477155e+01
0.420,-175,4.154945e+01
0.420,-170,3.854832e+01
0.420,-165,3.577628e+01
0.420,-160,3.325126e+01
0.420,-155,3.096733e+01
0.420,-150,2.890936e+01
0.420,-145,2.707890e+01
0.420,-140,2.546075e+01
0.420,-135,2.402999e+01
0.420,-130,2.278106e+01
0.420,-125,2.172653e+01
0.420,-120,2.083510e+01
0.420,-115,2.010393e+01
0.420,-110,1.953473e+01
0.420,-105,1.910219e+01
0.420,-100,1.879716e+01
0.420,-95,1.862878e+01
0.420,-90,1.859666e+01
0.420,-85,1.869277e+01
0.420,-80,1.891735e+01
0.420,-75,1.928283e+01
0.420,-70,1.979382e+01
0.420,-65,2.045667e+01
0.420,-60,2.130679e+01
0.420,-55,2.234417e+01
0.420,-50,2.356094e+01
0.420,-45,2.499491e+01
0.420,-40,2.663978e+01
0.420,-35,2.850549e+01
0.420,-30,3.062309e+01
0.420,-25,3.300384e+01
0.420,-20,3.561924e+01
0.420,-15,3.848183e+01
0.420,-10,4.160602e+01
0.420,-5,4.496722e+01
0.420,-0,4.852338e+01
0.420,5,5.229743e+01
0.420,10,5.627609e+01
0.420,15,6.034100e+01
0.420,20,6.452470e+01
0.420,25,6.880970e+01
0.420,30,7.302984e+01
0.420,35,7.721537e+01
0.420,40,8.135383e+01
0.420,45,8.525432e+01
0.420,50,8.890659e+01
0.420,55,9.232604e+01
0.420,60,9.532909e+01
0.420,65,9.789888e+01
0.420,70,1.000596e+02
0.420,75,1.016824e+02
0.420,80,1.027166e+02
0.420,85,1.032167e+02
0.420,90,1.031560e+02
0.420,95,1.025012e+02
0.420,100,1.012826e+02
0.420,105,9.956942e+01
0.420,110,9.732680e+01
0.420,115,9.457298e+01
0.420,120,9.148362e+01
0.420,125,8.805835e+01
0.420,130,8.429735e+01
0.420,135,8.038445e+01
0.420,140,7.633380e+01
0.420,145,7.213100e+01
0.420,150,6.794131e+01
0.420,155,6.379386e+01
0.420,160,5.967625e+01
0.420,165,5.569566e+01
0.420,170,5.188358e+01
0.420,175,4.822525e+01
0.420,180,4.477155e+01
0.425,-180,4.080218e+01
0.425,-175,3.764527e+01
0.425,-170,3.470637e+01
0.425,-165,3.199565e+01
0.425,-160,2.952503e+01
0.425,-155,2.729168e+01
0.425,-150,2.528015e+01
0.425,-145,2.347649e+01
0.425,-140,2.189108e+01
0.425,-135,2.049587e+01
0.425,-130,1.929129e+01
0.425,-125,1.827692e+01
0.425,-120,1.741946e+01
0.425,-115,1.670049e+01
0.425,-110,1.612013e+01
0.425,-105,1.567693e+01
0.425,-100,1.536789e+01
0.425,-95,1.519690e+01
0.425,-90,1.515626e+01
0.425,-85,1.523673e+01
0.425,-80,1.544496e+01
0.425,-75,1.579960e+01
0.425,-70,1.629903e+01
0.425,-65,1.694762e+01
0.425,-60,1.777273e+01
0.425,-55,1.876858e+01
0.425,-50,1.994709e+01
0.425,-45,2.134340e+01
0.425,-40,2.295277e+01
0.425,-35,2.478210e+01
0.425,-30,2.685974e+01
0.425,-25,2.919278e+01
0.425,-20,3.175602e+01
0.425,-15,3.455876e+01
0.425,-10,3.762013e+01
0.425,-5,4.092072e+01
0.425,-0,4.441009e+01
0.425,5,4.812045e+01
0.425,10,5.203065e+01
0.425,15,5.602543e+01
0.425,20,6.013811e+01
0.425,25,6.435297e+01
0.425,30,6.850806e+01
0.425,35,7.262885e+01
0.425,40,7.670125e+01
0.425,45,8.052985e+01
0.425,50,8.412240e+01
0.425,55,8.748707e+01
0.425,60,9.044893e+01
0.425,65,9.298419e+01
0.425,70,9.509442e+01
0.425,75,9.667988e+01
0.425,80,9.771245e+01
0.425,85,9.822199e+01
0.425,90,9.817797e+01
0.425,95,9.753765e+01
0.425,100,9.631606e+01
0.425,105,9.460638e+01
0.425,110,9.238754e+01
0.425,115,8.969306e+01
0.425,120,8.666786e+01
0.425,125,8.329741e+01
0.425,130,7.960074e+01
0.425,135,7.575213e+01
0.425,140,7.177048e+01
0.425,145,6.764942e+01
0.425,150,6.353755e+01
0.425,155,5.946988e+01
0.425,160,5.543054e+01
0.425,165,5.152140e+01
0.425,170,4.778137e+01
0.425,175,4.419197e+01
0.425,180,4.080218e+01
0.430,-180,3.740433e+01
0.430,-175,3.430682e+01
0.430,-170,3.142297e+01
0.430,-165,2.875752e+01
0.430,-160,2.633204e+01
0.430,-155,2.413899e+01
0.430,-150,2.216285e+01
0.430,-145,2.040264e+01
0.430,-140,1.885500e+01
0.430,-135,1.749346e+01
0.430,-130,1.631832e+01
0.430,-125,1.531985e+01
0.430,-120,1.446945e+01
0.430,-115,1.376800e+01
0.430,-110,1.321933e+01
0.430,-105,1.280116e+01
0.430,-100,1.250496e+01
0.430,-95,1.233143e+01
0.430,-90,1.227567e+01
0.430,-85,1.233820e+01
0.430,-80,1.252987e+01
0.430,-75,1.286380e+01
0.430,-70,1.333487e+01
0.430,-65,1.395118e+01
0.430,-60,1.474685e+01
0.430,-55,1.572055e+01
0.430,-50,1.687360e+01
0.430,-45,1.823760e+01
0.430,-40,1.981463e+01
0.430,-35,2.159999e+01
0.430,-30,2.362438e+01
0.430,-25,2.590240e+01
0.430,-20,2.840796e+01
0.430,-15,3.115615e+01
0.430,-10,3.416265e+01
0.430,-5,3.740202e+01
0.430,-0,4.083189e+01
0.430,5,4.447861e+01
0.430,10,4.831755e+01
0.430,15,5.224584e+01
0.430,20,5.629351e+01
0.430,25,6.044179e+01
0.430,30,6.452767e+01
0.430,35,6.857872e+01
0.430,40,7.258459e+01
0.430,45,7.636146e+01
0.430,50,7.989226e+01
0.430,55,8.319491e+01
0.430,60,8.610055e+01
0.430,65,8.859160e+01
0.430,70,9.068540e+01
0.430,75,9.225939e+01
0.430,80,9.328924e+01
0.430,85,9.378743e+01
0.430,90,9.371337e+01
0.430,95,9.305961e+01
0.430,100,9.186409e+01
0.430,105,9.019343e+01
0.430,110,8.800880e+01
0.430,115,8.535334e+01
0.430,120,8.238132e+01
0.430,125,7.908286e+01
0.430,130,7.545892e+01
0.430,135,7.168901e+01
0.430,140,6.778754e+01
0.430,145,6.374391e+01
0.430,150,5.971270e+01
0.430,155,5.571996e+01
0.430,160,5.175586e+01
0.430,165,4.792247e+01
0.430,170,4.425446e+01
0.430,175,4.073150e+01
0.430,180,3.740433e+01
0.435,-180,3.450360e+01
0.435,-175,3.147053e+01
0.435,-170,2.864865e+01
0.435,-165,2.604307e+01
0.435,-160,2.367103e+01
0.435,-155,2.152740e+01
0.435,-150,1.958924e+01
0.435,-145,1.785338e+01
0.435,-140,1.633043e+01
0.435,-135,1.498908e+01
0.435,-130,1.382967e+01
0.435,-125,1.285187e+01
0.435,-120,1.202302e+01
0.435,-115,1.133935e+01
0.435,-110,1.080462e+01
0.435,-105,1.038189e+01
0.435,-100,1.008030e+01
0.435,-95,9.907572e+00
0.435,-90,9.861762e+00
0.435,-85,9.934684e+00
0.435,-80,1.013112e+01
0.435,-75,1.045641e+01
0.435,-70,1.091002e+01
0.435,-65,1.149290e+01
0.435,-60,1.225256e+01
0.435,-55,1.318836e+01
0.435,-50,1.430094e+01
0.435,-45,1.562648e+01
0.435,-40,1.715689e+01
0.435,-35,1.890078e+01
0.435,-30,2.088568e+01
0.435,-25,2.311835e+01
0.435,-20,2.557669e+01
0.435,-15,2.827518e+01
0.435,-10,3.122834e+01
0.435,-5,3.440713e+01
0.435,-0,3.777738e+01
0.435,5,4.136091e+01
0.435,10,4.513115e+01
0.435,15,4.899234e+01
0.435,20,5.297081e+01
0.435,25,5.704395e+01
0.435,30,6.105928e+01
0.435,35,6.504012e+01
0.435,40,6.897619e+01
0.435,45,7.268179e+01
0.435,50,7.615977e+01
0.435,55,7.941796e+01
0.435,60,8.228733e+01
0.435,65,8.475129e+01
0.435,70,8.682501e+01
0.435,75,8.835766e+01
0.435,80,8.933509e+01
0.435,85,8.980566e+01
0.435,90,8.974501e+01
0.435,95,8.910331e+01
0.435,100,8.792193e+01
0.435,105,8.628168e+01
0.435,110,8.414778e+01
0.435,115,8.155394e+01
0.435,120,7.864840e+01
0.435,125,7.540900e+01
0.435,130,7.184788e+01
0.435,135,6.814179e+01
0.435,140,6.430802e+01
0.435,145,6.033697e+01
0.435,150,5.637614e+01
0.435,155,5.245572e+01
0.435,160,4.856603e+01
0.435,165,4.480861e+01
0.435,170,4.121153e+01
0.435,175,3.776231e+01
0.435,180,3.450360e+01
0.440,-180,3.204949e+01
0.440,-175,2.908376e+01
0.440,-170,2.632134e+01
0.440,-165,2.377443e+01
0.440,-160,2.145591e+01
0.440,-155,1.936265e+01
0.440,-150,1.747060e+01
0.440,-145,1.577733e+01
0.440,-140,1.429125e+01
0.440,-135,1.298276e+01
0.440,-130,1.184911e+01
0.440,-125,1.088176e+01
0.440,-120,1.005928e+01
0.440,-115,9.377592e+00
0.440,-110,8.838429e+00
0.440,-105,8.424726e+00
0.440,-100,8.130281e+00
0.440,-95,7.961296e+00
0.440,-90,7.911402e+00
0.440,-85,7.965221e+00
0.440,-80,8.139962e+00
0.440,-75,8.450960e+00
0.440,-70,8.896587e+00
0.440,-65,9.481900e+00
0.440,-60,1.023975e+01
0.440,-55,1.115354e+01
0.440,-50,1.223557e+01
0.440,-45,1.351844e+01
0.440,-40,1.500604e+01
0.440,-35,1.670089e+01
0.440,-30,1.863407e+01
0.440,-25,2.081468e+01
0.440,-20,2.321812e+01
0.440,-15,2.585713e+01
0.440,-10,2.874852e+01
0.440,-5,3.186819e+01
0.440,-0,3.517331e+01
0.440,5,3.869103e+01
0.440,10,4.239768e+01
0.440,15,4.619157e+01
0.440,20,5.010291e+01
0.440,25,5.411395e+01
0.440,30,5.806502e+01
0.440,35,6.198384e+01
0.440,40,6.586041e+01
0.440,45,6.951661e+01
0.440,50,7.294656e+01
0.440,55,7.616224e+01
0.440,60,7.897881e+01
0.440,65,8.137827e+01
0.440,70,8.337986e+01
0.440,75,8.488466e+01
0.440,80,8.586334e+01
0.440,85,8.631941e+01
0.440,90,8.625185e+01
0.440,95,8.563014e+01
0.440,100,8.448632e+01
0.440,105,8.288665e+01
0.440,110,8.079618e+01
0.440,115,7.824103e+01
0.440,120,7.538102e+01
0.440,125,7.219228e+01
0.440,130,6.869348e+01
0.440,135,6.505029e+01
0.440,140,6.128012e+01
0.440,145,5.737452e+01
0.440,150,5.348830e+01
0.440,155,4.963854e+01
0.440,160,4.581982e+01
0.440,165,4.213589e+01
0.440,170,3.860923e+01
0.440,175,3.522989e+01
0.440,180,3.204949e+01
0.445,-180,3.002176e+01
0.445,-175,2.711422e+01
0.445,-170,2.441177e+01
0.445,-165,2.192331e+01
0.445,-160,1.965617e+01
0.445,-155,1.761030e+01
0.445,-150,1.576966e+01
0.445,-145,1.412355e+01
0.445,-140,1.267499e+01
0.445,-135,1.139989e+01
0.445,-130,1.029059e+01
0.445,-125,9.348099e+00
0.445,-120,8.546745e+00
0.445,-115,7.882724e+00
0.445,-110,7.346157e+00
0.445,-105,6.926648e+00
0.445,-100,6.622781e+00
0.445,-95,6.440701e+00
0.445,-90,6.378547e+00
0.445,-85,6.429645e+00
0.445,-80,6.596324e+00
0.445,-75,6.898598e+00
0.445,-70,7.327261e+00
0.445,-65,7.881176e+00
0.445,-60,8.605033e+00
0.445,-55,9.497290e+00
0.445,-50,1.055949e+01
0.445,-45,1.182265e+01
0.445,-40,1.328917e+01
0.445,-35,1.495396e+01
0.445,-30,1.684834e+01
0.445,-25,1.898152e+01
0.445,-20,2.133354e+01
0.445,-15,2.391376e+01
0.445,-10,2.674398e+01
0.445,-5,2.980537e+01
0.445,-0,3.304595e+01
0.445,5,3.649777e+01
0.445,10,4.014232e+01
0.445,15,4.386946e+01
0.445,20,4.771413e+01
0.445,25,5.166001e+01
0.445,30,5.555125e+01
0.445,35,5.940920e+01
0.445,40,6.322284e+01
0.445,45,6.680991e+01
0.445,50,7.016242e+01
0.445,55,7.329986e+01
0.445,60,7.605981e+01
0.445,65,7.842511e+01
0.445,70,8.040225e+01
0.445,75,8.187196e+01
0.445,80,8.282479e+01
0.445,85,8.328939e+01
0.445,90,8.324106e+01
0.445,95,8.264814e+01
0.445,100,8.151640e+01
0.445,105,7.993952e+01
0.445,110,7.788000e+01
0.445,115,7.536324e+01
0.445,120,7.254299e+01
0.445,125,6.940203e+01
0.445,130,6.596482e+01
0.445,135,6.238425e+01
0.445,140,5.868241e+01
0.445,145,5.485481e+01
0.445,150,5.104121e+01
0.445,155,4.727006e+01
0.445,160,4.352985e+01
0.445,165,3.991533e+01
0.445,170,3.645869e+01
0.445,175,3.314564e+01
0.445,180,3.002176e+01
0.450,-180,2.843877e+01
0.450,-175,2.558835e+01
0.450,-170,2.293873e+01
0.450,-165,2.049238e+01
0.450,-160,1.826837e+01
0.450,-155,1.626088e+01
0.450,-150,1.445370e+01
0.450,-145,1.284591e+01
0.450,-140,1.143374e+01
0.450,-135,1.019113e+01
0.450,-130,9.117182e+00
0.450,-125,8.199336e+00
0.450,-120,7.419059e+00
0.450,-115,6.772163e+00
0.450,-110,6.244636e+00
0.450,-105,5.835664e+00
0.450,-100,5.539247e+00
0.450,-95,5.356272e+00
0.450,-90,5.278026e+00
0.450,-85,5.309645e+00
0.450,-80,5.457859e+00
0.450,-75,5.735948e+00
0.450,-70,6.141511e+00
0.450,-65,6.680926e+00
0.450,-60,7.387027e+00
0.450,-55,8.258169e+00
0.450,-50,9.282004e+00
0.450,-45,1.050813e+01
0.450,-40,1.192905e+01
0.450,-35,1.355397e+01
0.450,-30,1.541041e+01
0.450,-25,1.750442e+01
0.450,-20,1.981489e+01
0.450,-15,2.235669e+01
0.450,-10,2.514391e+01
0.450,-5,2.814664e+01
0.450,-0,3.133187e+01
0.450,5,3.472265e+01
0.450,10,3.830042e+01
0.450,15,4.196208e+01
0.450,20,4.573944e+01
0.450,25,4.960590e+01
0.450,30,5.341887e+01
0.450,35,5.719989e+01
0.450,40,6.093931e+01
0.450,45,6.445730e+01
0.450,50,6.776099e+01
0.450,55,7.085606e+01
0.450,60,7.357003e+01
0.450,65,7.588652e+01
0.450,70,7.782563e+01
0.450,75,7.928579e+01
0.450,80,8.023892e+01
0.450,85,8.071051e+01
0.450,90,8.065427e+01
0.450,95,8.006301e+01
0.450,100,7.894405e+01
0.450,105,7.738969e+01
0.450,110,7.535269e+01
0.450,115,7.287346e+01
0.450,120,7.010272e+01
0.450,125,6.703175e+01
0.450,130,6.366426e+01
0.450,135,6.015961e+01
0.450,140,5.653591e+01
0.450,145,5.278614e+01
0.450,150,4.904759e+01
0.450,155,4.535343e+01
0.450,160,4.168639e+01
0.450,165,3.814131e+01
0.450,170,3.475382e+01
0.450,175,3.150507e+01
0.450,180,2.843877e+01
0.455,-180,2.725890e+01
0.455,-175,2.446510e+01
0.455,-170,2.186614e+01
0.455,-165,1.946277e+01
0.455,-160,1.728144e+01
0.455,-155,1.531188e+01
0.455,-150,1.353738e+01
0.455,-145,1.195168e+01
0.455,-140,1.056268e+01
0.455,-135,9.338867e+00
0.455,-130,8.280070e+00
0.455,-125,7.386458e+00
0.455,-120,6.627011e+00
0.455,-115,5.998087e+00
0.455,-110,5.489847e+00
0.455,-105,5.091727e+00
0.455,-100,4.802705e+00
0.455,-95,4.614971e+00
0.455,-90,4.537811e+00
0.455,-85,4.567525e+00
0.455,-80,4.709265e+00
0.455,-75,4.967103e+00
0.455,-70,5.345152e+00
0.455,-65,5.852962e+00
0.455,-60,6.524711e+00
0.455,-55,7.358828e+00
0.455,-50,8.356884e+00
0.455,-45,9.553441e+00
0.455,-40,1.094380e+01
0.455,-35,1.253494e+01
0.455,-30,1.434714e+01
0.455,-25,1.639099e+01
0.455,-20,1.864852e+01
0.455,-15,2.113241e+01
0.455,-10,2.385944e+01
0.455,-5,2.680562e+01
0.455,-0,2.993067e+01
0.455,5,3.326092e+01
0.455,10,3.677254e+01
0.455,15,4.036917e+01
0.455,20,4.407961e+01
0.455,25,4.788580e+01
0.455,30,5.163625e+01
0.455,35,5.535713e+01
0.455,40,5.903898e+01
0.455,45,6.249447e+01
0.455,50,6.573582e+01
0.455,55,6.877149e+01
0.455,60,7.144308e+01
0.455,65,7.373381e+01
0.455,70,7.566009e+01
0.455,75,7.710556e+01
0.455,80,7.803307e+01
0.455,85,7.848967e+01
0.455,90,7.842582e+01
0.455,95,7.783400e+01
0.455,100,7.672380e+01
0.455,105,7.518947e+01
0.455,110,7.319909e+01
0.455,115,7.077980e+01
0.455,120,6.807378e+01
0.455,125,6.507243e+01
0.455,130,6.177343e+01
0.455,135,5.834479e+01
0.455,140,5.479866e+01
0.455,145,5.112214e+01
0.455,150,4.746152e+01
0.455,155,4.384369e+01
0.455,160,4.024566e+01
0.455,165,3.677250e+01
0.455,170,3.345357e+01
0.455,175,3.026408e+01
0.455,180,2.725890e+01
0.460,-180,2.640502e+01
0.460,-175,2.367206e+01
0.460,-170,2.113200e+01
0.460,-165,1.878317e+01
0.460,-160,1.664984e+01
0.460,-155,1.471779e+01
0.460,-150,1.296922e+01
0.460,-145,1.141116e+01
0.460,-140,1.004498e+01
0.460,-135,8.839714e+00
0.460,-130,7.795268e+00
0.460,-125,6.911729e+00
0.460,-120,6.158365e+00
0.460,-115,5.529154e+00
0.460,-110,5.029887e+00
0.460,-105,4.642602e+00
0.460,-100,4.361210e+00
0.460,-95,4.178444e+00
0.460,-90,4.102484e+00
0.460,-85,4.130617e+00
0.460,-80,4.256804e+00
0.460,-75,4.507091e+00
0.460,-70,4.873524e+00
0.460,-65,5.367305e+00
0.460,-60,6.012474e+00
0.460,-55,6.809909e+00
0.460,-50,7.768506e+00
0.460,-45,8.926199e+00
0.460,-40,1.027484e+01
0.460,-35,1.181843e+01
0.460,-30,1.358751e+01
0.460,-25,1.559090e+01
0.460,-20,1.780229e+01
0.460,-15,2.023886e+01
0.460,-10,2.291509e+01
0.460,-5,2.580468e+01
0.460,-0,2.887272e+01
0.460,5,3.214296e+01
0.460,10,3.558916e+01
0.460,15,3.912127e+01
0.460,20,4.276523e+01
0.460,25,4.650056e+01
0.460,30,5.018308e+01
0.460,35,5.383605e+01
0.460,40,5.745021e+01
0.460,45,6.085409e+01
0.460,50,6.404892e+01
0.460,55,6.704325e+01
0.460,60,6.968107e+01
0.460,65,7.194304e+01
0.460,70,7.382547e+01
0.460,75,7.524208e+01
0.460,80,7.614414e+01
0.460,85,7.658214e+01
0.460,90,7.650935e+01
0.460,95,7.592131e+01
0.460,100,7.484799e+01
0.460,105,7.335455e+01
0.460,110,7.141350e+01
0.460,115,6.905385e+01
0.460,120,6.641208e+01
0.460,125,6.347958e+01
0.460,130,6.024725e+01
0.460,135,5.687875e+01
0.460,140,5.339688e+01
0.460,145,4.978984e+01
0.460,150,4.619827e+01
0.460,155,4.265006e+01
0.460,160,3.912361e+01
0.460,165,3.571967e+01
0.460,170,3.246849e+01
0.460,175,2.934644e+01
0.460,180,2.640502e+01
0.465,-180,2.582015e+01
0.465,-175,2.314736e+01
0.465,-170,2.066560e+01
0.465,-165,1.836342e+01
0.465,-160,1.627479e+01
0.465,-155,1.438973e+01
0.465,-150,1.268466e+01
0.465,-145,1.116593e+01
0.465,-140,9.830301e+00
0.465,-135,8.643698e+00
0.465,-130,7.613518e+00
0.465,-125,6.739719e+00
0.465,-120,5.986916e+00
0.465,-115,5.358043e+00
0.465,-110,4.856820e+00
0.465,-105,4.464136e+00
0.465,-100,4.173966e+00
0.465,-95,3.992334e+00
0.465,-90,3.918200e+00
0.465,-85,3.945090e+00
0.465,-80,4.063881e+00
0.465,-75,4.305981e+00
0.465,-70,4.661665e+00
0.465,-65,5.136231e+00
0.465,-60,5.757416e+00
0.465,-55,6.535288e+00
0.465,-50,7.471263e+00
0.465,-45,8.596741e+00
0.465,-40,9.907915e+00
0.465,-35,1.140443e+01
0.465,-30,1.312389e+01
0.465,-25,1.507500e+01
0.465,-20,1.723826e+01
0.465,-15,1.961791e+01
0.465,-10,2.223506e+01
0.465,-5,2.507014e+01
0.465,-0,2.807586e+01
0.465,5,3.128235e+01
0.465,10,3.467018e+01
0.465,15,3.813778e+01
0.465,20,4.171751e+01
0.465,25,4.539393e+01
0.465,30,4.901683e+01
0.465,35,5.261082e+01
0.465,40,5.616850e+01
0.465,45,5.952761e+01
0.465,50,6.267617e+01
0.465,55,6.561562e+01
0.465,60,6.820003e+01
0.465,65,7.041738e+01
0.465,70,7.226163e+01
0.465,75,7.364479e+01
0.465,80,7.452249e+01
0.465,85,7.494403e+01
0.465,90,7.488926e+01
0.465,95,7.432874e+01
0.465,100,7.329160e+01
0.465,105,7.183553e+01
0.465,110,6.994610e+01
0.465,115,6.764545e+01
0.465,120,6.504667e+01
0.465,125,6.216330e+01
0.465,130,5.898801e+01
0.465,135,5.569027e+01
0.465,140,5.227133e+01
0.465,145,4.873254e+01
0.465,150,4.520863e+01
0.465,155,4.172893e+01
0.465,160,3.827340e+01
0.465,165,3.493779e+01
0.465,170,3.175355e+01
0.465,175,2.869850e+01
0.465,180,2.582015e+01
0.470,-180,2.546132e+01
0.470,-175,2.284353e+01
0.470,-170,2.040543e+01
0.470,-165,1.815689e+01
0.470,-160,1.611824e+01
0.470,-155,1.427974e+01
0.470,-150,1.261810e+01
0.470,-145,1.112915e+01
0.470,-140,9.821496e+00
0.470,-135,8.666867e+00
0.470,-130,7.665205e+00
0.470,-125,6.809355e+00
0.470,-120,6.062592e+00
0.470,-115,5.435329e+00
0.470,-110,4.931565e+00
0.470,-105,4.533129e+00
0.470,-100,4.234266e+00
0.470,-95,4.040731e+00
0.470,-90,3.951627e+00
0.470,-85,3.960474e+00
0.470,-80,4.073750e+00
0.470,-75,4.308306e+00
0.470,-70,4.654342e+00
0.470,-65,5.109699e+00
0.470,-60,5.715185e+00
0.470,-55,6.474578e+00
0.470,-50,7.381421e+00
0.470,-45,8.472372e+00
0.470,-40,9.753723e+00
0.470,-35,1.121712e+01
0.470,-30,1.290026e+01
0.470,-25,1.480762e+01
0.470,-20,1.692412e+01
0.470,-15,1.924766e+01
0.470,-10,2.180638e+01
0.470,-5,2.458683e+01
0.470,-0,2.753204e+01
0.470,5,3.067542e+01
0.470,10,3.400204e+01
0.470,15,3.740971e+01
0.470,20,4.092552e+01
0.470,25,4.453834e+01
0.470,30,4.810742e+01
0.470,35,5.164317e+01
0.470,40,5.513731e+01
0.470,45,5.843151e+01
0.470,50,6.151828e+01
0.470,55,6.441082e+01
0.470,60,6.694155e+01
0.470,65,6.911126e+01
0.470,70,7.091688e+01
0.470,75,7.226600e+01
0.470,80,7.314247e+01
0.470,85,7.357284e+01
0.470,90,7.353575e+01
0.470,95,7.300220e+01
0.470,100,7.199352e+01
0.470,105,7.058074e+01
0.470,110,6.871972e+01
0.470,115,6.645463e+01
0.470,120,6.391193e+01
0.470,125,6.107661e+01
0.470,130,5.795697e+01
0.470,135,5.472099e+01
0.470,140,5.137699e+01
0.470,145,4.790740e+01
0.470,150,4.445888e+01
0.470,155,4.105316e+01
0.470,160,3.766307e+01
0.470,165,3.439725e+01
0.470,170,3.127947e+01
0.470,175,2.828037e+01
0.470,180,2.546132e+01
0.475,-180,2.529952e+01
0.475,-175,2.273617e+01
0.475,-170,2.034032e+01
0.475,-165,1.813759e+01
0.475,-160,1.614018e+01
0.475,-155,1.433740e+01
0.475,-150,1.270078e+01
0.475,-145,1.124862e+01
0.475,-140,9.976368e+00
0.475,-135,8.853637e+00
0.475,-130,7.873082e+00
0.475,-125,7.027689e+00
0.475,-120,6.302838e+00
0.475,-115,5.694950e+00
0.475,-110,5.198284e+00
0.475,-105,4.795682e+00
0.475,-100,4.487137e+00
0.475,-95,4.279458e+00
0.475,-90,4.173886e+00
0.475,-85,4.164845e+00
0.475,-80,4.257910e+00
0.475,-75,4.471051e+00
0.475,-70,4.797227e+00
0.475,-65,5.235836e+00
0.475,-60,5.826349e+00
0.475,-55,6.565907e+00
0.475,-50,7.442874e+00
0.475,-45,8.509309e+00
0.475,-40,9.762489e+00
0.475,-35,1.119500e+01
0.475,-30,1.283051e+01
0.475,-25,1.469164e+01
0.475,-20,1.676614e+01
0.475,-15,1.904443e+01
0.475,-10,2.155413e+01
0.475,-5,2.428206e+01
0.475,-0,2.717133e+01
0.475,5,3.025625e+01
0.475,10,3.352152e+01
0.475,15,3.686538e+01
0.475,20,4.031579e+01
0.475,25,4.386140e+01
0.475,30,4.736296e+01
0.475,35,5.083231e+01
0.475,40,5.426838e+01
0.475,45,5.750533e+01
0.475,50,6.053053e+01
0.475,55,6.336544e+01
0.475,60,6.585017e+01
0.475,65,6.797220e+01
0.475,70,6.975448e+01
0.475,75,7.109535e+01
0.475,80,7.197097e+01
0.475,85,7.240924e+01
0.475,90,7.238775e+01
0.475,95,7.187669e+01
0.475,100,7.088766e+01
0.475,105,6.949256e+01
0.475,110,6.767326e+01
0.475,115,6.544190e+01
0.475,120,6.294586e+01
0.475,125,6.017242e+01
0.475,130,5.712065e+01
0.475,135,5.395736e+01
0.475,140,5.068747e+01
0.475,145,4.728562e+01
0.475,150,4.390441e+01
0.475,155,4.056531e+01
0.475,160,3.724324e+01
0.475,165,3.404399e+01
0.475,170,3.099154e+01
0.475,175,2.805695e+01
0.475,180,2.529952e+01
0.480,-180,2.523804e+01
0.480,-175,2.273342e+01
0.480,-170,2.039356e+01
0.480,-165,1.824322e+01
0.480,-160,1.629325e+01
0.480,-155,1.452112e+01
0.480,-150,1.291387e+01
0.480,-145,1.148859e+01
0.480,-140,1.023979e+01
0.480,-135,9.136271e+00
0.480,-130,8.175217e+00
0.480,-125,7.354918e+00
0.480,-120,6.648187e+00
0.480,-115,6.042597e+00
0.480,-110,5.553708e+00
0.480,-105,5.163871e+00
0.480,-100,4.864276e+00
0.480,-95,4.649139e+00
0.480,-90,4.531306e+00
0.480,-85,4.503395e+00
0.480,-80,4.572788e+00
0.480,-75,4.760386e+00
0.480,-70,5.062456e+00
0.480,-65,5.479558e+00
0.480,-60,6.039278e+00
0.480,-55,6.746558e+00
0.480,-50,7.602997e+00
0.480,-45,8.645618e+00
0.480,-40,9.869584e+00
0.480,-35,1.126000e+01
0.480,-30,1.286160e+01
0.480,-25,1.468557e+01
0.480,-20,1.671907e+01
0.480,-15,1.895296e+01
0.480,-10,2.140856e+01
0.480,-5,2.407724e+01
0.480,-0,2.691438e+01
0.480,5,2.993726e+01
0.480,10,3.313920e+01
0.480,15,3.642837e+01
0.480,20,3.981585e+01
0.480,25,4.329876e+01
0.480,30,4.673358e+01
0.480,35,5.013520e+01
0.480,40,5.350347e+01
0.480,45,5.668512e+01
0.480,50,5.965264e+01
0.480,55,6.242899e+01
0.480,60,6.487286e+01
0.480,65,6.696843e+01
0.480,70,6.873154e+01
0.480,75,7.006468e+01
0.480,80,7.094311e+01
0.480,85,7.139158e+01
0.480,90,7.138225e+01
0.480,95,7.086809e+01
0.480,100,6.990086e+01
0.480,105,6.852375e+01
0.480,110,6.673593e+01
0.480,115,6.456129e+01
0.480,120,6.212646e+01
0.480,125,5.941025e+01
0.480,130,5.642203e+01
0.480,135,5.331501e+01
0.480,140,5.010472e+01
0.480,145,4.676605e+01
0.480,150,4.345710e+01
0.480,155,4.019155e+01
0.480,160,3.693517e+01
0.480,165,3.380598e+01
0.480,170,3.081765e+01
0.480,175,2.793756e+01
0.480,180,2.523804e+01
0.485,-180,2.524462e+01
0.485,-175,2.278619e+01
0.485,-170,2.049345e+01
0.485,-165,1.838872e+01
0.485,-160,1.648126e+01
0.485,-155,1.475114e+01
0.485,-150,1.318909e+01
0.485,-145,1.180390e+01
0.485,-140,1.058103e+01
0.485,-135,9.492206e+00
0.485,-130,8.537127e+00
0.485,-125,7.723457e+00
0.485,-120,7.024418e+00
0.485,-115,6.437231e+00
0.485,-110,5.964676e+00
0.485,-105,5.571261e+00
0.485,-100,5.267605e+00
0.485,-95,5.059638e+00
0.485,-90,4.943081e+00
0.485,-85,4.901921e+00
0.485,-80,4.956308e+00
0.485,-75,5.124531e+00
0.485,-70,5.401515e+00
0.485,-65,5.792335e+00
0.485,-60,6.325314e+00
0.485,-55,6.997386e+00
0.485,-50,7.815713e+00
0.485,-45,8.818230e+00
0.485,-40,1.000870e+01
0.485,-35,1.136986e+01
0.485,-30,1.293843e+01
0.485,-25,1.472231e+01
0.485,-20,1.670775e+01
0.485,-15,1.889211e+01
0.485,-10,2.129701e+01
0.485,-5,2.391439e+01
0.485,-0,2.669729e+01
0.485,5,2.966273e+01
0.485,10,3.280424e+01
0.485,15,3.603098e+01
0.485,20,3.935372e+01
0.485,25,4.276993e+01
0.485,30,4.615259e+01
0.485,35,4.949165e+01
0.485,40,5.279326e+01
0.485,45,5.591129e+01
0.485,50,5.883440e+01
0.485,55,6.157138e+01
0.485,60,6.398321e+01
0.485,65,6.605487e+01
0.485,70,6.780138e+01
0.485,75,6.912481e+01
0.485,80,6.999925e+01
0.485,85,7.043647e+01
0.485,90,7.041797e+01
0.485,95,6.992389e+01
0.485,100,6.896400e+01
0.485,105,6.762430e+01
0.485,110,6.588437e+01
0.485,115,6.376463e+01
0.485,120,6.137704e+01
0.485,125,5.870763e+01
0.485,130,5.578035e+01
0.485,135,5.274588e+01
0.485,140,4.959925e+01
0.485,145,4.633356e+01
0.485,150,4.309617e+01
0.485,155,3.989086e+01
0.485,160,3.670210e+01
0.485,165,3.363842e+01
0.485,170,3.070478e+01
0.485,175,2.788637e+01
0.485,180,2.524462e+01
0.490,-180,2.525754e+01
0.490,-175,2.284609e+01
0.490,-170,2.060232e+01
0.490,-165,1.854235e+01
0.490,-160,1.666970e+01
0.490,-155,1.497172e+01
0.490,-150,1.344155e+01
0.490,-145,1.208342e+01
0.490,-140,1.089309e+01
0.490,-135,9.834736e+00
0.490,-130,8.898744e+00
0.490,-125,8.101516e+00
0.490,-120,7.412635e+00
0.490,-115,6.826644e+00
0.490,-110,6.348999e+00
0.490,-105,5.965651e+00
0.490,-100,5.668858e+00
0.490,-95,5.451612e+00
0.490,-90,5.326860e+00
0.490,-85,5.287978e+00
0.490,-80,5.332657e+00
0.490,-75,5.480242e+00
0.490,-70,5.735217e+00
0.490,-65,6.101948e+00
0.490,-60,6.612635e+00
0.490,-55,7.258016e+00
0.490,-50,8.041399e+00
0.490,-45,9.005499e+00
0.490,-40,1.015354e+01
0.490,-35,1.147825e+01
0.490,-30,1.299917e+01
0.490,-25,1.473740e+01
0.490,-20,1.668382e+01
0.490,-15,1.882592e+01
0.490,-10,2.118386e+01
0.490,-5,2.374920e+01
0.490,-0,2.648006e+01
0.490,5,2.938666e+01
0.490,10,3.246591e+01
0.490,15,3.563488e+01
0.490,20,3.889289e+01
0.490,25,4.224231e+01
0.490,30,4.555909e+01
0.490,35,4.883759e+01
0.490,40,5.208565e+01
0.490,45,5.515469e+01
0.490,50,5.804259e+01
0.490,55,6.074045e+01
0.490,60,6.311854e+01
0.490,65,6.516133e+01
0.490,70,6.688471e+01
0.490,75,6.819442e+01
0.490,80,6.904709e+01
0.490,85,6.947876e+01
0.490,90,6.946694e+01
0.490,95,6.897438e+01
0.490,100,6.804670e+01
0.490,105,6.674760e+01
0.490,110,6.505874e+01
0.490,115,6.297428e+01
0.490,120,6.063262e+01
0.490,125,5.802100e+01
0.490,130,5.515742e+01
0.490,135,5.218928e+01
0.490,140,4.910319e+01
0.490,145,4.590848e+01
0.490,150,4.273413e+01
0.490,155,3.959142e+01
0.490,160,3.646754e+01
0.490,165,3.346787e+01
0.490,170,3.059593e+01
0.490,175,2.783956e+01
0.490,180,2.525754e+01
0.495,-180,2.520120e+01
0.495,-175,2.284068e+01
0.495,-170,2.065121e+01
0.495,-165,1.864261e+01
0.495,-160,1.680254e+01
0.495,-155,1.514046e+01
0.495,-150,1.364209e+01
0.495,-145,1.231163e+01
0.495,-140,1.113927e+01
0.495,-135,1.009703e+01
0.495,-130,9.190105e+00
0.495,-125,8.413434e+00
0.495,-120,7.732984e+00
0.495,-115,7.153914e+00
0.495,-110,6.680500e+00
0.495,-105,6.296454e+00
0.495,-100,5.995914e+00
0.495,-95,5.784742e+00
0.495,-90,5.649646e+00
0.495,-85,5.596334e+00
0.495,-80,5.633241e+00
0.495,-75,5.777387e+00
0.495,-70,6.009506e+00
0.495,-65,6.350663e+00
0.495,-60,6.833124e+00
0.495,-55,7.454897e+00
0.495,-50,8.207319e+00
0.495,-45,9.135584e+00
0.495,-40,1.024664e+01
0.495,-35,1.153629e+01
0.495,-30,1.301926e+01
0.495,-25,1.470741e+01
0.495,-20,1.659932e+01
0.495,-15,1.869589e+01
0.495,-10,2.099886e+01
0.495,-5,2.350962e+01
0.495,-0,2.619122e+01
0.495,5,2.903834e+01
0.495,10,3.205648e+01
0.495,15,3.516698e+01
0.495,20,3.836798e+01
0.495,25,4.165935e+01
0.495,30,4.492001e+01
0.495,35,4.814856e+01
0.495,40,5.133891e+01
0.495,45,5.435531e+01
0.495,50,5.719648e+01
0.495,55,5.986299e+01
0.495,60,6.220653e+01
0.495,65,6.422206e+01
0.495,70,6.592527e+01
0.495,75,6.720382e+01
0.495,80,6.804697e+01
0.495,85,6.847584e+01
0.495,90,6.846017e+01
0.495,95,6.799234e+01
0.495,100,6.709862e+01
0.495,105,6.583892e+01
0.495,110,6.416998e+01
0.495,115,6.213524e+01
0.495,120,5.984042e+01
0.495,125,5.729059e+01
0.495,130,5.449380e+01
0.495,135,5.158360e+01
0.495,140,4.855244e+01
0.495,145,4.541949e+01
0.495,150,4.231524e+01
0.495,155,3.923151e+01
0.495,160,3.617600e+01
0.495,165,3.324088e+01
0.495,170,3.042287e+01
0.495,175,2.772678e+01
0.495,180,2.520120e+01
0.500,-180,2.503590e+01
0.500,-175,2.272765e+01
0.500,-170,2.058766e+01
0.500,-165,1.862188e+01
0.500,-160,1.682763e+01
0.500,-155,1.520580e+01
0.500,-150,1.373920e+01
0.500,-145,1.243102e+01
0.500,-140,1.127685e+01
0.500,-135,1.025448e+01
0.500,-130,9.363671e+00
0.500,-125,8.604658e+00
0.500,-120,7.946141e+00
0.500,-115,7.374744e+00
0.500,-110,6.906268e+00
0.500,-105,6.522376e+00
0.500,-100,6.215494e+00
0.500,-95,5.993195e+00
0.500,-90,5.859863e+00
0.500,-85,5.798006e+00
0.500,-80,5.819679e+00
0.500,-75,5.947198e+00
0.500,-70,6.174604e+00
0.500,-65,6.491263e+00
0.500,-60,6.947234e+00
0.500,-55,7.541578e+00
0.500,-50,8.275232e+00
0.500,-45,9.170057e+00
0.500,-40,1.024102e+01
0.500,-35,1.148613e+01
0.500,-30,1.293399e+01
0.500,-25,1.457733e+01
0.500,-20,1.642330e+01
0.500,-15,1.847336e+01
0.500,-10,2.072604e+01
0.500,-5,2.317582e+01
0.500,-0,2.579723e+01
0.500,5,2.859683e+01
0.500,10,3.155770e+01
0.500,15,3.460924e+01
0.500,20,3.775736e+01
0.500,25,4.098402e+01
0.500,30,4.418366e+01
0.500,35,4.736553e+01
0.500,40,5.050683e+01
0.500,45,5.347441e+01
0.500,50,5.626707e+01
0.500,55,5.888830e+01
0.500,60,6.120314e+01
0.500,65,6.319076e+01
0.500,70,6.485897e+01
0.500,75,6.612015e+01
0.500,80,6.695781e+01
0.500,85,6.737085e+01
0.500,90,6.736793e+01
0.500,95,6.692520e+01
0.500,100,6.606651e+01
0.500,105,6.482584e+01
0.500,110,6.320019e+01
0.500,115,6.120332e+01
0.500,120,5.896235e+01
0.500,125,5.647229e+01
0.500,130,5.372741e+01
0.500,135,5.086811e+01
0.500,140,4.790527e+01
0.500,145,4.484258e+01
0.500,150,4.179730e+01
0.500,155,3.878142e+01
0.500,160,3.579315e+01
0.500,165,3.291175e+01
0.500,170,3.015469e+01
0.500,175,2.751671e+01
0.500,180,2.503590e+01
0.505,-180,2.473835e+01
0.505,-175,2.248096e+01
0.505,-170,2.038781e+01
0.505,-165,1.845450e+01
0.505,-160,1.670050e+01
0.505,-155,1.512065e+01
0.505,-150,1.368897e+01
0.505,-145,1.240208e+01
0.505,-140,1.127198e+01
0.505,-135,1.026997e+01
0.505,-130,9.395779e+00
0.505,-125,8.649664e+00
0.505,-120,8.003639e+00
0.505,-115,7.439931e+00
0.505,-110,6.971819e+00
0.505,-105,6.586691e+00
0.505,-100,6.277070e+00
0.505,-95,6.050433e+00
0.505,-90,5.911275e+00
0.505,-85,5.845140e+00
0.505,-80,5.858013e+00
0.505,-75,5.971260e+00
0.505,-70,6.179540e+00
0.505,-65,6.484379e+00
0.505,-60,6.914673e+00
0.505,-55,7.479941e+00
0.505,-50,8.181585e+00
0.505,-45,9.053579e+00
0.505,-40,1.009041e+01
0.505,-35,1.129965e+01
0.505,-30,1.270752e+01
0.505,-25,1.431389e+01
0.505,-20,1.610729e+01
0.505,-15,1.810408e+01
0.505,-10,2.031571e+01
0.505,-5,2.271282e+01
0.505,-0,2.527848e+01
0.505,5,2.802682e+01
0.505,10,3.092438e+01
0.505,15,3.391348e+01
0.505,20,3.700963e+01
0.505,25,4.018384e+01
0.505,30,4.332627e+01
0.505,35,4.644792e+01
0.505,40,4.953995e+01
0.505,45,5.245264e+01
0.505,50,5.519805e+01
0.505,55,5.777783e+01
0.505,60,6.005773e+01
0.505,65,6.202335e+01
0.505,70,6.366113e+01
0.505,75,6.490838e+01
0.505,80,6.572871e+01
0.505,85,6.614533e+01
0.505,90,6.615422e+01
0.505,95,6.573190e+01
0.505,100,6.489547e+01
0.505,105,6.368520e+01
0.505,110,6.209323e+01
0.505,115,6.014386e+01
0.505,120,5.795710e+01
0.505,125,5.551928e+01
0.505,130,5.283097e+01
0.505,135,5.002867e+01
0.505,140,4.713259e+01
0.505,145,4.413778e+01
0.505,150,4.114940e+01
0.505,155,3.819971e+01
0.505,160,3.527497e+01
0.505,165,3.244784e+01
0.505,170,2.975255e+01
0.505,175,2.717261e+01
0.505,180,2.473835e+01
0.510,-180,2.427947e+01
0.510,-175,2.207301e+01
0.510,-170,2.002003e+01
0.510,-165,1.812689e+01
0.510,-160,1.641316e+01
0.510,-155,1.486992e+01
0.510,-150,1.346354e+01
0.510,-145,1.220503e+01
0.510,-140,1.109940e+01
0.510,-135,1.011828e+01
0.510,-130,9.261416e+00
0.510,-125,8.527840e+00
0.510,-120,7.886993e+00
0.510,-115,7.330008e+00
0.510,-110,6.865775e+00
0.510,-105,6.481568e+00
0.510,-100,6.169969e+00
0.510,-95,5.938397e+00
0.510,-90,5.791505e+00
0.510,-85,5.719233e+00
0.510,-80,5.718818e+00
0.510,-75,5.820112e+00
0.510,-70,6.016787e+00
0.510,-65,6.304389e+00
0.510,-60,6.710297e+00
0.510,-55,7.248455e+00
0.510,-50,7.920219e+00
0.510,-45,8.762473e+00
0.510,-40,9.771773e+00
0.510,-35,1.094237e+01
0.510,-30,1.230865e+01
0.510,-25,1.387750e+01
0.510,-20,1.562742e+01
0.510,-15,1.757412e+01
0.510,-10,1.973499e+01
0.510,-5,2.208615e+01
0.510,-0,2.459491e+01
0.510,5,2.728444e+01
0.510,10,3.013277e+01
0.510,15,3.306118e+01
0.510,20,3.609626e+01
0.510,25,3.922057e+01
0.510,30,4.230355e+01
0.510,35,4.536739e+01
0.510,40,4.840570e+01
0.510,45,5.127589e+01
0.510,50,5.397394e+01
0.510,55,5.651064e+01
0.510,60,5.875411e+01
0.510,65,6.068985e+01
0.510,70,6.230972e+01
0.510,75,6.354424e+01
0.510,80,6.435318e+01
0.510,85,6.477178e+01
0.510,90,6.479086e+01
0.510,95,6.438742e+01
0.510,100,6.357368e+01
0.510,105,6.238906e+01
0.510,110,6.083539e+01
0.510,115,5.893425e+01
0.510,120,5.680020e+01
0.510,125,5.441553e+01
0.510,130,5.177769e+01
0.510,135,4.903907e+01
0.510,140,4.620854e+01
0.510,145,4.326986e+01
0.510,150,4.034807e+01
0.510,155,3.746372e+01
0.510,160,3.459230e+01
0.510,165,3.182753e+01
0.510,170,2.919235e+01
0.510,175,2.665916e+01
0.510,180,2.427947e+01
0.515,-180,2.366148e+01
0.515,-175,2.150290e+01
0.515,-170,1.948354e+01
0.515,-165,1.763174e+01
0.515,-160,1.595731e+01
0.515,-155,1.444495e+01
0.515,-150,1.306246e+01
0.515,-145,1.183267e+01
0.515,-140,1.075209e+01
0.515,-135,9.792496e+00
0.515,-130,8.947829e+00
0.515,-125,8.223158e+00
0.515,-120,7.593606e+00
0.515,-115,7.041749e+00
0.515,-110,6.582732e+00
0.515,-105,6.200754e+00
0.515,-100,5.888366e+00
0.515,-95,5.653016e+00
0.515,-90,5.499579e+00
0.515,-85,5.414872e+00
0.515,-80,5.402505e+00
0.515,-75,5.489131e+00
0.515,-70,5.669918e+00
0.515,-65,5.936351e+00
0.515,-60,6.327641e+00
0.515,-55,6.839944e+00
0.515,-50,7.482923e+00
0.515,-45,8.293479e+00
0.515,-40,9.275269e+00
0.515,-35,1.041263e+01
0.515,-30,1.173842e+01
0.515,-25,1.326362e+01
0.515,-20,1.497825e+01
0.515,-15,1.687575e+01
0.515,-10,1.898475e+01
0.515,-5,2.129204e+01
0.515,-0,2.374532e+01
0.515,5,2.637653e+01
0.515,10,2.917280e+01
0.515,15,3.204418e+01
0.515,20,3.501845e+01
0.515,25,3.808452e+01
0.515,30,4.111677e+01
0.515,35,4.412274e+01
0.515,40,4.710486e+01
0.515,45,4.992835e+01
0.515,50,5.258521e+01
0.515,55,5.507854e+01
0.515,60,5.728502e+01
0.515,65,5.919074e+01
0.515,70,6.078819e+01
0.515,75,6.200813e+01
0.515,80,6.282245e+01
0.515,85,6.324045e+01
0.515,90,6.326483e+01
0.515,95,6.287297e+01
0.515,100,6.208750e+01
0.515,105,6.093478e+01
0.515,110,5.942081e+01
0.515,115,5.756618e+01
0.515,120,5.548317e+01
0.515,125,5.314884e+01
0.515,130,5.056860e+01
0.515,135,4.789211e+01
0.515,140,4.512304e+01
0.515,145,4.224097e+01
0.515,150,3.938438e+01
0.515,155,3.656128e+01
0.515,160,3.374541e+01
0.515,165,3.104311e+01
0.515,170,2.846584e+01
0.515,175,2.598564e+01
0.515,180,2.366148e+01
0.520,-180,2.287173e+01
0.520,-175,2.075402e+01
0.520,-170,1.878456e+01
0.520,-165,1.697841e+01
0.520,-160,1.534218e+01
0.520,-155,1.384660e+01
0.520,-150,1.249665e+01
0.520,-145,1.129588e+01
0.520,-140,1.024075e+01
0.520,-135,9.294436e+00
0.520,-130,8.466057e+00
0.520,-125,7.756698e+00
0.520,-120,7.130732e+00
0.520,-115,6.586155e+00
0.520,-110,6.132980e+00
0.520,-105,5.754084e+00
0.520,-100,5.442125e+00
0.520,-95,5.204446e+00
0.520,-90,5.044625e+00
0.520,-85,4.943386e+00
0.520,-80,4.920441e+00
0.520,-75,4.993706e+00
0.520,-70,5.151892e+00
0.520,-65,5.395347e+00
0.520,-60,5.767886e+00
0.520,-55,6.264747e+00
0.520,-50,6.881060e+00
0.520,-45,7.660880e+00
0.520,-40,8.606720e+00
0.520,-35,9.715024e+00
0.520,-30,1.099877e+01
0.520,-25,1.248120e+01
0.520,-20,1.415452e+01
0.520,-15,1.601296e+01
0.520,-10,1.807097e+01
0.520,-5,2.032433e+01
0.520,-0,2.273358e+01
0.520,5,2.530722e+01
0.520,10,2.804410e+01
0.520,15,3.086709e+01
0.520,20,3.377919e+01
0.520,25,3.678220e+01
0.520,30,3.976367e+01
0.520,35,4.271667e+01
0.520,40,4.564705e+01
0.520,45,4.842157e+01
0.520,50,5.103727e+01
0.520,55,5.349094e+01
0.520,60,5.565902e+01
0.520,65,5.753361e+01
0.520,70,5.911608e+01
0.520,75,6.031934e+01
0.520,80,6.113165e+01
0.520,85,6.155208e+01
0.520,90,6.158388e+01
0.520,95,6.120794e+01
0.520,100,6.044643e+01
0.520,105,5.933471e+01
0.520,110,5.785900e+01
0.520,115,5.604942e+01
0.520,120,5.400515e+01
0.520,125,5.172432e+01
0.520,130,4.921279e+01
0.520,135,4.659685e+01
0.520,140,4.387905e+01
0.520,145,4.106160e+01
0.520,150,3.826912e+01
0.520,155,3.549834e+01
0.520,160,3.274553e+01
0.520,165,3.010338e+01
0.520,170,2.757106e+01
0.520,175,2.514413e+01
0.520,180,2.287173e+01
0.525,-180,2.195497e+01
0.525,-175,1.988010e+01
0.525,-170,1.795777e+01
0.525,-165,1.618922e+01
0.525,-160,1.457027e+01
0.525,-155,1.311073e+01
0.525,-150,1.179344e+01
0.525,-145,1.062200e+01
0.525,-140,9.582711e+00
0.525,-135,8.658214e+00
0.525,-130,7.848977e+00
0.525,-125,7.145522e+00
0.525,-120,6.525735e+00
0.525,-115,5.991450e+00
0.525,-110,5.545697e+00
0.525,-105,5.171238e+00
0.525,-100,4.860579e+00
0.525,-95,4.619013e+00
0.525,-90,4.440162e+00
0.525,-85,4.332303e+00
0.525,-80,4.300104e+00
0.525,-75,4.356231e+00
0.525,-70,4.488286e+00
0.525,-65,4.714112e+00
0.525,-60,5.066097e+00
0.525,-55,5.543478e+00
0.525,-50,6.140927e+00
0.525,-45,6.890913e+00
0.525,-40,7.802344e+00
0.525,-35,8.873633e+00
0.525,-30,1.012808e+01
0.525,-25,1.157042e+01
0.525,-20,1.320196e+01
0.525,-15,1.502608e+01
0.525,-10,1.703542e+01
0.525,-5,1.923655e+01
0.525,-0,2.159847e+01
0.525,5,2.411838e+01
0.525,10,2.679519e+01
0.525,15,2.956165e+01
0.525,20,3.241815e+01
0.525,25,3.535795e+01
0.525,30,3.827888e+01
0.525,35,4.118657e+01
0.525,40,4.406256e+01
0.525,45,4.678619e+01
0.525,50,4.935392e+01
0.525,55,5.176928e+01
0.525,60,5.390452e+01
0.525,65,5.574750e+01
0.525,70,5.731630e+01
0.525,75,5.850559e+01
0.525,80,5.930833e+01
0.525,85,5.974295e+01
0.525,90,5.978121e+01
0.525,95,5.942025e+01
0.525,100,5.868169e+01
0.525,105,5.761443e+01
0.525,110,5.617653e+01
0.525,115,5.440348e+01
0.525,120,5.240249e+01
0.525,125,5.017433e+01
0.525,130,4.772549e+01
0.525,135,4.516999e+01
0.525,140,4.251217e+01
0.525,145,3.975761e+01
0.525,150,3.702365e+01
0.525,155,3.430868e+01
0.525,160,3.161834e+01
0.525,165,2.903097e+01
0.525,170,2.655051e+01
0.525,175,2.417878e+01
0.525,180,2.195497e+01
0.530,-180,2.093429e+01
0.530,-175,1.890452e+01
0.530,-170,1.702261e+01
0.530,-165,1.528072e+01
0.530,-160,1.370126e+01
0.530,-155,1.227796e+01
0.530,-150,1.099360e+01
0.530,-145,9.842032e+00
0.530,-140,8.828073e+00
0.530,-135,7.922800e+00
0.530,-130,7.120289e+00
0.530,-125,6.429531e+00
0.530,-120,5.822594e+00
0.530,-115,5.293081e+00
0.530,-110,4.845955e+00
0.530,-105,4.472488e+00
0.530,-100,4.154552e+00
0.530,-95,3.906344e+00
0.530,-90,3.731115e+00
0.530,-85,3.621496e+00
0.530,-80,3.568318e+00
0.530,-75,3.605014e+00
0.530,-70,3.723971e+00
0.530,-65,3.933967e+00
0.530,-60,4.265864e+00
0.530,-55,4.717098e+00
0.530,-50,5.290235e+00
0.530,-45,6.014061e+00
0.530,-40,6.896914e+00
0.530,-35,7.939252e+00
0.530,-30,9.167307e+00
0.530,-25,1.057463e+01
0.530,-20,1.216298e+01
0.530,-15,1.394058e+01
0.530,-10,1.591064e+01
0.530,-5,1.805826e+01
0.530,-0,2.036196e+01
0.530,5,2.283854e+01
0.530,10,2.545927e+01
0.530,15,2.816709e+01
0.530,20,3.097444e+01
0.530,25,3.385285e+01
0.530,30,3.671275e+01
0.530,35,3.956125e+01
0.530,40,4.238346e+01
0.530,45,4.505182e+01
0.530,50,4.757351e+01
0.530,55,4.994942e+01
0.530,60,5.205393e+01
0.530,65,5.387268e+01
0.530,70,5.541468e+01
0.530,75,5.660484e+01
0.530,80,5.740017e+01
0.530,85,5.784072e+01
0.530,90,5.790016e+01
0.530,95,5.754720e+01
0.530,100,5.682209e+01
0.530,105,5.577750e+01
0.530,110,5.438815e+01
0.530,115,5.266727e+01
0.530,120,5.071639e+01
0.530,125,4.854010e+01
0.530,130,4.614067e+01
0.530,135,4.363729e+01
0.530,140,4.104682e+01
0.530,145,3.836184e+01
0.530,150,3.568171e+01
0.530,155,3.303197e+01
0.530,160,3.040252e+01
0.530,165,2.786364e+01
0.530,170,2.544041e+01
0.530,175,2.312371e+01
0.530,180,2.093429e+01
0.535,-180,1.985335e+01
0.535,-175,1.787260e+01
0.535,-170,1.602905e+01
0.535,-165,1.432833e+01
0.535,-160,1.278820e+01
0.535,-155,1.140083e+01
0.535,-150,1.014183e+01
0.535,-145,9.011054e+00
0.535,-140,8.011864e+00
0.535,-135,7.120496e+00
0.535,-130,6.335952e+00
0.535,-125,5.657146e+00
0.535,-120,5.057562e+00
0.535,-115,4.538349e+00
0.535,-110,4.093921e+00
0.535,-105,3.712539e+00
0.535,-100,3.395326e+00
0.535,-95,3.147410e+00
0.535,-90,2.958231e+00
0.535,-85,2.827832e+00
0.535,-80,2.767997e+00
0.535,-75,2.796607e+00
0.535,-70,2.907395e+00
0.535,-65,3.097530e+00
0.535,-60,3.409043e+00
0.535,-55,3.841779e+00
0.535,-50,4.395893e+00
0.535,-45,5.106077e+00
0.535,-40,5.959900e+00
0.535,-35,6.968305e+00
0.535,-30,8.159363e+00
0.535,-25,9.532839e+00
0.535,-20,1.107297e+01
0.535,-15,1.279514e+01
0.535,-10,1.471676e+01
0.535,-5,1.681812e+01
0.535,-0,1.906638e+01
0.535,5,2.148660e+01
0.535,10,2.406022e+01
0.535,15,2.670908e+01
0.535,20,2.946047e+01
0.535,25,3.230187e+01
0.535,30,3.510966e+01
0.535,35,3.790259e+01
0.535,40,4.067666e+01
0.535,45,4.329457e+01
0.535,50,4.576368e+01
0.535,55,4.808946e+01
0.535,60,5.015221e+01
0.535,65,5.194026e+01
0.535,70,5.346527e+01
0.535,75,5.464262e+01
0.535,80,5.545022e+01
0.535,85,5.589345e+01
0.535,90,5.596577e+01
0.535,95,5.564398e+01
0.535,100,5.493785e+01
0.535,105,5.391115e+01
0.535,110,5.255389e+01
0.535,115,5.088227e+01
0.535,120,4.899313e+01
0.535,125,4.686756e+01
0.535,130,4.451367e+01
0.535,135,4.206811e+01
0.535,140,3.953630e+01
0.535,145,3.690123e+01
0.535,150,3.428135e+01
0.535,155,3.169501e+01
0.535,160,2.911686e+01
0.535,165,2.663469e+01
0.535,170,2.426853e+01
0.535,175,2.199144e+01
0.535,180,1.985335e+01
0.540,-180,1.878759e+01
0.540,-175,1.685483e+01
0.540,-170,1.504678e+01
0.540,-165,1.338817e+01
0.540,-160,1.188731e+01
0.540,-155,1.051543e+01
0.540,-150,9.272846e+00
0.540,-145,8.165606e+00
0.540,-140,7.190612e+00
0.540,-135,6.321203e+00
0.540,-130,5.552115e+00
0.540,-125,4.886732e+00
0.540,-120,4.293465e+00
0.540,-115,3.772304e+00
0.540,-110,3.332059e+00
0.540,-105,2.958242e+00
0.540,-100,2.637413e+00
0.540,-95,2.373490e+00
0.540,-90,2.176422e+00
0.540,-85,2.039573e+00
0.540,-80,1.969579e+00
0.540,-75,1.987290e+00
0.540,-70,2.089342e+00
0.540,-65,2.277998e+00
0.540,-60,2.575307e+00
0.540,-55,2.988558e+00
0.540,-50,3.519302e+00
0.540,-45,4.203268e+00
0.540,-40,5.032089e+00
0.540,-35,5.999345e+00
0.540,-30,7.142486e+00
0.540,-25,8.473167e+00
0.540,-20,9.981234e+00
0.540,-15,1.165835e+01
0.540,-10,1.352569e+01
0.540,-5,1.557705e+01
0.540,-0,1.777807e+01
0.540,5,2.013965e+01
0.540,10,2.265960e+01
0.540,15,2.526515e+01
0.540,20,2.795995e+01
0.540,25,3.074196e+01
0.540,30,3.350102e+01
0.540,35,3.624261e+01
0.540,40,3.897013e+01
0.540,45,4.155877e+01
0.540,50,4.397916e+01
0.540,55,4.625985e+01
0.540,60,4.828244e+01
0.540,65,5.003409e+01
0.540,70,5.152764e+01
0.540,75,5.268297e+01
0.540,80,5.348045e+01
0.540,85,5.393970e+01
0.540,90,5.403627e+01
0.540,95,5.372763e+01
0.540,100,5.305958e+01
0.540,105,5.206675e+01
0.540,110,5.074008e+01
0.540,115,4.910497e+01
0.540,120,4.726103e+01
0.540,125,4.518633e+01
0.540,130,4.290200e+01
0.540,135,4.051563e+01
0.540,140,3.803938e+01
0.540,145,3.545772e+01
0.540,150,3.289813e+01
0.540,155,3.036835e+01
0.540,160,2.784209e+01
0.540,165,2.541724e+01
0.540,170,2.310363e+01
0.540,175,2.087437e+01
0.540,180,1.878759e+01
0.545,-180,1.778610e+01
0.545,-175,1.587975e+01
0.545,-170,1.411137e+01
0.545,-165,1.248807e+01
0.545,-160,1.101083e+01
0.545,-155,9.670200e+00
0.545,-150,8.459777e+00
0.545,-145,7.383474e+00
0.545,-140,6.437383e+00
0.545,-135,5.585414e+00
0.545,-130,4.821684e+00
0.545,-125,4.161117e+00
0.545,-120,3.578596e+00
0.545,-115,3.070611e+00
0.545,-110,2.629390e+00
0.545,-105,2.246334e+00
0.545,-100,1.920484e+00
0.545,-95,1.657485e+00
0.545,-90,1.459574e+00
0.545,-85,1.321012e+00
0.545,-80,1.247540e+00
0.545,-75,1.258617e+00
0.545,-70,1.350316e+00
0.545,-65,1.526565e+00
0.545,-60,1.815618e+00
0.545,-55,2.207498e+00
0.545,-50,2.700561e+00
0.545,-45,3.344271e+00
0.545,-40,4.141682e+00
0.545,-35,5.082927e+00
0.545,-30,6.184357e+00
0.545,-25,7.463141e+00
0.545,-20,8.919113e+00
0.545,-15,1.055642e+01
0.545,-10,1.237356e+01
0.545,-5,1.437467e+01
0.545,-0,1.653207e+01
0.545,5,1.883941e+01
0.545,10,2.130219e+01
0.545,15,2.385558e+01
0.545,20,2.649770e+01
0.545,25,2.922641e+01
0.545,30,3.194270e+01
0.545,35,3.464825e+01
0.545,40,3.732579e+01
0.545,45,3.986127e+01
0.545,50,4.225977e+01
0.545,55,4.451283e+01
0.545,60,4.649555e+01
0.545,65,4.821361e+01
0.545,70,4.967944e+01
0.545,75,5.081396e+01
0.545,80,5.159747e+01
0.545,85,5.204966e+01
0.545,90,5.215057e+01
0.545,95,5.187791e+01
0.545,100,5.123656e+01
0.545,105,5.028410e+01
0.545,110,4.901026e+01
0.545,115,4.741347e+01
0.545,120,4.560213e+01
0.545,125,4.357347e+01
0.545,130,4.133916e+01
0.545,135,3.901612e+01
0.545,140,3.659067e+01
0.545,145,3.407707e+01
0.545,150,3.158434e+01
0.545,155,2.910229e+01
0.545,160,2.663880e+01
0.545,165,2.427150e+01
0.545,170,2.200141e+01
0.545,175,1.982459e+01
0.545,180,1.778610e+01
0.550,-180,1.687566e+01
0.550,-175,1.501547e+01
0.550,-170,1.329191e+01
0.550,-165,1.171086e+01
0.550,-160,1.026523e+01
0.550,-155,8.961930e+00
0.550,-150,7.785478e+00
0.550,-145,6.727954e+00
0.550,-140,5.785484e+00
0.550,-135,4.943433e+00
0.550,-130,4.201281e+00
0.550,-125,3.554121e+00
0.550,-120,2.972677e+00
0.550,-115,2.462304e+00
0.550,-110,2.026590e+00
0.550,-105,1.651285e+00
0.550,-100,1.330810e+00
0.550,-95,1.070744e+00
0.550,-90,8.735856e-01
0.550,-85,7.339268e-01
0.550,-80,6.571749e-01
0.550,-75,6.620472e-01
0.550,-70,7.426074e-01
0.550,-65,8.897574e-01
0.550,-60,1.149847e+00
0.550,-55,1.521385e+00
0.550,-50,1.990060e+00
0.550,-45,2.593301e+00
0.550,-40,3.348073e+00
0.550,-35,4.251248e+00
0.550,-30,5.327931e+00
0.550,-25,6.571105e+00
0.550,-20,7.981191e+00
0.550,-15,9.570598e+00
0.550,-10,1.134818e+01
0.550,-5,1.329300e+01
0.550,-0,1.539346e+01
0.550,5,1.766120e+01
0.550,10,2.006597e+01
0.550,15,2.256181e+01
0.550,20,2.516072e+01
0.550,25,2.783536e+01
0.550,30,3.049818e+01
0.550,35,3.315167e+01
0.550,40,3.578242e+01
0.550,45,3.827879e+01
0.550,50,4.064399e+01
0.550,55,4.287042e+01
0.550,60,4.483613e+01
0.550,65,4.653587e+01
0.550,70,4.797327e+01
0.550,75,4.908620e+01
0.550,80,4.985493e+01
0.550,85,5.029921e+01
0.550,90,5.040038e+01
0.550,95,5.013722e+01
0.550,100,4.953096e+01
0.550,105,4.862604e+01
0.550,110,4.738429e+01
0.550,115,4.583202e+01
0.550,120,4.407694e+01
0.550,125,4.210048e+01
0.550,130,3.991681e+01
0.550,135,3.763770e+01
0.550,140,3.526753e+01
0.550,145,3.281147e+01
0.550,150,3.036708e+01
0.550,155,2.794113e+01
0.550,160,2.553540e+01
0.550,165,2.321675e+01
0.550,170,2.099571e+01
0.550,175,1.887139e+01
0.550,180,1.687566e+01
0.555,-180,1.615655e+01
0.555,-175,1.434322e+01
0.555,-170,1.266413e+01
0.555,-165,1.110332e+01
0.555,-160,9.687679e+00
0.555,-155,8.411617e+00
0.555,-150,7.258402e+00
0.555,-145,6.221386e+00
0.555,-140,5.297630e+00
0.555,-135,4.467156e+00
0.555,-130,3.733144e+00
0.555,-125,3.096047e+00
0.555,-120,2.531045e+00
0.555,-115,2.033729e+00
0.555,-110,1.606809e+00
0.555,-105,1.239449e+00
0.555,-100,9.262959e-01
0.555,-95,6.727029e-01
0.555,-90,4.795288e-01
0.555,-85,3.390202e-01
0.555,-80,2.480250e-01
0.555,-75,2.294949e-01
0.555,-70,2.859079e-01
0.555,-65,4.123202e-01
0.555,-60,6.414471e-01
0.555,-55,9.799035e-01
0.555,-50,1.428977e+00
0.555,-45,2.016115e+00
0.555,-40,2.732400e+00
0.555,-35,3.592299e+00
0.555,-30,4.625300e+00
0.555,-25,5.835588e+00
0.555,-20,7.203276e+00
0.555,-15,8.750029e+00
0.555,-10,1.048665e+01
0.555,-5,1.238602e+01
0.555,-0,1.443523e+01
0.555,5,1.665056e+01
0.555,10,1.900650e+01
0.555,15,2.144531e+01
0.555,20,2.398600e+01
0.555,25,2.661017e+01
0.555,30,2.921478e+01
0.555,35,3.181872e+01
0.555,40,3.441513e+01
0.555,45,3.687778e+01
0.555,50,3.919609e+01
0.555,55,4.138439e+01
0.555,60,4.333291e+01
0.555,65,4.502200e+01
0.555,70,4.645224e+01
0.555,75,4.755976e+01
0.555,80,4.831427e+01
0.555,85,4.875142e+01
0.555,90,4.885271e+01
0.555,95,4.859709e+01
0.555,100,4.800561e+01
0.555,105,4.711718e+01
0.555,110,4.591525e+01
0.555,115,4.442016e+01
0.555,120,4.271349e+01
0.555,125,4.079403e+01
0.555,130,3.866715e+01
0.555,135,3.644589e+01
0.555,140,3.413880e+01
0.555,145,3.173903e+01
0.555,150,2.934270e+01
0.555,155,2.697283e+01
0.555,160,2.462320e+01
0.555,165,2.235115e+01
0.555,170,2.018333e+01
0.555,175,1.811084e+01
0.555,180,1.615655e+01
0.560,-180,1.564576e+01
0.560,-175,1.387526e+01
0.560,-170,1.222924e+01
0.560,-165,1.070790e+01
0.560,-160,9.326049e+00
0.560,-155,8.077037e+00
0.560,-150,6.933996e+00
0.560,-145,5.914084e+00
0.560,-140,5.014564e+00
0.560,-135,4.209298e+00
0.560,-130,3.497866e+00
0.560,-125,2.880688e+00
0.560,-120,2.328664e+00
0.560,-115,1.842567e+00
0.560,-110,1.427315e+00
0.560,-105,1.069233e+00
0.560,-100,7.630879e-01
0.560,-95,5.001325e-01
0.560,-90,2.933747e-01
0.560,-85,1.403409e-01
0.560,-80,3.321510e-02
0.560,-75,0.000000e+00
0.560,-70,3.799300e-02
0.560,-65,1.461130e-01
0.560,-60,3.549918e-01
0.560,-55,6.613014e-01
0.560,-50,1.075736e+00
0.560,-45,1.633590e+00
0.560,-40,2.330521e+00
0.560,-35,3.161650e+00
0.560,-30,4.162545e+00
0.560,-25,5.340086e+00
0.560,-20,6.673882e+00
0.560,-15,8.178714e+00
0.560,-10,9.870292e+00
0.560,-5,1.172955e+01
0.560,-0,1.372822e+01
0.560,5,1.589021e+01
0.560,10,1.819841e+01
0.560,15,2.058046e+01
0.560,20,2.306328e+01
0.560,25,2.563520e+01
0.560,30,2.818355e+01
0.560,35,3.073036e+01
0.560,40,3.327055e+01
0.560,45,3.568780e+01
0.560,50,3.796867e+01
0.560,55,4.012725e+01
0.560,60,4.205271e+01
0.560,65,4.371464e+01
0.560,70,4.514223e+01
0.560,75,4.625217e+01
0.560,80,4.701488e+01
0.560,85,4.745930e+01
0.560,90,4.756003e+01
0.560,95,4.731172e+01
0.560,100,4.673073e+01
0.560,105,4.585941e+01
0.560,110,4.468568e+01
0.560,115,4.322529e+01
0.560,120,4.156942e+01
0.560,125,3.970351e+01
0.560,130,3.763210e+01
0.560,135,3.546897e+01
0.560,140,3.321805e+01
0.560,145,3.087066e+01
0.560,150,2.853452e+01
0.560,155,2.622662e+01
0.560,160,2.392402e+01
0.560,165,2.170563e+01
0.560,170,1.959157e+01
0.560,175,1.755752e+01
0.560,180,1.564576e+01
0.565,-180,1.539759e+01
0.565,-175,1.366653e+01
0.565,-170,1.204709e+01
0.565,-165,1.056062e+01
0.565,-160,9.214500e+00
0.565,-155,7.995080e+00
0.565,-150,6.884668e+00
0.565,-145,5.895164e+00
0.565,-140,5.023353e+00
0.565,-135,4.243254e+00
0.565,-130,3.554503e+00
0.565,-125,2.951839e+00
0.565,-120,2.416187e+00
0.565,-115,1.945033e+00
0.565,-110,1.529722e+00
0.565,-105,1.165682e+00
0.565,-100,8.509731e-01
0.565,-95,5.798571e-01
0.565,-90,3.594183e-01
0.565,-85,1.899095e-01
0.565,-80,7.684901e-02
0.565,-75,2.509451e-02
0.565,-70,4.175872e-02
0.565,-65,1.338558e-01
0.565,-60,3.243052e-01
0.565,-55,6.152912e-01
0.565,-50,1.011360e+00
0.565,-45,1.547699e+00
0.565,-40,2.227094e+00
0.565,-35,3.030610e+00
0.565,-30,4.000348e+00
0.565,-25,5.134710e+00
0.565,-20,6.433669e+00
0.565,-15,7.891416e+00
0.565,-10,9.530707e+00
0.565,-5,1.134414e+01
0.565,-0,1.329651e+01
0.565,5,1.540292e+01
0.565,10,1.765948e+01
0.565,15,1.999854e+01
0.565,20,2.242646e+01
0.565,25,2.494425e+01
0.565,30,2.745725e+01
0.565,35,2.994735e+01
0.565,40,3.243122e+01
0.565,45,3.479538e+01
0.565,50,3.703450e+01
0.565,55,3.914659e+01
0.565,60,4.103121e+01
0.565,65,4.267714e+01
0.565,70,4.409559e+01
0.565,75,4.519524e+01
0.565,80,4.596627e+01
0.565,85,4.643133e+01
0.565,90,4.655135e+01
0.565,95,4.632747e+01
0.565,100,4.575701e+01
0.565,105,4.490580e+01
0.565,110,4.375901e+01
0.565,115,4.233198e+01
0.565,120,4.071392e+01
0.565,125,3.888266e+01
0.565,130,3.685803e+01
0.565,135,3.475060e+01
0.565,140,3.255492e+01
0.565,145,3.026472e+01
0.565,150,2.799138e+01
0.565,155,2.573678e+01
0.565,160,2.348553e+01
0.565,165,2.132345e+01
0.565,170,1.925518e+01
0.565,175,1.726303e+01
0.565,180,1.539759e+01
0.570,-180,1.546290e+01
0.570,-175,1.377098e+01
0.570,-170,1.219506e+01
0.570,-165,1.074953e+01
0.570,-160,9.441617e+00
0.570,-155,8.251469e+00
0.570,-150,7.174079e+00
0.570,-145,6.214900e+00
0.570,-140,5.370798e+00
0.570,-135,4.616002e+00
0.570,-130,3.943186e+00
0.570,-125,3.345271e+00
0.570,-120,2.812817e+00
0.570,-115,2.342194e+00
0.570,-110,1.924280e+00
0.570,-105,1.555340e+00
0.570,-100,1.232829e+00
0.570,-95,9.620045e-01
0.570,-90,7.319275e-01
0.570,-85,5.468478e-01
0.570,-80,4.156658e-01
0.570,-75,3.573856e-01
0.570,-70,3.682239e-01
0.570,-65,4.519638e-01
0.570,-60,6.376694e-01
0.570,-55,9.143207e-01
0.570,-50,1.289027e+00
0.570,-45,1.790444e+00
0.570,-40,2.431935e+00
0.570,-35,3.210736e+00
0.570,-30,4.137626e+00
0.570,-25,5.235355e+00
0.570,-20,6.497175e+00
0.570,-15,7.921516e+00
0.570,-10,9.517078e+00
0.570,-5,1.128359e+01
0.570,-0,1.319359e+01
0.570,5,1.524788e+01
0.570,10,1.744983e+01
0.570,15,1.974005e+01
0.570,20,2.211107e+01
0.570,25,2.457051e+01
0.570,30,2.702607e+01
0.570,35,2.947654e+01
0.570,40,3.191533e+01
0.570,45,3.423918e+01
0.570,50,3.644660e+01
0.570,55,3.851908e+01
0.570,60,4.036209e+01
0.570,65,4.197186e+01
0.570,70,4.335939e+01
0.570,75,4.445082e+01
0.570,80,4.522827e+01
0.570,85,4.569701e+01
0.570,90,4.583836e+01
0.570,95,4.564345e+01
0.570,100,4.510984e+01
0.570,105,4.430049e+01
0.570,110,4.318328e+01
0.570,115,4.178836e+01
0.570,120,4.020055e+01
0.570,125,3.840942e+01
0.570,130,3.643027e+01
0.570,135,3.437078e+01
0.570,140,3.221865e+01
0.570,145,2.998145e+01
0.570,150,2.776142e+01
0.570,155,2.555350e+01
0.570,160,2.335606e+01
0.570,165,2.124654e+01
0.570,170,1.922278e+01
0.570,175,1.728053e+01
0.570,180,1.546290e+01
0.575,-180,1.591072e+01
0.575,-175,1.425791e+01
0.575,-170,1.272498e+01
0.575,-165,1.132001e+01
0.575,-160,1.004655e+01
0.575,-155,8.889648e+00
0.575,-150,7.845283e+00
0.575,-145,6.910109e+00
0.575,-140,6.080632e+00
0.575,-135,5.329216e+00
0.575,-130,4.659683e+00
0.575,-125,4.068511e+00
0.575,-120,3.539905e+00
0.575,-115,3.070231e+00
0.575,-110,2.662933e+00
0.575,-105,2.289202e+00
0.575,-100,1.959665e+00
0.575,-95,1.679266e+00
0.575,-90,1.450467e+00
0.575,-85,1.267874e+00
0.575,-80,1.136882e+00
0.575,-75,1.076139e+00
0.575,-70,1.079300e+00
0.575,-65,1.138582e+00
0.575,-60,1.298709e+00
0.575,-55,1.558387e+00
0.575,-50,1.907358e+00
0.575,-45,2.388906e+00
0.575,-40,3.007270e+00
0.575,-35,3.759937e+00
0.575,-30,4.660416e+00
0.575,-25,5.714037e+00
0.575,-20,6.929316e+00
0.575,-15,8.309365e+00
0.575,-10,9.862664e+00
0.575,-5,1.157059e+01
0.575,-0,1.342696e+01
0.575,5,1.544387e+01
0.575,10,1.759036e+01
0.575,15,1.982668e+01
0.575,20,2.216488e+01
0.575,25,2.457371e+01
0.575,30,2.697847e+01
0.575,35,2.938854e+01
0.575,40,3.177509e+01
0.575,45,3.404610e+01
0.575,50,3.620377e+01
0.575,55,3.824951e+01
0.575,60,4.007780e+01
0.575,65,4.166344e+01
0.575,70,4.301982e+01
0.575,75,4.408679e+01
0.575,80,4.484684e+01
0.575,85,4.531749e+01
0.575,90,4.547894e+01
0.575,95,4.530449e+01
0.575,100,4.480479e+01
0.575,105,4.403562e+01
0.575,110,4.296814e+01
0.575,115,4.161716e+01
0.575,120,4.007537e+01
0.575,125,3.832762e+01
0.575,130,3.639259e+01
0.575,135,3.437711e+01
0.575,140,3.227046e+01
0.575,145,3.008518e+01
0.575,150,2.791745e+01
0.575,155,2.575568e+01
0.575,160,2.361107e+01
0.575,165,2.155328e+01
0.575,170,1.957389e+01
0.575,175,1.768103e+01
0.575,180,1.591072e+01
0.580,-180,1.677847e+01
0.580,-175,1.516437e+01
0.580,-170,1.366925e+01
0.580,-165,1.229655e+01
0.580,-160,1.104134e+01
0.580,-155,9.911595e+00
0.580,-150,8.889048e+00
0.580,-145,7.965116e+00
0.580,-140,7.142658e+00
0.580,-135,6.404457e+00
0.580,-130,5.750205e+00
0.580,-125,5.168942e+00
0.580,-120,4.646454e+00
0.580,-115,4.178802e+00
0.580,-110,3.770271e+00
0.580,-105,3.408777e+00
0.580,-100,3.089648e+00
0.580,-95,2.817556e+00
0.580,-90,2.594426e+00
0.580,-85,2.406937e+00
0.580,-80,2.260288e+00
0.580,-75,2.181244e+00
0.580,-70,2.165842e+00
0.580,-65,2.218045e+00
0.580,-60,2.368140e+00
0.580,-55,2.607696e+00
0.580,-50,2.937307e+00
0.580,-45,3.387679e+00
0.580,-40,3.957112e+00
0.580,-35,4.659067e+00
0.580,-30,5.520924e+00
0.580,-25,6.544398e+00
0.580,-20,7.714144e+00
0.580,-15,9.051361e+00
0.580,-10,1.056602e+01
0.580,-5,1.223104e+01
0.580,-0,1.403932e+01
0.580,5,1.600524e+01
0.580,10,1.810445e+01
0.580,15,2.028586e+01
0.580,20,2.256763e+01
0.580,25,2.493344e+01
0.580,30,2.728752e+01
0.580,35,2.964947e+01
0.580,40,3.201276e+01
0.580,45,3.426376e+01
0.580,50,3.638581e+01
0.580,55,3.839591e+01
0.580,60,4.018260e+01
0.580,65,4.174585e+01
0.580,70,4.309187e+01
0.580,75,4.415569e+01
0.580,80,4.490119e+01
0.580,85,4.536097e+01
0.580,90,4.551844e+01
0.580,95,4.535431e+01
0.580,100,4.488787e+01
0.580,105,4.415023e+01
0.580,110,4.311799e+01
0.580,115,4.181165e+01
0.580,120,4.032340e+01
0.580,125,3.863867e+01
0.580,130,3.676371e+01
0.580,135,3.479326e+01
0.580,140,3.274732e+01
0.580,145,3.061623e+01
0.580,150,2.849397e+01
0.580,155,2.638355e+01
0.580,160,2.429087e+01
0.580,165,2.227881e+01
0.580,170,2.034852e+01
0.580,175,1.850428e+01
0.580,180,1.677847e+01
0.585,-180,1.804159e+01
0.585,-175,1.646749e+01
0.585,-170,1.500995e+01
0.585,-165,1.365751e+01
0.585,-160,1.243249e+01
0.585,-155,1.132937e+01
0.585,-150,1.032376e+01
0.585,-145,9.414554e+00
0.585,-140,8.612166e+00
0.585,-135,7.890392e+00
0.585,-130,7.248295e+00
0.585,-125,6.686812e+00
0.585,-120,6.182546e+00
0.585,-115,5.731302e+00
0.585,-110,5.335238e+00
0.585,-105,4.976482e+00
0.585,-100,4.651831e+00
0.585,-95,4.373001e+00
0.585,-90,4.143016e+00
0.585,-85,3.957320e+00
0.585,-80,3.818287e+00
0.585,-75,3.737152e+00
0.585,-70,3.702556e+00
0.585,-65,3.721731e+00
0.585,-60,3.830993e+00
0.585,-55,4.035956e+00
0.585,-50,4.337039e+00
0.585,-45,4.768135e+00
0.585,-40,5.319290e+00
0.585,-35,5.996485e+00
0.585,-30,6.830180e+00
0.585,-25,7.826820e+00
0.585,-20,8.962491e+00
0.585,-15,1.026148e+01
0.585,-10,1.173449e+01
0.585,-5,1.336041e+01
0.585,-0,1.512115e+01
0.585,5,1.703662e+01
0.585,10,1.908869e+01
0.585,15,2.121571e+01
0.585,20,2.344159e+01
0.585,25,2.575560e+01
0.585,30,2.805384e+01
0.585,35,3.035965e+01
0.585,40,3.266734e+01
0.585,45,3.487092e+01
0.585,50,3.695736e+01
0.585,55,3.894013e+01
0.585,60,4.071879e+01
0.585,65,4.227677e+01
0.585,70,4.361322e+01
0.585,75,4.465211e+01
0.585,80,4.539643e+01
0.585,85,4.586428e+01
0.585,90,4.602973e+01
0.585,95,4.586809e+01
0.585,100,4.540770e+01
0.585,105,4.468400e+01
0.585,110,4.368613e+01
0.585,115,4.242853e+01
0.585,120,4.099165e+01
0.585,125,3.935964e+01
0.585,130,3.752826e+01
0.585,135,3.561585e+01
0.585,140,3.362820e+01
0.585,145,3.155355e+01
0.585,150,2.948255e+01
0.585,155,2.743449e+01
0.585,160,2.539552e+01
0.585,165,2.342406e+01
0.585,170,2.154460e+01
0.585,175,1.974236e+01
0.585,180,1.804159e+01
0.590,-180,1.973450e+01
0.590,-175,1.820080e+01
0.590,-170,1.676895e+01
0.590,-165,1.544916e+01
0.590,-160,1.425434e+01
0.590,-155,1.317809e+01
0.590,-150,1.219590e+01
0.590,-145,1.131956e+01
0.590,-140,1.054840e+01
0.590,-135,9.854420e+00
0.590,-130,9.235508e+00
0.590,-125,8.691848e+00
0.590,-120,8.186069e+00
0.590,-115,7.734003e+00
0.590,-110,7.338377e+00
0.590,-105,6.986439e+00
0.590,-100,6.672954e+00
0.590,-95,6.393405e+00
0.590,-90,6.153260e+00
0.590,-85,5.943231e+00
0.590,-80,5.780566e+00
0.590,-75,5.680129e+00
0.590,-70,5.636276e+00
0.590,-65,5.649220e+00
0.590,-60,5.750759e+00
0.590,-55,5.944428e+00
0.590,-50,6.230947e+00
0.590,-45,6.644397e+00
0.590,-40,7.180101e+00
0.590,-35,7.833744e+00
0.590,-30,8.640329e+00
0.590,-25,9.597854e+00
0.590,-20,1.070384e+01
0.590,-15,1.195742e+01
0.590,-10,1.338438e+01
0.590,-5,1.497413e+01
0.590,-0,1.668865e+01
0.590,5,1.855021e+01
0.590,10,2.055238e+01
0.590,15,2.263251e+01
0.590,20,2.480505e+01
0.590,25,2.706686e+01
0.590,30,2.932599e+01
0.590,35,3.157565e+01
0.590,40,3.382753e+01
0.590,45,3.597819e+01
0.590,50,3.802097e+01
0.590,55,3.995698e+01
0.590,60,4.169337e+01
0.590,65,4.322086e+01
0.590,70,4.454872e+01
0.590,75,4.560493e+01
0.590,80,4.636031e+01
0.590,85,4.682564e+01
0.590,90,4.698981e+01
0.590,95,4.684661e+01
0.590,100,4.641365e+01
0.590,105,4.571820e+01
0.590,110,4.474149e+01
0.590,115,4.351112e+01
0.590,120,4.210668e+01
0.590,125,4.051171e+01
0.590,130,3.873613e+01
0.590,135,3.688169e+01
0.590,140,3.494678e+01
0.590,145,3.291546e+01
0.590,150,3.089883e+01
0.590,155,2.890683e+01
0.590,160,2.690874e+01
0.590,165,2.498981e+01
0.590,170,2.316043e+01
0.590,175,2.139149e+01
0.590,180,1.973450e+01
0.595,-180,2.190653e+01
0.595,-175,2.041816e+01
0.595,-170,1.902789e+01
0.595,-165,1.775074e+01
0.595,-160,1.659417e+01
0.595,-155,1.555303e+01
0.595,-150,1.459923e+01
0.595,-145,1.374314e+01
0.595,-140,1.298738e+01
0.595,-135,1.230650e+01
0.595,-130,1.169769e+01
0.595,-125,1.115801e+01
0.595,-120,1.067264e+01
0.595,-115,1.023306e+01
0.595,-110,9.836865e+00
0.595,-105,9.468143e+00
0.595,-100,9.139534e+00
0.595,-95,8.854027e+00
0.595,-90,8.611098e+00
0.595,-85,8.404519e+00
0.595,-80,8.240518e+00
0.595,-75,8.137250e+00
0.595,-70,8.090624e+00
0.595,-65,8.103779e+00
0.595,-60,8.198202e+00
0.595,-55,8.378316e+00
0.595,-50,8.637540e+00
0.595,-45,9.022789e+00
0.595,-40,9.538101e+00
0.595,-35,1.016990e+01
0.595,-30,1.094354e+01
0.595,-25,1.186970e+01
0.595,-20,1.294426e+01
0.595,-15,1.416123e+01
0.595,-10,1.554557e+01
0.595,-5,1.708879e+01
0.595,-0,1.876029e+01
0.595,5,2.057402e+01
0.595,10,2.252715e+01
0.595,15,2.456147e+01
0.595,20,2.668048e+01
0.595,25,2.888668e+01
0.595,30,3.109451e+01
0.595,35,3.329567e+01
0.595,40,3.549548e+01
0.595,45,3.760013e+01
0.595,50,3.961028e+01
0.595,55,4.151064e+01
0.595,60,4.320474e+01
0.595,65,4.469446e+01
0.595,70,4.598941e+01
0.595,75,4.701968e+01
0.595,80,4.776839e+01
0.595,85,4.825243e+01
0.595,90,4.845255e+01
0.595,95,4.833460e+01
0.595,100,4.791244e+01
0.595,105,4.723770e+01
0.595,110,4.630152e+01
0.595,115,4.511751e+01
0.595,120,4.375306e+01
0.595,125,4.218873e+01
0.595,130,4.045329e+01
0.595,135,3.864204e+01
0.595,140,3.674908e+01
0.595,145,3.476780e+01
0.595,150,3.280120e+01
0.595,155,3.085449e+01
0.595,160,2.890597e+01
0.595,165,2.703487e+01
0.595,170,2.524759e+01
0.595,175,2.352025e+01
0.595,180,2.190653e+01
0.600,-180,2.463860e+01
0.600,-175,2.317761e+01
0.600,-170,2.181708e+01
0.600,-165,2.057099e+01
0.600,-160,1.944725e+01
0.600,-155,1.842532e+01
0.600,-150,1.749801e+01
0.600,-145,1.666962e+01
0.600,-140,1.593842e+01
0.600,-135,1.527394e+01
0.600,-130,1.466619e+01
0.600,-125,1.412408e+01
0.600,-120,1.363239e+01
0.600,-115,1.318601e+01
0.600,-110,1.279005e+01
0.600,-105,1.243637e+01
0.600,-100,1.212351e+01
0.600,-95,1.185293e+01
0.600,-90,1.162077e+01
0.600,-85,1.141891e+01
0.600,-80,1.125547e+01
0.600,-75,1.114270e+01
0.600,-70,1.107749e+01
0.600,-65,1.107101e+01
0.600,-60,1.115561e+01
0.600,-55,1.132175e+01
0.600,-50,1.157660e+01
0.600,-45,1.195020e+01
0.600,-40,1.243839e+01
0.600,-35,1.303755e+01
0.600,-30,1.377237e+01
0.600,-25,1.465808e+01
0.600,-20,1.569160e+01
0.600,-15,1.687901e+01
0.600,-10,1.821698e+01
0.600,-5,1.971160e+01
0.600,-0,2.134440e+01
0.600,5,2.310975e+01
0.600,10,2.501036e+01
0.600,15,2.699790e+01
0.600,20,2.907269e+01
0.600,25,3.122607e+01
0.600,30,3.338522e+01
0.600,35,3.555715e+01
0.600,40,3.771809e+01
0.600,45,3.977399e+01
0.600,50,4.173002e+01
0.600,55,4.358947e+01
0.600,60,4.525531e+01
0.600,65,4.672423e+01
0.600,70,4.799652e+01
0.600,75,4.900125e+01
0.600,80,4.973319e+01
0.600,85,5.020777e+01
0.600,90,5.040255e+01
0.600,95,5.029699e+01
0.600,100,4.991162e+01
0.600,105,4.928568e+01
0.600,110,4.839239e+01
0.600,115,4.723632e+01
0.600,120,4.589711e+01
0.600,125,4.438329e+01
0.600,130,4.270143e+01
0.600,135,4.094369e+01
0.600,140,3.909787e+01
0.600,145,3.717730e+01
0.600,150,3.526153e+01
0.600,155,3.335575e+01
0.600,160,3.145167e+01
0.600,165,2.962618e+01
0.600,170,2.788426e+01
0.600,175,2.620714e+01
0.600,180,2.463860e+01
0.605,-180,2.789750e+01
0.605,-175,2.647520e+01
0.605,-170,2.515600e+01
0.605,-165,2.394793e+01
0.605,-160,2.284416e+01
0.605,-155,2.183872e+01
0.605,-150,2.092318e+01
0.605,-145,2.010575e+01
0.605,-140,1.937635e+01
0.605,-135,1.871351e+01
0.605,-130,1.811942e+01
0.605,-125,1.759638e+01
0.605,-120,1.712629e+01
0.605,-115,1.670965e+01
0.605,-110,1.634597e+01
0.605,-105,1.601569e+01
0.605,-100,1.571033e+01
0.605,-95,1.543135e+01
0.605,-90,1.518360e+01
0.605,-85,1.497106e+01
0.605,-80,1.479771e+01
0.605,-75,1.468187e+01
0.605,-70,1.462029e+01
0.605,-65,1.460761e+01
0.605,-60,1.467540e+01
0.605,-55,1.482789e+01
0.605,-50,1.505501e+01
0.605,-45,1.539770e+01
0.605,-40,1.585865e+01
0.605,-35,1.643656e+01
0.605,-30,1.715078e+01
0.605,-25,1.800789e+01
0.605,-20,1.900086e+01
0.605,-15,2.014834e+01
0.605,-10,2.145095e+01
0.605,-5,2.289774e+01
0.605,-0,2.448139e+01
0.605,5,2.620985e+01
0.605,10,2.805859e+01
0.605,15,2.999434e+01
0.605,20,3.202716e+01
0.605,25,3.413276e+01
0.605,30,3.623700e+01
0.605,35,3.835334e+01
0.605,40,4.046746e+01
0.605,45,4.248261e+01
0.605,50,4.440359e+01
0.605,55,4.623268e+01
0.605,60,4.787787e+01
0.605,65,4.930959e+01
0.605,70,5.055483e+01
0.605,75,5.155012e+01
0.605,80,5.228009e+01
0.605,85,5.274615e+01
0.605,90,5.293516e+01
0.605,95,5.283790e+01
0.605,100,5.247052e+01
0.605,105,5.186190e+01
0.605,110,5.098552e+01
0.605,115,4.986448e+01
0.605,120,4.858059e+01
0.605,125,4.713141e+01
0.605,130,4.550423e+01
0.605,135,4.378478e+01
0.605,140,4.198131e+01
0.605,145,4.010534e+01
0.605,150,3.824150e+01
0.605,155,3.638070e+01
0.605,160,3.453327e+01
0.605,165,3.276096e+01
0.605,170,3.105422e+01
0.605,175,2.942234e+01
0.605,180,2.789750e+01
0.610,-180,3.168116e+01
0.610,-175,3.028979e+01
0.610,-170,2.900198e+01
0.610,-165,2.781606e+01
0.610,-160,2.673281e+01
0.610,-155,2.575765e+01
0.610,-150,2.487525e+01
0.610,-145,2.408809e+01
0.610,-140,2.338384e+01
0.610,-135,2.274956e+01
0.610,-130,2.218746e+01
0.610,-125,2.169677e+01
0.610,-120,2.125255e+01
0.610,-115,2.084045e+01
0.610,-110,2.047174e+01
0.610,-105,2.013641e+01
0.610,-100,1.982876e+01
0.610,-95,1.955448e+01
0.610,-90,1.931827e+01
0.610,-85,1.910670e+01
0.610,-80,1.892927e+01
0.610,-75,1.880530e+01
0.610,-70,1.873025e+01
0.610,-65,1.870866e+01
0.610,-60,1.876925e+01
0.610,-55,1.890265e+01
0.610,-50,1.911272e+01
0.610,-45,1.942657e+01
0.610,-40,1.985726e+01
0.610,-35,2.040351e+01
0.610,-30,2.109222e+01
0.610,-25,2.191574e+01
0.610,-20,2.287707e+01
0.610,-15,2.398977e+01
0.610,-10,2.525799e+01
0.610,-5,2.666305e+01
0.610,-0,2.820213e+01
0.610,5,2.988363e+01
0.610,10,3.168544e+01
0.610,15,3.356916e+01
0.610,20,3.554817e+01
0.610,25,3.760280e+01
0.610,30,3.965706e+01
0.610,35,4.172533e+01
0.610,40,4.380163e+01
0.610,45,4.578195e+01
0.610,50,4.767015e+01
0.610,55,4.946135e+01
0.610,60,5.106735e+01
0.610,65,5.248201e+01
0.610,70,5.371513e+01
0.610,75,5.469650e+01
0.610,80,5.540259e+01
0.610,85,5.586429e+01
0.610,90,5.606306e+01
0.610,95,5.598321e+01
0.610,100,5.562339e+01
0.610,105,5.502365e+01
0.610,110,5.416820e+01
0.610,115,5.307754e+01
0.610,120,5.182497e+01
0.610,125,5.040460e+01
0.610,130,4.881261e+01
0.610,135,4.714112e+01
0.610,140,4.540082e+01
0.610,145,4.358622e+01
0.610,150,4.176508e+01
0.610,155,3.996214e+01
0.610,160,3.816989e+01
0.610,165,3.642910e+01
0.610,170,3.476954e+01
0.610,175,3.318165e+01
0.610,180,3.168116e+01
0.615,-180,3.604194e+01
0.615,-175,3.469161e+01
0.615,-170,3.344348e+01
0.615,-165,3.229460e+01
0.615,-160,3.125344e+01
0.615,-155,3.032058e+01
0.615,-150,2.947641e+01
0.615,-145,2.872102e+01
0.615,-140,2.803372e+01
0.615,-135,2.741408e+01
0.615,-130,2.686438e+01
0.615,-125,2.638311e+01
0.615,-120,2.594544e+01
0.615,-115,2.554633e+01
0.615,-110,2.518738e+01
0.615,-105,2.485084e+01
0.615,-100,2.454729e+01
0.615,-95,2.427941e+01
0.615,-90,2.404646e+01
0.615,-85,2.383908e+01
0.615,-80,2.366475e+01
0.615,-75,2.352905e+01
0.615,-70,2.343777e+01
0.615,-65,2.339708e+01
0.615,-60,2.343693e+01
0.615,-55,2.355591e+01
0.615,-50,2.375400e+01
0.615,-45,2.405562e+01
0.615,-40,2.446219e+01
0.615,-35,2.498344e+01
0.615,-30,2.564380e+01
0.615,-25,2.644676e+01
0.615,-20,2.737263e+01
0.615,-15,2.844633e+01
0.615,-10,2.967599e+01
0.615,-5,3.104207e+01
0.615,-0,3.253288e+01
0.615,5,3.416778e+01
0.615,10,3.593022e+01
0.615,15,3.776238e+01
0.615,20,3.968738e+01
0.615,25,4.169637e+01
0.615,30,4.369988e+01
0.615,35,4.571597e+01
0.615,40,4.774189e+01
0.615,45,4.968560e+01
0.615,50,5.152312e+01
0.615,55,5.327750e+01
0.615,60,5.485728e+01
0.615,65,5.625399e+01
0.615,70,5.747397e+01
0.615,75,5.843661e+01
0.615,80,5.914201e+01
0.615,85,5.960599e+01
0.615,90,5.980989e+01
0.615,95,5.972437e+01
0.615,100,5.937438e+01
0.615,105,5.879664e+01
0.615,110,5.797958e+01
0.615,115,5.692972e+01
0.615,120,5.570801e+01
0.615,125,5.431986e+01
0.615,130,5.275960e+01
0.615,135,5.112656e+01
0.615,140,4.942836e+01
0.615,145,4.765580e+01
0.615,150,4.587836e+01
0.615,155,4.411606e+01
0.615,160,4.236078e+01
0.615,165,4.066021e+01
0.615,170,3.904441e+01
0.615,175,3.750163e+01
0.615,180,3.604194e+01
0.620,-180,4.107891e+01
0.620,-175,3.976980e+01
0.620,-170,3.855647e+01
0.620,-165,3.743102e+01
0.620,-160,3.641910e+01
0.620,-155,3.551248e+01
0.620,-150,3.469173e+01
0.620,-145,3.394558e+01
0.620,-140,3.328616e+01
0.620,-135,3.269206e+01
0.620,-130,3.215533e+01
0.620,-125,3.167903e+01
0.620,-120,3.124780e+01
0.620,-115,3.085705e+01
0.620,-110,3.051207e+01
0.620,-105,3.019774e+01
0.620,-100,2.989880e+01
0.620,-95,2.962631e+01
0.620,-90,2.938608e+01
0.620,-85,2.917271e+01
0.620,-80,2.899159e+01
0.620,-75,2.885682e+01
0.620,-70,2.875668e+01
0.620,-65,2.869945e+01
0.620,-60,2.872411e+01
0.620,-55,2.883321e+01
0.620,-50,2.902419e+01
0.620,-45,2.932189e+01
0.620,-40,2.971182e+01
0.620,-35,3.020528e+01
0.620,-30,3.083514e+01
0.620,-25,3.160837e+01
0.620,-20,3.250203e+01
0.620,-15,3.353617e+01
0.620,-10,3.472164e+01
0.620,-5,3.605389e+01
0.620,-0,3.750068e+01
0.620,5,3.908642e+01
0.620,10,4.080334e+01
0.620,15,4.259427e+01
0.620,20,4.446974e+01
0.620,25,4.642897e+01
0.620,30,4.838773e+01
0.620,35,5.035641e+01
0.620,40,5.233527e+01
0.620,45,5.422874e+01
0.620,50,5.602917e+01
0.620,55,5.773616e+01
0.620,60,5.927796e+01
0.620,65,6.064657e+01
0.620,70,6.183544e+01
0.620,75,6.279090e+01
0.620,80,6.349814e+01
0.620,85,6.397042e+01
0.620,90,6.416940e+01
0.620,95,6.409592e+01
0.620,100,6.376743e+01
0.620,105,6.321540e+01
0.620,110,6.241394e+01
0.620,115,6.138552e+01
0.620,120,6.020427e+01
0.620,125,5.885627e+01
0.620,130,5.734776e+01
0.620,135,5.576981e+01
0.620,140,5.411903e+01
0.620,145,5.238621e+01
0.620,150,5.065305e+01
0.620,155,4.893555e+01
0.620,160,4.722306e+01
0.620,165,4.556787e+01
0.620,170,4.399664e+01
0.620,175,4.249681e+01
0.620,180,4.107891e+01
0.625,-180,4.675873e+01
0.625,-175,4.548783e+01
0.625,-170,4.431146e+01
0.625,-165,4.322228e+01
0.625,-160,4.224028e+01
0.625,-155,4.135237e+01
0.625,-150,4.054014e+01
0.625,-145,3.981319e+01
0.625,-140,3.917325e+01
0.625,-135,3.859852e+01
0.625,-130,3.809021e+01
0.625,-125,3.764712e+01
0.625,-120,3.722853e+01
0.625,-115,3.684482e+01
0.625,-110,3.650157e+01
0.625,-105,3.618610e+01
0.625,-100,3.589291e+01
0.625,-95,3.562292e+01
0.625,-90,3.537495e+01
0.625,-85,3.515315e+01
0.625,-80,3.496295e+01
0.625,-75,3.482514e+01
0.625,-70,3.473804e+01
0.625,-65,3.469582e+01
0.625,-60,3.472499e+01
0.625,-55,3.481981e+01
0.625,-50,3.497403e+01
0.625,-45,3.523612e+01
0.625,-40,3.560939e+01
0.625,-35,3.607498e+01
0.625,-30,3.667410e+01
0.625,-25,3.741220e+01
0.625,-20,3.827829e+01
0.625,-15,3.927427e+01
0.625,-10,4.041730e+01
0.625,-5,4.170478e+01
0.625,-0,4.311699e+01
0.625,5,4.465466e+01
0.625,10,4.632194e+01
0.625,15,4.807403e+01
0.625,20,4.990382e+01
0.625,25,5.181305e+01
0.625,30,5.373308e+01
0.625,35,5.565767e+01
0.625,40,5.758968e+01
0.625,45,5.944390e+01
0.625,50,6.121539e+01
0.625,55,6.289045e+01
0.625,60,6.439671e+01
0.625,65,6.572250e+01
0.625,70,6.687979e+01
0.625,75,6.781402e+01
0.625,80,6.851443e+01
0.625,85,6.897255e+01
0.625,90,6.918394e+01
0.625,95,6.913267e+01
0.625,100,6.883125e+01
0.625,105,6.829342e+01
0.625,110,6.752145e+01
0.625,115,6.652943e+01
0.625,120,6.538161e+01
0.625,125,6.406631e+01
0.625,130,6.259099e+01
0.625,135,6.104544e+01
0.625,140,5.943638e+01
0.625,145,5.774343e+01
0.625,150,5.606227e+01
0.625,155,5.440015e+01
0.625,160,5.273338e+01
0.625,165,5.113093e+01
0.625,170,4.960596e+01
0.625,175,4.813699e+01
0.625,180,4.675873e+01
0.630,-180,5.312050e+01
0.630,-175,5.188581e+01
0.630,-170,5.073334e+01
0.630,-165,4.967803e+01
0.630,-160,4.873286e+01
0.630,-155,4.788923e+01
0.630,-150,4.711692e+01
0.630,-145,4.641418e+01
0.630,-140,4.579176e+01
0.630,-135,4.523170e+01
0.630,-130,4.473661e+01
0.630,-125,4.429975e+01
0.630,-120,4.389709e+01
0.630,-115,4.351706e+01
0.630,-110,4.317027e+01
0.630,-105,4.285429e+01
0.630,-100,4.256792e+01
0.630,-95,4.231237e+01
0.630,-90,4.208514e+01
0.630,-85,4.188007e+01
0.630,-80,4.170079e+01
0.630,-75,4.155541e+01
0.630,-70,4.144948e+01
0.630,-65,4.138764e+01
0.630,-60,4.138982e+01
0.630,-55,4.146310e+01
0.630,-50,4.159759e+01
0.630,-45,4.183952e+01
0.630,-40,4.219243e+01
0.630,-35,4.264681e+01
0.630,-30,4.322144e+01
0.630,-25,4.393132e+01
0.630,-20,4.477151e+01
0.630,-15,4.574093e+01
0.630,-10,4.684855e+01
0.630,-5,4.809511e+01
0.630,-0,4.946627e+01
0.630,5,5.095975e+01
0.630,10,5.258043e+01
0.630,15,5.428203e+01
0.630,20,5.605854e+01
0.630,25,5.791127e+01
0.630,30,5.977652e+01
0.630,35,6.165956e+01
0.630,40,6.354079e+01
0.630,45,6.534963e+01
0.630,50,6.708649e+01
0.630,55,6.873791e+01
0.630,60,7.022222e+01
0.630,65,7.153294e+01
0.630,70,7.267124e+01
0.630,75,7.358584e+01
0.630,80,7.426116e+01
0.630,85,7.471278e+01
0.630,90,7.492403e+01
0.630,95,7.487618e+01
0.630,100,7.457353e+01
0.630,105,7.406023e+01
0.630,110,7.332640e+01
0.630,115,7.237865e+01
0.630,120,7.126256e+01
0.630,125,6.997773e+01
0.630,130,6.854200e+01
0.630,135,6.704249e+01
0.630,140,6.547321e+01
0.630,145,6.383158e+01
0.630,150,6.219848e+01
0.630,155,6.057239e+01
0.630,160,5.893996e+01
0.630,165,5.737660e+01
0.630,170,5.589132e+01
0.630,175,5.445806e+01
0.630,180,5.312050e+01
0.635,-180,6.023642e+01
0.635,-175,5.903458e+01
0.635,-170,5.791201e+01
0.635,-165,5.688820e+01
0.635,-160,5.597149e+01
0.635,-155,5.514782e+01
0.635,-150,5.439443e+01
0.635,-145,5.372166e+01
0.635,-140,5.312884e+01
0.635,-135,5.258460e+01
0.635,-130,5.208950e+01
0.635,-125,5.165089e+01
0.635,-120,5.125362e+01
0.635,-115,5.089746e+01
0.635,-110,5.058265e+01
0.635,-105,5.029245e+01
0.635,-100,5.001509e+01
0.635,-95,4.975583e+01
0.635,-90,4.952179e+01
0.635,-85,4.930713e+01
0.635,-80,4.911722e+01
0.635,-75,4.895809e+01
0.635,-70,4.883852e+01
0.635,-65,4.876288e+01
0.635,-60,4.876306e+01
0.635,-55,4.883153e+01
0.635,-50,4.897496e+01
0.635,-45,4.921563e+01
0.635,-40,4.954302e+01
0.635,-35,4.996456e+01
0.635,-30,5.050377e+01
0.635,-25,5.117372e+01
0.635,-20,5.197205e+01
0.635,-15,5.290942e+01
0.635,-10,5.397561e+01
0.635,-5,5.518013e+01
0.635,-0,5.650987e+01
0.635,5,5.796385e+01
0.635,10,5.953464e+01
0.635,15,6.118826e+01
0.635,20,6.293163e+01
0.635,25,6.474201e+01
0.635,30,6.656667e+01
0.635,35,6.841330e+01
0.635,40,7.026465e+01
0.635,45,7.202440e+01
0.635,50,7.370189e+01
0.635,55,7.530249e+01
0.635,60,7.675190e+01
0.635,65,7.804559e+01
0.635,70,7.917111e+01
0.635,75,8.007732e+01
0.635,80,8.075360e+01
0.635,85,8.119778e+01
0.635,90,8.140480e+01
0.635,95,8.135752e+01
0.635,100,8.107309e+01
0.635,105,8.058121e+01
0.635,110,7.986837e+01
0.635,115,7.892926e+01
0.635,120,7.783979e+01
0.635,125,7.660360e+01
0.635,130,7.522454e+01
0.635,135,7.377617e+01
0.635,140,7.224954e+01
0.635,145,7.065669e+01
0.635,150,6.906489e+01
0.635,155,6.747944e+01
0.635,160,6.589121e+01
0.635,165,6.437150e+01
0.635,170,6.292608e+01
0.635,175,6.153464e+01
0.635,180,6.023642e+01
0.640,-180,6.808728e+01
0.640,-175,6.692391e+01
0.640,-170,6.583962e+01
0.640,-165,6.484553e+01
0.640,-160,6.395075e+01
0.640,-155,6.313485e+01
0.640,-150,6.239853e+01
0.640,-145,6.174366e+01
0.640,-140,6.116847e+01
0.640,-135,6.065276e+01
0.640,-130,6.019224e+01
0.640,-125,5.978856e+01
0.640,-120,5.941203e+01
0.640,-115,5.906517e+01
0.640,-110,5.875263e+01
0.640,-105,5.846162e+01
0.640,-100,5.818386e+01
0.640,-95,5.791673e+01
0.640,-90,5.767517e+01
0.640,-85,5.745389e+01
0.640,-80,5.725817e+01
0.640,-75,5.710854e+01
0.640,-70,5.699841e+01
0.640,-65,5.693259e+01
0.640,-60,5.693039e+01
0.640,-55,5.698255e+01
0.640,-50,5.708822e+01
0.640,-45,5.729314e+01
0.640,-40,5.760090e+01
0.640,-35,5.800793e+01
0.640,-30,5.852969e+01
0.640,-25,5.916716e+01
0.640,-20,5.993005e+01
0.640,-15,6.082955e+01
0.640,-10,6.186568e+01
0.640,-5,6.302748e+01
0.640,-0,6.431285e+01
0.640,5,6.573131e+01
0.640,10,6.725436e+01
0.640,15,6.885991e+01
0.640,20,7.055692e+01
0.640,25,7.232742e+01
0.640,30,7.410418e+01
0.640,35,7.589536e+01
0.640,40,7.769922e+01
0.640,45,7.942047e+01
0.640,50,8.107435e+01
0.640,55,8.265957e+01
0.640,60,8.408879e+01
0.640,65,8.533705e+01
0.640,70,8.642396e+01
0.640,75,8.730545e+01
0.640,80,8.797370e+01
0.640,85,8.842633e+01
0.640,90,8.864334e+01
0.640,95,8.861446e+01
0.640,100,8.834156e+01
0.640,105,8.786381e+01
0.640,110,8.716368e+01
0.640,115,8.625074e+01
0.640,120,8.519583e+01
0.640,125,8.399359e+01
0.640,130,8.264940e+01
0.640,135,8.122977e+01
0.640,140,7.974170e+01
0.640,145,7.818933e+01
0.640,150,7.664803e+01
0.640,155,7.510651e+01
0.640,160,7.357350e+01
0.640,165,7.210486e+01
0.640,170,7.069636e+01
0.640,175,6.934578e+01
0.640,180,6.808728e+01
0.645,-180,7.668125e+01
0.645,-175,7.554510e+01
0.645,-170,7.449515e+01
0.645,-165,7.353761e+01
0.645,-160,7.267744e+01
0.645,-155,7.189490e+01
0.645,-150,7.119305e+01
0.645,-145,7.057017e+01
0.645,-140,7.002733e+01
0.645,-135,6.953120e+01
0.645,-130,6.908396e+01
0.645,-125,6.869084e+01
0.645,-120,6.832227e+01
0.645,-115,6.797692e+01
0.645,-110,6.766262e+01
0.645,-105,6.737022e+01
0.645,-100,6.709451e+01
0.645,-95,6.684068e+01
0.645,-90,6.660293e+01
0.645,-85,6.639561e+01
0.645,-80,6.621763e+01
0.645,-75,6.607317e+01
0.645,-70,6.595268e+01
0.645,-65,6.586571e+01
0.645,-60,6.583705e+01
0.645,-55,6.587188e+01
0.645,-50,6.596750e+01
0.645,-45,6.615322e+01
0.645,-40,6.643569e+01
0.645,-35,6.681472e+01
0.645,-30,6.731985e+01
0.645,-25,6.794523e+01
0.645,-20,6.869680e+01
0.645,-15,6.957696e+01
0.645,-10,7.058206e+01
0.645,-5,7.170371e+01
0.645,-0,7.294568e+01
0.645,5,7.432115e+01
0.645,10,7.580377e+01
0.645,15,7.735897e+01
0.645,20,7.899435e+01
0.645,25,8.069847e+01
0.645,30,8.241173e+01
0.645,35,8.415446e+01
0.645,40,8.591682e+01
0.645,45,8.760849e+01
0.645,50,8.922307e+01
0.645,55,9.076744e+01
0.645,60,9.215764e+01
0.645,65,9.339623e+01
0.645,70,9.448837e+01
0.645,75,9.536877e+01
0.645,80,9.600419e+01
0.645,85,9.643132e+01
0.645,90,9.664094e+01
0.645,95,9.662339e+01
0.645,100,9.637629e+01
0.645,105,9.591969e+01
0.645,110,9.525006e+01
0.645,115,9.437286e+01
0.645,120,9.334751e+01
0.645,125,9.217444e+01
0.645,130,9.086091e+01
0.645,135,8.947208e+01
0.645,140,8.802023e+01
0.645,145,8.650636e+01
0.645,150,8.499799e+01
0.645,155,8.349814e+01
0.645,160,8.201084e+01
0.645,165,8.058424e+01
0.645,170,7.921123e+01
0.645,175,7.790136e+01
0.645,180,7.668125e+01
0.650,-180,8.609336e+01
0.650,-175,8.499509e+01
0.650,-170,8.399151e+01
0.650,-165,8.307462e+01
0.650,-160,8.223704e+01
0.650,-155,8.147931e+01
0.650,-150,8.079947e+01
0.650,-145,8.020132e+01
0.650,-140,7.967089e+01
0.650,-135,7.918391e+01
0.650,-130,7.874399e+01
0.650,-125,7.835451e+01
0.650,-120,7.799736e+01
0.650,-115,7.766654e+01
0.650,-110,7.735772e+01
0.650,-105,7.707494e+01
0.650,-100,7.681977e+01
0.650,-95,7.659063e+01
0.650,-90,7.637697e+01
0.650,-85,7.616799e+01
0.650,-80,7.596394e+01
0.650,-75,7.579483e+01
0.650,-70,7.566131e+01
0.650,-65,7.556531e+01
0.650,-60,7.553572e+01
0.650,-55,7.557194e+01
0.650,-50,7.566691e+01
0.650,-45,7.584331e+01
0.650,-40,7.611116e+01
0.650,-35,7.647172e+01
0.650,-30,7.695022e+01
0.650,-25,7.754221e+01
0.650,-20,7.824302e+01
0.650,-15,7.907460e+01
0.650,-10,8.003545e+01
0.650,-5,8.112861e+01
0.650,-0,8.232496e+01
0.650,5,8.365142e+01
0.650,10,8.509930e+01
0.650,15,8.661392e+01
0.650,20,8.821410e+01
0.650,25,8.989463e+01
0.650,30,9.157467e+01
0.650,35,9.326959e+01
0.650,40,9.497868e+01
0.650,45,9.662414e+01
0.650,50,9.818555e+01
0.650,55,9.968190e+01
0.650,60,1.010385e+02
0.650,65,1.022494e+02
0.650,70,1.033206e+02
0.650,75,1.041791e+02
0.650,80,1.048254e+02
0.650,85,1.052725e+02
0.650,90,1.054951e+02
0.650,95,1.054614e+02
0.650,100,1.052008e+02
0.650,105,1.047508e+02
0.650,110,1.041051e+02
0.650,115,1.032696e+02
0.650,120,1.022838e+02
0.650,125,1.011585e+02
0.650,130,9.988925e+01
0.650,135,9.854910e+01
0.650,140,9.713691e+01
0.650,145,9.566094e+01
0.650,150,9.419187e+01
0.650,155,9.273352e+01
0.650,160,9.128841e+01
0.650,165,8.990215e+01
0.650,170,8.856249e+01
0.650,175,8.728318e+01
0.650,180,8.609336e+01
0.655,-180,9.633648e+01
0.655,-175,9.526571e+01
0.655,-170,9.428084e+01
0.655,-165,9.338640e+01
0.655,-160,9.257513e+01
0.655,-155,9.185477e+01
0.655,-150,9.120476e+01
0.655,-145,9.062477e+01
0.655,-140,9.011067e+01
0.655,-135,8.963289e+01
0.655,-130,8.920435e+01
0.655,-125,8.882709e+01
0.655,-120,8.848409e+01
0.655,-115,8.817560e+01
0.655,-110,8.790138e+01
0.655,-105,8.764100e+01
0.655,-100,8.738266e+01
0.655,-95,8.714032e+01
0.655,-90,8.691540e+01
0.655,-85,8.670164e+01
0.655,-80,8.650529e+01
0.655,-75,8.634011e+01
0.655,-70,8.620766e+01
0.655,-65,8.611360e+01
0.655,-60,8.607950e+01
0.655,-55,8.610259e+01
0.655,-50,8.616670e+01
0.655,-45,8.632028e+01
0.655,-40,8.655542e+01
0.655,-35,8.687433e+01
0.655,-30,8.731123e+01
0.655,-25,8.787188e+01
0.655,-20,8.854115e+01
0.655,-15,8.933164e+01
0.655,-10,9.025906e+01
0.655,-5,9.131578e+01
0.655,-0,9.247323e+01
0.655,5,9.375722e+01
0.655,10,9.515968e+01
0.655,15,9.663445e+01
0.655,20,9.818922e+01
0.655,25,9.982529e+01
0.655,30,1.014799e+02
0.655,35,1.031479e+02
0.655,40,1.048310e+02
0.655,45,1.064517e+02
0.655,50,1.079920e+02
0.655,55,1.094526e+02
0.655,60,1.107764e+02
0.655,65,1.119533e+02
0.655,70,1.129827e+02
0.655,75,1.138206e+02
0.655,80,1.144571e+02
0.655,85,1.149021e+02
0.655,90,1.151163e+02
0.655,95,1.150973e+02
0.655,100,1.148632e+02
0.655,105,1.144395e+02
0.655,110,1.138072e+02
0.655,115,1.129794e+02
0.655,120,1.120226e+02
0.655,125,1.109306e+02
0.655,130,1.096960e+02
0.655,135,1.084019e+02
0.655,140,1.070485e+02
0.655,145,1.056292e+02
0.655,150,1.041995e+02
0.655,155,1.027799e+02
0.655,160,1.013679e+02
0.655,165,1.000086e+02
0.655,170,9.871605e+01
0.655,175,9.748729e+01
0.655,180,9.633648e+01
0.660,-180,1.074036e+02
0.660,-175,1.063709e+02
0.660,-170,1.054224e+02
0.660,-165,1.045580e+02
0.660,-160,1.037657e+02
0.660,-155,1.030595e+02
0.660,-150,1.024249e+02
0.660,-145,1.018634e+02
0.660,-140,1.013622e+02
0.660,-135,1.009144e+02
0.660,-130,1.005225e+02
0.660,-125,1.001748e+02
0.660,-120,9.985340e+01
0.660,-115,9.955370e+01
0.660,-110,9.928046e+01
0.660,-105,9.902121e+01
0.660,-100,9.876935e+01
0.660,-95,9.852048e+01
0.660,-90,9.829419e+01
0.660,-85,9.808918e+01
0.660,-80,9.790422e+01
0.660,-75,9.773736e+01
0.660,-70,9.758853e+01
0.660,-65,9.746942e+01
0.660,-60,9.740702e+01
0.660,-55,9.739903e+01
0.660,-50,9.744776e+01
0.660,-45,9.758612e+01
0.660,-40,9.780585e+01
0.660,-35,9.810964e+01
0.660,-30,9.853118e+01
0.660,-25,9.907840e+01
0.660,-20,9.973299e+01
0.660,-15,1.005028e+02
0.660,-10,1.013997e+02
0.660,-5,1.024192e+02
0.660,-0,1.035358e+02
0.660,5,1.047789e+02
0.660,10,1.061377e+02
0.660,15,1.075631e+02
0.660,20,1.090616e+02
0.660,25,1.106368e+02
0.660,30,1.122330e+02
0.660,35,1.138475e+02
0.660,40,1.154790e+02
0.660,45,1.170532e+02
0.660,50,1.185704e+02
0.660,55,1.200305e+02
0.660,60,1.213478e+02
0.660,65,1.225105e+02
0.660,70,1.235202e+02
0.660,75,1.243416e+02
0.660,80,1.249602e+02
0.660,85,1.253765e+02
0.660,90,1.255889e+02
0.660,95,1.255871e+02
0.660,100,1.253805e+02
0.660,105,1.249703e+02
0.660,110,1.243606e+02
0.660,115,1.235644e+02
0.660,120,1.226393e+02
0.660,125,1.215692e+02
0.660,130,1.203617e+02
0.660,135,1.190917e+02
0.660,140,1.177704e+02
0.660,145,1.163873e+02
0.660,150,1.150034e+02
0.660,155,1.136358e+02
0.660,160,1.122781e+02
0.660,165,1.109609e+02
0.660,170,1.097117e+02
0.660,175,1.085222e+02
0.660,180,1.074036e+02
0.665,-180,1.193036e+02
0.665,-175,1.183045e+02
0.665,-170,1.173881e+02
0.665,-165,1.165521e+02
0.665,-160,1.158037e+02
0.665,-155,1.151435e+02
0.665,-150,1.145495e+02
0.665,-145,1.140077e+02
0.665,-140,1.135237e+02
0.665,-135,1.130896e+02
0.665,-130,1.127085e+02
0.665,-125,1.123772e+02
0.665,-120,1.120705e+02
0.665,-115,1.117759e+02
0.665,-110,1.114984e+02
0.665,-105,1.112393e+02
0.665,-100,1.109906e+02
0.665,-95,1.107523e+02
0.665,-90,1.105286e+02
0.665,-85,1.103120e+02
0.665,-80,1.101099e+02
0.665,-75,1.099377e+02
0.665,-70,1.097840e+02
0.665,-65,1.096576e+02
0.665,-60,1.095912e+02
0.665,-55,1.095869e+02
0.665,-50,1.096426e+02
0.665,-45,1.097833e+02
0.665,-40,1.099978e+02
0.665,-35,1.102942e+02
0.665,-30,1.106995e+02
0.665,-25,1.112175e+02
0.665,-20,1.118345e+02
0.665,-15,1.125666e+02
0.665,-10,1.134293e+02
0.665,-5,1.144145e+02
0.665,-0,1.154947e+02
0.665,5,1.166955e+02
0.665,10,1.180090e+02
0.665,15,1.193918e+02
0.665,20,1.208509e+02
0.665,25,1.223876e+02
0.665,30,1.239398e+02
0.665,35,1.255004e+02
0.665,40,1.270718e+02
0.665,45,1.285876e+02
0.665,50,1.300475e+02
0.665,55,1.314519e+02
0.665,60,1.327241e+02
0.665,65,1.338645e+02
0.665,70,1.348799e+02
0.665,75,1.357103e+02
0.665,80,1.363361e+02
0.665,85,1.367512e+02
0.665,90,1.369650e+02
0.665,95,1.369580e+02
0.665,100,1.367409e+02
0.665,105,1.363472e+02
0.665,110,1.357692e+02
0.665,115,1.350147e+02
0.665,120,1.341195e+02
0.665,125,1.330755e+02
0.665,130,1.319003e+02
0.665,135,1.306717e+02
0.665,140,1.293948e+02
0.665,145,1.280506e+02
0.665,150,1.267086e+02
0.665,155,1.253755e+02
0.665,160,1.240413e+02
0.665,165,1.227561e+02
0.665,170,1.215435e+02
0.665,175,1.203912e+02
0.665,180,1.193036e+02
0.670,-180,1.321275e+02
0.670,-175,1.311622e+02
0.670,-170,1.302775e+02
0.670,-165,1.294652e+02
0.670,-160,1.287416e+02
0.670,-155,1.281031e+02
0.670,-150,1.275289e+02
0.670,-145,1.270132e+02
0.670,-140,1.265556e+02
0.670,-135,1.261357e+02
0.670,-130,1.257616e+02
0.670,-125,1.254340e+02
0.670,-120,1.251310e+02
0.670,-115,1.248372e+02
0.670,-110,1.245739e+02
0.670,-105,1.243224e+02
0.670,-100,1.240758e+02
0.670,-95,1.238410e+02
0.670,-90,1.236188e+02
0.670,-85,1.234021e+02
0.670,-80,1.231981e+02
0.670,-75,1.230298e+02
0.670,-70,1.228941e+02
0.670,-65,1.227932e+02
0.670,-60,1.227403e+02
0.670,-55,1.227279e+02
0.670,-50,1.227633e+02
0.670,-45,1.228825e+02
0.670,-40,1.230768e+02
0.670,-35,1.233431e+02
0.670,-30,1.237180e+02
0.670,-25,1.242057e+02
0.670,-20,1.247997e+02
0.670,-15,1.254989e+02
0.670,-10,1.263252e+02
0.670,-5,1.272715e+02
0.670,-0,1.283194e+02
0.670,5,1.294779e+02
0.670,10,1.307474e+02
0.670,15,1.320936e+02
0.670,20,1.335072e+02
0.670,25,1.349972e+02
0.670,30,1.365065e+02
0.670,35,1.380364e+02
0.670,40,1.395665e+02
0.670,45,1.410432e+02
0.670,50,1.424684e+02
0.670,55,1.438402e+02
0.670,60,1.450752e+02
0.670,65,1.461634e+02
0.670,70,1.471216e+02
0.670,75,1.479093e+02
0.670,80,1.485227e+02
0.670,85,1.489656e+02
0.670,90,1.492094e+02
0.670,95,1.492222e+02
0.670,100,1.490204e+02
0.670,105,1.486441e+02
0.670,110,1.480733e+02
0.670,115,1.473242e+02
0.670,120,1.464504e+02
0.670,125,1.454454e+02
0.670,130,1.443201e+02
0.670,135,1.431408e+02
0.670,140,1.419050e+02
0.670,145,1.406002e+02
0.670,150,1.392963e+02
0.670,155,1.380026e+02
0.670,160,1.367102e+02
0.670,165,1.354656e+02
0.670,170,1.342924e+02
0.670,175,1.331793e+02
0.670,180,1.321275e+02
0.675,-180,1.458297e+02
0.675,-175,1.449016e+02
0.675,-170,1.440532e+02
0.675,-165,1.432733e+02
0.675,-160,1.425703e+02
0.675,-155,1.419445e+02
0.675,-150,1.413875e+02
0.675,-145,1.408944e+02
0.675,-140,1.404695e+02
0.675,-135,1.400755e+02
0.675,-130,1.397182e+02
0.675,-125,1.394025e+02
0.675,-120,1.391021e+02
0.675,-115,1.388167e+02
0.675,-110,1.385527e+02
0.675,-105,1.383015e+02
0.675,-100,1.380581e+02
0.675,-95,1.378275e+02
0.675,-90,1.376163e+02
0.675,-85,1.374256e+02
0.675,-80,1.372542e+02
0.675,-75,1.371029e+02
0.675,-70,1.369595e+02
0.675,-65,1.368368e+02
0.675,-60,1.367546e+02
0.675,-55,1.367241e+02
0.675,-50,1.367454e+02
0.675,-45,1.368506e+02
0.675,-40,1.370385e+02
0.675,-35,1.372999e+02
0.675,-30,1.376656e+02
0.675,-25,1.381392e+02
0.675,-20,1.387133e+02
0.675,-15,1.393890e+02
0.675,-10,1.401836e+02
0.675,-5,1.410899e+02
0.675,-0,1.421037e+02
0.675,5,1.432226e+02
0.675,10,1.444508e+02
0.675,15,1.457522e+02
0.675,20,1.471138e+02
0.675,25,1.485480e+02
0.675,30,1.500010e+02
0.675,35,1.514752e+02
0.675,40,1.529560e+02
0.675,45,1.543883e+02
0.675,50,1.557737e+02
0.675,55,1.571106e+02
0.675,60,1.583106e+02
0.675,65,1.593799e+02
0.675,70,1.603291e+02
0.675,75,1.611009e+02
0.675,80,1.616786e+02
0.675,85,1.620789e+02
0.675,90,1.622951e+02
0.675,95,1.623202e+02
0.675,100,1.621612e+02
0.675,105,1.618320e+02
0.675,110,1.612977e+02
0.675,115,1.605873e+02
0.675,120,1.597440e+02
0.675,125,1.587673e+02
0.675,130,1.576616e+02
0.675,135,1.565039e+02
0.675,140,1.552924e+02
0.675,145,1.540132e+02
0.675,150,1.527471e+02
0.675,155,1.515019e+02
0.675,160,1.502557e+02
0.675,165,1.490603e+02
0.675,170,1.479279e+02
0.675,175,1.468453e+02
0.675,180,1.458297e+02
0.680,-180,1.604575e+02
0.680,-175,1.595620e+02
0.680,-170,1.587442e+02
0.680,-165,1.579885e+02
0.680,-160,1.573155e+02
0.680,-155,1.567086e+02
0.680,-150,1.561578e+02
0.680,-145,1.556742e+02
0.680,-140,1.552569e+02
0.680,-135,1.548782e+02
0.680,-130,1.545331e+02
0.680,-125,1.542265e+02
0.680,-120,1.539437e+02
0.680,-115,1.536848e+02
0.680,-110,1.534529e+02
0.680,-105,1.532307e+02
0.680,-100,1.530127e+02
0.680,-95,1.528045e+02
0.680,-90,1.526059e+02
0.680,-85,1.524069e+02
0.680,-80,1.522090e+02
0.680,-75,1.520404e+02
0.680,-70,1.518971e+02
0.680,-65,1.517783e+02
0.680,-60,1.517077e+02
0.680,-55,1.516828e+02
0.680,-50,1.517056e+02
0.680,-45,1.517959e+02
0.680,-40,1.519626e+02
0.680,-35,1.521923e+02
0.680,-30,1.525229e+02
0.680,-25,1.529615e+02
0.680,-20,1.535029e+02
0.680,-15,1.541451e+02
0.680,-10,1.549051e+02
0.680,-5,1.557794e+02
0.680,-0,1.567575e+02
0.680,5,1.578347e+02
0.680,10,1.590184e+02
0.680,15,1.602765e+02
0.680,20,1.616069e+02
0.680,25,1.630041e+02
0.680,30,1.644215e+02
0.680,35,1.658652e+02
0.680,40,1.673194e+02
0.680,45,1.687091e+02
0.680,50,1.700451e+02
0.680,55,1.713293e+02
0.680,60,1.724960e+02
0.680,65,1.735347e+02
0.680,70,1.744458e+02
0.680,75,1.751898e+02
0.680,80,1.757603e+02
0.680,85,1.761659e+02
0.680,90,1.763840e+02
0.680,95,1.763994e+02
0.680,100,1.762272e+02
0.680,105,1.758902e+02
0.680,110,1.753739e+02
0.680,115,1.746857e+02
0.680,120,1.738831e+02
0.680,125,1.729612e+02
0.680,130,1.719052e+02
0.680,135,1.707952e+02
0.680,140,1.696181e+02
0.680,145,1.683801e+02
0.680,150,1.671547e+02
0.680,155,1.659501e+02
0.680,160,1.647388e+02
0.680,165,1.635826e+02
0.680,170,1.624883e+02
0.680,175,1.614379e+02
0.680,180,1.604575e+02
0.685,-180,1.759904e+02
0.685,-175,1.751244e+02
0.685,-170,1.743196e+02
0.685,-165,1.735870e+02
0.685,-160,1.729355e+02
0.685,-155,1.723600e+02
0.685,-150,1.718372e+02
0.685,-145,1.713721e+02
0.685,-140,1.709689e+02
0.685,-135,1.706094e+02
0.685,-130,1.702957e+02
0.685,-125,1.700257e+02
0.685,-120,1.697749e+02
0.685,-115,1.695366e+02
0.685,-110,1.693165e+02
0.685,-105,1.691040e+02
0.685,-100,1.688857e+02
0.685,-95,1.686705e+02
0.685,-90,1.684685e+02
0.685,-85,1.682787e+02
0.685,-80,1.681021e+02
0.685,-75,1.679482e+02
0.685,-70,1.678052e+02
0.685,-65,1.676755e+02
0.685,-60,1.675893e+02
0.685,-55,1.675458e+02
0.685,-50,1.675475e+02
0.685,-45,1.676261e+02
0.685,-40,1.677843e+02
0.685,-35,1.680048e+02
0.685,-30,1.683232e+02
0.685,-25,1.687414e+02
0.685,-20,1.692516e+02
0.685,-15,1.698678e+02
0.685,-10,1.705985e+02
0.685,-5,1.714429e+02
0.685,-0,1.723886e+02
0.685,5,1.734262e+02
0.685,10,1.745604e+02
0.685,15,1.757703e+02
0.685,20,1.770611e+02
0.685,25,1.784118e+02
0.685,30,1.797811e+02
0.685,35,1.811721e+02
0.685,40,1.825731e+02
0.685,45,1.839229e+02
0.685,50,1.852292e+02
0.685,55,1.864902e+02
0.685,60,1.876300e+02
0.685,65,1.886358e+02
0.685,70,1.895238e+02
0.685,75,1.902507e+02
0.685,80,1.908015e+02
0.685,85,1.911826e+02
0.685,90,1.913864e+02
0.685,95,1.914028e+02
0.685,100,1.912419e+02
0.685,105,1.909178e+02
0.685,110,1.904137e+02
0.685,115,1.897404e+02
0.685,120,1.889537e+02
0.685,125,1.880488e+02
0.685,130,1.870306e+02
0.685,135,1.859560e+02
0.685,140,1.848272e+02
0.685,145,1.836494e+02
0.685,150,1.824798e+02
0.685,155,1.813075e+02
0.685,160,1.801391e+02
0.685,165,1.790231e+02
0.685,170,1.779605e+02
0.685,175,1.769381e+02
0.685,180,1.759904e+02
0.690,-180,1.924420e+02
0.690,-175,1.916108e+02
0.690,-170,1.908439e+02
0.690,-165,1.901438e+02
0.690,-160,1.895230e+02
0.690,-155,1.889768e+02
0.690,-150,1.884882e+02
0.690,-145,1.880566e+02
0.690,-140,1.876876e+02
0.690,-135,1.873559e+02
0.690,-130,1.870587e+02
0.690,-125,1.867989e+02
0.690,-120,1.865591e+02
0.690,-115,1.863290e+02
0.690,-110,1.861174e+02
0.690,-105,1.859132e+02
0.690,-100,1.857115e+02
0.690,-95,1.855172e+02
0.690,-90,1.853300e+02
0.690,-85,1.851366e+02
0.690,-80,1.849463e+02
0.690,-75,1.847796e+02
0.690,-70,1.846338e+02
0.690,-65,1.845044e+02
0.690,-60,1.844191e+02
0.690,-55,1.843759e+02
0.690,-50,1.843761e+02
0.690,-45,1.844406e+02
0.690,-40,1.845768e+02
0.690,-35,1.847753e+02
0.690,-30,1.850652e+02
0.690,-25,1.854567e+02
0.690,-20,1.859451e+02
0.690,-15,1.865337e+02
0.690,-10,1.872294e+02
0.690,-5,1.880340e+02
0.690,-0,1.889407e+02
0.690,5,1.899418e+02
0.690,10,1.910422e+02
0.690,15,1.922146e+02
0.690,20,1.934631e+02
0.690,25,1.947698e+02
0.690,30,1.960974e+02
0.690,35,1.974514e+02
0.690,40,1.988212e+02
0.690,45,2.001275e+02
0.690,50,2.013867e+02
0.690,55,2.025999e+02
0.690,60,2.037033e+02
0.690,65,2.046913e+02
0.690,70,2.055614e+02
0.690,75,2.062663e+02
0.690,80,2.068065e+02
0.690,85,2.071907e+02
0.690,90,2.073893e+02
0.690,95,2.073954e+02
0.690,100,2.072268e+02
0.690,105,2.069036e+02
0.690,110,2.064131e+02
0.690,115,2.057605e+02
0.690,120,2.049991e+02
0.690,125,2.041255e+02
0.690,130,2.031432e+02
0.690,135,2.021033e+02
0.690,140,2.010011e+02
0.690,145,1.998473e+02
0.690,150,1.987052e+02
0.690,155,1.975704e+02
0.690,160,1.964401e+02
0.690,165,1.953620e+02
0.690,170,1.943397e+02
0.690,175,1.933540e+02
0.690,180,1.924420e+02
0.695,-180,2.098712e+02
0.695,-175,2.090744e+02
0.695,-170,2.083428e+02
0.695,-165,2.076750e+02
0.695,-160,2.070856e+02
0.695,-155,2.065695e+02
0.695,-150,2.061099e+02
0.695,-145,2.056996e+02
0.695,-140,2.053486e+02
0.695,-135,2.050366e+02
0.695,-130,2.047594e+02
0.695,-125,2.045192e+02
0.695,-120,2.042956e+02
0.695,-115,2.040809e+02
0.695,-110,2.038832e+02
0.695,-105,2.036909e+02
0.695,-100,2.034904e+02
0.695,-95,2.032922e+02
0.695,-90,2.031024e+02
0.695,-85,2.029184e+02
0.695,-80,2.027426e+02
0.695,-75,2.025864e+02
0.695,-70,2.024409e+02
0.695,-65,2.023060e+02
0.695,-60,2.022091e+02
0.695,-55,2.021514e+02
0.695,-50,2.021349e+02
0.695,-45,2.021888e+02
0.695,-40,2.023152e+02
0.695,-35,2.025002e+02
0.695,-30,2.027757e+02
0.695,-25,2.031443e+02
0.695,-20,2.036033e+02
0.695,-15,2.041666e+02
0.695,-10,2.048313e+02
0.695,-5,2.056032e+02
0.695,-0,2.064740e+02
0.695,5,2.074409e+02
0.695,10,2.084972e+02
0.695,15,2.096258e+02
0.695,20,2.108353e+02
0.695,25,2.120984e+02
0.695,30,2.133794e+02
0.695,35,2.146847e+02
0.695,40,2.160083e+02
0.695,45,2.172773e+02
0.695,50,2.185053e+02
0.695,55,2.196913e+02
0.695,60,2.207602e+02
0.695,65,2.217143e+02
0.695,70,2.225584e+02
0.695,75,2.232481e+02
0.695,80,2.237733e+02
0.695,85,2.241373e+02
0.695,90,2.243337e+02
0.695,95,2.243522e+02
0.695,100,2.241968e+02
0.695,105,2.238809e+02
0.695,110,2.234008e+02
0.695,115,2.227616e+02
0.695,120,2.220169e+02
0.695,125,2.211621e+02
0.695,130,2.202017e+02
0.695,135,2.191915e+02
0.695,140,2.181263e+02
0.695,145,2.170155e+02
0.695,150,2.159148e+02
0.695,155,2.148185e+02
0.695,160,2.137242e+02
0.695,165,2.126819e+02
0.695,170,2.116975e+02
0.695,175,2.107480e+02
0.695,180,2.098712e+02
0.700,-180,2.282829e+02
0.700,-175,2.275197e+02
0.700,-170,2.268247e+02
0.700,-165,2.261885e+02
0.700,-160,2.256291e+02
0.700,-155,2.251418e+02
0.700,-150,2.247121e+02
0.700,-145,2.243292e+02
0.700,-140,2.240000e+02
0.700,-135,2.237056e+02
0.700,-130,2.234443e+02
0.700,-125,2.232177e+02
0.700,-120,2.230073e+02
0.700,-115,2.228024e+02
0.700,-110,2.226103e+02
0.700,-105,2.224231e+02
0.700,-100,2.222368e+02
0.700,-95,2.220554e+02
0.700,-90,2.218788e+02
0.700,-85,2.216996e+02
0.700,-80,2.215163e+02
0.700,-75,2.213518e+02
0.700,-70,2.212036e+02
0.700,-65,2.210661e+02
0.700,-60,2.209683e+02
0.700,-55,2.209087e+02
0.700,-50,2.208865e+02
0.700,-45,2.209258e+02
0.700,-40,2.210328e+02
0.700,-35,2.212004e+02
0.700,-30,2.214512e+02
0.700,-25,2.217972e+02
0.700,-20,2.222345e+02
0.700,-15,2.227700e+02
0.700,-10,2.234037e+02
0.700,-5,2.241407e+02
0.700,-0,2.249754e+02
0.700,5,2.259044e+02
0.700,10,2.269240e+02
0.700,15,2.280133e+02
0.700,20,2.291793e+02
0.700,25,2.304002e+02
0.700,30,2.316406e+02
0.700,35,2.329072e+02
0.700,40,2.341953e+02
0.700,45,2.354217e+02
0.700,50,2.366054e+02
0.700,55,2.377480e+02
0.700,60,2.387884e+02
0.700,65,2.397211e+02
0.700,70,2.405449e+02
0.700,75,2.412096e+02
0.700,80,2.417195e+02
0.700,85,2.420832e+02
0.700,90,2.422747e+02
0.700,95,2.422851e+02
0.700,100,2.421323e+02
0.700,105,2.418334e+02
0.700,110,2.413718e+02
0.700,115,2.407570e+02
0.700,120,2.400327e+02
0.700,125,2.392032e+02
0.700,130,2.382722e+02
0.700,135,2.372937e+02
0.700,140,2.362574e+02
0.700,145,2.351758e+02
0.700,150,2.341064e+02
0.700,155,2.330475e+02
0.700,160,2.319897e+02
0.700,165,2.309838e+02
0.700,170,2.300367e+02
0.700,175,2.291247e+02
0.700,180,2.282829e+02
0.705,-180,2.476943e+02
0.705,-175,2.469643e+02
0.705,-170,2.463049e+02
0.705,-165,2.456998e+02
0.705,-160,2.451672e+02
0.705,-155,2.447024e+02
0.705,-150,2.442908e+02
0.705,-145,2.439262e+02
0.705,-140,2.436178e+02
0.705,-135,2.433439e+02
0.705,-130,2.431040e+02
0.705,-125,2.428917e+02
0.705,-120,2.426912e+02
0.705,-115,2.424989e+02
0.705,-110,2.423223e+02
0.705,-105,2.421495e+02
0.705,-100,2.419749e+02
0.705,-95,2.417939e+02
0.705,-90,2.416168e+02
0.705,-85,2.414396e+02
0.705,-80,2.412662e+02
0.705,-75,2.411090e+02
0.705,-70,2.409611e+02
0.705,-65,2.408205e+02
0.705,-60,2.407115e+02
0.705,-55,2.406393e+02
0.705,-50,2.406052e+02
0.705,-45,2.406364e+02
0.705,-40,2.407345e+02
0.705,-35,2.408881e+02
0.705,-30,2.411249e+02
0.705,-25,2.414501e+02
0.705,-20,2.418601e+02
0.705,-15,2.423714e+02
0.705,-10,2.429729e+02
0.705,-5,2.436753e+02
0.705,-0,2.444738e+02
0.705,5,2.453709e+02
0.705,10,2.463511e+02
0.705,15,2.474002e+02
0.705,20,2.485251e+02
0.705,25,2.497031e+02
0.705,30,2.508971e+02
0.705,35,2.521166e+02
0.705,40,2.533571e+02
0.705,45,2.545493e+02
0.705,50,2.557001e+02
0.705,55,2.568122e+02
0.705,60,2.578158e+02
0.705,65,2.587152e+02
0.705,70,2.595157e+02
0.705,75,2.601725e+02
0.705,80,2.606669e+02
0.705,85,2.610112e+02
0.705,90,2.611979e+02
0.705,95,2.612168e+02
0.705,100,2.610713e+02
0.705,105,2.607763e+02
0.705,110,2.603240e+02
0.705,115,2.597289e+02
0.705,120,2.590351e+02
0.705,125,2.582382e+02
0.705,130,2.573353e+02
0.705,135,2.563874e+02
0.705,140,2.553829e+02
0.705,145,2.543361e+02
0.705,150,2.533019e+02
0.705,155,2.522804e+02
0.705,160,2.512582e+02
0.705,165,2.502878e+02
0.705,170,2.493759e+02
0.705,175,2.485019e+02
0.705,180,2.476943e+02
0.710,-180,2.681013e+02
0.710,-175,2.674014e+02
0.710,-170,2.667662e+02
0.710,-165,2.661872e+02
0.710,-160,2.656817e+02
0.710,-155,2.652450e+02
0.710,-150,2.648619e+02
0.710,-145,2.645249e+02
0.710,-140,2.642338e+02
0.710,-135,2.639748e+02
0.710,-130,2.637474e+02
0.710,-125,2.635524e+02
0.710,-120,2.633709e+02
0.710,-115,2.632000e+02
0.710,-110,2.630288e+02
0.710,-105,2.628596e+02
0.710,-100,2.626889e+02
0.710,-95,2.625205e+02
0.710,-90,2.623543e+02
0.710,-85,2.621860e+02
0.710,-80,2.620098e+02
0.710,-75,2.618481e+02
0.710,-70,2.616987e+02
0.710,-65,2.615567e+02
0.710,-60,2.614498e+02
0.710,-55,2.613769e+02
0.710,-50,2.613368e+02
0.710,-45,2.613523e+02
0.710,-40,2.614312e+02
0.710,-35,2.615675e+02
0.710,-30,2.617802e+02
0.710,-25,2.620824e+02
0.710,-20,2.624702e+02
0.710,-15,2.629535e+02
0.710,-10,2.635271e+02
0.710,-5,2.641987e+02
0.710,-0,2.649638e+02
0.710,5,2.658221e+02
0.710,10,2.667634e+02
0.710,15,2.677721e+02
0.710,20,2.688551e+02
0.710,25,2.699951e+02
0.710,30,2.711508e+02
0.710,35,2.723329e+02
0.710,40,2.735371e+02
0.710,45,2.746894e+02
0.710,50,2.757978e+02
0.710,55,2.768690e+02
0.710,60,2.778453e+02
0.710,65,2.787217e+02
0.710,70,2.794947e+02
0.710,75,2.801228e+02
0.710,80,2.806032e+02
0.710,85,2.809471e+02
0.710,90,2.811309e+02
0.710,95,2.811434e+02
0.710,100,2.810029e+02
0.710,105,2.807202e+02
0.710,110,2.802897e+02
0.710,115,2.797115e+02
0.710,120,2.790345e+02
0.710,125,2.782589e+02
0.710,130,2.773887e+02
0.710,135,2.764718e+02
0.710,140,2.755056e+02
0.710,145,2.744984e+02
0.710,150,2.735034e+02
0.710,155,2.725155e+02
0.710,160,2.715314e+02
0.710,165,2.705977e+02
0.710,170,2.697211e+02
0.710,175,2.688768e+02
0.710,180,2.681013e+02
0.715,-180,2.895052e+02
0.715,-175,2.888373e+02
0.715,-170,2.882371e+02
0.715,-165,2.876886e+02
0.715,-160,2.872132e+02
0.715,-155,2.868011e+02
0.715,-150,2.864373e+02
0.715,-145,2.861153e+02
0.715,-140,2.858457e+02
0.715,-135,2.856078e+02
0.715,-130,2.854017e+02
0.715,-125,2.852257e+02
0.715,-120,2.850532e+02
0.715,-115,2.848856e+02
0.715,-110,2.847297e+02
0.715,-105,2.845754e+02
0.715,-100,2.844193e+02
0.715,-95,2.842572e+02
0.715,-90,2.840920e+02
0.715,-85,2.839234e+02
0.715,-80,2.837556e+02
0.715,-75,2.836004e+02
0.715,-70,2.834507e+02
0.715,-65,2.833071e+02
0.715,-60,2.831899e+02
0.715,-55,2.831060e+02
0.715,-50,2.830562e+02
0.715,-45,2.830663e+02
0.715,-40,2.831370e+02
0.715,-35,2.832588e+02
0.715,-30,2.834575e+02
0.715,-25,2.837358e+02
0.715,-20,2.840968e+02
0.715,-15,2.845540e+02
0.715,-10,2.850989e+02
0.715,-5,2.857370e+02
0.715,-0,2.864670e+02
0.715,5,2.872948e+02
0.715,10,2.881981e+02
0.715,15,2.891682e+02
0.715,20,2.902118e+02
0.715,25,2.913111e+02
0.715,30,2.924228e+02
0.715,35,2.935596e+02
0.715,40,2.947176e+02
0.715,45,2.958355e+02
0.715,50,2.969111e+02
0.715,55,2.979471e+02
0.715,60,2.988872e+02
0.715,65,2.997311e+02
0.715,70,3.004835e+02
0.715,75,3.011017e+02
0.715,80,3.015653e+02
0.715,85,3.018906e+02
0.715,90,3.020684e+02
0.715,95,3.020887e+02
0.715,100,3.019518e+02
0.715,105,3.016751e+02
0.715,110,3.012541e+02
0.715,115,3.006999e+02
0.715,120,3.000531e+02
0.715,125,2.993070e+02
0.715,130,2.984599e+02
0.715,135,2.975718e+02
0.715,140,2.966356e+02
0.715,145,2.956613e+02
0.715,150,2.946996e+02
0.715,155,2.937475e+02
0.715,160,2.927966e+02
0.715,165,2.918962e+02
0.715,170,2.910536e+02
0.715,175,2.902472e+02
0.715,180,2.895052e+02
0.720,-180,3.119327e+02
0.720,-175,3.112941e+02
0.720,-170,3.107179e+02
0.720,-165,3.101944e+02
0.720,-160,3.097412e+02
0.720,-155,3.093535e+02
0.720,-150,3.090161e+02
0.720,-145,3.087224e+02
0.720,-140,3.084755e+02
0.720,-135,3.082515e+02
0.720,-130,3.080574e+02
0.720,-125,3.078936e+02
0.720,-120,3.077400e+02
0.720,-115,3.075940e+02
0.720,-110,3.074531e+02
0.720,-105,3.073030e+02
0.720,-100,3.071487e+02
0.720,-95,3.069941e+02
0.720,-90,3.068390e+02
0.720,-85,3.066796e+02
0.720,-80,3.065153e+02
0.720,-75,3.063566e+02
0.720,-70,3.062052e+02
0.720,-65,3.060577e+02
0.720,-60,3.059414e+02
0.720,-55,3.058548e+02
0.720,-50,3.057962e+02
0.720,-45,3.057897e+02
0.720,-40,3.058424e+02
0.720,-35,3.059490e+02
0.720,-30,3.061256e+02
0.720,-25,3.063856e+02
0.720,-20,3.067256e+02
0.720,-15,3.071582e+02
0.720,-10,3.076743e+02
0.720,-5,3.082835e+02
0.720,-0,3.089816e+02
0.720,5,3.097708e+02
0.720,10,3.106355e+02
0.720,15,3.115656e+02
0.720,20,3.125680e+02
0.720,25,3.136294e+02
0.720,30,3.147030e+02
0.720,35,3.158029e+02
0.720,40,3.169250e+02
0.720,45,3.180001e+02
0.720,50,3.190364e+02
0.720,55,3.200398e+02
0.720,60,3.209550e+02
0.720,65,3.217719e+02
0.720,70,3.224933e+02
0.720,75,3.230852e+02
0.720,80,3.235394e+02
0.720,85,3.238616e+02
0.720,90,3.240295e+02
0.720,95,3.240449e+02
0.720,100,3.239141e+02
0.720,105,3.236519e+02
0.720,110,3.232477e+02
0.720,115,3.227061e+02
0.720,120,3.220759e+02
0.720,125,3.213532e+02
0.720,130,3.205420e+02
0.720,135,3.196851e+02
0.720,140,3.187856e+02
0.720,145,3.178474e+02
0.720,150,3.169176e+02
0.720,155,3.160024e+02
0.720,160,3.150866e+02
0.720,165,3.142209e+02
0.720,170,3.134122e+02
0.720,175,3.126432e+02
0.720,180,3.119327e+02
0.725,-180,3.353657e+02
0.725,-175,3.347583e+02
0.725,-170,3.342162e+02
0.725,-165,3.337223e+02
0.725,-160,3.332964e+02
0.725,-155,3.329347e+02
0.725,-150,3.326221e+02
0.725,-145,3.323426e+02
0.725,-140,3.321118e+02
0.725,-135,3.319095e+02
0.725,-130,3.317350e+02
0.725,-125,3.315889e+02
0.725,-120,3.314519e+02
0.725,-115,3.313115e+02
0.725,-110,3.311773e+02
0.725,-105,3.310416e+02
0.725,-100,3.309006e+02
0.725,-95,3.307580e+02
0.725,-90,3.306076e+02
0.725,-85,3.304464e+02
0.725,-80,3.302829e+02
0.725,-75,3.301289e+02
0.725,-70,3.299760e+02
0.725,-65,3.298298e+02
0.725,-60,3.297060e+02
0.725,-55,3.296083e+02
0.725,-50,3.295405e+02
0.725,-45,3.295278e+02
0.725,-40,3.295710e+02
0.725,-35,3.296613e+02
0.725,-30,3.298229e+02
0.725,-25,3.300652e+02
0.725,-20,3.303848e+02
0.725,-15,3.307903e+02
0.725,-10,3.312795e+02
0.725,-5,3.318586e+02
0.725,-0,3.325245e+02
0.725,5,3.332763e+02
0.725,10,3.341049e+02
0.725,15,3.349969e+02
0.725,20,3.359589e+02
0.725,25,3.369755e+02
0.725,30,3.380067e+02
0.725,35,3.390642e+02
0.725,40,3.401439e+02
0.725,45,3.411919e+02
0.725,50,3.421920e+02
0.725,55,3.431563e+02
0.725,60,3.440359e+02
0.725,65,3.448263e+02
0.725,70,3.455321e+02
0.725,75,3.461060e+02
0.725,80,3.465399e+02
0.725,85,3.468487e+02
0.725,90,3.470186e+02
0.725,95,3.470323e+02
0.725,100,3.469026e+02
0.725,105,3.466445e+02
0.725,110,3.462540e+02
0.725,115,3.457390e+02
0.725,120,3.451334e+02
0.725,125,3.444316e+02
0.725,130,3.436447e+02
0.725,135,3.428172e+02
0.725,140,3.419466e+02
0.725,145,3.410408e+02
0.725,150,3.401487e+02
0.725,155,3.392670e+02
0.725,160,3.383889e+02
0.725,165,3.375593e+02
0.725,170,3.367846e+02
0.725,175,3.360444e+02
0.725,180,3.353657e+02
0.730,-180,3.598311e+02
0.730,-175,3.592545e+02
0.730,-170,3.587422e+02
0.730,-165,3.582777e+02
0.730,-160,3.578741e+02
0.730,-155,3.575326e+02
0.730,-150,3.572382e+02
0.730,-145,3.569865e+02
0.730,-140,3.567772e+02
0.730,-135,3.565953e+02
0.730,-130,3.564385e+02
0.730,-125,3.563021e+02
0.730,-120,3.561734e+02
0.730,-115,3.560498e+02
0.730,-110,3.559338e+02
0.730,-105,3.558116e+02
0.730,-100,3.556755e+02
0.730,-95,3.555336e+02
0.730,-90,3.553883e+02
0.730,-85,3.552358e+02
0.730,-80,3.550798e+02
0.730,-75,3.549230e+02
0.730,-70,3.547679e+02
0.730,-65,3.546146e+02
0.730,-60,3.544888e+02
0.730,-55,3.543892e+02
0.730,-50,3.543171e+02
0.730,-45,3.542976e+02
0.730,-40,3.543317e+02
0.730,-35,3.544061e+02
0.730,-30,3.545532e+02
0.730,-25,3.547722e+02
0.730,-20,3.550664e+02
0.730,-15,3.554484e+02
0.730,-10,3.559080e+02
0.730,-5,3.564554e+02
0.730,-0,3.570881e+02
0.730,5,3.578098e+02
0.730,10,3.586021e+02
0.730,15,3.594574e+02
0.730,20,3.603819e+02
0.730,25,3.613595e+02
0.730,30,3.623492e+02
0.730,35,3.633646e+02
0.730,40,3.644019e+02
0.730,45,3.654066e+02
0.730,50,3.663721e+02
0.730,55,3.673086e+02
0.730,60,3.681605e+02
0.730,65,3.689190e+02
0.730,70,3.695957e+02
0.730,75,3.701519e+02
0.730,80,3.705784e+02
0.730,85,3.708711e+02
0.730,90,3.710310e+02
0.730,95,3.710469e+02
0.730,100,3.709269e+02
0.730,105,3.706789e+02
0.730,110,3.702970e+02
0.730,115,3.697951e+02
0.730,120,3.692107e+02
0.730,125,3.685403e+02
0.730,130,3.677842e+02
0.730,135,3.669862e+02
0.730,140,3.661447e+02
0.730,145,3.652704e+02
0.730,150,3.644104e+02
0.730,155,3.635648e+02
0.730,160,3.627200e+02
0.730,165,3.619235e+02
0.730,170,3.611816e+02
0.730,175,3.604781e+02
0.730,180,3.598311e+02
0.735,-180,3.853277e+02
0.735,-175,3.847788e+02
0.735,-170,3.842922e+02
0.735,-165,3.838528e+02
0.735,-160,3.834760e+02
0.735,-155,3.831600e+02
0.735,-150,3.828899e+02
0.735,-145,3.826665e+02
0.735,-140,3.824735e+02
0.735,-135,3.823040e+02
0.735,-130,3.821597e+02
0.735,-125,3.820411e+02
0.735,-120,3.819291e+02
0.735,-115,3.818212e+02
0.735,-110,3.817170e+02
0.735,-105,3.815982e+02
0.735,-100,3.814718e+02
0.735,-95,3.813413e+02
0.735,-90,3.812061e+02
0.735,-85,3.810524e+02
0.735,-80,3.808935e+02
0.735,-75,3.807407e+02
0.735,-70,3.805848e+02
0.735,-65,3.804340e+02
0.735,-60,3.803085e+02
0.735,-55,3.802069e+02
0.735,-50,3.801307e+02
0.735,-45,3.800977e+02
0.735,-40,3.801149e+02
0.735,-35,3.801738e+02
0.735,-30,3.803003e+02
0.735,-25,3.805024e+02
0.735,-20,3.807768e+02
0.735,-15,3.811322e+02
0.735,-10,3.815663e+02
0.735,-5,3.820854e+02
0.735,-0,3.826873e+02
0.735,5,3.833720e+02
0.735,10,3.841285e+02
0.735,15,3.849464e+02
0.735,20,3.858317e+02
0.735,25,3.867717e+02
0.735,30,3.877250e+02
0.735,35,3.887050e+02
0.735,40,3.897042e+02
0.735,45,3.906662e+02
0.735,50,3.915931e+02
0.735,55,3.924925e+02
0.735,60,3.933137e+02
0.735,65,3.940525e+02
0.735,70,3.947064e+02
0.735,75,3.952384e+02
0.735,80,3.956465e+02
0.735,85,3.959383e+02
0.735,90,3.960900e+02
0.735,95,3.961023e+02
0.735,100,3.959819e+02
0.735,105,3.957448e+02
0.735,110,3.953841e+02
0.735,115,3.948963e+02
0.735,120,3.943286e+02
0.735,125,3.936784e+02
0.735,130,3.929495e+02
0.735,135,3.921818e+02
0.735,140,3.913759e+02
0.735,145,3.905380e+02
0.735,150,3.897124e+02
0.735,155,3.889006e+02
0.735,160,3.880909e+02
0.735,165,3.873271e+02
0.735,170,3.866175e+02
0.735,175,3.859451e+02
0.735,180,3.853277e+02
0.740,-180,4.118549e+02
0.740,-175,4.113357e+02
0.740,-170,4.108779e+02
0.740,-165,4.104712e+02
0.740,-160,4.101207e+02
0.740,-155,4.098299e+02
0.740,-150,4.095801e+02
0.740,-145,4.093702e+02
0.740,-140,4.091963e+02
0.740,-135,4.090469e+02
0.740,-130,4.089216e+02
0.740,-125,4.088208e+02
0.740,-120,4.087240e+02
0.740,-115,4.086222e+02
0.740,-110,4.085256e+02
0.740,-105,4.084224e+02
0.740,-100,4.083092e+02
0.740,-95,4.081800e+02
0.740,-90,4.080443e+02
0.740,-85,4.078988e+02
0.740,-80,4.077468e+02
0.740,-75,4.075947e+02
0.740,-70,4.074428e+02
0.740,-65,4.072944e+02
0.740,-60,4.071676e+02
0.740,-55,4.070556e+02
0.740,-50,4.069673e+02
0.740,-45,4.069272e+02
0.740,-40,4.069357e+02
0.740,-35,4.069788e+02
0.740,-30,4.070915e+02
0.740,-25,4.072731e+02
0.740,-20,4.075230e+02
0.740,-15,4.078556e+02
0.740,-10,4.082612e+02
0.740,-5,4.087500e+02
0.740,-0,4.093199e+02
0.740,5,4.099752e+02
0.740,10,4.106967e+02
0.740,15,4.114791e+02
0.740,20,4.123282e+02
0.740,25,4.132267e+02
0.740,30,4.141398e+02
0.740,35,4.150790e+02
0.740,40,4.160408e+02
0.740,45,4.169760e+02
0.740,50,4.178650e+02
0.740,55,4.187274e+02
0.740,60,4.195145e+02
0.740,65,4.202222e+02
0.740,70,4.208548e+02
0.740,75,4.213758e+02
0.740,80,4.217647e+02
0.740,85,4.220413e+02
0.740,90,4.221925e+02
0.740,95,4.222065e+02
0.740,100,4.220879e+02
0.740,105,4.218546e+02
0.740,110,4.215023e+02
0.740,115,4.210383e+02
0.740,120,4.204958e+02
0.740,125,4.198656e+02
0.740,130,4.191600e+02
0.740,135,4.184212e+02
0.740,140,4.176431e+02
0.740,145,4.168353e+02
0.740,150,4.160423e+02
0.740,155,4.152643e+02
0.740,160,4.144876e+02
0.740,165,4.137575e+02
0.740,170,4.130803e+02
0.740,175,4.124415e+02
0.740,180,4.118549e+02
0.745,-180,4.394303e+02
0.745,-175,4.389402e+02
0.745,-170,4.385106e+02
0.745,-165,4.381314e+02
0.745,-160,4.378017e+02
0.745,-155,4.375297e+02
0.745,-150,4.373004e+02
0.745,-145,4.371156e+02
0.745,-140,4.369652e+02
0.745,-135,4.368356e+02
0.745,-130,4.367265e+02
0.745,-125,4.366342e+02
0.745,-120,4.365459e+02
0.745,-115,4.364593e+02
0.745,-110,4.363767e+02
0.745,-105,4.362849e+02
0.745,-100,4.361726e+02
0.745,-95,4.360540e+02
0.745,-90,4.359280e+02
0.745,-85,4.357886e+02
0.745,-80,4.356401e+02
0.745,-75,4.354935e+02
0.745,-70,4.353433e+02
0.745,-65,4.351881e+02
0.745,-60,4.350545e+02
0.745,-55,4.349411e+02
0.745,-50,4.348493e+02
0.745,-45,4.347986e+02
0.745,-40,4.347915e+02
0.745,-35,4.348195e+02
0.745,-30,4.349125e+02
0.745,-25,4.350760e+02
0.745,-20,4.353071e+02
0.745,-15,4.356134e+02
0.745,-10,4.359945e+02
0.745,-5,4.364558e+02
0.745,-0,4.369960e+02
0.745,5,4.376151e+02
0.745,10,4.383021e+02
0.745,15,4.390483e+02
0.745,20,4.398596e+02
0.745,25,4.407246e+02
0.745,30,4.416025e+02
0.745,35,4.425066e+02
0.745,40,4.434280e+02
0.745,45,4.443214e+02
0.745,50,4.451812e+02
0.745,55,4.460167e+02
0.745,60,4.467706e+02
0.745,65,4.474478e+02
0.745,70,4.480526e+02
0.745,75,4.485498e+02
0.745,80,4.489323e+02
0.745,85,4.491979e+02
0.745,90,4.493401e+02
0.745,95,4.493525e+02
0.745,100,4.492434e+02
0.745,105,4.490192e+02
0.745,110,4.486751e+02
0.745,115,4.482238e+02
0.745,120,4.476996e+02
0.745,125,4.470991e+02
0.745,130,4.464228e+02
0.745,135,4.457129e+02
0.745,140,4.449622e+02
0.745,145,4.441839e+02
0.745,150,4.434212e+02
0.745,155,4.426782e+02
0.745,160,4.419337e+02
0.745,165,4.412354e+02
0.745,170,4.405894e+02
0.745,175,4.399866e+02
0.745,180,4.394303e+02
0.750,-180,4.680527e+02
0.750,-175,4.675888e+02
0.750,-170,4.671837e+02
0.750,-165,4.668299e+02
0.750,-160,4.665256e+02
0.750,-155,4.662777e+02
0.750,-150,4.660714e+02
0.750,-145,4.659083e+02
0.750,-140,4.657805e+02
0.750,-135,4.656622e+02
0.750,-130,4.655651e+02
0.750,-125,4.654897e+02
0.750,-120,4.654174e+02
0.750,-115,4.653458e+02
0.750,-110,4.652679e+02
0.750,-105,4.651809e+02
0.750,-100,4.650816e+02
0.750,-95,4.649736e+02
0.750,-90,4.648558e+02
0.750,-85,4.647244e+02
0.750,-80,4.645813e+02
0.750,-75,4.644307e+02
0.750,-70,4.642776e+02
0.750,-65,4.641251e+02
0.750,-60,4.639923e+02
0.750,-55,4.638702e+02
0.750,-50,4.637669e+02
0.750,-45,4.637073e+02
0.750,-40,4.636893e+02
0.750,-35,4.637043e+02
0.750,-30,4.637843e+02
0.750,-25,4.639321e+02
0.750,-20,4.641448e+02
0.750,-15,4.644252e+02
0.750,-10,4.647822e+02
0.750,-5,4.652168e+02
0.750,-0,4.657277e+02
0.750,5,4.663109e+02
0.750,10,4.669639e+02
0.750,15,4.676746e+02
0.750,20,4.684484e+02
0.750,25,4.692707e+02
0.750,30,4.701093e+02
0.750,35,4.709747e+02
0.750,40,4.718631e+02
0.750,45,4.727260e+02
0.750,50,4.735485e+02
0.750,55,4.743480e+02
0.750,60,4.750788e+02
0.750,65,4.757338e+02
0.750,70,4.763112e+02
0.750,75,4.767851e+02
0.750,80,4.771485e+02
0.750,85,4.774084e+02
0.750,90,4.775463e+02
0.750,95,4.775555e+02
0.750,100,4.774461e+02
0.750,105,4.772325e+02
0.750,110,4.769075e+02
0.750,115,4.764684e+02
0.750,120,4.759598e+02
0.750,125,4.753785e+02
0.750,130,4.747278e+02
0.750,135,4.740468e+02
0.750,140,4.733301e+02
0.750,145,4.725867e+02
0.750,150,4.718554e+02
0.750,155,4.711429e+02
0.750,160,4.704344e+02
0.750,165,4.697673e+02
0.750,170,4.691521e+02
0.750,175,4.685808e+02
0.750,180,4.680527e+02
