sin2_theta23,dm2_32,dcp,dchi2,log_likelihood,log_posterior,kamland_energy_scale,kamland_flux_scale,kamland_geonu_scale,dm2_21,dm2_31,sin2_theta12,theta12,sin2_theta13,theta13,theta23
0.57,0.0024102999999999998,1.0,59.05622953572295,-83.9737783727281,-93.06640368605291,-2.3495341023371097,-2.999999964021296,-0.2155464522352334,6.5e-5,0.0024752999999999997,0.16666666666666666,0.4205343352839651,0.0,0.0,0.8556288707523761
0.57,0.0024102999999999998,1.0,52.31168885225712,-80.06367659153739,-89.69413334432,-2.56826275271743,-2.999999932348785,-0.14117444673828045,6.5e-5,0.0024752999999999997,0.18048317331502944,0.43877752668963926,0.0,0.0,0.8556288707523761
0.57,0.0024102999999999998,1.0,47.27936244429701,-76.96950234791389,-87.17797014033994,-2.7842407048582376,-2.999999822964297,-0.06648706163660245,6.5e-5,0.0024752999999999997,0.19472499151140646,0.4570207180953134,0.0,0.0,0.8556288707523761
0.57,0.0024102999999999998,1.0,43.85388412045624,-75.19507122773179,-85.46523097841956,-2.988475417791486,-2.818580109586166,-0.018398286074405856,6.5e-5,0.0024752999999999997,0.20937316385124888,0.47526390950098757,0.0,0.0,0.8556288707523761
0.57,0.0024102999999999998,1.0,41.14381842063476,-74.89681998625119,-84.11019812850881,-2.999999603628046,-2.4003787864147688,-0.001158166175602049,6.5e-5,0.0024752999999999997,0.2244081920285736,0.4935071009066617,0.0,0.0,0.8556288707523761
0.57,0.0024102999999999998,1.0,39.044893333895615,-74.75921022579098,-83.06073558513924,-2.999999836119434,-1.984467524930331,0.017629513242396366,6.5e-5,0.0024752999999999997,0.23981006279032324,0.5117502923123359,0.0,0.0,0.8556288707523761
0.57,0.0024102999999999998,1.0,37.58615215634542,-74.75957695469212,-82.33136499636414,-2.9999935484023204,-1.5743806554997113,0.03757447551821058,6.5e-5,0.0024752999999999997,0.2555582745761764,0.52999348371801,0.0,0.0,0.8556288707523761
0.57,0.0024102999999999998,1.0,36.77853050630698,-74.9066004537086,-81.92755417134492,-2.999999906852297,-1.1734426486548217,0.05859040609531829,6.5e-5,0.0024752999999999997,0.2716318648083478,0.5482366751236842,0.0,0.0,0.8556288707523761
0.57,0.0024102999999999998,1.0,36.612418839638266,-75.20386407965556,-81.84449833801057,-2.9999999418977197,-0.7850659340761805,0.08037953236728235,6.5e-5,0.0024752999999999997,0.2880094377950526,0.5664798665293584,0.0,0.0,0.8556288707523761
0.57,0.0024102999999999998,1.0,37.055491325624374,-75.64846607804273,-82.06603458100362,-2.9999999416644845,-0.4125494048693697,0.1024780365532616,6.5e-5,0.0024752999999999997,0.3046691932104928,0.5847230579350325,0.0,0.0,0.8556288707523761
0.57,0.0024102999999999998,1.0,38.051702186769106,-76.2299250002759,-82.56414001157599,-2.9999912246792046,-0.05951747618263076,0.12490217976992846,6.5e-5,0.0024752999999999997,0.3215889551134549,0.6029662493407066,0.0,0.0,0.8556288707523761
0.57,0.0024102999999999998,1.0,39.521280628793576,-76.92978215756499,-83.29892923258822,-2.9999920391709756,0.2709272420419188,0.1470590814225261,6.5e-5,0.0024752999999999997,0.33874620146589296,0.6212094407463808,0.0,0.0,0.8556288707523761
0.57,0.0024102999999999998,1.0,41.362579584519736,-77.72154781150469,-84.2195787104513,-2.999999950232621,0.575431796150239,0.1686471366401261,6.5e-5,0.0024752999999999997,0.35611809411220313,0.6394526321520551,0.0,0.0,0.8556288707523761
0.57,0.0024102999999999998,1.0,43.45552486458139,-78.57120888456026,-85.26605135048213,-2.9999844198494214,0.8513742232577118,0.18914434445255235,6.5e-5,0.0024752999999999997,0.3736815091792861,0.6576958235577292,0.0,0.0,0.8556288707523761
0.57,0.0024102999999999998,1.0,45.66606343399006,-79.43831794431476,-86.37132063518646,-2.999983888558457,1.0959752304027224,0.20812743053462401,6.5e-5,0.0024752999999999997,0.39141306785693,0.6759390149634033,0.0,0.0,0.8556288707523761
0.57,0.0024102999999999998,1.0,47.853459446964976,-80.27855777758248,-87.46501864167392,-2.9999851951674428,1.3069316020673232,0.22511363198362067,6.5e-5,0.0024752999999999997,0.409289167517542,0.6941822063690775,0.0,0.0,0.8556288707523761
0.57,0.0024102999999999998,1.0,49.87776519097467,-81.04625652749101,-88.47717151367877,-2.999987109920773,1.4822169099723383,0.2396916679383635,6.5e-5,0.0024752999999999997,0.42728601313380554,0.7124253977747517,0.0,0.0,0.8556288707523761
0.57,0.0024102999999999998,1.0,51.60842248785086,-81.69750851474097,-89.34250016211686,-2.9999889049976805,1.620218972906382,0.25148381691394706,6.5e-5,0.0024752999999999997,0.44537964895244175,0.7306685891804259,0.0,0.0,0.8556288707523761
0.57,0.0024102999999999998,1.0,52.932741504667646,-82.19267913090827,-90.00465967052526,-2.999999978637227,1.7201804739427249,0.26022538589539645,6.5e-5,0.0024752999999999997,0.4635459903819158,0.7489117805861,0.0,0.0,0.8556288707523761
0.57,0.0024102999999999998,1.0,53.76411235939712,-82.50371929381295,-90.42034509788999,-2.9999910123696543,1.7799902217087031,0.26543511635370676,6.5e-5,0.0024752999999999997,0.4817608560516398,0.7671549719917741,0.0,0.0,0.8556288707523761
0.57,0.0024102999999999998,1.0,54.04745781149744,-82.60964466552961,-90.56201782394015,-2.9999912540757587,1.7999606795186502,0.2672439829544191,6.5e-5,0.0024752999999999997,0.4999999999999999,0.7853981633974483,0.0,0.0,0.8556288707523761
0.57,0.00240905,1.0,54.771554783647204,-82.3649057414754,-90.92406631001504,-2.1103035718667873,-2.9999999378614612,-0.22475939606902595,6.625e-5,0.0024752999999999997,0.16666666666666666,0.4205343352839651,0.0,0.0,0.8556288707523761
0.57,0.00240905,1.0,47.65625871642543,-78.39320668857086,-87.36641827640415,-2.298147763411734,-2.9999999481192376,-0.15092145027422182,6.625e-5,0.0024752999999999997,0.18048317331502944,0.43877752668963926,0.0,0.0,0.8556288707523761
0.57,0.00240905,1.0,42.26067155859023,-75.25370937204349,-84.66862469748655,-2.4829485785589416,-2.999976110345125,-0.07658420565861268,6.625e-5,0.0024752999999999997,0.19472499151140646,0.4570207180953134,0.0,0.0,0.8556288707523761
0.57,0.00240905,1.0,38.49318939938753,-73.42176255382522,-82.7848836178852,-2.6595554196276923,-2.8263168176218594,-0.028106664848760343,6.625e-5,0.0024752999999999997,0.20937316385124888,0.47526390950098757,0.0,0.0,0.8556288707523761
0.57,0.00240905,1.0,35.41554504844272,-72.51845453210073,-81.2460614424128,-2.8253842298244756,-2.409870832639476,-0.014331164973645283,6.625e-5,0.0024752999999999997,0.2244081920285736,0.4935071009066617,0.0,0.0,0.8556288707523761
0.57,0.00240905,1.0,32.84774362361047,-71.67703700338349,-79.96216072999667,-2.9869859627867354,-1.9958010839922349,0.0002506415158627373,6.625e-5,0.0024752999999999997,0.23981006279032324,0.5117502923123359,0.0,0.0,0.8556288707523761
0.57,0.00240905,1.0,30.85278836866452,-71.37463661755584,-78.9646831025237,-2.9999993931286246,-1.5859244202315614,0.01842520497639799,6.625e-5,0.0024752999999999997,0.2555582745761764,0.52999348371801,0.0,0.0,0.8556288707523761
0.57,0.00240905,1.0,29.490884513596555,-71.24936381095912,-78.28373117498971,-2.999996972297804,-1.1848259575939375,0.037775334571955366,6.625e-5,0.0024752999999999997,0.2716318648083478,0.5482366751236842,0.0,0.0,0.8556288707523761
0.57,0.00240905,1.0,28.757235577285414,-71.26737482778569,-77.91690670683414,-2.999999876234642,-0.7963191296284646,0.05787350468903907,6.625e-5,0.0024752999999999997,0.2880094377950526,0.5664798665293584,0.0,0.0,0.8556288707523761
0.57,0.00240905,1.0,28.62538241596387,-71.42892615030296,-77.85098012617337,-2.9999729962205803,-0.4234732922054774,0.07852566877450307,6.625e-5,0.0024752999999999997,0.3046691932104928,0.5847230579350325,0.0,0.0,0.8556288707523761
0.57,0.00240905,1.0,29.04611168986345,-71.72642083341408,-78.06134476312316,-2.9999999389698115,-0.0700562711146935,0.09918990467437105,6.625e-5,0.0024752999999999997,0.3215889551134549,0.6029662493407066,0.0,0.0,0.8556288707523761
0.57,0.00240905,1.0,29.94817759383689,-72.14587413068142,-78.51237771510988,-2.999999907073476,0.26089726318853257,0.11975309020924052,6.625e-5,0.0024752999999999997,0.33874620146589296,0.6212094407463808,0.0,0.0,0.8556288707523761
0.57,0.00240905,1.0,31.239302256477842,-72.66512643746746,-79.15794004643035,-2.999999925550241,0.5662926100061089,0.13974728906678358,6.625e-5,0.0024752999999999997,0.35611809411220313,0.6394526321520551,0.0,0.0,0.8556288707523761
0.57,0.00240905,1.0,32.80959733910787,-73.25541917508971,-79.94308758774537,-2.999999927155643,0.8428504718517157,0.15872715570227047,6.625e-5,0.0024752999999999997,0.3736815091792861,0.6576958235577292,0.0,0.0,0.8556288707523761
0.57,0.00240905,1.0,34.5362391982422,-73.88177039752834,-80.80640851731253,-2.9999996891058553,1.0882728336480578,0.1763468966327465,6.625e-5,0.0024752999999999997,0.39141306785693,0.6759390149634033,0.0,0.0,0.8556288707523761
0.57,0.00240905,1.0,36.28964946307444,-74.50574104349548,-81.68311364972865,-2.9999998517116726,1.299925289283779,0.192084080668531,6.625e-5,0.0024752999999999997,0.409289167517542,0.6941822063690775,0.0,0.0,0.8556288707523761
0.57,0.00240905,1.0,37.94082697966492,-75.08697092602308,-82.5087024080239,-2.999999792399504,1.4759823390297642,0.2056326536254336,6.625e-5,0.0024752999999999997,0.42728601313380554,0.7124253977747517,0.0,0.0,0.8556288707523761
0.57,0.00240905,1.0,39.36930190078026,-75.58675305926754,-83.22293986858156,-2.9999999676645555,1.6147549251090518,0.21657360199843256,6.625e-5,0.0024752999999999997,0.44537964895244175,0.7306685891804259,0.0,0.0,0.8556288707523761
0.57,0.00240905,1.0,40.47111388444354,-75.97140672426013,-83.7738458604132,-2.999999883275511,1.714624923467601,0.22461022332225555,6.625e-5,0.0024752999999999997,0.4635459903819158,0.7489117805861,0.0,0.0,0.8556288707523761
0.57,0.00240905,1.0,41.16605073185396,-76.21310730373068,-84.12131428411841,-2.999999918770831,1.7752391680203745,0.2295468055289318,6.625e-5,0.0024752999999999997,0.4817608560516398,0.7671549719917741,0.0,0.0,0.8556288707523761
0.57,0.00240905,1.0,41.40346811258904,-76.29609691971608,-84.24002297448595,-2.9999999519774954,1.7952470730230974,0.23119234160183777,6.625e-5,0.0024752999999999997,0.4999999999999999,0.7853981633974483,0.0,0.0,0.8556288707523761
0.57,0.0024078,1.0,51.01212316111513,-80.9846307097842,-89.044350498749,-1.858628369691202,-2.9999999694719737,-0.2332931623910104,6.75e-5,0.0024752999999999997,0.16666666666666666,0.4205343352839651,0.0,0.0,0.8556288707523761
0.57,0.0024078,1.0,43.582372527267964,-76.95991470483769,-85.32947518182542,-2.018460114545877,-2.999999895914352,-0.16001018739926798,6.75e-5,0.0024752999999999997,0.18048317331502944,0.43877752668963926,0.0,0.0,0.8556288707523761
0.57,0.0024078,1.0,37.87874988728011,-73.77827601720904,-82.47766386183149,-2.175738430062643,-2.9999996047860846,-0.08646580224047412,6.75e-5,0.0024752999999999997,0.19472499151140646,0.4570207180953134,0.0,0.0,0.8556288707523761
0.57,0.0024078,1.0,33.82008932170926,-71.90100179500114,-80.44833357904606,-2.325771110906663,-2.83205084051912,-0.03737886187715417,6.75e-5,0.0024752999999999997,0.20937316385124888,0.47526390950098757,0.0,0.0,0.8556288707523761
0.57,0.0024078,1.0,30.46953654909909,-70.97928047094388,-78.77305719274098,-2.467776475432744,-2.415096761295117,-0.024028189558627566,6.75e-5,0.0024752999999999997,0.2244081920285736,0.4935071009066617,0.0,0.0,0.8556288707523761
0.57,0.0024078,1.0,27.637306228986418,-70.12732333259099,-77.35694203268464,-2.6062547619662806,-2.0004332459341434,-0.009859926681763997,6.75e-5,0.0024752999999999997,0.23981006279032324,0.5117502923123359,0.0,0.0,0.8556288707523761
0.57,0.0024078,1.0,25.354412202269245,-69.36205349359955,-76.21549501932606,-2.740415300055076,-1.5912468979389383,0.0050531278937322455,6.75e-5,0.0024752999999999997,0.2555582745761764,0.52999348371801,0.0,0.0,0.8556288707523761
0.57,0.0024078,1.0,23.6372044558711,-68.69909576010494,-75.35689114612698,-2.8692690502843523,-1.190775186442689,0.020566336674703867,6.75e-5,0.0024752999999999997,0.2716318648083478,0.5482366751236842,0.0,0.0,0.8556288707523761
0.57,0.0024078,1.0,22.485062575850563,-68.15071940095872,-74.78082020611672,-2.99191139110762,-0.8023263012014976,0.03649350841156229,6.75e-5,0.0024752999999999997,0.2880094377950526,0.5664798665293584,0.0,0.0,0.8556288707523761
0.57,0.0024078,1.0,21.900212302040657,-68.06391634699409,-74.48839506921176,-2.999987072904589,-0.42906253898926666,0.05528969267153705,6.75e-5,0.0024752999999999997,0.3046691932104928,0.5847230579350325,0.0,0.0,0.8556288707523761
0.57,0.0024078,1.0,21.86843760993726,-68.13724602536367,-74.47250772316006,-2.999994560048869,-0.07493791292257208,0.07454828716866702,6.75e-5,0.0024752999999999997,0.3215889551134549,0.6029662493407066,0.0,0.0,0.8556288707523761
0.57,0.0024078,1.0,22.324932261246047,-68.33526488734043,-74.70075504881446,-2.9999998054411274,0.2569847190485348,0.0933748925322897,6.75e-5,0.0024752999999999997,0.33874620146589296,0.6212094407463808,0.0,0.0,0.8556288707523761
0.57,0.0024078,1.0,23.184825029349398,-68.63965856108862,-75.13070143286613,-2.999997443887015,0.5631702546740159,0.11189209323373706,6.75e-5,0.0024752999999999997,0.35611809411220313,0.6394526321520551,0.0,0.0,0.8556288707523761
0.57,0.0024078,1.0,24.34624046789115,-69.02546984243091,-75.71140915213701,-2.999999090943641,0.840799458416055,0.12943100985320266,6.75e-5,0.0024752999999999997,0.3736815091792861,0.6576958235577292,0.0,0.0,0.8556288707523761
0.57,0.0024078,1.0,25.69484180718503,-69.4623071687719,-76.38570982178395,-2.9999999178882835,1.0871363549332718,0.14563674008845684,6.75e-5,0.0024752999999999997,0.39141306785693,0.6759390149634033,0.0,0.0,0.8556288707523761
0.57,0.0024078,1.0,27.10967318751092,-69.9161362723707,-77.0931255119469,-2.9999995924322707,1.2996309399524992,0.16030002172204016,6.75e-5,0.0024752999999999997,0.409289167517542,0.6941822063690775,0.0,0.0,0.8556288707523761
0.57,0.0024078,1.0,28.470097981896785,-70.35061780070147,-77.77333790913983,-2.999999449807655,1.4766526922583023,0.17275202655398658,6.75e-5,0.0024752999999999997,0.42728601313380554,0.7124253977747517,0.0,0.0,0.8556288707523761
0.57,0.0024078,1.0,29.663341188128825,-70.73173059672507,-78.36995951225585,-2.999999602623891,1.6160197618968817,0.18283647810057135,6.75e-5,0.0024752999999999997,0.44537964895244175,0.7306685891804259,0.0,0.0,0.8556288707523761
0.57,0.0024078,1.0,30.592012890253912,-71.02860507834804,-78.83429536331839,-2.999999949995252,1.7165198878814123,0.19029405005504896,6.75e-5,0.0024752999999999997,0.4635459903819158,0.7489117805861,0.0,0.0,0.8556288707523761
0.57,0.0024078,1.0,31.18094643144893,-71.21700215342929,-79.1287621339159,-2.999999912712872,1.7772394718267999,0.19481572287513416,6.75e-5,0.0024752999999999997,0.4817608560516398,0.7671549719917741,0.0,0.0,0.8556288707523761
0.57,0.0024078,1.0,31.382672080022004,-71.28159036319613,-79.22962495820244,-2.9999989030668446,1.7975359320841302,0.1964299851464546,6.75e-5,0.0024752999999999997,0.4999999999999999,0.7853981633974483,0.0,0.0,0.8556288707523761
0.57,0.00240655,1.0,47.78057968985463,-79.81611746603764,-87.42857876311875,-1.5999945004477143,-2.9999999747037487,-0.24115879845781957,6.874999999999999e-5,0.0024752999999999997,0.16666666666666666,0.4205343352839651,0.0,0.0,0.8556288707523761
0.57,0.00240655,1.0,40.08693271685537,-75.74580351920523,-83.58175527661912,-1.7340598385528037,-2.9999999411115352,-0.16845583551411136,6.874999999999999e-5,0.0024752999999999997,0.18048317331502944,0.43877752668963926,0.0,0.0,0.8556288707523761
0.57,0.00240655,1.0,34.12482058722797,-72.5272370510491,-80.60069921180542,-1.8660097516260858,-2.9999985973117043,-0.09543538134351415,6.874999999999999e-5,0.0024752999999999997,0.19472499151140646,0.4570207180953134,0.0,0.0,0.8556288707523761
0.57,0.00240655,1.0,29.8206877950348,-70.60896591584128,-78.44863281570883,-1.992452624010044,-2.8362873613817405,-0.04626089984094445,6.874999999999999e-5,0.0024752999999999997,0.20937316385124888,0.47526390950098757,0.0,0.0,0.8556288707523761
0.57,0.00240655,1.0,26.238729066578927,-69.66824018349958,-76.6576534514809,-2.1125644232171124,-2.4188753066752304,-0.03334254266564024,6.874999999999999e-5,0.0024752999999999997,0.2244081920285736,0.4935071009066617,0.0,0.0,0.8556288707523761
0.57,0.00240655,1.0,23.181603996760074,-68.80253705863593,-75.12909091657147,-2.2300692163550875,-2.0037361756627745,-0.019555745317177298,6.874999999999999e-5,0.0024752999999999997,0.23981006279032324,0.5117502923123359,0.0,0.0,0.8556288707523761
0.57,0.00240655,1.0,20.681796397643907,-68.02873459518904,-73.87918711701339,-2.344170468541171,-1.5939979653661378,-0.005015838628182501,6.874999999999999e-5,0.0024752999999999997,0.2555582745761764,0.52999348371801,0.0,0.0,0.8556288707523761
0.57,0.00240655,1.0,18.757016120393942,-67.36151179386131,-72.9167969783884,-2.4540892631715514,-1.19292745502965,0.010148193460531196,6.874999999999999e-5,0.0024752999999999997,0.2716318648083478,0.5482366751236842,0.0,0.0,0.8556288707523761
0.57,0.00240655,1.0,17.407887469623418,-66.81209325062552,-72.24223265300314,-2.559122891248282,-0.8038833794571745,0.025773081430811473,6.874999999999999e-5,0.0024752999999999997,0.2880094377950526,0.5664798665293584,0.0,0.0,0.8556288707523761
0.57,0.00240655,1.0,16.6162023376189,-66.3874276539432,-71.84639008700088,-2.658542988872451,-0.43027165599852496,0.04164491678073401,6.874999999999999e-5,0.0024752999999999997,0.3046691932104928,0.5847230579350325,0.0,0.0,0.8556288707523761
0.57,0.00240655,1.0,16.343990063706556,-66.0890268758117,-71.71028395004471,-2.7517041266636637,-0.07548644442148478,0.05752901332956595,6.874999999999999e-5,0.0024752999999999997,0.3215889551134549,0.6029662493407066,0.0,0.0,0.8556288707523761
0.57,0.00240655,1.0,16.533642866046634,-65.91241035970516,-71.80511035121475,-2.838011226811298,0.2572001458697509,0.0731500192165474,6.874999999999999e-5,0.0024752999999999997,0.33874620146589296,0.6212094407463808,0.0,0.0,0.8556288707523761
0.57,0.00240655,1.0,17.109291629463783,-65.8471509293898,-72.09293473292333,-2.916853730662798,0.5644391698923753,0.08827140531486533,6.874999999999999e-5,0.0024752999999999997,0.35611809411220313,0.6394526321520551,0.0,0.0,0.8556288707523761
0.57,0.00240655,1.0,17.97954879968735,-65.87661321245186,-72.52806331803511,-2.9877635911535196,0.843343696287065,0.1025355944320061,6.874999999999999e-5,0.0024752999999999997,0.3736815091792861,0.6576958235577292,0.0,0.0,0.8556288707523761
0.57,0.00240655,1.0,19.04696013158467,-66.13445247312028,-73.06176898398377,-2.9999891110070274,1.0907602903889837,0.11717531814627913,6.874999999999999e-5,0.0024752999999999997,0.39141306785693,0.6759390149634033,0.0,0.0,0.8556288707523761
0.57,0.00240655,1.0,20.209910788873188,-66.46001399379256,-73.64324431262803,-2.999995125876406,1.3044345663589119,0.13062766390662206,6.874999999999999e-5,0.0024752999999999997,0.409289167517542,0.6941822063690775,0.0,0.0,0.8556288707523761
0.57,0.00240655,1.0,21.354216749081516,-66.78453362193393,-74.21539729273219,-2.999999677676047,1.4821568510327592,0.14206968690442512,6.874999999999999e-5,0.0024752999999999997,0.42728601313380554,0.7124253977747517,0.0,0.0,0.8556288707523761
0.57,0.00240655,1.0,22.372736319034786,-67.07634555579057,-74.72465707770883,-2.9999993056423406,1.6222474735702954,0.15146286785690755,6.874999999999999e-5,0.0024752999999999997,0.44537964895244175,0.7306685891804259,0.0,0.0,0.8556288707523761
0.57,0.00240655,1.0,23.172879159260347,-67.3071633399306,-75.12472849782161,-2.999997285909181,1.7234286338119125,0.15827565533935373,6.874999999999999e-5,0.0024752999999999997,0.4635459903819158,0.7489117805861,0.0,0.0,0.8556288707523761
0.57,0.00240655,1.0,23.683147935608375,-67.45518831438567,-75.37986288599562,-2.9999992704317986,1.7844924141480107,0.16226748093940557,6.874999999999999e-5,0.0024752999999999997,0.4817608560516398,0.7671549719917741,0.0,0.0,0.8556288707523761
0.57,0.00240655,1.0,23.858385909931755,-67.50629340956475,-75.46748187315731,-2.999998445055487,1.8048395807863338,0.16385901439882233,6.874999999999999e-5,0.0024752999999999997,0.4999999999999999,0.7853981633974483,0.0,0.0,0.8556288707523761
0.57,0.0024052999999999995,1.0,45.07036807384527,-78.84441056310396,-86.07347295511407,-1.3390984259724168,-2.9999999741836016,-0.24834355764928506,7.0e-5,0.0024752999999999997,0.16666666666666666,0.4205343352839651,0.0,0.0,0.8556288707523761
0.57,0.0024052999999999995,1.0,37.15840864290102,-74.73354738770452,-82.11749323964195,-1.4501557276210695,-2.9999999541743123,-0.1762692602400897,7.0e-5,0.0024752999999999997,0.18048317331502944,0.43877752668963926,0.0,0.0,0.8556288707523761
0.57,0.0024052999999999995,1.0,30.98237445432902,-71.48121814951438,-79.02947614535594,-1.5593580875741302,-2.9999963336516773,-0.10395825360948541,7.0e-5,0.0024752999999999997,0.19472499151140646,0.4570207180953134,0.0,0.0,0.8556288707523761
0.57,0.0024052999999999995,1.0,26.474254562894814,-69.52822590933806,-76.77541619963884,-1.6636711663750665,-2.8393024647432314,-0.05469996971521618,7.0e-5,0.0024752999999999997,0.20937316385124888,0.47526390950098757,0.0,0.0,0.8556288707523761
0.57,0.0024052999999999995,1.0,22.698681734418457,-68.5679406100892,-74.88762978540066,-1.7637300941411145,-2.421506589123212,-0.04218731048812563,7.0e-5,0.0024752999999999997,0.2244081920285736,0.4935071009066617,0.0,0.0,0.8556288707523761
0.57,0.0024052999999999995,1.0,19.452724287371225,-67.68701247950678,-73.26465106187705,-1.8618786468824429,-2.0059273976260825,-0.028791940303748875,7.0e-5,0.0024752999999999997,0.23981006279032324,0.5117502923123359,0.0,0.0,0.8556288707523761
0.57,0.0024052999999999995,1.0,16.77007474781037,-66.9017884409035,-71.92332629209662,-1.9575164935659226,-1.5957018942543229,-0.014620340543126664,7.0e-5,0.0024752999999999997,0.2555582745761764,0.52999348371801,0.0,0.0,0.8556288707523761
0.57,0.0024052999999999995,1.0,14.669599035749073,-66.2264910956628,-70.87308843606597,-2.0499781166079747,-1.1940871231857393,0.00019880526873505833,7.0e-5,0.0024752999999999997,0.2716318648083478,0.5482366751236842,0.0,0.0,0.8556288707523761
0.57,0.0024052999999999995,1.0,13.153018859367322,-65.6718996408761,-70.1147983478751,-2.138619084171641,-0.8044659609567362,0.015491789324997174,7.0e-5,0.0024752999999999997,0.2880094377950526,0.5664798665293584,0.0,0.0,0.8556288707523761
0.57,0.0024052999999999995,1.0,12.203161171273777,-65.24431350943793,-69.63986950382832,-2.2228478004347605,-0.4302549249065546,0.031055474118432125,7.0e-5,0.0024752999999999997,0.3046691932104928,0.5847230579350325,0.0,0.0,0.8556288707523761
0.57,0.0024052999999999995,1.0,11.783025875935763,-64.94479150695255,-69.42980185615932,-2.3020594975629813,-0.0748493394547151,0.04664938331330859,7.0e-5,0.0024752999999999997,0.3215889551134549,0.6029662493407066,0.0,0.0,0.8556288707523761
0.57,0.0024052999999999995,1.0,11.835909751748105,-64.76845729408977,-69.45624379406549,-2.3756827013445334,0.2583879989608409,0.062026420187332065,7.0e-5,0.0024752999999999997,0.33874620146589296,0.6212094407463808,0.0,0.0,0.8556288707523761
0.57,0.0024052999999999995,1.0,12.286780702995216,-64.70427850272738,-69.68167926968904,-2.4431934380194233,0.5662746805794743,0.07688130128294701,7.0e-5,0.0024752999999999997,0.35611809411220313,0.6394526321520551,0.0,0.0,0.8556288707523761
0.57,0.0024052999999999995,1.0,13.045018353681186,-64.73552828272744,-70.06079809503203,-2.5040548126430173,0.8457592892849084,0.09092768448388555,7.0e-5,0.0024752999999999997,0.3736815091792861,0.6576958235577292,0.0,0.0,0.8556288707523761
0.57,0.0024052999999999995,1.0,14.008525332273948,-64.84037309443451,-70.54255158432841,-2.557828165341863,1.0940437431359362,0.1038702350057964,7.0e-5,0.0024752999999999997,0.39141306785693,0.6759390149634033,0.0,0.0,0.8556288707523761
0.57,0.0024052999999999995,1.0,15.069075009013787,-64.99347963526397,-71.07282642269833,-2.6040886072441802,1.3086159696461699,0.11541428781723573,7.0e-5,0.0024752999999999997,0.409289167517542,0.6941822063690775,0.0,0.0,0.8556288707523761
0.57,0.0024052999999999995,1.0,16.11860931575616,-65.16783661998774,-71.59759357606951,-2.642456886170997,1.4872777724467745,0.1252775755187565,7.0e-5,0.0024752999999999997,0.42728601313380554,0.7124253977747517,0.0,0.0,0.8556288707523761
0.57,0.0024052999999999995,1.0,17.056054494573786,-65.3368504576285,-72.06631616547833,-2.6726356567369143,1.6281921623571631,0.13322555011516446,7.0e-5,0.0024752999999999997,0.44537964895244175,0.7306685891804259,0.0,0.0,0.8556288707523761
0.57,0.0024052999999999995,1.0,17.794107133688797,-65.47676809247028,-72.43534248503583,-2.6943739224771113,1.7299010395192056,0.13905313756682836,7.0e-5,0.0024752999999999997,0.4635459903819158,0.7489117805861,0.0,0.0,0.8556288707523761
0.57,0.0024052999999999995,1.0,18.26538182337366,-65.56893620197141,-72.67097982987826,-2.707418307357617,1.7913774086779504,0.14259637686701643,7.0e-5,0.0024752999999999997,0.4817608560516398,0.7671549719917741,0.0,0.0,0.8556288707523761
0.57,0.0024052999999999995,1.0,18.42732361820883,-65.60085052229407,-72.75195072729585,-2.7118727314624396,1.8119068281446582,0.1438094903903605,7.0e-5,0.0024752999999999997,0.4999999999999999,0.7853981633974483,0.0,0.0,0.8556288707523761
0.57,0.0024040499999999996,1.0,42.86710235446519,-78.05457204807188,-84.97184009542403,-1.0814788182959367,-2.9999998859674553,-0.2550364021756777,7.125e-5,0.0024752999999999997,0.16666666666666666,0.4205343352839651,0.0,0.0,0.8556288707523761
0.57,0.0024040499999999996,1.0,34.77811862916933,-73.90960952936072,-80.9273482327761,-1.1706995111481893,-2.9999999528252257,-0.18344163855253692,7.125e-5,0.0024752999999999997,0.18048317331502944,0.43877752668963926,0.0,0.0,0.8556288707523761
0.57,0.0024040499999999996,1.0,28.42853893509657,-70.62820771307476,-77.75255838573972,-1.258475930485437,-2.999999888873655,-0.11155107534168396,7.125e-5,0.0024752999999999997,0.19472499151140646,0.4570207180953134,0.0,0.0,0.8556288707523761
0.57,0.0024040499999999996,1.0,23.754308740998127,-68.64473298066493,-75.4154432886905,-1.3429266328843399,-2.8413075036441033,-0.06261670631488514,7.125e-5,0.0024752999999999997,0.20937316385124888,0.47526390950098757,0.0,0.0,0.8556288707523761
0.57,0.0024040499999999996,1.0,19.819791510497836,-67.66541503564109,-73.44818467344035,-1.424400471650534,-2.4231554278426883,-0.0505080932197165,7.125e-5,0.0024752999999999997,0.2244081920285736,0.4935071009066617,0.0,0.0,0.8556288707523761
0.57,0.0024040499999999996,1.0,16.418176160307027,-66.76861771340012,-71.74737699834495,-1.5046133801455486,-2.0071663612416044,-0.037488378946709644,7.125e-5,0.0024752999999999997,0.23981006279032324,0.5117502923123359,0.0,0.0,0.8556288707523761
0.57,0.0024040499999999996,1.0,13.584149543579926,-65.97045189608248,-70.3303636899814,-1.5830850187895633,-1.5964726952269137,-0.02367385626763968,7.125e-5,0.0024752999999999997,0.2555582745761764,0.52999348371801,0.0,0.0,0.8556288707523761
0.57,0.0024040499999999996,1.0,11.337559154510885,-65.2848350299021,-69.20706849544688,-1.6592293930296529,-1.1943552268564022,-0.00921896570111358,7.125e-5,0.0024752999999999997,0.2716318648083478,0.5482366751236842,0.0,0.0,0.8556288707523761
0.57,0.0024040499999999996,1.0,9.68108893013492,-64.7221622714184,-68.3788333832589,-1.7325348416254651,-0.8041920801388298,0.005733766891096503,7.125e-5,0.0024752999999999997,0.2880094377950526,0.5664798665293584,0.0,0.0,0.8556288707523761
0.57,0.0024040499999999996,1.0,8.598502239934263,-64.2884175231907,-67.83754003815856,-1.8024744686361467,-0.42940712077675103,0.02097926862272459,7.125e-5,0.0024752999999999997,0.3046691932104928,0.5847230579350325,0.0,0.0,0.8556288707523761
0.57,0.0024040499999999996,1.0,8.053703021692328,-63.984349466804794,-67.5651404290376,-1.8684890063205488,-0.07341943372212839,0.03627566685968653,7.125e-5,0.0024752999999999997,0.3215889551134549,0.6029662493407066,0.0,0.0,0.8556288707523761
0.57,0.0024040499999999996,1.0,7.9908527381921175,-63.80475822247715,-67.53371528728749,-1.9300660988782445,0.2604201203916596,0.05136403521750388,7.125e-5,0.0024752999999999997,0.33874620146589296,0.6212094407463808,0.0,0.0,0.8556288707523761
0.57,0.0024040499999999996,1.0,8.33573716382115,-63.73838943654416,-67.70615750010201,-1.986696885816333,0.5688859872826737,0.06596104976938033,7.125e-5,0.0024752999999999997,0.35611809411220313,0.6394526321520551,0.0,0.0,0.8556288707523761
0.57,0.0024040499999999996,1.0,8.99849901267315,-63.768138534118386,-68.03753842452801,-2.0379366458498946,0.8489250048411507,0.07977703869951447,7.125e-5,0.0024752999999999997,0.3736815091792861,0.6576958235577292,0.0,0.0,0.8556288707523761
0.57,0.0024040499999999996,1.0,9.87774090411996,-63.87209516218174,-68.47715937025141,-2.0833070067613515,1.0977340239063393,0.09250599744808397,7.125e-5,0.0024752999999999997,0.39141306785693,0.6759390149634033,0.0,0.0,0.8556288707523761
0.57,0.0024040499999999996,1.0,10.865864655213855,-64.02474412529885,-68.97122124579836,-2.1224113149963446,1.3127772493830472,0.10386248122018238,7.125e-5,0.0024752999999999997,0.409289167517542,0.6941822063690775,0.0,0.0,0.8556288707523761
0.57,0.0024040499999999996,1.0,11.85536084011089,-64.19886364254683,-69.46596933824688,-2.1549176698895196,1.4918447918336666,0.113575998110794,7.125e-5,0.0024752999999999997,0.42728601313380554,0.7124253977747517,0.0,0.0,0.8556288707523761
0.57,0.0024040499999999996,1.0,12.745616775343834,-64.36779628894678,-69.91109730586335,-2.180525245238874,1.633086447262454,0.12140365374778517,7.125e-5,0.0024752999999999997,0.44537964895244175,0.7306685891804259,0.0,0.0,0.8556288707523761
0.57,0.0024040499999999996,1.0,13.449695623746877,-64.50770151748092,-70.26313673006487,-2.1989944199830167,1.7350370663402748,0.12714542248634797,7.125e-5,0.0024752999999999997,0.4635459903819158,0.7489117805861,0.0,0.0,0.8556288707523761
0.57,0.0024040499999999996,1.0,13.900478231735988,-64.59974843906694,-70.48852803405943,-2.21014088420609,1.7966346644404096,0.13065237516906814,7.125e-5,0.0024752999999999997,0.4817608560516398,0.7671549719917741,0.0,0.0,0.8556288707523761
0.57,0.0024040499999999996,1.0,14.055571298772904,-64.63181599172277,-70.56607456757789,-2.2138699801426838,1.817238707010301,0.13183247917684604,7.125e-5,0.0024752999999999997,0.4999999999999999,0.7853981633974483,0.0,0.0,0.8556288707523761
0.57,0.0024027999999999996,1.0,41.149919099822895,-77.43641721500069,-84.11324846810288,-0.8298929673591143,-2.999999970742578,-0.26080162702401566,7.25e-5,0.0024752999999999997,0.16666666666666666,0.4205343352839651,0.0,0.0,0.8556288707523761
0.57,0.0024027999999999996,1.0,32.92153299303537,-73.26229803176425,-79.99905541470912,-0.8992078133482232,-2.999999954971079,-0.1898286906498699,7.25e-5,0.0024752999999999997,0.18048317331502944,0.43877752668963926,0.0,0.0,0.8556288707523761
0.57,0.0024027999999999996,1.0,26.435308792887255,-69.95565505728634,-76.75594331463506,-0.967297835615324,-2.999995177901888,-0.11842647931556316,7.25e-5,0.0024752999999999997,0.19472499151140646,0.4570207180953134,0.0,0.0,0.8556288707523761
0.57,0.0024027999999999996,1.0,21.629766547535425,-67.94735773901775,-74.35317219195915,-1.0330653840663895,-2.842439880393209,-0.06992575417579583,7.25e-5,0.0024752999999999997,0.20937316385124888,0.47526390950098757,0.0,0.0,0.8556288707523761
0.57,0.0024027999999999996,1.0,17.568360481537965,-66.95034860932827,-72.32246915896042,-1.0971686059996724,-2.4239475664288253,-0.0581902642313889,7.25e-5,0.0024752999999999997,0.2244081920285736,0.4935071009066617,0.0,0.0,0.8556288707523761
0.57,0.0024027999999999996,1.0,14.041873160974362,-66.0381239254388,-70.55922549867861,-1.1605806089577748,-2.0075645573963654,-0.045548374578344375,7.25e-5,0.0024752999999999997,0.23981006279032324,0.5117502923123359,0.0,0.0,0.8556288707523761
0.57,0.0024027999999999996,1.0,11.085802109495674,-65.22668432401558,-69.08118997293927,-1.2229082060739631,-1.5964230244166318,-0.03209837711474728,7.25e-5,0.0024752999999999997,0.2555582745761764,0.52999348371801,0.0,0.0,0.8556288707523761
0.57,0.0024027999999999996,1.0,8.7208195599395,-64.52970876624238,-67.89869869816118,-1.2836823606788215,-1.1938170363346545,-0.017999407516563926,7.25e-5,0.0024752999999999997,0.2716318648083478,0.5482366751236842,0.0,0.0,0.8556288707523761
0.57,0.0024027999999999996,1.0,6.950441468616006,-63.95745308364806,-67.01350965249944,-1.3424597084451968,-0.8031031841720021,-0.0034084834154483046,7.25e-5,0.0024752999999999997,0.2880094377950526,0.5664798665293584,0.0,0.0,0.8556288707523761
0.57,0.0024027999999999996,1.0,5.759262484912071,-63.515665053503945,-66.41792016064747,-1.3987750013258047,-0.42778308226979456,0.011523406135786618,7.25e-5,0.0024752999999999997,0.3046691932104928,0.5847230579350325,0.0,0.0,0.8556288707523761
0.57,0.0024027999999999996,1.0,5.112007954912528,-63.20490709677395,-66.0942928956477,-1.4521566992878856,-0.07121919673805054,0.02650502380918207,7.25e-5,0.0024752999999999997,0.3215889551134549,0.6029662493407066,0.0,0.0,0.8556288707523761
0.57,0.0024027999999999996,1.0,4.953640560753527,-63.01980550347947,-66.0151091985682,-1.5021302984431064,0.26319500793120937,0.04130000952964652,7.25e-5,0.0024752999999999997,0.33874620146589296,0.6212094407463808,0.0,0.0,0.8556288707523761
0.57,0.0024027999999999996,1.0,5.210716074734805,-62.948888451949756,-66.14364695555884,-1.5482514371051912,0.5722710461338076,0.05560583872128089,7.25e-5,0.0024752999999999997,0.35611809411220313,0.6394526321520551,0.0,0.0,0.8556288707523761
0.57,0.0024027999999999996,1.0,5.794104475905854,-62.974950165180324,-66.43534115614436,-1.5901285465043813,0.8528381106887394,0.06917978251199342,7.25e-5,0.0024752999999999997,0.3736815091792861,0.6576958235577292,0.0,0.0,0.8556288707523761
0.57,0.0024027999999999996,1.0,6.603081503824754,-63.07593042970135,-66.83982967010381,-1.6272964821659874,1.102163461315218,0.08168418369082309,7.25e-5,0.0024752999999999997,0.39141306785693,0.6759390149634033,0.0,0.0,0.8556288707523761
0.57,0.0024027999999999996,1.0,7.530656920982224,-63.226194209765296,-67.30361737868255,-1.6594137862729126,1.3176691084202832,0.09284430554416045,7.25e-5,0.0024752999999999997,0.409289167517542,0.6941822063690775,0.0,0.0,0.8556288707523761
0.57,0.0024027999999999996,1.0,8.469853994538184,-63.39847267615975,-67.77321591546053,-1.6861559794322885,1.4971386532814894,0.10239236356998926,7.25e-5,0.0024752999999999997,0.42728601313380554,0.7124253977747517,0.0,0.0,0.8556288707523761
0.57,0.0024027999999999996,1.0,9.320508563210339,-63.56604163030178,-68.1985431997966,-1.7072468900859843,1.6387101179905441,0.11008917637145843,7.25e-5,0.0024752999999999997,0.44537964895244175,0.7306685891804259,0.0,0.0,0.8556288707523761
0.57,0.0024027999999999996,1.0,9.996040635153449,-63.70501896272479,-68.53630923576816,-1.7224741485946964,1.7408971850838593,0.11573693211993796,7.25e-5,0.0024752999999999997,0.4635459903819158,0.7489117805861,0.0,0.0,0.8556288707523761
0.57,0.0024027999999999996,1.0,10.42959027162486,-63.796510822300235,-68.75308405400386,-1.7316758139090134,1.8026383426669481,0.11918779235087662,7.25e-5,0.0024752999999999997,0.4817608560516398,0.7671549719917741,0.0,0.0,0.8556288707523761
0.57,0.0024027999999999996,1.0,10.57892144304897,-63.82839904991141,-68.82774963971592,-1.7347530157602689,1.823291751048875,0.12034847525007497,7.25e-5,0.0024752999999999997,0.4999999999999999,0.7853981633974483,0.0,0.0,0.8556288707523761
0.57,0.0024015499999999997,1.0,39.89305441045205,-76.97992824840198,-83.48481612341746,-0.5872279962030296,-2.999999781004917,-0.26584996225476554,7.375e-5,0.0024752999999999997,0.16666666666666666,0.4205343352839651,0.0,0.0,0.8556288707523761
0.57,0.0024015499999999997,1.0,31.559790971685104,-72.78210251881671,-79.31818440403399,-0.638140827725786,-2.999999951657865,-0.19541355066667576,7.375e-5,0.0024752999999999997,0.18048317331502944,0.43877752668963926,0.0,0.0,0.8556288707523761
0.57,0.0024015499999999997,1.0,24.970874477460185,-69.45467352566268,-76.02372615692153,-0.6878703173045295,-2.9999998907687067,-0.12466193017171256,7.375e-5,0.0024752999999999997,0.19472499151140646,0.4570207180953134,0.0,0.0,0.8556288707523761
0.57,0.0024015499999999997,1.0,20.06631209889342,-67.4273357968631,-73.57144496763814,-0.7360481721020296,-2.8427998672820003,-0.07648415023855482,7.375e-5,0.0024752999999999997,0.20937316385124888,0.47526390950098757,0.0,0.0,0.8556288707523761
0.57,0.0024015499999999997,1.0,15.90790486875916,-66.41477514862397,-71.49224135257101,-0.7837797661220508,-2.4239804746810476,-0.06512009665874297,7.375e-5,0.0024752999999999997,0.2244081920285736,0.4935071009066617,0.0,0.0,0.8556288707523761
0.57,0.0024015499999999997,1.0,12.28537708593025,-65.48856839935517,-69.68097746115656,-0.8312855232648567,-2.0071975881652175,-0.05284342062233932,7.375e-5,0.0024752999999999997,0.23981006279032324,0.5117502923123359,0.0,0.0,0.8556288707523761
0.57,0.0024015499999999997,1.0,9.234872547800691,-64.6645732070203,-68.15572519209178,-0.878274191015723,-1.595618397694715,-0.0397670617465522,7.375e-5,0.0024752999999999997,0.2555582745761764,0.52999348371801,0.0,0.0,0.8556288707523761
0.57,0.0024015499999999997,1.0,6.777740768444502,-63.95639310295415,-66.92715930241368,-0.92437916360725,-1.1925247235722385,-0.02601240822773021,7.375e-5,0.0024752999999999997,0.2716318648083478,0.5482366751236842,0.0,0.0,0.8556288707523761
0.57,0.0024015499999999997,1.0,4.918199299032196,-63.37417606839001,-65.99738856770753,-0.9692208029299404,-0.8013087353362052,-0.011754115848429114,7.375e-5,0.0024752999999999997,0.2880094377950526,0.5664798665293584,0.0,0.0,0.8556288707523761
0.57,0.0024015499999999997,1.0,3.6415600770704515,-62.9236159301606,-65.35906895672666,-1.012416732079291,-0.4254151728150115,0.0028192683554006948,7.375e-5,0.0024752999999999997,0.3046691932104928,0.5847230579350325,0.0,0.0,0.8556288707523761
0.57,0.0024015499999999997,1.0,2.9132708559672977,-62.60512577710973,-64.99492434617508,-1.0535628608526661,-0.06827951292930977,0.017474925710326494,7.375e-5,0.0024752999999999997,0.3215889551134549,0.6029662493407066,0.0,0.0,0.8556288707523761
0.57,0.0024015499999999997,1.0,2.6790099312488422,-62.413234311825356,-64.87779388381585,-1.0922632383161128,0.2667204861412322,0.031956839160791284,7.375e-5,0.0024752999999999997,0.33874620146589296,0.6212094407463808,0.0,0.0,0.8556288707523761
0.57,0.0024015499999999997,1.0,2.8660289404266592,-62.33643446889706,-64.97130338840476,-1.1281038193718111,0.5763499520754385,0.04598571975451082,7.375e-5,0.0024752999999999997,0.35611809411220313,0.6394526321520551,0.0,0.0,0.8556288707523761
0.57,0.0024015499999999997,1.0,3.385860756805485,-62.35741397757556,-65.23121929659418,-1.1607759696636415,0.8574785372310357,0.059286454662520804,7.375e-5,0.0024752999999999997,0.3736815091792861,0.6576958235577292,0.0,0.0,0.8556288707523761
0.57,0.0024015499999999997,1.0,4.138398108622184,-62.454080050127025,-65.60748797250253,-1.189843027923158,1.107316155926961,0.07154752921499996,7.375e-5,0.0024752999999999997,0.39141306785693,0.6759390149634033,0.0,0.0,0.8556288707523761
0.57,0.0024015499999999997,1.0,5.017209894111559,-62.60073703687188,-66.04689386524721,-1.2150189803866518,1.3232921784602438,0.08249771014414697,7.375e-5,0.0024752999999999997,0.409289167517542,0.6941822063690775,0.0,0.0,0.8556288707523761
0.57,0.0024015499999999997,1.0,5.915810034264936,-62.77008846732107,-66.4961939353239,-1.2360384984471258,1.5031564861601883,0.09186969439157655,7.375e-5,0.0024752999999999997,0.42728601313380554,0.7124253977747517,0.0,0.0,0.8556288707523761
0.57,0.0024015499999999997,1.0,6.734447587734266,-62.93539117560357,-66.90551271205857,-1.2526464316169885,1.645047004127981,0.09942712441751134,7.375e-5,0.0024752999999999997,0.44537964895244175,0.7306685891804259,0.0,0.0,0.8556288707523761
0.57,0.0024015499999999997,1.0,7.386871141618386,-63.07275486776962,-67.23172448900063,-1.2646394263049716,1.747479905297991,0.10497321427406314,7.375e-5,0.0024752999999999997,0.4635459903819158,0.7489117805861,0.0,0.0,0.8556288707523761
0.57,0.0024015499999999997,1.0,7.806459234856234,-63.16327835700243,-67.44151853561955,-1.2718947695258405,1.8093710807930645,0.10836205084314277,7.375e-5,0.0024752999999999997,0.4817608560516398,0.7671549719917741,0.0,0.0,0.8556288707523761
0.57,0.0024015499999999997,1.0,7.951120412890148,-63.19484419433204,-67.51384912463651,-1.2743245316474228,1.8300728138994173,0.10950218704092418,7.375e-5,0.0024752999999999997,0.4999999999999999,0.7853981633974483,0.0,0.0,0.8556288707523761
0.57,0.0024002999999999997,1.0,39.06772078400307,-76.67648700188938,-83.07214931019297,-0.3555063458863049,-2.9999999183608255,-0.26985378617804645,7.500000000000001e-5,0.0024752999999999997,0.16666666666666666,0.4205343352839651,0.0,0.0,0.8556288707523761
0.57,0.0024002999999999997,1.0,30.661531595691898,-72.46087676598152,-78.86905471603738,-0.38912198936036857,-2.999999938838527,-0.1999705339039668,7.500000000000001e-5,0.0024752999999999997,0.18048317331502944,0.43877752668963926,0.0,0.0,0.8556288707523761
0.57,0.0024002999999999997,1.0,24.001500095488282,-69.11781276916153,-75.53903896593557,-0.4213229267999769,-2.9999998400706627,-0.12983834905333347,7.500000000000001e-5,0.0024752999999999997,0.19472499151140646,0.4570207180953134,0.0,0.0,0.8556288707523761
0.57,0.0024002999999999997,1.0,19.028080279182873,-67.0775213526827,-73.05232905778287,-0.4528137904270581,-2.8424698304331457,-0.0821531126367363,7.500000000000001e-5,0.0024752999999999997,0.20937316385124888,0.47526390950098757,0.0,0.0,0.8556288707523761
0.57,0.0024002999999999997,1.0,14.800786378439724,-66.05238962372628,-70.9386821074113,-0.48492601003013613,-2.423322386247752,-0.07113833649051915,7.500000000000001e-5,0.0024752999999999997,0.2244081920285736,0.4935071009066617,0.0,0.0,0.8556288707523761
0.57,0.0024002999999999997,1.0,11.109473968525222,-65.11452001639742,-69.09302590245404,-0.5172304158276008,-2.0061266471933585,-0.059225140253936215,7.500000000000001e-5,0.0024752999999999997,0.23981006279032324,0.5117502923123359,0.0,0.0,0.8556288707523761
0.57,0.0024002999999999997,1.0,7.9907797473240265,-64.27965674922918,-67.53367879185345,-0.5494883115389864,-1.594103615281578,-0.04650738220453382,7.500000000000001e-5,0.0024752999999999997,0.2555582745761764,0.52999348371801,0.0,0.0,0.8556288707523761
0.57,0.0024002999999999997,1.0,5.4665864899131265,-63.56140799605817,-66.271582163148,-0.5814333890606957,-1.190522239938534,-0.033109224407914306,7.500000000000001e-5,0.0024752999999999997,0.2716318648083478,0.5482366751236842,0.0,0.0,0.8556288707523761
0.57,0.0024002999999999997,1.0,3.5416790589307396,-62.96989155057502,-65.3091284476568,-0.6127614552345757,-0.7987846071786797,-0.01920494298573172,7.500000000000001e-5,0.0024752999999999997,0.2880094377950526,0.5664798665293584,0.0,0.0,0.8556288707523761
0.57,0.0024002999999999997,1.0,2.201962039442705,-62.510778037351045,-64.63926993791279,-0.6431748939296267,-0.4223381494316126,-0.004977846477662029,7.500000000000001e-5,0.0024752999999999997,0.3046691932104928,0.5847230579350325,0.0,0.0,0.8556288707523761
0.57,0.0024002999999999997,1.0,1.4134903272759374,-62.1844492520442,-64.2450340818294,-0.6723480098914055,-0.064633340379939,0.009342130404222604,7.500000000000001e-5,0.0024752999999999997,0.3215889551134549,0.6029662493407066,0.0,0.0,0.8556288707523761
0.57,0.0024002999999999997,1.0,1.1225513918974315,-61.98541822319952,-64.09956461414015,-0.6999579621481617,0.2709451764285124,0.023504673035377954,7.500000000000001e-5,0.0024752999999999997,0.33874620146589296,0.6212094407463808,0.0,0.0,0.8556288707523761
0.57,0.0024002999999999997,1.0,1.2569946678406296,-61.902164604934,-64.16678625211175,-0.7256730566279385,0.5811209553638246,0.037233129036463586,7.500000000000001e-5,0.0024752999999999997,0.35611809411220313,0.6394526321520551,0.0,0.0,0.8556288707523761
0.57,0.0024002999999999997,1.0,1.7289258918925583,-61.91741706876905,-64.40275186413771,-0.7491884016501428,0.8628128331761493,0.05024779582603589,7.500000000000001e-5,0.0024752999999999997,0.3736815091792861,0.6576958235577292,0.0,0.0,0.8556288707523761
0.57,0.0024002999999999997,1.0,2.4387727442061333,-62.009023455666885,-64.7576752902945,-0.770210988040858,1.1131659169591794,0.062259004761988423,7.500000000000001e-5,0.0024752999999999997,0.39141306785693,0.6759390149634033,0.0,0.0,0.8556288707523761
0.57,0.0024002999999999997,1.0,3.2805894784428205,-62.15134743982492,-65.17858365741284,-0.7884689238779509,1.3296047708916416,0.07298822498045232,7.500000000000001e-5,0.0024752999999999997,0.409289167517542,0.6941822063690775,0.0,0.0,0.8556288707523761
0.57,0.0024002999999999997,1.0,4.148315766805993,-62.317113389224254,-65.61244680159443,-0.8037617093534734,1.5098654227581865,0.08217391052288525,7.500000000000001e-5,0.0024752999999999997,0.42728601313380554,0.7124253977747517,0.0,0.0,0.8556288707523761
0.57,0.0024002999999999997,1.0,4.9425587327958596,-62.47959727455859,-66.00956828458936,-0.8158653811592917,1.6520791008334201,0.08958222638155666,7.500000000000001e-5,0.0024752999999999997,0.44537964895244175,0.7306685891804259,0.0,0.0,0.8556288707523761
0.57,0.0024002999999999997,1.0,5.577351154913529,-62.61492697036178,-66.3269644956482,-0.824617160568594,1.7547481997687955,0.09502042098294905,7.500000000000001e-5,0.0024752999999999997,0.4635459903819158,0.7489117805861,0.0,0.0,0.8556288707523761
0.57,0.0024002999999999997,1.0,5.986277449191121,-62.704223094021735,-66.531427642787,-0.8299127770606531,1.8167865960330112,0.09834340811394704,7.500000000000001e-5,0.0024752999999999997,0.4817608560516398,0.7671549719917741,0.0,0.0,0.8556288707523761
0.57,0.0024002999999999997,1.0,6.127370787556302,-62.73537789044325,-66.60197431196958,-0.8316867179923282,1.837539034059148,0.09946126236568986,7.500000000000001e-5,0.0024752999999999997,0.4999999999999999,0.7853981633974483,0.0,0.0,0.8556288707523761
0.57,0.00239905,1.0,38.644316258089034,-76.51888426354431,-82.86044704723595,-0.1348546465408749,-2.999999907868802,-0.27282720772703184,7.625e-5,0.0024752999999999997,0.16666666666666666,0.4205343352839651,0.0,0.0,0.8556288707523761
0.57,0.00239905,1.0,30.195032454385753,-72.29186605919689,-78.63580514538431,-0.1515069906651275,-2.9999972432783406,-0.2033904749712957,7.625e-5,0.0024752999999999997,0.18048317331502944,0.43877752668963926,0.0,0.0,0.8556288707523761
0.57,0.00239905,1.0,23.493462937161482,-68.93851683950439,-75.28502038677217,-0.1675338492879897,-2.999999859900254,-0.13384606452353953,7.625e-5,0.0024752999999999997,0.19472499151140646,0.4570207180953134,0.0,0.0,0.8556288707523761
0.57,0.00239905,1.0,18.47962944040829,-66.89178370155392,-72.77810363839558,-0.1830524053834721,-2.8415121583568563,-0.08678287269029228,7.625e-5,0.0024752999999999997,0.20937316385124888,0.47526390950098757,0.0,0.0,0.8556288707523761
0.57,0.00239905,1.0,14.210136967492943,-65.8578245755563,-70.6433574019379,-0.20016527829882508,-2.421994873993333,-0.07610657720285802,7.625e-5,0.0024752999999999997,0.2244081920285736,0.4935071009066617,0.0,0.0,0.8556288707523761
0.57,0.00239905,1.0,10.4760452952397,-64.91129227295063,-68.77631156581128,-0.21776336963548312,-2.004414467142342,-0.0645421921273216,7.625e-5,0.0024752999999999997,0.23981006279032324,0.5117502923123359,0.0,0.0,0.8556288707523761
0.57,0.00239905,1.0,7.314335787568851,-64.06806647513324,-67.19545681197586,-0.2357226196541179,-1.591940694809907,-0.052175680062351903,7.625e-5,0.0024752999999999997,0.2555582745761764,0.52999348371801,0.0,0.0,0.8556288707523761
0.57,0.00239905,1.0,4.747279838650243,-63.34171841416025,-65.91192883751656,-0.25385966315580577,-1.1878702680251978,-0.03913621613418922,7.625e-5,0.0024752999999999997,0.2716318648083478,0.5482366751236842,0.0,0.0,0.8556288707523761
0.57,0.00239905,1.0,2.780089125914756,-62.742384167324694,-64.92833348114881,-0.2719683907781916,-0.795607615341235,-0.025582281591362943,7.625e-5,0.0024752999999999997,0.2880094377950526,0.5664798665293584,0.0,0.0,0.8556288707523761
0.57,0.00239905,1.0,1.3991250048746764,-62.275766016995256,-64.23785142062877,-0.28982179455231355,-0.41860935272962835,-0.0117061946534468,7.625e-5,0.0024752999999999997,0.3046691932104928,0.5847230579350325,0.0,0.0,0.8556288707523761
0.57,0.00239905,1.0,0.5709187038462886,-61.94227728390248,-63.82374827011458,-0.3071824508099301,-0.060337135015047186,0.002271054605422207,7.625e-5,0.0024752999999999997,0.3215889551134549,0.6029662493407066,0.0,0.0,0.8556288707523761
0.57,0.00239905,1.0,0.2422416119281081,-61.73647898944527,-63.65940972415549,-0.3238054702645747,0.2758099751103895,0.01610190944985246,7.625e-5,0.0024752999999999997,0.33874620146589296,0.6212094407463808,0.0,0.0,0.8556288707523761
0.57,0.00239905,1.0,0.34142188709475363,-61.6469032169016,-63.70899986173881,-0.3394500505550214,0.586537814958111,0.02952217483017816,7.625e-5,0.0024752999999999997,0.35611809411220313,0.6394526321520551,0.0,0.0,0.8556288707523761
0.57,0.00239905,1.0,0.7810260404000076,-61.65631577414668,-63.92880193839144,-0.35385642586750216,0.8688024020944054,0.042238710395286705,7.625e-5,0.0024752999999999997,0.3736815091792861,0.6576958235577292,0.0,0.0,0.8556288707523761
0.57,0.00239905,1.0,1.461912677586966,-61.74267098777721,-64.26924525698492,-0.3668809330319318,1.1196457363453192,0.053999929918906786,7.625e-5,0.0024752999999999997,0.39141306785693,0.6759390149634033,0.0,0.0,0.8556288707523761
0.57,0.00239905,1.0,2.2785266989995563,-61.880408447085536,-64.67755226769121,-0.3781860498844997,1.3365338036904737,0.06448919599423919,7.625e-5,0.0024752999999999997,0.409289167517542,0.6941822063690775,0.0,0.0,0.8556288707523761
0.57,0.00239905,1.0,3.1251496435178723,-62.042291680719664,-65.10086373995037,-0.3877196827723438,1.517193864203102,0.07347849013359675,7.625e-5,0.0024752999999999997,0.42728601313380554,0.7124253977747517,0.0,0.0,0.8556288707523761
0.57,0.00239905,1.0,3.902675171914936,-62.20168111679693,-65.4896265041489,-0.39529063753070776,1.6597276108168304,0.08073019501973588,7.625e-5,0.0024752999999999997,0.44537964895244175,0.7306685891804259,0.0,0.0,0.8556288707523761
0.57,0.00239905,1.0,4.525362657721885,-62.334755309266015,-65.80097024705238,-0.400779330152227,1.762630267418176,0.08605439638977186,7.625e-5,0.0024752999999999997,0.4635459903819158,0.7489117805861,0.0,0.0,0.8556288707523761
0.57,0.00239905,1.0,4.926960117181167,-62.42267803790254,-66.00176897678202,-0.40410672775990253,1.8248121234421228,0.08930806096195776,7.625e-5,0.0024752999999999997,0.4817608560516398,0.7671549719917741,0.0,0.0,0.8556288707523761
0.57,0.00239905,1.0,5.065599503184771,-62.4533718816701,-66.07108866978382,-0.4052221095150414,1.8456132513912118,0.09040261005867356,7.625e-5,0.0024752999999999997,0.4999999999999999,0.7853981633974483,0.0,0.0,0.8556288707523761
0.57,0.0023978,1.0,38.594748552819524,-76.50031711510591,-82.8356631946012,0.07584207543594672,-2.999999965684557,-0.27461570306166916,7.75e-5,0.0024752999999999997,0.16666666666666666,0.4205343352839651,0.0,0.0,0.8556288707523761
0.57,0.0023978,1.0,30.13040250418733,-72.26821999952584,-78.6034901702851,0.07483539689805958,-2.9999999434021403,-0.20573527231415967,7.75e-5,0.0024752999999999997,0.18048317331502944,0.43877752668963926,0.0,0.0,0.8556288707523761
0.57,0.0023978,1.0,23.415271106594943,-68.91066852439172,-75.2459244714889,0.07464633308604271,-2.9999999124457264,-0.13665668213419657,7.75e-5,0.0024752999999999997,0.19472499151140646,0.4570207180953134,0.0,0.0,0.8556288707523761
0.57,0.0023978,1.0,18.388032812022416,-66.86419754818414,-72.73230532420264,0.07455957693171311,-2.8400204360264723,-0.09025825298675194,7.75e-5,0.0024752999999999997,0.20937316385124888,0.47526390950098757,0.0,0.0,0.8556288707523761
0.57,0.0023978,1.0,14.101896893062516,-65.82564117293822,-70.58923736472269,0.07216068257526374,-2.420133234965054,-0.07989968085502919,7.75e-5,0.0024752999999999997,0.2244081920285736,0.4935071009066617,0.0,0.0,0.8556288707523761
0.57,0.0023978,1.0,10.350045155534374,-64.87418217219833,-68.71331149595862,0.06891906827700138,-2.002140970329419,-0.06866533009807096,7.75e-5,0.0024752999999999997,0.23981006279032324,0.5117502923123359,0.0,0.0,0.8556288707523761
0.57,0.0023978,1.0,7.169656760491321,-64.0257372151371,-67.1231172984371,0.06495540433204325,-1.589213836326397,-0.05663923979944213,7.75e-5,0.0024752999999999997,0.2555582745761764,0.52999348371801,0.0,0.0,0.8556288707523761
0.57,0.0023978,1.0,4.583244214970577,-63.293918593050655,-65.82991102567672,0.060371263483021645,-1.1846517763970996,-0.0439475388112498,7.75e-5,0.0024752999999999997,0.2716318648083478,0.5482366751236842,0.0,0.0,0.8556288707523761
0.57,0.0023978,1.0,2.5962986673876998,-62.688915092201086,-64.83643825188528,0.05528676540384458,-0.791864476070739,-0.030745372500711965,7.75e-5,0.0024752999999999997,0.2880094377950526,0.5664798665293584,0.0,0.0,0.8556288707523761
0.57,0.0023978,1.0,1.195491974011773,-62.216492113096386,-64.13603490519732,0.04983882311424469,-0.4143203246712248,-0.017220526336782893,7.75e-5,0.0024752999999999997,0.3046691932104928,0.5847230579350325,0.0,0.0,0.8556288707523761
0.57,0.0023978,1.0,0.34768756361772546,-61.87714710790085,-63.712132700000296,0.04417127012299986,-0.05549539276206841,-0.0035828470719643235,7.75e-5,0.0024752999999999997,0.3215889551134549,0.6029662493407066,0.0,0.0,0.8556288707523761
0.57,0.0023978,1.0,0.0,-61.66553508759575,-63.538288918191434,0.03846358083839561,0.2812256561263023,0.009905760696935495,7.75e-5,0.0024752999999999997,0.33874620146589296,0.6212094407463808,0.0,0.0,0.8556288707523761
0.57,0.0023978,1.0,0.08110027276016751,-61.570282162051875,-63.57883905457152,0.0328796773798566,0.5925304780160274,0.023003663872596003,7.75e-5,0.0024752999999999997,0.35611809411220313,0.6394526321520551,0.0,0.0,0.8556288707523761
0.57,0.0023978,1.0,0.5038862945643388,-61.57429723823899,-63.7902320654736,0.027555403505535824,0.8753113787276414,0.035428873450286336,7.75e-5,0.0024752999999999997,0.3736815091792861,0.6576958235577292,0.0,0.0,0.8556288707523761
0.57,0.0023978,1.0,1.1695265731245144,-61.655672233837315,-64.12305220475369,0.022562456693397237,1.1266368238717932,0.04690365443078681,7.75e-5,0.0024752999999999997,0.39141306785693,0.6759390149634033,0.0,0.0,0.8556288707523761
0.57,0.0023978,1.0,1.9727460510062969,-61.788893116779896,-64.52466194369458,0.01816560923368092,1.3439744491595693,0.05716484397843524,7.75e-5,0.0024752999999999997,0.409289167517542,0.6941822063690775,0.0,0.0,0.8556288707523761
0.57,0.0023978,1.0,2.808069901836447,-61.94690546952041,-64.94232386910966,0.014396229173737049,1.5250210501128412,0.0659498128699918,7.75e-5,0.0024752999999999997,0.42728601313380554,0.7124253977747517,0.0,0.0,0.8556288707523761
0.57,0.0023978,1.0,3.5765945859164248,-62.103159914126095,-65.32658621114965,0.011360391820452726,1.6678678577956934,0.0730373525824568,7.75e-5,0.0024752999999999997,0.44537964895244175,0.7306685891804259,0.0,0.0,0.8556288707523761
0.57,0.0023978,1.0,4.192738674318306,-62.23392430613673,-65.63465825535059,0.00914236390722091,1.7710008388290235,0.07824167252339753,7.75e-5,0.0024752999999999997,0.4635459903819158,0.7489117805861,0.0,0.0,0.8556288707523761
0.57,0.0023978,1.0,4.5903643631777555,-62.32043318831129,-65.83347109978031,0.00779248854614843,1.833323418162631,0.08142257667749497,7.75e-5,0.0024752999999999997,0.4817608560516398,0.7671549719917741,0.0,0.0,0.8556288707523761
0.57,0.0023978,1.0,4.727672202270455,-62.35065137550395,-65.90212501932666,0.007339198259810312,1.8541718041588082,0.08249273326707929,7.75e-5,0.0024752999999999997,0.4999999999999999,0.7853981633974483,0.0,0.0,0.8556288707523761
0.57,0.00239655,1.0,38.89462545752967,-76.61433846813873,-82.98560164695627,0.2785430915730861,-2.999999959882534,-0.2752480147417654,7.875e-5,0.0024752999999999997,0.16666666666666666,0.4205343352839651,0.0,0.0,0.8556288707523761
0.57,0.00239655,1.0,30.44179973250111,-72.3838299218732,-78.75918878444199,0.29287822017387,-2.9999999548014284,-0.20680749127735487,7.875e-5,0.0024752999999999997,0.18048317331502944,0.43877752668963926,0.0,0.0,0.8556288707523761
0.57,0.00239655,1.0,23.739615975009244,-69.02815564950076,-75.40809690569606,0.30812816061149445,-2.999999867425329,-0.13821460218267306,7.875e-5,0.0024752999999999997,0.19472499151140646,0.4570207180953134,0.0,0.0,0.8556288707523761
0.57,0.00239655,1.0,18.724747900758345,-66.98867359417673,-72.9006628685706,0.3228394999390815,-2.838100220497866,-0.09250900872070589,7.875e-5,0.0024752999999999997,0.20937316385124888,0.47526390950098757,0.0,0.0,0.8556288707523761
0.57,0.00239655,1.0,14.446616789972708,-65.95011292043229,-70.76159731317779,0.33468989873030414,-2.417852582913629,-0.08244000413247599,7.875e-5,0.0024752999999999997,0.2244081920285736,0.4935071009066617,0.0,0.0,0.8556288707523761
0.57,0.00239655,1.0,10.701227882694909,-64.99787763830336,-68.88890285953889,0.3455384667844396,-1.9994282347627592,-0.07151107027934556,7.875e-5,0.0024752999999999997,0.23981006279032324,0.5117502923123359,0.0,0.0,0.8556288707523761
0.57,0.00239655,1.0,7.525810926378412,-64.14781713943609,-67.30119438138064,0.3553364426294442,-1.5860485969704037,-0.05980849310373154,7.875e-5,0.0024752999999999997,0.2555582745761764,0.52999348371801,0.0,0.0,0.8556288707523761
0.57,0.00239655,1.0,4.942968988017682,-63.41363634772025,-66.00977341220027,0.36410933121514005,-1.180998805844163,-0.04744833737798826,7.875e-5,0.0024752999999999997,0.2716318648083478,0.5482366751236842,0.0,0.0,0.8556288707523761
0.57,0.00239655,1.0,2.9583198001268585,-62.80560835807662,-65.01744881825486,0.3718763821748462,-0.7876855541777036,-0.03459427389107739,7.875e-5,0.0024752999999999997,0.2880094377950526,0.5664798665293584,0.0,0.0,0.8556288707523761
0.57,0.00239655,1.0,1.5586917399090652,-62.32956801439115,-64.31763478814597,0.37869614661680606,-0.4096125383462128,-0.021413593204341663,7.875e-5,0.0024752999999999997,0.3046691932104928,0.5847230579350325,0.0,0.0,0.8556288707523761
0.57,0.00239655,1.0,0.7111268708578962,-61.9861531913892,-63.89385235362038,0.3846233202768578,-0.050228293667862293,-0.00812650871690207,7.875e-5,0.0024752999999999997,0.3215889551134549,0.6029662493407066,0.0,0.0,0.8556288707523761
0.57,0.00239655,1.0,0.3629315543030742,-61.77014637676045,-63.71975469534297,0.389726358114457,0.28703598812534004,0.005032059741842065,7.875e-5,0.0024752999999999997,0.33874620146589296,0.6212094407463808,0.0,0.0,0.8556288707523761
0.57,0.00239655,1.0,0.4429724119352443,-61.67033132921219,-63.759775124159056,0.39407561345584763,0.5988753261709372,0.017806551937659343,7.875e-5,0.0024752999999999997,0.35611809411220313,0.6394526321520551,0.0,0.0,0.8556288707523761
0.57,0.00239655,1.0,0.8643379554774526,-61.66977735118501,-63.97045789593016,0.3977427935683931,0.8821685865966444,0.02992799803218693,7.875e-5,0.0024752999999999997,0.3736815091792861,0.6576958235577292,0.0,0.0,0.8556288707523761
0.57,0.00239655,1.0,1.5283745676710936,-61.74671782652522,-64.30247620202698,0.4007907270878629,1.1339943560737433,0.04112767761266878,7.875e-5,0.0024752999999999997,0.39141306785693,0.6759390149634033,0.0,0.0,0.8556288707523761
0.57,0.00239655,1.0,2.3299662905624103,-61.87585278447698,-64.70327206347264,0.4032594026395171,1.3517692361114584,0.051141081995753734,7.875e-5,0.0024752999999999997,0.409289167517542,0.6941822063690775,0.0,0.0,0.8556288707523761
0.57,0.00239655,1.0,3.163774609226536,-62.03026569846404,-65.1201762228047,0.4052206220337841,1.5331917530704038,0.0597158497978274,7.875e-5,0.0024752999999999997,0.42728601313380554,0.7124253977747517,0.0,0.0,0.8556288707523761
0.57,0.00239655,1.0,3.9310072723766183,-62.183553408251385,-65.50379255437974,0.40673824577290496,1.676335869450248,0.06663719317900063,7.875e-5,0.0024752999999999997,0.44537964895244175,0.7306685891804259,0.0,0.0,0.8556288707523761
0.57,0.00239655,1.0,4.54616846431874,-62.31210519503781,-65.8113731503508,0.4078044172890857,1.779688490547915,0.07172131150959271,7.875e-5,0.0024752999999999997,0.4635459903819158,0.7489117805861,0.0,0.0,0.8556288707523761
0.57,0.00239655,1.0,4.943180643056635,-62.39724895294639,-66.00987923971975,0.40843242101165983,1.8421463531805735,0.07482888330487669,7.875e-5,0.0024752999999999997,0.4817608560516398,0.7671549719917741,0.0,0.0,0.8556288707523761
0.57,0.00239655,1.0,5.080280043937975,-62.427005934617256,-66.07842894016042,0.40863957215467733,1.8630403556227086,0.07587430585041477,7.875e-5,0.0024752999999999997,0.4999999999999999,0.7853981633974483,0.0,0.0,0.8556288707523761
0.57,0.0023952999999999995,1.0,39.52477863161285,-76.85486778289227,-83.30067823399786,0.476110122836712,-2.9999999514444653,-0.2746575387221282,7.999999999999999e-5,0.0024752999999999997,0.16666666666666666,0.4205343352839651,0.0,0.0,0.8556288707523761
0.57,0.0023952999999999995,1.0,31.108694607307243,-72.63246851226616,-79.09263622184505,0.505366563123881,-2.999999951926227,-0.20664062693761626,7.999999999999999e-5,0.0024752999999999997,0.18048317331502944,0.43877752668963926,0.0,0.0,0.8556288707523761
0.57,0.0023952999999999995,1.0,24.444657394879798,-69.28480366223404,-75.76061761563133,0.5354427588668854,-2.9999981023818667,-0.13865075291082202,7.999999999999999e-5,0.0024752999999999997,0.19472499151140646,0.4570207180953134,0.0,0.0,0.8556288707523761
0.57,0.0023952999999999995,1.0,19.466801899183437,-67.25868272694262,-73.27168986778315,0.5645638358282976,-2.8359022572153485,-0.09351834885518961,7.999999999999999e-5,0.0024752999999999997,0.20937316385124888,0.47526390950098757,0.0,0.0,0.8556288707523761
0.57,0.0023952999999999995,1.0,15.2205650251109,-66.22498866338177,-71.14857143074688,0.5905153273910168,-2.4152674465511534,-0.08370591935418181,7.999999999999999e-5,0.0024752999999999997,0.2244081920285736,0.4935071009066617,0.0,0.0,0.8556288707523761
0.57,0.0023952999999999995,1.0,11.505174403467706,-65.2762573606412,-69.29087611992529,0.6152054151004779,-1.996451720258326,-0.07305394567651557,7.999999999999999e-5,0.0024752999999999997,0.23981006279032324,0.5117502923123359,0.0,0.0,0.8556288707523761
0.57,0.0023952999999999995,1.0,8.357763071001315,-64.42848003460878,-67.71717045369209,0.6385563157421986,-1.5826200824315322,-0.06164883788644876,7.999999999999999e-5,0.0024752999999999997,0.2555582745761764,0.52999348371801,0.0,0.0,0.8556288707523761
0.57,0.0023952999999999995,1.0,5.800872734860846,-63.69536950930093,-66.43872528562186,0.6604839394664168,-1.1770863068917221,-0.049608823579791406,7.999999999999999e-5,0.0024752999999999997,0.2716318648083478,0.5482366751236842,0.0,0.0,0.8556288707523761
0.57,0.0023952999999999995,1.0,3.840092256717,-63.087264798792205,-65.45833504654993,0.6809293383983763,-0.7832849973968645,-0.037072652617313684,7.999999999999999e-5,0.0024752999999999997,0.2880094377950526,0.5664798665293584,0.0,0.0,0.8556288707523761
0.57,0.0023952999999999995,1.0,2.462248978416355,-62.61017400478309,-64.76941340739961,0.6998426536620552,-0.4046711268073205,-0.024228778765950143,7.999999999999999e-5,0.0024752999999999997,0.3046691932104928,0.5847230579350325,0.0,0.0,0.8556288707523761
0.57,0.0023952999999999995,1.0,1.6344056726934895,-62.26482584138621,-64.35549175453818,0.7172084938771809,-0.044760006004943884,-0.011275070856320069,7.999999999999999e-5,0.0024752999999999997,0.3215889551134549,0.6029662493407066,0.0,0.0,0.8556288707523761
0.57,0.0023952999999999995,1.0,1.3039042271171155,-62.04619777045897,-64.19024103174999,0.7329890664140636,0.2930413053183752,0.0015534353335490136,7.999999999999999e-5,0.0024752999999999997,0.33874620146589296,0.6212094407463808,0.0,0.0,0.8556288707523761
0.57,0.0023952999999999995,1.0,1.3996545454689766,-61.943258409285306,-64.23811619092592,0.7471689342490837,0.6054038342276333,0.014008843335904908,7.999999999999999e-5,0.0024752999999999997,0.35611809411220313,0.6394526321520551,0.0,0.0,0.8556288707523761
0.57,0.0023952999999999995,1.0,1.8347897482401692,-61.93927896142023,-64.45568379231152,0.7597362734351867,0.8891963293517386,0.025829759128370378,7.999999999999999e-5,0.0024752999999999997,0.3736815091792861,0.6576958235577292,0.0,0.0,0.8556288707523761
0.57,0.0023952999999999995,1.0,2.5106970084726896,-62.01268903558991,-64.79363742242778,0.7706842685529707,1.1414912121448562,0.03675152667454762,7.999999999999999e-5,0.0024752999999999997,0.39141306785693,0.6759390149634033,0.0,0.0,0.8556288707523761
0.57,0.0023952999999999995,1.0,3.322293926928566,-62.13841035586805,-65.19943588165572,0.779986826827417,1.3596805717058111,0.04651692099328264,7.999999999999999e-5,0.0024752999999999997,0.409289167517542,0.6941822063690775,0.0,0.0,0.8556288707523761
0.57,0.0023952999999999995,1.0,4.164266793462488,-62.28972057846655,-65.62042231492268,0.7876311952800054,1.541460420723558,0.05488330768083094,7.999999999999999e-5,0.0024752999999999997,0.42728601313380554,0.7124253977747517,0.0,0.0,0.8556288707523761
0.57,0.0023952999999999995,1.0,4.937839610246115,-62.44039115160151,-66.00720872331449,0.7936000750848541,1.6849016943948032,0.061635570646243365,7.999999999999999e-5,0.0024752999999999997,0.44537964895244175,0.7306685891804259,0.0,0.0,0.8556288707523761
0.57,0.0023952999999999995,1.0,5.557525739856928,-62.56695823002595,-66.3170517881199,0.7978671813079162,1.7884783288323274,0.06659550811669535,7.999999999999999e-5,0.0024752999999999997,0.4635459903819158,0.7489117805861,0.0,0.0,0.8556288707523761
0.57,0.0023952999999999995,1.0,5.957251910834302,-62.65086556991584,-66.51691487360858,0.8004378897992469,1.851069271389497,0.069626661951674,7.999999999999999e-5,0.0024752999999999997,0.4817608560516398,0.7671549719917741,0.0,0.0,0.8556288707523761
0.57,0.0023952999999999995,1.0,6.095255870912254,-62.680202257039845,-66.58591685364756,0.8012960524860645,1.8720078752529026,0.07064645462191155,7.999999999999999e-5,0.0024752999999999997,0.4999999999999999,0.7853981633974483,0.0,0.0,0.8556288707523761
0.57,0.0023940499999999996,1.0,40.47161778195537,-77.21593066272806,-83.77409780916912,0.6718586797984091,-2.999999977130811,-0.27299471480823156,8.125e-5,0.0024752999999999997,0.16666666666666666,0.4205343352839651,0.0,0.0,0.8556288707523761
0.57,0.0023940499999999996,1.0,32.116196194472835,-73.00810970638668,-79.59638701542785,0.7152724111386844,-2.999999941911567,-0.20537381465723226,8.125e-5,0.0024752999999999997,0.18048317331502944,0.43877752668963926,0.0,0.0,0.8556288707523761
0.57,0.0023940499999999996,1.0,25.514175588090993,-69.67453787084513,-76.29537671223693,0.7594327305451121,-2.999999877680601,-0.13767797762029005,8.125e-5,0.0024752999999999997,0.19472499151140646,0.4570207180953134,0.0,0.0,0.8556288707523761
0.57,0.0023940499999999996,1.0,20.596894801110395,-67.66746124456387,-73.83673631874663,0.8026055150046951,-2.8336256265026964,-0.0933244513001395,8.125e-5,0.0024752999999999997,0.20937316385124888,0.47526390950098757,0.0,0.0,0.8556288707523761
0.57,0.0023940499999999996,1.0,16.405762245274857,-66.64350681137805,-71.74117004082886,0.8424210327048335,-2.4126153688645355,-0.08372503672069942,8.125e-5,0.0024752999999999997,0.2244081920285736,0.4935071009066617,0.0,0.0,0.8556288707523761
0.57,0.0023940499999999996,1.0,12.743261890783359,-65.70273490007037,-69.90991986358311,0.8807667885869771,-1.99340900135193,-0.0733149347815426,8.125e-5,0.0024752999999999997,0.23981006279032324,0.5117502923123359,0.0,0.0,0.8556288707523761
0.57,0.0023940499999999996,1.0,9.646284291050407,-64.86124118744526,-68.36143106371664,0.9174432654942827,-1.5791571367869501,-0.06216690772235306,8.125e-5,0.0024752999999999997,0.2555582745761764,0.52999348371801,0.0,0.0,0.8556288707523761
0.57,0.0023940499999999996,1.0,7.137159120551885,-64.13279998097357,-67.10686847846738,0.9523165319597359,-1.1731538149224126,-0.050416417187874873,8.125e-5,0.0024752999999999997,0.2716318648083478,0.5482366751236842,0.0,0.0,0.8556288707523761
0.57,0.0023940499999999996,1.0,5.221291961401462,-63.52780905785048,-66.14893489889216,0.9852291753481865,-0.7788676457841338,-0.03818037641355987,8.125e-5,0.0024752999999999997,0.2880094377950526,0.5664798665293584,0.0,0.0,0.8556288707523761
0.57,0.0023940499999999996,1.0,3.88535241512146,-63.052438538667545,-65.48096512575216,1.016027787049669,-0.3997503791560317,-0.02565068350967792,8.125e-5,0.0024752999999999997,0.3046691932104928,0.5847230579350325,0.0,0.0,0.8556288707523761
0.57,0.0023940499999999996,1.0,3.0962667383764,-62.70757006396275,-65.08642228737963,1.0446139226772662,-0.039317361378753676,-0.013016173354739646,8.125e-5,0.0024752999999999997,0.3215889551134549,0.6029662493407066,0.0,0.0,0.8556288707523761
0.57,0.0023940499999999996,1.0,2.8012566275216244,-62.48836453976365,-64.93891723195225,1.0708717015360767,0.2989963858470984,-0.0005045086730075532,8.125e-5,0.0024752999999999997,0.33874620146589296,0.6212094407463808,0.0,0.0,0.8556288707523761
0.57,0.0023940499999999996,1.0,2.9291233408819295,-62.38400798603054,-65.0028505886324,1.0946994356958546,0.6118643691326602,0.011641857428482782,8.125e-5,0.0024752999999999997,0.35611809411220313,0.6394526321520551,0.0,0.0,0.8556288707523761
0.57,0.0023940499999999996,1.0,3.3928989237946467,-62.377979051564104,-65.23473838008876,1.115999779075042,0.8961711921708788,0.023162488086139188,8.125e-5,0.0024752999999999997,0.3736815091792861,0.6576958235577292,0.0,0.0,0.8556288707523761
0.57,0.0023940499999999996,1.0,4.093874443155144,-62.44903372826858,-65.585226139769,1.1346851074063122,1.1488838868895324,0.033818989804521915,8.125e-5,0.0024752999999999997,0.39141306785693,0.6759390149634033,0.0,0.0,0.8556288707523761
0.57,0.0023940499999999996,1.0,4.926875591978316,-62.57224256367368,-66.00172671418059,1.1506665995396101,1.3674773611438578,0.043341174141975025,8.125e-5,0.0024752999999999997,0.409289167517542,0.6941822063690775,0.0,0.0,0.8556288707523761
0.57,0.0023940499999999996,1.0,5.78650194292014,-62.72114066997694,-66.4315398896515,1.1638659587434974,1.5496045059790031,0.05149900416662101,8.125e-5,0.0024752999999999997,0.42728601313380554,0.7124253977747517,0.0,0.0,0.8556288707523761
0.57,0.0023940499999999996,1.0,6.573898616283813,-62.86970184643353,-66.82523822633334,1.1742129494123679,1.6933270105786253,0.05808318832174553,8.125e-5,0.0024752999999999997,0.44537964895244175,0.7306685891804259,0.0,0.0,0.8556288707523761
0.57,0.0023940499999999996,1.0,7.203511603106207,-62.994633309750114,-67.14004471974454,1.1816490803886008,1.7971054299425062,0.06291877885227459,8.125e-5,0.0024752999999999997,0.4635459903819158,0.7489117805861,0.0,0.0,0.8556288707523761
0.57,0.0023940499999999996,1.0,7.609215783549942,-63.077503622739286,-67.3428968099664,1.1861294091014614,1.859823393454894,0.06587454384127911,8.125e-5,0.0024752999999999997,0.4817608560516398,0.7671549719917741,0.0,0.0,0.8556288707523761
0.57,0.0023940499999999996,1.0,7.749216149828257,-63.106485598144644,-67.41289699310556,1.1876260196887476,1.8808048497394159,0.066869006382268,8.125e-5,0.0024752999999999997,0.4999999999999999,0.7853981633974483,0.0,0.0,0.8556288707523761
0.57,0.0023927999999999996,1.0,41.726136556878444,-77.69273412727877,-84.40135719663066,0.8673557120773737,-2.9999999771589563,-0.27045162534804323,8.25e-5,0.0024752999999999997,0.16666666666666666,0.4205343352839651,0.0,0.0,0.8556288707523761
0.57,0.0023927999999999996,1.0,33.4540163510366,-73.50550190730927,-80.26529709370973,0.9244729409690193,-2.999999968290041,-0.2031087735960807,8.25e-5,0.0024752999999999997,0.18048317331502944,0.43877752668963926,0.0,0.0,0.8556288707523761
0.57,0.0023927999999999996,1.0,26.936584548595263,-70.1914046669545,-77.00658119248907,0.9825701719907323,-2.9999947606131645,-0.13564869046096073,8.25e-5,0.0024752999999999997,0.19472499151140646,0.4570207180953134,0.0,0.0,0.8556288707523761
0.57,0.0023927999999999996,1.0,22.102353636174755,-68.20863686989199,-74.58946573627881,1.0389472314489134,-2.831484776325222,-0.09199561197666406,8.25e-5,0.0024752999999999997,0.20937316385124888,0.47526390950098757,0.0,0.0,0.8556288707523761
0.57,0.0023927999999999996,1.0,17.988897844747996,-67.19918836079397,-72.53273784056543,1.092434880100937,-2.4101337406469763,-0.08256370707293942,8.25e-5,0.0024752999999999997,0.2244081920285736,0.4935071009066617,0.0,0.0,0.8556288707523761
0.57,0.0023927999999999996,1.0,14.401552449044729,-66.2708522795784,-70.7390651427138,1.144210077451953,-1.9905448200056663,-0.07235326608458659,8.25e-5,0.0024752999999999997,0.23981006279032324,0.5117502923123359,0.0,0.0,0.8556288707523761
0.57,0.0023927999999999996,1.0,11.376822763793442,-65.43973200944812,-69.22670030008815,1.19400433567328,-1.5758648048600732,-0.06143233281306265,8.25e-5,0.0024752999999999997,0.2555582745761764,0.52999348371801,0.0,0.0,0.8556288707523761
0.57,0.0023927999999999996,1.0,8.936679247106312,-64.7196137091241,-68.00662854174459,1.2415762463602862,-1.169434797343605,-0.049922527387912585,8.25e-5,0.0024752999999999997,0.2716318648083478,0.5482366751236842,0.0,0.0,0.8556288707523761
0.57,0.0023927999999999996,1.0,7.086193679074697,-64.12103478610639,-67.08138575772878,1.2867198462460285,-0.7746700175201042,-0.037984674638965044,8.25e-5,0.0024752999999999997,0.2880094377950526,0.5664798665293584,0.0,0.0,0.8556288707523761
0.57,0.0023927999999999996,1.0,5.811725407419672,-63.65032990413118,-66.44415162190127,1.329135472433919,-0.3950974398566048,-0.02570348915814835,8.25e-5,0.0024752999999999997,0.3046691932104928,0.5847230579350325,0.0,0.0,0.8556288707523761
0.57,0.0023927999999999996,1.0,5.079911396249216,-63.30849813691121,-66.07824461631604,1.368716905637122,-0.03415620816213544,-0.013369355282786044,8.25e-5,0.0024752999999999997,0.3215889551134549,0.6029662493407066,0.0,0.0,0.8556288707523761
0.57,0.0023927999999999996,1.0,4.837701931703052,-63.09094376096004,-65.95713988404296,1.4052193972657043,0.3046479069963821,-0.0011530147341975994,8.25e-5,0.0024752999999999997,0.33874620146589296,0.6212094407463808,0.0,0.0,0.8556288707523761
0.57,0.0023927999999999996,1.0,5.013642132680857,-62.9870927475575,-66.04510998453186,1.438465435799948,0.6179897405951097,0.0107214290239116,8.25e-5,0.0024752999999999997,0.35611809411220313,0.6394526321520551,0.0,0.0,0.8556288707523761
0.57,0.0023927999999999996,1.0,5.520521485507729,-62.98063096649301,-66.2985496609453,1.4682744610118013,0.9028106953112046,0.02192394957559618,8.25e-5,0.0024752999999999997,0.3736815091792861,0.6576958235577292,0.0,0.0,0.8556288707523761
0.57,0.0023927999999999996,1.0,6.259401915112576,-63.050661059421586,-66.66798987574772,1.4945154527406899,1.1559155893467257,0.03233608604118354,8.25e-5,0.0024752999999999997,0.39141306785693,0.6759390149634033,0.0,0.0,0.8556288707523761
0.57,0.0023927999999999996,1.0,7.124895176902996,-63.17244337710573,-67.10073650664293,1.5170053259104577,1.3748966345718252,0.04162331801898933,8.25e-5,0.0024752999999999997,0.409289167517542,0.6941822063690775,0.0,0.0,0.8556288707523761
0.57,0.0023927999999999996,1.0,8.011405499715138,-63.3197800268833,-67.543991668049,1.5356161268570916,1.5573586769883907,0.04957878602746146,8.25e-5,0.0024752999999999997,0.42728601313380554,0.7124253977747517,0.0,0.0,0.8556288707523761
0.57,0.0023927999999999996,1.0,8.819906344427537,-63.466868346972966,-67.9482420904052,1.550227353102991,1.7013530780173125,0.05599895818696765,8.25e-5,0.0024752999999999997,0.44537964895244175,0.7306685891804259,0.0,0.0,0.8556288707523761
0.57,0.0023927999999999996,1.0,9.46470157712072,-63.59060600105741,-68.2706397067518,1.5607386697306873,1.8053315129690939,0.06071396665708162,8.25e-5,0.0024752999999999997,0.4635459903819158,0.7489117805861,0.0,0.0,0.8556288707523761
0.57,0.0023927999999999996,1.0,9.879559370054906,-63.67270141175366,-68.47806860321889,1.5670761543478353,1.868171931308267,0.06359593949225162,8.25e-5,0.0024752999999999997,0.4817608560516398,0.7671549719917741,0.0,0.0,0.8556288707523761
0.57,0.0023927999999999996,1.0,10.022618436344302,-63.70141512326877,-68.54959813636358,1.5691938476076168,1.8891946300853277,0.06456556050573892,8.25e-5,0.0024752999999999997,0.4999999999999999,0.7853981633974483,0.0,0.0,0.8556288707523761
0.57,0.0023915499999999997,1.0,43.28197971281712,-78.28128478399795,-85.1792787746,1.0635073158510113,-2.9999999709764444,-0.2670969865595334,8.375e-5,0.0024752999999999997,0.16666666666666666,0.4205343352839651,0.0,0.0,0.8556288707523761
0.57,0.0023915499999999997,1.0,35.11456943647981,-74.12038104350768,-81.09557363643134,1.1337746919042446,-2.9999999648946596,-0.19996584906334702,8.375e-5,0.0024752999999999997,0.18048317331502944,0.43877752668963926,0.0,0.0,0.8556288707523761
0.57,0.0023915499999999997,1.0,28.702998952593347,-70.83158262446572,-77.88978839448811,1.2047842710763277,-2.9999943426171756,-0.13281666186038765,8.375e-5,0.0024752999999999997,0.19472499151140646,0.4570207180953134,0.0,0.0,0.8556288707523761
0.57,0.0023915499999999997,1.0,23.973306256510867,-68.87673464266781,-75.52494204644687,1.2743958100010768,-2.829733164546265,-0.08959413125410098,8.375e-5,0.0024752999999999997,0.20937316385124888,0.47526390950098757,0.0,0.0,0.8556288707523761
0.57,0.0023915499999999997,1.0,19.95949929347178,-67.8865710226744,-73.51803856492732,1.3413907735853599,-2.408041846100091,-0.0803020076853247,8.375e-5,0.0024752999999999997,0.2244081920285736,0.4935071009066617,0.0,0.0,0.8556288707523761
0.57,0.0023915499999999997,1.0,16.46897075304291,-66.97505697433277,-71.77277429471289,1.4063761765183567,-1.988114771939753,-0.07020251043433395,8.375e-5,0.0024752999999999997,0.23981006279032324,0.5117502923123359,0.0,0.0,0.8556288707523761
0.57,0.0023915499999999997,1.0,13.537701401815141,-66.15837782537898,-70.307139619099,1.4690761635201035,-1.5730220814535023,-0.05948909431251037,8.375e-5,0.0024752999999999997,0.2555582745761764,0.52999348371801,0.0,0.0,0.8556288707523761
0.57,0.0023915499999999997,1.0,11.18715956426557,-65.45030311451131,-69.13186870032422,1.5291256211996012,-1.1661756564685912,-0.04818613934850713,8.375e-5,0.0024752999999999997,0.2716318648083478,0.5482366751236842,0.0,0.0,0.8556288707523761
0.57,0.0023915499999999997,1.0,9.421937656966364,-64.8615265443555,-68.24925774667462,1.5862280620505091,-0.770975093842167,-0.03645356231868202,8.375e-5,0.0024752999999999997,0.2880094377950526,0.5664798665293584,0.0,0.0,0.8556288707523761
0.57,0.0023915499999999997,1.0,8.227937961745099,-64.39845518840659,-67.65225789906398,1.6400749709403837,-0.39092092107341947,-0.024454488767655602,8.375e-5,0.0024752999999999997,0.3046691932104928,0.5847230579350325,0.0,0.0,0.8556288707523761
0.57,0.0023915499999999997,1.0,7.571361371312761,-64.0623651996,-67.32396960384781,1.690383602202955,-0.029525267521321785,-0.012376817107525806,8.375e-5,0.0024752999999999997,0.3215889551134549,0.6029662493407066,0.0,0.0,0.8556288707523761
0.57,0.0023915499999999997,1.0,7.39874189887324,-63.848825417441965,-67.23765986762805,1.7368896439750114,0.3097465424306396,-0.00042651477050881237,8.375e-5,0.0024752999999999997,0.33874620146589296,0.6212094407463808,0.0,0.0,0.8556288707523761
0.57,0.0023915499999999997,1.0,7.6382273905697815,-63.74752284173923,-67.35740261347632,1.779320999571496,0.6235671411173752,0.011153780490763321,8.375e-5,0.0024752999999999997,0.35611809411220313,0.6394526321520551,0.0,0.0,0.8556288707523761
0.57,0.0023915499999999997,1.0,8.202229507368159,-63.74244179456936,-67.63940367187551,1.817438043458544,0.9087917078875135,0.022119116011876327,8.375e-5,0.0024752999999999997,0.3736815091792861,0.6576958235577292,0.0,0.0,0.8556288707523761
0.57,0.0023915499999999997,1.0,8.991453863339487,-63.8128851556218,-68.03401584986118,1.8510232250731131,1.162339909080775,0.03228209620816147,8.375e-5,0.0024752999999999997,0.39141306785693,0.6759390149634033,0.0,0.0,0.8556288707523761
0.57,0.0023915499999999997,1.0,9.90018140202396,-63.93446831649569,-68.48837961920341,1.8798432173091062,1.3816916223512468,0.04134733165122961,8.375e-5,0.0024752999999999997,0.409289167517542,0.6941822063690775,0.0,0.0,0.8556288707523761
0.57,0.0023915499999999997,1.0,10.822516987388937,-64.08122185193182,-68.9495474118859,1.9037142686444546,1.5644752343168902,0.04911010162450247,8.375e-5,0.0024752999999999997,0.42728601313380554,0.7124253977747517,0.0,0.0,0.8556288707523761
0.57,0.0023915499999999997,1.0,11.659173434084224,-64.22758772276708,-69.36787563523355,1.922466841924396,1.708729563786314,0.05537435028957627,8.375e-5,0.0024752999999999997,0.44537964895244175,0.7306685891804259,0.0,0.0,0.8556288707523761
0.57,0.0023915499999999997,1.0,12.324240694790277,-64.35065391224144,-69.70040926558657,1.9359652169666919,1.8129007256076077,0.059973407910514975,8.375e-5,0.0024752999999999997,0.4635459903819158,0.7489117805861,0.0,0.0,0.8556288707523761
0.57,0.0023915499999999997,1.0,12.751327493682354,-64.43228264231044,-69.91395266503261,1.944106633267552,1.8758595628278387,0.0627841909130804,8.375e-5,0.0024752999999999997,0.4817608560516398,0.7671549719917741,0.0,0.0,0.8556288707523761
0.57,0.0023915499999999997,1.0,12.898474009863534,-64.46083006429996,-69.9875259231232,1.9468275807127289,1.8969221766181992,0.06372982074668165,8.375e-5,0.0024752999999999997,0.4999999999999999,0.7853981633974483,0.0,0.0,0.8556288707523761
0.57,0.0023902999999999997,1.0,45.13327710189988,-78.97894088911697,-86.10492746914137,1.2597749653228794,-2.999999975386293,-0.2630227479932701,8.5e-5,0.0024752999999999997,0.16666666666666666,0.4205343352839651,0.0,0.0,0.8556288707523761
0.57,0.0023902999999999997,1.0,37.09084902315182,-74.8494347541678,-82.08371342976734,1.342988207803926,-2.9999999467369824,-0.19600565449151797,8.5e-5,0.0024752999999999997,0.18048317331502944,0.43877752668963926,0.0,0.0,0.8556288707523761
0.57,0.0023902999999999997,1.0,30.80523527601251,-71.59171319084636,-78.94090655619769,1.4259898126060806,-2.9999999067615875,-0.12922901666367526,8.5e-5,0.0024752999999999997,0.19472499151140646,0.4570207180953134,0.0,0.0,0.8556288707523761
0.57,0.0023902999999999997,1.0,26.200652571836017,-69.66778605512829,-76.63861520410944,1.5086602629955124,-2.8285441775485545,-0.08624743316919181,8.5e-5,0.0024752999999999997,0.20937316385124888,0.47526390950098757,0.0,0.0,0.8556288707523761
0.57,0.0023902999999999997,1.0,22.30791818836427,-68.70159672993847,-74.69224801237357,1.5889695949850453,-2.406561415506879,-0.07699137301032888,8.5e-5,0.0024752999999999997,0.2244081920285736,0.4935071009066617,0.0,0.0,0.8556288707523761
0.57,0.0023902999999999997,1.0,18.935316299562245,-67.81129249796632,-73.00594706797256,1.6669952703333863,-1.9863271543786079,-0.06698552836154237,8.5e-5,0.0024752999999999997,0.23981006279032324,0.5117502923123359,0.0,0.0,0.8556288707523761
0.57,0.0023902999999999997,1.0,16.118166449911897,-67.01311599294381,-71.59737214314738,1.7424227467685944,-1.5708389247385401,-0.05641236326872229,8.5e-5,0.0024752999999999997,0.2555582745761764,0.52999348371801,0.0,0.0,0.8556288707523761
0.57,0.0023902999999999997,1.0,13.877295370962187,-66.32079296797961,-70.47693660367253,1.814764010742049,-1.1636058233888613,-0.04526963573553133,8.5e-5,0.0024752999999999997,0.2716318648083478,0.5482366751236842,0.0,0.0,0.8556288707523761
0.57,0.0023902999999999997,1.0,12.216674882667931,-65.74521582366792,-69.6466263595254,1.8836352970150874,-0.7679835903696516,-0.03372673427398426,8.5e-5,0.0024752999999999997,0.2880094377950526,0.5664798665293584,0.0,0.0,0.8556288707523761
0.57,0.0023902999999999997,1.0,11.121608371099555,-65.29288303484493,-69.09909310374121,1.9486734620313704,-0.3874939118107874,-0.021939017972811226,8.5e-5,0.0024752999999999997,0.3046691932104928,0.5847230579350325,0.0,0.0,0.8556288707523761
0.57,0.0023902999999999997,1.0,10.557719678377808,-64.96529065298702,-68.81714875738034,2.0095068627410106,-0.02565215208551205,-0.010089448284521352,8.5e-5,0.0024752999999999997,0.3215889551134549,0.6029662493407066,0.0,0.0,0.8556288707523761
0.57,0.0023902999999999997,1.0,10.470987838912848,-64.75821471173869,-68.77378283764786,2.065805645144496,0.3140747424271354,0.0016166093277529825,8.5e-5,0.0024752999999999997,0.33874620146589296,0.6212094407463808,0.0,0.0,0.8556288707523761
0.57,0.0023902999999999997,1.0,10.789028728672363,-64.6616109816729,-68.93280328252762,2.1172253892284743,0.6283318457940857,0.012959480168763027,8.5e-5,0.0024752999999999997,0.35611809411220313,0.6394526321520551,0.0,0.0,0.8556288707523761
0.57,0.0023902999999999997,1.0,11.423747297684187,-64.6597937981222,-69.25016256703353,2.1634556233126934,0.9139239351841897,0.023710572872991276,8.5e-5,0.0024752999999999997,0.3736815091792861,0.6576958235577292,0.0,0.0,0.8556288707523761
0.57,0.0023902999999999997,1.0,12.275371847827884,-64.73221919489345,-69.67597484210538,2.2042049408889937,1.1679261656918334,0.03362407946612489,8.5e-5,0.0024752999999999997,0.39141306785693,0.6759390149634033,0.0,0.0,0.8556288707523761
0.57,0.0023902999999999997,1.0,13.237741436651774,-64.85491163022847,-70.15715963651732,2.2392064305847006,1.387627554255481,0.042488815956110426,8.5e-5,0.0024752999999999997,0.409289167517542,0.6941822063690775,0.0,0.0,0.8556288707523761
0.57,0.0023902999999999997,1.0,14.20456262540283,-65.00213822039434,-70.64057023089285,2.268205643512194,1.570721756155318,0.050074867185477046,8.5e-5,0.0024752999999999997,0.42728601313380554,0.7124253977747517,0.0,0.0,0.8556288707523761
0.57,0.0023902999999999997,1.0,15.076202932914484,-65.14859958716606,-71.07639038464868,2.2909866735137365,1.7152321453001318,0.056186455284395365,8.5e-5,0.0024752999999999997,0.44537964895244175,0.7306685891804259,0.0,0.0,0.8556288707523761
0.57,0.0023902999999999997,1.0,15.766470074812261,-65.27156830497562,-71.42152395559756,2.3073888015228046,1.8195955252127511,0.06066911910975026,8.5e-5,0.0024752999999999997,0.4635459903819158,0.7489117805861,0.0,0.0,0.8556288707523761
0.57,0.0023902999999999997,1.0,16.208763101045903,-65.35306619682298,-71.64267046871439,2.3172849949959353,1.8826732194602225,0.06340765432937623,8.5e-5,0.0024752999999999997,0.4817608560516398,0.7671549719917741,0.0,0.0,0.8556288707523761
0.57,0.0023902999999999997,1.0,16.360992923200868,-65.38155772722155,-71.71878537979187,2.3205930907716703,1.9037758974539634,0.06432890377408107,8.5e-5,0.0024752999999999997,0.4999999999999999,0.7853981633974483,0.0,0.0,0.8556288707523761
0.57,0.0023890499999999998,1.0,47.2727248797767,-79.78413352320663,-87.17465135807979,1.4546805409899124,-2.9999999748224657,-0.2583315675639004,8.625000000000001e-5,0.0024752999999999997,0.16666666666666666,0.4205343352839651,0.0,0.0,0.8556288707523761
0.57,0.0023890499999999998,1.0,39.37454991488575,-75.69207406208692,-83.22556387563431,1.5498514663803227,-2.999999952462793,-0.1914678807438538,8.625000000000001e-5,0.0024752999999999997,0.18048317331502944,0.43877752668963926,0.0,0.0,0.8556288707523761
0.57,0.0023890499999999998,1.0,33.23398340661045,-72.4694678332569,-80.15528062149666,1.6452008413432484,-2.9999999039410303,-0.12478231210754354,8.625000000000001e-5,0.0024752999999999997,0.19472499151140646,0.4570207180953134,0.0,0.0,0.8556288707523761
0.57,0.0023890499999999998,1.0,28.77426298035509,-70.57939097465578,-77.92542040836898,1.7403695203492051,-2.8281146468255316,-0.08195572855034289,8.625000000000001e-5,0.0024752999999999997,0.20937316385124888,0.47526390950098757,0.0,0.0,0.8556288707523761
0.57,0.0023890499999999998,1.0,25.023552449704752,-69.64192446031724,-76.05006514304381,1.833888224470296,-2.4058667879010964,-0.07270730770817246,8.625000000000001e-5,0.0024752999999999997,0.2244081920285736,0.4935071009066617,0.0,0.0,0.8556288707523761
0.57,0.0023890499999999998,1.0,21.789516171515046,-68.77728282497893,-74.43304700394896,1.9248986429096941,-1.9852841680695743,-0.06278027401293351,8.625000000000001e-5,0.0024752999999999997,0.23981006279032324,0.5117502923123359,0.0,0.0,0.8556288707523761
0.57,0.0023890499999999998,1.0,19.106676859104354,-68.00164593080706,-73.09162734774361,2.012877580155961,-1.5695051247771747,-0.0522542728275705,8.625000000000001e-5,0.0024752999999999997,0.2555582745761764,0.52999348371801,0.0,0.0,0.8556288707523761
0.57,0.0023890499999999998,1.0,16.995081735469384,-67.32885326285528,-72.03582978592613,2.0973747889849776,-1.1619086436528154,-0.041227795514247656,8.625000000000001e-5,0.0024752999999999997,0.2716318648083478,0.5482366751236842,0.0,0.0,0.8556288707523761
0.57,0.0023890499999999998,1.0,15.457943302750735,-66.76994375999057,-71.2672605695668,2.1778625812515715,-0.7659032914539046,-0.02982918380440064,8.625000000000001e-5,0.0024752999999999997,0.2880094377950526,0.5664798665293584,0.0,0.0,0.8556288707523761
0.57,0.0023890499999999998,1.0,14.479827542738676,-66.331440280501,-70.77820268956077,2.2539654902965975,-0.38499875609511247,-0.018212985344073784,8.625000000000001e-5,0.0024752999999999997,0.3046691932104928,0.5847230579350325,0.0,0.0,0.8556288707523761
0.57,0.0023890499999999998,1.0,14.025644295066044,-66.01506070175952,-70.55111106572446,2.3252190740996657,-0.022729735945980805,-0.006559236474459884,8.625000000000001e-5,0.0024752999999999997,0.3215889551134549,0.6029662493407066,0.0,0.0,0.8556288707523761
0.57,0.0023890499999999998,1.0,14.040683605056458,-65.81714226292773,-70.55863072071966,2.3910801494721845,0.31744651503388366,0.0049248895191021935,8.625000000000001e-5,0.0024752999999999997,0.33874620146589296,0.6212094407463808,0.0,0.0,0.8556288707523761
0.57,0.0023890499999999998,1.0,14.451899796965378,-65.72738189793938,-70.76423881667412,2.4513722047393234,0.6320979408479185,0.01607566784058545,8.625000000000001e-5,0.0024752999999999997,0.35611809411220313,0.6394526321520551,0.0,0.0,0.8556288707523761
0.57,0.0023890499999999998,1.0,15.17056768880893,-65.73068901757945,-71.1235727625959,2.5055676299270497,0.9181274407280615,0.02660400367327187,8.625000000000001e-5,0.0024752999999999997,0.3736815091792861,0.6576958235577292,0.0,0.0,0.8556288707523761
0.57,0.0023890499999999998,1.0,16.096322628317964,-65.80684087658399,-71.58645023235042,2.55335213364762,1.1724637515305953,0.03633379326166564,8.625000000000001e-5,0.0024752999999999997,0.39141306785693,0.6759390149634033,0.0,0.0,0.8556288707523761
0.57,0.0023890499999999998,1.0,17.122455966972254,-65.93199714608838,-72.09951690167756,2.594405278653452,1.3925374022972181,0.04499473079929528,8.625000000000001e-5,0.0024752999999999997,0.409289167517542,0.6941822063690775,0.0,0.0,0.8556288707523761
0.57,0.0023890499999999998,1.0,18.14218182023778,-66.08082562544006,-72.60937982831032,2.6284244031556807,1.575929318897095,0.052412646600744406,8.625000000000001e-5,0.0024752999999999997,0.42728601313380554,0.7124253977747517,0.0,0.0,0.8556288707523761
0.57,0.0023890499999999998,1.0,19.055441953007275,-66.22822914148418,-73.06600989469507,2.6551622489580753,1.7206785271086817,0.058393344916506496,8.625000000000001e-5,0.0024752999999999997,0.44537964895244175,0.7306685891804259,0.0,0.0,0.8556288707523761
0.57,0.0023890499999999998,1.0,19.7756969298038,-66.35171977222457,-73.42613738309333,2.67441388086463,1.825213760385157,0.06278242984822602,8.625000000000001e-5,0.0024752999999999997,0.4635459903819158,0.7489117805861,0.0,0.0,0.8556288707523761
0.57,0.0023890499999999998,1.0,20.236088427159544,-66.43347262163186,-73.6563331317712,2.686027530054229,1.8883952932563302,0.06546388894593502,8.625000000000001e-5,0.0024752999999999997,0.4817608560516398,0.7671549719917741,0.0,0.0,0.8556288707523761
0.57,0.0023890499999999998,1.0,20.394368910759184,-66.4620391848366,-73.73547337357103,2.689909366343892,1.9095328313091326,0.06636582385765999,8.625000000000001e-5,0.0024752999999999997,0.4999999999999999,0.7853981633974483,0.0,0.0,0.8556288707523761
0.57,0.0023878,1.0,49.69000111702893,-80.6971023291025,-88.3832894767059,1.6454282708239094,-2.999999959383904,-0.2530598730927559,8.750000000000001e-5,0.0024752999999999997,0.16666666666666666,0.4205343352839651,0.0,0.0,0.8556288707523761
0.57,0.0023878,1.0,41.95453916517927,-76.64705188881801,-84.51555850078107,1.7527330838354414,-2.999999936046337,-0.18619242424195587,8.750000000000001e-5,0.0024752999999999997,0.18048317331502944,0.43877752668963926,0.0,0.0,0.8556288707523761
0.57,0.0023878,1.0,35.977267452339575,-73.46484390602171,-81.52692264436122,1.8598973502595781,-2.9999998297832646,-0.11961314822068048,8.750000000000001e-5,0.0024752999999999997,0.19472499151140646,0.4570207180953134,0.0,0.0,0.8556288707523761
0.57,0.0023878,1.0,31.681527026459904,-71.61086680718797,-79.37905243142139,1.9673618014338912,-2.8285894799791707,-0.07675429115449084,8.750000000000001e-5,0.0024752999999999997,0.20937316385124888,0.47526390950098757,0.0,0.0,0.8556288707523761
0.57,0.0023878,1.0,28.09342753650104,-70.70691611603874,-77.58500268644195,2.074094087508248,-2.4061102452907224,-0.06746533614624606,8.750000000000001e-5,0.0024752999999999997,0.2244081920285736,0.4935071009066617,0.0,0.0,0.8556288707523761
0.57,0.0023878,1.0,25.01824089049184,-69.87243002039867,-76.04740936343735,2.1780193266097,-1.9852582085248311,-0.05753597327733734,8.750000000000001e-5,0.0024752999999999997,0.23981006279032324,0.5117502923123359,0.0,0.0,0.8556288707523761
0.57,0.0023878,1.0,22.4895558444163,-69.12348288252991,-74.78306684039958,2.278564986125115,-1.5691937978679429,-0.04704412832395932,8.750000000000001e-5,0.0024752999999999997,0.2555582745761764,0.52999348371801,0.0,0.0,0.8556288707523761
0.57,0.0023878,1.0,20.52650176083425,-68.47412467514991,-73.80153979860856,2.3751588607188374,-1.1612537572767279,-0.036087715180809055,8.750000000000001e-5,0.0024752999999999997,0.2716318648083478,0.5482366751236842,0.0,0.0,0.8556288707523761
0.57,0.0023878,1.0,19.13139323075613,-67.93536008458344,-73.1039855335695,2.4672407350463694,-0.7648749628685576,-0.024791930974644383,8.750000000000001e-5,0.0024752999999999997,0.2880094377950526,0.5664798665293584,0.0,0.0,0.8556288707523761
0.57,0.0023878,1.0,18.287921377407073,-67.5139211661267,-72.68224960689497,2.554322689170417,-0.3836041405524021,-0.013305771518196008,8.750000000000001e-5,0.0024752999999999997,0.3046691932104928,0.5847230579350325,0.0,0.0,0.8556288707523761
0.57,0.0023878,1.0,17.960146963159005,-67.21181693004739,-72.51836239977094,2.635851289669495,-0.020942151703190786,-0.0018021291040834497,8.750000000000001e-5,0.0024752999999999997,0.3215889551134549,0.6029662493407066,0.0,0.0,0.8556288707523761
0.57,0.0023878,1.0,18.092539694587842,-67.02527601496566,-72.58455876548535,2.7113601350787273,0.31961128651610393,0.00952663889915728,8.750000000000001e-5,0.0024752999999999997,0.33874620146589296,0.6212094407463808,0.0,0.0,0.8556288707523761
0.57,0.0023878,1.0,18.61126621466427,-66.94499677433477,-72.84392202552357,2.7803199526450295,0.6346109980332437,0.020529800501941642,8.750000000000001e-5,0.0024752999999999997,0.35611809411220313,0.6394526321520551,0.0,0.0,0.8556288707523761
0.57,0.0023878,1.0,19.42685132210174,-66.95526472365236,-73.2517145792423,2.842450155503837,0.921106117762385,0.030808031031768435,8.750000000000001e-5,0.0024752999999999997,0.3736815091792861,0.6576958235577292,0.0,0.0,0.8556288707523761
0.57,0.0023878,1.0,20.438226094887327,-67.03672658020005,-73.7574019656351,2.8972096615735965,1.1758344285136046,0.040359278023649914,8.750000000000001e-5,0.0024752999999999997,0.39141306785693,0.6759390149634033,0.0,0.0,0.8556288707523761
0.57,0.0023878,1.0,21.538032438653985,-67.16582812738258,-74.30730513751843,2.944244725505892,1.3962222860725464,0.04885877457025989,8.750000000000001e-5,0.0024752999999999997,0.409289167517542,0.6941822063690775,0.0,0.0,0.8556288707523761
0.57,0.0023878,1.0,22.6189018586589,-67.31744356443387,-74.84773984752088,2.983215338321353,1.5798982457428836,0.05612986394205355,8.750000000000001e-5,0.0024752999999999997,0.42728601313380554,0.7124253977747517,0.0,0.0,0.8556288707523761
0.57,0.0023878,1.0,23.580640637021432,-67.50832508729306,-75.32860923670215,2.999994492769141,1.7250104340832921,0.062114289612974494,8.750000000000001e-5,0.0024752999999999997,0.44537964895244175,0.7306685891804259,0.0,0.0,0.8556288707523761
0.57,0.0023878,1.0,24.33768201652539,-67.70030662271199,-75.70712992645413,2.999965059502411,1.8300043455610113,0.06663517294749877,8.750000000000001e-5,0.0024752999999999997,0.4635459903819158,0.7489117805861,0.0,0.0,0.8556288707523761
0.57,0.0023878,1.0,24.82119018533193,-67.82420091032968,-75.9488840108574,2.999996975884863,1.8932627924459768,0.06936414313117034,8.750000000000001e-5,0.0024752999999999997,0.4817608560516398,0.7671549719917741,0.0,0.0,0.8556288707523761
0.57,0.0023878,1.0,24.9873564873581,-67.86681476592375,-76.03196716187048,2.999999271915459,1.914515295296279,0.07031048210000701,8.750000000000001e-5,0.0024752999999999997,0.4999999999999999,0.7853981633974483,0.0,0.0,0.8556288707523761
0.57,0.00238655,1.0,52.37042545053764,-81.71839659095868,-89.72350164346025,1.8290078952521311,-2.9999999799386208,-0.24715429889981877,8.875e-5,0.0024752999999999997,0.16666666666666666,0.4205343352839651,0.0,0.0,0.8556288707523761
0.57,0.00238655,1.0,44.8155792454164,-77.71591426016444,-85.94607854089963,1.9481756964431665,-2.9999999454636304,-0.18025597346221534,8.875e-5,0.0024752999999999997,0.18048317331502944,0.43877752668963926,0.0,0.0,0.8556288707523761
0.57,0.00238655,1.0,39.01927451194099,-74.57878869156488,-83.04792617416193,2.0672047230674413,-2.9999998756074913,-0.11376593641275856,8.875e-5,0.0024752999999999997,0.19472499151140646,0.4570207180953134,0.0,0.0,0.8556288707523761
0.57,0.00238655,1.0,34.906175857620994,-72.7632039543398,-80.99137684700193,2.1867980549014936,-2.8300741523724304,-0.07064017879710277,8.875e-5,0.0024752999999999997,0.20937316385124888,0.47526390950098757,0.0,0.0,0.8556288707523761
0.57,0.00238655,1.0,31.501056413413764,-71.8977865197556,-79.28881712489832,2.3068345880056214,-2.4074125216484137,-0.06125756955795919,8.875e-5,0.0024752999999999997,0.2244081920285736,0.4935071009066617,0.0,0.0,0.8556288707523761
0.57,0.00238655,1.0,28.60480259246502,-71.09816126129267,-77.84069021442394,2.4237552156680273,-1.9863353735730997,-0.05127578137993882,8.875e-5,0.0024752999999999997,0.23981006279032324,0.5117502923123359,0.0,0.0,0.8556288707523761
0.57,0.00238655,1.0,26.249927307055586,-70.38028572603541,-76.66325257171923,2.536937421365135,-1.5700133333726982,-0.040775468498729206,8.875e-5,0.0024752999999999997,0.2555582745761764,0.52999348371801,0.0,0.0,0.8556288707523761
0.57,0.00238655,1.0,24.454499866641655,-69.75829443495665,-75.76553885151226,2.6457176125724535,-1.1617774327117683,-0.0298462112765025,8.875e-5,0.0024752999999999997,0.2716318648083478,0.5482366751236842,0.0,0.0,0.8556288707523761
0.57,0.00238655,1.0,23.21979573072896,-69.24329119012398,-75.14818678355591,2.7494624659492075,-0.765053586831391,-0.018619490467282507,8.875e-5,0.0024752999999999997,0.2880094377950526,0.5664798665293584,0.0,0.0,0.8556288707523761
0.57,0.00238655,1.0,22.52849215516251,-68.84221612362785,-74.80253499577269,2.8475716900899486,-0.3834486531612329,-0.007219743880507112,8.875e-5,0.0024752999999999997,0.3046691932104928,0.5847230579350325,0.0,0.0,0.8556288707523761
0.57,0.00238655,1.0,22.343665305591784,-68.55724278121083,-74.71012157098733,2.939455784123878,-0.020418821143420876,0.004164918438830045,8.875e-5,0.0024752999999999997,0.3215889551134549,0.6029662493407066,0.0,0.0,0.8556288707523761
0.57,0.00238655,1.0,22.60988491256184,-68.45943141089293,-74.84323137447235,2.9999867150646997,0.32052970551472143,0.015615247803937304,8.875e-5,0.0024752999999999997,0.33874620146589296,0.6212094407463808,0.0,0.0,0.8556288707523761
0.57,0.00238655,1.0,23.267841096960197,-68.63749424044858,-75.17220946667153,2.999992980822002,0.6360284765541963,0.027575810390419675,8.875e-5,0.0024752999999999997,0.35611809411220313,0.6394526321520551,0.0,0.0,0.8556288707523761
0.57,0.00238655,1.0,24.22820443182745,-68.89388565105065,-75.65239113410516,2.999999100686726,0.9230796376862953,0.03877278250516325,8.875e-5,0.0024752999999999997,0.3736815091792861,0.6576958235577292,0.0,0.0,0.8556288707523761
0.57,0.00238655,1.0,25.383398566009205,-69.20337084702042,-76.22998820119604,2.9999997589101457,1.1782596532231406,0.049008318989364086,8.875e-5,0.0024752999999999997,0.39141306785693,0.6759390149634033,0.0,0.0,0.8556288707523761
0.57,0.00238655,1.0,26.619406774347524,-69.5366651224853,-76.8479923053652,2.9999997536867125,1.399183868961706,0.05811665751288597,8.875e-5,0.0024752999999999997,0.409289167517542,0.6941822063690775,0.0,0.0,0.8556288707523761
0.57,0.00238655,1.0,27.822374880706647,-69.8642242195866,-77.44947635854476,2.9999992069311188,1.5828988255261887,0.06581991353614969,8.875e-5,0.0024752999999999997,0.42728601313380554,0.7124253977747517,0.0,0.0,0.8556288707523761
0.57,0.00238655,1.0,28.88576622489525,-70.15404753507852,-77.98117203063906,2.9999997819668844,1.728962103356501,0.07214538433801287,8.875e-5,0.0024752999999999997,0.44537964895244175,0.7306685891804259,0.0,0.0,0.8556288707523761
0.57,0.00238655,1.0,29.71754102347829,-70.38309109378017,-78.39705942993058,2.999995657102813,1.8338545158186104,0.07677596976839907,8.875e-5,0.0024752999999999997,0.4635459903819158,0.7489117805861,0.0,0.0,0.8556288707523761
0.57,0.00238655,1.0,30.246604006551323,-70.52889625063548,-78.6615909214671,2.9999998670719266,1.8974851237242554,0.07948212885119232,8.875e-5,0.0024752999999999997,0.4817608560516398,0.7671549719917741,0.0,0.0,0.8556288707523761
0.57,0.00238655,1.0,30.42807949801177,-70.57897103682683,-78.75232866719732,2.999999096021689,1.9187965864398517,0.08045732360525548,8.875e-5,0.0024752999999999997,0.4999999999999999,0.7853981633974483,0.0,0.0,0.8556288707523761
0.57,0.0023853,1.0,55.29385320147436,-82.85071705507356,-91.18521551892862,2.0010139285072275,-2.999999973525566,-0.24065156081351213,9.0e-5,0.0024752999999999997,0.16666666666666666,0.4205343352839651,0.0,0.0,0.8556288707523761
0.57,0.0023853,1.0,47.93726328997009,-78.90094523086442,-87.50692056317648,2.132372047691457,-2.9999999617285784,-0.17364395355761608,9.0e-5,0.0024752999999999997,0.18048317331502944,0.43877752668963926,0.0,0.0,0.8556288707523761
0.57,0.0023853,1.0,42.3393234732723,-75.81485395790166,-84.70795065482758,2.263018741999125,-2.999999870455954,-0.10705119570658472,9.0e-5,0.0024752999999999997,0.19472499151140646,0.4570207180953134,0.0,0.0,0.8556288707523761
0.57,0.0023853,1.0,38.427289685102764,-74.03910753215185,-82.75193376074282,2.395136535206873,-2.8326724290715943,-0.06356513732953889,9.0e-5,0.0024752999999999997,0.20937316385124888,0.47526390950098757,0.0,0.0,0.8556288707523761
0.57,0.0023853,1.0,35.22547114010244,-73.2177652304987,-81.15102448824265,2.5286787941157445,-2.4098468265017314,-0.05405781124525788,9.0e-5,0.0024752999999999997,0.2244081920285736,0.4935071009066617,0.0,0.0,0.8556288707523761
0.57,0.0023853,1.0,32.528216482642094,-72.45788099961592,-79.80239715951248,2.658861786436719,-1.9886040269351897,-0.043982380563464374,9.0e-5,0.0024752999999999997,0.23981006279032324,0.5117502923123359,0.0,0.0,0.8556288707523761
0.57,0.0023853,1.0,30.366810187520898,-71.77565494741225,-78.72169401195188,2.7849103524901104,-1.5720725534134514,-0.03342409901435539,9.0e-5,0.0024752999999999997,0.2555582745761764,0.52999348371801,0.0,0.0,0.8556288707523761
0.57,0.0023853,1.0,28.75811040403069,-71.18522764298243,-77.91734412020678,2.9060962407574733,-1.1635709043402542,-0.02247235672958453,9.0e-5,0.0024752999999999997,0.2716318648083478,0.5482366751236842,0.0,0.0,0.8556288707523761
0.57,0.0023853,1.0,27.702966861929283,-70.76350690651141,-77.38977234915608,2.9999509340588437,-0.7667365480085095,-0.010916710830873644,9.0e-5,0.0024752999999999997,0.2880094377950526,0.5664798665293584,0.0,0.0,0.8556288707523761
0.57,0.0023853,1.0,27.208873148571953,-70.73606485556023,-77.14272549247741,2.999999404568638,-0.38520708968732853,0.0021962916230694463,9.0e-5,0.0024752999999999997,0.3046691932104928,0.5847230579350325,0.0,0.0,0.8556288707523761
0.57,0.0023853,1.0,27.246955516312553,-70.82905032544093,-77.16176667634771,2.9999997506804426,-0.022222809319282257,0.015265502661902408,9.0e-5,0.0024752999999999997,0.3215889551134549,0.6029662493407066,0.0,0.0,0.8556288707523761
0.57,0.0023853,1.0,27.753730052873934,-71.0318613255226,-77.4151539446284,2.99999967073681,0.31882106159072454,0.02810307947909263,9.0e-5,0.0024752999999999997,0.33874620146589296,0.6212094407463808,0.0,0.0,0.8556288707523761
0.57,0.0023853,1.0,28.646396087888903,-71.32775059898364,-77.86148696213588,2.9999995154454804,0.6344566881628539,0.04029598530605516,9.0e-5,0.0024752999999999997,0.35611809411220313,0.6394526321520551,0.0,0.0,0.8556288707523761
0.57,0.0023853,1.0,29.82572163587217,-71.6941635201452,-78.45114973612752,2.999999734424926,0.9214302366094912,0.05193707222791211,9.0e-5,0.0024752999999999997,0.3736815091792861,0.6576958235577292,0.0,0.0,0.8556288707523761
0.57,0.0023853,1.0,31.180409924677505,-72.10361212709908,-79.12849388053019,2.9999973899835894,1.176791749833869,0.06246757607804576,9.0e-5,0.0024752999999999997,0.39141306785693,0.6759390149634033,0.0,0.0,0.8556288707523761
0.57,0.0023853,1.0,32.59276874264303,-72.52518006094503,-79.83467328951295,2.9999998964405745,1.3978722166262523,0.07191923601286399,9.0e-5,0.0024752999999999997,0.409289167517542,0.6941822063690775,0.0,0.0,0.8556288707523761
0.57,0.0023853,1.0,33.94549865094858,-72.92709959783879,-80.51103824366572,2.9999995616490076,1.5820681329458743,0.08000822049824552,9.0e-5,0.0024752999999999997,0.42728601313380554,0.7124253977747517,0.0,0.0,0.8556288707523761
0.57,0.0023853,1.0,35.12895285050463,-73.27774461737448,-81.10276534344375,2.999999840813439,1.7277447909865273,0.08628306913524875,9.0e-5,0.0024752999999999997,0.44537964895244175,0.7306685891804259,0.0,0.0,0.8556288707523761
0.57,0.0023853,1.0,36.04847485719465,-73.55029689021796,-81.56252634678876,2.999999868528743,1.8328991673008983,0.09104962775870185,9.0e-5,0.0024752999999999997,0.4635459903819158,0.7489117805861,0.0,0.0,0.8556288707523761
0.57,0.0023853,1.0,36.6310176528019,-73.7231724525211,-81.85379774459238,2.99999988736457,1.8963941877885906,0.0939175264538108,9.0e-5,0.0024752999999999997,0.4817608560516398,0.7671549719917741,0.0,0.0,0.8556288707523761
0.57,0.0023853,1.0,36.83045703690199,-73.78215595383033,-81.95351743664243,2.9999994660158937,1.9177554132505448,0.09478957206922078,9.0e-5,0.0024752999999999997,0.4999999999999999,0.7853981633974483,0.0,0.0,0.8556288707523761
