sin2_theta23,dm2_32,dcp,dchi2,log_likelihood,log_posterior,t2k_cc1pi_norm,t2k_energy_scale,t2k_fhc1re1de_norm,t2k_fhc1re_norm,t2k_fhc1rmu_norm,t2k_flux_xsec_norm,t2k_nc_norm,t2k_nonqe_norm,t2k_nue_xsec_ratio_nu,t2k_nue_xsec_ratio_nubar,t2k_rhc1re_norm,t2k_rhc1rmu_norm,t2k_rhc_norm,dm2_21,dm2_31,sin2_theta12,theta12,sin2_theta13,theta13,theta23
0.35,-0.0028753,4.962797859186185,116.96555801945658,-378.21906910594686,-357.12679868000816,1.0225994975048545,1.065638501163449,1.1016090312366065,1.022209730773454,0.9514661028974887,0.9511349090214954,1.0611034354443645,0.8838955834492545,1.0200945227290528,1.002055795524946,1.004510769735774,0.992233159852801,0.9883845972611346,7.53e-5,-0.0028,0.30699999999999994,0.5872523687443223,0.022344901087557465,0.1500444766897758,0.6330518363897495
0.36343145033847896,-0.0028753,4.973169428729225,100.40450989372687,-371.102678255225,-348.8462746171433,1.0226534710607904,1.0671082839907635,1.0991468614736104,1.020717091498001,0.9564910696495246,0.9585600109022265,1.0581013343108256,0.9049626467299996,1.0190243430798744,1.0018666008520989,1.0039383598005314,0.9931891597967719,0.9898093464649231,7.53e-5,-0.0028,0.30699999999999994,0.5872523687443223,0.02233425810194303,0.15000846844370785,0.6470718477950003
0.37697026969153374,-0.0028753,4.985020388762382,86.45890517184068,-365.0173375816592,-341.8734722562002,1.0226084903355543,1.0686046522235892,1.0966835308272467,1.0192163688276923,0.9612193060256868,0.9653923584698451,1.0576001670655193,0.925195629793445,1.0179348814524363,1.001668208577556,1.0033608436067323,0.9940816092721546,0.9911209119651799,7.53e-5,-0.0028,0.30699999999999994,0.5872523687443223,0.02232367833581857,0.1499726657771979,0.661091859200251
0.3906058139562867,-0.0028753,4.9985409450330005,75.11848030829844,-359.98465582419266,-336.2032598244291,1.0225172518982528,1.0701353332104482,1.0942807350799917,1.017723844778731,0.9656206554204935,0.9715840443250565,1.0593375952971826,0.9444303184938888,1.0168321234146216,1.001455199786792,1.0027668183991862,0.9949116916113423,0.9923164430629757,7.53e-5,-0.0028,0.30699999999999994,0.5872523687443223,0.022312837488742392,0.149935970993909,0.6751118706055018
0.40432736298556926,-0.0028753,5.013891365078762,66.2990112529601,-355.9930942482664,-331.7935252967599,1.0223660922090418,1.07169473226589,1.0919402922655086,1.0162492115231465,0.9696503345556262,0.9770902510135517,1.0631634855325038,0.9624957822185353,1.0157278655483961,1.0012319233898812,1.002165477465255,0.9956689080730586,0.9933820001068365,7.53e-5,-0.0028,0.30699999999999994,0.5872523687443223,0.022301522240605238,0.14989766113588016,0.6891318820107526
0.4181241290160105,-0.0028753,5.031277988455529,59.83122631404217,-352.9918645487784,-328.55963282730096,1.0221664561184909,1.0732668938744323,1.0896847087039165,1.0148060551583042,0.9732700067033915,0.9818700555680658,1.0687105214501122,0.9791973435215028,1.0146336623410497,1.0010000261863745,1.0015604391360824,0.9963470771168906,0.9943086191607138,7.53e-5,-0.0028,0.30699999999999994,0.5872523687443223,0.022289345329612166,0.14985642334851818,0.7031518934160035
0.43198526514928176,-0.0028753,5.050817548294799,55.45390940343543,-350.88756641963323,-326.3709743719976,1.02192894247833,1.0748221364034447,1.0875270514912723,1.013408594098464,0.9764456103131709,0.9858961623027455,1.0754829741243612,0.9943280181633628,1.013562521077312,1.0007622120339443,1.0009571655885852,0.9969404607069856,0.9950888191478643,7.53e-5,-0.0028,0.30699999999999994,0.5872523687443223,0.022275869947989347,0.14981077538517915,0.7171719048212541
0.445899873879836,-0.0028753,5.072478416503193,52.815395557830016,-349.54457267440995,-325.0517174491949,1.0216735251409654,1.0763115647258288,1.085484485583687,1.0120719943864687,0.9791475306428246,0.9891505267184897,1.082763105870579,1.0076353289540407,1.012528007185828,1.0005210106065259,1.0003606412507389,0.9974450964483929,0.9957179355225823,7.53e-5,-0.0028,0.30699999999999994,0.5872523687443223,0.02226063928857224,0.1497591651580995,0.731191916226505
0.45985701566243137,-0.0028753,5.096049256118766,51.48875317589568,-348.7913330526593,-324.3883962582277,1.0214264611943646,1.0776718337561766,1.0835655943075693,1.0108105298217183,0.9813548142717612,0.9916293123577534,1.0896408602951044,1.0188330449618894,1.0115423594946584,1.0002788834010217,0.9997758820107603,0.9978594144924975,0.9961954156653842,7.53e-5,-0.0028,0.30699999999999994,0.5872523687443223,0.022243271922409394,0.14970029348168282,0.7452119276317558
0.473845717512708,-0.0028753,5.121193436011847,51.005521072571014,-348.4358978926873,-324.1467802065654,1.0212186160564913,1.0788241687968387,1.0817846552618162,1.0096392758225516,0.9830521429588726,0.9933422915526957,1.0950916321356923,1.0275929172016003,1.0106190113606177,1.0000386950271476,0.9992084280131346,0.9981832747733084,0.9965233323319296,7.53e-5,-0.0028,0.30699999999999994,0.5872523687443223,0.022223702919975368,0.14963393180842482,0.7592319390370066
0.4878549816340532,-0.0028753,5.147506497011046,50.90991273219413,-348.2920209928029,-324.09897603637694,1.0210841670091453,1.0796733665180154,1.080147859361792,1.0085699920538933,0.9842319572366751,0.9943082966360844,1.0980448552099387,1.0336003944598562,1.0097680931253075,0.9998032165917917,0.9986639173432321,0.9984184516526876,0.9967070833215824,7.53e-5,-0.0028,0.30699999999999994,0.5872523687443223,0.022202284664465697,0.14956126628043034,0.7732519504422574
0.5018737940639746,-0.0028753,5.173880700570098,50.82675032801967,-348.2049688082755,-324.0573948342897,1.0210473187015163,1.0801396197804505,1.0786421660556202,1.0076094944952823,0.9848924485309396,0.9945475153718502,1.0975727842833047,1.036571583003062,1.008996000848996,0.9995751678253743,0.9981472595889587,0.9985671018077241,0.9967523410229647,7.53e-5,-0.0028,0.30699999999999994,0.5872523687443223,0.022179923966855836,0.14948536678006452,0.7872719618475081
0.5158911333331818,-0.0028753,5.199717129643305,50.52769490510832,-348.07860953006656,-323.90786712283403,1.0211268666344913,1.0801746697056103,1.0772633565960401,1.0067604364787055,0.9850340589904673,0.9940752730057598,1.0930812089987698,1.0363442556376357,1.0083061855637554,0.9993569215857706,0.997662329194149,0.9986311474813876,0.9966639027349926,7.53e-5,-0.0028,0.30699999999999994,0.5872523687443223,0.022158069396090704,0.1494111490994904,0.8012919732527589
0.5298959791305704,-0.0028753,5.224234039982437,49.97475358599536,-347.89356683980526,-323.63139646327755,1.02132433510669,1.0797734151700231,1.0759994706707345,1.0060206732742227,0.9846593327193423,0.9928932167730513,1.0844391942717688,1.0329087605552962,1.0076978923034137,0.9991503245772272,0.9972119487599305,0.9986112536310734,0.9964439203601198,7.53e-5,-0.0028,0.30699999999999994,0.5872523687443223,0.02213846649454547,0.14934454760348967,0.8153119846580097
0.5438773209672962,-0.0028753,5.246974968665356,49.32470454929671,-347.7085217685312,-323.30637194492823,1.0216267901227223,1.07897728614944,1.0748478435168407,1.0053851563650904,0.9837710943218646,0.9909914618574773,1.0720171681834314,1.026426123692412,1.0071686347111743,0.998956549038064,0.9967970895676174,0.9985066453720757,0.9960912395482786,7.53e-5,-0.0028,0.30699999999999994,0.5872523687443223,0.022122854114506502,0.149291483415276,0.8293319960632605
0.5578241668331257,-0.0028753,5.26759649816094,48.89275324110565,-347.64694444417717,-323.0903962908327,1.0220084427321632,1.0778594812675653,1.073798060380292,1.0048460353512583,0.9823761269322496,0.9883493857466963,1.056536337108912,1.0171767734966548,1.0067123503702766,0.9987766762694859,0.9964197169795692,0.9983156792650263,0.9956036134852758,7.53e-5,-0.0028,0.30699999999999994,0.5872523687443223,0.02211259214330095,0.1492565945131996,0.8433520074685112
0.5717255518382599,-0.0028753,5.286032348113502,49.089510155176185,-347.86952880367954,-323.18877474786797,1.0224367297693122,1.0765166387885972,1.0728525944010152,1.0043956455537297,0.980483902321617,0.9849520618602601,1.038978192093549,1.0055125961555957,1.0063249045570366,0.9986110166288301,0.9960786077898103,0.9980369791809884,0.9949778493980892,7.53e-5,-0.0028,0.30699999999999994,0.5872523687443223,0.022108538836477516,0.1492428118011586,0.857372018873762
0.5855705468338358,-0.0028753,5.3023193164589,50.352413356570196,-348.5495872859385,-323.820226348565,1.0228797804587402,1.0750327330377287,1.0720083503035487,1.0040265902810364,0.9781108820120286,0.9807906221904621,1.0203204147115452,0.9917951844675928,1.0060011569276597,0.9984598691812984,0.9957736581559579,0.9976703777380602,0.9942133212443283,7.53e-5,-0.0028,0.30699999999999994,0.5872523687443223,0.022110969056465077,0.14925107557800507,0.8713920302790128
0.5993482670043292,-0.0028753,5.316601209467272,53.08854544548478,-349.8470304599038,-325.18829239302227,1.0233097591216005,1.073474047711638,1.0712648440050174,1.0037328750043615,0.975280390631796,0.9758700815876594,1.0014541701552426,0.9763583779772378,1.00573705289965,0.9983234824031505,0.9955047150619094,0.9972174803515562,0.9933124585672514,7.53e-5,-0.0028,0.30699999999999994,0.5872523687443223,0.02211970165570084,0.14928076645006388,0.8854120416842637
0.6130478804251023,-0.0028753,5.329010320384982,57.6375010058606,-351.8898850228399,-327.4627701732102,1.0237048196886163,1.0718949220193685,1.0706251137910674,1.003509406701215,0.972020892287578,0.9702106859347791,0.9831154171696553,0.9594955846258275,1.0055297630348419,0.9982017790177555,0.9952704503178732,0.996681647875632,0.9922801956176708,7.53e-5,-0.0028,0.30699999999999994,0.5872523687443223,0.022134252662555035,0.1493302272093501,0.8994320530895143
0.62665861657837,-0.0028753,5.3396681976211715,64.25350978308484,-354.76768009042604,-330.7707745618223,1.024048597985676,1.0703303849890706,1.07008863209722,1.003351943598152,0.9683666437288736,0.9638439022882512,0.9658505382745813,0.9414546118435692,1.0053766016347332,0.9980947617770637,0.9950701641472276,0.996067791600655,0.9911244456125332,7.53e-5,-0.0028,0.30699999999999994,0.5872523687443223,0.022153961308152892,0.14939719412254315,0.9134520644947652
0.6401697748208868,-0.0028753,5.348687935330717,73.10219660859195,-358.5298304975852,-335.19511797457585,1.0243313619787064,1.0687999076149932,1.0696543770020845,1.0032567298024109,0.9643557306135724,0.9568108611894591,0.9500313553044919,0.922451223341854,1.00527506977781,0.9980023711708433,0.9949031658896639,0.9953820653201086,0.9898553319096283,7.53e-5,-0.0028,0.30699999999999994,0.5872523687443223,0.022178095374763705,0.1494791582885956,0.927472075900016
0.6535707327967015,-0.0028753,5.35618228513683,84.26654113709321,-363.18856854859087,-340.7772902388265,1.0245466536453243,1.0673115882380593,1.0693215616439458,1.0032203777980624,0.9600279909710588,0.949158965359162,0.9358958959540683,0.9026810474397555,1.0052231217393324,0.9979243479362018,0.9947682485622328,0.9946313584563852,0.9884840139716574,7.53e-5,-0.0028,0.30699999999999994,0.5872523687443223,0.022205935741180873,0.1495736556775086,0.9414920873052668
0.666850954788361,-0.0028753,5.362248162185064,97.75755302241839,-368.72453767083726,-347.52279618148907,1.0246929509557074,1.065865635773199,1.069085811251225,1.0032398675638772,0.9554251313392604,0.9409405687310571,0.9235585576269547,0.8823220475344191,1.0052184993585616,0.9978603473954223,0.9946642601091082,0.9938231957879057,0.9870229486935459,7.53e-5,-0.0028,0.30699999999999994,0.5872523687443223,0.022236792905602258,0.14967832524099683,0.9555120987105176
0.68,-0.0028753,5.36704222603801,113.52655389097197,-375.0943426852324,-355.40729661576586,1.024770265080815,1.0644490474067811,1.0689426248697709,1.003311992879592,0.9505882925175769,0.9322099783387451,0.9130557243632044,0.8615470579295512,1.0052589557803797,0.9978097801662842,0.9945894790786041,0.9929652125160192,0.9854845266781401,7.53e-5,-0.0028,0.30699999999999994,0.5872523687443223,0.022270041977167827,0.14979102890785614,0.9695321101157683
0.35,-0.0028503,4.952597922557602,113.86488749030343,-377.50624849458126,-355.5764634154316,1.0223056899652256,1.0603727452765994,1.1016302261227855,1.022094963530101,0.9516812413398194,0.9511720861494787,1.0616486368600324,0.8813822795850836,1.0200148707266437,1.0020626333971743,1.0045271647077039,0.9922363506267331,0.9883969561714094,7.53e-5,-0.002775,0.30699999999999994,0.5872523687443223,0.02234273469142784,0.15003714783512523,0.6330518363897495
0.36343145033847896,-0.0028503,4.962598958988707,97.24377568261161,-370.3876236741989,-347.2659075115857,1.0223243850778163,1.0617846321952948,1.0991412286547377,1.0205971122047288,0.9566930221561796,0.9585871272901392,1.0588646469713556,0.9023417479822335,1.0189446190434452,1.0018790462721727,1.0039666783285113,0.9931851322071586,0.989814418594509,7.53e-5,-0.002775,0.30699999999999994,0.5872523687443223,0.022332149788745037,0.1500013344259986,0.6470718477950003
0.37697026969153374,-0.0028503,4.973941312028894,83.2358713664064,-364.300008712071,-340.2619553534831,1.0223053634148414,1.0632291422148408,1.0966993332697317,1.0190963466752136,0.9614210040369582,0.9654088748331626,1.058335667317802,0.9224581324186842,1.0178497854188646,1.0016781000252681,1.0033836718586016,0.994080745530749,0.9911289298154922,7.53e-5,-0.002775,0.30699999999999994,0.5872523687443223,0.022321406080824294,0.14996497522642332,0.661091859200251
0.3906058139562867,-0.0028503,4.986937743621514,71.83072474871074,-359.2643292064108,-334.55938204463524,1.0222035847763076,1.0647117411279943,1.0942893258905513,1.017600168174361,0.9658121807880221,0.9715911741737059,1.060182445224852,0.9415829275007951,1.0167451492163007,1.0014681592621095,1.0027957886722252,0.9949070952734843,0.9923205950796113,7.53e-5,-0.002775,0.30699999999999994,0.5872523687443223,0.022310542995727038,0.14992820333230575,0.6751118706055018
0.40432736298556926,-0.0028503,5.0017160391478015,62.94429455065017,-355.2695184213102,-330.11616694560496,1.0220533448661067,1.066225526353799,1.0919488297762625,1.0161226893566349,0.9698333664470804,0.9770867977808928,1.0640491462216601,0.9595339999428539,1.015638038276377,1.0012465052103752,1.0021975576208406,0.9956624078647103,0.9933841100542111,7.53e-5,-0.002775,0.30699999999999994,0.5872523687443223,0.022299166869340675,0.14988968539824657,0.6891318820107526
0.4181241290160105,-0.0028503,5.018483915569276,56.40800243829892,-352.2642208001785,-326.84802088942934,1.0218588690525539,1.0677579943594968,1.089695199838315,1.0146773276431047,0.9734453957111203,0.9818555859886559,1.069609632712401,0.9761197811031068,1.0145407881829298,1.0010157985106256,1.001594924871147,0.9963393921569512,0.9943096364851253,7.53e-5,-0.002775,0.30699999999999994,0.5872523687443223,0.02228692242299029,0.149848216727381,0.7031518934160035
0.43198526514928176,-0.0028503,5.037379537876513,51.961948457332255,-350.15467208057015,-324.624993898946,1.0216258243713348,1.0692818647609077,1.0875393574193444,1.0132773069946526,0.9766131183263851,0.9858712355890442,1.076389085862201,0.9911358744798416,1.0134666264919752,1.0007794938868244,1.0009946748170533,0.99693140852198,0.9950886893253986,7.53e-5,-0.002775,0.30699999999999994,0.5872523687443223,0.022273394625244695,0.1498023887428159,0.7171719048212541
0.445899873879836,-0.0028503,5.0583744312235694,49.256696640825226,-348.80540251719094,-323.2723679906925,1.0213746748418528,1.0707483307343955,1.0854967327411584,1.0119376388634154,0.979307256436039,0.9891148956517191,1.0836573449861988,1.0043297101716866,1.0124287505379674,1.0005399452060892,1.0004014596804618,0.9974346731983564,0.9957167717046432,7.53e-5,-0.002775,0.30699999999999994,0.5872523687443223,0.02225812477628832,0.149750642886205,0.731191916226505
0.45985701566243137,-0.0028503,5.081352360606345,47.868610891072194,-348.0461324092773,-322.57832511581597,1.0211308968041286,1.0720891357627254,1.0835773717923074,1.0106730559142105,0.9815062033035635,0.9915853993326728,1.090529132478341,1.015424294903124,1.0114406737706276,1.000299897424816,0.999820292742047,0.9978473884919336,0.996192898825154,7.53e-5,-0.002775,0.30699999999999994,0.5872523687443223,0.022240778918032222,0.14969184088405113,0.7452119276317558
0.473845717512708,-0.0028503,5.105894252676893,47.33358395601135,-347.6867662262557,-322.31081164828555,1.020927733614847,1.0732201876497458,1.0817953793071193,1.0094982137515156,0.9831972648891145,0.993289841945931,1.0959394102283648,1.0240999113847433,1.0105137359581549,1.000061389953057,0.9992560092747974,0.9981702831847258,0.9965204220355125,7.53e-5,-0.002775,0.30699999999999994,0.5872523687443223,0.022221234584198946,0.14962555925237123,0.7592319390370066
0.4878549816340532,-0.0028503,5.1316943798732435,47.200482597166115,-347.54022051192544,-322.24426096886293,1.0207966130243595,1.0740541686859169,1.0801587659198464,1.0084252924783965,0.9843722003578907,0.9942493964024802,1.0988681552602595,1.0300454558256635,1.0096594412022704,0.9998275957508809,0.9987144746528857,0.9984046902917796,0.9967040296671588,7.53e-5,-0.002775,0.30699999999999994,0.5872523687443223,0.022199888733716238,0.14955313549735932,0.7732519504422574
0.5018737940639746,-0.0028503,5.15771195166027,47.098205757969936,-347.45219769937495,-322.19312254926484,1.0207636371972277,1.0745124666386632,1.0786581009922191,1.0074615764240795,0.9850312719862625,0.9944818854891845,1.0983621558781549,1.0329829352232918,1.0088828044515614,0.9996012259250893,0.9982021300421311,0.9985530047849994,0.9967505169443427,7.53e-5,-0.002775,0.30699999999999994,0.5872523687443223,0.02217760564456683,0.14947749549927447,0.7872719618475081
0.5158911333331818,-0.0028503,5.1832291097408625,46.80097438476639,-347.32683766054083,-322.04450686266307,1.0208426415260166,1.0745475796063793,1.0772749243233684,1.006607997966926,0.985171400136272,0.9940084789196274,1.0938619298281855,1.0327488614463074,1.00818992432142,0.9993843287942877,0.9977185155179166,0.9986168147192407,0.9966621458192332,7.53e-5,-0.002775,0.30699999999999994,0.5872523687443223,0.022155887838613945,0.14940373861121425,0.8012919732527589
0.5298959791305704,-0.0028503,5.207471037808062,46.271150461142724,-347.1445887336325,-321.77959490085124,1.021039088396924,1.0741558005813863,1.0760114862145624,1.0058640257756777,0.9847980000777141,0.992827231332044,1.0852210262964057,1.0293391581701328,1.0075784018259195,0.9991788475206166,0.9972693517223035,0.9985971221177392,0.9964429772812489,7.53e-5,-0.002775,0.30699999999999994,0.5872523687443223,0.022136411514310776,0.14933756407265025,0.8153119846580097
0.5438773209672962,-0.0028503,5.230025526754461,45.6635667882623,-346.9642796391334,-321.475803064411,1.0213381409795572,1.0733770212317149,1.074859563620853,1.0052242967479585,0.9839135785953039,0.99092715394048,1.0728063563814085,1.0229063351338774,1.0070455564502097,0.9989860467287582,0.996855731218396,0.998492957339448,0.9960915594379565,7.53e-5,-0.002775,0.30699999999999994,0.5872523687443223,0.022120897285638555,0.1492848311507307,0.8293319960632605
0.5578241668331257,-0.0028503,5.250496241470571,45.28972677120191,-346.90906977796567,-321.28888305588083,1.0217158379068816,1.0722830165775643,1.073810960492114,1.0046812199532011,0.9825242313045409,0.988288840234267,1.0573425481663905,1.0137322545458944,1.0065858546024022,0.9988069603534251,0.9964792636959977,0.9983027321889479,0.9956055877464817,7.53e-5,-0.002775,0.30699999999999994,0.5872523687443223,0.02211070176374387,0.14925016669131438,0.8433520074685112
0.5717255518382599,-0.0028503,5.268825757302803,45.555689076691465,-347.14025995044597,-321.4218642086256,1.0221398809346416,1.0709639057816633,1.0728654876404013,1.0042270753248492,0.9806386913975117,0.9848965285381974,1.039797857884535,1.0021646877624226,1.0061951455411455,0.9986418718428641,0.996138627742489,0.9980250064840919,0.9949817159406236,7.53e-5,-0.002775,0.30699999999999994,0.5872523687443223,0.022106674945747497,0.14923647348275368,0.857372018873762
0.5855705468338358,-0.0028503,5.28503023179162,46.894374066744945,-347.8299516314811,-322.09120670365235,1.02257902460601,1.0695060065138935,1.0720224140203347,1.0038546935503179,0.9782729408326457,0.9807413397018391,1.0211543818075945,0.9885582986437826,1.0058685274170809,0.9984911349076607,0.9958338199126997,0.9976595620644092,0.9942192722580082,7.53e-5,-0.002775,0.30699999999999994,0.5872523687443223,0.02210909950907732,0.1492447183647635,0.8713920302790128
0.5993482670043292,-0.0028503,5.299200672217493,49.7092732233308,-349.1363810637764,-323.4986562819453,1.02300520019638,1.067981885877391,1.071281155108656,1.0035578150232949,0.9754497011498939,0.9758280148297269,1.0023000584547244,0.9732385334181143,1.0056019029249534,0.9983549503981188,0.9955644077887468,0.9972079095414369,0.9933203833527293,7.53e-5,-0.002775,0.30699999999999994,0.5872523687443223,0.022117801967435794,0.14927430799001368,0.8854120416842637
0.6130478804251023,-0.0028503,5.311459902434938,54.33743464606073,-351.18740141996875,-325.81273699331024,1.0233965599093002,1.066445520868165,1.0706429346099504,1.0033313658114742,0.9721978818790605,0.97017574172503,0.9839644317620537,0.9564909835490486,1.0053920931599871,0.9982334333740169,0.9953298090721391,0.9966733778018217,0.992290264873468,7.53e-5,-0.002775,0.30699999999999994,0.5872523687443223,0.022132301332199778,0.1493235953071704,0.8994320530895143
0.62665861657837,-0.0028503,5.32193778011152,61.03147867952259,-354.072654537864,-329.15975901004117,1.0237378762445908,1.0649303928893359,1.0701080595796129,1.0031711329023343,0.9685513330730398,0.9638160787039781,0.9666908943594744,0.9385639636878997,1.0052364839562584,0.9981265641047093,0.9951292221107472,0.9960608821239383,0.9911368064825532,7.53e-5,-0.002775,0.30699999999999994,0.5872523687443223,0.022151943474669027,0.149390339176237,0.9134520644947652
0.6401697748208868,-0.0028503,5.330770132238357,69.95608719453833,-357.84205143295327,-333.62206326754904,1.0240193817428247,1.0634524069208209,1.0696756397625389,1.0030735082460143,0.9645475177191716,0.9567901031950787,0.9508522687441636,0.919676024880617,1.005132817022985,0.9980341973109473,0.994961656461175,0.9953765295893221,0.9898699099734113,7.53e-5,-0.002775,0.30699999999999994,0.5872523687443223,0.02217600756187815,0.14947206937695498,0.927472075900016
0.6535707327967015,-0.0028503,5.33806244558082,81.1938255797204,-362.50775591950077,-339.2409324601401,1.0242351176112705,1.062020295740867,1.0693438089554863,1.0030350850040026,0.9602264950585363,0.9491455210404035,0.9366829439966716,0.9000206400072048,1.0050788817365295,0.9979561094290509,0.9948260361091144,0.9946272368990523,0.9885008792153572,7.53e-5,-0.002775,0.30699999999999994,0.5872523687443223,0.02220377415637721,0.14956632077451681,0.9414920873052668
0.666850954788361,-0.0028503,5.343920660436839,94.75568863448382,-368.0503123795702,-346.0218639875218,1.0243815565159307,1.060634910308833,1.0691106790503155,1.0030527724845946,0.955629499709727,0.9409338120419721,0.9243143171265221,0.8797765679080536,1.0050726961008527,0.9978919638182562,0.9947211174072902,0.9938203814559645,0.9870417637750766,7.53e-5,-0.002775,0.30699999999999994,0.5872523687443223,0.022234570286465076,0.14967078834125228,0.9555120987105176
0.68,-0.0028503,5.348449059991276,110.5932934098488,-374.42497087081625,-353.9406663752043,1.0244580187607433,1.0592919167179307,1.0689734197762613,1.0031235037767026,0.950798140095042,0.9322083295226441,0.9137941431716414,0.8591123379092435,1.0051121726102084,0.9978413135917326,0.9946455382291862,0.9929636293652692,0.9855051249065692,7.53e-5,-0.002775,0.30699999999999994,0.5872523687443223,0.022267779546653432,0.14978336260354747,0.9695321101157683
0.35,-0.0028252999999999998,4.94220163929157,110.99994468356135,-376.8384822404378,-354.14399201206055,1.0219825725060747,1.0550909849124492,1.1016337686803446,1.021979573759209,0.951874841315024,0.9511823245285491,1.0624680646958589,0.878842409652116,1.0199388676469991,1.0020731450258378,1.0045523992549281,0.9922324577194869,0.9884009574051563,7.53e-5,-0.00275,0.30699999999999994,0.5872523687443223,0.022340717419178844,0.15003032315002404,0.6330518363897495
0.36343145033847896,-0.0028252999999999998,4.951701602162115,94.32194373912478,-369.7212780117921,-345.80499153984226,1.0220165175776204,1.0564293400463538,1.099154092594555,1.0204789513964718,0.956884370475323,0.9585880655098189,1.0596763816147026,0.8996958882537944,1.0188628281005017,1.0018884160466857,1.0039890068154858,0.9931825649526385,0.9898193189022549,7.53e-5,-0.00275,0.30699999999999994,0.5872523687443223,0.02232998434545228,0.14999400675141805,0.6470718477950003
0.37697026969153374,-0.0028252999999999998,4.962571393946522,80.25478993101626,-363.6327938624627,-338.771414635788,1.0219829648767143,1.0578148166873886,1.0967019298378577,1.018974508500927,0.961601854489383,0.9654006406384043,1.0592953194933918,0.9197112182361338,1.0177664555987207,1.001690827900982,1.00341283108401,0.994073971241648,0.9911294569574229,7.53e-5,-0.00275,0.30699999999999994,0.5872523687443223,0.022319234655217055,0.14995762557988687,0.661091859200251
0.3906058139562867,-0.0028252999999999998,4.974957765403801,68.7877664456231,-358.5955407438383,-333.0379028930914,1.0218885909123716,1.05924505758651,1.0942959663918408,1.0174761112784474,0.9659873130596577,0.9715721466366661,1.0611708028097688,0.9387230183234062,1.016658028480775,1.0014812570533187,1.00282555468802,0.9948999204626702,0.9923206018366401,7.53e-5,-0.00275,0.30699999999999994,0.5872523687443223,0.022308274238203342,0.1499205224105665,0.6751118706055018
0.40432736298556926,-0.0028252999999999998,4.989122199463006,59.83687891535476,-354.59739685379935,-328.56245912795725,1.0217415934014555,1.0607161910626854,1.091958829843449,1.0159964058238562,0.9699998177503125,0.9770557996064592,1.0650820086304733,0.9565549525798239,1.0155481754442386,1.0012609464768834,1.002229953590625,0.9956536162862034,0.9933823690544223,7.53e-5,-0.00275,0.30699999999999994,0.5872523687443223,0.022296832872128906,0.14988178163120436,0.6891318820107526
0.4181241290160105,-0.0028252999999999998,5.005209627618974,53.234137512846246,-351.5879735979593,-325.261088426703,1.0215508398164348,1.0622116863273015,1.0897057330750413,1.0145485754679213,0.9736035423259282,0.9818133712530853,1.0706717377353092,0.9730235205210506,1.0144479480179804,1.0010316500092553,1.0016300914607104,0.9963291162150022,0.9943064327580863,7.53e-5,-0.00275,0.30699999999999994,0.5872523687443223,0.0222845250546736,0.1498400961779122,0.7031518934160035
0.43198526514928176,-0.0028252999999999998,5.023417134716609,48.72109132566425,-349.4740652556219,-323.004565333112,1.0213227531516005,1.0637009925137433,1.087551284970343,1.0131459883617222,0.9767631274853817,0.985818409996936,1.0774664234473155,0.9879294301758669,1.0133707373654024,1.0007968508780682,1.001032856299949,0.9969197912518124,0.9950843794537362,7.53e-5,-0.00275,0.30699999999999994,0.5872523687443223,0.02227094405505002,0.1497940855159745,0.7171719048212541
0.445899873879836,-0.0028252999999999998,5.043692823158632,45.95071811544483,-348.1203711974039,-321.6193787280023,1.0210745945366477,1.0651358427343438,1.0855058082060414,1.0118030388201307,0.9794479319423954,0.9890515255330027,1.0847355222041994,1.0010157311558383,1.012330061226997,1.0005593061396592,1.0004432635361187,0.9974212383348485,0.9957107603771765,7.53e-5,-0.00275,0.30699999999999994,0.5872523687443223,0.022255656103544276,0.1497422755176117,0.731191916226505
0.45985701566243137,-0.0028252999999999998,5.065984315790647,44.5027754547383,-347.35642420256386,-320.895407397649,1.0208382138321697,1.0664523406544777,1.0835915385812451,1.0105358035470036,0.9816401698589321,0.9915111464321834,1.091583708033477,1.0120153942359054,1.0113382604049954,1.0003206702658756,0.999865358049532,0.9978331295475201,0.9961868119172828,7.53e-5,-0.00275,0.30699999999999994,0.5872523687443223,0.02223828376675288,0.1496833805437229,0.7452119276317558
0.473845717512708,-0.0028252999999999998,5.089936038803885,43.917258526216074,-346.99235207437926,-320.6026489333879,1.0206381856343847,1.0675683569490686,1.0818076123707587,1.0093570568673211,0.9833246808137089,0.993207757122119,1.0969861990674512,1.0206072970321571,1.0104079358131817,1.000084181595772,0.9993047164352635,0.9981548209256794,0.9965137059185554,7.53e-5,-0.00275,0.30699999999999994,0.5872523687443223,0.022218775424210805,0.1496172173685216,0.7592319390370066
0.4878549816340532,-0.0028252999999999998,5.115057109673763,43.74754834072337,-346.84231387570895,-320.51779384064156,1.0205090745642293,1.0683932401552685,1.0801666751263506,1.0082796721008653,0.9844946677531472,0.9941606168093283,1.099891777521992,1.0264858765910307,1.009549866339475,0.9998522267089115,0.9987662590915843,0.9983883275722503,0.9966969721934902,7.53e-5,-0.00275,0.30699999999999994,0.5872523687443223,0.022197495296050706,0.14954501274662896,0.7732519504422574
0.5018737940639746,-0.0028252999999999998,5.140579685864433,43.626609678168165,-346.7525543968677,-320.45732450936396,1.020478625821569,1.0688483668556759,1.0786645709226117,1.00731158410657,0.9851504994749858,0.9943890226038843,1.0993658855871833,1.0293859304823783,1.008769623333867,0.9996274442587229,0.9982563110590567,0.9985361657622569,0.9967435776096868,7.53e-5,-0.00275,0.30699999999999994,0.5872523687443223,0.022175312148784633,0.149469708114997,0.7872719618475081
0.5158911333331818,-0.0028252999999999998,5.165724996553404,43.33125025542063,-346.628077319392,-320.3096447979902,1.020558017269596,1.068884430612993,1.0772817154016279,1.0064536536377968,0.9852904798132174,0.9939125293961562,1.0948515446185028,1.029145963106881,1.008072576557044,0.9994120943992593,0.9977755638937987,0.9985998519068414,0.9966561573040181,7.53e-5,-0.00275,0.30699999999999994,0.5872523687443223,0.02215370140593378,0.1493963112046871,0.8012919732527589
0.5298959791305704,-0.0028252999999999998,5.189681619830309,42.8241830377317,-346.4493308780941,-320.0561111891457,1.0207534164770184,1.0684981944837337,1.0760179912795704,1.0057052323702098,0.9849188022184784,0.9927309633033987,1.086202561204067,1.0257631557576785,1.0074571505526244,0.999207900707457,0.9973284033246376,0.9985803591703228,0.9964381385115186,7.53e-5,-0.00275,0.30699999999999994,0.5872523687443223,0.022134336398224246,0.14933051179175813,0.8153119846580097
0.5438773209672962,-0.0028252999999999998,5.212024671886134,42.2582561210146,-346.2747713532096,-319.7731477307872,1.0210500046578532,1.0677302581259438,1.074865786623967,1.0050611814261479,0.9840381238407079,0.9908327986275426,1.0737855004681318,1.0193862265205496,1.0069205809245492,0.9990161470021846,0.9969162163562286,0.9984767056411803,0.9960881813011017,7.53e-5,-0.00275,0.30699999999999994,0.5872523687443223,0.022118914699012684,0.1492780910290754,0.8293319960632605
0.5578241668331257,-0.0028252999999999998,5.232330035914664,41.941261496872016,-346.2267697145889,-319.6146504187159,1.0214243901545064,1.0666537647844758,1.0738179436917143,1.0045140336472607,0.9826542532233857,0.9881984803250459,1.058326421098167,1.0102908867353368,1.006457378773802,0.9988378957106959,0.9965407291258213,0.99828727541409,0.9956039853336792,7.53e-5,-0.00275,0.30699999999999994,0.5872523687443223,0.022108780652497224,0.14924363409789135,0.8433520074685112
0.5717255518382599,-0.0028252999999999998,5.250489179559348,42.274811979816036,-346.46561986281426,-319.7814256601879,1.0218442143901127,1.0653614017861783,1.0728727047312296,1.0040558900752057,0.9807755423635047,0.9848113369568762,1.040786260537109,0.9988151150743912,1.00606322663057,0.9986734867725114,0.9962007721801789,0.9980105406105599,0.9949821155747582,7.53e-5,-0.00275,0.30699999999999994,0.5872523687443223,0.02210477603775831,0.14923001581661705,0.857372018873762
0.5855705468338358,-0.0028252999999999998,5.266506409769492,43.68760007488629,-347.162842925541,-320.487819707723,1.022278722418716,1.0639397437534022,1.0720300942354124,1.0036796853339232,0.9784175843635705,0.9806623710771804,1.0221469487350858,0.9853087547273477,1.0057333229180416,0.9985233030677027,0.9958963900766719,0.9976462433757467,0.9942218524026968,7.53e-5,-0.00275,0.30699999999999994,0.5872523687443223,0.022107187423978995,0.14923821623444675,0.8713920302790128
0.5993482670043292,-0.0028252999999999998,5.28049983318169,46.579484097629575,-348.47721837263884,-321.93376171909466,1.0227009886545435,1.0624547911529016,1.0712900951926667,1.003379399583661,0.9756024022388772,0.9757561690158258,1.003291658473398,0.970099095539801,1.0054637789470615,0.9983875136754577,0.9956270805845396,0.9971958775561256,0.9933252651511473,7.53e-5,-0.00275,0.30699999999999994,0.5872523687443223,0.022115850404981097,0.1492676728885325,0.8854120416842637
0.6130478804251023,-0.0028252999999999998,5.292579732961627,51.28479206412783,-350.53626136001793,-324.2864157023438,1.0230893502348375,1.0609601827332404,1.0706532096958845,1.0031499241657027,0.9723585807524201,0.9701114566603186,0.9849452711472916,0.9534674247435985,1.005251354819346,0.9982662461098004,0.9953923026134855,0.9966627207187445,0.99229749863534,7.53e-5,-0.00275,0.30699999999999994,0.5872523687443223,0.022130291050977052,0.1493167627523991,0.8994320530895143
0.62665861657837,-0.0028252999999999998,5.302862737748969,58.054384767876854,-353.4290520168621,-327.6712120542183,1.0234285752363272,1.0594913596235598,1.0701199052137853,1.0029869901451007,0.9687197476037931,0.9637594520031483,0.967651373742635,0.9356576859179424,1.0050933957530448,0.998159511455314,0.9951913165853966,0.9960516335646591,0.9911463731560084,7.53e-5,-0.00275,0.30699999999999994,0.5872523687443223,0.022149863427577916,0.1493832725596214,0.9134520644947652
0.6401697748208868,-0.0028252999999999998,5.311461751406316,67.05206916258521,-357.20482055364965,-332.1700542515725,1.0237086801132196,1.0580683031920937,1.0696893706426134,1.0028868533166804,0.9647233648029243,0.9567410721508014,0.9517849956840392,0.9168845331665255,1.004987540575353,0.9980672103519952,0.9950232214268385,0.9953686920772045,0.9898817721930203,7.53e-5,-0.00275,0.30699999999999994,0.5872523687443223,0.02217385293147712,0.14946475325270112,0.927472075900016
0.6535707327967015,-0.0028252999999999998,5.318484395818744,78.36013792200458,-361.87590255471423,-337.82408863128217,1.023923359288204,1.0566991892797277,1.069359971292035,1.0028461345226498,0.9604093246083026,0.9491036955272266,0.9375834271326948,0.8973406208491587,1.004931630568234,0.9979891272704131,0.9948869497897406,0.9946207654180137,0.9885149092133669,7.53e-5,-0.00275,0.30699999999999994,0.5872523687443223,0.0222015469490534,0.14955876282972397,0.9414920873052668
0.666850954788361,-0.0028252999999999998,5.324045638054948,91.98966390486919,-367.42303950806235,-344.63885162271447,1.0240685551879594,1.0553845988742234,1.069130432204967,1.002861888699234,0.955818910061746,0.9408986066388724,0.925184979569895,0.8772056083399209,1.004923853680625,0.9979249605247592,0.9947813382735384,0.9938152231666894,0.9870578291194659,7.53e-5,-0.00275,0.30699999999999994,0.5872523687443223,0.022232280196559092,0.14966302226310454,0.9555120987105176
0.68,-0.0028252999999999998,5.328247373258795,107.8925407892508,-373.80212714584235,-352.5902900649053,1.0241473906462335,1.054115911515723,1.068994325770561,1.0029304850711611,0.9509931151068174,0.9321798079215143,0.9146020436087337,0.8566467855024331,1.0049612828777843,0.9978740312760802,0.9947045680402034,0.9929598088159924,0.9855231629203592,7.53e-5,-0.00275,0.30699999999999994,0.5872523687443223,0.022265415281587535,0.14977535082355248,0.9695321101157683
0.35,-0.0028003,4.931537309056723,108.37453213395497,-376.2245286109059,-352.83128573725736,1.0216739123320804,1.0497474383230643,1.1016430771534007,1.0218627508873908,0.9520573818272086,0.9511701950404567,1.0633224770052634,0.8763084902722509,1.019859932371814,1.0020819276450492,1.0045744794744413,0.9922288722265719,0.9884040753519272,7.53e-5,-0.002725,0.30699999999999994,0.5872523687443223,0.022338640859453644,0.15002329757346317,0.6330518363897495
0.36343145033847896,-0.0028003,4.940506572666443,91.64309018614335,-369.1055961832275,-344.46556476335155,1.0217023799752343,1.05103153307413,1.0991641272499502,1.0203605855125912,0.957058730052062,0.9585635348979861,1.0606634915931585,0.8970379108382783,1.0187818055662776,1.0018986600301496,1.0040138370127036,0.9931766175126304,0.9898194509363891,7.53e-5,-0.002725,0.30699999999999994,0.5872523687443223,0.022327870979307867,0.14998685496667769,0.6470718477950003
0.37697026969153374,-0.0028003,4.950745674121183,77.51966006610633,-363.0155578859067,-337.40384970333304,1.021666203809324,1.0523655375467278,1.0967112499750797,1.0188536581525849,0.9617672194387853,0.9653650701991068,1.0603650697350606,0.9169437510209583,1.017683113405127,1.001702812112427,1.0034409933239934,0.9940656647851995,0.9911268696386798,7.53e-5,-0.002725,0.30699999999999994,0.5872523687443223,0.022317075622277287,0.14995031753255644,0.661091859200251
0.3906058139562867,-0.0028003,4.962566818400848,65.99333999807493,-357.9766635368063,-331.64068966931734,1.0215789157637774,1.0537458352970872,1.094307791750983,1.01735339126464,0.9661464323888368,0.9715244024657866,1.0622825521484618,0.935837239603227,1.016570956056045,1.0014935374777043,1.0028542895264378,0.9948911644215395,0.9923173867071785,7.53e-5,-0.002725,0.30699999999999994,0.5872523687443223,0.02230601908141874,0.1499128871561399,0.6751118706055018
0.40432736298556926,-0.0028003,4.976078454758621,56.98032440768213,-353.97617876485094,-327.13418187412094,1.0214305698721342,1.0551714333932347,1.091969873787017,1.0158705431316943,0.9701497188558615,0.9769969682036851,1.0662668410064033,0.9535572720869167,1.0154583655539795,1.0012752060133083,1.0022625699370642,0.9956425131312552,0.9933766973205285,7.53e-5,-0.002725,0.30699999999999994,0.5872523687443223,0.022294522874692378,0.14987395873812778,0.6891318820107526
0.4181241290160105,-0.0028003,4.991449846797829,50.31334461546828,-350.96365895163467,-323.800691978014,1.021242853609155,1.0566263045516369,1.0897164891465159,1.0144199330099641,0.973744576785965,0.9817433053653247,1.071897098501004,0.9699139435693769,1.014355138341988,1.001047485943584,1.0016657696741746,0.9963163167147471,0.9942990562904609,7.53e-5,-0.002725,0.30699999999999994,0.5872523687443223,0.02228215401540486,0.14983206439235686,0.7031518934160035
0.43198526514928176,-0.0028003,5.008887010012758,45.735291107253715,-348.84542735317655,-321.51166522390673,1.0210192000969802,1.058083463753158,1.0875628825071817,1.0130147167844668,0.9768955605676733,0.9857373582406602,1.0787198566281986,0.984709149525344,1.0132749675028823,1.0008142956258466,1.0010717052635687,0.9969055001751221,0.9950756984525063,7.53e-5,-0.002725,0.30699999999999994,0.5872523687443223,0.022268522846631705,0.14978588133672371,0.7171719048212541
0.445899873879836,-0.0028003,5.028343795621953,42.901390268462364,-347.4863967973872,-320.09471480451106,1.0207740181627496,1.0594945060729275,1.0855155157623637,1.011668339261663,0.9795715967904379,0.988958917348712,1.0860014774805606,0.9976824743922049,1.0122310358675604,1.0005786612819234,1.0004857560658134,0.997405265269241,0.9957006349295265,7.53e-5,-0.002725,0.30699999999999994,0.5872523687443223,0.02225320209645317,0.14973395740759077,0.731191916226505
0.45985701566243137,-0.0028003,5.049874717523879,41.3946992295721,-346.717490770953,-319.3413692850659,1.0205408379719327,1.060789570592436,1.0835977245883188,1.0103972253185571,0.9817558745948316,0.991409232276199,1.09285452609663,1.008583849284696,1.011235944693909,1.000342060480036,0.99991146836436,0.9978157072240301,0.9961756159800738,7.53e-5,-0.002725,0.30699999999999994,0.5872523687443223,0.022235830125011652,0.1496750604979646,0.7452119276317558
0.473845717512708,-0.0028003,5.0730758506658455,40.759518220239784,-346.3494136992085,-319.02377878039977,1.0203470580747158,1.0618866262243138,1.0818166726579077,1.009215085852487,0.9834340578609675,0.9930958908205361,1.098238687250749,1.017095775263299,1.0103016706173902,1.0001072112373546,0.9993543146523692,0.9981365592040146,0.9965024879032203,7.53e-5,-0.002725,0.30699999999999994,0.5872523687443223,0.022216331725680157,0.14960892748562027,0.7592319390370066
0.4878549816340532,-0.0028003,5.097521263876153,40.55381641906638,-346.19695686676783,-318.92092787981306,1.0202217521311387,1.0626963642971738,1.08017239428047,1.0081332618987726,0.984599298977184,0.9940412401252386,1.1011201797055978,1.022916563787537,1.0094392837094848,0.9998770909546129,0.9988193837174482,0.9983693362635175,0.9966859189060819,7.53e-5,-0.002725,0.30699999999999994,0.5872523687443223,0.02219510122660238,0.14953688742362412,0.7732519504422574
0.5018737940639746,-0.0028003,5.12249593026887,40.414577250919024,-346.106204679763,-318.8513082957394,1.020193464103844,1.0631445574922298,1.0786698592949286,1.0071606232032375,0.985252238493125,0.9942649422161131,1.100580045073377,1.0257825002143872,1.0086549989425946,0.999654068416743,0.9983124942895245,0.9985166801143668,0.9967328920558369,7.53e-5,-0.002725,0.30699999999999994,0.5872523687443223,0.02217300934568939,0.14946188873248717,0.7872719618475081
0.5158911333331818,-0.0028003,5.147154613363492,40.121121599303706,-345.9827168222641,-318.7045804699317,1.0202729915506379,1.0631810561180552,1.0772833627432854,1.0062975000370142,0.9853911065180525,0.9937861451335964,1.0960501692606754,1.0255381671666552,1.0079539486881035,0.9994402703256422,0.9978338672994594,0.998580206822262,0.9966460179236155,7.53e-5,-0.002725,0.30699999999999994,0.5872523687443223,0.02215150865391272,0.1493888619713062,0.8012919732527589
0.5298959791305704,-0.0028003,5.170737794744405,39.63649906272292,-345.8067837461212,-318.46226920164133,1.020467174048093,1.0628044871299014,1.076019003506061,1.0055442898308569,0.9850215565462547,0.9926038363734465,1.0873893705452833,1.0221776458324765,1.0073341117658432,0.9992375116093098,0.9973892073891851,0.9985609101170266,0.9964293533612175,7.53e-5,-0.002725,0.30699999999999994,0.5872523687443223,0.022132243732952712,0.1493233995427561,0.8153119846580097
0.5438773209672962,-0.0028003,5.192756799009346,39.1116299819206,-345.6368823678056,-318.1998346612402,1.0207616062597298,1.0620537998995827,1.0748664267046353,1.004895521198063,0.9841452505168655,0.9907072781873888,1.0749634713217364,1.015850646875808,1.0067931897801734,0.9990470233340701,0.9969791914000504,0.9984577882793075,0.9960812060620268,7.53e-5,-0.002725,0.30699999999999994,0.5872523687443223,0.02211690384312961,0.14927125449995218,0.8293319960632605
0.5578241668331257,-0.0028003,5.212813956047708,38.85065052397658,-345.59500938013116,-318.06934493226817,1.0211318971435637,1.0610013300849015,1.0738186325161216,1.004343741717474,0.9827669129673647,0.9880772747929041,1.0595034608716085,1.0068283167904994,1.0063263047088666,0.9988696802073138,0.9966045636142568,0.9982691373412735,0.9955986951057154,7.53e-5,-0.002725,0.30699999999999994,0.5872523687443223,0.022106824747159876,0.14923698290480428,0.8433520074685112
0.5717255518382599,-0.0028003,5.230759657989796,39.2506894916645,-345.8416238504277,-318.2693644161121,1.0215476697891657,1.059734861873618,1.072873278375666,1.0038813597360587,0.9808952584575708,0.9846956958349056,1.0419570629943824,0.995445322542671,1.005928521059553,0.9987060340322209,0.9962654287368221,0.9979934399764838,0.9949789634995229,7.53e-5,-0.002725,0.30699999999999994,0.5872523687443223,0.02210283603395184,0.14922341811488518,0.857372018873762
0.5855705468338358,-0.0028003,5.246591351663363,40.73599504115339,-346.5475592898613,-319.01201719085657,1.0219784144126296,1.0583408188653953,1.0720307607780846,1.0035013299501279,0.9785450649271492,0.9805534512833807,1.0233061297958956,0.9820460301508106,1.0055953125964425,0.9985564263130126,0.9959615129335906,0.9976303731105017,0.9942210389436653,7.53e-5,-0.002725,0.30699999999999994,0.5872523687443223,0.022105229624024846,0.1492315583639581,0.8713920302790128
0.5993482670043292,-0.0028003,5.260375443340149,43.70284750072017,-347.8700460293049,-320.49544342063996,1.0223970753920841,1.0568918192287997,1.0712914588822315,1.003197515274302,0.9757380808085198,0.9756546373243629,1.0044356355989172,0.9669475359354432,1.0053227265815392,0.9984210902916779,0.9956924270907486,0.9971813437510381,0.9933268866041003,7.53e-5,-0.002725,0.30699999999999994,0.5872523687443223,0.022113847897674583,0.14926086428262267,0.8854120416842637
0.6130478804251023,-0.0028003,5.272210978286366,48.48302519254605,-349.93630190239026,-322.8855322665529,1.0227823294562863,1.0554416670475901,1.0706558418715295,1.0029647897052318,0.9725025358425855,0.9700175988487301,0.9860682516124447,0.9504279740585941,1.005107501616502,0.9983001691112784,0.9954576666535166,0.9966495844444253,0.9923015898015111,7.53e-5,-0.002725,0.30699999999999994,0.5872523687443223,0.022128224913868327,0.1493097400382664,0.8994320530895143
0.62665861657837,-0.0028003,5.282222230132941,55.32576651947181,-352.83552849739453,-326.3069029300158,1.023119250364182,1.0540241277396778,1.070124215917222,1.0027989068572258,0.968871771974699,0.963673377594788,0.9687457953305807,0.932731081402264,1.0049469979921632,0.9981936747920761,0.9952564915442071,0.9960399326493479,0.9911529283105198,7.53e-5,-0.002725,0.30699999999999994,0.5872523687443223,0.02214772270453084,0.1493759994678365,0.9134520644947652
0.6401697748208868,-0.0028003,5.290548648082882,64.3939213415232,-356.6175295266565,-330.8409803410415,1.0233979056437656,1.052654535062357,1.0696956678626042,1.0026962551866596,0.9648829598513214,0.9566627279563763,0.9528428547656612,0.9140732202774631,1.0048389744994726,0.9981014883719568,0.9950879571948998,0.9953584318415224,0.9898907033949346,7.53e-5,-0.002725,0.30699999999999994,0.5872523687443223,0.022171635082045598,0.1494572221031371,0.927472075900016
0.6535707327967015,-0.0028003,5.297295528161793,75.76936456487681,-361.2943643191764,-336.5287019527183,1.0236118089679103,1.0513428859295788,1.0693690165771834,1.0026534626769443,0.9605759012466664,0.9490327244109122,0.9385999580241242,0.8946447229774473,1.0047812925449178,0.9980234207606229,0.9949510591669981,0.9946119139047794,0.9885260823262514,7.53e-5,-0.002725,0.30699999999999994,0.5872523687443223,0.02219925599311404,0.14955098816982895,0.9414920873052668
0.666850954788361,-0.0028003,5.302557690956512,89.46316206888093,-366.8468239360913,-343.37560070472034,1.0237593423668454,1.0500901334820008,1.0691398241671644,1.0026670809032117,0.9559919234294744,0.940835440799475,0.9261348879702733,0.8746225186748673,1.0047714177345066,0.9979590801327538,0.9948445040142234,0.993807834358851,0.9870713070269933,7.53e-5,-0.002725,0.30699999999999994,0.5872523687443223,0.022229902984548872,0.14965496032583328,0.9555120987105176
0.68,-0.0028003,5.306443500014247,105.4274586218313,-373.2305570219046,-351.3577489811955,1.0238375157692303,1.0488953746994298,1.0690094578642144,1.002734797843249,0.9511734655162618,0.93212544333543,0.9155335381790123,0.8541914154639139,1.0048082695349503,0.9979082754423381,0.9947673782113293,0.9929540335725132,0.9855392740164625,7.53e-5,-0.002725,0.30699999999999994,0.5872523687443223,0.02226299305057773,0.149767142183382,0.9695321101157683
0.35,-0.0027753,4.920521984450697,105.99192649299312,-375.65670674513126,-351.63998291677643,1.0213574973255881,1.0443858152928636,1.1016528484173604,1.0217479666363887,0.9522219531059414,0.9511289575562093,1.064340920023877,0.8737333181702732,1.0197830398553596,1.0020911335879588,1.0045977964268675,0.9922216705098177,0.9884014384754221,7.53e-5,-0.0027,0.30699999999999994,0.5872523687443223,0.02233664192628434,0.15001653432761755,0.6330518363897495
0.36343145033847896,-0.0027753,4.92901563241836,89.21029534267723,-368.5389253712133,-343.2491673416185,1.0213923368646969,1.0456013110072524,1.099177565461529,1.020242459224327,0.9572158074414131,0.9585108532627903,1.0617382339058323,0.8943647744745584,1.0187008336537968,1.0019086809340765,1.0040388021327797,0.9931684728214406,0.9898158044181178,7.53e-5,-0.0027,0.30699999999999994,0.5872523687443223,0.02232577444276751,0.14997975980774048,0.6470718477950003
0.37697026969153374,-0.0027753,4.938661820829169,75.0336985088436,-362.4494361863023,-336.1608689247017,1.021352821272083,1.0468743400195928,1.0967226585387702,1.0187330064891513,0.961917554462735,0.9653020839309009,1.0615592253602886,0.9141585341670336,1.0175990709565776,1.0017140669923945,1.0034682218250912,0.9940556935620901,0.9911209655116254,7.53e-5,-0.0027,0.30699999999999994,0.5872523687443223,0.02231492018912309,0.1499430213254561,0.661091859200251
0.3906058139562867,-0.0027753,4.949831812813021,63.45098079946922,-357.40959922994097,-330.3695100700145,1.0212663271233087,1.0482027058578969,1.0943224069403006,1.0172301096516103,0.9662877098805502,0.9714494947464233,1.0635629664249597,0.9329396379683512,1.016484048966734,1.0015062313239091,1.0028843395756244,0.9948792309941276,0.9923092335504412,7.53e-5,-0.0027,0.30699999999999994,0.5872523687443223,0.02230379892939786,0.1499053700484455,0.6751118706055018
0.40432736298556926,-0.0027753,4.9625912451042735,54.378403210007036,-353.40702643393206,-325.8332212752834,1.0211185087852463,1.0495849392081809,1.091981207118786,1.0157445965954917,0.970281968113468,0.9769104472362113,1.0676119969786855,0.9505477909530204,1.0153687683889967,1.0012896579455028,1.002296047735733,0.9956286003352818,0.9933665079816225,7.53e-5,-0.0027,0.30699999999999994,0.5872523687443223,0.022292245640689098,0.14986624641199034,0.6891318820107526
0.4181241290160105,-0.0027753,4.977169451345705,47.64929515801077,-350.39121760739505,-322.46866724928526,1.020934316296097,1.05100338723347,1.089727397369227,1.014291489826596,0.9738680600642349,0.9816449174148565,1.0732932930087826,0.966789858055941,1.0142625508886387,1.0010633854147493,1.0017020841332973,0.9963008466194786,0.9942873032054146,7.53e-5,-0.0027,0.30699999999999994,0.5872523687443223,0.022279813798555925,0.14982413660682473,0.7031518934160035
0.43198526514928176,-0.0027753,4.9937355477751115,43.00800884141654,-348.26910700155224,-320.14802409098814,1.0207144277413944,1.0524274474906863,1.0875728449918511,1.012883381911672,0.9770096502096416,0.98562662579293,1.0801475729461965,0.9814722348792049,1.0131793164109568,1.0008318581190223,1.0011112390034314,0.9968883358454166,0.9950623071441355,7.53e-5,-0.0027,0.30699999999999994,0.5872523687443223,0.02226613108865674,0.14977777652131638,0.7171719048212541
0.445899873879836,-0.0027753,5.012356852649311,40.112188438728595,-346.906202747582,-318.7001138896442,1.0204739628809794,1.0538073615964114,1.0855245023186222,1.0115337640796773,0.9796773981967671,0.9888370065608136,1.0874502762302765,0.9943449090444885,1.0121319257182275,1.0005979641487848,1.0005287648345722,0.9973867359386688,0.995686288536384,7.53e-5,-0.0027,0.30699999999999994,0.5872523687443223,0.022250770552305288,0.14972571499594745,0.731191916226505
0.45985701566243137,-0.0027753,5.033039773869964,38.54828571572432,-346.13320145905374,-317.91816252814203,1.0202455377218458,1.0550775860977029,1.0836051308353598,1.0102590068241353,0.9818537066629726,0.9912771964600767,1.0943126400279206,1.00515642177632,1.0111333271958673,1.0003632906946454,0.99995817514459,0.9977958720726242,0.9961605000054463,7.53e-5,-0.0027,0.30699999999999994,0.5872523687443223,0.022233389879353832,0.14966678543199324,0.7452119276317558
0.473845717512708,-0.0027753,5.05541766635644,37.86470480011758,-345.76085093623885,-317.57637207033866,1.0200561022326018,1.0561598860741908,1.0818231768971571,1.0090727789862977,0.9835249995327127,0.9929547006467544,1.0996982719986963,1.0135881513091054,1.0101952853633034,1.0001303989567418,0.9994046788838681,0.9981155981889155,0.9964868935806721,7.53e-5,-0.0027,0.30699999999999994,0.5872523687443223,0.022213913664944792,0.14960072413652645,0.7592319390370066
0.4878549816340532,-0.0027753,5.079054389373995,37.62387346317746,-345.60523559261554,-317.4559564018686,1.019934031785462,1.0569607691548633,1.0801758268261652,1.007986145051896,0.9846856774549297,0.9938918193344263,1.1025639255873145,1.0193458001475255,1.0093281729194874,0.9999021559090896,0.9988734389993603,0.9983476051761541,0.9966704895859478,7.53e-5,-0.0027,0.30699999999999994,0.5872523687443223,0.022192721423789044,0.14952881009623087,0.7732519504422574
0.5018737940639746,-0.0027753,5.103371982292737,37.46677058420357,-345.5129139552145,-317.37740496238166,1.0199073146468909,1.057406873652367,1.0786748203046628,1.007008984808767,0.9853368128541607,0.9941100896711521,1.1020232688321068,1.0221729507659008,1.008539197835777,0.9996810731797177,0.9983705582980091,0.9984944877359655,0.9967183027169454,7.53e-5,-0.0027,0.30699999999999994,0.5872523687443223,0.022170704795457553,0.14945406302011235,0.7872719618475081
0.5158911333331818,-0.0027753,5.127419464112064,37.17524637262591,-345.3904730837941,-317.2316428565928,1.0199868394680933,1.0574435213728277,1.0772798008447346,1.006139639707686,0.9854735792290631,0.9936290395086603,1.097468312043123,1.0219273151529864,1.0078340444293226,0.9994688583150941,0.9978935013200018,0.9985578050351278,0.9966316314054235,7.53e-5,-0.0027,0.30699999999999994,0.5872523687443223,0.022149311529563495,0.1493813975227892,0.8012919732527589
0.5298959791305704,-0.0027753,5.150577733805089,36.712683228428205,-345.2177673011181,-317.000361284494,1.020180271706484,1.0570737229606315,1.0760146135000774,1.005381336539811,0.9851059712610591,0.9924461301657588,1.0887911839992377,1.018591696982302,1.0072096292282475,0.9992675850768644,0.9974513643438048,0.998538738791719,0.9964163858259645,7.53e-5,-0.0027,0.30699999999999994,0.5872523687443223,0.022130139654909283,0.1493162481743382,0.8153119846580097
0.5438773209672962,-0.0027753,5.172216823638366,36.22804479706804,-345.0531980935134,-316.7580420688139,1.0204730382373237,1.0563351367752962,1.0748605197974983,1.0047275122148678,0.9842340433201702,0.9905513846796101,1.076344651062193,1.012317610937585,1.0066640328913896,0.9990784155574233,0.9970436209385988,0.9984362122095274,0.9960701985933306,7.53e-5,-0.0027,0.30699999999999994,0.5872523687443223,0.022114871565634752,0.14926434483277076,0.8293319960632605
0.5578241668331257,-0.0027753,5.191961916472564,36.021815253431214,-345.0180204078755,-316.6549272969955,1.0208401059017458,1.0553015016232332,1.0738115871157343,1.0041708706157295,0.9828615322517174,0.9879254764338669,1.060867222115543,1.0033697225953975,1.0061929828248952,0.9989021317302266,0.9966704267824931,0.998248409911073,0.9955897380948738,7.53e-5,-0.0027,0.30699999999999994,0.5872523687443223,0.022104837457103812,0.14923022469123648,0.8433520074685112
0.5717255518382599,-0.0027753,5.209608919514697,36.48674043316271,-345.27173877203523,-316.88738988686123,1.021251877199784,1.0540631979380393,1.072865758467317,1.0037039024308738,0.9809970753267351,0.9845495146580517,1.0433046749285635,0.9920748841919521,1.0057912862266218,0.9987393751494966,0.996332370421738,0.9979737728206008,0.9949722872608694,7.53e-5,-0.0027,0.30699999999999994,0.5872523687443223,0.022100858534340767,0.1492166926035119,0.857372018873762
0.5855705468338358,-0.0027753,5.225138550259962,38.042859660274075,-345.98483218506686,-317.6654495004169,1.021678387713419,1.052705361579476,1.072023206622881,1.0033195825275443,0.9786549965312629,0.9804139466185415,1.024634640109305,0.9787732871215966,1.005454407518288,0.9985905019215245,0.9960292320115958,0.9976119277607428,0.9942168112815619,7.53e-5,-0.0027,0.30699999999999994,0.5872523687443223,0.022103227850651296,0.14922475065554894,0.8713920302790128
0.5993482670043292,-0.0027753,5.238633647401995,41.08283485052539,-347.3147100560395,-319.18543709554257,1.0220933686009137,1.0512955430545734,1.071284326234385,1.0030119376189497,0.9758565077045716,0.9755226619101524,1.0057381919156791,0.9637819975245123,1.0051785255411543,0.9984557306506047,0.9957605946635886,0.9971642597829145,0.9933252275168253,7.53e-5,-0.0027,0.30699999999999994,0.5872523687443223,0.022111795294746703,0.1492538850368608,0.8854120416842637
0.6130478804251023,-0.0027753,5.250185876505394,45.9357377332974,-349.38820701943496,-321.6118885369286,1.0224759029697863,1.0498875349837211,1.0706497158831398,1.0027758717691033,0.9726294251282187,0.9698936755573095,0.9873368129692388,0.9473760652656789,1.0049604112514892,0.9983352131354037,0.9955259673786412,0.9966339561845136,0.9923025475056463,7.53e-5,-0.0027,0.30699999999999994,0.5872523687443223,0.022126103598714933,0.1493025294428549,0.8994320530895143
0.62665861657837,-0.0027753,5.25990087250693,52.84904777668612,-352.2940519162663,-325.06854355862293,1.0228108716424622,1.0485170309395533,1.0701194720498812,1.0026070685862218,0.9690069028169691,0.9635577058415405,0.9699731499135635,0.9297953286975398,1.0047973785600282,0.9982289907292498,0.9953246619483653,0.9960258004521454,0.9911564753049358,7.53e-5,-0.0027,0.30699999999999994,0.5872523687443223,0.02214552269462141,0.14936852459139896,0.9134520644947652
0.6401697748208868,-0.0027753,5.267887522415332,61.98473497886346,-356.08137050434925,-329.6363871597116,1.0230877560965044,1.047204031071203,1.0696930116739265,1.0025017889233685,0.965026015482573,0.9565549658345497,0.9540257937549156,0.9112503899592437,1.0046871099159194,0.9981369959433845,0.9951558353781302,0.9953457597468939,0.9898967139820152,7.53e-5,-0.0027,0.30699999999999994,0.5872523687443223,0.022169353710363462,0.14944947486700697,0.927472075900016
0.6535707327967015,-0.0027753,5.274258782159046,73.424391049713,-360.7625361123055,-335.3562151951364,1.0232994494348782,1.0459571903022693,1.0693698407536543,1.0024568491006418,0.960726537760238,0.948932385540947,0.9397431498391441,0.8919333334890855,1.0046276921191428,0.9980590725094256,0.9950185494728275,0.9946006474186693,0.9885343980855786,7.53e-5,-0.0027,0.30699999999999994,0.5872523687443223,0.022196901374591453,0.1495429970540278,0.9414920873052668
0.666850954788361,-0.0027753,5.279117837354877,87.17914971776008,-366.31850394495524,-342.2335945291599,1.0234465590282809,1.0447763260153282,1.0691447659968387,1.0024685023127664,0.956149461101639,0.9407417506263336,0.9272274391330029,0.8720194283319828,1.0046161667713345,0.9979947647588083,0.9949114304091097,0.9937979856031584,0.9870818924291204,7.53e-5,-0.0027,0.30699999999999994,0.5872523687443223,0.0222274759416939,0.14964672896054837,0.9555120987105176
0.68,-0.0027753,5.282557166446398,103.20143777425051,-372.7050650093024,-350.2447385574051,1.0235261879324045,1.0436562548364545,1.069016660999484,1.0025341865546997,0.9513361617866956,0.9320363850088913,0.9165441854941616,0.851678840570695,1.0046510653265388,0.9979436022762981,0.9948329623905625,0.992945294968242,0.9855513894033882,7.53e-5,-0.0027,0.30699999999999994,0.5872523687443223,0.022260485551943016,0.14975864412210546,0.9695321101157683
0.35,-0.0027503,4.90926751494709,103.85620032145653,-375.14016063399134,-350.57211983100814,1.0210475902976814,1.0389703784645545,1.1016696550052887,1.0216328903260383,0.9523694747683304,0.9510583738314132,1.0654635701293032,0.8711376241705814,1.0197050529774148,1.0020994674512633,1.0046197847520981,0.9922127163883571,0.9883951251827372,7.53e-5,-0.002675,0.30699999999999994,0.5872523687443223,0.02233463390800885,0.15000974004523493,0.6330518363897495
0.36343145033847896,-0.0027503,4.917151162066129,87.02782089538812,-368.023150186077,-342.15793011797393,1.021074472551145,1.040129614326239,1.099188122850507,1.0201245455616592,0.9573562069616726,0.9584313615529342,1.0630003053202643,0.8916709374311593,1.0186206694836006,1.0019192455644068,1.0040654139196254,0.9931569263865406,0.9898069751867135,7.53e-5,-0.002675,0.30699999999999994,0.5872523687443223,0.022323733659129277,0.14997285301669952,0.6470718477950003
0.37697026969153374,-0.0027503,4.926172357155288,72.80103419631143,-361.93335083828254,-335.0445367684356,1.0210385516053289,1.041350792869759,1.096736906754327,1.018613017258546,0.9620499241199967,0.9652103111234238,1.0629021212487766,0.9113516237220531,1.0175157710633047,1.0017254942083993,1.003496361899653,0.9940428399998626,0.9911104409710214,7.53e-5,-0.002675,0.30699999999999994,0.5872523687443223,0.022312805249549646,0.1499358618556658,0.661091859200251
0.3906058139562867,-0.0027503,4.936662541338036,61.16449693890161,-356.89248556517344,-329.2262681397307,1.0209527298740109,1.042630819370847,1.0943372473262454,1.017107702719573,0.9664107872183996,0.9713444516670742,1.0649872217707226,0.9300133909690013,1.0163979238547616,1.0015190073556912,1.0029150612558866,0.994864411918353,0.992296341996571,7.53e-5,-0.002675,0.30699999999999994,0.5872523687443223,0.02230161884970452,0.14989798826398254,0.6751118706055018
0.40432736298556926,-0.0027503,4.948604777638348,52.03466400245259,-352.8888412352609,-324.66135167150617,1.0208068264172598,1.0439665578405264,1.0919935007181392,1.0156192908343826,0.9703974850372881,0.9767953834561388,1.0691184909606752,0.94752034163643,1.0152793522136165,1.00130387945202,1.002329630090066,0.9956123069420864,0.9933522169945124,7.53e-5,-0.002675,0.30699999999999994,0.5872523687443223,0.022289996002325552,0.14985862716624102,0.6891318820107526
0.4181241290160105,-0.0027503,4.962341628064888,45.24561911511546,-349.8707697074163,-321.2668292278376,1.0206251378768907,1.0453436462497498,1.0897386206833939,1.0141633928870843,0.973973951502404,0.9815178754990697,1.0748630424941417,0.9636539574399956,1.014170272786274,1.0010793140990457,1.001738961891007,0.9962826651064639,0.9942710741104434,7.53e-5,-0.002675,0.30699999999999994,0.5872523687443223,0.022277507640667937,0.14981632380236232,0.7031518934160035
0.43198526514928176,-0.0027503,4.9779708230474435,40.54308822968994,-347.7451946346852,-318.91556378512485,1.020409510689662,1.046734886148425,1.0875828892242068,1.012752370009877,0.9771064436411094,0.9854869128311274,1.08175832984427,0.9782254094607102,1.0130837010379714,1.0008492933363324,1.0011510989068704,0.9968686146043296,0.9950446121057094,7.53e-5,-0.002675,0.30699999999999994,0.5872523687443223,0.02226376537829546,0.14976975955351823,0.7171719048212541
0.445899873879836,-0.0027503,4.995638940615126,37.58698155465197,-346.37787994473615,-317.43751044760586,1.0201737077764172,1.0480899267485837,1.0855338420703835,1.0113994616436122,0.9797656448423986,0.988685681412542,1.0890957580913416,0.9909958501196888,1.012032837145372,1.0006172064032584,1.000572264359425,0.997365581887713,0.9956675912723448,7.53e-5,-0.002675,0.30699999999999994,0.5872523687443223,0.0222483637742125,0.14971755610248094,0.731191916226505
0.45985701566243137,-0.0027503,5.015335365923704,35.967036267433514,-345.60025314853704,-316.62753780399663,1.019949152008041,1.0493404321654012,1.0836120874476793,1.010120791852654,0.9819337474611416,0.9911146685552531,1.0959807901749252,1.0017120926168317,1.0110305071707864,1.0003845442270272,1.0000055882343375,0.997773279983385,0.9961408952315582,7.53e-5,-0.002675,0.30699999999999994,0.5872523687443223,0.02223096875518864,0.14965857476991384,0.7452119276317558
0.473845717512708,-0.0027503,5.036775114234046,35.23590057296951,-345.22435285044577,-316.26196995676463,1.0197625954772698,1.0504038402880738,1.081824462614716,1.0089297010534946,0.9835979394853638,0.9927828034222097,1.1013737363112364,1.010066556571977,1.010088362399714,1.0001537748716876,0.9994558925156382,0.9980917634348677,0.9964666528293336,7.53e-5,-0.002675,0.30699999999999994,0.5872523687443223,0.02221151190208296,0.1495925756465469,0.7592319390370066
0.4878549816340532,-0.0027503,5.059528151011711,34.960542661851036,-345.0661326624646,-316.1242910012054,1.019645083285419,1.0511922177209014,1.0801757566804577,1.0078383784105658,0.9847535486031391,0.9937115470485857,1.1042307501074544,1.015767771790575,1.009216612099645,0.9999274302304261,0.9989284164803807,0.9983230318347261,0.9966505010496244,7.53e-5,-0.002675,0.30699999999999994,0.5872523687443223,0.022190358279593373,0.14952078889129483,0.7732519504422574
0.5018737940639746,-0.0027503,5.083035057053414,34.785908522309,-344.97323982129484,-316.0369739314344,1.0196187496548177,1.0516295101813835,1.0786605656302184,1.0068543165764556,0.9853994413604495,0.9939256411426114,1.1036727864589777,1.0185672422802141,1.008423700349756,0.9997081903430626,0.998427077025213,0.9984692645240064,0.9966977054365943,7.53e-5,-0.002675,0.30699999999999994,0.5872523687443223,0.02216843839140807,0.14944636645553358,0.7872719618475081
0.5158911333331818,-0.0027503,5.106425953733688,34.49632062188891,-344.8513940771447,-315.89217998122433,1.0197011529018782,1.0516700953644404,1.0772726976574627,1.0059807184638676,0.9855383318721475,0.9934396886388176,1.099103113586614,1.0183127422850744,1.0077123658767904,0.999497902982099,0.9979554170219828,0.9985326574757936,0.9966134494698238,7.53e-5,-0.002675,0.30699999999999994,0.5872523687443223,0.022147102278371328,0.1493738915100306,0.8012919732527589
0.5298959791305704,-0.0027503,5.128990099668709,34.055480869021835,-344.68149737789065,-315.6717601047908,1.0198933543941673,1.0513102228687403,1.0760039388935394,1.0052166038498596,0.9851727021934549,0.9922563570217686,1.0904069257376217,1.0149995753822767,1.0070830204994419,0.9992982550418859,0.9975158949918846,0.9985138251415164,0.996399653513788,7.53e-5,-0.002675,0.30699999999999994,0.5872523687443223,0.02212801759563218,0.14930903535451157,0.8153119846580097
0.5438773209672962,-0.0027503,5.150149594541032,33.61043968160584,-344.5214709730049,-315.4492395110828,1.0201832472380854,1.050589306071172,1.0748471662519772,1.0045569992626384,0.9843047904765939,0.9903635714742074,1.0779391293151637,1.0087724159972962,1.0065326902330485,0.9991104693337476,0.997110093145603,0.9984118320635429,0.9960551596776278,7.53e-5,-0.002675,0.30699999999999994,0.5872523687443223,0.022112817383344512,0.1492573603747584,0.8293319960632605
0.5578241668331257,-0.0027503,5.169466370109287,33.458065925540836,-344.4923475743185,-315.3730526330503,1.020546881767499,1.0495791093308229,1.0737963794761025,1.003994976033747,0.9829383674560777,0.9877418205370264,1.0624376038997392,0.9998946047469097,1.006057073004626,0.9989353895083425,0.9967386040100237,0.9982248913925182,0.9955768805280358,7.53e-5,-0.002675,0.30699999999999994,0.5872523687443223,0.022102819581525757,0.14922336216110438,0.8433520074685112
0.5717255518382599,-0.0027503,5.1867500117375585,33.98667424141729,-344.7534035465023,-315.6373567909885,1.0209551645304542,1.0483669119610617,1.0728494457677944,1.0035230951909013,0.9810813654600602,0.9843718890979987,1.0448459525648677,0.9886899696465725,1.0056511593779995,0.9987736209076395,0.9964018432264456,0.9979513868562501,0.9949619237528179,7.53e-5,-0.002675,0.30699999999999994,0.5872523687443223,0.022098842221826398,0.1492098347859557,0.857372018873762
0.5855705468338358,-0.0027503,5.201946306930063,35.611933418208764,-345.4743459933533,-316.44998637938426,1.0213781939808202,1.0470386573062123,1.0720062833019717,1.0031343431864639,0.9787475250152208,0.9802435612427453,1.0261409278827953,0.9754910624002555,1.005310472491317,0.9986255388070815,0.9960995960622325,0.9975908554619727,0.9942091003901906,7.53e-5,-0.002675,0.30699999999999994,0.5872523687443223,0.02210118105453654,0.14921778952050804,0.8713920302790128
0.5993482670043292,-0.0027503,5.215087468345693,38.722963895609496,-346.8114729136379,-318.0055016180846,1.0217898533896437,1.0456667325680256,1.071267438762971,1.0028226494173662,0.9759577257986413,0.9753601288098525,1.0072054069361795,0.9606068257755997,1.005031099409798,0.9984914195554228,0.9958315857505355,0.9971446066803148,0.9933202573776465,7.53e-5,-0.002675,0.30699999999999994,0.5872523687443223,0.022109691746953528,0.14924673224022916,0.8854120416842637
0.6130478804251023,-0.0027503,5.226254902166321,43.646286378173954,-348.8913322792619,-320.46716285936685,1.0221695370157604,1.0443051539504409,1.0706335274481886,1.0025829095869743,0.9727394233827815,0.969739325436798,0.9887603385483471,0.9443100732217762,1.0048098203525566,0.9983714268406214,0.995597332327476,0.9966157889005804,0.9923003434001678,7.53e-5,-0.002675,0.30699999999999994,0.5872523687443223,0.02212392522717833,0.14929512455460808,0.8994320530895143
0.62665861657837,-0.0027503,5.235560386554422,50.62774155707041,-351.80276796194397,-323.9578904488151,1.0225019924704526,1.0429875230733596,1.0701045575708055,1.0024108534752056,0.9691254609117236,0.9634115251486617,0.9713483114358076,0.9268396546267317,1.0046440137244899,0.9982656035403432,0.9953961370635851,0.9960091301131061,0.9911569543115442,7.53e-5,-0.002675,0.30699999999999994,0.5872523687443223,0.022143260622493027,0.14936083847051265,0.9134520644947652
0.6401697748208868,-0.0027503,5.2431571360005575,59.828320808940816,-355.59538486001554,-328.5581800747503,1.0227769003792158,1.041728869228483,1.0696805245739083,1.0023029835252164,0.9651526306707575,0.9564168566356688,0.9553492116859728,0.9084090711765893,1.0045315873214502,0.9981738642946562,0.9952271293053139,0.9953305833961884,0.9898997441888672,7.53e-5,-0.002675,0.30699999999999994,0.5872523687443223,0.022167009901927222,0.14944151519819485,0.927472075900016
0.6535707327967015,-0.0027503,5.249091512224225,71.32919456271452,-360.28132180870097,-334.30861695163713,1.0229903334168555,1.0405396965987712,1.0693577770398885,1.0022556200460846,0.9608607802983848,0.9488027228385659,0.9409883871111691,0.8892035697407079,1.0044697739875983,0.9980959700535439,0.9950893329147023,0.9945870807358677,0.9885401549611867,7.53e-5,-0.002675,0.30699999999999994,0.5872523687443223,0.022194458885362013,0.14953470728448426,0.9414920873052668
0.666850954788361,-0.0027503,5.25351349395457,85.14149614694963,-365.8413767301768,-341.2147677437547,1.0231376590664008,1.0394222123153412,1.0691354492739822,1.002265448768259,0.9562906595164039,0.9406196859865679,0.9284036004658575,0.8694031380297264,1.0044566726588198,0.9980314876538254,0.9949812086021108,0.9937859097355091,0.9870898722539534,7.53e-5,-0.002675,0.30699999999999994,0.5872523687443223,0.022224953863635894,0.14963817481611102,0.9555120987105176
0.68,-0.0027503,5.2565862684867195,101.21790724229027,-372.23141917179646,-349.252973291425,1.0232196933718516,1.0383711253306007,1.0690128737190139,1.0023300982631358,0.9514833337258141,0.9319219007260663,0.9176553248381929,0.8491746855185818,1.0044906224726171,0.997980032130457,0.9949015212594546,0.9929346567392993,0.985561435874232,7.53e-5,-0.002675,0.30699999999999994,0.5872523687443223,0.022257898101383598,0.14974987460867314,0.9695321101157683
0.35,-0.0027253,4.897577438041671,101.97051150661821,-374.6724166031045,-349.629275423589,1.0207183225056173,1.0335379023724685,1.1016719444084342,1.0215175970163326,0.9525011790742646,0.9509657135069361,1.0668046505761788,0.8685464719339893,1.0196291528195296,1.002109705188015,1.0046462128448277,0.9921991941538543,0.9883828337991865,7.53e-5,-0.00265,0.30699999999999994,0.5872523687443223,0.022332744531272188,0.1500033469229898,0.6330518363897495
0.36343145033847896,-0.0027253,4.904914286878346,85.0986833259434,-367.5574554318367,-341.1933613332516,1.0207603769608313,1.0346246158386114,1.0992039748745137,1.0200075635848984,0.9574812232556649,0.9583254082024684,1.0643922306970113,0.8889622458659154,1.0185403059110198,1.001928920402179,1.0040904460992401,0.9931436769549364,0.989794459036737,7.53e-5,-0.00265,0.30699999999999994,0.5872523687443223,0.022321711969926782,0.1499660105443363,0.6470718477950003
0.37697026969153374,-0.0027253,4.913358481739771,70.82484557999305,-361.469077403597,-334.0564424602764,1.0207214598058016,1.0357827813895384,1.0967479869962156,1.0184924929521897,0.9621657051586252,0.9650916296976086,1.0643899089826214,0.9085367565234159,1.0174323689235487,1.0017371133643649,1.00352537431203,0.9940271683561773,0.9910953960983093,7.53e-5,-0.00265,0.30699999999999994,0.5872523687443223,0.022310721518330773,0.14992880770777914,0.661091859200251
0.3906058139562867,-0.0027253,4.922994612089775,59.13741941025023,-356.4284081387612,-328.212729375405,1.020640161124023,1.0370116528618318,1.0943499252043565,1.0169849463361709,0.9665186436177807,0.971215132497223,1.066567196383845,0.9270987265155177,1.0163114426994657,1.0015317467572336,1.0029462605690322,0.9948475043509969,0.9922800253975157,7.53e-5,-0.00265,0.30699999999999994,0.5872523687443223,0.022299461491866266,0.14989068306899578,0.6751118706055018
0.40432736298556926,-0.0027253,4.934148025626036,49.95294967027348,-352.42328505751095,-323.6204945054166,1.0204950925992702,1.0383046533442772,1.0920062198473983,1.015494471761976,0.9704953514952331,0.9766518542037558,1.0707863111825244,0.9444853313978215,1.0151903144177818,1.001318042605365,1.0023635721669442,0.9955933620352985,0.9933334697061366,7.53e-5,-0.00265,0.30699999999999994,0.5872523687443223,0.022287781308020557,0.1498511259046544,0.6891318820107526
0.4181241290160105,-0.0027253,4.946947806730093,43.10612127973741,-349.40268593051354,-320.1970803101486,1.0203159612479902,1.039646341278953,1.0897506907925476,1.0140359305420645,0.9740623036262541,0.9813619271531328,1.0766119439692474,0.9605082566529993,1.0140783610566104,1.0010951483796433,1.0017761922729593,0.9962618926850194,0.9942504915429914,7.53e-5,-0.00265,0.30699999999999994,0.5872523687443223,0.022275234688539,0.14980862310571982,0.7031518934160035
0.43198526514928176,-0.0027253,4.961581260498014,38.34412426916947,-347.27388653713155,-317.8160818048646,1.0201045635388324,1.041005548844562,1.087593789880384,1.0126220462363584,0.9771855237956488,0.9853185615752815,1.0835646961141923,0.9749736841466626,1.0129885697865382,1.000866689332141,1.0011914006087703,0.9968462686596138,0.9950225413183384,7.53e-5,-0.00265,0.30699999999999994,0.5872523687443223,0.022261436606290045,0.14976186735662997,0.7171719048212541
0.445899873879836,-0.0027253,4.9781940000692435,35.32928763588882,-345.90295140721804,-316.3086634882243,1.0198732192374607,1.0423315178134467,1.0855422893812554,1.0112656041630725,0.9798355653579582,0.9885049033603583,1.0909397936968277,0.9876452539165269,1.0119341333114356,1.0006364543515969,1.000616253629222,0.9973416749189734,0.9956443138196005,7.53e-5,-0.00265,0.30699999999999994,0.5872523687443223,0.022245993162471202,0.14970951939007737,0.731191916226505
0.45985701566243137,-0.0027253,4.996818588921727,33.65474457075209,-345.1216751553238,-315.4713919556559,1.0196527439616654,1.043557086800505,1.0836169200851442,1.0099828358894225,0.9819953221569847,0.9909217931444926,1.0978477262551887,0.9982705132789457,1.0109277498893094,1.0004057176353114,1.000053400106961,0.9977479481630427,0.9961167004857926,7.53e-5,-0.00265,0.30699999999999994,0.5872523687443223,0.02222857536485427,0.14965045773100286,0.7452119276317558
0.473845717512708,-0.0027253,5.017193850893325,32.877263342183824,-344.7420445210293,-315.0826513413718,1.0194699149737134,1.0446052886297452,1.0818252768301462,1.0087871041303602,0.9836525455971378,0.9925801974506457,1.1032621769971547,1.0065510827609805,1.0099813984749295,1.0001770747895877,0.999507755763446,0.9980652529742725,0.9964420508068572,7.53e-5,-0.00265,0.30699999999999994,0.5872523687443223,0.022209132809503235,0.1495845036458277,0.7592319390370066
0.4878549816340532,-0.0027253,5.038919128967136,32.5682101668458,-344.5809558186487,-314.9281247537028,1.0193552520090596,1.0453853436075198,1.0801718160315028,1.0076903424236647,0.9848029141007504,0.9935004768128721,1.1061233686870444,1.0121938690812633,1.009104806952,0.9999528156199331,0.9989841564516231,0.9982956280449423,0.9966259108174844,7.53e-5,-0.00265,0.30699999999999994,0.5872523687443223,0.02218801745344986,0.14951284302884868,0.7732519504422574
0.5018737940639746,-0.0027253,5.061490381276711,32.37645678265119,-344.48682155792767,-314.83224806160547,1.01933068417989,1.0458199208002792,1.0786516216769289,1.0067003274716078,0.985445914773137,0.9937084217464497,1.1055584210958382,1.014959921008642,1.0083066451322822,0.9997356109399437,0.9984865348394031,0.9984413524232584,0.9966737296431603,7.53e-5,-0.00265,0.30699999999999994,0.5872523687443223,0.02216616006828504,0.14943862902697574,0.7872719618475081
0.5158911333331818,-0.0027253,5.084039830979541,32.0887997216729,-344.365853095322,-314.6884195311163,1.0194142808193962,1.0458628715854297,1.0772591393780586,1.0058205811111873,0.985584529738223,0.9932192381486209,1.1009686871267,1.014701631754064,1.00758980801204,0.9995272140263433,0.9980183040694987,0.9985046792205461,0.9965907428251731,7.53e-5,-0.00265,0.30699999999999994,0.5872523687443223,0.022144898936255077,0.14936640520913774,0.8012919732527589
0.5298959791305704,-0.0027253,5.10594002313017,31.669256652207423,-344.1990057342854,-314.4786479963836,1.0196054883445484,1.045510879251006,1.0759864236036243,1.0050502417499332,0.9852208206328215,0.9920352037202955,1.092248649357169,1.0114115625451832,1.0069551625590334,0.9993292876586429,0.9975816335449499,0.9984860877017444,0.9963785050499522,7.53e-5,-0.00265,0.30699999999999994,0.5872523687443223,0.02212589159917931,0.14930180881336025,0.8153119846580097
0.5438773209672962,-0.0027253,5.126495314556953,31.262950208871757,-344.04397846640796,-314.27549477471575,1.0198934466831946,1.0448032862020677,1.0748262542129057,1.0043846917754706,0.9843574316410469,0.9901447164040503,1.0797507934459185,1.005234395132698,1.0063996487961009,0.9991430444881957,0.9971783694199883,0.9983847520998486,0.996036176712268,7.53e-5,-0.00265,0.30699999999999994,0.5872523687443223,0.022110750036228123,0.14925033083467174,0.8293319960632605
0.5578241668331257,-0.0027253,5.145298471830939,31.16315671517566,-344.0210476155505,-314.2255980278677,1.0202540663305373,1.0438138337529623,1.073772248026667,1.0038167596384604,0.9829969880550016,0.9875270312389952,1.0642110553446276,0.9964266410809061,1.0059190643015976,0.9989692548073134,0.9968087256459518,0.9981987053923507,0.9955601871230517,7.53e-5,-0.00265,0.30699999999999994,0.5872523687443223,0.022100778480812315,0.14921642033384333,0.8433520074685112
0.5717255518382599,-0.0027253,5.162079873885409,31.75387520053573,-344.28869739537936,-314.52095727054774,1.0206586229045649,1.0426318815901567,1.0728233003639132,1.0033394402126874,0.9811475914095328,0.98416291682108,1.0465806847585,0.9853050124848794,1.0055085000156168,0.9988086305210115,0.9964735825009815,0.9979263305450413,0.9949478487699369,7.53e-5,-0.00265,0.30699999999999994,0.5872523687443223,0.022096794427469937,0.1492028695803744,0.857372018873762
0.5855705468338358,-0.0027253,5.176797901155293,33.4465752990842,-345.0164946417806,-315.367307319822,1.0210779309242082,1.041339586735513,1.0719789621185365,1.0029457220457543,0.9788222584979744,0.9800417070152283,1.0278320439090067,0.9722010893949483,1.005163561143073,0.9986615089397244,0.996172579123521,0.9975671158361819,0.9941978259528854,7.53e-5,-0.00265,0.30699999999999994,0.5872523687443223,0.02209909487042339,0.14921069410303014,0.8713920302790128
0.5993482670043292,-0.0027253,5.189484622626082,36.62676834870945,-346.3604992883255,-316.9574038446346,1.0214864714538012,1.0400068924785637,1.0712396418899415,1.0026296422372678,0.9760413930592913,0.9751663551227302,1.0088457631789949,0.95742181940015,1.004880406217558,0.9985281577332454,0.9959054347428832,0.9971223354624412,0.9933119058390562,7.53e-5,-0.00265,0.30699999999999994,0.5872523687443223,0.022107542055902887,0.14923942219681652,0.8854120416842637
0.6130478804251023,-0.0027253,5.200208161482666,41.61828331193317,-348.44690454378093,-319.45316132624646,1.0218636629473055,1.0386877896154496,1.070605803141161,1.0023861035629313,0.9728320712952983,0.9695541951303961,0.9903430317086318,0.9412365907926911,1.004655847924824,0.9984087533743692,0.9956716787271939,0.9965950737377046,0.9922949266617278,7.53e-5,-0.00265,0.30699999999999994,0.5872523687443223,0.022121695442730037,0.1492875445306077,0.8994320530895143
0.62665861657837,-0.0027253,5.2090635431418715,48.66520758934632,-351.36410324528543,-322.97662346495304,1.0221937177960818,1.0374179847194718,1.0700780036537347,1.0022108378766552,0.9692268124761567,0.963235014694393,0.9728711450137137,0.9238800738521308,1.0044873362938767,0.9983033728362503,0.9954706608130561,0.995989965628457,0.9911543285052036,7.53e-5,-0.00265,0.30699999999999994,0.5872523687443223,0.022140945197047793,0.14935297066710032,0.9134520644947652
0.6401697748208868,-0.0027253,5.216132428087027,57.92765451473099,-355.16120345431756,-327.60784692764537,1.0224696325130218,1.0362171898431438,1.0696540974145547,1.00209988689859,0.9652629859803861,0.9562496195031124,0.956794743216182,0.9055565845294485,1.0043718752102446,0.9982119671328676,0.9953018341596597,0.9953131268191817,0.9899002942331696,7.53e-5,-0.00265,0.30699999999999994,0.5872523687443223,0.022164585205990756,0.14943328039932943,0.927472075900016
0.6535707327967015,-0.0027253,5.221577684186933,69.48649807021275,-359.85040357796447,-333.38726870538625,1.0226801107386705,1.0350966315324122,1.0693365764439895,1.0020506350048695,0.9609787482578809,0.9486432983786467,0.9423876420569621,0.8864679785773268,1.0043087787405842,0.9981342323851413,0.9951635602298425,0.9945710965102863,0.9885430305921722,7.53e-5,-0.00265,0.30699999999999994,0.5872523687443223,0.022191967792351178,0.14952625209528442,0.9414920873052668
0.666850954788361,-0.0027253,5.225371863828891,83.3529266129226,-365.41294790591684,-340.3204829767412,1.0228246362883746,1.0340573519833443,1.0691165019832571,1.0020574614812074,0.9564159849680258,0.9404663670456603,0.9297376326723013,0.86679959474809,1.0042936721400186,0.9980704854764825,0.9950561253138174,0.9937714400229944,0.9870956004746199,7.53e-5,-0.00265,0.30699999999999994,0.5872523687443223,0.022222387223860503,0.14962946904449256,0.9555120987105176
0.68,-0.0027253,5.227894364539877,99.47989854763284,-371.8051141409763,-348.3839689440963,1.0229121151063247,1.0330806677018747,1.0689945223214836,1.0021206954505648,0.9516151541653819,0.9317775245020145,0.918878996596958,0.8466463009055131,1.0043255153580326,0.9980178633191691,0.994973598666722,0.992921662143199,0.9855688149284589,7.53e-5,-0.00265,0.30699999999999994,0.5872523687443223,0.022255218546075876,0.1497407924042957,0.9695321101157683
0.35,-0.0027003,4.885642050257481,100.3391301400959,-374.25630451593645,-348.8135847403278,1.02042383136908,1.0280504116443965,1.1016996147687566,1.0214034172179607,0.9526189328452981,0.950842171600057,1.0681212215528,0.8659315260569079,1.0195501637010869,1.00211658612149,1.0046664170976283,0.9921875802074864,0.9883710867500312,7.53e-5,-0.002625,0.30699999999999994,0.5872523687443223,0.022330724679824717,0.1499965120185636,0.6330518363897495
0.36343145033847896,-0.0027003,4.892339550609599,83.42730425071886,-367.14273168998227,-340.3576717956393,1.0204379077348755,1.0290811434217737,1.0992123972966783,1.019890169927323,0.95758726617054,0.9581902991145638,1.0659294806399928,0.8862453757104806,1.0184610012052495,1.0019397477352918,1.00411845485574,0.9931264722786092,0.9897763648362579,7.53e-5,-0.002625,0.30699999999999994,0.5872523687443223,0.02231975508300419,0.14995938710898926,0.6470718477950003
0.37697026969153374,-0.0027003,4.900043721180939,69.10940842970751,-361.0553134893269,-333.19872388513363,1.0204102838046998,1.0301859515763632,1.0967667391751321,1.0183735576953807,0.9622649296963968,0.9649442168400656,1.0660147516692962,0.9057049189590152,1.017349282482825,1.0017479245881042,1.0035532586389166,0.9940097860372362,0.991076862102105,7.53e-5,-0.002625,0.30699999999999994,0.5872523687443223,0.022308656858576137,0.14992181780586927,0.661091859200251
0.3906058139562867,-0.0027003,4.908913051145663,57.37367195784543,-356.0147675845345,-327.3308556492026,1.0203225215584273,1.0313664073765867,1.0943626490954907,1.0168628882269142,0.9666076845704134,0.9710552257852537,1.0683262278598675,0.9241560435522171,1.0162260185724876,1.0015448502402156,1.0029785989509732,0.9948271018865039,0.9922581201456808,7.53e-5,-0.002625,0.30699999999999994,0.5872523687443223,0.022297359182447275,0.1498835639454739,0.6751118706055018
0.40432736298556926,-0.0027003,4.919150087901357,48.13683166613396,-352.0086448194107,-322.71243550334685,1.020190794530666,1.0326163942549713,1.092026833930884,1.0153705239571673,0.9705762612291016,0.9764770688227187,1.0725964507079335,0.9414283413528834,1.0151007185508198,1.0013313143947937,1.0023966119511902,0.9955727862720399,0.9933115023662019,7.53e-5,-0.002625,0.30699999999999994,0.5872523687443223,0.02228556042503877,0.14984360331602845,0.6891318820107526
0.4181241290160105,-0.0027003,4.9309554910889455,41.2343544627264,-348.9868391541901,-319.2611969016431,1.0200069198524186,1.033914466332679,1.089764587756145,1.0139091373976754,0.9741336075727842,0.9811762286862047,1.0785421270769446,0.95734819696161,1.0139865165759512,1.0011106584669522,1.001813383653562,0.9962386252783764,0.9942255650330659,7.53e-5,-0.002625,0.30699999999999994,0.5872523687443223,0.022272985379003775,0.14980100213153108,0.7031518934160035
0.43198526514928176,-0.0027003,4.944529540437501,36.414853888847574,-346.85530807495473,-316.85144661470366,1.0197938289052553,1.0352400503823929,1.087598820120945,1.012491164372208,0.9772446769447889,0.9851196035239448,1.0855697719616955,0.9717120335857872,1.0128942887796122,1.0008850250480332,1.0012337378135665,0.996820112820678,0.9949946929208104,7.53e-5,-0.002625,0.30699999999999994,0.5872523687443223,0.022259169737844788,0.14975418456313294,0.7171719048212541
0.445899873879836,-0.0027003,4.959964428196182,33.342941666436104,-345.4806804091626,-315.3154905034979,1.0195707016705662,1.0365412457848366,1.0855493331761261,1.0111322747919587,0.9798870793412429,0.9882940117772429,1.0929982527804218,0.9842879120242377,1.0118360230797372,1.0006558050647674,1.0006608574122082,0.9973147831799544,0.9956161034815527,7.53e-5,-0.002625,0.30699999999999994,0.5872523687443223,0.022243666517221837,0.1497016313234532,0.731191916226505
0.45985701566243137,-0.0027003,4.977329912477908,31.615019677744385,-344.69513833059676,-314.45152950915207,1.01935413811885,1.0377493674947225,1.0836202250117888,1.0098452913194436,0.9820382404835857,0.9906978246067752,1.0999409307379182,0.9948171199747919,1.0108254377728327,1.0004269576323948,1.000101774035803,0.9977195858469505,0.9960874709638524,7.53e-5,-0.002625,0.30699999999999994,0.5872523687443223,0.022226220706565773,0.14964247163273486,0.7452119276317558
0.473845717512708,-0.0027003,4.996515888412672,30.79202613723976,-344.3120329825682,-314.04003273889975,1.0191756289445815,1.0387810435954796,1.0818239658479936,1.0086448410012538,0.9836885397523787,0.9923459191213074,1.105382354021299,1.0030260318219002,1.0098745588353188,1.000200384806617,0.999560230411919,0.9980357899574686,0.9964125776885225,7.53e-5,-0.002625,0.30699999999999994,0.5872523687443223,0.02220678255319595,0.14957652906853955,0.7592319390370066
0.4878549816340532,-0.0027003,5.017081007201926,30.449831735104226,-344.14846688305613,-313.868935537832,1.0190636733860292,1.0395500924607115,1.08016435632518,1.0075423340684615,0.9848334437883189,0.9932575583496702,1.1082546775326847,1.0086149256614174,1.0089929917995732,0.9999783003519672,0.9990406415777957,0.9982652460161696,0.9965964553509259,7.53e-5,-0.002625,0.30699999999999994,0.5872523687443223,0.022185704075775914,0.14950498993692457,0.7732519504422574
0.5018737940639746,-0.0027003,5.038597897636017,30.241233705211812,-344.05320153837994,-313.7646365228858,1.0190421958128535,1.039982418278215,1.0786453744477216,1.006547105451089,0.9854761424232683,0.993458284257518,1.1076915130564255,1.0113410819447604,1.0081880841812247,0.9997632731288523,0.9985486628643208,0.9984106787572785,0.996646132132933,7.53e-5,-0.002625,0.30699999999999994,0.5872523687443223,0.022163871114961653,0.14943085510576123,0.7872719618475081
0.5158911333331818,-0.0027003,5.060146324356562,29.955466919518585,-343.93330315422946,-313.62175313003917,1.0191255306918112,1.0400257302120282,1.0772396483304136,1.0056597259892097,0.985611710957461,0.9929664158846112,1.1030765525240842,1.0110880730489615,1.007466690203183,0.9995567679533102,0.9980822060774364,0.9984737179079197,0.9965632680507498,7.53e-5,-0.002625,0.30699999999999994,0.5872523687443223,0.022142710589328228,0.14935896949713884,0.8012919732527589
0.5298959791305704,-0.0027003,5.08118448865802,29.55685549691293,-343.7692370785015,-313.42244741873634,1.0193150485335296,1.0396845783922786,1.0759597314481342,1.0048824874393665,0.9852501068984848,0.991780886615171,1.0943229628766975,1.0078152365681745,1.006826068774315,0.9993606736027744,0.9976486847525554,0.9984553427911893,0.9963526702084992,7.53e-5,-0.002625,0.30699999999999994,0.5872523687443223,0.022123766085934627,0.14929458357547432,0.8153119846580097
0.5438773209672962,-0.0027003,5.100928518780312,29.18862007989003,-343.6187622685778,-313.2383297102249,1.0196021177920567,1.0389944949889172,1.074797350313721,1.0042106108867237,0.9843923895667307,0.9898922197401345,1.0817908949171362,1.001680652735142,1.0062642584047723,0.9991762254130032,0.99724914953279,0.9983546865840319,0.9960130598107357,7.53e-5,-0.002625,0.30699999999999994,0.5872523687443223,0.022108667965619368,0.14924325090607735,0.8293319960632605
0.5578241668331257,-0.0027003,5.119072624132356,29.140455255869483,-343.6018344080118,-313.2142472982146,1.019961067843947,1.0380275903189184,1.073738999328675,1.00363642928691,0.9830384758814579,0.9872797458186187,1.0662098560710358,0.9929468680950635,1.0057783613714395,0.9990038784062137,0.9968817290724014,0.998169730362453,0.9955398636893477,7.53e-5,-0.002625,0.30699999999999994,0.5872523687443223,0.02209871636810787,0.14920940672617974,0.8433520074685112
0.5717255518382599,-0.0027003,5.13526800694204,29.791970014863978,-343.8764983337064,-313.54000467771186,1.0203620644419336,1.036871475788995,1.0727860808806766,1.0031530797680073,0.9811965172270942,0.9839218489358248,1.0485226333218618,0.9819113426922692,1.00536292711818,0.9988444617087779,0.9965480933529056,0.997898549691855,0.9949302024850083,7.53e-5,-0.002625,0.30699999999999994,0.5872523687443223,0.022094715368908495,0.14919579771247998,0.857372018873762
0.5855705468338358,-0.0027003,5.149420252594984,31.550342188944796,-344.6113987340284,-314.4191907647523,1.0207783007637752,1.035611134272557,1.0719396923454376,1.0027540537069402,0.9788798827746503,0.9798084693996475,1.0297153815003166,0.9689050995328288,1.0050135107178881,0.9986984025148826,0.9962484790163934,0.9975407542112317,0.9941832194011728,7.53e-5,-0.002625,0.30699999999999994,0.5872523687443223,0.022096968981484288,0.14920346330687603,0.8713920302790128
0.5993482670043292,-0.0027003,5.1615470176183065,34.79758243676417,-345.9618788227144,-316.04281088866196,1.0211829839501687,1.0343188193632813,1.0711994335105288,1.0024331259805113,0.9761075938260326,0.9749412821190955,1.010669517435184,0.9542303073082822,1.0047265389574838,0.998565896282408,0.9959820786620986,0.9970974151165032,0.9933000936236313,7.53e-5,-0.002625,0.30699999999999994,0.5872523687443223,0.02210534994483598,0.14923196754603335,0.8854120416842637
0.6130478804251023,-0.0027003,5.171665202242016,39.85496660004503,-348.0539437555529,-318.5715029703024,1.0215568921860505,1.0330482304475188,1.0705653244922289,1.0021853518015802,0.9729074932403652,0.969337600544406,0.9921032047154588,0.9381502669412767,1.004498408972965,0.9984472382564926,0.9957491013241677,0.9965716916713615,0.9922861206315361,7.53e-5,-0.002625,0.30699999999999994,0.5872523687443223,0.022119418608245674,0.14927980417742764,0.8994320530895143
0.62665861657837,-0.0027003,5.179900602003969,46.96491952607664,-350.9760702412519,-322.1264794333182,1.0218856707299488,1.0318318280156626,1.0700380211514042,1.0020063799285188,0.9693111566304176,0.9630268888562862,0.9745565582741937,0.9209012113953898,1.0043266313989614,0.9983424170368861,0.9955485801249785,0.9959681989711664,0.9911485854975939,7.53e-5,-0.002625,0.30699999999999994,0.5872523687443223,0.02213857021884604,0.1493449000860007,0.9134520644947652
0.6401697748208868,-0.0027003,5.186391514702999,56.286545857847955,-354.77751445645634,-326.78729259920385,1.0221589489283978,1.0306872413719879,1.0696154925216639,1.0018926321313883,0.9653555648237271,0.9560496756465965,0.958409139347688,0.9026927219232612,1.0042089119024558,0.9982512740447824,0.9953795121533032,0.9952929424252321,0.9898971987903264,7.53e-5,-0.002625,0.30699999999999994,0.5872523687443223,0.022162123557484408,0.1494249196510969,0.927472075900016
0.6535707327967015,-0.0027003,5.19122436311008,67.90030361900415,-359.4705396281549,-332.59417147978195,1.0223697865630628,1.0296245292728825,1.0692986422892832,1.0018404324563834,0.9610800063657879,0.9484516405679453,0.9439056685322006,0.8837102024726515,1.004143120788464,0.9981737613915513,0.99524113486912,0.9945525443445146,0.9885428015355703,7.53e-5,-0.002625,0.30699999999999994,0.5872523687443223,0.02218939446919353,0.14951751731610133,0.9414920873052668
0.666850954788361,-0.0027003,5.194511416324302,81.81738611560559,-365.0361308463752,-339.55271272808267,1.022520445837115,1.0286451398445946,1.0690850379072623,1.0018473723781742,0.956524269396302,0.9402852493410795,0.9311669963859741,0.8641253999077997,1.0041272222941153,0.9981090774521729,0.9951313616267344,0.9937544613616606,0.9870973971015121,7.53e-5,-0.002625,0.30699999999999994,0.5872523687443223,0.022219724258600828,0.14962043602763941,0.9555120987105176
0.68,-0.0027003,5.196427139621805,97.99101685112225,-371.4307463267584,-347.639528095841,1.02259886556898,1.0277449389440079,1.0689712806429215,1.0019084387937127,0.9517318963664874,0.9316002977124547,0.9202905955198951,0.8441243862602885,1.0041587040842914,0.9980591729159186,0.9950535971476613,0.9929058914292478,0.985574557588131,7.53e-5,-0.002625,0.30699999999999994,0.5872523687443223,0.02225253092036881,0.14973168230900513,0.9695321101157683
0.35,-0.0026753,4.873307575606225,98.96517653742524,-373.889016148111,-348.1266079389925,1.020088561415528,1.0225453462991108,1.1017008250230538,1.0212889215998204,0.9527147798465573,0.95069049186042,1.069733326768164,0.8633074256058121,1.019475529396551,1.0021272554645568,1.0046946956186262,0.9921679510799426,0.9883489115228344,7.53e-5,-0.0026,0.30699999999999994,0.5872523687443223,0.0223289296169496,0.14999043751479288,0.6330518363897495
0.36343145033847896,-0.0026753,4.8794020596722,82.01666353364055,-366.7784550932314,-339.65235143710015,1.0201182878866197,1.0235050468818507,1.0992256404961027,1.0197740587334987,0.9576771447654755,0.9580264256117236,1.067613680144464,0.8835055427199414,1.0183819841850592,1.0019499692603626,1.0041456719155846,0.9931072423630668,0.9897543689245194,7.53e-5,-0.0026,0.30699999999999994,0.5872523687443223,0.02231782248017194,0.14995284558903577,0.6470718477950003
0.37697026969153374,-0.0026753,4.886343272486446,67.65784114941607,-360.6932720463732,-332.4729402449879,1.0201054845033273,1.0245484766371329,1.096789778676337,1.0182546972012265,0.9623481034129963,0.9647679833916596,1.0677646306616455,0.9028597999251915,1.0172653942458416,1.0017580100972625,1.0035803025146968,0.9939907230974939,0.9910550526012594,7.53e-5,-0.0026,0.30699999999999994,0.5872523687443223,0.02230658404837949,0.14991479999269505,0.661091859200251
0.3906058139562867,-0.0026753,4.894328306073172,55.87672050441063,-355.6538127075145,-326.5823799224852,1.0200121219000775,1.0256752942398024,1.0943815087959468,1.016742087420074,0.9666807733680121,0.970866763098837,1.0702227311092753,0.9212080457163561,1.0161403482911586,1.0015569219772444,1.0030094763460113,0.9948052724302339,0.9922330973641929,7.53e-5,-0.0026,0.30699999999999994,0.5872523687443223,0.022295262380012466,0.14987646314376435,0.6751118706055018
0.40432736298556926,-0.0026753,4.903627959815004,46.5901609112874,-351.64752869486125,-321.9391001259236,1.019871990297125,1.0268800627585193,1.092036927699816,1.0152471596284272,0.9706377037717108,0.9762765372299615,1.0746338759730947,0.9383779939306468,1.0150137539835418,1.0013460267215684,1.0024322746555578,0.995547464168085,0.9932823973173929,7.53e-5,-0.0026,0.30699999999999994,0.5872523687443223,0.022283460287637363,0.1498364893806147,0.6891318820107526
0.4181241290160105,-0.0026753,4.914366353734816,39.63423679744278,-348.6236969525178,-318.46113806900127,1.0196986075398715,1.028145409180398,1.089777165496056,1.0137829700456538,0.9741850512593132,0.9809598146970037,1.0806306507289727,0.9541867783172507,1.0138955477064198,1.0011263811108557,1.0018514294315686,0.9962123052386417,0.9941956984632123,7.53e-5,-0.0026,0.30699999999999994,0.5872523687443223,0.02227078282445165,0.14979353920532826,0.7031518934160035
0.43198526514928176,-0.0026753,4.926713374052369,34.75900722025062,-346.48958370245504,-316.0235232804052,1.0194872309509846,1.029440402853929,1.087609526750858,1.0123621652485917,0.97728705861,0.9848903581003563,1.0877616303609505,0.9684439075084167,1.0128001177159944,1.0009023183398797,1.001274831427752,0.9967920467839728,0.9949630230268501,7.53e-5,-0.0026,0.30699999999999994,0.5872523687443223,0.02225691564139143,0.14974654467695164,0.7171719048212541
0.445899873879836,-0.0026753,4.940907479101492,31.631501347084736,-345.11170719231643,-314.45977034382224,1.0192667871237142,1.030714426863944,1.085555015189746,1.010999627091652,0.9799193906948189,0.9880514167021174,1.0952586953375492,0.9809232965739512,1.0117385171401256,1.0006751090776527,1.0007057883225743,0.9972848359394636,0.9955827217626663,7.53e-5,-0.0026,0.30699999999999994,0.5872523687443223,0.022241381109991142,0.14969388267430678,0.731191916226505
0.45985701566243137,-0.0026753,4.956969370568461,29.85150976345642,-344.32277077364495,-313.5697745520081,1.0190547481044405,1.0318994691060013,1.0836214472466437,1.009708685089139,0.9820623993302062,0.9904442241880157,1.1022602654864033,0.9913750203846945,1.0107240660363535,1.000448234486092,1.00015058522663,0.9976883437328433,0.9960534150065061,7.53e-5,-0.0026,0.30699999999999994,0.5872523687443223,0.0222239188271892,0.1496346641406797,0.7452119276317558
0.473845717512708,-0.0026753,4.974773773395357,28.984117845599144,-343.9363736223979,-313.13607859307945,1.0188798219653608,1.0329153379159177,1.081819450574702,1.0085032565115566,0.9837053125370959,0.9920799893610609,1.1077267944912563,0.9995065534448148,1.0097683164685831,1.0002236094852084,0.9996129379151181,0.9980033026555053,0.9963779441071846,7.53e-5,-0.0026,0.30699999999999994,0.5872523687443223,0.022204474722508975,0.1495686980429055,0.7592319390370066
0.4878549816340532,-0.0026753,4.9940021421995695,28.609554561473942,-343.7702491597554,-312.94879695101685,1.0187714106072234,1.033676509762073,1.0801536828262202,1.0073950362502306,0.9848451606055366,0.9929832384212137,1.1106229758598494,1.0050460322657842,1.008881529302141,1.00000371260465,0.9990975929531355,0.9982319632205916,0.9965621600158087,7.53e-5,-0.0026,0.30699999999999994,0.5872523687443223,0.022183425592326538,0.14949725490729854,0.7732519504422574
0.5018737940639746,-0.0026753,5.014212371900736,28.384475725264224,-343.6740675103121,-312.836257532912,1.0187510137068043,1.034104930337053,1.0786196933781538,1.0063921033797745,0.9854824411461094,0.9931779322635422,1.110050018949176,1.0077505387242491,1.008071753748135,0.9997907638508987,0.9986080348289751,0.9983767096114416,0.996611539971796,7.53e-5,-0.0026,0.30699999999999994,0.5872523687443223,0.022161667925556083,0.14942337209207368,0.7872719618475081
0.5158911333331818,-0.0026753,5.034651806783958,28.100541141644044,-343.55481681728236,-312.6942902411019,1.0188355571167145,1.0341545390472537,1.0772141613909652,1.00549887580954,0.9856200532561443,0.9926814101966287,1.1054289919380211,1.0074826393521503,1.007343327919459,0.9995864186036121,0.9981469822990995,0.9984397917076749,0.996531007606273,7.53e-5,-0.0026,0.30699999999999994,0.5872523687443223,0.02214054400545087,0.14935160737930778,0.8012919732527589
0.5298959791305704,-0.0026753,5.054588413533454,27.72237700994242,-343.3937014265087,-312.5052081752511,1.0190259180062635,1.0338223731709375,1.0759298986226926,1.004715099042151,0.9852618063399866,0.9914954949963167,1.0966467000685614,1.0042310537868464,1.006696176257989,0.9993922933795234,0.9977175868408896,0.9984218397251083,0.9963228372194866,7.53e-5,-0.0026,0.30699999999999994,0.5872523687443223,0.022121655207540846,0.14928740774996652,0.8153119846580097
0.5438773209672962,-0.0026753,5.0735023123066485,27.39130460876777,-343.2478171608696,-312.33967197466376,1.0193092752003152,1.0331481245465444,1.0747571425930453,1.0040350429075493,0.9844062991254349,0.9896093300589018,1.0840717586611632,0.9981535762298688,1.0061292733075666,0.9992094638826469,0.9973192247979257,0.9983217975970885,0.9959846802102371,7.53e-5,-0.0026,0.30699999999999994,0.5872523687443223,0.022106602633070457,0.14923622757210384,0.8293319960632605
0.5578241668331257,-0.0026753,5.090774544847424,27.393482293322222,-343.236728813983,-312.340760816941,1.0196671341529229,1.032204290556221,1.0736956658211418,1.0034548621481083,0.9830606408968556,0.9870008088254938,1.0684365553632502,0.9894777846674239,1.0056368055266434,0.9990387992062778,0.9969556744745097,0.9981378933353477,0.9955149362474706,7.53e-5,-0.0026,0.30699999999999994,0.5872523687443223,0.022096656222779277,0.14920239949051947,0.8433520074685112
0.5717255518382599,-0.0026753,5.106153525447944,28.10426410706623,-343.51765338286555,-312.696151723813,1.0200634331602765,1.0310802429412649,1.072737842825115,1.0029644379064804,0.9812258320321945,0.9836487038341306,1.0506873388278422,0.9785217719802902,1.0052160062712803,0.9988808341403512,0.9966238110574176,0.9978678382513989,0.9949079098085657,7.53e-5,-0.0026,0.30699999999999994,0.5872523687443223,0.022092629542190843,0.14918870249606184,0.857372018873762
0.5855705468338358,-0.0026753,5.119542008657159,29.92661460775423,-344.25916821162554,-313.607326974157,1.0204770800290701,1.0298555374193121,1.0718883485458592,1.00255965279468,0.978918471230996,0.9795429666383627,1.0318113004111449,0.9656076308996395,1.0048614031711158,0.9987360107136465,0.996326215270163,0.9975115211771055,0.9941643337461017,7.53e-5,-0.0026,0.30699999999999994,0.5872523687443223,0.022094827415979165,0.14919617884619754,0.8713920302790128
0.5993482670043292,-0.0026753,5.130919828172099,33.23895335207146,-345.6161176836153,-315.2634963463156,1.0208796125042687,1.028602627166989,1.0711452251607672,1.0022336522186641,0.9761562543233674,0.974684750246197,1.0126877393326188,0.9510340726278047,1.004569770623823,0.9986045718612561,0.9960615123638625,0.997069846216824,0.9932848318617014,7.53e-5,-0.0026,0.30699999999999994,0.5872523687443223,0.022103126369485134,0.14922440552644478,0.8854120416842637
0.6130478804251023,-0.0026753,5.140358425734983,38.35987908401398,-347.71407932729136,-317.82395921228687,1.0212518006283622,1.027374276579951,1.0705101566988153,1.0019813578371533,0.9729652435347604,0.9690897852555758,0.9940369748416968,0.9350619024371284,1.004337783959209,0.9984866830224888,0.9958293730579054,0.9965457490767,0.9922740511346796,7.53e-5,-0.0026,0.30699999999999994,0.5872523687443223,0.022117101071279698,0.14927192505174028,0.8994320530895143
0.62665861657837,-0.0026753,5.147911658171769,45.5300762107114,-350.64114461029084,-321.4090577756356,1.0215783484971783,1.0262118564206768,1.0699820191375014,1.0017990191899446,0.9693792296950234,0.962790486470832,0.9764168044872682,0.9179339815799178,1.0041631001918983,0.9983824844746436,0.9956294077761036,0.9959441675615327,0.9911400797122112,7.53e-5,-0.0026,0.30699999999999994,0.5872523687443223,0.02213615848277513,0.14933670416240935,0.9134520644947652
0.6401697748208868,-0.0026753,5.1536314686057825,54.90778018951357,-354.44615868416935,-326.09790976503666,1.0218520176609547,1.0251232727028319,1.069562127440708,1.001682051840043,0.9654319112801912,0.9558205476933097,0.960170578998113,0.8998171645233287,1.0040423950373618,0.9982914226578314,0.9954599329085841,0.9952704320424367,0.9898912328003224,7.53e-5,-0.0026,0.30699999999999994,0.5872523687443223,0.022159598979710846,0.1494163446983942,0.927472075900016
0.6535707327967015,-0.0026753,5.157686996453762,66.57312907611401,-359.1417311655136,-331.9305842083369,1.0220634287944261,1.0241291261788998,1.0692462499490347,1.001627145334052,0.9611643095479702,0.9482310946119665,0.9455744883892708,0.8809430735336219,1.0039741774394781,0.9982141789813872,0.9953213911163163,0.9945316903671577,0.9885397307191458,7.53e-5,-0.0026,0.30699999999999994,0.5872523687443223,0.02218676788439512,0.14950860123737458,0.9414920873052668
0.666850954788361,-0.0026753,5.160169930094124,80.53735562489874,-364.7091380774795,-338.91269748272924,1.0222130822072568,1.0232261228319144,1.0690342692634345,1.0016300856076716,0.9566168886632835,0.9400720994408028,0.9327579423386525,0.8614677652928446,1.0039551677603737,0.998150454443243,0.995212901289477,0.9937351521465587,0.9870975934786317,7.53e-5,-0.0026,0.30699999999999994,0.5872523687443223,0.022216983646472645,0.1496111390732811,0.9555120987105176
0.68,-0.0026753,5.161325239432358,96.75395538761836,-371.10487098920424,-347.02099736408906,1.0223046124272688,1.0224099739332915,1.068919458221113,1.0016848595047227,0.9518312686732707,0.9313990018428548,0.921764816834031,0.8415594839434186,1.0039805620044697,0.9981002542183983,0.9951339701337621,0.9928886443702684,0.985578128432456,7.53e-5,-0.0026,0.30699999999999994,0.5872523687443223,0.022249590113165053,0.14972171340247786,0.9695321101157683
0.35,-0.0026503,4.860814752890516,97.85303189308195,-373.5733819115808,-347.57053561682085,1.0197721901179702,1.0169872502340562,1.1017133669705232,1.0211761309251406,0.9527941167605746,0.9505086785822344,1.0713736093522361,0.8606643847116163,1.0194000576546363,1.0021359487843735,1.0047190383200213,0.9921479168189455,0.9883242256055295,7.53e-5,-0.002575,0.30699999999999994,0.5872523687443223,0.02232710418585405,0.14998426000009077,0.6330518363897495
0.36343145033847896,-0.0026503,4.866098036133251,80.87131592938147,-366.4659198587163,-339.0796776349706,1.0197954508318803,1.0178882899909028,1.099241824939262,1.0196573420499693,0.9577485805867099,0.95783381167402,1.0694571713443037,0.8807596387735557,1.018303072936743,1.0019603875552625,1.0041735223927448,0.9930847592293878,0.9897269834191901,7.53e-5,-0.002575,0.30699999999999994,0.5872523687443223,0.02231593473393695,0.14994645563354878,0.6470718477950003
0.37697026969153374,-0.0026503,4.872213074808799,66.4745920416666,-360.38275929501475,-331.8813156911132,1.0197739120919043,1.0188802336631453,1.0967973267046986,1.0181368551531131,0.9624096762078694,0.9645637917230051,1.0697762699578823,0.9000108560283759,1.017185536072002,1.0017706448984758,1.0036124208654038,0.9939651979751905,0.9910241559316398,7.53e-5,-0.002575,0.30699999999999994,0.5872523687443223,0.022304691795801013,0.14990839320650723,0.661091859200251
0.3906058139562867,-0.0026503,4.879304109617102,54.650680734860316,-355.34427844630534,-325.96936003771003,1.019694108239924,1.0199580433419926,1.0943959040641882,1.0166215334573752,0.9667338847919982,0.9706477887247754,1.072301135992948,0.9182447036732845,1.0160560019413634,1.0015697916089559,1.0030421913944034,0.9947794117176098,0.9922018384302074,7.53e-5,-0.002575,0.30699999999999994,0.5872523687443223,0.02229323851872131,0.14986960904708288,0.6751118706055018
0.40432736298556926,-0.0026503,4.887505078600995,45.31662988268761,-351.33794456895583,-321.3023346116237,1.0195629180378674,1.0211209991782182,1.0920554991852605,1.0151247039640823,0.970682705883026,0.9760439369093544,1.076810977545339,0.9353058610624663,1.0149257315451194,1.0013594571366904,1.002466316013089,0.9955208642728,0.9932503930739989,7.53e-5,-0.002575,0.30699999999999994,0.5872523687443223,0.022281335773304687,0.14982929253827182,0.6891318820107526
0.4181241290160105,-0.0026503,4.8970959268992775,38.30928558205676,-348.31312499147714,-317.79866246130825,1.019383183993992,1.0223458992928618,1.0897895516544713,1.0136576916034983,0.9742183521531111,0.9807146115754916,1.0829566851479528,0.9510165287774137,1.0138059947516596,1.0011423920857703,1.0018901372400848,0.9961824751036029,0.9941599905729939,7.53e-5,-0.002575,0.30699999999999994,0.5872523687443223,0.022268654416207585,0.14978632716678522,0.7031518934160035
0.43198526514928176,-0.0026503,4.908182618503472,33.380212556831,-346.17712050796575,-315.3341259486954,1.0191794168441186,1.0236056897798462,1.0876178413124231,1.0122343338323163,0.9773116880686052,0.9846316712827905,1.0901574169726442,0.9651778560127773,1.0127068008074593,1.0009195882569903,1.0013163810118444,0.9967611669714426,0.9949266681640511,7.53e-5,-0.002575,0.30699999999999994,0.5872523687443223,0.022254708410149315,0.14973906326627046,0.7171719048212541
0.445899873879836,-0.0026503,4.920994278811913,30.19874343765889,-344.7960379760193,-313.7433913891093,1.0189604961980292,1.024855241757763,1.0855596160784147,1.010868066987672,0.9799328830479422,0.9877787365484597,1.0977494354969268,0.9775616797913684,1.0116422637749565,1.0006946293791017,1.000751494767923,0.9972517517951835,0.9955442100224926,7.53e-5,-0.002575,0.30699999999999994,0.5872523687443223,0.022239157392808778,0.14968634281117194,0.731191916226505
0.45985701566243137,-0.0026503,4.935545901675504,28.36793138991675,-344.0034171261203,-312.82798536523825,1.018753720721984,1.0260232191987653,1.0836224917895652,1.009573505928143,0.9820674028623076,0.9901577008494987,1.104807104018433,0.9879227602025425,1.0106235119291411,1.0004692251740137,1.0001993831069227,0.9976540181211995,0.9960140062994935,7.53e-5,-0.002575,0.30699999999999994,0.5872523687443223,0.02222165874863835,0.1496269980438003,0.7452119276317558
0.473845717512708,-0.0026503,4.951801765226013,27.456954074770238,-343.6135743113205,-312.372496707665,1.0185825681307366,1.0270271242048634,1.0818135199996168,1.0083630485963657,0.9837032110422543,0.9917826746738759,1.1103256934183485,0.9959876485481535,1.0096630498521577,1.0002467207828176,0.9996659260173012,0.997967820953004,0.996338227845007,7.53e-5,-0.002575,0.30699999999999994,0.5872523687443223,0.02220221621350074,0.14956103399254314,0.7592319390370066
0.4878549816340532,-0.0026503,4.969546728438088,27.05050256770744,-343.44505399281053,-312.1692709541336,1.0184759108573678,1.0277793683092646,1.0801385381396211,1.0072487863561783,0.9848372713819346,0.9926763332255599,1.1132518824482334,1.0014744793057813,1.0087711438206273,1.0000290712518156,0.9991547107467634,0.9981954580949788,0.9965223239564596,7.53e-5,-0.002575,0.30699999999999994,0.5872523687443223,0.02218120166800042,0.14948970472139797,0.7732519504422574
0.5018737940639746,-0.0026503,4.988246812164497,26.809132155222073,-343.34788172614924,-312.0485857478909,1.018457320852901,1.0282055804217314,1.078596155153724,1.0062390884502685,0.9854711857829298,0.9928641606455161,1.112685104405173,1.0041514520424852,1.0079556268985423,0.9998182914415621,0.9986690701301497,0.9983396725699863,0.9965723504006447,7.53e-5,-0.002575,0.30699999999999994,0.5872523687443223,0.022159494783301332,0.14941599077577405,0.7872719618475081
0.5158911333331818,-0.0026503,5.007197710860788,26.52691889817345,-343.22953566922763,-311.9074791193666,1.018545471088443,1.0282595702822104,1.0771876592103116,1.005339777128653,0.9856110951496814,0.9923638298130742,1.1080539312437077,1.003872212506112,1.0072196394255946,0.9996162049601519,0.9982138323706605,0.9984029300237673,0.9964945576974593,7.53e-5,-0.002575,0.30699999999999994,0.5872523687443223,0.022138401289219633,0.14934432601819378,0.8012919732527589
0.5298959791305704,-0.0026503,5.026017830737718,26.168786216107378,-343.07109001895253,-311.72841277833356,1.0187326930605962,1.0279397671773431,1.0758892679291867,1.0045465991660685,0.9852521716256744,0.9911770715434273,1.0992379403201462,1.000655013926963,1.006566923373602,0.9994240370191468,0.9977860682278799,0.9983851308311821,0.9962872041861184,7.53e-5,-0.002575,0.30699999999999994,0.5872523687443223,0.02211957866080135,0.14928034830669334,0.8153119846580097
0.5438773209672962,-0.0026503,5.043733073015961,25.8741631691139,-342.92977143609676,-311.5811012548368,1.0190178844079194,1.0272832379613333,1.0747111163256031,1.0038600461028095,0.984403846295091,0.9892922838094803,1.0866052747555175,0.9946126333170863,1.0059920871522634,0.9992430668138031,0.9973926141258705,0.9982859842908508,0.995952672657542,7.53e-5,-0.002575,0.30699999999999994,0.5872523687443223,0.022104540194895744,0.14922921376069095,0.8293319960632605
0.5578241668331257,-0.0026503,5.060042666498483,25.92565196498606,-342.92468473817473,-311.6068456527729,1.0193746905429841,1.0263600412498988,1.0736516312943523,1.0032740758625835,0.9830670149814611,0.9866894679860511,1.070937287109214,0.9859901244711331,1.005493484846724,0.9990743448564854,0.9970333624000441,0.9981030969698501,0.9954865092100188,7.53e-5,-0.002575,0.30699999999999994,0.5872523687443223,0.022094610915613162,0.1491954424085185,0.8433520074685112
0.5717255518382599,-0.0026503,5.07433712567923,26.69424951420308,-343.21239719682245,-311.9911444273814,1.0197713716219508,1.025262166637469,1.0726916978361916,1.0027785057558505,0.981242629352507,0.9833468807622562,1.0531336130071631,0.9751173955715656,1.005067359775062,0.9989180178174393,0.9967048875389694,0.9978346306427625,0.9948837060021014,7.53e-5,-0.002575,0.30699999999999994,0.5872523687443223,0.022090568123217056,0.1491816899841678,0.857372018873762
0.5855705468338358,-0.0026503,5.0868009830343786,28.57871867444817,-343.9601785642506,-312.93337900750396,1.0201749009506667,1.0240743041804183,1.0718231873550141,1.002363373225117,0.9789388456809682,0.9792451903645345,1.0341295124717997,0.9623093768331886,1.0047073729317249,0.998774275744955,0.9964060924679732,0.9974794352465356,0.9941413623988143,7.53e-5,-0.002575,0.30699999999999994,0.5872523687443223,0.02209267673653462,0.1491888630375057,0.8713920302790128
0.5993482670043292,-0.0026503,5.097249802388,31.95400354737683,-345.3230887604743,-314.6210214439683,1.020574759886545,1.0228634743661476,1.071077201622783,1.002031823900503,0.976186129194256,0.9743952720164599,1.0149224215286363,0.9478323613999173,1.0044109251199442,0.9986439882452114,0.9961430926238296,0.9970393437534562,0.993265319136066,7.53e-5,-0.002575,0.30699999999999994,0.5872523687443223,0.022100892542150703,0.14921680826716396,0.8854120416842637
0.6130478804251023,-0.0026503,5.105714829928588,37.13614392931311,-347.42616277566225,-317.2120916349364,1.0209453582095307,1.021689019092689,1.0704387204199712,1.0017747249118116,0.9730059215849017,0.9688108882567201,0.9961835864464361,0.9319659261342057,1.0041745017952373,0.9985270171498752,0.9959123053329768,0.9965171645703734,0.9922584661065917,7.53e-5,-0.002575,0.30699999999999994,0.5872523687443223,0.022114762166986192,0.1492639728726716,0.8994320530895143
0.62665861657837,-0.0026503,5.112333593337521,44.364117564650996,-350.35767618091484,-320.8260784526054,1.0212724447968147,1.0205735482961216,1.06991144258175,1.0015883987655771,0.9694284836393225,0.9625186519035551,0.978451803101731,0.9149232811041303,1.0039960022741379,0.998423057715003,0.995712324842191,0.9959171322729413,0.9911272542896802,7.53e-5,-0.002575,0.30699999999999994,0.5872523687443223,0.022133700465117482,0.14932835050876167,0.9134520644947652
0.6401697748208868,-0.0026503,5.1172114036889145,53.795132413650435,-354.1663186982681,-325.5415858771051,1.0215473383933873,1.019545373445191,1.069498237702697,1.0014709095641943,0.9654904243491454,0.9555613516557829,0.962139894105532,0.8969248257514884,1.0038746994490306,0.9983322330790005,0.9955426535755013,0.9952452697119489,0.9898816405973724,7.53e-5,-0.002575,0.30699999999999994,0.5872523687443223,0.022157076234998716,0.1494077754949639,0.927472075900016
0.6535707327967015,-0.0026503,5.120345401814653,65.50892218742354,-358.86467456167816,-331.39848076399164,1.02175523757714,1.0186124136373336,1.069182247944859,1.0014120698275957,0.9612312232851277,0.947978747461872,0.947447795249273,0.8781677767579257,1.0038036248715194,0.9982561316499644,0.995405615005466,0.9945080171135076,0.9885333409599475,7.53e-5,-0.002575,0.30699999999999994,0.5872523687443223,0.022184145087323772,0.14949969750159395,0.9414920873052668
0.666850954788361,-0.0026503,5.122047556720365,79.51673046902806,-364.43403208591616,-338.4023849047939,1.021908714379889,1.017776993872271,1.0689798372718962,1.0014151227928727,0.9566916094027755,0.9398298287858853,0.9345517865089269,0.8588006648210503,1.003784551907862,0.998192540836144,0.9952968056316598,0.9937131631926668,0.9870941160004952,7.53e-5,-0.002575,0.30699999999999994,0.5872523687443223,0.022214297889028605,0.14960202765828962,0.9555120987105176
0.68,-0.0026503,5.122281788464674,95.77232436022007,-370.83088049199876,-346.5301818503899,1.0219820627232281,1.0170318542164485,1.068863118097426,1.0014730909838583,0.9519139942914682,0.9311565135597494,0.9234350628741377,0.8390262912795172,1.0038134071332507,0.9981422786027877,0.9952169258920018,0.9928675918583622,0.9855756648990988,7.53e-5,-0.002575,0.30699999999999994,0.5872523687443223,0.02224694388669779,0.14971274253125705,0.9695321101157683
0.35,-0.0026253,4.847640804876281,97.00589062624465,-373.30818173603706,-347.1469649834022,1.0194754693238977,1.0114118814108428,1.1017526091165684,1.0210625604218944,0.9528607365602234,0.9502987179285577,1.0731677605302512,0.8579920826265448,1.019321337626465,1.0021424971629667,1.0047401625235055,0.9921283689500593,0.9882990262042166,7.53e-5,-0.00255,0.30699999999999994,0.5872523687443223,0.022325165588914977,0.14997769924611903,0.6330518363897495
0.36343145033847896,-0.0026253,4.852320023805099,79.99425067899085,-366.2042905786551,-338.6411450097753,1.0194845072033523,1.0122417804669115,1.099267597504884,1.0195422331152497,0.9578038521853999,0.9576107073193243,1.0714227877202085,0.8779913975305491,1.0182239768806693,1.0019697814232527,1.0042001646039955,0.9930612491847353,0.9896972319712,7.53e-5,-0.00255,0.30699999999999994,0.5872523687443223,0.02231403224418592,0.14994001550456398,0.6470718477950003
0.37697026969153374,-0.0026253,4.857660143730803,65.56270603564485,-360.12421852008856,-331.4253726881023,1.0194567421805896,1.0131728536288047,1.0968155215119164,1.018018650413362,0.9624554221225792,0.9643283854094575,1.071874718915532,0.8971438927657471,1.0171035100640713,1.0017815542413222,1.0036416489823392,0.9939389996161602,0.9909908358195653,7.53e-5,-0.00255,0.30699999999999994,0.5872523687443223,0.022302745369182468,0.14990180272084458,0.661091859200251
0.3906058139562867,-0.0026253,4.863780264971662,53.69887849942472,-355.0875321316338,-325.49345891999224,1.0193762895271155,1.0141973418748464,1.0944137125405609,1.0165024011964865,0.9667696533503042,0.9704001422727613,1.074556422491897,0.9152769548398824,1.015972517079289,1.0015822932147869,1.0030744661630493,0.9947509793438031,0.9921658925901934,7.53e-5,-0.00255,0.30699999999999994,0.5872523687443223,0.022291262075672568,0.14986291524565298,0.6751118706055018
0.40432736298556926,-0.0026253,4.870949106483416,44.31996558861795,-351.08180259782796,-320.80400246458885,1.0192520860209273,1.0153131099245556,1.0920732680445322,1.0150035814912985,0.970708519791466,0.9757815510027846,1.0791692061644287,0.9322319974205282,1.0148390340012359,1.0013729550199224,1.0025007530903842,0.9954910793566017,0.9932130001119679,7.53e-5,-0.00255,0.30699999999999994,0.5872523687443223,0.022279272518234482,0.14982230289219034,0.6891318820107526
0.4181241290160105,-0.0026253,4.879210793956442,37.26346342424074,-348.0560659577629,-317.27575138240024,1.0190705722558064,1.0165054952972972,1.0898043510731055,1.0135339710000475,0.9742335533167354,0.9804384924503999,1.085457058139851,0.9478436775185812,1.013716977633514,1.0011578356451245,1.0019282979658897,0.9961502536207959,0.9941199035591108,7.53e-5,-0.00255,0.30699999999999994,0.5872523687443223,0.02226655568715501,0.14977921536536354,0.7031518934160035
0.43198526514928176,-0.0026253,4.888885185947898,32.28232902857576,-345.9178026100017,-314.78518418456775,1.0188734048323427,1.0177382622235187,1.0876340242492408,1.012108858722724,0.97731661613977,0.9843402315031831,1.0927632942624523,0.9619016203443101,1.0126148476945884,1.0009363212507283,1.001357378408695,0.9967274511298426,0.9948851635145325,7.53e-5,-0.00255,0.30699999999999994,0.5872523687443223,0.02225254846183855,0.1497317417700919,0.7171719048212541
0.445899873879836,-0.0026253,4.900166543309718,29.048303795064157,-344.53395116586074,-313.16817156781195,1.018655301027519,1.0189633219280674,1.085566677681794,1.0107388839012883,0.9799279931485261,0.9874738836579814,1.1004535264097308,0.9741973260053183,1.0115470064584013,1.0007135278128825,1.0007967167995582,0.9972160112174598,0.9955009143887403,7.53e-5,-0.00255,0.30699999999999994,0.5872523687443223,0.02223696987261842,0.14967892532018803,0.731191916226505
0.45985701566243137,-0.0026253,4.91307805987679,27.16782196881013,-343.7381016941546,-312.22793065468494,1.0184524020210253,1.0201112830729133,1.0836224822523073,1.0094405915946743,0.9820534645320009,0.9898399253955845,1.1075857069350163,0.9844773301793674,1.0105243500297776,1.0004897975727347,1.0002478482094346,0.9976168099684578,0.9959694610074789,7.53e-5,-0.00255,0.30699999999999994,0.5872523687443223,0.022219452234999108,0.14961951326942233,0.7452119276317558
0.473845717512708,-0.0026253,4.927671148210956,26.214206496122983,-343.34523683954995,-311.75112291834137,1.0182837987901883,1.0210999013285857,1.0818061417137534,1.008225078173159,0.9836814371503431,0.9914532302533264,1.1131679867914004,0.992477626557212,1.009559489369025,1.0002695301354514,0.9997187029400957,0.9979292090970985,0.996292988074353,7.53e-5,-0.00255,0.30699999999999994,0.5872523687443223,0.022200022034758606,0.1495535878763972,0.7592319390370066
0.4878549816340532,-0.0026253,4.943653752489668,25.776527938953905,-343.17441089852673,-311.5322836397568,1.0181798976748262,1.0218446950091096,1.0801224931994828,1.007104923512512,0.9848099804041638,0.9923371159877676,1.1161305273255793,0.9979158358888934,1.0086622034742105,1.0000540359202288,0.9992117024027015,0.9981559147238277,0.9964771720691371,7.53e-5,-0.00255,0.30699999999999994,0.5872523687443223,0.022179033294943216,0.14948234277495165,0.7732519504422574
0.5018737940639746,-0.0026253,4.960622715214368,25.5191430008274,-343.0762814119672,-311.4035911706936,1.0181651214840244,1.0222708467216826,1.0785715987342426,1.0060888378726847,0.9854418637181104,0.9925178810064402,1.1155746884407858,1.0005633166399817,1.007839965688153,0.9998454301756912,0.998730903028902,0.9982998015532953,0.9965286267476557,7.53e-5,-0.00255,0.30699999999999994,0.5872523687443223,0.022157352236747516,0.1494087130348254,0.7872719618475081
0.5158911333331818,-0.0026253,4.978079352283379,25.238510204246268,-342.95872534973176,-311.263274772403,1.0182497975328324,1.0223310804575436,1.0771443930931104,1.0051801459352365,0.9855782558967907,0.9920135680947073,1.1109340493851632,1.0002949817900957,1.0070987833182232,0.9996455729475743,0.9982777479501624,0.9983626781444828,0.9964508907544456,7.53e-5,-0.00255,0.30699999999999994,0.5872523687443223,0.022136342248418477,0.14933732867776492,0.8012919732527589
0.5298959791305704,-0.0026253,4.995239961757151,24.899847821896287,-342.8031441453733,-311.093943581228,1.0184404607856743,1.0220223501688916,1.075842557140038,1.0043801278296844,0.9852245370027427,0.9908257296603886,1.1020817775083507,0.9970869434938191,1.0064375677778832,0.9994555577929031,0.9978557664424166,0.9983454870197901,0.9962470236085165,7.53e-5,-0.00255,0.30699999999999994,0.5872523687443223,0.022117532961274236,0.14927339341513118,0.8153119846580097
0.5438773209672962,-0.0026253,5.011522047743107,24.640712678927684,-342.666268961661,-310.9643760097437,1.0187223206616591,1.0213841089067142,1.0746530328129265,1.003684920772305,0.9843802753351872,0.9889429648318656,1.0893945071973183,0.9910869618831472,1.0058561652377769,0.9992766743395579,0.9974653907382967,0.9982469687124393,0.9959147889312736,7.53e-5,-0.00255,0.30699999999999994,0.5872523687443223,0.022102520507497593,0.14922234502351567,0.8293319960632605
0.5578241668331257,-0.0026253,5.026379815451692,24.740229928302256,-342.6664931130629,-311.014134634431,1.0190724857037101,1.0204906801789506,1.0735738547129745,1.0030884588526678,0.9830467016201114,0.9863431304529386,1.0736294877662045,0.9825380385049979,1.0053511714362346,0.9991097023158219,0.9971070912210722,0.9980650070176954,0.9954504695073417,7.53e-5,-0.00255,0.30699999999999994,0.5872523687443223,0.022092568034770468,0.14918849326543893,0.8433520074685112
0.5717255518382599,-0.0026253,5.039540195126052,25.565145186304335,-342.96048736611516,-311.42659226343204,1.0194700417434515,1.0194237931221117,1.072605752977223,1.0025856856438486,0.9812325362300465,0.983006777700003,1.055728287691469,0.9717385328645862,1.0049170340762397,0.9989548300446538,0.9967821973424897,0.9977981402542615,0.9948519603448961,7.53e-5,-0.00255,0.30699999999999994,0.5872523687443223,0.022088462523761405,0.14917452684944374,0.857372018873762
0.5855705468338358,-0.0026253,5.050775673705012,27.51001021155423,-343.71477080436046,-312.399024776057,1.0198739365686198,1.0182704370390396,1.07174390130102,1.0021667355523183,0.9789412987460402,0.9789155263832222,1.0366849099829627,0.9590100765338303,1.0045520100668412,0.9988130032428333,0.9964881649584103,0.9974445663250526,0.9941145013455756,7.53e-5,-0.00255,0.30699999999999994,0.5872523687443223,0.022090535990801678,0.1491815806739471,0.8713920302790128
0.5993482670043292,-0.0026253,5.06007774095803,30.946196133168314,-345.0837093877794,-314.11711773686403,1.0202711965961837,1.0170992395728569,1.0709920303540417,1.001829089163374,0.97619840973922,0.9740747944016467,1.0173754979915508,0.9446323439932038,1.004250384325661,0.998683769365585,0.9962265308366794,0.9970062321173312,0.993242058406086,7.53e-5,-0.00255,0.30699999999999994,0.5872523687443223,0.022098657017550045,0.14920920485976838,0.8854120416842637
0.6130478804251023,-0.0026253,5.067416902841259,36.187079208276714,-347.19205968686373,-316.73755927441823,1.0206445245396887,1.0159668270517783,1.0703529041702315,1.0015678920708688,0.9730281110348452,0.9685005434929161,0.9985205939845816,0.9288602441995542,1.0040096822963964,0.9985670716160535,0.9959959598276867,0.9964860007500514,0.9922387607390042,7.53e-5,-0.00255,0.30699999999999994,0.5872523687443223,0.02211241188610643,0.14925598159965017,0.8994320530895143
0.62665861657837,-0.0026253,5.072928445686929,43.469927170314804,-350.1276890323944,-320.3789832554373,1.020963690238693,1.0149064291017214,1.0698227467636396,1.0013766879128605,0.9694599558598553,0.9622167492866834,0.9807106554954513,0.9119353590128487,1.003828008373103,0.9984649007738545,0.9957984345608284,0.9958874033190744,0.9911109712903357,7.53e-5,-0.00255,0.30699999999999994,0.5872523687443223,0.022131268646608956,0.14932008544764158,0.9134520644947652
0.6401697748208868,-0.0026253,5.076653613860115,52.95107725124626,-353.9393276133053,-325.119558295903,1.0212268373376745,1.013939963283749,1.069399004933782,1.0012515572428484,0.9655312496545515,0.9552630186893384,0.964284954547594,0.8940579529186679,1.0037013620999526,0.9983764398650986,0.9956325173008664,0.9952168041154957,0.9898689721992542,7.53e-5,-0.00255,0.30699999999999994,0.5872523687443223,0.022154522857642665,0.14939910175373408,0.927472075900016
0.6535707327967015,-0.0026253,5.078665781827358,64.70991126631327,-358.63960978963013,-330.9989753034365,1.0214419489939328,1.013080047695697,1.0690904860446504,1.0011935607603237,0.9612815519255735,0.9476932975781259,0.9494883742550415,0.8753975408362322,1.0036299115789842,0.9982996883369335,0.9954939173119883,0.9944816359237901,0.9885238637868489,7.53e-5,-0.00255,0.30699999999999994,0.5872523687443223,0.022181504275578974,0.14949073209080882,0.9414920873052668
0.666850954788361,-0.0026253,5.079229775826374,78.75769707709867,-364.2101367102955,-338.0228682088292,1.0215937494584126,1.0123210450154676,1.0688888937171048,1.0011953110772136,0.9567507894805576,0.9395526378832109,0.9364794600305146,0.8561340236184874,1.0036095034975163,0.998236134316788,0.995384595337323,0.9936884466971341,0.9870873784171078,7.53e-5,-0.00255,0.30699999999999994,0.5872523687443223,0.02221157022554491,0.14959277352636385,0.9555120987105176
0.68,-0.0026253,5.078381979736316,95.04846787512201,-370.6072461185802,-346.1682536078409,1.0216721265678939,1.0116617271184036,1.0687852609537563,1.0012531626258607,0.9519802128449149,0.9308888354553815,0.9252910947008932,0.836461853601737,1.003638201991266,0.9981858037229175,0.99530405813653,0.992844532375297,0.9855716501914576,7.53e-5,-0.00255,0.30699999999999994,0.5872523687443223,0.022244146492104124,0.14970325862380762,0.9695321101157683
0.35,-0.0026003,4.834344852779235,96.42811255842093,-373.0953049448928,-346.85807594949034,1.0191285060361335,1.0057801888227875,1.101756656008707,1.020950624971981,0.9529042898885545,0.950060264190308,1.0752398026824532,0.8553407572044764,1.019249307565102,1.0021533084266132,1.004769589164517,0.9920996326484823,0.9882615355348913,7.53e-5,-0.002525,0.30699999999999994,0.5872523687443223,0.022323537623441286,0.14997218954084154,0.6330518363897495
0.36343145033847896,-0.0026003,4.838200356978372,79.39008756878707,-365.9953554043159,-338.3390634546734,1.0191697991784632,1.006553772063049,1.0992889763629508,1.0194288083198162,0.9578423908358178,0.9573599984035355,1.073516960257828,0.8752229733823095,1.0181455598895708,1.0019783737968309,1.0042249518857118,0.9930350192555293,0.989661953759598,7.53e-5,-0.002525,0.30699999999999994,0.5872523687443223,0.022312184440295094,0.14993376023617389,0.6470718477950003
0.37697026969153374,-0.0026003,4.84260412733508,64.9268030924228,-359.91806128928664,-331.1074212164913,1.019142452839715,1.00742987205146,1.0968408663479925,1.0179031849622566,0.962483663621896,0.9640632988989143,1.0741499574638338,0.8942646145795219,1.0170228469180718,1.0017918278912639,1.0036700248052348,0.9939105470785979,0.990953220607546,7.53e-5,-0.002525,0.30699999999999994,0.5872523687443223,0.02230084410208898,0.14989536487134245,0.661091859200251
0.3906058139562867,-0.0026003,4.84768674399772,53.02568730370126,-354.8832813811234,-325.1568633221305,1.0190588720912193,1.0084093784722292,1.0944346534811573,1.016384263471778,0.9667873729183688,0.9701211322849275,1.0769848131957065,0.9122976784382338,1.0158893731628944,1.0015943592141467,1.0031063482921285,0.9947199576442498,0.9921253012695155,7.53e-5,-0.002525,0.30699999999999994,0.5872523687443223,0.022289313918504795,0.14985631695882148,0.6751118706055018
0.40432736298556926,-0.0026003,4.853623108031882,43.604125922991784,-350.8782259003291,-320.44608263177577,1.0189311193697286,1.0094859496007418,1.092089758067528,1.01488353325706,0.970715379725916,0.975489170850323,1.081761610236786,0.929152956168276,1.0147542201012902,1.0013869589314701,1.002536233417683,0.9954573528398534,0.9931691911431737,7.53e-5,-0.002525,0.30699999999999994,0.5872523687443223,0.02227730047607019,0.14981562195054574,0.6891318820107526
0.4181241290160105,-0.0026003,4.860596540237445,36.50036785009809,-347.85188898745184,-316.8942035953289,1.0187607143996908,1.010640714111292,1.0898213104856918,1.0134126920779045,0.9742306720423748,0.980130115102204,1.0881495202392006,0.9446556945706626,1.0136288396628463,1.0011725614181703,1.0019656703154018,0.9961156469251953,0.9940753527676625,7.53e-5,-0.002525,0.30699999999999994,0.5872523687443223,0.022264488636760192,0.14977221059081178,0.7031518934160035
0.43198526514928176,-0.0026003,4.86881457769737,31.468905394525564,-345.712065231304,-314.37847236754266,1.0185591165864178,1.0118403686224042,1.087643464631005,1.0119840086059246,0.9773013362434305,0.9840179713731575,1.0955996656181304,0.9586266443621004,1.0125247751126734,1.0009536224977476,1.0013993038392883,0.996689743579253,0.9948370672083726,7.53e-5,-0.002525,0.30699999999999994,0.5872523687443223,0.02225048226168703,0.1497247377235788,0.7171719048212541
0.445899873879836,-0.0026003,4.878396723266641,28.18385903978185,-344.32561341064263,-312.7359491901708,1.018351478642293,1.013041077398861,1.0855781756277256,1.0106128594624415,0.9799037004668915,0.9871382236620666,1.1033976205669347,0.9708395865136981,1.0114538433498188,1.0007319432218726,1.0008414102971221,0.9971774332485533,0.9954524706379124,7.53e-5,-0.002525,0.30699999999999994,0.5872523687443223,0.022234851527799138,0.14967174205073813,0.731191916226505
0.45985701566243137,-0.0026003,4.889536111513534,26.254923243921098,-343.52669700875515,-311.7714812922404,1.0181472472757234,1.014171317986149,1.0836221441991456,1.0093093739636096,0.9820193680125471,0.9894900207780282,1.1106279180965393,0.9810390349189199,1.0104273608157446,1.0005108312713091,1.0002974529178235,0.9975760310870228,0.995919185592803,7.53e-5,-0.002525,0.30699999999999994,0.5872523687443223,0.022217331846145175,0.1496123202990353,0.7452119276317558
0.473845717512708,-0.0026003,4.902171886673573,25.259476959579388,-343.1306365449787,-311.27375815006957,1.0179816784880749,1.0151512083165075,1.081797013143245,1.0080895175444884,0.9836395630588844,0.9910907543722257,1.1162807841153055,0.9889693631179912,1.009458096645489,1.0002922603257673,0.9997715885837072,0.9978871800925928,0.9962418539561159,7.53e-5,-0.002525,0.30699999999999994,0.5872523687443223,0.022197906392112714,0.14954640793804885,0.7592319390370066
0.4878549816340532,-0.0026003,4.916177974184994,24.790969991974066,-342.9574257047446,-311.0395046662669,1.017882173233518,1.015891896366157,1.0801041545105972,1.0069642409094854,0.9847630847169687,0.9919646056629503,1.1192866332384659,0.9943584863456374,1.00855522003513,1.0000785129277137,0.9992683590852471,0.99811318032802,0.9964263529909895,7.53e-5,-0.002525,0.30699999999999994,0.5872523687443223,0.022176930146948718,0.14947520194120498,0.7732519504422574
0.5018737940639746,-0.0026003,4.931172632847843,24.517648281804327,-342.8583302416984,-310.90284381118204,1.0178668960636692,1.0163188449702125,1.0785409929663319,1.005940833468901,0.9853908199337539,0.9921377700122951,1.1187600077459339,0.9969814822179843,1.007727509892517,0.9998723196115583,0.9987916467999767,0.9982562818086912,0.9964780573788894,7.53e-5,-0.002525,0.30699999999999994,0.5872523687443223,0.022155312554971735,0.1494017843824856,0.7872719618475081
0.5158911333331818,-0.0026003,4.9466495043597405,24.238379944258213,-342.74162363271665,-310.763209642409,1.0179544817003572,1.0163864186240357,1.0771047563942133,1.005025015556714,0.9855278566165993,0.9916287331178106,1.1141087871667728,0.9967030400785725,1.0069788247085765,0.9996746495955111,0.9983434694665364,0.9983191867468189,0.9964024291825818,7.53e-5,-0.002525,0.30699999999999994,0.5872523687443223,0.022134332326623866,0.14933049795410888,0.8012919732527589
0.5298959791305704,-0.0026003,4.9619563378049145,23.918679483587653,-342.58880806169714,-310.6033594120737,1.0181439992263297,1.0160910147470426,1.0757891964078032,1.0042167168116605,0.9851759645535981,0.990440073240686,1.1052275050759335,0.9935190595673477,1.0063109861104043,0.9994869037942948,0.9979253164255459,0.9983023036322436,0.9962006195346623,7.53e-5,-0.002525,0.30699999999999994,0.5872523687443223,0.02211557312078754,0.14926673012901995,0.8153119846580097
0.5438773209672962,-0.0026003,4.976498971393513,23.69421963944933,-342.45644054513417,-310.49112949000454,1.0184242165070496,1.0154718096463515,1.0745868721026104,1.0035127009149436,0.9843368494983621,0.9885597704399246,1.0924832279534196,0.9875645208121807,1.005722146248639,0.9993101397937347,0.9975386680578698,0.998204626788349,0.9958713325215607,7.53e-5,-0.002525,0.30699999999999994,0.5872523687443223,0.022100573503050648,0.14921572318277226,0.8293319960632605
0.5578241668331257,-0.0026003,4.989750434658289,23.84057717000087,-342.4624897998021,-310.5643082552803,1.0187735175782364,1.0146003793528815,1.0734965890073986,1.002908104368795,0.9830107937124937,0.9859650452963717,1.0766373308739632,0.9790795305932364,1.005209757028878,0.9991450437281795,0.9971838934049414,0.9980239249264925,0.9954106351954601,7.53e-5,-0.002525,0.30699999999999994,0.5872523687443223,0.022090602425844017,0.1491818066770751,0.8433520074685112
0.5717255518382599,-0.0026003,5.001305316637319,24.720211475626,-342.76265865129324,-311.0041254080929,1.019163129060783,1.0135637802315371,1.072518597147079,1.0023964595459434,0.9812027985710642,0.9826342282470776,1.0586572087003765,0.9683627499149581,1.004770014944286,0.9989921777421706,0.9968611352354637,0.9977581105593473,0.9948146834990541,7.53e-5,-0.002525,0.30699999999999994,0.5872523687443223,0.02208646520373117,0.14916773176701972,0.857372018873762
0.5855705468338358,-0.0026003,5.01095213674436,26.72352860251476,-343.5232489130588,-312.00578397153726,1.0195728934033377,1.0124468419649337,1.0716505138382943,1.0019731289427702,0.978924956970796,0.9785542695829799,1.0394948339892245,0.9557104084882145,1.0043980575326499,0.9988508503295966,0.9965694307659758,0.9974068261732962,0.9940823218623066,7.53e-5,-0.002525,0.30699999999999994,0.5872523687443223,0.022088450885005897,0.14917448725410376,0.8713920302790128
0.5993482670043292,-0.0026003,5.018847210090522,30.218434286920342,-344.89768624123417,-313.75323681374005,1.0199759114391478,1.0113223519660839,1.070898795779711,1.0016290193848831,0.9761929737416147,0.9737243486123218,1.020086266493761,0.9414177243532522,1.0040898363173378,0.9987229788557938,0.9963106551705083,0.9969705349163032,0.9932147251887858,7.53e-5,-0.002525,0.30699999999999994,0.5872523687443223,0.02209644903628581,0.14920169476305908,0.8854120416842637
0.6130478804251023,-0.0026003,5.0246634420517395,35.51572731133945,-347.0110193035038,-316.4018833259496,1.0203293648803886,1.0102410409250693,1.0702472380630716,1.0013603798966884,0.9730308477348424,0.9681552962829075,1.0011588290436668,0.9257658209279145,1.00384569249893,0.9986092729176513,0.9960839137983621,0.9964511393761121,0.9922141840300864,7.53e-5,-0.002525,0.30699999999999994,0.5872523687443223,0.02211015408483375,0.14924830437889106,0.8994320530895143
0.62665861657837,-0.0026003,5.028740951106113,42.85089967175088,-349.9506176339797,-320.0694695061553,1.0206527495318434,1.009235337401025,1.0697140216541174,1.0011656688867494,0.9694732328145055,0.9618826898641109,0.9832123760986183,0.9089439206309894,1.0036600423784774,0.9985074211756788,0.9958868395869388,0.9958547274718238,0.9910904974365937,7.53e-5,-0.002525,0.30699999999999994,0.5872523687443223,0.02212888640321133,0.14931198844791338,0.9134520644947652
0.6401697748208868,-0.0026003,5.031103704098291,52.379285936126166,-353.76534062795093,-324.83366263834296,1.0209199712625896,1.0083288905209944,1.0692941987021847,1.001038811212738,0.9655549630655685,0.9549418243262012,0.9666792271361496,0.8911688937508289,1.0035312270337116,0.9984190914111538,0.9957208474092244,0.9951862574111202,0.9898522874543886,7.53e-5,-0.002525,0.30699999999999994,0.5872523687443223,0.022152035253848408,0.1493906509733784,0.927472075900016
0.6535707327967015,-0.0026003,5.032031111253147,64.17987090130725,-358.46734492294945,-330.7339551209335,1.0211306916656062,1.0075204028080056,1.0689922816429283,1.000977918164867,0.9613113152404359,0.947376094537828,0.9518061348571976,0.8726245294346103,1.0034581161954728,0.9983434419035419,0.995583608384696,0.9944522906318294,0.9885097521556723,7.53e-5,-0.002525,0.30699999999999994,0.5872523687443223,0.022178958989716776,0.14948209049151245,0.9414920873052668
0.666850954788361,-0.0026003,5.031189225649855,78.26393582284993,-364.0393019216721,-337.77598758170484,1.0212779753295123,1.006843005729401,1.0687838143080677,1.0009776797384318,0.9567917549022221,0.9392454099284474,0.9386459601982649,0.8534788665853345,1.003435860895214,0.9982802537440829,0.9954744894103611,0.9936610449352925,0.9870767600268541,7.53e-5,-0.002525,0.30699999999999994,0.5872523687443223,0.02220891621795727,0.14958376875343551,0.9555120987105176
0.68,-0.0026003,5.029218886846161,94.58579738839705,-370.436745677489,-345.9369183644784,1.0213661159677716,1.006258112930449,1.0686864782737615,1.0010361199631632,0.9520281826822655,0.9305943199425508,0.9273294649217019,0.8339032735300921,1.0034641966339652,0.9982289713441429,0.9953914133741202,0.9928191298615308,0.9855636683471267,7.53e-5,-0.002525,0.30699999999999994,0.5872523687443223,0.022241403633690367,0.14969395904256996,0.9695321101157683
0.35,-0.0025753,4.820510598796779,96.12313928968047,-372.9335216874473,-346.7055893151201,1.018815702382798,1.0001428549934785,1.1017846351787695,1.0208391427634536,0.9529336578809975,0.9497905013214476,1.0773475995300201,0.8526515073721601,1.0191735971395561,1.0021607915695057,1.0047928534811303,0.9920726211502501,0.9882242231427439,7.53e-5,-0.0025,0.30699999999999994,0.5872523687443223,0.02232176693856656,0.14996619659147625,0.6330518363897495
0.36343145033847896,-0.0025753,4.823566938886408,79.06194396379419,-365.8378785362818,-338.17499165217697,1.0188587267406228,1.000849573020303,1.0993175429055742,1.01931588743292,0.9578628161030681,0.9570772866407397,1.0757611103048412,0.8724236808740562,1.0180667995577857,1.0019862234000025,1.0042484864833991,0.9930064090339438,0.9896219658510912,7.53e-5,-0.0025,0.30699999999999994,0.5872523687443223,0.02231034592131389,0.14992753614826795,0.6470718477950003
0.37697026969153374,-0.0025753,4.8270479714524726,64.569902956477,-359.76435923817223,-330.9289711485184,1.0188274575692964,1.0016591588988712,1.0968671300136388,1.0177886731004322,0.9624945788417757,0.9637686874130139,1.07659038687218,0.8913750308219923,1.0169425447219322,1.0018016012384938,1.0036975372443953,0.9938794325342153,0.9909105919081056,7.53e-5,-0.0025,0.30699999999999994,0.5872523687443223,0.02229898054293805,0.1498890544438387,0.661091859200251
0.3906058139562867,-0.0025753,4.831066799958861,52.634266553386965,-354.7320806327752,-324.96115294697336,1.018748252529635,1.002583721755708,1.0944606628310722,1.0162682939605034,0.9667884856110054,0.9698126966638234,1.0795671410672811,0.9093097693074225,1.0158064692591142,1.0016051223212388,1.0031359321415616,0.9946872678094304,0.992080806915983,7.53e-5,-0.0025,0.30699999999999994,0.5872523687443223,0.022287381067919634,0.1498497702359552,0.6751118706055018
0.40432736298556926,-0.0025753,4.835768841986945,43.17259570787155,-350.728251523542,-320.23031752421565,1.018620014896592,1.0036135744103212,1.0921131265395407,1.0147658575256935,0.9707053315771794,0.975166131166719,1.084507138279518,0.9260686519993468,1.0146693676710914,1.0013994567148858,1.0025693320996687,0.9954222336138239,0.9931219568692431,7.53e-5,-0.0025,0.30699999999999994,0.5872523687443223,0.022275327246845684,0.14980893669810774,0.6891318820107526
0.4181241290160105,-0.0025753,4.841352975399263,36.02383705271711,-347.7018043501436,-316.65593819663843,1.0184514928413717,1.0047317839052423,1.089840792952548,1.0132932589403478,0.9742088677079274,0.9797921179956092,1.0910364670957369,0.9414808332888462,1.0135419622371358,1.0011867652054833,1.0020021664765082,0.9960782321975922,0.9940255485959851,7.53e-5,-0.0025,0.30699999999999994,0.5872523687443223,0.022262477104682425,0.1497653936504232,0.7031518934160035
0.43198526514928176,-0.0025753,4.847937422798111,30.94386867380024,-345.5604724349406,-314.11595400718,1.0182546126011989,1.0059061575703434,1.0876587982643666,1.0118628789637567,0.9772689667747624,0.9836638928394761,1.0986203284711251,0.955352798234234,1.012435104003959,1.0009693852419905,1.0014393052971193,0.9966505228063761,0.9947856085846848,7.53e-5,-0.0025,0.30699999999999994,0.5872523687443223,0.022248414060320274,0.14971772657503668,0.7171719048212541
0.445899873879836,-0.0025753,4.855678385784123,27.609156281911396,-344.17159614885753,-312.4485978112356,1.018043215875158,1.0070891389946104,1.0855817077762793,1.0104882914482387,0.9798595955997731,0.9867698697571122,1.106556562613236,0.9674859845539302,1.0113621373281492,1.0007501462627155,1.0008857068629489,0.9971354534726521,0.9953979368394149,7.53e-5,-0.0025,0.30699999999999994,0.5872523687443223,0.02223279980052438,0.14966478436139524,0.731191916226505
0.45985701566243137,-0.0025753,4.864856488878087,25.632767463167966,-343.36968590464306,-311.46040340186386,1.0178432101066273,1.0081998568969004,1.0836216853035843,1.0091821192710884,0.9819660368442855,0.9891069794787728,1.1139038406596757,0.9776006820310468,1.0103321957769273,1.0005307317883467,1.000345451615723,0.9975324730766199,0.9958634382700559,7.53e-5,-0.0025,0.30699999999999994,0.5872523687443223,0.022215261934525343,0.14960529823841298,0.7452119276317558
0.473845717512708,-0.0025753,4.875369512986922,24.596221843523722,-342.97072036574923,-310.94213059204174,1.0176785781999145,1.0091689383596303,1.0817878981612155,1.0079578359481352,0.9835779629426508,0.9906955472765453,1.1196540994948057,0.9854725681920045,1.0093592687310016,1.0003143929449196,0.9998238169446949,0.9978420064270889,0.9961850028705221,7.53e-5,-0.0025,0.30699999999999994,0.5872523687443223,0.022195867581854763,0.149539488432352,0.7592319390370066
0.4878549816340532,-0.0025753,4.887133789107288,24.097352283887744,-342.7952906600717,-310.69269581222375,1.0175810337035598,1.0099049775649296,1.0800852270066346,1.0068273221987314,0.9846951911039775,0.9915596158159188,1.1227316081598613,0.99082139637346,1.0084520044908059,1.0001029734776878,0.9993249812024098,0.9980668993889565,0.9963693477332416,7.53e-5,-0.0025,0.30699999999999994,0.5872523687443223,0.02217494210108079,0.1494684516102928,0.7732519504422574
0.5018737940639746,-0.0025753,4.899896923544116,23.808218781391474,-342.6953941215116,-310.5481290609756,1.0175682272636797,1.0103322152147172,1.078506627884483,1.0057973043733852,0.9853194138026193,0.9917228863063104,1.1222062348116226,0.9934077883539305,1.0076175683635706,0.9998985523975015,0.9988520070904088,0.9982094252191803,0.9964215753519277,7.53e-5,-0.0025,0.30699999999999994,0.5872523687443223,0.022153346197489855,0.14939510451239146,0.7872719618475081
0.5158911333331818,-0.0025753,4.913088207613156,23.530049718377995,-342.5796178801266,-310.4090445294689,1.0176551073841695,1.0104082423286582,1.0770582348179742,1.0048742085925164,0.9854566518157474,0.991211934791725,1.1175786184842464,0.9931387972937791,1.0068630400605179,0.9997031292995779,0.9984077743736703,0.9982723644756816,0.996347558985583,7.53e-5,-0.0025,0.30699999999999994,0.5872523687443223,0.022132437231007177,0.14932405718983302,0.8012919732527589
0.5298959791305704,-0.0025753,4.926173041243833,23.228651427921136,-342.42956794621324,-310.25834538424044,1.0178447464160658,1.0101284266011652,1.0757282947203721,1.0040579278130988,0.9851077149139706,0.9900226643455173,1.1086686886266168,0.9899749631683561,1.0061879107592435,0.9995175766979734,0.9979939375460988,0.9982559337606306,0.9961482826540984,7.53e-5,-0.0025,0.30699999999999994,0.5872523687443223,0.0221137142844937,0.14926040998167617,0.8153119846580097
0.5438773209672962,-0.0025753,4.938527869119968,23.03785247914152,-342.30159364553606,-310.16294590985063,1.0181247404413747,1.0095322002181535,1.0745126025266292,1.0033458983867156,0.9842741803269456,0.9881459885540836,1.0958798503486142,0.9840682896887062,1.0055919174061696,0.999342932251227,0.9976112957395956,0.9981592621486558,0.9958223584967897,7.53e-5,-0.0025,0.30699999999999994,0.5872523687443223,0.022098735364631257,0.14920947133815346,0.8293319960632605
0.5578241668331257,-0.0025753,4.94972900342829,23.22975918116299,-342.3131289158498,-310.25889926086137,1.0184764123973868,1.0086886629191587,1.0734142496287133,1.002733486016778,0.9829558819567566,0.9855556059358022,1.079948658436187,0.9756296893424703,1.0050714531809053,0.9991795544202119,0.9972604089994739,0.9979797741842685,0.995365400940304,7.53e-5,-0.0025,0.30699999999999994,0.5872523687443223,0.02208873733037241,0.1491754617455081,0.8433520074685112
0.5717255518382599,-0.0025753,4.959274146266277,24.16257795318802,-342.6195040299978,-310.7253086468739,1.0188625531964302,1.0076842382878513,1.072420982484448,1.0022135574233397,0.981156657521392,0.9822317556755032,1.0618727594863977,0.964988539216802,1.0046248056886506,0.9990287594644708,0.996941190420574,0.9977154211173301,0.9947734200792371,7.53e-5,-0.0025,0.30699999999999994,0.5872523687443223,0.022084553292801633,0.14916122697357054,0.857372018873762
0.5855705468338358,-0.0025753,4.967108019876156,26.222516070889014,-343.38622880722795,-311.7552777057244,1.0192660925704935,1.0066049256048941,1.0715422361239895,1.001781498342003,0.9788872537551996,0.9781594009776188,1.0426200571351072,0.9524308261312137,1.0042467148197465,0.998889738613533,0.9966527988529409,0.9973655779470674,0.9940448098656107,7.53e-5,-0.0025,0.30699999999999994,0.5872523687443223,0.022086470544870288,0.14916774993850943,0.8713920302790128
0.5993482670043292,-0.0025753,4.972997544408571,29.77392042876272,-344.76634137607095,-313.53097988466124,1.019663447069135,1.0055206364187996,1.0707819181320064,1.001432425695723,0.9761651302923288,0.9733385484408426,1.0231001347500006,0.938236016352872,1.003934515676565,0.9987633581333758,0.9963962304560626,0.9969308688250355,0.9931808164497646,7.53e-5,-0.0025,0.30699999999999994,0.5872523687443223,0.022094411163701793,0.14919476293848388,0.8854120416842637
0.6130478804251023,-0.0025753,4.977106358231996,35.124945566313386,-346.884549676554,-316.20649245343657,1.020023006788451,1.004487777976659,1.0701231245753835,1.0011589783518857,0.9730155194657817,0.9677827125661558,1.0040287369051557,0.9226786829462409,1.0036844694297313,0.9986499604849723,0.9961704050076042,0.9964139969343461,0.9921851828734559,7.53e-5,-0.0025,0.30699999999999994,0.5872523687443223,0.02210797186950261,0.149240883809543,0.8994320530895143
0.62665861657837,-0.0025753,4.9792766812256515,42.50942869781386,-349.82776032682995,-319.8987340191868,1.0203423359153796,1.003545181173945,1.0695915014153659,1.0009607973235861,0.9694681829386652,0.9615204666837044,0.9859908263536236,0.9059590343682125,1.0034960553518266,0.9985493109221893,0.9959751077662821,0.9958192766310724,0.9910651563691173,7.53e-5,-0.0025,0.30699999999999994,0.5872523687443223,0.02212662438885506,0.14930429970002737,0.9134520644947652
0.6401697748208868,-0.0025753,4.980018725949954,52.081787660067334,-353.6450402007955,-324.68491350031354,1.020609625237217,1.0027005304501022,1.0691682194922343,1.0008308800691714,0.9655596822786414,0.9545896471342202,0.9693359752650745,0.8882847575299367,1.0033642922068535,0.9984614049631811,0.9958094071565048,0.995152762444793,0.9898304998556544,7.53e-5,-0.0025,0.30699999999999994,0.5872523687443223,0.02214966474651145,0.14938259755652988,0.927472075900016
0.6535707327967015,-0.0025753,4.979101796405833,63.92063311478762,-358.34894363508715,-330.6043362276737,1.0208209492508573,1.001977912919566,1.0688583370599125,1.0007677660418561,0.9613280988726117,0.9470376390985693,0.954304456847399,0.8698411495145324,1.003288535655292,0.9983857780648978,0.9956717414331083,0.9944210776485057,0.9884918626677922,7.53e-5,-0.0025,0.30699999999999994,0.5872523687443223,0.022176456493920672,0.14947359369796423,0.9414920873052668
0.666850954788361,-0.0025753,4.976885769874262,78.03726136113494,-363.9212123325203,-337.66265035084734,1.0209708978812642,1.0013693951453864,1.0686598134901353,1.0007674851023436,0.9568140810038086,0.9389141722227469,0.9410516511495693,0.8508004140621094,1.0032663281545746,0.9983224827012817,0.9955616243518872,0.9936313123783383,0.9870610663757394,7.53e-5,-0.0025,0.30699999999999994,0.5872523687443223,0.022206366017133005,0.14957511569071782,0.9555120987105176
0.68,-0.0025753,4.973495337376756,94.38625041736702,-370.31849203131685,-345.8371448789634,1.0210579590762847,1.00087152778322,1.0685708604174293,1.0008266679371525,0.9520585038467089,0.9302715701944564,0.9296397717689511,0.831331462795547,1.0032954519995623,0.9982713492415872,0.9954782257695381,0.992790943808905,0.9855505518262582,7.53e-5,-0.0025,0.30699999999999994,0.5872523687443223,0.022238810561493762,0.14968516679179628,0.9695321101157683
0.35,-0.0025503,4.806440452641854,96.09509416300887,-372.8240383675922,-346.6915667517843,1.0184972903310012,0.9944373692984162,1.101812238995111,1.0207291368240066,0.9529437207451846,0.949490260902038,1.079621211035932,0.8499711271050031,1.0190999327117793,1.00216894175382,1.0048179483571211,0.9920418647363901,0.9881812511629887,7.53e-5,-0.002475,0.30699999999999994,0.5872523687443223,0.022320076061069675,0.14996047353636788,0.6330518363897495
0.36343145033847896,-0.0025503,4.808671871047643,79.01432991694674,-365.73341002124874,-338.15118462875324,1.0185286989188687,0.9950832812808347,1.0993374137231733,1.0192031213806043,0.9578621258059437,0.9567639657671565,1.0782415404061216,0.8696519706163456,1.017991950525619,1.0019973123372057,1.0042796372732246,0.9929719827650326,0.9895752434703297,7.53e-5,-0.002475,0.30699999999999994,0.5872523687443223,0.02230865813802168,0.14992182213752775,0.6470718477950003
0.37697026969153374,-0.0025503,4.811116351896897,64.49669055386107,-359.6639154298693,-330.8923649472104,1.0185092823807838,0.99584454014391,1.0968884670128705,1.0176742297397074,0.962485501453314,0.9634420733690771,1.07917320384598,0.8884947153390541,1.0168634784689485,1.0018123715657232,1.0037277077467885,0.9938446647666541,0.9908627855603742,7.53e-5,-0.002475,0.30699999999999994,0.5872523687443223,0.022297174303359205,0.1498829378672979,0.661091859200251
0.3906058139562867,-0.0025503,4.8139664777438265,52.52922538980545,-354.6341979373615,-324.9086323651826,1.0184313387041195,0.9967245322381119,1.094483094952415,1.0161532743307593,0.9667684366602303,0.969471020235846,1.0823303280348842,0.9063220307763887,1.015725784267346,1.001617135779807,1.0031685494858815,0.9946503401589271,0.9920302750733156,7.53e-5,-0.002475,0.30699999999999994,0.5872523687443223,0.022285533052649673,0.1498435105978171,0.6751118706055018
0.40432736298556926,-0.0025503,4.817308592816177,43.029679528357974,-350.63174771974155,-320.15885943445886,1.01829991127663,0.9977152223568655,1.0921357187834608,1.0146496459673366,0.9706736151318178,0.9748100486979461,1.0874839961132972,0.9229801834510074,1.0145873298401482,1.001413145708737,1.0026049811856705,0.995382542400192,0.993067870337005,7.53e-5,-0.002475,0.30699999999999994,0.5872523687443223,0.022273461630281342,0.1498026157686144,0.6891318820107526
0.4181241290160105,-0.0025503,4.821317997065023,35.837747305220546,-347.6054162043263,-316.56289332289015,1.0181359213717167,0.9988012501567755,1.0898596284793747,1.013175758565743,0.9741664674556467,0.9794202422909267,1.0941586155560667,0.9382916597463511,1.0134572636581403,1.0012012623649855,1.0020392879180495,0.9960369196511107,0.9939692130216017,7.53e-5,-0.002475,0.30699999999999994,0.5872523687443223,0.02226055078175046,0.14975886519570872,0.7031518934160035
0.43198526514928176,-0.0025503,4.826104469067732,30.71081204772304,-345.4629951907204,-313.9994256941414,1.0179431545384592,0.9999488524147617,1.0876734134290063,1.0117446091152378,0.9772162723991997,0.983277325049852,1.1018865390716326,0.9520715483602004,1.0123481538581691,1.0009847076923313,1.0014780389701352,0.9966075722446471,0.9947270792605842,7.53e-5,-0.002475,0.30699999999999994,0.5872523687443223,0.022246445296821724,0.1497110522223989,0.7171719048212541
0.445899873879836,-0.0025503,4.832034823663532,27.327774883379448,-344.0719956349827,-312.3079071119696,1.0177327546186345,1.0011023074630299,1.0855926478762408,1.0103676181021912,0.9797959639179376,0.9863670524514616,1.1099779163477232,0.9641160474418717,1.0112726614405165,1.0007674189861928,1.0009285424435888,0.9970902560568156,0.9953372070434814,7.53e-5,-0.002475,0.30699999999999994,0.5872523687443223,0.02223081251280952,0.14965804489634035,0.731191916226505
0.45985701566243137,-0.0025503,4.839014765783376,25.305023880896215,-343.2673203733941,-311.296531610728,1.0175352962088922,1.0022008670765,1.0836232541206163,1.009058941701362,0.9818921825043866,0.9886916839542655,1.1174570347632808,0.9741757673442342,1.0102406578772871,1.0005502217148408,1.0003925768724884,0.9974854144270409,0.9958012272299829,7.53e-5,-0.002475,0.30699999999999994,0.5872523687443223,0.022213304528596278,0.14959865755299967,0.7452119276317558
0.473845717512708,-0.0025503,4.8471607171782685,24.228115236287863,-342.86553725416866,-310.7580772884238,1.0173768334972988,1.003163625033269,1.081781891607887,1.0078320180935576,0.9834964932687873,0.9902672908389566,1.1233026921249252,0.9819828717568616,1.009263730917314,1.0003354215550502,0.999874568611023,0.9977938095609414,0.9961223269465742,7.53e-5,-0.002475,0.30699999999999994,0.5872523687443223,0.022193910046341567,0.14953284447225124,0.7592319390370066
0.4878549816340532,-0.0025503,4.856477126751676,23.69921991781905,-342.6880086051649,-310.4936296291894,1.0172774939758533,1.0038958907012483,1.0800612234758498,1.0066956131233535,0.9846065987782202,0.9911186139579279,1.1264479050235991,0.9872796609496848,1.0083518182693652,1.0001262275621507,0.999379768279279,0.9980171637033075,0.9963056042248961,7.53e-5,-0.002475,0.30699999999999994,0.5872523687443223,0.022173035100570553,0.14946197618778054,0.7732519504422574
0.5018737940639746,-0.0025503,4.866556793492658,23.394236579364133,-342.58722604922286,-310.34113795996194,1.0172661497586966,1.0043312929793937,1.078473602073688,1.005660601226713,0.9852283471337068,0.9912780371017313,1.1260050178366325,0.9898607440823121,1.0075131897827043,0.9999240740677111,0.998911085225484,0.9981592988537357,0.9963588657293838,7.53e-5,-0.002475,0.30699999999999994,0.5872523687443223,0.022151528139850735,0.14938892817066576,0.7872719618475081
0.5158911333331818,-0.0025503,4.877120596781334,23.116804250701875,-342.47239611473435,-310.2024217956308,1.0173531509688274,1.0044163778104254,1.0770065477418156,1.0047302135299097,0.9853644350635389,0.9907603289989676,1.121366704629648,0.9895788150419589,1.0067519261843556,0.9997306762162917,0.9984708731651454,0.9982219531883022,0.9962859798981271,7.53e-5,-0.002475,0.30699999999999994,0.5872523687443223,0.022130665223567485,0.14931803451521036,0.8012919732527589
0.5298959791305704,-0.0025503,4.887513145764207,22.833035248966894,-342.3251291235951,-310.0605372947633,1.0175465092189835,1.0041578229113652,1.0756685117454365,1.0039075412130043,0.9850188840980623,0.989574963853519,1.1124663383678584,0.9864619757959169,1.0060710257386523,0.9995473061506776,0.9980613069003392,0.9982063825783489,0.9960899224358476,7.53e-5,-0.002475,0.30699999999999994,0.5872523687443223,0.022112012072064785,0.14925462213649654,0.8153119846580097
0.5438773209672962,-0.0025503,4.897348890103869,22.67488004711447,-342.2016613512871,-309.9814596938371,1.0178238431685196,1.0035770110218127,1.0744360514787066,1.0031871982040086,0.9841902617243686,0.987696927490693,1.0995988752536145,0.9805660497567513,1.0054670687417622,0.9993747308780794,0.9976829953608718,0.9981101042919797,0.9957664546756525,7.53e-5,-0.002475,0.30699999999999994,0.5872523687443223,0.022097041052953126,0.1492037084494728,0.8293319960632605
0.5578241668331257,-0.0025503,4.905987503566854,22.91094230934948,-342.2189239567424,-310.0994908249546,1.0181672690797292,1.0027601726725495,1.0733195832798124,1.0025664936781238,0.9828788532561428,0.985113206240444,1.0836116980632595,0.9722028102665718,1.0049411737135414,0.999213498840139,0.9973348914652095,0.9979318018994449,0.995312558546662,7.53e-5,-0.002475,0.30699999999999994,0.5872523687443223,0.022087061593878805,0.14916976077737218,0.8433520074685112
0.5717255518382599,-0.0025503,4.913100884966129,23.89519398477944,-342.5313857643765,-310.5916166626696,1.0185547209470995,1.0017903677454478,1.0723165202225995,1.0020398363733607,0.9810893065100881,0.9817977547060648,1.065440478673347,0.961632083789068,1.0044876347926661,0.9990641064884354,0.997018669544967,0.9976691718561664,0.9947248031093118,7.53e-5,-0.002475,0.30699999999999994,0.5872523687443223,0.022082834278220238,0.14915537822620192,0.857372018873762
0.5855705468338358,-0.0025503,4.918463987726378,26.009719939614,-343.3041845506399,-311.6488796400869,1.0189569760654233,1.0007530263249227,1.0714261666305198,1.0016013108647217,0.978830503093493,0.977735121367942,1.0460850670684987,0.9491553024194218,1.0041034169256946,0.9989267772545347,0.9967335391508401,0.9973211025119885,0.9940006257075016,7.53e-5,-0.002475,0.30699999999999994,0.5872523687443223,0.022084687191748484,0.14916168253983836,0.8713920302790128
0.5993482670043292,-0.0025503,4.922007643924907,29.615400319653304,-344.689960118286,-313.4517198301065,1.0193502385783915,0.9997183639109444,1.0706505411930611,1.0012458862181057,0.9761196721116142,0.9729248627668265,1.0264456544305973,0.9350537782909079,1.0037855160631652,0.9988016954387511,0.9964790846667464,0.9968883794876264,0.993140918354945,7.53e-5,-0.002475,0.30699999999999994,0.5872523687443223,0.022092534326591286,0.1491883785997496,0.8854120416842637
0.6130478804251023,-0.0025503,4.923838299157703,35.01773899024124,-346.81274230363874,-316.1528891654005,1.0197160826347647,0.9987360881045826,1.0699979287483237,1.0009705803243394,0.9729813690957558,0.9673825946786436,1.0072771624354153,0.9195767823279657,1.0035325768656314,0.9986890659787407,0.9962550231999554,0.9963736311879254,0.992149824637273,7.53e-5,-0.002475,0.30699999999999994,0.5872523687443223,0.022106021170857613,0.14923425020396117,0.8994320530895143
0.62665861657837,-0.0025503,4.923996672445358,42.44880334372431,-349.75970281835885,-319.868421342142,1.0200402504772657,0.9978463877024346,1.0694653950154993,1.0007701639235018,0.9694450607684614,0.9611344435267012,0.98912584997381,0.9029497277676254,1.00334149264897,0.9985890064390038,0.9960606296771153,0.9957811678588209,0.9910341884248567,7.53e-5,-0.002475,0.30699999999999994,0.5872523687443223,0.022124579062774933,0.1492973471603298,0.9134520644947652
0.6401697748208868,-0.0025503,4.922548679718449,52.06202827375796,-353.57954656675383,-324.67503380715885,1.0203043822422033,0.9970681435895122,1.0690357426459456,1.0006378843876311,0.9655452257324337,0.9542135482205987,0.9723248670907695,0.8853942772746375,1.0032079889505061,0.9985014830731507,0.9958947045330988,0.9951164908207283,0.9898026128435129,7.53e-5,-0.002475,0.30699999999999994,0.5872523687443223,0.02214754136206528,0.1493753833422779,0.927472075900016
0.6535707327967015,-0.0025503,4.919847995849391,63.9356349554198,-358.2850749785126,-330.6118371479898,1.020511065635825,0.9964113456899711,1.0687207682468314,1.0005722013226923,0.9613229296825984,0.9466704059810361,0.9571596179772716,0.8670701606387138,1.0031303614341522,0.9984265123808442,0.995757557194638,0.9943865870055209,0.9884672350511466,7.53e-5,-0.002475,0.30699999999999994,0.5872523687443223,0.02217425104710151,0.14946610509464403,0.9414920873052668
0.666850954788361,-0.0025503,4.915878067444842,78.08094512472383,-363.857871748563,-337.6844922326418,1.0206590616247773,0.9958771633327356,1.0685308833343639,1.0005726865247702,0.9568175365014676,0.938556319903704,0.9438164266152457,0.8481417015126208,1.0031090684279849,0.9983638952000411,0.9956482185222884,0.993598432897371,0.987039572699581,7.53e-5,-0.002475,0.30699999999999994,0.5872523687443223,0.022204131530727405,0.14956753347652363,0.9555120987105176
0.68,-0.0025503,4.910935384280908,94.45282878074931,-370.25485611009407,-345.87043406065453,1.0207451629546682,0.9954621319339457,1.0684528097833237,1.000634036244683,0.9520704875049406,0.9299224784271404,0.9323089176860186,0.8287841176297759,1.0031402864171348,0.9983130409378861,0.9955648370907645,0.9927597080115929,0.9855319398096559,7.53e-5,-0.002475,0.30699999999999994,0.5872523687443223,0.022236559910391977,0.14967753517169394,0.9695321101157683
0.35,-0.0025253,4.791842551230663,96.34792918720461,-372.7672495781301,-346.8179842638822,1.0181872528514957,0.9887289037345798,1.101845521715122,1.0206206275319756,0.9529371285342144,0.9491581048030182,1.0820104721935628,0.8472578608334361,1.019025837085049,1.0021757823729758,1.0048406473581488,0.9920095935336251,0.9881345418244358,7.53e-5,-0.00245,0.30699999999999994,0.5872523687443223,0.022318374851072336,0.1499547152954211,0.6330518363897495
0.36343145033847896,-0.0025253,4.793118141075967,79.25076007911684,-365.68201647755734,-338.2693997098383,1.0182138493251787,0.9893133681327592,1.099368130991087,1.0190931821379037,0.9578459422623798,0.9564193334717452,1.0808426101654787,0.8668426157733874,1.0179161230997538,1.0020057643928575,1.004305545757392,0.9929371591419205,0.989525503060356,7.53e-5,-0.00245,0.30699999999999994,0.5872523687443223,0.02230693356359793,0.14991598335178868,0.6470718477950003
0.37697026969153374,-0.0025253,4.794591060229179,64.71036453735496,-359.61645522273403,-330.99920193895736,1.0181852177527797,0.990014238722523,1.0969164241293765,1.0175630885680649,0.9624568436443044,0.9630831699921625,1.081991921964589,0.8855883282138484,1.01678686775147,1.0018228349792961,1.0037571222187105,0.9938062954834479,0.9908083622023989,7.53e-5,-0.00245,0.30699999999999994,0.5872523687443223,0.022295460299818496,0.14987713341127007,0.661091859200251
0.3906058139562867,-0.0025253,4.796234481176035,52.713668700974154,-354.5899233692769,-325.00085402076695,1.0181053660570947,0.9908400063061081,1.094506818621037,1.0160394785190239,0.9667289356967903,0.9690980114054063,1.0853354853983095,0.9033256067996046,1.0156466413489629,1.0016292244614784,1.0032010511550682,0.9946095013880132,0.991972835424003,7.53e-5,-0.00245,0.30699999999999994,0.5872523687443223,0.022283772281285294,0.14983754623821333,0.6751118706055018
0.40432736298556926,-0.0025253,4.798248551688941,43.178619391371626,-350.5892840195274,-320.2333293659657,1.0179860393908837,0.9917851901956338,1.0921597971607657,1.0145363117583541,0.9706244668281485,0.9744221974336591,1.0906059564623745,0.9198853291571153,1.0145057331674256,1.0014250861523777,1.002637147910182,0.9953411077407873,0.9930092282731589,7.53e-5,-0.00245,0.30699999999999994,0.5872523687443223,0.02227161569105118,0.14979636125364018,0.6891318820107526
0.4181241290160105,-0.0025253,4.800607943431196,35.94563646522636,-347.5633605242027,-316.61683790289305,1.0178207099406755,0.9928328863590954,1.0898830989683086,1.0130615746242182,0.9741052632905692,0.9790168228121987,1.0974850559425422,0.9351059637915538,1.0133746138260933,1.0012150480011728,1.0020752254020162,0.9959927663414175,0.9939074498310655,7.53e-5,-0.00245,0.30699999999999994,0.5872523687443223,0.022258689179538393,0.14975255582214025,0.7031518934160035
0.43198526514928176,-0.0025253,4.80365116487261,30.773539944693084,-345.4201516779467,-314.0307896426264,1.017623786620639,0.9939490058677934,1.087690141130778,1.0116282585210667,0.977141851622409,0.9828588368098291,1.105421508559133,0.9488141647367169,1.0122648790647868,1.0010012862851452,1.0015192708537193,0.9965602519027424,0.9946619835641249,7.53e-5,-0.00245,0.30699999999999994,0.5872523687443223,0.022244612644498327,0.14970483904416212,0.7171719048212541
0.445899873879836,-0.0025253,4.807397413292306,27.34353009606764,-344.0273310091177,-312.3157847183137,1.0174188439431997,0.995086993685325,1.0856016796918777,1.0102506466465424,0.9797116375683912,0.9859332556616608,1.1136526956699664,0.9607736958892789,1.01118696900154,1.000784751286551,1.0009713566356717,0.9970415360339921,0.9952703275621847,7.53e-5,-0.00245,0.30699999999999994,0.5872523687443223,0.022228947540934626,0.14965171997176321,0.731191916226505
0.45985701566243137,-0.0025253,4.812002676230489,25.275304259352197,-343.2199950084067,-311.281671799956,1.0172257078847613,0.996175109043786,1.0836283401684121,1.0089413280260966,0.9817978117251376,0.9882426517448413,1.1212733444880654,0.970753869612761,1.0101528631543013,1.0005685863534337,1.0004375774207128,0.9974350771421053,0.9957324314618756,7.53e-5,-0.00245,0.30699999999999994,0.5872523687443223,0.022211445015707886,0.14959234871416938,0.7452119276317558
0.473845717512708,-0.0025253,4.817589609331403,24.158558491667236,-342.8155447844184,-310.7232989161135,1.0170665159487342,0.9971284962916991,1.0817765538120738,1.0077110981436235,0.983392680545985,0.9898051274738281,1.1272603026892705,0.9785090640511103,1.0091738130349177,1.0003562336099412,0.999924199220072,0.9977415049506327,0.9960519869710859,7.53e-5,-0.00245,0.30699999999999994,0.5872523687443223,0.02219211867777797,0.1495267642390279,0.7592319390370066
0.4878549816340532,-0.0025253,4.824073310825563,23.599856620942774,-342.6359674451729,-310.44394798075126,1.0169751180668358,0.9978640667427296,1.0800501362318775,1.0065731408402825,0.984498030044696,0.9906478171469615,1.1304952800896704,0.9837643581990654,1.0082579858197793,1.0001480501812452,0.9994321571560935,0.9979643861837237,0.9962356000914889,7.53e-5,-0.00245,0.30699999999999994,0.5872523687443223,0.02217127656162082,0.14945600464104958,0.7732519504422574
0.5018737940639746,-0.0025253,4.831271233493837,23.278928650185776,-342.5344817727559,-310.28348399537276,1.0169640456967959,0.9983024205091672,1.078446349386213,1.0055333183040942,0.9851159090127739,0.9907991857714735,1.1301092450796202,0.9863222018962168,1.0074149797335474,0.9999478710661387,0.9989673470859654,0.9981057150179503,0.9962890196967402,7.53e-5,-0.00245,0.30699999999999994,0.5872523687443223,0.022149851146917348,0.1493832308371415,0.7872719618475081
0.5158911333331818,-0.0025253,4.838761029939323,23.001791833412653,-342.42064571507456,-310.1449155869862,1.017052264414196,0.9984014158924072,1.0769651784701062,1.0045980426946992,0.985251691721488,0.9902776911178958,1.1254895614796112,0.9860368852029436,1.006648707824982,0.9997562732898638,0.9985308924106863,0.9981682218332943,0.9962174052884889,7.53e-5,-0.00245,0.30699999999999994,0.5872523687443223,0.02212907184279593,0.14931261875323312,0.8012919732527589
0.5298959791305704,-0.0025253,4.846163723280688,22.73486107769827,-342.2763373761712,-310.011450209129,1.0172407862469033,0.9981540232000238,1.0756033869737052,1.003767345753657,0.9849080322118248,0.9890888752400715,1.116568720506006,0.982924574208923,1.0059612117043142,0.9995751929782969,0.9981256009121164,0.9981526147092791,0.9960229840983541,7.53e-5,-0.00245,0.30699999999999994,0.5872523687443223,0.022110478392308928,0.14924940714790358,0.8153119846580097
0.5438773209672962,-0.0025253,4.85291327458032,22.608246407068236,-342.1572357709195,-309.948142873814,1.0175237752002477,0.9976032070643265,1.0743672557781212,1.0030425245864325,0.9840852140290506,0.9872177803025357,1.1036898785248983,0.9770817038783788,1.0053521711768736,0.9994041699821485,0.9977507844892539,0.9980575262366721,0.9957030370631559,7.53e-5,-0.00245,0.30699999999999994,0.5872523687443223,0.022095574019146316,0.14919871843011376,0.8293319960632605
0.5578241668331257,-0.0025253,4.85842234211283,22.887077736833703,-342.18031035053,-310.0875585386967,1.0178638505507058,0.9968162010696043,1.0732244498684262,1.0024138319222402,0.9827819893856619,0.984640817987124,1.0876190232986416,0.9687838063155123,1.004819468364672,0.9992448576905185,0.9974060725803975,0.9978806912967955,0.9952530267338687,7.53e-5,-0.00245,0.30699999999999994,0.5872523687443223,0.022085592942577264,0.14916476415315885,0.8433520074685112
0.5717255518382599,-0.0025253,4.862546141737294,23.921074660497766,-342.4989759944934,-310.60455700052876,1.018247740962549,0.995881364013457,1.0722080139407442,1.001880967079922,0.981001365274016,0.98133431900553,1.069367359306714,0.9582890256666381,1.0043609058099605,0.9990971932214843,0.9970927079972978,0.9976195996581865,0.9946690564367208,7.53e-5,-0.00245,0.30699999999999994,0.5872523687443223,0.022081359936661892,0.14915036177310817,0.857372018873762
0.5855705468338358,-0.0025253,4.864987343528012,26.08812929563021,-343.27794460207815,-311.688084318095,1.018647024411642,0.9948827565943167,1.0713051824674382,1.0014372476780813,0.9787531533229373,0.9772830290732586,1.0499143353550455,0.9458998114445479,1.0039721411655582,0.9989613382854647,0.9968100797283432,0.9972733610951673,0.9939490452009969,7.53e-5,-0.00245,0.30699999999999994,0.5872523687443223,0.022083178592395593,0.14915654973299491,0.8713920302790128
0.5993482670043292,-0.0025253,4.865709426380346,29.74557744542267,-344.66929995571735,-313.5168083929912,1.019038253484266,0.9938929936566208,1.0705203133429728,1.0010778836059266,0.9760532847092624,0.9724852405346578,1.0301714385636878,0.9318943768818607,1.0036505906868238,0.9988374694495619,0.9965576548251805,0.9968426426264608,0.9930936348395633,7.53e-5,-0.00245,0.30699999999999994,0.5872523687443223,0.022090976195745005,0.14918307818609308,0.8854120416842637
0.6130478804251023,-0.0025253,4.864715371841881,35.19635057071025,-346.7966898242528,-316.242194955635,1.0193989487182125,0.9929676904458534,1.069854994752574,1.0007979669222673,0.9729246581174462,0.9669525853674104,1.0108769343599608,0.9165234860261967,1.003394064628907,0.9987259513593405,0.9963349919998554,0.9963296981919774,0.9921061638218541,7.53e-5,-0.00245,0.30699999999999994,0.5872523687443223,0.022104393536384003,0.1492287150013707,0.8994320530895143
0.62665861657837,-0.0025253,4.862172789569881,42.67084528929513,-349.7472756267675,-319.97944231492744,1.0197181638512356,0.9921415654289836,1.0693108322389657,1.0005943678352587,0.969398567335163,0.9607143307795152,0.9925894077416124,0.9000061949672219,1.0032001864248636,0.9986265967628718,0.9961413824162594,0.9957391564112369,0.9909941249855616,7.53e-5,-0.00245,0.30699999999999994,0.5872523687443223,0.02212287731069271,0.14929156226928056,0.9134520644947652
0.6401697748208868,-0.0025253,4.858262861299027,52.32155163315451,-353.5696663556017,-324.80479548685713,1.019983891716687,0.991435395582345,1.0688889948003206,1.0004632115505951,0.9655099661264117,0.9538071756092411,0.9757084958807466,0.8825410956889289,1.0030669687636693,0.9985397597329374,0.9959767722593869,0.9950764519742875,0.9897665871876178,7.53e-5,-0.00245,0.30699999999999994,0.5872523687443223,0.02214580687351539,0.14936949015387638,0.927472075900016
0.6535707327967015,-0.0025253,4.853212789839686,64.22630557073421,-358.2766022225807,-330.757172455647,1.020192306267292,0.9908581642285965,1.0685876126573703,1.0004010884511472,0.9612973110420109,0.9462770740096238,0.960469012532388,0.8643092425484034,1.0029919973268762,0.9984649688790006,0.9958396749350708,0.9943483325012072,0.9884344038983706,7.53e-5,-0.00245,0.30699999999999994,0.5872523687443223,0.022172518996374242,0.1494602236544452,0.9414920873052668
0.666850954788361,-0.0025253,4.8472807164220475,78.39643945409011,-363.8498922626085,-337.84223939732493,1.0203442652725283,0.9904082801579832,1.068401745579994,1.000403389194698,0.9568004458258988,0.9381752224690375,0.946992487894191,0.8454838574730174,1.0029717656786574,0.9984017660744396,0.995728600770224,0.9935621741752297,0.9870095755474096,7.53e-5,-0.00245,0.30699999999999994,0.5872523687443223,0.022202354186081397,0.14956150220120543,0.9555120987105176
0.68,-0.0025253,4.840619465484288,94.78709385268553,-370.24650643616326,-346.03756659662264,1.0204323840744025,0.9900796692973286,1.0683319566485174,1.0004675070461735,0.9520615212409711,0.9295532476822497,0.9353616049444551,0.8262295014634411,1.0030050747370187,0.9983501436598846,0.9956430190821495,0.9927253065818363,0.9855043104185028,7.53e-5,-0.00245,0.30699999999999994,0.5872523687443223,0.022234755854251866,0.14967141761555566,0.9695321101157683
0.35,-0.0025003,4.776920208989017,96.88525033618726,-372.76296949935784,-347.0866448383735,1.0178539823383306,0.9829608494300978,1.1018700788362774,1.0205121159988104,0.9529096769413974,0.9487959047087005,1.084651184758504,0.8445681413636755,1.0189549102860351,1.0021850441639892,1.0048685628165586,0.9919713917012856,0.9880798268096089,7.53e-5,-0.002425,0.30699999999999994,0.5872523687443223,0.022316838139807935,0.1499495136640178,0.6330518363897495
0.36343145033847896,-0.0025003,4.77737161121528,79.7752701439523,-365.68319510261296,-338.531654742256,1.0178980299086786,0.9834767306977279,1.0994011888825894,1.0189840712617024,0.9578089740109017,0.9560440952476646,1.083588138376063,0.8640480956135174,1.0178414644765088,1.0020143161793666,1.0043315839503835,0.992898903496266,0.989469822594558,7.53e-5,-0.002425,0.30699999999999994,0.5872523687443223,0.022305273842756566,0.14991036392857096,0.6470718477950003
0.37697026969153374,-0.0025003,4.777657539875332,65.21536975686217,-359.6226127118624,-331.25170454871096,1.0178643197586956,0.9841264556511504,1.0969451573434683,1.0174520708563521,0.962409818882849,0.9626934598911656,1.0849567157346571,0.8826980572370446,1.016710346885746,1.0018332451867906,1.003787007539822,0.9937653613364168,0.9907496754441878,7.53e-5,-0.002425,0.30699999999999994,0.5872523687443223,0.022293769395894433,0.1498714069682231,0.661091859200251
0.3906058139562867,-0.0025003,4.778038329084482,53.19223278025743,-354.5996020501497,-325.2401360604086,1.0177904981355503,0.9849086358664919,1.0945375832612336,1.015929355394094,0.9666711731362652,0.9686935848705726,1.0884745826843172,0.9003306649670373,1.0155686740687189,1.001639868550536,1.0032310092587378,0.9945671220513345,0.9919116384214182,7.53e-5,-0.002425,0.30699999999999994,0.5872523687443223,0.022282032786785897,0.1498316537248116,0.6751118706055018
0.40432736298556926,-0.0025003,4.778493998140208,43.6239802293635,-350.6012036115082,-320.4560097849616,1.0176670186299381,0.9858191116015013,1.0921882325007322,1.014425002963722,0.9705543669736109,0.9740011440693543,1.0939717122038548,0.9167926905862971,1.0144265849179188,1.0014375865838452,1.0026707788601699,0.9952957102552045,0.9929443422878302,7.53e-5,-0.002425,0.30699999999999994,0.5872523687443223,0.022269858617601113,0.14979040760339363,0.6891318820107526
0.4181241290160105,-0.0025003,4.779211325113032,36.351769858151556,-347.5761723766821,-316.81990459935565,1.0174999640331523,0.9868351910150582,1.0899053370240654,1.0129496185587412,0.9740228072317063,0.9785807631873016,1.1010601263223565,0.9319338515646828,1.013294868920886,1.001229440437366,1.0021124454971648,0.9959446351795425,0.9938393073180183,7.53e-5,-0.002425,0.30699999999999994,0.5872523687443223,0.022256933594403918,0.14974660552720423,0.7031518934160035
0.43198526514928176,-0.0025003,4.780217434371327,31.13591720185798,-345.43234135156,-314.21197827120886,1.0173061132442593,0.9879298864654694,1.0877115449277015,1.0115169028482243,0.9770476710999183,0.9824053469422546,1.10917932841188,0.945543691398784,1.0121840547413057,1.0010164745042214,1.0015580199701992,0.9965100911523869,0.99459094343999,7.53e-5,-0.002425,0.30699999999999994,0.5872523687443223,0.022242836714116476,0.14969881792974585,0.7171719048212541
0.445899873879836,-0.0025003,4.781720843892629,27.660034206376736,-344.0377966710568,-312.47403677346824,1.0171031744670194,0.9890492706466766,1.0856184612468929,1.0101390804600219,0.9796054724741413,0.9854636137759856,1.117593053905576,0.9574257582803701,1.0111052926180628,1.0008013955514699,1.0010129251637727,0.9969891429716802,0.9951965617774285,7.53e-5,-0.002425,0.30699999999999994,0.5872523687443223,0.022227187593741544,0.1496457509934064,0.731191916226505
0.45985701566243137,-0.0025003,4.783842205982944,25.547185890054152,-343.2280878728205,-311.41761261530695,1.0169120190512309,0.9901230576091518,1.0836379411787456,1.0088287310887376,0.9816814006803557,0.987758942933436,1.1253862300805753,0.9673460146034507,1.0100699383924776,1.0005871166134712,1.000483049727218,0.9973807261543102,0.9956568764973122,7.53e-5,-0.002425,0.30699999999999994,0.5872523687443223,0.022209722781725373,0.14958650539639806,0.7452119276317558
0.473845717512708,-0.0025003,4.786626359898719,24.391165665058907,-342.82122650274357,-310.8396025028093,1.016756490664423,0.9910720870897699,1.0817763258652677,1.007598104332331,0.983268189236597,0.9893090685259154,1.1315039456503921,0.975045697587541,1.0090889204823739,1.000375720498344,0.999971680526062,0.9976858893708055,0.9959750434184212,7.53e-5,-0.002425,0.30699999999999994,0.5872523687443223,0.022190442275910913,0.14952107400660225,0.7592319390370066
0.4878549816340532,-0.0025003,4.790049397346108,23.80285614102388,-342.63980132982226,-310.5454477407918,1.0166625129563958,0.9918083772376397,1.0800364731325867,1.0064573444554432,0.9843662947251021,0.9901412119593512,1.134867449561773,0.9802681766790582,1.0081714853715267,1.0001696820786212,0.9994834280735129,0.9979071947397705,0.9961574141488709,7.53e-5,-0.002425,0.30699999999999994,0.5872523687443223,0.022169715790143964,0.14945070446800252,0.7732519504422574
0.5018737940639746,-0.0025003,4.793976829278478,23.46580070732864,-342.537700292737,-310.3769200239442,1.0166537926456651,0.9922553773768712,1.0784205151872968,1.005415319844029,0.9849808173081137,0.9902859687113224,1.1345647604608065,0.9828053309973483,1.0073254454223353,0.99997093886887,0.9990216684448738,0.9980479849703766,0.9962111328368767,7.53e-5,-0.002425,0.30699999999999994,0.5872523687443223,0.02214838822664706,0.14937826061143264,0.7872719618475081
0.5158911333331818,-0.0025003,4.798064077362886,23.18841370888788,-342.42497816893496,-310.2382265247238,1.0167431661430342,0.9923682302950119,1.0769240730645218,1.0044768688092314,0.9851159966582584,0.9897617339068752,1.1299883255082452,0.9825222862398638,1.0065555633031786,0.9997804754102333,0.9985873155517164,0.9981105097908342,0.996140358177156,7.53e-5,-0.002425,0.30699999999999994,0.5872523687443223,0.02212771564109347,0.14930800899205224,0.8012919732527589
0.5298959791305704,-0.0025003,4.801881753263796,22.93742542644509,-342.28358447121815,-310.1127323835024,1.0169326946720834,0.9921412136211984,1.0755487844814775,1.003642639009332,0.9847745519091152,0.988573292952686,1.1210662604640964,0.9794278733062345,1.0058641149773155,0.9996006060703895,0.9981844862262718,0.9980952876935283,0.9959475871612637,7.53e-5,-0.002425,0.30699999999999994,0.5872523687443223,0.022109221031808176,0.14924513159892022,0.8153119846580097
0.5438773209672962,-0.0025003,4.805032125033643,22.841097966204984,-342.16924105118,-310.06456865338237,1.0172072802450918,0.991614051164501,1.074286313765504,1.002911728962343,0.9839569853607013,0.986707200601884,1.1081645047459254,0.9736425189146465,1.0052513602268236,0.9994316099035621,0.9978125223198571,0.9980010724723298,0.9956301853215639,7.53e-5,-0.002425,0.30699999999999994,0.5872523687443223,0.02209440735657612,0.1491947499882517,0.8293319960632605
0.5578241668331257,-0.0025003,4.806863361293951,23.161094379043675,-342.198003645364,-310.2245668598017,1.0175532710873458,0.9908600052590877,1.0731429458910977,1.002285624890265,0.9826638393029594,0.9841417647554573,1.0920218624136269,0.9653783578541222,1.0047170796742688,0.9992725926284785,0.9974698731673658,0.9978256721486115,0.9951836453787487,7.53e-5,-0.002425,0.30699999999999994,0.5872523687443223,0.02208452424196031,0.14916112813330681,0.8433520074685112
0.5717255518382599,-0.0025003,4.807647710724571,24.24292777810615,-342.5229213564507,-310.76548355933295,1.0179383577967536,0.989964418582273,1.072105017984905,1.0017435467246838,0.9808915438200472,0.9808429364986373,1.0737172645775575,0.954963133291038,1.0042506950302956,0.9991273431337665,0.9971613562987742,0.9975662388526337,0.9946045245106867,7.53e-5,-0.002425,0.30699999999999994,0.5872523687443223,0.022080247286200446,0.14914657586704863,0.857372018873762
0.5855705468338358,-0.0025003,4.806445154670484,26.46037483703344,-343.3081961090418,-311.8742070887966,1.0183332505142624,0.9890122251224321,1.071188894345087,1.001297345819139,0.978653457953483,0.9768034777325574,1.054175275143164,0.9426585160269113,1.0038597724328466,0.9989923431903505,0.9968798405305547,0.9972218079682581,0.9938880340414986,7.53e-5,-0.002425,0.30699999999999994,0.5872523687443223,0.02208207954169518,0.14915281025258273,0.8713920302790128
0.5993482670043292,-0.0025003,4.803781253165832,30.167240927918215,-344.7051949095514,-313.727640134239,1.0187223924264917,0.9880724394653423,1.0703971717625544,1.000936655956339,0.9759640615829608,0.9720187688194135,1.0343386190949224,0.9287445651046391,1.0035368112462824,0.9988692426165834,0.9966285501442258,0.9967929983162682,0.9930363637795164,7.53e-5,-0.002425,0.30699999999999994,0.5872523687443223,0.02208987543246891,0.14917933352478172,0.8854120416842637
0.6130478804251023,-0.0025003,4.799584539090279,35.663808648589,-346.83745958206697,-316.4759239945744,1.0190814446488714,0.9872009759622447,1.0697256017652,1.0006568371346436,0.9728470709282059,0.9665011483133914,1.0149431802800288,0.9134728872618385,1.0032798094500348,0.9987582506619661,0.9964066529182738,0.996282193360088,0.9920529084520074,7.53e-5,-0.002425,0.30699999999999994,0.5872523687443223,0.022103281391763454,0.14922493274415816,0.8994320530895143
0.62665861657837,-0.0025003,4.794086225154784,43.17873565382274,-349.79175886492123,-320.23338749719125,1.019399027630228,0.9864344883607263,1.0691804651389796,1.0004546163275458,0.9693316944164727,0.9602771348587756,0.9965529604726735,0.8970587502902279,1.003086789347317,0.9986592281327488,0.9962132899293502,0.9956936693358069,0.9909444560557005,7.53e-5,-0.002425,0.30699999999999994,0.5872523687443223,0.022121761827355257,0.14928777020671585,0.9134520644947652
0.6401697748208868,-0.0025003,4.787527315188366,52.86354902093467,-353.6167043582409,-325.0757941807472,1.0196659065246756,0.9857934303367722,1.0687604825242043,1.0003260658072641,0.9654531048406485,0.9533846485122257,0.979557106617029,0.8796990585425011,1.0029552708970846,0.998572159159431,0.9960477803158967,0.9950330802753228,0.9897202431773591,7.53e-5,-0.002425,0.30699999999999994,0.5872523687443223,0.022144683732718398,0.14936567399204345,0.927472075900016
0.6535707327967015,-0.0025003,4.78011679338321,64.79571473384874,-358.3251008855221,-331.04187703720424,1.019875257895337,0.9852862645773349,1.0684652454241936,1.000267167262281,0.961250162085344,0.9458687903331844,0.9642027692548855,0.8615741536030103,1.0028827698935077,0.9984969239508882,0.9959092719868751,0.9943070157271845,0.9883910381620805,7.53e-5,-0.002425,0.30699999999999994,0.5872523687443223,0.022171392451284765,0.14945639817971484,0.9414920873052668
0.666850954788361,-0.0025003,4.772249420291601,78.986608737231,-363.89884654426254,-338.1373240388954,1.0200251049130604,0.9849131750859614,1.068291057761312,1.0002747102324978,0.9567627832039982,0.9377798524892296,0.9506280099280382,0.842855271310326,1.0028669804715,0.9984332861479903,0.9957967314838962,0.9935227201141232,0.9869687955846307,7.53e-5,-0.002425,0.30699999999999994,0.5872523687443223,0.022201261452122544,0.14955779397977276,0.9555120987105176
0.68,-0.0025003,4.764029854981349,95.39167950570982,-370.29503810611027,-346.3398594231348,1.0201150826730265,0.9846703891076962,1.0682338634942308,1.0003437279374405,0.9520319402978457,0.9291708919852433,0.9388751714129316,0.8237063604454856,1.0029042738016596,0.9983808044218749,0.995708771556497,0.9926877266933474,0.9854658211129885,7.53e-5,-0.002425,0.30699999999999994,0.5872523687443223,0.022233679155410923,0.14966776641316074,0.9695321101157683
0.35,-0.0024753,4.761515534478793,97.71173158660986,-372.8127443813234,-347.4998854635848,1.0175340924675247,0.9771807608371375,1.1019047294862112,1.0204057019996529,0.9528645882513032,0.9484003070397717,1.0873984535064802,0.8418507970224307,1.0188834080144926,1.0021924535977522,1.0048927003944044,0.9919320262967152,0.9880213900462806,7.53e-5,-0.0024000000000000002,0.30699999999999994,0.5872523687443223,0.022315276463407883,0.14994422734855145,0.6330518363897495
0.36343145033847896,-0.0024753,4.760953195624813,80.59213318235311,-365.7391983957361,-338.94008626145643,1.0175688187021144,0.9776365554255628,1.0994301452392001,1.0188760065113034,0.9577534622097591,0.95563472962943,1.0865713538874089,0.8612352294964672,1.0177685668160632,1.0020236737470998,1.0043595242581966,0.9928563914639165,0.989407551859797,7.53e-5,-0.0024000000000000002,0.30699999999999994,0.5872523687443223,0.022303705292769645,0.14990505300058124,0.6470718477950003
0.37697026969153374,-0.0024753,4.760142235571522,66.01549993685285,-359.68347532032647,-331.6517696387063,1.0175386262381185,0.9782311639887231,1.0969786556919698,1.0173438591340864,0.9623429677250701,0.9622695366605759,1.088144470576079,0.8797861935544357,1.0166359245163903,1.0018433964948728,1.00381630058322,0.9937208835283653,0.9906845630370942,7.53e-5,-0.0024000000000000002,0.30699999999999994,0.5872523687443223,0.022292156884378748,0.1498659458125089,0.661091859200251
0.3906058139562867,-0.0024753,4.7591541343020864,53.968330356822435,-354.66435623055753,-325.6281848486911,1.0174701027222885,0.9789690680988621,1.0945713315742085,1.0158209595037846,0.966593376851415,0.9682539360595704,1.0918533369556886,0.8973167525021102,1.015492242613433,1.0016505649634901,1.0032613250958324,0.9945210026451481,0.9918440948004285,7.53e-5,-0.0024000000000000002,0.30699999999999994,0.5872523687443223,0.022280358965646632,0.14982598346680384,0.6751118706055018
0.40432736298556926,-0.0024753,4.75812948572254,44.36898999760331,-350.6682645851307,-320.8285146690815,1.0173446987363617,0.9798303644070652,1.092215594972814,1.0143164597150018,0.9704644333464583,0.9735477663433852,1.0975604182475536,0.9137079053870859,1.0143498563813071,1.0014500766510956,1.0027044914584524,0.9952468616637098,0.9928734961206961,7.53e-5,-0.0024000000000000002,0.30699999999999994,0.5872523687443223,0.02226818634466989,0.14978474107720913,0.6891318820107526
0.4181241290160105,-0.0024753,4.757074999475592,37.0594364184667,-347.64398363089924,-317.1737378795132,1.0171820872528408,0.9808111368677708,1.089936001184494,1.0128433205431633,0.9739212563166506,0.9781105066705289,1.104842518653862,0.9287470904425976,1.0132177957074304,1.0012421677889938,1.0021464087713077,0.9958939529898629,0.9937653765808085,7.53e-5,-0.0024000000000000002,0.30699999999999994,0.5872523687443223,0.022255238512607845,0.14974086008172627,0.7031518934160035
0.43198526514928176,-0.0024753,4.756014605952007,31.801448555692332,-345.4997328828141,-314.54474394812604,1.0169883243086348,0.9818766068541454,1.087739744606493,1.0114118692318497,0.9769336013538882,0.9819190307485244,1.1131737466546983,0.9422773084896432,1.012107270261351,1.0010305054291821,1.0015944211946861,0.996456884596265,0.9945136385412917,7.53e-5,-0.0024000000000000002,0.30699999999999994,0.5872523687443223,0.02224116171807851,0.1496931388078716,0.7171719048212541
0.445899873879836,-0.0024753,4.755150694349875,28.280972168791322,-344.1038470328058,-312.78450575467554,1.0167863202277874,0.982976845640049,1.0856376147507494,1.010033197725614,0.9794788547638037,0.9849614586414197,1.1217916903153755,0.9540974157966464,1.011027816024583,1.0008173229509147,1.001053093759184,0.996933463206898,0.9951165088901796,7.53e-5,-0.0024000000000000002,0.30699999999999994,0.5872523687443223,0.022225539222976178,0.14964016022450452,0.731191916226505
0.45985701566243137,-0.0024753,4.7545631709914185,26.124337144559377,-343.29208523847586,-311.70618824255956,1.0165953013825382,0.9840429840562119,1.08365077401874,1.00872353292897,0.981543654459294,0.9872417322308723,1.129779072848856,0.9639518503139399,1.0099924520448447,1.0006042437417815,1.0005253069753883,0.9973229208183745,0.9955739499518054,7.53e-5,-0.0024000000000000002,0.30699999999999994,0.5872523687443223,0.022208138159062772,0.14958112878050203,0.7452119276317558
0.473845717512708,-0.0024753,4.754335617863563,24.929413029211787,-342.882968976944,-311.10872618488577,1.016440826419581,0.9849901859079652,1.081780931907219,1.0074934484566425,0.9831210665470258,0.9887784675269319,1.1360637808832446,0.9715973928189697,1.0090111661591634,1.0003940956157338,1.0000163448227317,0.9976263275435489,0.9958900328586539,7.53e-5,-0.0024000000000000002,0.30699999999999994,0.5872523687443223,0.022188945667855862,0.14951599387314887,0.7592319390370066
0.4878549816340532,-0.0024753,4.75444892214891,24.311490834787946,-342.6999391534176,-310.79976508767385,1.01634819767097,0.9857307072703743,1.0800248410830442,1.006352800214409,0.9842130490875928,0.9896009407850815,1.1395513197615443,0.9767838263332601,1.0080924844681318,1.0001889912592017,0.9995299440567555,0.997846610421954,0.9960713625557448,7.53e-5,-0.0024000000000000002,0.30699999999999994,0.5872523687443223,0.022168320046338976,0.14944596455261291,0.7732519504422574
0.5018737940639746,-0.0024753,4.754820595754575,23.95797460554263,-342.5972727428749,-310.6230069730512,1.016340204453437,0.9861873488862242,1.0784000918976426,1.0053105825184319,0.9848229005456208,0.9897385554714876,1.1393529177981239,0.9793012660168735,1.0072457637811942,0.9999915359920938,0.9990707017614883,0.9979864732010929,0.9961244724681291,7.53e-5,-0.0024000000000000002,0.30699999999999994,0.5872523687443223,0.022147141022098842,0.149374023146432,0.7872719618475081
0.5158911333331818,-0.0024753,4.755132365910959,23.67968611268202,-342.48578088864707,-310.4838627266209,1.0164300266039814,0.9863147848147212,1.076889232853958,1.0043711393567551,0.9849578252346063,0.9892131524114586,1.134851601451167,0.979027186102411,1.0064743705986579,0.9998026264092383,0.9986395997925633,0.9980488660387904,0.9960547841535559,7.53e-5,-0.0024000000000000002,0.30699999999999994,0.5872523687443223,0.022126621819803394,0.14930429096741943,0.8012919732527589
0.5298959791305704,-0.0024753,4.755075982856149,23.443675963658166,-342.34745881877745,-310.36585765210896,1.0166172305345524,0.9861098152180668,1.0755016429915136,1.0035355960258834,0.9846184300798791,0.9880260367912624,1.1259608589894285,0.9759532423688801,1.005781600583954,0.9996241377018421,0.9982393916761916,0.9980337964348361,0.9958633015638986,7.53e-5,-0.0024000000000000002,0.30699999999999994,0.5872523687443223,0.02210828557840129,0.14924195059093615,0.8153119846580097
0.5438773209672962,-0.0024753,4.754167776365561,23.37636710447373,-342.23788194698903,-310.33220322251674,1.0168944141939689,0.9856114893529027,1.0742231243829106,1.0028051244392437,0.9838061504043851,0.9861666293012615,1.1130293993544875,0.9702094926962364,1.0051673301832866,0.9994551302084045,0.9978674450733845,0.9979407472891519,0.9955479083819978,7.53e-5,-0.0024000000000000002,0.30699999999999994,0.5872523687443223,0.022093595135089798,0.1491919871291592,0.8293319960632605
0.5578241668331257,-0.0024753,4.752121812371962,23.735943483893152,-342.27245269499656,-310.51199141222645,1.0172352314888218,0.9848876370892141,1.0730620189793063,1.0021719828029656,0.9825191835184423,0.98360841431924,1.0969012642537754,0.9620259846467683,1.0046289031474263,0.999298689891904,0.9975291887900442,0.9977664712521727,0.9951049810739859,7.53e-5,-0.0024000000000000002,0.30699999999999994,0.5872523687443223,0.02208378060550036,0.1491585980223401,0.8433520074685112
0.5717255518382599,-0.0024753,4.748660084376326,24.86366193049855,-342.6038377011886,-311.07585063552915,1.0176216114284222,0.9840290332721998,1.0720148111823153,1.0016353298520788,0.9807585407036342,0.9803261234996384,1.078507950741604,0.9516737524735108,1.0041642865317348,0.9991529454698059,0.9972203298140173,0.9975089668896442,0.9945291371989249,7.53e-5,-0.0024000000000000002,0.30699999999999994,0.5872523687443223,0.02207962364217662,0.1491444538142221,0.857372018873762
0.5855705468338358,-0.0024753,4.743666664172318,27.129117737012734,-343.39538913920154,-312.20857853878624,1.0180145904075584,0.9831203090923774,1.0710934079799364,1.001191066948815,0.9785311377390498,0.9763015528821172,1.0588964244251833,0.9394503566857952,1.0037743620990394,0.9990183064520878,0.9969393490887066,0.9971663899377418,0.9938160412766942,7.53e-5,-0.0024000000000000002,0.30699999999999994,0.5872523687443223,0.02208153571588647,0.14915095987122257,0.8713920302790128
0.5993482670043292,-0.0024753,4.7371992024245575,30.882649330458094,-344.7982857022465,-314.0853443355089,1.0184015206500303,0.9822336979761758,1.0702936754848962,1.0008327393862289,0.9758529536072997,0.9715327915077969,1.038978756319992,0.9256289669317447,1.0034527919698946,0.9988953346452908,0.9966880163631439,0.9967396214524386,0.9929678497660861,7.53e-5,-0.0024000000000000002,0.30699999999999994,0.5872523687443223,0.022089385185437956,0.14917766573531352,0.8854120416842637
0.6130478804251023,-0.0024753,4.729456632409812,36.421977121525856,-346.9355002440676,-316.8550082310428,1.0187605626547753,0.9814226116509016,1.0696222066133323,1.000557177087817,0.9727465812586614,0.9660315601595254,1.019504376695984,0.9104504710122482,1.0031986276380995,0.9987841098914454,0.9964654222363734,0.996230906196503,0.9919877321223294,7.53e-5,-0.0024000000000000002,0.30699999999999994,0.5872523687443223,0.022102846471739195,0.14922345361320558,0.8994320530895143
0.62665861657837,-0.0024753,4.720695757840188,43.97407147522051,-349.8938285964878,-320.63105540789013,1.0190764236729073,0.9807243289008818,1.0690791698787647,1.0003600314258374,0.9692417583253662,0.9598236344938232,1.0010280097790414,0.8941344344543297,1.0030094965046936,0.9986846613676756,0.9962707832262654,0.9956443710305775,0.9908821671515684,7.53e-5,-0.0024000000000000002,0.30699999999999994,0.5872523687443223,0.02212138384228713,0.1492864852330878,0.9134520644947652
0.6401697748208868,-0.0024753,4.711243036300214,53.68951333166444,-353.7216842339716,-325.4887763361121,1.0193429252524537,0.9801572278009716,1.068665837433463,1.0002370761795811,0.965373351934758,0.9529472032514608,0.9839405488520461,0.8768741412440622,1.0028823107765472,0.9985969622008536,0.996103566772445,0.9949858362738427,0.9896607912172571,7.53e-5,-0.0024000000000000002,0.30699999999999994,0.5872523687443223,0.02214435618886359,0.14936456105912532,0.927472075900016
0.6535707327967015,-0.0024753,4.701394019422886,65.64538864970496,-358.4318650617787,-331.46671399513235,1.0195507942914483,0.9797311520070929,1.0683813759220295,1.000184979818734,0.961179837744593,0.9454462262003882,0.9684896669825291,0.8588485895650633,1.002815349110204,0.9985209044436745,0.9959628425750863,0.9942616506464221,0.9883338987166632,7.53e-5,-0.0024000000000000002,0.30699999999999994,0.5872523687443223,0.022171129642413617,0.1494555057306706,0.9414920873052668
0.666850954788361,-0.0024753,4.691600044545528,79.8530941216535,-364.0062124451509,-338.5705667311066,1.019702057206184,0.9794422336858903,1.068219961922848,1.0001987411482502,0.9567004553592908,0.9373719801591534,0.9548054026715559,0.8402354334008832,1.0028046290228039,0.9984561159306133,0.9958473174397245,0.9934792602819125,0.9869137052608812,7.53e-5,-0.0024000000000000002,0.30699999999999994,0.5872523687443223,0.022201047602080512,0.14955706826359524,0.9555120987105176
0.68,-0.0024753,4.682136583403628,96.26836276447136,-370.4024452591393,-346.77820105251556,1.019779461081294,0.9792885894918006,1.0681810007439096,1.0002773839953436,0.9519792653056358,0.9287734554270822,0.9428820298727886,0.8212184925626501,1.002850783826158,0.9984020366798819,0.9957549436191775,0.9926458581947756,0.9854114492601295,7.53e-5,-0.0024000000000000002,0.30699999999999994,0.5872523687443223,0.022233573693827488,0.1496674087768623,0.9695321101157683
0.35,-0.0024503,4.745627439731702,98.83045257299534,-372.9156182634131,-348.05924595677754,1.0172169492597063,0.9713579404688669,1.1019440698425138,1.0203025440808096,0.9527986576400369,0.9479727835113635,1.0902840415377701,0.8391446636307359,1.0188143680394455,1.0021997496673094,1.0049167318437717,0.9918896667594717,0.9879576417863306,7.53e-5,-0.002375,0.30699999999999994,0.5872523687443223,0.02231378824980985,0.14993918953839075,0.6330518363897495
0.36343145033847896,-0.0024503,4.744171844505261,81.7046977858538,-365.8484764697465,-339.4963685632068,1.0172400040462433,0.9717450888759321,1.099465378681094,1.0187697497600536,0.9576786495113827,0.9551943376648747,1.0897318304993402,0.8584324261665902,1.0176970901544453,1.0020328524995465,1.0043871939023485,0.9928108659891884,0.9893399297645615,7.53e-5,-0.002375,0.30699999999999994,0.5872523687443223,0.022302194871533305,0.14989993871731244,0.6470718477950003
0.37697026969153374,-0.0024503,4.7422167789220895,67.11447535658124,-359.79796047935463,-332.2012573485705,1.0172169810000466,0.9722807522182683,1.0970143641782726,1.0172379904288735,0.9622575175566225,0.9618150166645821,1.0914792710580157,0.8768873344830417,1.0165627095756553,1.001852910628598,1.0038444335925267,0.9936739846750452,0.9906147298931819,7.53e-5,-0.002375,0.30699999999999994,0.5872523687443223,0.022290587020757317,0.14986062890865626,0.661091859200251
0.3906058139562867,-0.0024503,4.739943767429818,55.04610771193086,-354.78270086208425,-326.1670735262453,1.0171486866077026,0.9729656202366054,1.0946070795942675,1.0157159612347988,0.9664957427926383,0.9677841584062964,1.0954039080489482,0.8943273829632777,1.0154187334704396,1.001661157528112,1.0032913327710389,0.994471634072242,0.9917707763420093,7.53e-5,-0.002375,0.30699999999999994,0.5872523687443223,0.022278778019536625,0.14982062764230222,0.6751118706055018
0.40432736298556926,-0.0024503,4.73723905165967,45.418104032011,-350.7898083716746,-321.3530716862854,1.0170225898117442,0.9737950693147862,1.0922488862612227,1.0142118636050934,0.970354495385546,0.9730607213564907,1.1013412181253712,0.9106224179206653,1.0142756503180184,1.0014617834208042,1.0027366128422794,0.9951949401049576,0.9927966407743095,7.53e-5,-0.002375,0.30699999999999994,0.5872523687443223,0.022266585356978067,0.14977931590748905,0.6891318820107526
0.4181241290160105,-0.0024503,4.734215881720847,38.07310036967749,-347.7673269473806,-317.6805698551186,1.0168595331425134,0.9747500086356856,1.089965264523542,1.0127402421956897,0.973797875537172,0.9776078592268521,1.1088606955101437,0.9255892722877784,1.0131445078202106,1.0012554304846366,1.0021813440712068,0.9958392509969625,0.9936848671157967,7.53e-5,-0.002375,0.30699999999999994,0.5872523687443223,0.02225366569878547,0.14973552886982666,0.7031518934160035
0.43198526514928176,-0.0024503,4.7309370658789405,32.77435616506659,-345.62331575075007,-315.03119775281317,1.0166675850066835,0.9757963158901373,1.087766006471189,1.0113133701785182,0.9767994036396389,0.9814001160116048,1.1173920912680466,0.9390234664524866,1.0120351376528598,1.0010435799098052,1.0016285091373496,0.9964003501523345,0.9944295920533854,7.53e-5,-0.002375,0.30699999999999994,0.5872523687443223,0.02223960807016833,0.1496878709334625,0.7171719048212541
0.445899873879836,-0.0024503,4.7276092333239745,29.21021805837404,-344.22623661341214,-313.2491286994669,1.016466051743571,0.9768828507596085,1.0856636105495687,1.0099337204216468,0.9793307082755935,0.9844243781314471,1.1262840417594788,0.950776020792389,1.0109553250532646,1.0008325951933916,1.0010919265275675,0.9968740521854057,0.9950294195929337,7.53e-5,-0.002375,0.30699999999999994,0.5872523687443223,0.022224018344414963,0.14963500169040916,0.731191916226505
0.45985701566243137,-0.0024503,4.72419176424913,27.0103806151526,-343.41253478990416,-312.1492099778562,1.0162789752868502,0.9779406813591079,1.0836775362792537,1.0086300474333383,0.9813852276703283,0.9866918896908736,1.1344784609955065,0.9605674940740965,1.0099226588988535,1.000619650342927,1.0005642469736247,0.9972618682293732,0.995484052353036,7.53e-5,-0.002375,0.30699999999999994,0.5872523687443223,0.022206716436119475,0.14957630472290045,0.7452119276317558
0.473845717512708,-0.0024503,4.72080502236416,25.776845640132365,-343.00131271873516,-311.53244249034606,1.0161252554978921,0.9788858966274154,1.0817991434381482,1.0074019866708108,0.982952540012551,0.9882153430443829,1.140945397083981,0.968165552652523,1.0089424478979896,1.0004106300047868,1.0000574343387556,0.9975633133031837,0.9957975924719191,7.53e-5,-0.002375,0.30699999999999994,0.5872523687443223,0.022187640522907764,0.1495115635114106,0.7592319390370066
0.4878549816340532,-0.0024503,4.717384126841315,25.129287856572205,-342.81672398951645,-311.208663598566,1.016032306256176,0.9796297354613692,1.0800357694838667,1.006266627945787,0.9840379919204294,0.9890300255780136,1.1445673130572773,0.9733196405675492,1.0080269283689058,1.0002059597971353,0.9995716098919668,0.9977822452161991,0.9959767920939956,7.53e-5,-0.002375,0.30699999999999994,0.5872523687443223,0.02216720409877931,0.14944217471423138,0.7732519504422574
0.5018737940639746,-0.0024503,4.714011836300702,24.758933910705082,-342.713721533628,-311.0234866256324,1.0160234755275392,0.9800983514830077,1.0783970589265257,1.0052216748214997,0.984642244768925,0.9891592040692274,1.1445296235077822,0.9758276833783293,1.0071787808394954,1.0000105917955486,0.9991166273127307,0.9979209023295176,0.9960294995594058,7.53e-5,-0.002375,0.30699999999999994,0.5872523687443223,0.022146171946859868,0.14937073056477718,0.7872719618475081
0.5158911333331818,-0.0024503,4.7102967361682095,24.479002214269144,-342.60359460963485,-310.88352077741445,1.0161128393491516,0.9802436609635403,1.0768741304997143,1.0042870737726748,0.9847751300577242,0.9886320565304375,1.140069583031954,0.9755514146228066,1.0064102944251645,0.9998214932343041,0.9986845159094313,0.9979829446322369,0.9959587372827877,7.53e-5,-0.002375,0.30699999999999994,0.5872523687443223,0.022125881947814792,0.14930177600633102,0.8012919732527589
0.5298959791305704,-0.0024503,4.7059934585901315,24.25687137396028,-342.4685350253547,-310.77245535726,1.016300690415487,0.9800609502065032,1.0754711683870462,1.0034559283110296,0.9844385735001114,0.9874504369198456,1.1312044200812017,0.9725063586482434,1.0057196754216793,0.9996427332255291,0.9982835460509666,0.9979685099459932,0.9957680037854917,7.53e-5,-0.002375,0.30699999999999994,0.5872523687443223,0.02210775948554338,0.14924016158402031,0.8153119846580097
0.5438773209672962,-0.0024503,4.700787305566993,24.217140094724073,-342.3637907970232,-310.7525897176419,1.0165752114445066,0.9795901259569731,1.0741814055451586,1.0027256520659342,0.983631782010132,0.9855985982424574,1.1183206048193834,0.9668092754405384,1.005105577086602,0.9994751919149617,0.9979147062927369,0.9978761776417238,0.9954550833570862,7.53e-5,-0.002375,0.30699999999999994,0.5872523687443223,0.022093246588525253,0.14919080149516165,0.8293319960632605
0.5578241668331257,-0.0024503,4.694383435869296,24.61455048123321,-342.4044657225038,-310.9512949108965,1.0169216005478257,0.9789011342404333,1.0730048528807068,1.002099149668329,0.9823526193236587,0.9830544680590539,1.1021175484823018,0.9586922506623564,1.0045700427471689,0.9993171787559326,0.9975732925428249,0.9977038269586664,0.9950142181315363,7.53e-5,-0.002375,0.30699999999999994,0.5872523687443223,0.022083601516341905,0.14915798869225147,0.8433520074685112
0.5717255518382599,-0.0024503,4.6865967082542115,25.786150968164293,-342.74251888563657,-311.537095154362,1.0172971353019384,0.9780859394872812,1.0719593302664467,1.0015646851022024,0.9806016212800416,0.9797848519294414,1.0837768585378085,0.9484029269956671,1.0041083396609143,0.9991728630470489,0.9972671366451671,0.9974473272847574,0.994441079500315,7.53e-5,-0.002375,0.30699999999999994,0.5872523687443223,0.022079616920760426,0.1491444309433227,0.857372018873762
0.5855705468338358,-0.0024503,4.6775824642259565,28.097379476683045,-343.540568349631,-312.6927094086214,1.017694316143816,0.9772223452984847,1.071030137442523,1.001125777713958,0.978385414127637,0.9757783520344819,1.0641037603683354,0.9362559583831553,1.0037208528921824,0.9990379467445897,0.9969862036022095,0.9971068654628589,0.993731749571711,7.53e-5,-0.002375,0.30699999999999994,0.5872523687443223,0.02208163401017547,0.14915129432172855,0.8713920302790128
0.5993482670043292,-0.0024503,4.6672917789567965,31.895057333065893,-344.949400811811,-314.5915483368128,1.0180761291132923,0.9763848189954333,1.0702319336098276,1.000775084213347,0.9757175090049938,0.971028105276049,1.0441353222174932,0.9225373980235261,1.0034060061820147,0.9989143115433863,0.9967327095805083,0.9966820683697918,0.9928859603637268,7.53e-5,-0.002375,0.30699999999999994,0.5872523687443223,0.022089642822150878,0.14917854220141105,0.8854120416842637
0.6130478804251023,-0.0024503,4.656026835284537,37.474291262478914,-347.0917977008935,-317.38116530151933,1.0184295625147302,0.9756315884137965,1.069555374711389,1.0005069962092314,0.9726228688926255,0.9655447083984323,1.0245502825268893,0.9074487638258301,1.003157554417329,0.9988021060669227,0.9965077159627136,0.9961753605953947,0.9919082663625162,7.53e-5,-0.002375,0.30699999999999994,0.5872523687443223,0.022103211660133855,0.14922469559298196,0.8994320530895143
0.62665861657837,-0.0024503,4.644292809061427,45.060348539750635,-350.0537531959053,-321.1741939401552,1.0187498899205027,0.9749904988412479,1.0690308968296844,1.0003192035083632,0.9691275813145982,0.9593571482645016,1.0060129182397077,0.8912404184068718,1.002975898147657,0.9987015161466206,0.9963104362054169,0.9955910321216264,0.9908054280727847,7.53e-5,-0.002375,0.30699999999999994,0.5872523687443223,0.022121875637681473,0.1492881571068495,0.9134520644947652
0.6401697748208868,-0.0024503,4.632435739850691,54.80288189174837,-353.88425590305434,-326.04546061615406,1.01901275821976,0.9744879245657199,1.0686320241824707,1.0002060356036453,0.9652695539908374,0.9524985979591457,0.988844260109456,0.8740866737413313,1.0028570471898004,0.9986127592728655,0.9961404969055606,0.9949344452465259,0.9895861955641871,7.53e-5,-0.002375,0.30699999999999994,0.5872523687443223,0.02214498215492431,0.1493666879680277,0.927472075900016
0.6535707327967015,-0.0024503,4.620688089512036,66.77863482680573,-358.595946123053,-332.03333708368274,1.0192209391987037,0.9741328761715956,1.068364265760441,1.0001626233783851,0.9610854946054134,0.9450152199056245,0.9732912375773474,0.8561661504629269,1.0027972889920627,0.998535512016086,0.9959968400767822,0.9942122787617389,0.988261554340286,7.53e-5,-0.002375,0.30699999999999994,0.5872523687443223,0.022171854105979303,0.1494579658589178,0.9414920873052668
0.666850954788361,-0.0024503,4.6094310864727595,80.99906505608396,-364.17054723314084,-339.14355219832186,1.019372121916321,0.9739191726782909,1.0682252024467755,1.0001848468126149,0.9566154416235859,0.9369566036299851,0.9595119421033322,0.8376581926306356,1.0027940252914882,0.9984698421045878,0.9958789962332979,0.9934317448064759,0.9868435583260797,7.53e-5,-0.002375,0.30699999999999994,0.5872523687443223,0.022201871284941558,0.1495598634744827,0.9555120987105176
0.68,-0.0024503,4.598868568180209,97.42022010922153,-370.5655254113937,-347.35412972489064,1.019464161389829,0.9738471758853516,1.0682079718778315,1.000267178142338,0.9519008579928162,0.928375047123226,0.9475410777786765,0.8187164596167092,1.002842998335043,0.998415586048651,0.9957861942460838,0.9926003021712526,0.9853446815762626,7.53e-5,-0.002375,0.30699999999999994,0.5872523687443223,0.022234414583698438,0.1496702603394955,0.9695321101157683
0.35,-0.0024253,4.729567857735497,100.24664274435338,-373.07313264631824,-348.76734104245656,1.0168919246451387,0.9655007883418605,1.1019817031886832,1.0201982144541804,0.952717054596916,0.9475119721837273,1.093399093777674,0.8364143379252993,1.0187442868801373,1.0022069250972372,1.004940959299953,0.9918441215371685,0.9878884855170935,7.53e-5,-0.00235,0.30699999999999994,0.5872523687443223,0.0223123138885339,0.14993419845838699,0.6330518363897495
0.36343145033847896,-0.0024253,4.726924112271652,83.11800445428867,-366.012884520048,-340.2030218974242,1.0169184078832674,0.9658308178881496,1.0995048897517392,1.0186668685847355,0.9575841209892492,0.9547191055670875,1.0930282883203304,0.8556108969943217,1.0176267789027327,1.002040825422003,1.0044123974450048,0.9927631517379645,0.9892673758802439,7.53e-5,-0.00235,0.30699999999999994,0.5872523687443223,0.02230071152272436,0.14989491593651594,0.6470718477950003
0.37697026969153374,-0.0024253,4.72373763797931,68.51701498286354,-359.96827104368316,-332.90252716171165,1.0168911040380921,0.9663146413181187,1.0970542310555476,1.0171346404059993,0.9621510669638479,0.9613245193224653,1.095029875407867,0.8739748919792687,1.0164915949212356,1.0018623754205251,1.0038724839966602,0.9936233127483799,0.9905383013795015,7.53e-5,-0.00235,0.30699999999999994,0.5872523687443223,0.022289092942109495,0.14985556850775825,0.661091859200251
0.3906058139562867,-0.0024253,4.7199599753050645,56.42980330273372,-354.95787952563103,-326.85892132164673,1.0168280395045495,0.966959901702197,1.0946494677557996,1.015614435954625,0.9663776258121346,0.9672773328737548,1.0991657566592075,0.8913115928012956,1.0153469489732398,1.001670784743277,1.0033193868546653,0.9944192085370183,0.9916912967897783,7.53e-5,-0.00235,0.30699999999999994,0.5872523687443223,0.022277248441611254,0.14981544566278357,0.6751118706055018
0.40432736298556926,-0.0024253,4.715551991372947,46.775066719851,-350.9680906048525,-322.0315530302054,1.0167033859974266,0.9677552348778561,1.0923026850467898,1.014114201423136,0.970223580014468,0.972536456578555,1.105369507696008,0.9075028022247836,1.0142052812637419,1.0014719046553358,1.0027654280240144,0.9951400793140452,0.9927132766253508,7.53e-5,-0.00235,0.30699999999999994,0.5872523687443223,0.022265069346043578,0.14977417851765135,0.6891318820107526
0.4181241290160105,-0.0024253,4.7105485395124225,39.396190578969936,-347.9473180994206,-318.34211495976484,1.016536222155415,0.9686782232444723,1.090013437629143,1.0126439614387368,0.9736547148751398,0.9770665209984459,1.113150397279832,0.9223862130102061,1.013074518846022,1.0012668593809708,1.0022127267308096,0.9957815061652511,0.9935975914128137,7.53e-5,-0.00235,0.30699999999999994,0.5872523687443223,0.02225216169627269,0.1497304307286321,0.7031518934160035
0.43198526514928176,-0.0024253,4.705143736490845,34.057988406214804,-345.8032507860734,-315.6730138733873,1.0163435265488656,0.9696923418059482,1.0877985636683716,1.0112134790880438,0.9766401539902768,0.9808430267560174,1.1219640243324907,0.9357974064619229,1.011964517754164,1.0010585051806693,1.001667117406079,0.9963390990777463,0.9943392122964931,7.53e-5,-0.00235,0.30699999999999994,0.5872523687443223,0.022238136702213175,0.14968288187569323,0.7171719048212541
0.445899873879836,-0.0024253,4.699241967334827,30.451223024276032,-344.4050780310574,-313.8696311824179,1.0161468002631813,0.9707614005783672,1.085701219013699,1.0098438021370244,0.9791610419640434,0.9838533491937563,1.1310487092883366,0.9474672674871082,1.0108892697328942,1.000846388080243,1.0011276803197382,0.9968113344843859,0.994935323963568,7.53e-5,-0.00235,0.30699999999999994,0.5872523687443223,0.022222640373474448,0.1496303277231427,0.731191916226505
0.45985701566243137,-0.0024253,4.692902140229134,28.208872932640702,-343.58974341957276,-312.7484561366002,1.0159574768486361,0.9718114972804495,1.0837023349176258,1.0085407772938975,0.9812025198328299,0.9861031297313169,1.1394615759384121,0.9572006815820987,1.0098574710714079,1.0006350425004937,1.0006029996830719,0.9971963445642475,0.9953862938084848,7.53e-5,-0.00235,0.30699999999999994,0.5872523687443223,0.02220542434369063,0.1495719203845573,0.7452119276317558
0.473845717512708,-0.0024253,4.686196729135407,26.937000889852357,-343.17669047901467,-312.11252011520605,1.0158051598636229,0.972757157542405,1.0818334870267865,1.0073224422601128,0.9827623678237759,0.9876174639621873,1.1461485140896959,0.9647434680372524,1.008882584887477,1.000425789128132,1.000095828564448,0.9974963546178669,0.9956972099085094,7.53e-5,-0.00235,0.30699999999999994,0.5872523687443223,0.022186529201923256,0.14950779099174377,0.7592319390370066
0.4878549816340532,-0.0024253,4.679091722746464,26.25965196297352,-342.9907204199395,-311.77384565176664,1.015714436479234,0.973509900023581,1.0800782761914811,1.0061959090747614,0.9838393242231738,0.9884228299960919,1.1499133181905785,0.9698531354269837,1.0079727584742233,1.0002211229240507,0.9996098425993405,0.9977135832490301,0.9958733925128072,7.53e-5,-0.00235,0.30699999999999994,0.5872523687443223,0.02216632802456912,0.1494391994377156,0.7732519504422574
0.5018737940639746,-0.0024253,4.67181719620437,25.871939166765515,-342.8876278865852,-311.57998925366263,1.015705831633617,0.973989319271281,1.0784084139586598,1.0051555796275413,0.9844377312286252,0.9885483191335721,1.1499888550669966,0.972373149541758,1.0071282853289099,1.000025588525346,0.9991532758547783,0.9978515375990028,0.9959241307672402,7.53e-5,-0.00235,0.30699999999999994,0.5872523687443223,0.022145534680935133,0.14936856531775047,0.7872719618475081
0.5158911333331818,-0.0024253,4.66397068233001,25.589531104814455,-342.7789524024002,-311.4387852226871,1.0157931517542764,0.9741538294725149,1.0768777260621984,1.0042218593922487,0.9845683024839803,0.9880183928890939,1.1456975813376649,0.9721045804302473,1.006361216860862,0.9998380228392515,0.9987244620681244,0.9979128644473788,0.9958534196764242,7.53e-5,-0.00235,0.30699999999999994,0.5872523687443223,0.02212546256628974,0.14930035043307563,0.8012919732527589
0.5298959791305704,-0.0024253,4.6552166446439065,25.38015314593349,-342.64713130318364,-311.3340962432466,1.0159842845558034,0.9739928174879748,1.0754950410645818,1.003403399134446,0.9842375913585472,0.9868485810053043,1.1369042565073855,0.9690779253546244,1.0056778508813013,0.9996587361821315,0.9983235348234798,0.9978990624162755,0.995663874233885,7.53e-5,-0.00235,0.30699999999999994,0.5872523687443223,0.022107667135515836,0.1492398475406632,0.8153119846580097
0.5438773209672962,-0.0024253,4.645648994707178,25.366569791964253,-342.5473774032365,-311.327304566262,1.016256421649605,0.9735506865101328,1.0741974878541656,1.0026803024875495,0.9834362609837648,0.9850065355111474,1.124063111259911,0.9634208683484966,1.0050687216315655,0.9994909015108799,0.9979541642815737,0.9978074351404812,0.9953519274879176,7.53e-5,-0.00235,0.30699999999999994,0.5872523687443223,0.022093416460272575,0.1491913793408137,0.8293319960632605
0.5578241668331257,-0.0024253,4.634979501551019,25.8000403327585,-342.59414057781066,-311.5440398366591,1.0165973982388838,0.9728941723361779,1.073010538957334,1.0020603078674024,0.9821643423359423,0.9824763623496997,1.1078922503511732,0.9553730126089297,1.0045391082419572,0.9993328223833848,0.9976119381165756,0.997636259006653,0.9949126575998919,7.53e-5,-0.00235,0.30699999999999994,0.5872523687443223,0.02208402062498315,0.14915941465700275,0.8433520074685112
0.5717255518382599,-0.0024253,4.6230501686146,27.013376594583747,-342.93879057295226,-312.15070796757175,1.0169715342357066,0.9721172223096394,1.071945949691015,1.0015343014124096,0.9804209777735831,0.9792223706281109,1.0895000569501514,0.9451627398347878,1.0040840215205782,0.9991868495893477,0.9973016264165355,0.997381566968972,0.9943408377667234,7.53e-5,-0.00235,0.30699999999999994,0.5872523687443223,0.02208024015400619,0.14914655159873347,0.857372018873762
0.5855705468338358,-0.0024253,4.610102369363327,29.367900849937996,-343.7434257831236,-313.3279700952489,1.0173612182421807,0.9712986886891852,1.0710182535423207,1.0011059240924938,0.9782136129881845,0.9752345234423846,1.0698111950129783,0.9331147609078926,1.0037063133460633,0.9990506993379539,0.997016975020217,0.9970428334794907,0.993632775373524,7.53e-5,-0.00235,0.30699999999999994,0.5872523687443223,0.0220825049415868,0.1491542576711773,0.8713920302790128
0.5993482670043292,-0.0024253,4.596263428351844,33.206985540581286,-345.1583636012608,-315.2475124405705,1.017743127287169,0.9705147126422181,1.0702294664562746,1.0007673241166781,0.9755569547498789,0.9705051554976688,1.049788725964394,0.9194753100348065,1.0034003858677187,0.9989256625910553,0.9967607682761126,0.9966199926855871,0.9927892549516606,7.53e-5,-0.00235,0.30699999999999994,0.5872523687443223,0.022090713238511438,0.14918218364620875,0.8854120416842637
0.6130478804251023,-0.0024253,4.581914640952186,38.82317893005563,-347.3059399123686,-318.0556091353077,1.0180991087249118,0.9698193899859585,1.0695699296885994,1.0005119362080206,0.9724722707502765,0.9650436542234121,1.0301644055820038,0.904485104913813,1.003162033493718,0.99881189050158,0.9965323342919505,0.9961154096137197,0.9918137929493188,7.53e-5,-0.00235,0.30699999999999994,0.5872523687443223,0.022104479939803676,0.14922900884411502,0.8994320530895143
0.62665861657837,-0.0024253,4.567584866972272,46.440066507267034,-350.27234178514675,-321.8640529239134,1.0184113662609373,0.969246418130583,1.0690553642612386,1.0003361209042987,0.9689885950240099,0.9588750924976038,1.0115427674525819,0.8883669543125214,1.0029903894166723,0.9987098436858175,0.9963315582971694,0.9955329674507687,0.9907126498656902,7.53e-5,-0.00235,0.30699999999999994,0.5872523687443223,0.022123325330739883,0.1492930852778759,0.9134520644947652
0.6401697748208868,-0.0024253,4.5535763240985,56.20635788307709,-354.1058255591315,-326.7471986118184,1.0186746540468594,0.9688163424024154,1.0686752798122665,1.0002337273716528,0.9651402148359917,0.952035630073644,0.9942830445597313,0.8713060388279066,1.0028803456560136,0.9986194412205556,0.9961578572156704,0.9948783750315401,0.9894952741920754,7.53e-5,-0.00235,0.30699999999999994,0.5872523687443223,0.022146569708188343,0.14937208202837407,0.927472075900016
0.6535707327967015,-0.0024253,4.540276343667589,68.19841692037755,-358.8191146912687,-332.74322813046865,1.0188833715105148,0.9685343317795944,1.0684258497362606,1.000200155611918,0.9609656163190916,0.9445705431682823,0.9786302234853207,0.8534893582038595,1.0028288932893565,0.9985407578539675,0.996010724444688,0.9941582567017817,0.9881726649499771,7.53e-5,-0.00235,0.30699999999999994,0.5872523687443223,0.022173563309701747,0.14946376980516343,0.9414920873052668
0.666850954788361,-0.0024253,4.527969414889969,82.42771938215424,-364.3940419277772,-339.857879361357,1.0190342012966085,0.9684015576803864,1.0683073972209403,1.0002296629301444,0.9565047147583736,0.9365277542518269,0.9647286933187078,0.8350747957556571,1.002831990792654,0.9984740524085564,0.9958902539771084,0.9933795596439255,0.9867567075199704,7.53e-5,-0.00235,0.30699999999999994,0.5872523687443223,0.0222036588086491,0.1495659293554099,0.9555120987105176
0.68,-0.0024253,4.516873714325007,98.85060301961312,-370.78827320086816,-348.06932118008643,1.0191288171919342,0.9684132339545386,1.0683119125530007,1.0003183232847948,0.9517975251271232,0.9279621154814592,0.9526247598353884,0.8162412845033108,1.0028865142249013,0.9984185631548768,0.9957942576912673,0.9925500240687806,0.9852597508273536,7.53e-5,-0.00235,0.30699999999999994,0.5872523687443223,0.022236266822416112,0.14967654132658031,0.9695321101157683
0.35,-0.0024003,4.712870615857995,101.96322822686386,-373.2862589049955,-349.6256337837118,1.0165763780521746,0.9596298898520502,1.1020267314251833,1.020097636284215,0.952614589369521,0.9470160970486916,1.0966265227770113,0.8336639847313072,1.018675579797945,1.0022128021940777,1.004962261957274,0.991796318823606,0.9878140294957369,7.53e-5,-0.0023250000000000002,0.30699999999999994,0.5872523687443223,0.022310868569729147,0.14992930553796882,0.6330518363897495
0.36343145033847896,-0.0024003,4.709206076931571,84.83503379106071,-366.23283162422075,-341.06153656581023,1.0165929166730927,0.9598906601134852,1.0995484175742471,1.0185656359721127,0.957469688102776,0.9542097530344933,1.0965375342554315,0.8527919173064352,1.0175580886677755,1.0020489613557295,1.0044381824411035,0.992711804453649,0.9891887877724063,7.53e-5,-0.0023250000000000002,0.30699999999999994,0.5872523687443223,0.022299295240735408,0.149890120098949,0.6470718477950003
0.37697026969153374,-0.0024003,4.7047543770613895,70.22623149167373,-360.19387413929064,-333.75713541611674,1.016568653503943,0.960315960163588,1.0970964041800562,1.0170347214510354,0.9620248546534224,0.9608004518500345,1.0987465385374482,0.8710616082789084,1.01642223729301,1.0018709864245987,1.0038986481656937,0.993569987952334,0.9904564136306285,7.53e-5,-0.0023250000000000002,0.30699999999999994,0.5872523687443223,0.022287652763279566,0.14985069050709574,0.661091859200251
0.3906058139562867,-0.0024003,4.699529394082983,58.12278568930094,-355.18801180213217,-327.70541251493034,1.016500068863185,0.9609072454213808,1.0946868045770455,1.0155146248901012,0.966238741993758,0.9667388560265552,1.1031583699365455,0.8883314980296789,1.0152778348199967,1.0016813229521073,1.003349330424294,0.9943626561869588,0.9916054405173279,7.53e-5,-0.0023250000000000002,0.30699999999999994,0.5872523687443223,0.022275823982490773,0.14981061965359738,0.6751118706055018
0.40432736298556926,-0.0024003,4.693427070740598,48.4436014771469,-351.20137430356385,-322.8658204088533,1.0163760994830646,0.9616579453701175,1.092331086474537,1.014015088271454,0.970071332930611,0.9719817592356514,1.1095987562705152,0.9044534728792594,1.0141360563389235,1.0014836510123222,1.002797575999211,0.9950809336418518,0.9926238432550842,7.53e-5,-0.0023250000000000002,0.30699999999999994,0.5872523687443223,0.02226364043234441,0.14976933612254434,0.6891318820107526
0.4181241290160105,-0.0024003,4.686523675291913,41.03280424717593,-348.1824160521202,-319.16042179386784,1.016213144900561,0.9625516401692733,1.0900471899183077,1.0125484896572283,0.973487817624983,0.9764928223273138,1.1176288158946945,0.9192497786145798,1.013006894184411,1.0012791595853359,1.002245759660875,0.9957198417619932,0.9935041629003168,7.53e-5,-0.0023250000000000002,0.30699999999999994,0.5872523687443223,0.022250753333882486,0.1497256566276285,0.7031518934160035
0.43198526514928176,-0.0024003,4.678680837356308,35.65661130207923,-346.0393958312874,-316.4723253213195,1.0160200493044937,0.9635523751297341,1.0878422902083227,1.011124771483873,0.9764604852213379,0.9802517273950002,1.1267340411033415,0.9325686900867938,1.0119006406006408,1.0010710064621042,1.0017002153896577,0.9962748768691739,0.9942413876661547,7.53e-5,-0.0023250000000000002,0.30699999999999994,0.5872523687443223,0.02223680358548156,0.14967836145557048,0.7171719048212541
0.445899873879836,-0.0024003,4.670067159621852,32.00812134686714,-344.64102559588366,-314.64808034371345,1.015821252576845,0.9646126250999632,1.0857378043313624,1.0097593726390626,0.97896761831664,0.9832442442445156,1.1360799578298595,0.9441710498051923,1.0108283422613498,1.0008597892680378,1.001162174671744,0.9967442364739455,0.9948330702356925,7.53e-5,-0.0023250000000000002,0.30699999999999994,0.5872523687443223,0.022221400056678553,0.14962612054662516,0.731191916226505
0.45985701566243137,-0.0024003,4.660507593388923,29.72368308742591,-343.8244507019065,-313.50586121399283,1.015636087135649,0.9656613592667828,1.0837811426251969,1.0084725832089996,0.9810033976801403,0.9854825867444573,1.1447435390005447,0.9538039889101211,1.009803891284662,1.0006465824667505,1.0006349283286624,0.9971282322530656,0.9952813443276983,7.53e-5,-0.0023250000000000002,0.30699999999999994,0.5872523687443223,0.022204323030394196,0.1495681833010774,0.7452119276317558
0.473845717512708,-0.0024003,4.650611742695451,28.413518568194263,-343.4098490576148,-312.850778954377,1.0154837224805942,0.9666080623840778,1.0818761467069387,1.0072550739949813,0.982546857681365,0.9869810508058161,1.1516045053398454,0.961335910993177,1.0088320093752925,1.0004390991387155,1.0001298660859412,0.9974251644391969,0.9955876886842215,7.53e-5,-0.0023250000000000002,0.30699999999999994,0.5872523687443223,0.022185618386088197,0.1495046990433187,0.7592319390370066
0.4878549816340532,-0.0024003,4.639994258732526,27.706111637854747,-343.22263155884104,-312.49707548920725,1.0153922238745345,0.9673673307629065,1.080099354460657,1.0061290544349186,0.9836133693580362,0.9877758108235354,1.1556440965035013,0.9664446702876364,1.007924342523541,1.000236161566751,0.9996468203405903,0.9976404806781339,0.99576165859834,7.53e-5,-0.0023250000000000002,0.30699999999999994,0.5872523687443223,0.022165613533316256,0.14943677287808033,0.7732519504422574
0.5018737940639746,-0.0024003,4.628691312553982,27.300470383648758,-343.11945416582927,-312.29425486210425,1.0153847531392302,0.9678622414296936,1.0784549954172902,1.0051040944169185,0.9842091194299859,0.9878987640501214,1.1558561739551783,0.9689170960326979,1.0070888540083003,1.0000394500580936,0.999188667212231,0.9977774329783957,0.9958100681034566,7.53e-5,-0.0023250000000000002,0.30699999999999994,0.5872523687443223,0.02214513540724214,0.14936720868462425,0.7872719618475081
0.5158911333331818,-0.0024003,4.616580864747421,27.0147072678011,-343.0123314539046,-312.1513733041804,1.0154714300751388,0.9680441262291278,1.0769368378135051,1.0041840827293482,0.984341305086236,0.9873746588833986,1.1517044710019302,0.9686492467352361,1.0063305471895612,0.9998512212948253,0.998759123969765,0.9978385434719501,0.9957387008697949,7.53e-5,-0.0023250000000000002,0.30699999999999994,0.5872523687443223,0.022125418192510144,0.14930019959572674,0.8012919732527589
0.5298959791305704,-0.0024003,4.603851284962577,26.816903619611367,-342.88399862466787,-312.05247148008556,1.015661644221347,0.9679070670360114,1.0755253229078379,1.0033697458660964,0.9840088777646119,0.9862080489409142,1.1429760267955085,0.9656738777526186,1.0056520613482043,0.9996715535694196,0.9983557685853962,0.9978248838660131,0.9955482528049043,7.53e-5,-0.0023250000000000002,0.30699999999999994,0.5872523687443223,0.022107901295438742,0.14924064381820626,0.8153119846580097
0.5438773209672962,-0.0024003,4.589866890283191,26.82801793055944,-342.7893279731573,-312.0580286355596,1.0159310901746417,0.9674910237127895,1.0742425282950356,1.0026632125742443,0.9832165009113673,0.9843866636515264,1.130255276882468,0.9600797565362299,1.0050552292792314,0.9995027825424379,0.997984673768942,0.9977345213607767,0.9952377644132981,7.53e-5,-0.0023250000000000002,0.30699999999999994,0.5872523687443223,0.022094062833176463,0.14919357806076672,0.8293319960632605
0.5578241668331257,-0.0024003,4.575288978754085,27.295858962848797,-342.841928696705,-312.2919491517043,1.0162580801508676,0.9668681324783844,1.0730272969631536,1.002050116459709,0.98194533511866,0.9818623107451091,1.114152205350602,0.9520870975305219,1.004534806890831,0.9993438372388849,0.9976384690712101,0.997563579516124,0.9947969438800187,7.53e-5,-0.0023250000000000002,0.30699999999999994,0.5872523687443223,0.0220849568921829,0.1491626001413174,0.8433520074685112
0.5717255518382599,-0.0024003,4.559623446223711,28.54901659168604,-343.1930901187822,-312.9185279661229,1.01663479193267,0.9661246375668421,1.071981161062755,1.0015434354734196,0.9802127936154545,0.9786336958962012,1.0956951722133186,0.9419598746616225,1.0040937877855451,0.9991949608620884,0.9973219823724278,0.9973110231137827,0.9942262873837928,7.53e-5,-0.0023250000000000002,0.30699999999999994,0.5872523687443223,0.022081534987059535,0.14915095739135514,0.857372018873762
0.5855705468338358,-0.0024003,4.543289531718593,30.944661664000364,-344.0041481471304,-314.11635050228006,1.0170244285581362,0.9653460641097047,1.071067103503584,1.001130772560444,0.9780174056021601,0.9746701475733014,1.0759618345985102,0.9299920753911977,1.0037277895165353,0.9990568847634278,0.9970335538928311,0.9969743783098564,0.993520280639905,7.53e-5,-0.0023250000000000002,0.30699999999999994,0.5872523687443223,0.022084082196976104,0.14915962414689632,0.8713920302790128
0.5993482670043292,-0.0024003,4.526573427208344,34.822673616887755,-345.424721199946,-316.05535647872375,1.0174041359100523,0.9646074673928973,1.070291605206729,1.0008062489774336,0.97537159564734,0.9699626640323262,1.0558605430681658,0.9164344725651102,1.0034331646587578,0.998929859466493,0.9967729721258667,0.9965534913845195,0.992678271977236,7.53e-5,-0.0023250000000000002,0.30699999999999994,0.5872523687443223,0.022092530720592814,0.14918836633315788,0.8854120416842637
0.6130478804251023,-0.0024003,4.509985905033303,40.473018373103855,-347.5768876210691,-318.8805288568318,1.0177592656971843,0.963958824439229,1.0696520219784067,1.0005651653434215,0.9722982764847125,0.9645256329027235,1.0361740872502554,0.901549515759864,1.0032067260503263,0.9988142302683112,0.9965402943810537,0.9960512010487962,0.991704933883293,7.53e-5,-0.0023250000000000002,0.30699999999999994,0.5872523687443223,0.022106529335005596,0.14923597831008634,0.8994320530895143
0.62665861657837,-0.0024003,4.493844173795238,48.11760711737088,-350.54666315686484,-322.7028232289653,1.018069290169371,0.9634364179403001,1.069154336485914,1.0004019476110237,0.9688262078717778,0.9583800965806535,1.0174692666511023,0.8855390549064708,1.0030456785145976,0.9987104951383359,0.9963355960231911,0.995471041816168,0.9906060085312443,7.53e-5,-0.0023250000000000002,0.30699999999999994,0.5872523687443223,0.022125562297753074,0.14930068944421523,0.9134520644947652
0.6401697748208868,-0.0024003,4.478537695698586,57.904237760425644,-354.3824265647645,-327.5961385504927,1.0183429772759423,0.9630681180792324,1.0687678363839037,1.0003046566640612,0.9649873206743502,0.9515621267951107,1.0000643314610052,0.8685647596056155,1.002938500542412,0.9986190238368182,0.9961594264800478,0.9948190473255124,0.9893922507265662,7.53e-5,-0.0023250000000000002,0.30699999999999994,0.5872523687443223,0.02214881381355699,0.14937970654614954,0.927472075900016
0.6535707327967015,-0.0024003,4.464273196502035,69.90893429950825,-359.0966685987008,-333.598486820034,1.0185409154798573,0.962855546145055,1.0685637580866327,1.0002845474489082,0.9608232155343899,0.9441127569051122,0.9843060049458627,0.8508422828419718,1.0028999228970512,0.9985386748644806,0.9960083483732245,0.9941003136653356,0.9880701295212668,7.53e-5,-0.0023250000000000002,0.30699999999999994,0.5872523687443223,0.022176030956335892,0.14947214881176304,0.9414920873052668
0.666850954788361,-0.0024003,4.451431100042501,84.1432250249411,-364.67155959072323,-340.7156321827504,1.0186947416768113,0.9627971367916832,1.0684700322838907,1.0003214945854975,0.9563706574023855,0.9360875907949859,0.9702715740230458,0.832533377909724,1.002909622151074,0.9984706273780768,0.9958845573013806,0.9933236860215273,0.9866563000918628,7.53e-5,-0.0023250000000000002,0.30699999999999994,0.5872523687443223,0.022206210657565745,0.1495745885259224,0.9555120987105176
0.68,-0.0024003,4.439890893978769,100.56373288259988,-371.064392823944,-348.9258861115798,1.01878766069473,0.9628919872946167,1.068499380557292,1.0004146129817322,0.9516729081709234,0.9275330370557854,0.958032053628525,0.8137906668200464,1.0029688883118617,0.9984148362198741,0.9957874866077118,0.9924958738932931,0.9851617165358554,7.53e-5,-0.0023250000000000002,0.30699999999999994,0.5872523687443223,0.022238861874148003,0.1496853407809054,0.9695321101157683
0.35,-0.0023753,4.695915942797404,103.98541408488188,-373.55311385198036,-350.6367267127208,1.0162403270118976,0.9537053379352095,1.1020705334918741,1.0199976367136745,0.9524892492768386,0.9464853890748778,1.1000944351752127,0.8309521934196301,1.0186105635682552,1.0022210273848824,1.0049883281554908,0.9917425761305712,0.9877314220113551,7.53e-5,-0.0023,0.30699999999999994,0.5872523687443223,0.02230958867759653,0.14992497251663092,0.6330518363897495
0.36343145033847896,-0.0023753,4.691091841881864,86.86099845457215,-366.5071133658878,-342.07451889756595,1.0162919319204753,0.953901801558198,1.0995940393164663,1.0184687763722884,0.9573361577258229,0.9536683011387486,1.1000736894851375,0.8499651750252545,1.0174893573620252,1.0020542230224543,1.004457844501903,0.9926601741828098,0.9891068973795587,7.53e-5,-0.0023,0.30699999999999994,0.5872523687443223,0.022297841921824445,0.14988519869162706,0.6470718477950003
0.37697026969153374,-0.0023753,4.685337405353773,72.24729129959826,-360.4748990402351,-334.767665320079,1.01624116604371,0.954277483688915,1.0971440974946975,1.01693728553775,0.961877755506724,0.9602419231339578,1.102687942175713,0.8681588390441128,1.0163554395292345,1.0018799066195374,1.0039255653662265,0.9935127347987679,0.9903680427332308,7.53e-5,-0.0023,0.30699999999999994,0.5872523687443223,0.022286299961826243,0.14984610832030332,0.661091859200251
0.3906058139562867,-0.0023753,4.6784894813532025,60.13005608540334,-355.47457338251587,-328.70904771298154,1.0161647890458163,0.9548258276523593,1.094732326614097,1.0154188616931077,0.9660782292534627,0.9661650037958852,1.107409136426986,0.8853523935325796,1.0152124420057753,1.0016920128395363,1.0033792756741833,0.9943018728802654,0.9915122372200806,7.53e-5,-0.0023,0.30699999999999994,0.5872523687443223,0.02227451502463571,0.14980618482502492,0.6751118706055018
0.40432736298556926,-0.0023753,4.670701610739399,50.42837124542075,-351.4920561756069,-323.85820529299025,1.0160473876412013,0.9555459094971965,1.0923797711705467,1.0139231369026374,0.9698968947344558,0.9713886289846595,1.1140871559191963,0.9013760118599499,1.0140715882322815,1.001494274549236,1.0028270805512538,0.9950181126554482,0.9925269089521932,7.53e-5,-0.0023,0.30699999999999994,0.5872523687443223,0.022262323117626794,0.14976487178674736,0.6891318820107526
0.4181241290160105,-0.0023753,4.661735151249343,42.987094609876294,-348.4756299323093,-320.137566975218,1.0158853325142925,0.9564155588351183,1.0901035146101505,1.012461356462881,0.9732991896043348,0.9758802167432604,1.122412952958583,0.9160817104747423,1.012944827882124,1.001290156817041,1.0022758403317846,0.9956543209662962,0.9934027961848937,7.53e-5,-0.0023,0.30699999999999994,0.5872523687443223,0.022249472973822307,0.14972131630389685,0.7031518934160035
0.43198526514928176,-0.0023753,4.651520533161976,37.57393403626929,-346.3338154288125,-317.4309866884145,1.015693118235364,0.9573984953445819,1.0878928042996632,1.0110436397481564,0.9762577099305898,0.9796213750528375,1.131778863665223,0.9293325086978123,1.011842047208725,1.0010823628695502,1.0017305896406585,0.9962066976766731,0.9941355390284394,7.53e-5,-0.0023,0.30699999999999994,0.5872523687443223,0.02223559719866915,0.14967427064547734,0.7171719048212541
0.445899873879836,-0.0023753,4.640177698730016,33.88440450069572,-344.93536581212146,-315.58622192062774,1.0154915021517188,0.9584486702348122,1.0857883817082639,1.009685015604068,0.9787506509329564,0.9825979563643208,1.1414252528817443,0.9408794635617298,1.0107751198874757,1.0008720036772583,1.001193644316978,0.9966729942120776,0.9947223427739819,7.53e-5,-0.0023,0.30699999999999994,0.5872523687443223,0.022220338924655084,0.1496225210769473,0.731191916226505
0.45985701566243137,-0.0023753,4.62767131611014,31.5582728845136,-344.1172903312044,-314.4231561125367,1.0153051488120604,0.9594870931904649,1.0838077586758592,1.008400532237823,0.9807708862286746,0.9848210004532219,1.1503891037297824,0.950499555561316,1.0097543026045488,1.000660471745773,1.0006688241179427,0.9970540506186357,0.9951664235960298,7.53e-5,-0.0023,0.30699999999999994,0.5872523687443223,0.02220342154161091,0.14956512421417256,0.7452119276317558
0.473845717512708,-0.0023753,4.614317536297268,30.209907802448015,-343.7011598752664,-313.7489735715039,1.0151530696549664,0.9604375049847756,1.081945647841261,1.007198908357586,0.9823091643890924,0.9863084058516586,1.1575158520287014,0.9579441471018865,1.0087905160394761,1.0004515110345003,1.0001622179832268,0.9973496606395381,0.9954699366597178,7.53e-5,-0.0023,0.30699999999999994,0.5872523687443223,0.02218491265939193,0.14950230326877217,0.7592319390370066
0.4878549816340532,-0.0023753,4.600082021328309,29.472184359428184,-343.5128722417832,-313.38011184999397,1.0150616896109526,0.96120516962431,1.0801737614482776,1.0060852282756954,0.9833672471577543,0.9870959702494274,1.161771691134291,0.9630251762682149,1.0078917558440026,1.0002482591084638,0.9996782948882471,0.9975632130677622,0.9956404689545322,7.53e-5,-0.0023,0.30699999999999994,0.5872523687443223,0.022165208992542696,0.1494353989572426,0.7732519504422574
0.5018737940639746,-0.0023753,4.584968890864191,29.048015506655133,-343.4097521062623,-313.16802742360744,1.0150529664742078,0.9617143919755572,1.0785456450252648,1.0050745411775739,0.9839591215895216,0.9872172264675336,1.16218007851121,0.965478382421586,1.0070661626155046,1.000051019663548,0.9992194608974315,0.9976989532138666,0.9956865019431457,7.53e-5,-0.0023,0.30699999999999994,0.5872523687443223,0.022145084022928085,0.1493670340925826,0.7872719618475081
0.5158911333331818,-0.0023753,4.568928258940715,28.75800040208503,-343.30430586635975,-313.0230198713224,1.0151395053243795,0.9619138313480622,1.0770269764187588,1.0041683276032076,0.984089528548856,0.986698377878051,1.158169499496888,0.9652365206121889,1.0063186943592854,0.9998619431923583,0.9987875991079633,0.9977596706027013,0.9956134448820994,7.53e-5,-0.0023,0.30699999999999994,0.5872523687443223,0.022125766250027906,0.1493013827245394,0.8012919732527589
0.5298959791305704,-0.0023753,4.55223140779703,28.5706071345179,-343.1792729490182,-312.9293232375388,1.0153225563005341,0.9617974698484428,1.0755995189832073,1.0033666988644858,0.9837580565420438,0.9855397856314223,1.149600278962139,0.9622992667152825,1.0056514669528294,0.9996815789378504,0.9983819488513742,0.9977459422971752,0.9954218036664524,7.53e-5,-0.0023,0.30699999999999994,0.5872523687443223,0.022108650864283423,0.14924319275288803,0.8153119846580097
0.5438773209672962,-0.0023753,4.534836208391198,28.60498835295016,-343.08908820254885,-312.94651384675495,1.0155874985049602,0.9614048172881711,1.0742674681080773,1.0026691043194182,0.9829603444611947,0.9837219008340724,1.1368537206078673,0.9567708707053274,1.0050659226387824,0.9995100377106043,0.9980012614980895,0.9976558887039714,0.9951075755994271,7.53e-5,-0.0023,0.30699999999999994,0.5872523687443223,0.022095148875134127,0.1491972723003562,0.8293319960632605
0.5578241668331257,-0.0023753,4.516601181809387,29.10550128172838,-343.1477348795383,-313.19677031114406,1.015921561111929,0.960810606434316,1.0731065540089952,1.0020800866815904,0.9817033724684228,0.9812269794614976,1.120738840789432,0.9488308512110932,1.0045609308048284,0.9993486702325862,0.9976517274574307,0.9974869590217529,0.9946690321178558,7.53e-5,-0.0023,0.30699999999999994,0.5872523687443223,0.022086488534810707,0.14916781114341826,0.8433520074685112
0.5717255518382599,-0.0023753,4.497799269494416,30.396528832503122,-343.50542947120726,-313.84228408653144,1.0162953269128454,0.9601020946043138,1.0720713992560582,1.001590248833648,0.9799806914118196,0.9780209080972556,1.1022696927805968,0.9387775360376138,1.004133450216725,0.9991976604294599,0.9973304692642218,0.9972361410581714,0.9940993437775805,7.53e-5,-0.0023,0.30699999999999994,0.5872523687443223,0.022083416815544505,0.14915736026668264,0.857372018873762
0.5855705468338358,-0.0023753,4.478790730093298,32.83113589371635,-344.3229324560265,-315.05958761713805,1.0166818608677153,0.9593649378791103,1.0711716308124302,1.0011940455195365,0.9777958994676943,0.9740804176981915,1.082492167034073,0.9268857672899595,1.003780813804125,0.9990573631718737,0.9970370869794617,0.9969013655087057,0.993394449850858,7.53e-5,-0.0023,0.30699999999999994,0.5872523687443223,0.02208627518506893,0.1491670852888899,0.8713920302790128
0.5993482670043292,-0.0023753,4.459867802462501,36.745747520406326,-345.74935705530623,-317.01689343048304,1.0170607291344291,0.9586738582313137,1.0704192639881263,1.0008853979580883,0.9751606334883417,0.9693966522209251,1.062336445532421,0.9134123959254232,1.003499308422296,0.9989281882660286,0.9967717187516972,0.9964824964675826,0.9925538841671884,7.53e-5,-0.0023,0.30699999999999994,0.5872523687443223,0.022095000616136947,0.1491967679933424,0.8854120416842637
0.6130478804251023,-0.0023753,4.441568581023499,42.4277448133339,-347.90622492629757,-319.8578920769468,1.0174119178835839,0.9580764460645176,1.069803244051545,1.0006584414031086,0.9720987500786111,0.9639823167282868,1.0425633906499914,0.8986122396011897,1.0032849322272015,0.9988106579716454,0.9965346638492941,0.9959822111377494,0.9915820878687325,7.53e-5,-0.0023,0.30699999999999994,0.5872523687443223,0.022109233239926744,0.1492451731121753,0.8994320530895143
0.62665861657837,-0.0023753,4.424178094815086,50.09730157184447,-350.8792277929826,-323.6926704562021,1.0177260071384833,0.9576111931603843,1.0693293911106057,1.000506854424941,0.968636965749475,0.957858864278815,1.0237235506958957,0.8826774752708965,1.003133216484987,0.9987050507832425,0.9963258454936673,0.9954042371599825,0.9904852437106315,7.53e-5,-0.0023,0.30699999999999994,0.5872523687443223,0.022128416224737272,0.14931039030941748,0.9134520644947652
0.6401697748208868,-0.0023753,4.40802386963203,59.90126138407925,-354.71712186215274,-328.5946503623195,1.0179853945303945,0.9573016762330729,1.068984676177634,1.000424653108312,0.9648102504320701,0.9510598672139585,1.006227897282174,0.8658167756541263,1.0030406337917979,0.9986116825403075,0.9961450840229493,0.9947539541333084,0.9892721579762298,7.53e-5,-0.0023,0.30699999999999994,0.5872523687443223,0.022151937174414462,0.14939031777265177,0.927472075900016
0.6535707327967015,-0.0023753,4.393240344955037,71.91526881861682,-359.4318235713521,-334.6016540795883,1.018193278993742,0.9571533370690058,1.0687833525362578,1.000407330392866,0.9606549949972686,0.9436301244394473,0.9903318405581967,0.8481882774182224,1.0030037251253767,0.9985308020799847,0.9959925524958142,0.9940377348553867,0.9879538612969062,7.53e-5,-0.0023,0.30699999999999994,0.5872523687443223,0.022179142092484054,0.14948271216703518,0.9414920873052668
0.666850954788361,-0.0023753,4.380032503456532,86.15086553258209,-365.0065670300588,-341.7194524365709,1.0183461268330858,0.9571737995150682,1.0687079319444115,1.0004482493862925,0.9562121625247295,0.935619909348473,0.976130412968367,0.8299663399361846,1.0030173369361526,0.9984621426005669,0.9958670914774455,0.9932630574857516,0.9865425973992347,7.53e-5,-0.0023,0.30699999999999994,0.5872523687443223,0.02220935008356954,0.1495852408504842,0.9555120987105176
0.68,-0.0023753,3.1717856109122307e-7,107.33794929740804,-373.26867564363664,-352.3129943189839,1.0175637093172976,0.952526266750003,1.0857753392272627,1.0089104182326063,0.95065813984077,0.930578287301193,0.9929411789336019,0.8122580619106292,1.010116529588903,0.9969667785478102,0.9927654734446262,0.9922120658463834,0.9833947615932174,7.53e-5,-0.0023,0.30699999999999994,0.5872523687443223,0.02237744721689186,0.15015453753817615,0.9695321101157683
0.35,-0.0023503,4.678631839144826,106.31680979843907,-373.8775081249518,-351.8024245694994,1.015946286291329,0.9477777576008797,1.102131344812086,1.0199046048611966,0.9523428805437139,0.9459169005187517,1.103583560778206,0.8281708142593053,1.0185444649151,1.0022243976983511,1.0050041571033108,0.9916900423910354,0.9876461243768078,7.53e-5,-0.002275,0.30699999999999994,0.5872523687443223,0.022308195702890367,0.14992025652093663,0.6330518363897495
0.36343145033847896,-0.0023503,4.672442267790138,89.1993957369308,-366.84058377082806,-343.2437175387453,1.0159370691334932,0.9479165536315762,1.0996480574042315,1.0183715467821521,0.9571776091161441,0.9530841568873138,1.1041191700173927,0.847141233638827,1.0174268176099175,1.0020645229860632,1.0044876354621004,0.9925986296582686,0.9890124016210338,7.53e-5,-0.002275,0.30699999999999994,0.5872523687443223,0.022296676315122634,0.1498812514575326,0.6470718477950003
0.37697026969153374,-0.0023503,4.665202908416785,74.5835447861308,-360.8147229812392,-335.9357920633453,1.0159238251618814,0.9482357024443795,1.0971971654955694,1.0168452394058864,0.9617085099102548,0.9596441737188879,1.1067972008732156,0.8652235822819659,1.0162905711250152,1.0018869200928977,1.0039482880805863,0.9934531590240361,0.9902737191002605,7.53e-5,-0.002275,0.30699999999999994,0.5872523687443223,0.02228498155986689,0.14984164252014626,0.661091859200251
0.3906058139562867,-0.0023503,4.657009842848246,62.454843595173884,-355.819448206912,-329.8714414678668,1.015832008284764,0.9487349112358484,1.0947883857401908,1.0153280793634933,0.9658947242067544,0.965550444426344,1.111865464846258,0.8823486012818036,1.0151499032131244,1.0017015693911253,1.0034067623662932,0.994237672539847,0.9914120474436859,7.53e-5,-0.002275,0.30699999999999994,0.5872523687443223,0.022273273070358254,0.14980197689090735,0.6751118706055018
0.40432736298556926,-0.0023503,4.64735289281482,52.732614635963046,-351.84041719315354,-325.0103269882614,1.0157089451072858,0.9494104672527092,1.0924339154089742,1.0138358556388312,0.9696995675937218,0.970759571319735,1.118858814286918,0.8983125753190432,1.0140119370732668,1.0015053335384418,1.0028569104289662,0.9949505517119939,0.9924218768066192,7.53e-5,-0.002275,0.30699999999999994,0.5872523687443223,0.022261151118090006,0.14976089981076457,0.6891318820107526
0.4181241290160105,-0.0023503,4.6364210386592175,45.26248734043543,-348.8261472966646,-321.2752633404976,1.0155538581031491,0.9502474944446613,1.0901590296192631,1.0123803520656676,0.9730879229358379,0.9752341895319923,1.127441764065645,0.9129468576521294,1.0128882274711797,1.001301059349551,1.0023049424248183,0.995584789555991,0.9932940257482371,7.53e-5,-0.002275,0.30699999999999994,0.5872523687443223,0.022248343562801372,0.1497174875846789,0.7031518934160035
0.43198526514928176,-0.0023503,4.623872685509961,39.81366199519073,-346.6849388123853,-318.55085066787524,1.0153634453093394,0.951207761658167,1.0879596862196343,1.0109707106003398,0.9760318839394045,0.9789558510204786,1.1371015191181033,0.9261152542233678,1.011790187791286,1.0010930704465535,1.0017590488571162,0.9961345110895558,0.9940219105875236,7.53e-5,-0.002275,0.30699999999999994,0.5872523687443223,0.022234554352793572,0.14967073430885577,0.7171719048212541
0.445899873879836,-0.0023503,4.609854379064076,36.08402724238567,-345.286365892572,-316.6860332914727,1.01516182108505,0.9522437083820842,1.0858500555141977,1.0096204912471642,0.9785109094688843,0.981916099923329,1.1470303592935667,0.9376106139539158,1.0107289189065556,1.0008828479161926,1.0012219186785671,0.9965981342249481,0.994604000838205,7.53e-5,-0.002275,0.30699999999999994,0.5872523687443223,0.022219431918549692,0.1496194443517594,0.731191916226505
0.45985701566243137,-0.0023503,4.594481358506291,33.71664282883728,-344.4680153123785,-315.5023410846985,1.014972244713191,0.9532845342098689,1.0838541698210127,1.0083435942700538,0.9805140002292378,0.9841210926195418,1.1562604042312985,0.9471873793964587,1.0097154225510214,1.000671999098089,1.0006970391552754,0.9969756787678904,0.9950418933426617,7.53e-5,-0.002275,0.30699999999999994,0.5872523687443223,0.022202736250422895,0.14956279872555608,0.7452119276317558
0.473845717512708,-0.0023503,4.577870830810189,32.33003578820376,-344.0508468173217,-314.80903756438175,1.0148179555017727,0.954239834482849,1.081976417205935,1.0071508206600241,0.9820373490906262,0.9855964331181787,1.1637063157194587,0.9546221896291573,1.0087608704151125,1.000463457470217,1.0001894567676768,0.9972685910494786,0.995340191891523,7.53e-5,-0.002275,0.30699999999999994,0.5872523687443223,0.022184524772226787,0.14950098646809748,0.7592319390370066
0.4878549816340532,-0.0023503,4.560155589251661,31.56160098233545,-343.86178753071977,-314.4248201614476,1.014724742035434,0.9550184264911163,1.080215550730238,1.006052334552812,0.9830874105798357,0.9863760937155472,1.1682178194316017,0.9596701100807429,1.0078731022877676,1.0002588961162167,0.999702485813515,0.9974806084258081,0.9955067710011215,7.53e-5,-0.002275,0.30699999999999994,0.5872523687443223,0.022165140168566633,0.14943516521272426,0.7732519504422574
0.5018737940639746,-0.0023503,4.541284070921889,31.118243447236523,-343.7590936692483,-314.20314139389814,1.014713840568235,0.955541204597132,1.0785866792187964,1.0050585010015818,0.9836775718454095,0.9864991126324022,1.1688331035108348,0.9621270829661551,1.007058826872385,1.0000601426852067,0.9992406967978436,0.9976159818306333,0.9955509413956092,7.53e-5,-0.002275,0.30699999999999994,0.5872523687443223,0.02214537147052253,0.14936801077063286,0.7872719618475081
0.5158911333331818,-0.0023503,4.521803609479358,30.823097962956354,-343.6550302676719,-314.05556865175805,1.0148022627711357,0.9557573679304929,1.0771185306173474,1.004172539569339,0.983808308786049,0.9859858298733785,1.1649676328668128,0.9618781107214861,1.0063250226296767,0.9998693901442314,0.9988064969217467,0.9976762632059518,0.9954762302648549,7.53e-5,-0.002275,0.30699999999999994,0.5872523687443223,0.022126481909563116,0.1493038153899083,0.8012919732527589
0.5298959791305704,-0.0023503,4.501620847706416,30.645045728003993,-343.5332196675324,-313.96654253428187,1.014982238042823,0.9556614616993632,1.075691778452297,1.0033884256220236,0.9834772782843355,0.9848352711571883,1.156490602669708,0.9589598446938897,1.0056717365250585,0.9996870631784855,0.9983962852073477,0.9976624086714161,0.9952824209604121,7.53e-5,-0.002275,0.30699999999999994,0.5872523687443223,0.022109804331005442,0.14924711507372052,0.8153119846580097
0.5438773209672962,-0.0023503,4.481071431894641,30.701450275904335,-343.4474172817965,-313.99474480823204,1.0152486923140531,0.955290014432379,1.0743872211088756,1.0027108284206196,0.9826848533218395,0.9830344263763083,1.143779487059841,0.9534646602660938,1.0051014324405194,0.9995131838548578,0.9980106668455456,0.9975731254518938,0.9949674837824192,7.53e-5,-0.002275,0.30699999999999994,0.5872523687443223,0.02209675626961381,0.14920273979027016,0.8293319960632605
0.5578241668331257,-0.0023503,4.460010503190543,31.23320872539057,-343.5115799997275,-314.26062403297516,1.015579210849638,0.9547194910656616,1.0732363634145354,1.0021394226659548,0.9814353900249974,0.9805609220803426,1.1276779970450999,0.9455966587711756,1.0046115297431688,0.9993494675394303,0.9976552417612368,0.997405684283358,0.9945289649353461,7.53e-5,-0.002275,0.30699999999999994,0.5872523687443223,0.02208850690583029,0.14917467783826874,0.8433520074685112
0.5717255518382599,-0.0023503,4.4388696751857,32.560458458107746,-343.8749576804132,-314.92424889933375,1.0159514910047047,0.9540376251564409,1.0722202831996026,1.0016670209518457,0.9797225022293606,0.9773782355687318,1.1091736190918455,0.9356145743303016,1.0041982530710927,0.9991961548590303,0.9973288701564763,0.9971566286066137,0.9939601477379383,7.53e-5,-0.002275,0.30699999999999994,0.5872523687443223,0.022085795353479504,0.14916545280224985,0.857372018873762
0.5855705468338358,-0.0023503,4.418010241780828,35.03209641843341,-344.69777444369197,-316.1600678794966,1.0163371474430698,0.9533305728257319,1.0713432643195098,1.0012869441023893,0.9775487897797542,0.9734627179038119,1.0893259871306258,0.9238021133385573,1.003858972752567,0.9990536452246221,0.9970305604893824,0.9968239145282652,0.9932567087302018,7.53e-5,-0.002275,0.30699999999999994,0.5872523687443223,0.022088961501264073,0.14917622437391348,0.8713920302790128
0.5993482670043292,-0.0023503,4.39773936240929,38.98104339538031,-346.12890180634565,-318.13454136797003,1.0167149141331153,0.9526734549646652,1.0706031078674592,1.0009926808428797,0.9749262317393053,0.9688052980836638,1.0690659835951117,0.9104190846958999,1.003589156745389,0.9989224105131959,0.9967605983709674,0.9964075593445875,0.9924185222106062,7.53e-5,-0.002275,0.30699999999999994,0.5872523687443223,0.022097929199790367,0.14920672934406207,0.8854120416842637
0.6130478804251023,-0.0023503,4.378400033688634,44.69209684289979,-348.2896380035752,-320.99006809172977,1.0170625575934036,0.9521204566313525,1.0700138113860975,1.000778099117564,0.9718761655892807,0.9634140233112212,1.0491822629821004,0.8957038695045767,1.0033857187469815,0.9988031440185872,0.9965194652408738,0.9959093740132385,0.9914485285557656,7.53e-5,-0.002275,0.30699999999999994,0.5872523687443223,0.022112370238956274,0.14925583998996142,0.8994320530895143
0.62665861657837,-0.0023503,4.3603301174144935,52.38376985424145,-351.2655886459605,-324.8359045974006,1.0173747143951826,0.9517074513913987,1.0695577655727682,1.0006364040997475,0.9684259243485565,0.9573121557593568,1.030204640791983,0.879863137122207,1.0032425850164257,0.9986959128061041,0.996306974152876,0.9953337037174531,0.9903540399173759,7.53e-5,-0.002275,0.30699999999999994,0.5872523687443223,0.022131698693209537,0.14932154708631928,0.9134520644947652
0.6401697748208868,-0.0023503,4.343634709214213,62.201952795210104,-355.1053635945108,-329.7449960678849,1.017638134237952,0.9514610283481811,1.0692176589456666,1.000563410000166,0.9646096511689,0.9505345909436952,1.012645616702253,0.8630675739642037,1.0031569025690883,0.9986022030719245,0.9961252273445009,0.9946854835037106,0.9891441362129145,7.53e-5,-0.002275,0.30699999999999994,0.5872523687443223,0.02215532422232671,0.14940182401653798,0.927472075900016
0.6535707327967015,-0.0023503,4.328614901927612,74.22189160624123,-359.8207644396341,-335.7549654734005,1.0178434044066114,0.9513789493458102,1.069057481987122,1.0005506427740363,0.9604656732931852,0.9431219686336122,0.9965155594051603,0.845552054583045,1.003125420199659,0.9985196651412716,0.9959687613812508,0.9939716446126459,0.9878280689088768,7.53e-5,-0.002275,0.30699999999999994,0.5872523687443223,0.022182587721280633,0.14949441039253483,0.9414920873052668
0.666850954788361,-0.0023503,4.315172093963736,88.4551264753311,-365.3941667919841,-342.8715829079454,1.017994249420801,0.9514700554030368,1.0690076171488188,1.000597626368654,0.9560316475214613,0.935124949149079,0.9821971428174525,0.8274257574900422,1.0031449715142697,0.9984503348720857,0.9958415350794422,0.9931987438617911,0.9864188974674417,7.53e-5,-0.002275,0.30699999999999994,0.5872523687443223,0.022212885581117336,0.14959723619676174,0.9555120987105176
0.68,-0.0023503,4.885421257613422e-7,109.90606885108502,-373.6764403808384,-353.5970540958224,1.0172282873181846,0.9465765279791553,1.086055583332632,1.008936696957112,0.9505017502629575,0.9300669912697878,0.996124751662709,0.8096020031622778,1.0101477545801885,0.9969790371583276,0.9927918200419399,0.9921504463392002,0.9832972274814451,7.53e-5,-0.002275,0.30699999999999994,0.5872523687443223,0.022377989886551874,0.15015637201443843,0.9695321101157683
0.35,-0.0023253,4.660663332850111,108.9615378529104,-374.25711728231863,-353.1247885967351,1.0156090671892264,0.9417851732949086,1.1021836337133517,1.0198122047940568,0.9521805392262717,0.9453245654930809,1.1074795091114171,0.8254924461263644,1.0184844821513606,1.0022320257723425,1.005028538218967,0.9916306277887412,0.9875528382691271,7.53e-5,-0.0022500000000000003,0.30699999999999994,0.5872523687443223,0.022307080852837172,0.14991648202853625,0.6330518363897495
0.36343145033847896,-0.0023253,4.653582028940514,91.85446075758239,-367.22702599186886,-344.57125004907107,1.0156237826917063,0.9418612569532507,1.099701878195017,1.0182808582554075,0.9570021287456079,0.9524732911182052,1.1081120175455803,0.8443328631288048,1.0173637178315686,1.002070381206824,1.0045080426738802,0.9925391347495792,0.9889171126662532,7.53e-5,-0.0022500000000000003,0.30699999999999994,0.5872523687443223,0.022295425676883696,0.14987701615879753,0.6470718477950003
0.37697026969153374,-0.0023253,4.645068379853041,77.2394347090102,-361.2078340160473,-337.263737024785,1.0155828441986223,0.9421266044849831,1.0972531752842387,1.0167540654670106,0.961517953493752,0.9590144324661103,1.1111861831957563,0.8623422166337964,1.0162300407023648,1.0018965833622424,1.0039761002730323,0.9933874947370392,0.990171128834921,7.53e-5,-0.0022500000000000003,0.30699999999999994,0.5872523687443223,0.02228384043394618,0.14983777709982804,0.661091859200251
0.3906058139562867,-0.0023253,4.635160410657539,65.10185064981022,-356.2187588075995,-331.194944995185,1.0155041543030379,0.9425849105411599,1.0948452747293234,1.0152419401018253,0.9656913726103882,0.9649043887354484,1.1164838639405341,0.8793733114452924,1.0150900850910896,1.0017102056422715,1.0034319940860332,0.9941709563631017,0.9913064683485262,7.53e-5,-0.0022500000000000003,0.30699999999999994,0.5872523687443223,0.022272102540574365,0.14979801084912941,0.6751118706055018
0.40432736298556926,-0.0023253,4.623583504597425,55.36117535168739,-352.2446998294647,-326.32460734612357,1.0153861880545199,0.9432309872827646,1.0924944091674798,1.0137558118966963,0.969481808626538,0.9700936609236708,1.1237543724416963,0.8952455242711745,1.0139546196378655,1.0015135540289284,1.0028810896672318,0.9948816090562914,0.9923120040843564,7.53e-5,-0.0022500000000000003,0.30699999999999994,0.5872523687443223,0.022260000550159906,0.14975700036837583,0.6891318820107526
0.4181241290160105,-0.0023253,4.61050122091653,47.86375458268731,-349.2343537471728,-322.5758969616235,1.0152143009388086,0.9440454522460845,1.0902149676543846,1.0123046048402131,0.9728541474518707,0.9745528494384399,1.1327364294231534,0.9098396998278289,1.012836645677579,1.0013120043763122,1.0023334470094285,0.9955108398193425,0.9931773269610411,7.53e-5,-0.0022500000000000003,0.30699999999999994,0.5872523687443223,0.02224735535046596,0.14971413745308498,0.7031518934160035
0.43198526514928176,-0.0023253,4.595603930129335,42.38027098651935,-347.0954682848836,-319.83415516353955,1.0150254552209776,0.944994997584161,1.0880198101342295,1.0109040744644944,0.9757824629591069,0.9782556449644394,1.1427106197041315,0.9229375707861606,1.0117446886111048,1.0011039281493297,1.001786661113744,0.9960577501500002,0.9938999440023244,7.53e-5,-0.0022500000000000003,0.30699999999999994,0.5872523687443223,0.022233688888418528,0.14966779941923075,0.7171719048212541
0.445899873879836,-0.0023253,4.579022777697117,38.61103631925732,-345.69739948164596,-317.94953782990854,1.014827355882633,0.9460260693047506,1.085925461211266,1.009566154493706,0.9782461519428334,0.9811955340945097,1.1529493615811393,0.9343532034710608,1.010691045742004,1.0008928135633028,1.0012475284534448,0.9965187769539655,0.9944767115782479,7.53e-5,-0.0022500000000000003,0.30699999999999994,0.5872523687443223,0.022218718602829125,0.14961702461551582,0.731191916226505
0.45985701566243137,-0.0023253,4.560794837320006,36.20253559719629,-344.8784699604113,-316.745287468878,1.0146370854102966,0.9470661424602002,1.0839390708139536,1.0083022173685303,0.9802344558986269,0.9833844553379616,1.1624949746112623,0.9438804082315347,1.009687281224178,1.000681620177291,1.0007213508770858,0.9968933974172899,0.994908982308545,7.53e-5,-0.0022500000000000003,0.30699999999999994,0.5872523687443223,0.02220226405287711,0.1495611963351805,0.7452119276317558
0.473845717512708,-0.0023253,4.541079494366993,34.77754227428761,-344.4604173478365,-316.0327908074237,1.01448133479681,0.9480264937501874,1.0820651743057372,1.0071238917034941,0.9817458133070958,0.9848480471427515,1.1702201100316891,0.9512812300086568,1.0087435811504601,1.0004723217908156,1.0002115964734022,0.9971839142797846,0.9952022044594907,7.53e-5,-0.0022500000000000003,0.30699999999999994,0.5872523687443223,0.02218434881831304,0.1495003891354401,0.7592319390370066
0.4878549816340532,-0.0023253,4.5201185532030905,33.97800428310745,-344.27052898805584,-315.6330218118336,1.0143866890397804,0.9488132037142936,1.0803158473689871,1.0060426022284144,0.9827883674656905,0.9856213837082591,1.1749695227440216,0.9563024960712208,1.0078678386809077,1.000266467724256,0.9997219930127308,0.9973942793825433,0.9953648369120532,7.53e-5,-0.0022500000000000003,0.30699999999999994,0.5872523687443223,0.022165310651185738,0.14943574421636965,0.7732519504422574
0.5018737940639746,-0.0023253,4.498072972784691,33.51484525622584,-344.1677322976516,-315.4014422983928,1.0143751022605734,0.9493482638344746,1.078731676136569,1.005067745814775,0.9833736465182663,0.9857434052674752,1.1757930334596578,0.9587421395859935,1.0070676322439378,1.0000664246319217,0.9992578745828014,0.9975282419412416,0.9954056073502975,7.53e-5,-0.0022500000000000003,0.30699999999999994,0.5872523687443223,0.02214597062035721,0.1493700465182941,0.7872719618475081
0.5158911333331818,-0.0023253,4.475558909332411,33.21374952273777,-344.0648090509977,-315.25089443164876,1.0144602090070318,0.9495762024414575,1.0772298919741847,1.0041961600151634,0.9834974271547161,0.9852325542307023,1.1720751513724474,0.9585284640781285,1.0063481651412205,0.9998739434349715,0.9988174203572988,0.9975877107185542,0.9953267080602195,7.53e-5,-0.0022500000000000003,0.30699999999999994,0.5872523687443223,0.02212753894506628,0.14930740838797343,0.8012919732527589
0.5298959791305704,-0.0023253,4.452622152436831,33.044037695106454,-343.945873719743,-315.1660385178331,1.0146371077478025,0.9494967273166098,1.0757945689882635,1.0034303312756163,0.9831632327171816,0.9840927991892481,1.163701644072717,0.9556648864933588,1.005712633598737,0.9996888458701472,0.998398493077033,0.9975740393481652,0.9951293998221623,7.53e-5,-0.0022500000000000003,0.30699999999999994,0.5872523687443223,0.02211135933731071,0.14925240265674838,0.8153119846580097
0.5438773209672962,-0.0023253,4.429368221718502,33.12129916210472,-343.864836875672,-315.20466925133223,1.0149024209110706,0.949147118445251,1.0745388967637766,1.0027751406472483,0.9823822047152325,0.9823132512739073,1.1510462156562367,0.9501993967102231,1.0051570931280938,0.9995131822977242,0.9980112200122611,0.9974858372923618,0.9948157500618443,7.53e-5,-0.0022500000000000003,0.30699999999999994,0.5872523687443223,0.022098763270835983,0.14920956625415435,0.8293319960632605
0.5578241668331257,-0.0023253,4.406160479000708,33.68298349961299,-343.93441282471093,-315.48551142008637,1.0152320731108408,0.948600640252654,1.0734110242957533,1.0022225842266215,0.9811413452107676,0.9798602339317963,1.1349355981388984,0.9423788540577854,1.0046816895756752,0.999347210020657,0.9976513324271489,0.9973196971278976,0.9943776245084045,7.53e-5,-0.0022500000000000003,0.30699999999999994,0.5872523687443223,0.02209091958667808,0.1491828856112325,0.8433520074685112
0.5717255518382599,-0.0023253,4.383325965221461,35.04499703812792,-344.3033844343229,-316.16651818934383,1.015601519115943,0.9479453786605309,1.0724187259621991,1.001767038809636,0.9794381842952068,0.9767008320057496,1.1163862797553432,0.9324620107625904,1.0042827746043623,0.9991916188597223,0.997319624242366,0.9970723661914491,0.9938094817379023,7.53e-5,-0.0022500000000000003,0.30699999999999994,0.5872523687443223,0.022088570961193356,0.1491748957558342,0.857372018873762
0.5855705468338358,-0.0023253,4.361196874503792,37.552041951543174,-345.13138799134043,-317.42004064605146,1.015986126414345,0.9472679842308303,1.0715627698444046,1.0014019899682574,0.9772759798048679,0.9728102978246765,1.0964480510556962,0.9207242090323972,1.0039560045864178,0.9990470359189845,0.9970166788788979,0.9967418168457876,0.9931077915433517,7.53e-5,-0.0022500000000000003,0.30699999999999994,0.5872523687443223,0.022092027246813837,0.14918665364748526,0.8713920302790128
0.5993482670043292,-0.0023253,4.340025365232538,41.5334955218741,-346.5669771367694,-319.4107674312169,1.0163597977001417,0.9466449600289816,1.070850163787735,1.0011207059673768,0.9746663870885548,0.9681784845863953,1.0760816281550054,0.907425384337072,1.0036977229190853,0.9989140831028902,0.9967426644777935,0.996327725718193,0.9922716994695439,7.53e-5,-0.0022500000000000003,0.30699999999999994,0.5872523687443223,0.022101238372414914,0.14921798446238072,0.8854120416842637
0.6130478804251023,-0.0023253,4.320095742038632,47.27151655356931,-348.7310999133869,-322.27977794706453,1.0167179178909185,0.9461319212468202,1.0702900261085664,1.0009164659871506,0.9716303580353418,0.962815644318748,1.0560392217693144,0.8927784104574976,1.0035016944317992,0.9987936933860416,0.996499631095167,0.9958324087466958,0.9913060091540897,7.53e-5,-0.0022500000000000003,0.30699999999999994,0.5872523687443223,0.02211579809740084,0.14926749504447417,0.8994320530895143
0.62665861657837,-0.0023253,4.301676792437852,54.9828784873356,-351.709373256808,-326.1354589139477,1.017020004518985,0.9457678810660994,1.0698406500174689,1.0007828702052266,0.9681908633465944,0.9567312293641608,1.0369118560118797,0.8770378854358509,1.0033668819945554,0.9986847687057183,0.9962826842209124,0.9952588403409945,0.9902129853817395,7.53e-5,-0.0022500000000000003,0.30699999999999994,0.5872523687443223,0.022135278573832066,0.14933371381509308,0.9134520644947652
0.6401697748208868,-0.0023253,4.284822005937312,64.81249078307337,-355.5498595458541,-331.05026506181656,1.0172816484433047,0.9455741293710397,1.069540283823506,1.000716554465251,0.964385891465617,0.949972554512335,1.0191552624814468,0.8603420394058834,1.0032881962184628,0.9985898398729784,0.9960979856856714,0.9946127973016066,0.9890054268417777,7.53e-5,-0.0022500000000000003,0.30699999999999994,0.5872523687443223,0.022159002112071554,0.14941431731465507,0.927472075900016
0.6535707327967015,-0.0023253,4.269712594233965,76.83518951335918,-360.2656108472348,-337.06161442695947,1.0174888779036169,0.9455591657068748,1.069380578594937,1.000707864729429,0.9602530975327447,0.942578550112879,1.0028974992410717,0.8429032300858531,1.0032598586640384,0.9985070269013387,0.9959408029508963,0.9939012746886307,0.9876930063223434,7.53e-5,-0.0022500000000000003,0.30699999999999994,0.5872523687443223,0.022186281668370795,0.14950695069521217,0.9414920873052668
0.666850954788361,-0.0023253,3.0959003464905967e-7,96.45921785353733,-367.7564271653606,-346.87362859704854,1.0168007690750593,0.9403226122400172,1.0868664493251115,1.0091280612017333,0.9549736350336745,0.9381059763316225,1.0128465735659102,0.8256006769051591,1.0103190855751383,0.9970171621836202,0.9928442753754525,0.992905634868117,0.9846497720425229,7.53e-5,-0.0022500000000000003,0.30699999999999994,0.5872523687443223,0.022349988581411327,0.15006168616771115,0.9555120987105176
0.68,-0.0023253,4.556928064518586e-7,112.7919325395385,-374.13704577173723,-355.0399859400491,1.0169019799514676,0.940597646168254,1.0865317583172884,1.0089573835841141,0.9503085459702129,0.9294997059226425,0.9993229814197843,0.8069389955665361,1.010183993926392,0.9969963080087982,0.9928278379696731,0.9920833034864659,0.9831939994501648,7.53e-5,-0.0022500000000000003,0.30699999999999994,0.5872523687443223,0.022378414824774515,0.15015780848842258,0.9695321101157683
0.35,-0.0023003,4.6423535879393185,111.92465602496145,-374.6948147129801,-354.6063476827606,1.0152624252436504,0.9357918270324925,1.1022373941064085,1.0197184082191435,0.9519906322994494,0.9446771030216852,1.1114979936315645,0.8227386430167422,1.0184244624668342,1.002240155863442,1.0050543536817302,0.9915653948867346,0.987450164775836,7.53e-5,-0.002225,0.30699999999999994,0.5872523687443223,0.022305981124031298,0.14991275864108908,0.6330518363897495
0.36343145033847896,-0.0023003,4.6341179906542695,94.83110793006733,-367.6731233519039,-346.05957363531354,1.0152888469789592,0.9358006877190336,1.0997588249331725,1.0181910934197889,0.9568015427903366,0.9518168520872844,1.1123815611649832,0.8415038358349559,1.0173037411251826,1.002077907242006,1.0045316906927402,0.9924731104590794,0.9888120131561766,7.53e-5,-0.002225,0.30699999999999994,0.5872523687443223,0.022294304713525268,0.14987321990667488,0.6470718477950003
0.37697026969153374,-0.0023003,4.624282680060721,80.21959403439485,-361.66110479268445,-338.7538166874773,1.0152557831784843,0.9360119468365847,1.0973111177957948,1.016668226283506,0.9613049746400342,0.9583428405371476,1.11570879802908,0.8594214132378433,1.016170425107236,1.001903549915179,1.0039979454637544,0.9933199788398541,0.9900626141293714,7.53e-5,-0.002225,0.30699999999999994,0.5872523687443223,0.0222827016808184,0.14983391962063147,0.661091859200251
0.3906058139562867,-0.0023003,4.6127708626041874,68.07530791980332,-356.6790169492493,-332.68167363018154,1.0151702270958438,0.9364311781442844,1.0949101151329883,1.0151608734665283,0.9654641674755737,0.9642168959658326,1.1213692582240673,0.876385601891065,1.0150342576386817,1.001718620389784,1.0034563456617804,0.9940997867491133,0.9911927743572249,7.53e-5,-0.002225,0.30699999999999994,0.5872523687443223,0.022271044614598386,0.14979442624902792,0.6751118706055018
0.40432736298556926,-0.0023003,4.599430138349011,58.31789892835491,-352.7102914585679,-327.8029691344573,1.0150418061736672,0.9370458326047875,1.0925641326607625,1.0136797759455758,0.9692386088162326,0.9693891515829655,1.1290191267617007,0.8921981650004063,1.0139037489298983,1.0015238175576704,1.0029082791420776,0.9948060565735043,0.9921919736675009,7.53e-5,-0.002225,0.30699999999999994,0.5872523687443223,0.02225906068073568,0.1497538149408467,0.6891318820107526
0.4181241290160105,-0.0023003,4.584196798186961,50.79445905805005,-349.70325944574546,-324.0412491993049,1.0148826625190017,0.9378361800219929,1.0902848296758096,1.0122385105693943,0.9725958595498962,0.9738281098068848,1.138268453398178,0.9067074391430301,1.012789954626015,1.001320617091266,1.0023571123726922,0.9954338866369995,0.9930533283518027,7.53e-5,-0.002225,0.30699999999999994,0.5872523687443223,0.02224645236212992,0.1497110761751867,0.7031518934160035
0.43198526514928176,-0.0023003,4.566885399334373,45.27720090493983,-347.5660673717813,-321.2826201227498,1.0146902887130875,0.9387681387265551,1.0880995231720907,1.0108481358362447,0.9755090647299633,0.9775115398538956,1.1485762729100868,0.9197356311706821,1.0117049979514126,1.0011123945710714,1.001809528914193,0.995977510384323,0.9937699513913971,7.53e-5,-0.002225,0.30699999999999994,0.5872523687443223,0.022232922734323774,0.14966520125565072,0.7171719048212541
0.445899873879836,-0.0023003,4.547909453738517,41.468968158768575,-346.16770487818286,-319.37850374966416,1.014488579511245,0.9397835889712514,1.0860114789231312,1.0095217028967782,0.9779561971248907,0.9804362447441228,1.15916378922061,0.9311201585616179,1.0106613142677998,1.0009018785339998,1.0012705026431112,0.9964349314333685,0.994340502373131,7.53e-5,-0.002225,0.30699999999999994,0.5872523687443223,0.022218190842269527,0.14961523430199128,0.731191916226505
0.45985701566243137,-0.0023003,4.526977153264567,39.01966456713683,-345.34799840771694,-318.1538519538483,1.0142960078294632,0.9408190347052602,1.0840346336971016,1.0082717712795186,0.9799298873013333,0.9826106853021994,1.1690278847471254,0.9406070248019955,1.0096686579358736,1.0006902498226113,1.0007424092727701,0.9968065787425358,0.9947667936022161,7.53e-5,-0.002225,0.30699999999999994,0.5872523687443223,0.022202009884570193,0.1495603338145938,0.7452119276317558
0.473845717512708,-0.0023003,4.504478508399999,37.55628001720379,-344.9290243978457,-317.42215967888177,1.0141414113970617,0.9417842071858334,1.0821971629710494,1.00711379299575,0.9814319204625892,0.9840612107134075,1.177039701488375,0.9479502024740888,1.0087371722928438,1.0004788449782245,1.0002294901474735,0.9970952397871404,0.9950555644371627,7.53e-5,-0.002225,0.30699999999999994,0.5872523687443223,0.02218437148786282,0.14950046609471304,0.7592319390370066
0.4878549816340532,-0.0023003,4.480694354138431,36.725315198648104,-344.738395507917,-317.0066772696039,1.0140454100851721,0.9425798559921401,1.080452396295249,1.006049408489313,0.9824617613961175,0.9848275662867224,1.1820484409339882,0.9529639781341035,1.0078763152307122,1.000272184524905,0.9997366688733115,0.9973031255338787,0.9952124863357592,7.53e-5,-0.002225,0.30699999999999994,0.5872523687443223,0.02216576422121844,0.14943728464845113,0.7732519504422574
0.5018737940639746,-0.0023003,4.456047636886185,36.24177645142083,-344.63542869826875,-316.7649078959903,1.0140319592652438,0.943125620156623,1.0788564088495085,1.0050920453027972,0.9830354255357547,0.9849457482964549,1.183079492437531,0.9554131503558124,1.0070924651617128,1.0000704696049345,0.9992668379049249,0.9974351829481861,0.9952474454565254,7.53e-5,-0.002225,0.30699999999999994,0.5872523687443223,0.022146901370798517,0.1493732089009604,0.7872719618475081
0.5158911333331818,-0.0023003,4.430871486306545,35.9339992230108,-344.5340354326067,-316.6110192817853,1.014114293306519,0.9433685718786738,1.077386427807587,1.0042423323757361,0.9831589021579635,0.9844413622354035,1.1795016641043123,0.9552027972072007,1.006389248427709,0.9998757993239793,0.9988221153467319,0.997494134109352,0.9951658805537115,7.53e-5,-0.002225,0.30699999999999994,0.5872523687443223,0.0221289443912014,0.14931218554817188,0.8012919732527589
0.5298959791305704,-0.0023003,4.405536721219439,35.77178467170086,-344.4176497070078,-316.5299120061303,1.014293080740367,0.9433021145440132,1.076023949709781,1.003498993978835,0.9828337413959289,0.9833172457315708,1.1711946691484156,0.9523359790730481,1.0057675303241886,0.9996892356057371,0.998402927345808,0.997480797495884,0.9949692140483055,7.53e-5,-0.002225,0.30699999999999994,0.5872523687443223,0.02211322530342918,0.1492587473755831,0.8153119846580097
0.5438773209672962,-0.0023003,4.3803805065439425,35.86893702870486,-344.3403190664831,-316.5784881846323,1.014556465586852,0.9429659924370658,1.0747730666273716,1.0028605197218154,0.9820571570103963,0.9815552233888055,1.1585649150465822,0.9469219073522817,1.005226872496805,0.9995114885269097,0.9980099541887143,0.9973935254748841,0.994654709018042,7.53e-5,-0.002225,0.30699999999999994,0.5872523687443223,0.022101075803090845,0.14921743155277817,0.8293319960632605
0.5578241668331257,-0.0023003,4.355670582699113,36.45940184159588,-344.41447032942335,-316.8737205910778,1.014882332139885,0.9424351503740057,1.0736337860333391,1.0023230852437832,0.98082331360921,0.9791238259350725,1.1424294263170722,0.9391726025960763,1.0047655442308379,0.9993431210442163,0.9976432144070574,0.9972291674877455,0.9942166700132645,7.53e-5,-0.002225,0.30699999999999994,0.5872523687443223,0.022093616457518506,0.14919205966033736,0.8433520074685112
0.5717255518382599,-0.0023003,4.331669051246384,37.85477549134043,-344.78824053447175,-317.5714074159501,1.0152485074531958,0.9417997153949885,1.0726552346967801,1.0018822355849453,0.979130041888713,0.9759893047091652,1.1238167995013806,0.9293348713727685,1.0043801530138627,0.9991852949591935,0.9973056186027117,0.9969839493950701,0.9936495923209222,7.53e-5,-0.002225,0.30699999999999994,0.5872523687443223,0.022091607093403968,0.14918522438124196,0.857372018873762
0.5855705468338358,-0.0023003,4.308745898548596,40.39556204049984,-345.6210725006286,-318.8418006905298,1.0156311674810314,0.9411503871944172,1.0718218715181924,1.001530442260409,0.9769798932619237,0.9721235844840752,1.1037715637053989,0.9176675526091647,1.0040647532090043,0.9990389106816625,0.9969985557505427,0.9966555830125874,0.9929498765020647,7.53e-5,-0.002225,0.30699999999999994,0.5872523687443223,0.022095330091746804,0.14919788871135006,0.8713920302790128
0.5993482670043292,-0.0023003,4.287047669580621,44.407598161397004,-347.06095192081966,-320.8478187509784,1.0160042702132397,0.940562821663144,1.0711318862185126,1.001260131346792,0.9743826165042858,0.9675161039858672,1.0832722015970004,0.9044445883659452,1.0038160570070498,0.9989043592101544,0.9967208690815333,0.9962438658113374,0.9921162591799628,7.53e-5,-0.002225,0.30699999999999994,0.5872523687443223,0.022104743461690366,0.1492299050319643,0.8854120416842637
0.6130478804251023,-0.0023003,4.266846975979053,50.17039212192503,-349.22851582072855,-323.7292157312424,1.0163534235880407,0.9400933136591528,1.0705744729564808,1.0010648478156456,0.9713576393549644,0.9621720339849638,1.0630746452971767,0.8898891771038311,1.003628674492811,0.9987822069324963,0.9964733968199405,0.9957507144947614,0.9911522154165797,7.53e-5,-0.002225,0.30699999999999994,0.5872523687443223,0.022119473632049105,0.1492799912415852,0.8994320530895143
0.62665861657837,-0.0023003,4.2483467702638045,57.89894992659492,-352.20958389994354,-327.59349463357734,1.016670698216974,0.9397848536668563,1.070155975699721,1.000943770134476,0.9679320113693478,0.9561164605861092,1.0438290322831432,0.8741800242520383,1.0035023895724176,0.998671959417645,0.9962548212837989,0.9951797734985195,0.9900633509514124,7.53e-5,-0.002225,0.30699999999999994,0.5872523687443223,0.02213906156866059,0.14934656981120495,0.9134520644947652
0.6401697748208868,-0.0023003,4.231279240628402,67.7371586779343,-356.05108460700217,-332.512599009247,1.016923747242301,0.9396448400419471,1.0698846628472503,1.0008759258071018,0.9641397932222908,0.9493742888091461,1.0258306383922795,0.8576076577565492,1.0034248837399147,0.9985771224822352,0.9960691821043166,0.9945362435295606,0.9888593261354759,7.53e-5,-0.002225,0.30699999999999994,0.5872523687443223,0.02216278560182196,0.14942716826450617,0.927472075900016
0.6535707327967015,-0.0023003,4.216116451000092,79.75941253671874,-360.7660617188958,-338.52372593863925,1.0171356705906955,0.9396944538581987,1.0697389334979002,1.0008702480115281,0.9600164440336949,0.9419970863159968,1.0093934358143646,0.840236758822943,1.0033988940643823,0.9984934138357789,0.99590991978842,0.9938270336458082,0.9875499409803021,7.53e-5,-0.002225,0.30699999999999994,0.5872523687443223,0.022190078859947168,0.14951984043141658,0.9414920873052668
0.666850954788361,-0.0023003,8.880765669995677e-7,99.68308729559305,-368.2754631430536,-348.4855633180764,1.0164670761646164,0.9342036955826625,1.0872751209074702,1.0091349811095096,0.9547539449512681,0.9374931141329408,1.0163800777648098,0.8229010064368042,1.0103436791857443,0.9970349796711291,0.9928816798990105,0.9928347460561072,0.9845404237509823,7.53e-5,-0.002225,0.30699999999999994,0.5872523687443223,0.022350041645292636,0.15006186565694662,0.9555120987105176
0.68,-0.0023003,1.1442812790389493e-7,116.0015240499107,-374.6557812026321,-356.6447816952352,1.016579710112369,0.9345777540539961,1.0869743416497244,1.0089770934679763,0.9500969359799778,0.9288985011455617,1.0027935366589338,0.8042654919179069,1.0102182590726907,0.99701467777308,0.9928669754342938,0.9920133088469483,0.983086818946928,7.53e-5,-0.002225,0.30699999999999994,0.5872523687443223,0.022378761492412448,0.15015898036429115,0.9695321101157683
0.35,-0.0022753,4.623698549503033,115.20934552424603,-375.19120078651554,-356.2486924324029,1.0149440529760219,0.9297703132645828,1.102309994018864,1.019633680055602,0.9517829616202406,0.9440010921009933,1.1156508920275798,0.8199762183649693,1.0183664110857191,1.002244627708353,1.005071668236346,0.9915006645907758,0.9873444158197849,7.53e-5,-0.0022,0.30699999999999994,0.5872523687443223,0.022304884039741363,0.14990904411789632,0.6330518363897495
0.36343145033847896,-0.0022753,4.61425253035349,98.1325830742735,-368.17910898729866,-347.7103112074166,1.0149545215083147,0.9297180458131135,1.0998281092937328,1.018106444659153,0.9565821559967108,0.9511281397296758,1.1169094856140138,0.8386903495191305,1.0172469826484756,1.0020848309883368,1.0045537348398006,0.9924042513236493,0.9887012825833924,7.53e-5,-0.0022,0.30699999999999994,0.5872523687443223,0.022293275114589107,0.14986973298693954,0.6470718477950003
0.37697026969153374,-0.0022753,4.603084417160819,83.52738131239926,-362.1734770322873,-340.4077103264795,1.0149210642067426,0.9298712710590934,1.0973814436229758,1.0165873745618041,0.961069983673978,0.9576368413312744,1.120519175672986,0.8565326225816499,1.0161159258664716,1.0019113313698282,1.0040211502487901,0.9932479464212133,0.9899468950026197,7.53e-5,-0.0022,0.30699999999999994,0.5872523687443223,0.022281710887421143,0.14983056327054972,0.661091859200251
0.3906058139562867,-0.0022753,4.590011711283812,71.37876080280046,-357.1961941670602,-334.3334000716801,1.0148393309321937,0.9302389025561111,1.094979400033934,1.0150853187970015,0.9652145019375313,0.9634918994108888,1.126451647388352,0.873406423520916,1.0149817289385754,1.001726012660071,1.0034780874923916,0.9940254237020938,0.9910723548868895,7.53e-5,-0.0022,0.30699999999999994,0.5872523687443223,0.022270070159563875,0.14979112440223427,0.6751118706055018
0.40432736298556926,-0.0022753,4.574919891770322,61.60658840049814,-353.2319945096592,-329.44731387052894,1.014709918781133,0.9308153719960623,1.0926366303855415,1.0136115258194989,0.9689737220284996,0.9686463306088793,1.1344290157883883,0.8891513916718615,1.0138558925103822,1.0015314971714948,1.0029300290653085,0.994728626687241,0.9920662723344795,7.53e-5,-0.0022,0.30699999999999994,0.5872523687443223,0.022258166557671957,0.14975078449695697,0.6891318820107526
0.4181241290160105,-0.0022753,4.557691008315321,54.0587318522397,-350.2284069706674,-325.6733855963997,1.0145422525250785,0.9315791681863186,1.0903706553894528,1.0121786741341146,0.9723142691622447,0.9730670504898291,1.144055085618815,0.9036041558248857,1.0127495561811555,1.0013294815829565,1.0023803796984536,0.9953521469971749,0.9929208813854821,7.53e-5,-0.0022,0.30699999999999994,0.5872523687443223,0.022245716148195913,0.14970858024481132,0.7031518934160035
0.43198526514928176,-0.0022753,4.538273900649581,48.50890739379747,-348.09353138616063,-322.8984733671786,1.0143489631201636,0.9324953951951862,1.0881917528550316,1.0107995355474937,0.9752097820258699,0.9767325380538608,1.1547269341858488,0.9165850162846684,1.0116734916454502,1.0011215599733196,1.0018323848160586,0.9958922343204925,0.9936311915452547,7.53e-5,-0.0022,0.30699999999999994,0.5872523687443223,0.022232374527256862,0.14966334216200683,0.7171719048212541
0.445899873879836,-0.0022753,4.51673834904744,44.66232272178706,-346.6971141410307,-320.9751810311734,1.0141459041086847,0.9335104020532488,1.086113370958068,1.0094872653433065,0.9776415841308597,0.9796378011881758,1.165654407082642,0.9279018946866258,1.010639425113581,1.0009099599903306,1.0012905223597572,0.9963467168447948,0.9941954535790746,7.53e-5,-0.0022,0.30699999999999994,0.5872523687443223,0.022217839557389266,0.1496140426325118,0.731191916226505
0.45985701566243137,-0.0022753,4.493183813130755,42.17235770940658,-345.8774961156546,-319.73019852498317,1.0139576441017797,0.9345477258895656,1.0842006767489107,1.0082611418848386,0.9796060858934355,0.9817987925934202,1.1758534503089297,0.9373216468803724,1.009660061545997,1.000695031664894,1.0007570766367186,0.9967170088794475,0.9946172404273051,7.53e-5,-0.0022,0.30699999999999994,0.5872523687443223,0.02220189573739027,0.14955994645437234,0.7452119276317558
0.473845717512708,-0.0022753,4.468146462033237,40.67035870722634,-345.45808921509814,-318.97919902389305,1.0137981091040655,0.9355188697695244,1.0823325729109274,1.0071149352293076,0.9810882415530907,0.9832358757457348,1.184159945847765,0.9446622717059567,1.008742390217553,1.0004845826318816,1.0002430627080727,0.9970015123207145,0.9948982303293141,7.53e-5,-0.0022,0.30699999999999994,0.5872523687443223,0.02218467303064153,0.14950148977759914,0.7592319390370066
0.4878549816340532,-0.0022753,4.441868405833383,39.80752640022058,-345.266936778286,-318.54778287039017,1.0136997457615367,0.9363245655820001,1.0806059352849675,1.0060698980343208,0.9821073839332399,0.9839940791060814,1.1894327127880169,0.9496535736010568,1.0078967540000614,1.0002764504379407,0.9997465565995701,0.9972071610750116,0.995049721753085,7.53e-5,-0.0022,0.30699999999999994,0.5872523687443223,0.022166479714449617,0.1494397146029122,0.7732519504422574
0.5018737940639746,-0.0022753,4.414862547594086,39.30304398866258,-345.1640178343972,-318.29554166461116,1.0136837584432543,0.9368808473811419,1.0790116696800434,1.0051306902941568,0.982672859884505,0.9841109131360373,1.1906665373633172,0.9521096154232966,1.007128670536074,1.0000731066724557,0.9992717304196727,0.997337761443266,0.9950799918785409,7.53e-5,-0.0022,0.30699999999999994,0.5872523687443223,0.022148083815893817,0.14937722636528752,0.7872719618475081
0.5158911333331818,-0.0022753,4.38760908224099,38.987933307840535,-345.0638004007998,-318.13798632420014,1.0137630992458697,0.9371352662363693,1.0775439339227015,1.0042993954742987,0.982792615152814,0.9836113135911243,1.1872314262629138,0.9519199102417704,1.0064412875492812,0.9998763576315606,0.9988212375187187,0.9973961831549328,0.9949950167559805,7.53e-5,-0.0022,0.30699999999999994,0.5872523687443223,0.022130601514667097,0.14931781797788346,0.8012919732527589
0.5298959791305704,-0.0022753,4.360531241148823,38.832494436242655,-344.94984276393836,-318.0602668884012,1.0139390773110561,0.9370808447819671,1.0762006547003184,1.003575450182242,0.9824692467149715,0.9824989401452873,1.1790050123690867,0.9490820695110502,1.0058354035646098,0.9996875255530058,0.9983967459107497,0.9973831206439644,0.9947965576630392,7.53e-5,-0.0022,0.30699999999999994,0.5872523687443223,0.022115350881400504,0.14926597451634024,0.8153119846580097
0.5438773209672962,-0.0022753,4.333976380730478,38.94874605964333,-344.87603588174136,-318.11839270010154,1.0142011396463393,0.9367574656571871,1.0749855165809534,1.0029559761959161,0.9816995766342652,0.9807553612797273,1.1663880921546856,0.9437075774836206,1.0053096984684844,0.9995076819820103,0.9979996074848466,0.9972968215831153,0.9944819777871922,7.53e-5,-0.0022,0.30699999999999994,0.5872523687443223,0.022103641126606573,0.14922615616510262,0.8293319960632605
0.5578241668331257,-0.0022753,4.308225272502578,39.567107679763126,-344.9542634473124,-318.42757351016144,1.014528987937345,0.9362407448971355,1.0739013992020479,1.0024358349768323,0.9804770452111355,0.978347021055604,1.150195765582696,0.935999320120723,1.0048612551037117,0.9993377392577264,0.9976307300092925,0.9971338940854416,0.9940455647533994,7.53e-5,-0.0022,0.30699999999999994,0.5872523687443223,0.022096561122844645,0.14920207601647814,0.8433520074685112
0.5717255518382599,-0.0022753,4.283555212183267,40.994820051390434,-345.33246513111,-319.1414296959751,1.0148963392344026,0.9356234152363726,1.0729472657518184,1.0020085690517297,0.9787967539956277,0.9752371844033234,1.1314680495760365,0.9262111554071841,1.0044861762406518,0.999178449965816,0.9972905989032512,0.996890750785872,0.9934810376148864,7.53e-5,-0.0022,0.30699999999999994,0.5872523687443223,0.02209483405215499,0.14919620141945203,0.857372018873762
0.5855705468338358,-0.0022753,4.260229549186096,43.568094320360274,-346.1694386970758,-320.42806683046,1.0152799611236047,0.9349964157186788,1.072136961696034,1.0016672356478045,0.976661178286549,0.9713988094033695,1.1112662430113256,0.914606698898668,1.0041794656730405,0.9990308248880858,0.9969809201055724,0.9965649754928978,0.992784687804919,7.53e-5,-0.0022,0.30699999999999994,0.5872523687443223,0.02209876189527153,0.14920956157551604,0.8713920302790128
0.5993482670043292,-0.0022753,4.2384354322710145,47.609141154387544,-347.6121190882858,-322.44859024747365,1.0156459831353981,0.9344348795496228,1.071446073352602,1.0014059548053194,0.9740744407027414,0.9668137185199043,1.0906310640052665,0.9014712543542324,1.0039404497102609,0.998894194719003,0.9966972839913436,0.9961557361463398,0.991952601783002,7.53e-5,-0.0022,0.30699999999999994,0.5872523687443223,0.022108380311347063,0.14924227273317722,0.8854120416842637
0.6130478804251023,-0.0022753,4.217842430148041,53.39476992608161,-349.7821542442013,-325.3414046333207,1.0160064005834064,0.9340026832355693,1.0709337736401146,1.0012178859943541,0.9710678793146906,0.9614987188868201,1.0702323041983162,0.8869417297741224,1.003757139926773,0.9987716496696147,0.9964506916811987,0.995665395797835,0.9909940716978793,7.53e-5,-0.0022,0.30699999999999994,0.5872523687443223,0.022123148281775668,0.14929248341577397,0.8994320530895143
0.62665861657837,-0.0022753,4.199610150209117,61.13820123613209,-352.76373334256135,-329.2131202883459,1.0163061663706132,0.9337302598550739,1.0705059713962175,1.0010979839596168,0.9676506282403459,0.9554577435572521,1.0507899286508442,0.8713929231659236,1.003635954739424,0.9986608565327667,0.9962281364709688,0.9950968983640139,0.9899070731884534,7.53e-5,-0.0022,0.30699999999999994,0.5872523687443223,0.022142846546860093,0.14935943147322375,0.9134520644947652
0.6401697748208868,-0.0022753,4.182713480822464,70.98231364373885,-356.6061183719472,-334.1351764921493,1.016565738804965,0.9336483326739672,1.0702508198869283,1.0010369594298882,0.9638714446487514,0.9487381068148762,1.03261363487133,0.8548762571849828,1.0035636087973108,0.9985648144089352,0.9960405349179834,0.9944559330727322,0.9887067158357907,7.53e-5,-0.0022,0.30699999999999994,0.5872523687443223,0.022166609270906454,0.1494401545977914,0.927472075900016
0.6535707327967015,-0.0022753,4.167704984391377,83.00106300424773,-361.320853119603,-340.14455117240374,1.0167744063584863,0.9337602471992422,1.0701221978534028,1.0010332790421417,0.9597617545597658,0.9413787279657845,1.0160016195568644,0.8376004203633235,1.0035407659141828,0.998481624501382,0.9958821538353393,0.9937490365881188,0.9874015051537288,7.53e-5,-0.0022,0.30699999999999994,0.5872523687443223,0.022193887543900687,0.14953276809633,0.9414920873052668
0.666850954788361,-0.0022753,2.147657966543967e-7,103.2382715098305,-368.861065198284,-350.2631554251951,1.0161291185471113,0.9281031104880612,1.087697167263612,1.0091668719965705,0.9545182866596784,0.9368501520590653,1.0201750163809267,0.820138442427128,1.0103853893882244,0.9970557687646002,0.9929270028722973,0.9927581391948719,0.9844245432780164,7.53e-5,-0.0022,0.30699999999999994,0.5872523687443223,0.022350828868394252,0.15006452842437837,0.9555120987105176
0.68,-0.0022753,3.656970159608937e-7,119.53849706491178,-375.2386370649976,-358.41326820273576,1.0162330673233364,0.9285451376863213,1.0874019642186834,1.0090136814971666,0.9498678056443732,0.9282674453311733,1.0065322605588167,0.8016303450705582,1.010265720450057,0.9970335143024252,0.9929070774940711,0.9919387884362836,0.9829726372607995,7.53e-5,-0.0022,0.30699999999999994,0.5872523687443223,0.022379327056797647,0.15016089218005674,0.9695321101157683
