sin2_theta23,dm2_32,dcp,dchi2,log_likelihood,log_posterior,t2k_cc1pi_norm,t2k_energy_scale,t2k_fhc1re1de_norm,t2k_fhc1re_norm,t2k_fhc1rmu_norm,t2k_flux_xsec_norm,t2k_nc_norm,t2k_nonqe_norm,t2k_nue_xsec_ratio_nu,t2k_nue_xsec_ratio_nubar,t2k_rhc1re_norm,t2k_rhc1rmu_norm,t2k_rhc_norm,dm2_21,dm2_31,sin2_theta12,theta12,sin2_theta13,theta13,theta23
0.35,0.0022,4.814224710938054,94.12660821972588,-374.3069949499907,-356.7263773926414,1.0149781528501676,0.9234548902694353,1.09597818441722,1.0141760504911683,0.9514836911141461,0.9399459254964851,1.0863447760563465,0.8150726914571247,1.0144355536065572,1.002366658502416,1.0057973573338261,0.9917379697606449,0.9880673887122956,7.53e-5,0.0022753,0.30699999999999994,0.5872523687443223,0.022223073971043648,0.14963179846670235,0.6330518363897495
0.36343145033847896,0.0022,4.832354771893329,77.30568033659426,-367.45176641795996,-348.3159134510756,1.0150075101699343,0.9233771672189061,1.0931947839193557,1.0124175379027514,0.9562876014493967,0.9469818004468742,1.0886824988474255,0.8333609208314426,1.0130648253102037,1.0022354383281822,1.0053270435546762,0.9926340137097387,0.9894299772803844,7.53e-5,0.0022753,0.30699999999999994,0.5872523687443223,0.02220802469203984,0.1495807437803311,0.6470718477950003
0.37697026969153374,0.0022,4.855423663217331,62.93676266653665,-361.6018403783311,-341.13145461604677,1.0149905495232823,0.9235298575658315,1.090432410384998,1.0106808973515025,0.9607885598960705,0.9534175525657343,1.0935580707647345,0.8508617785818439,1.0116935945371541,1.0020894228719475,1.0048381736840806,0.993469389292047,0.9906780709702323,7.53e-5,0.0022753,0.30699999999999994,0.5872523687443223,0.0221933591684856,0.14953097471737914,0.661091859200251
0.3906058139562867,0.0022,4.884639648736126,51.00453208283193,-356.77448333887264,-335.1653393241944,1.0149230309075454,0.9239210657013864,1.087715689228049,1.008984196626161,0.9649449858373176,0.9592047666323961,1.1009197104246975,0.8674259127216009,1.0103386959990028,1.0019300407390086,1.004334041183699,0.9942354793651103,0.9917986599712038,7.53e-5,0.0022753,0.30699999999999994,0.5872523687443223,0.022179055187998824,0.14948241710686305,0.6751118706055018
0.40432736298556926,0.0022,4.921312077435655,41.42954704136298,-352.9547837448007,-330.37784680345993,1.0148065612086037,0.9245474481167003,1.0850642636133367,1.0073503915175062,0.9687186087175081,0.9643043987090023,1.1105790698206464,0.8829091819753887,1.0090202148116878,1.0017577351856064,1.003815787958314,0.9949251406425285,0.9927801682842358,7.53e-5,0.0022753,0.30699999999999994,0.5872523687443223,0.022165029353598095,0.1494347888548877,0.6891318820107526
0.4181241290160105,0.0022,4.9667513544548205,34.06143487377881,-350.0911030852756,-326.69379071966785,1.0146459007802362,0.9253944395944179,1.0825054295726142,1.005804911970551,0.9720752250472592,0.9686899031483245,1.1222097600000265,0.897172771658878,1.0077612097230053,1.0015734550513071,1.0032851642617169,0.9955320183566406,0.9936126653909312,7.53e-5,0.0022753,0.30699999999999994,0.5872523687443223,0.022151164355610656,0.14938769228583712,0.7031518934160035
0.43198526514928176,0.0022,5.021637822873488,28.676672241528195,-348.0914107525204,-324.00140940354254,1.0144647446108592,0.926429904748741,1.0801412404951238,1.0043881000997514,0.974996931292881,0.9723464753019555,1.1352129390171946,0.9100099935557839,1.0065872551755297,1.0013672585746045,1.0027205080749506,0.9960572036949258,0.9942885848449585,7.53e-5,0.0022753,0.30699999999999994,0.5872523687443223,0.022137237107215945,0.14934036975985418,0.7171719048212541
0.445899873879836,0.0022,5.085156553928713,24.984052815137602,-346.8243938455507,-322.15509969034724,1.0142501274420492,0.9275931424352077,1.0778348699896394,1.0031023567043726,0.9774432520907307,0.9752737284830562,1.1488836516697298,0.921317486842173,1.005520403146182,1.0011611666437858,1.0021691993065207,0.9964870420224082,0.9948054437225217,7.53e-5,0.0022753,0.30699999999999994,0.5872523687443223,0.022123250271667845,0.14929283012156827,0.731191916226505
0.45985701566243137,0.0022,5.155164258998191,22.641071522392394,-346.1271280912293,-320.98360904397464,1.0140431796734748,0.9287970835374711,1.0757221569140714,1.0019761856309088,0.9794194076338175,0.977492518267305,1.1620986890335647,0.9308365307161103,1.0045764867131513,1.0009445103260797,1.0016073925203233,0.9968291245529649,0.9951657722673986,7.53e-5,0.0022753,0.30699999999999994,0.5872523687443223,0.022108967528709302,0.14924426956848896,0.7452119276317558
0.473845717512708,0.0022,5.22802818761953,21.283085926006606,-345.82099850426323,-320.30461624578174,1.0138655657256002,0.9299366367698606,1.073822908619709,1.001012152796342,0.980928738219574,0.9790293195713415,1.1735622937608008,0.9383247553693077,1.003759219453774,1.0007200637115932,1.001041416875207,0.9970862348375557,0.995377094744986,7.53e-5,0.0022753,0.30699999999999994,0.5872523687443223,0.022094273058181912,0.14919429316118685,0.7592319390370066
0.4878549816340532,0.0022,5.300454036952765,20.56377235423963,-345.73438686534104,-319.94495945989826,1.0137454838170443,0.9309082757516389,1.0721347493862896,1.0001960850036284,0.9819810955206631,0.9799155957984111,1.1819360608174212,0.9435400427898523,1.0030585303740784,1.00049288303349,1.0004827054047727,0.9972628827581093,0.9954519854186895,7.53e-5,0.0022753,0.30699999999999994,0.5872523687443223,0.02207921722499872,0.1491430708962116,0.7732519504422574
0.5018737940639746,0.0022,5.369798272889945,20.201730831044188,-345.72571279057433,-319.76393869830054,1.01370414083848,0.9316184989991987,1.0706440454114208,0.9995114717552906,0.9825893955562969,0.9801802956020133,1.1860973794843777,0.9462749575935683,1.0024615656400644,1.0002675980332811,0.9999416690781056,0.997363563297359,0.9954025222194811,7.53e-5,0.0022753,0.30699999999999994,0.5872523687443223,0.022064279109009523,0.14909223225023582,0.7872719618475081
0.5158911333331818,0.0022,5.434487617875776,20.02307436362969,-345.70710826323494,-319.6746104645933,1.0137598214267263,0.9320072910082542,1.0693166589488774,0.9989321218100647,0.9827642710735481,0.9798421111023667,1.1852452247366778,0.946413932999344,1.0019491201366126,1.0000484234090021,0.9994265501175322,0.9973922919744252,0.995238914689065,7.53e-5,0.0022753,0.30699999999999994,0.5872523687443223,0.022050223670547972,0.14904438224430386,0.8012919732527589
0.5298959791305704,0.0022,5.493754395191806,19.988740663077238,-345.65893094549295,-319.65744361431706,1.0139086667286523,0.9320688540674557,1.068097568557841,0.9984385167253805,0.982503536019204,0.9788975619030075,1.1793185123499665,0.9439441611918971,1.0015096167216586,0.9998422952074949,0.9989493392242449,0.9973487997543682,0.9949654419774524,7.53e-5,0.0022753,0.30699999999999994,0.5872523687443223,0.022038177680491534,0.14900336129396566,0.8153119846580097
0.5438773209672962,0.0022,5.547680853746706,20.198318913875823,-345.6305521912294,-319.76223273971635,1.01415010261384,0.9318407169843783,1.067041024264618,0.9980263285905747,0.9818134988117557,0.9773242249439593,1.1685594118625482,0.9389527236734997,1.0011324857513013,0.9996474017934233,0.9985085809322688,0.9972327051227805,0.9945808124593529,7.53e-5,0.0022753,0.30699999999999994,0.5872523687443223,0.022029516627828948,0.14897386050659694,0.8293319960632605
0.5578241668331257,0.0022,5.596614975957595,20.869188304175395,-345.7297346512605,-320.09766743486614,1.014465333180628,0.9314014284562843,1.0661003375269023,0.997684274635756,0.9806836132917608,0.9750845992597847,1.1537978182648585,0.9316422494503007,1.000811541448441,0.9994670178384892,0.9981081699642226,0.9970402131541485,0.9940800297278677,7.53e-5,0.0022753,0.30699999999999994,0.5872523687443223,0.022025324580895185,0.1489595797578009,0.8433520074685112
0.5717255518382599,0.0022,5.640680927482578,22.297501695172286,-346.10142470082576,-320.8118241303646,1.014820266377047,0.9308485572260591,1.065278911159921,0.9973987336291619,0.9791082301763225,0.9721384513607504,1.1361370521445804,0.9222614334142114,1.0005361851668433,0.9992993148384459,0.9977422440801983,0.9967688481774301,0.9934555426548396,7.53e-5,0.0022753,0.30699999999999994,0.5872523687443223,0.02202631997178655,0.14896297080556786,0.857372018873762
0.5855705468338358,0.0022,5.680445118264057,24.812095104021864,-346.90331655374524,-322.0691208347894,1.0151937709415877,0.9302791215142525,1.0645745974192664,0.9971643591960359,0.9770861361801754,0.9684555193625372,1.1166593850268167,0.911079723490924,1.0003041580534582,0.9991493038020924,0.997420415314552,0.9964148478409147,0.9927049008370703,7.53e-5,0.0022753,0.30699999999999994,0.5872523687443223,0.022032889780896667,0.14898535062347892,0.8713920302790128
0.5993482670043292,0.0022,5.716066936567078,28.732098457512052,-348.28185685107866,-324.02912251153447,1.015568329281944,0.9297712820328942,1.0639949197249037,0.9969778876362808,0.9746196654319728,0.9640153432118883,1.0963413492012322,0.8983346209945161,1.0001148301908735,0.9990148017596874,0.997135680246989,0.9959776424115779,0.9918235029403155,7.53e-5,0.0022753,0.30699999999999994,0.5872523687443223,0.022045126000051044,0.14902702417069205,0.8854120416842637
0.6130478804251023,0.0022,5.84093950207196,34.52362847017878,-350.59288631478375,-326.92488751786783,1.0121580264224757,0.9300647558435101,1.0711222620758087,1.0029976598682606,0.9712344703938572,0.9580994557373457,1.101404898906559,0.900919292913446,1.0054969968971885,0.998950144770852,0.9966847254649562,0.9950542418752296,0.9900340586094699,7.53e-5,0.0022753,0.30699999999999994,0.5872523687443223,0.02219549199201253,0.14953821368640027,0.8994320530895143
0.62665861657837,0.0022,5.861033998210742,41.98982366526684,-353.45284405194934,-330.65798511541186,1.0140989198400132,0.9300647023876921,1.0671614658522677,1.0035169830240664,0.9681097136934066,0.9523159221177688,1.0676334793525266,0.8797139614070455,1.0057738645102035,0.9983040416580871,0.9955026516720714,0.9945868142857228,0.9887787223632427,7.53e-5,0.0022753,0.30699999999999994,0.5872523687443223,0.022200043344130903,0.14955366019313804,0.9134520644947652
0.6401697748208868,0.0022,6.283101114850157,52.08885738887034,-357.49317777751986,-335.7075019772136,1.0160351607145242,0.9298346388507901,1.0685069493549997,1.0018884145086202,0.9643210626999454,0.9484679602314687,1.06790608027106,0.8551237207502008,1.0040727946422634,0.9980351351727625,0.9950826072275908,0.9940771774365599,0.98764327895871,7.53e-5,0.0022753,0.30699999999999994,0.5872523687443223,0.02220181179803977,0.1495596616042666,0.927472075900016
0.6535707327967015,0.0022,6.283098844586935,63.69209222118434,-362.027447431835,-341.5091193933706,1.0162900292252297,0.9299639381918706,1.0680761232722762,1.001526938933307,0.9603627151242218,0.9410877818396414,1.0486908090443585,0.8380315183062579,1.0037595037179625,0.9980056193125217,0.995036412251136,0.9933511753569908,0.9863496491414357,7.53e-5,0.0022753,0.30699999999999994,0.5872523687443223,0.022226339959529596,0.14964287610301133,0.9414920873052668
0.666850954788361,0.0022,6.283102724187203,77.45587673853618,-367.40876184894023,-348.39101165204653,1.0164920887484281,0.9303045561921652,1.0677519260487067,1.0012282232048406,0.9561103004790403,0.9331128374658124,1.031200113133178,0.8203648826538887,1.0034988695099194,0.997990220434957,0.9950197688781216,0.9925653008688615,0.9849618836200744,7.53e-5,0.0022753,0.30699999999999994,0.5872523687443223,0.02225412297689318,0.14973707887931256,0.9555120987105176
0.68,0.0022,6.283112842704501,93.34273958036499,-373.5973966616038,-356.33444307296094,1.0166398025890415,0.9308522842778929,1.0675604491715207,1.0009867474325722,0.9516064324835843,0.9245976369886435,1.0155113079295728,0.802272391448507,1.0032880977336782,0.9979861479914522,0.9950268581911019,0.9917292127531797,0.9834934297861185,7.53e-5,0.0022753,0.30699999999999994,0.5872523687443223,0.022284567858067386,0.1498402411685864,0.9695321101157683
0.35,0.002225,4.787959207995277,90.44939516798729,-373.72415061433753,-354.8877708667721,1.0153074009880227,0.9294840570044033,1.0959070551509438,1.0142374816682083,0.9517196518732104,0.9406673527546618,1.0815051834074423,0.8177801179244611,1.014478689467241,1.0023685966752847,1.0057975778375365,0.991808570450632,0.9881908480806654,7.53e-5,0.0023003,0.30699999999999994,0.5872523687443223,0.022223576445355307,0.1496335028195519,0.6330518363897495
0.36343145033847896,0.002225,4.803362674039059,73.60944448700502,-366.8590990674939,-346.46779552628095,1.0153459868817565,0.9294601451639086,1.0931166337514886,1.0124692831243058,0.9565380069728014,0.9477187221560742,1.0834172918445781,0.8361463326797856,1.0131001235028563,1.002236916867585,1.0053266578899063,0.9927086690878226,0.9895598292615969,7.53e-5,0.0023003,0.30699999999999994,0.5872523687443223,0.0222083748325789,0.14958193182433638,0.6470718477950003
0.37697026969153374,0.002225,4.8231441344141075,59.23310447608685,-361.0001234105244,-339.27962552082187,1.0153332638442465,0.929655591153603,1.0903551169577472,1.0107178904211498,0.9610548848852366,0.954169750854337,1.0878832419716409,0.8537207742987276,1.011717947562729,1.0020918393283844,1.004840086110592,0.9935474550949142,0.9908147096112507,7.53e-5,0.0023003,0.30699999999999994,0.5872523687443223,0.022193525734346947,0.14953154006711147,0.661091859200251
0.3906058139562867,0.002225,4.8484808494548135,47.30549361463943,-356.16456488442014,-333.31582009009816,1.0152679553747823,0.9300780993823444,1.0876321930398782,1.0090003828961236,0.9652280107986193,0.9599699039640675,1.0947751517692734,0.8703468595071685,1.0103476317177786,1.0019345575775729,1.0043415318836155,0.9943167391486607,0.991943164971564,7.53e-5,0.0023003,0.30699999999999994,0.5872523687443223,0.022178953119797302,0.14948207056175986,0.6751118706055018
0.40432736298556926,0.002225,4.8807368607214485,37.747295858662255,-352.3379749080219,-328.53672121210957,1.0151539664747562,0.9307226623525949,1.0849699068301983,1.0073374306183691,0.9690199960118936,0.9650830666965321,1.1039369972561255,0.8858930975235323,1.0090072207228042,1.0017654342831248,1.0038313102746261,0.9950097897588074,0.992933936656936,7.53e-5,0.0023003,0.30699999999999994,0.5872523687443223,0.0221645464307202,0.14943314870643545,0.6891318820107526
0.4181241290160105,0.002225,4.921547176777324,30.407724638959735,-349.4693681266859,-324.8669356022583,1.0149999110496644,0.9315791598142561,1.0823844620478087,1.0057537586422942,0.9723969701737054,0.96947894654795,1.1150115534561906,0.9001992665139842,1.0077173977582057,1.0015839375729758,1.0033082743158372,0.9956212786561616,0.9937774472492481,7.53e-5,0.0023003,0.30699999999999994,0.5872523687443223,0.022150123072079385,0.14938415467666566,0.7031518934160035
0.43198526514928176,0.002225,4.972294877996031,25.061987851456706,-347.4673071371255,-322.1940672085068,1.0148231434988373,0.9326184095304959,1.0799665072155176,1.0042885535359591,0.9753377205698032,0.973145948227586,1.127493667535695,0.9130700608775093,1.0065064256619158,1.0013842685637013,1.0027596188201378,0.9961497613617069,0.9944658294587159,7.53e-5,0.0023003,0.30699999999999994,0.5872523687443223,0.02213553348033802,0.14933458011410142,0.7171719048212541
0.445899873879836,0.002225,5.0331748842909905,21.41639278821515,-346.2009799183468,-320.371269676886,1.0146160964312805,0.9337842966272452,1.0776151444385478,1.002950610125897,0.9778052824069748,0.9760776436864155,1.1406594165324857,0.9244098923902747,1.005396173572933,1.0011815433087328,1.0022178202562828,0.9965845656122324,0.9949951446211875,7.53e-5,0.0023003,0.30699999999999994,0.5872523687443223,0.022120721313741428,0.1492842329179425,0.731191916226505
0.45985701566243137,0.002225,5.102508111453704,19.124492469104894,-345.50814356386434,-319.2253195173309,1.0144115426517253,0.934999197483748,1.0754403818172447,1.001776975423043,0.9797997287378811,0.9782979255747019,1.1534990827266587,0.9339535197384645,1.0044125571790958,1.0009679737802497,1.0016650079120577,0.996930487075165,0.9953658314166174,7.53e-5,0.0023003,0.30699999999999994,0.5872523687443223,0.02210564161446099,0.1492329594396037,0.7452119276317558
0.473845717512708,0.002225,5.176984559543479,17.816426695356995,-345.2086790560684,-318.57128663045694,1.0142378061225126,0.9361552416441619,1.0734930736312631,1.0007781075481008,0.981324955717801,0.979837102493639,1.164729679100243,0.9414601338723235,1.0035640807921526,1.0007448678684603,1.0011042313695941,0.9971911024726048,0.9955853641303472,7.53e-5,0.0023003,0.30699999999999994,0.5872523687443223,0.02209024421269129,0.14918058807990953,0.7592319390370066
0.4878549816340532,0.002225,5.252320514852698,17.140340100757953,-345.1288142223326,-318.2332433331574,1.0141191931905027,0.9371424616019642,1.071747156258016,0.9999399201336816,0.9823871885357929,0.9807269985127371,1.1730103282398843,0.9466983613314611,1.0028438393665036,1.000518559784574,1.0005487152909065,0.9973698266908636,0.9956651961365496,7.53e-5,0.0023003,0.30699999999999994,0.5872523687443223,0.02207466629470252,0.14912758457049022,0.7732519504422574
0.5018737940639746,0.002225,5.325111228983112,16.80998065818585,-345.12581329916924,-318.06806361187137,1.0140812034331115,0.9378652988798892,1.07022486592798,0.999244354738279,0.9830037636617605,0.9809971430418392,1.177152669283515,0.949443233801846,1.002235275627571,1.0002928972322633,1.0000081745067,0.9974721481173884,0.995618842310606,7.53e-5,0.0023003,0.30699999999999994,0.5872523687443223,0.022059306823205654,0.14907530642004965,0.7872719618475081
0.5158911333331818,0.002225,5.393082960646759,16.648323025496666,-345.11152347051427,-317.9872347955268,1.0141329593598938,0.93826743565602,1.0688299071973004,0.9986591055441411,0.9831771617250608,0.9806573067865628,1.1764230683743206,0.9496009569036657,1.0017185149223915,1.0000742868386097,0.999493798239696,0.9975007550570391,0.9954553499279385,7.53e-5,0.0023003,0.30699999999999994,0.5872523687443223,0.022044922070633206,0.14902632972999386,0.8012919732527589
0.5298959791305704,0.002225,5.455539497448582,16.615588037169005,-345.0652120736175,-317.97086730136294,1.0142826894523918,0.9383373327758716,1.067610714899212,0.9981742092129662,0.9829136584339442,0.9797072615193809,1.1706066957652257,0.9471142999540051,1.0012832480649445,0.9998657529377043,0.9990121392099586,0.9974563560120028,0.9951786053153429,7.53e-5,0.0023003,0.30699999999999994,0.5872523687443223,0.022032761881407653,0.14898491496961108,0.8153119846580097
0.5438773209672962,0.002225,5.512211219421811,16.8131314322801,-345.0369234816187,-318.0696389989185,1.014523717816327,0.9381131545535121,1.066537971416578,0.9977696426725355,0.9822162907994096,0.97812410116821,1.1600382925399226,0.9420980131111134,1.0009102141569755,0.999668283718347,0.9985659013474829,0.9973392284997463,0.9947899889948475,7.53e-5,0.0023003,0.30699999999999994,0.5872523687443223,0.02202396665572698,0.14895495352565208,0.8293319960632605
0.5578241668331257,0.002225,5.563359389585963,17.461982683547376,-345.13525285226694,-318.39406462455213,1.0148352336018422,0.9376747544519903,1.0655836211956389,0.9974336951656989,0.9810754234839637,0.9758706684295737,1.1455097481344543,0.9347519962575725,1.0005933179047957,0.9994858140158539,0.998160822019437,0.997144694651626,0.9942836711073777,7.53e-5,0.0023003,0.30699999999999994,0.5872523687443223,0.022019694724017994,0.1489403988337569,0.8433520074685112
0.5717255518382599,0.002225,5.609396153051285,18.862851052145402,-345.50500071999153,-319.09449880885114,1.015191186912255,0.9371143942660638,1.0647555158974058,0.9971571299640501,0.9794853991982135,0.9729073883291395,1.128091016156893,0.9253270934790935,1.0003249837374837,0.9993178970571365,0.9977944400226189,0.9968701268985937,0.9936535992173324,7.53e-5,0.0023003,0.30699999999999994,0.5872523687443223,0.022020700303984526,0.14894382502080544,0.857372018873762
0.5855705468338358,0.002225,5.650674892695029,21.34909769407875,-346.3046160603728,-320.3376221298178,1.0155640150586696,0.9365279719927246,1.0640375087711473,0.9969321938207846,0.9774479256433318,0.9692050482612705,1.1088512089142897,0.9140996794026345,1.0001003800102974,0.9991660110411682,0.9974683157630366,0.9965131104888187,0.9928961016343033,7.53e-5,0.0023003,0.30699999999999994,0.5872523687443223,0.022027334774812352,0.14896642790851988,0.8713920302790128
0.5993482670043292,0.002225,5.687756337058737,25.2437198957374,-347.6809453619716,-322.28493323064714,1.0159377018633677,0.9359924070471635,1.0634546321218104,0.9967546575400016,0.9749674562713194,0.9647471755235105,1.0888145331002317,0.9012902561355234,0.9999152632973991,0.9990295713161711,0.9971802451233819,0.9960729547413443,0.9920085031407779,7.53e-5,0.0023003,0.30699999999999994,0.5872523687443223,0.022039599898441342,0.1490082050305901,0.8854120416842637
0.6130478804251023,0.002225,5.720799652504,30.827267887062703,-349.7589482325382,-325.0767072263098,1.0162881976669074,0.9355774997518493,1.062981724808823,0.9966163509949433,0.9720661766824471,0.9595396322368938,1.0687700041386319,0.8871605189108758,0.9997652562875674,0.9989111705737597,0.9969342667243121,0.9955516858942294,0.9909959096542814,7.53e-5,0.0023003,0.30699999999999994,0.5872523687443223,0.022057123066906287,0.14906787224998835,0.8994320530895143
0.62665861657837,0.002225,5.750054048414689,38.31870830215098,-352.6255863246353,-328.82242743385393,1.0166034410032558,0.9353176645377449,1.0626197529775736,0.9965165625287689,0.9687678730804146,0.9536015767720032,1.0493397509188973,0.8719040698075043,0.9996495781957084,0.9988097807409483,0.9967273783332254,0.9949529532047112,0.989863188995607,7.53e-5,0.0023003,0.30699999999999994,0.5872523687443223,0.022079397360604693,0.14914368384618326,0.9134520644947652
0.6401697748208868,0.002225,5.775770500256277,47.86772920648525,-356.3333558846835,-333.59693788602107,1.016877330324869,0.9352419615593334,1.0623701163203347,0.9964510071089442,0.9651053983929926,0.946969607008509,1.0309643638456496,0.8557100564712922,0.999564565013709,0.9987235591314482,0.9965545636532931,0.9942832237235052,0.9886187231755122,7.53e-5,0.0023003,0.30699999999999994,0.5872523687443223,0.022105756600267205,0.1492333504750747,0.927472075900016
0.6535707327967015,0.002225,5.798056586214003,59.555420654751515,-360.89690658122566,-339.4407836101542,1.0171005656882157,0.9353571298054085,1.0622362936469874,0.9964176605479788,0.9611121262841927,0.9396810890865456,1.013962096109291,0.8387350185497723,0.999509840014592,0.9986548045160535,0.9964202499647836,0.9935475085922599,0.9872732136763089,7.53e-5,0.0023003,0.30699999999999994,0.5872523687443223,0.022135570656951813,0.14933470645830635,0.9414920873052668
0.666850954788361,0.002225,5.817253417726349,73.40017202279216,-366.3040323205902,-346.3631592941745,1.017274181033235,0.9356709778377926,1.0622009613557952,0.9964128084115235,0.9568316152226589,0.9317896865388154,0.998462040519183,0.8211701388336164,0.9994822042607426,0.9986028328479373,0.9963224432316836,0.9927541837794142,0.9858401101295989,7.53e-5,0.0023003,0.30699999999999994,0.5872523687443223,0.02216813030650567,0.1494453201890353,0.9555120987105176
0.68,0.002225,5.833276175114474,89.36624657461618,-372.51435694167077,-354.34619657008653,1.0173957886361578,0.9361784570429091,1.0622679210962211,0.9964364311468197,0.9523000471163522,0.9233457207734711,0.9845697045395468,0.8031684131322477,0.999482058891332,0.9985668906980065,0.9962588579795013,0.9919099693125827,0.9843300936679794,7.53e-5,0.0023003,0.30699999999999994,0.5872523687443223,0.02220287512820324,0.14956327000060646,0.9695321101157683
0.35,0.0022500000000000003,4.762023007095232,87.09792940297791,-373.1964282363894,-353.2120379842674,1.0156455074729533,0.9354566558712,1.0958333456005325,1.0143058119868769,0.9519338567555421,0.9413559050537172,1.0767812885773576,0.8205059868784543,1.0145257349940278,1.00236876083027,1.0057930096802186,0.9918770013520417,0.9883080983914673,7.53e-5,0.0023253,0.30699999999999994,0.5872523687443223,0.02222415801392947,0.14963547543033218,0.6330518363897495
0.36343145033847896,0.0022500000000000003,4.774703838132974,70.24180620293157,-366.3222260417328,-344.7839763842442,1.0156849468346099,0.9354919156203017,1.0930533324072704,1.0125295267421943,0.9567656658077367,0.9484215136059638,1.0783613133599335,0.8389484454528559,1.0131418745312752,1.0022376410855638,1.0053226911437032,0.992779623458413,0.9896817100145984,7.53e-5,0.0023253,0.30699999999999994,0.5872523687443223,0.022208890358936414,0.14958368101386887,0.6470718477950003
0.37697026969153374,0.0022500000000000003,4.791076196530538,55.86037136829816,-360.4551514736915,-337.5932589669275,1.0156739475935288,0.9357364914984004,1.0902910809023825,1.0107656855271432,0.9612971640201659,0.9548851137147059,1.0824231860972764,0.8565927678886771,1.011751072757847,1.0020939638108926,1.0048400781742999,0.9936212289956452,0.9909431091748704,7.53e-5,0.0023253,0.30699999999999994,0.5872523687443223,0.02219388879127763,0.1495327723300745,0.661091859200251
0.3906058139562867,0.0022500000000000003,4.812309171755071,43.93913028192128,-355.61272084030225,-331.6326384237391,1.0156093102210564,0.936196287110894,1.087569563361181,1.0090306498206938,0.9654863851389082,0.9606996002339198,1.08889867849353,0.8732882161554218,1.0103681364506505,1.0019386998133366,1.0043463297398851,0.9943934019781004,0.9920785937703508,7.53e-5,0.0023253,0.30699999999999994,0.5872523687443223,0.02217911008881155,0.14948260350747197,0.6751118706055018
0.40432736298556926,0.0022500000000000003,4.839760489448524,34.398835786518134,-351.78102984955024,-326.8624911760375,1.015498856548663,0.9368697304488915,1.0849006095797107,1.0073420702058051,0.9692961984825634,0.9658252941266415,1.0975699761457056,0.888886485314855,1.0090079178509508,1.0017717648566054,1.0038416013377809,0.9950901346481155,0.9930779475088359,7.53e-5,0.0023253,0.30699999999999994,0.5872523687443223,0.02216435691640448,0.14943250505518196,0.6891318820107526
0.4181241290160105,0.0022500000000000003,4.8750592711302305,27.088285108322907,-348.9091698708082,-323.2072158369399,1.0153503413909424,0.937745655376254,1.0822991644949855,1.0057240235956662,0.9726933459031879,0.970231766227754,1.1081039635092171,0.9032293027858296,1.0076901048685873,1.0015926107822055,1.0033246996742473,0.9957061299907043,0.9939316766597057,7.53e-5,0.0023253,0.30699999999999994,0.5872523687443223,0.02214942630940935,0.1493817874815691,0.7031518934160035
0.43198526514928176,0.0022500000000000003,4.920268509952825,21.781560664540507,-346.90455044932406,-320.5538536150487,1.0151737507312806,0.9387877380130311,1.0798275103722408,1.0042080623686562,0.9756498488744112,0.9739039798011778,1.1200328385564737,0.9161474592676413,1.0064416727823862,1.0014008210765182,1.002794644838296,0.996236732139882,0.9946316469226277,7.53e-5,0.0023253,0.30699999999999994,0.5872523687443223,0.02213418156693418,0.14932998558475025,0.7171719048212541
0.445899873879836,0.0022500000000000003,4.976483795274574,18.182871423087363,-345.6379529123346,-318.7545089943221,1.0149741974590873,0.9399492258961992,1.0774299368360896,1.002811836664331,0.9781378131975554,0.9768379430748197,1.13263310969259,0.9275176466172741,1.0052843071832802,1.0012031313227716,1.0022657275799203,0.9966761101990963,0.9951741716995514,7.53e-5,0.0023253,0.30699999999999994,0.5872523687443223,0.02211849070821865,0.14927664956595443,0.731191916226505
0.45985701566243137,0.0022500000000000003,5.043567305678255,15.9421565136048,-344.94812206728216,-317.63415153958084,1.014779264444376,0.9411622460920716,1.0752176941983513,1.001581524050572,0.9801576574362961,0.979062534422251,1.144993860304768,0.9370857346397826,1.0042509615703525,1.000992420240882,1.0017220043483779,0.9970280602317759,0.9955589632233051,7.53e-5,0.0023253,0.30699999999999994,0.5872523687443223,0.022102407881930203,0.14922196198718138,0.7452119276317558
0.473845717512708,0.0022500000000000003,5.118634802848241,14.684529419296496,-344.6540691215932,-317.0053379924267,1.014607548114763,0.9423269434670263,1.0731846276786297,1.0005328473255513,0.9816956535451788,0.9805968655644606,1.1559335165557396,0.9446096628314622,1.0033617241143493,1.0007735028578726,1.001172575011793,0.9972912834631565,0.9957877385151199,7.53e-5,0.0023253,0.30699999999999994,0.5872523687443223,0.02208616341132633,0.14916670501297122,0.7592319390370066
0.4878549816340532,0.0022500000000000003,5.196919855397813,14.052452203345297,-344.58071406098014,-316.6892993844511,1.0144916478953208,0.9433281561897013,1.0713787046962384,0.9996632155230748,0.9827689857027195,0.9814849304395187,1.1640716187332967,0.9498558840301858,1.0026133390043095,1.0005485905868667,1.0006222763840096,0.9974723809536415,0.995873863319162,7.53e-5,0.0023253,0.30699999999999994,0.5872523687443223,0.02206989407327991,0.14911134353885025,0.7732519504422574
0.5018737940639746,0.0022500000000000003,5.273669198824778,13.75458715449895,-344.5836467243846,-316.5403668600279,1.0144539574160207,0.9440655859783613,1.069790567806198,0.9989514436614739,0.9833906345888137,0.9817560637002969,1.1682306593987133,0.9526238643850147,1.0019906112113839,1.0003232359850462,1.0000832986814232,0.9975759732143984,0.9958303656191638,7.53e-5,0.0023253,0.30699999999999994,0.5872523687443223,0.022054055551406597,0.14905742888749426,0.7872719618475081
0.5158911333331818,0.0022500000000000003,5.345841458952602,13.610621675697075,-344.573466430245,-316.468384120627,1.0145053571880596,0.9444819181070384,1.068368628324867,0.9983673476863738,0.9835634935696581,0.9814138436061752,1.1676015905693733,0.9527791700237782,1.001472758283067,1.0001029406963506,0.9995659709751464,0.9976044412930943,0.9956654683403496,7.53e-5,0.0023253,0.30699999999999994,0.5872523687443223,0.02203941531052976,0.14900757637662143,0.8012919732527589
0.5298959791305704,0.0022500000000000003,5.4120236589634585,13.579979140870705,-344.52926192625006,-316.4530628532138,1.0146543782435204,0.9445609381280242,1.0671190584452883,0.9978819970656923,0.9832983718007913,0.9804586679960052,1.1619308295182567,0.9502880586722087,1.0010352729780099,0.9998937517298789,0.9990837018994199,0.9975597253072287,0.9953880012505016,7.53e-5,0.0023253,0.30699999999999994,0.5872523687443223,0.022026983966467874,0.14896523282770263,0.8153119846580097
0.5438773209672962,0.0022500000000000003,5.47198581766207,13.76571949055824,-344.50128166053787,-316.54593302805756,1.014894993007848,0.9443415355515649,1.0660173790951666,0.9974852051073102,0.9825945375571264,0.9788672740606514,1.1515294928121438,0.9452609477085355,1.000666160632517,0.9996925454791704,0.9986297281670364,0.997441917475121,0.9949950147652468,7.53e-5,0.0023253,0.30699999999999994,0.5872523687443223,0.022018018540738784,0.1489346876138068,0.8293319960632605
0.5578241668331257,0.0022500000000000003,5.525924742743166,14.392462068173359,-344.59826812447216,-316.8593043168651,1.0152036515321168,0.9439030947116129,1.065057911235444,0.9971587075643358,0.9814425452902609,0.9766009324387277,1.137262732683739,0.9378718260808965,1.0003565655394002,0.9995100443962892,0.9982246714579751,0.9972445976205229,0.994483985990768,7.53e-5,0.0023253,0.30699999999999994,0.5872523687443223,0.02201374006861169,0.14892010871262015,0.8433520074685112
0.5717255518382599,0.0022500000000000003,5.574300096693844,15.765432832376746,-344.9662470544337,-317.5457896989668,1.0155610881356711,0.9433376297577929,1.0642218274999602,0.9968909719057312,0.9798396875151982,0.9736218993816741,1.1200939120640834,0.9283977458818535,1.0000940440539452,0.9993400879354092,0.9978541315618346,0.996967658417135,0.9938482058150392,7.53e-5,0.0023253,0.30699999999999994,0.5872523687443223,0.02201473359613507,0.14892349428282192,0.857372018873762
0.5855705468338358,0.0022500000000000003,5.617566440533383,18.222503858000664,-345.7635053205855,-318.7743252117788,1.0159367768847982,0.9427372845841561,1.063503993137295,0.9966763304441835,0.9777862027968206,0.9699005633849984,1.101124708121174,0.9171048344592072,0.9998761199242813,0.9991865574708142,0.9975247393948287,0.9966074689284649,0.9930839248326387,7.53e-5,0.0023253,0.30699999999999994,0.5872523687443223,0.02202143836999408,0.14894633969229498,0.8713920302790128
0.5993482670043292,0.0022500000000000003,5.656179597788395,22.090535198886982,-347.139085043635,-320.70834088222193,1.016307265552118,0.9421833526762706,1.0629080280945435,0.9965063240380232,0.9752923676320946,0.9654250478154268,1.0813653380981234,0.9042474334608099,0.9996970894312802,0.9990496459029117,0.9972356002162621,0.996164309614701,0.9921908389031042,7.53e-5,0.0023253,0.30699999999999994,0.5872523687443223,0.022033788482956885,0.14898841176605065,0.8854120416842637
0.6130478804251023,0.0022500000000000003,5.69053015603741,27.65300290796381,-349.2160037504646,-323.48957473676035,1.0166562123247191,0.9417367924519415,1.0624294254150966,0.9963786154013011,0.9723761603761515,0.9601995197833917,1.0616027824902174,0.8900479887286379,0.9995546225548826,0.9989290010835952,0.9969849406693038,0.9956400970281952,0.9911712724092212,7.53e-5,0.0023253,0.30699999999999994,0.5872523687443223,0.022051458611437563,0.14904858704539245,0.8994320530895143
0.62665861657837,0.0022500000000000003,5.7208325830517,35.13085065035807,-352.0823719480314,-327.2284986079575,1.016973312716403,0.9414372115735193,1.0620667926990772,0.9962876437075355,0.9690622904555781,0.9542435654879116,1.0424439971950061,0.874713596447584,0.9994449503850753,0.9988260323868946,0.9967747824986118,0.9950381246780072,0.9900317800526985,7.53e-5,0.0023253,0.30699999999999994,0.5872523687443223,0.02207388373019395,0.1491249214305243,0.9134520644947652
0.6401697748208868,0.0022500000000000003,5.7473912427997105,44.674935637199155,-355.7906296180841,-332.000541101378,1.0172449902288723,0.9413102315464399,1.0618125307130586,0.9962286435271955,0.9653861035691408,0.9475944334908599,1.0243454675136592,0.8584447633458427,0.999364865088635,0.9987397451242287,0.9966020498697337,0.9943651164470757,0.9887819473671712,7.53e-5,0.0023253,0.30699999999999994,0.5872523687443223,0.022100399346821217,0.14921513085651286,0.927472075900016
0.6535707327967015,0.0022500000000000003,5.770358067766681,56.36690195862525,-360.3567282841154,-337.84652426209107,1.0174671556704857,0.9413672619515373,1.0616680667991805,0.9962001740579742,0.9613833223714892,0.9402916959390583,1.0075952403344555,0.8414068701145003,0.9993139976378156,0.9986696579067478,0.9964650743716331,0.9936276836243771,0.9874320339793946,7.53e-5,0.0023253,0.30699999999999994,0.5872523687443223,0.0221303620912617,0.14931700420967528,0.9414920873052668
0.666850954788361,0.0022500000000000003,5.789922970170704,70.22526123113539,-365.76609686377907,-344.77570389834614,1.0176382798613397,0.9416087170080291,1.0616234210449533,0.9962025914233233,0.9570898832049095,0.9323883552635648,0.9923254115822359,0.8237648477515417,0.9992909334466804,0.9986170208667358,0.9963659733856274,0.9928308625984588,0.9859930415858128,7.53e-5,0.0023253,0.30699999999999994,0.5872523687443223,0.022163090107049265,0.14942820249620686,0.9555120987105176
0.68,0.0022500000000000003,5.806193266692728,86.2141168767796,-371.97943995615805,-352.77013172116824,1.017757838734914,0.9420326871351123,1.061677674700473,0.9962313996049835,0.9525487294795391,0.9239338122877847,0.9786443396801767,0.8056769301454386,0.9992938855905555,0.9985797478518305,0.996299832328965,0.9919842521021757,0.9844779840001877,7.53e-5,0.0023253,0.30699999999999994,0.5872523687443223,0.022197968409950527,0.1495466184151432,0.9695321101157683
0.35,0.002275,4.736755055255187,84.06681803094625,-372.72876079151047,-351.69648229825157,1.0159750923271693,0.9414152320058583,1.0957814311594931,1.0143808136073165,0.9521250666526202,0.9420059570903221,1.0723752575776895,0.8232306858150904,1.0145787460675635,1.0023692994522824,1.0057875330078696,0.9919405270724707,0.9884166447983861,7.53e-5,0.0023503,0.30699999999999994,0.5872523687443223,0.022224928770369124,0.1496380897047728,0.6330518363897495
0.36343145033847896,0.002275,4.746632957321227,67.19746575455406,-365.8452841781913,-343.26180616005547,1.0160208675418096,0.9415064975358994,1.0929988903780092,1.0125985095290688,0.9569700907940255,0.9490854214448571,1.0735630609987914,0.8417507670944946,1.0131905793165388,1.0022381511295195,1.005317729655401,0.9928464262150584,0.9897959490436142,7.53e-5,0.0023503,0.30699999999999994,0.5872523687443223,0.022209567685654574,0.14958597916456665,0.6470718477950003
0.37697026969153374,0.002275,4.7595536032636625,52.81330462707854,-359.96973787987054,-336.0697255963177,1.0160098978682546,0.9417943589806664,1.0902405005715832,1.0108252241260098,0.9615159906011141,0.9555643807690746,1.0772489512781058,0.8594763910506038,1.0117935541899659,1.002095613893175,1.0048375588516965,0.9936906185997134,0.9910628536687978,7.53e-5,0.0023503,0.30699999999999994,0.5872523687443223,0.022194474763018467,0.14953476117443684,0.661091859200251
0.3906058139562867,0.002275,4.776451604415675,40.90022859972896,-355.1199294655617,-330.1131875826429,1.0159504937630353,0.9422854245673887,1.0875179149758027,1.0090753291207089,0.9657214939998529,0.9613950358478387,1.0832728486107088,0.876244243367296,1.010399286694397,1.0019412366898555,1.004345826110086,0.9944664749341755,0.9922054120945065,7.53e-5,0.0023503,0.30699999999999994,0.5872523687443223,0.022179501912350377,0.1494839338299785,0.6751118706055018
0.40432736298556926,0.002275,4.7986402207709915,31.379080523785774,-351.2816505583562,-325.3526135446713,1.015841924530979,0.9429766959501024,1.0848523993145143,1.007364371131442,0.9695480369216678,0.9665344291221979,1.0914691612605327,0.8919040699969314,1.009022630489547,1.001776910266817,1.0038472074662952,0.9951662864126332,0.9932126650741443,7.53e-5,0.0023503,0.30699999999999994,0.5872523687443223,0.02216446803719896,0.14943288245728054,0.6891318820107526
0.4181241290160105,0.002275,4.827606668823367,24.098284609071698,-348.40508708876234,-321.7122155873143,1.015701962623385,0.943860806921448,1.0822711281186261,1.0057220764754744,0.9729682795006289,0.9709579183129418,1.1014849344282684,0.9062699329663582,1.0076835396924193,1.001597592114895,1.003330269036423,0.9957878459517588,0.9940757887259374,7.53e-5,0.0023503,0.30699999999999994,0.5872523687443223,0.02214913261771115,0.14938078967675866,0.7031518934160035
0.43198526514928176,0.002275,4.865846005787539,18.830852434505005,-346.39777262807945,-319.07849950003094,1.0155265648772733,0.9449029489462153,1.079757263825283,1.0041544838064742,0.9759383052869408,0.9746322011320104,1.1128010124972225,0.9192490364876426,1.006397288379797,1.0014140801280023,1.002819276385932,0.9963203127130419,0.9947870874899152,7.53e-5,0.0023503,0.30699999999999994,0.5872523687443223,0.022133229789588562,0.14932675085081992,0.7171719048212541
0.445899873879836,0.002275,4.915043454635857,15.278895596653683,-345.1319056835696,-317.3025210811053,1.0153302345253308,0.9460647913952495,1.077320762037829,1.0026976928585891,0.9784472154975173,0.9775672063989741,1.1248099641901388,0.9306473344826154,1.0051915788710306,1.0012227589540357,1.00230583470942,0.9967637752153261,0.995343115088091,7.53e-5,0.0023503,0.30699999999999994,0.5872523687443223,0.022116647176005453,0.1492703818584858,0.731191916226505
0.45985701566243137,0.002275,4.977124706607348,13.089128665850126,-344.4444736488022,-316.2076376157035,1.0151368606015796,0.947277355003937,1.0750373761346619,1.0013972708227064,0.9804808345297235,0.9797788979057013,1.1366412860062238,0.940213267335899,1.004103201575789,1.00101960297708,1.001780636808709,0.9971182330954723,0.9957399698564257,7.53e-5,0.0023503,0.30699999999999994,0.5872523687443223,0.022099527569659407,0.1492121658033617,0.7452119276317558
0.473845717512708,0.002275,5.05087564161737,11.882063544177527,-344.1559021056679,-315.6041050548672,1.0149716117513832,0.948447215648835,1.072928916175216,1.0002840551381966,0.9820380619020486,0.9813071655147826,1.1471738602093755,0.9477522797655621,1.0031591351871942,1.0008055351557,1.0012445377572965,0.9973859043120948,0.9959819259488355,7.53e-5,0.0023503,0.30699999999999994,0.5872523687443223,0.022082165744460418,0.14915310355767306,0.7592319390370066
0.4878549816340532,0.002275,5.131561184982771,11.2946008692752,-344.08919341674454,-315.31037371741604,1.0148573715293685,0.9494608811228618,1.0710305521625614,0.99936790589015,0.9831235806659058,0.9821891545362302,1.1551269675087024,0.9530246143647535,1.00237131667363,1.000583624738588,1.000703076003999,0.9975698192914557,0.9960765725509384,7.53e-5,0.0023503,0.30699999999999994,0.5872523687443223,0.022065008411171257,0.14909471466286053,0.7732519504422574
0.5018737940639746,0.002275,5.213065772538385,11.03008540777114,-344.0986037778285,-315.178115986664,1.0148253023854243,0.9502172900827427,1.0693801401634078,0.9986286580903118,0.9837532212778914,0.982456019837784,1.1592386600622822,0.955791768371133,1.0017225825878282,1.000359348411627,1.0001688152728756,0.9976753767009061,0.9960384715683681,7.53e-5,0.0023503,0.30699999999999994,0.5872523687443223,0.02204846368134237,0.14903838952820145,0.7872719618475081
0.5158911333331818,0.002275,5.290589395450447,10.904637962507309,-344.0930837804598,-315.1153922640321,1.0148781410231322,0.9506513158350384,1.0679179874330023,0.9980435042713987,0.9839289743674199,0.9821126211442485,1.1587456305019992,0.9559412910324916,1.001199800553428,1.0001369444169212,0.99964914406826,0.9977043821013419,0.9958736196545211,7.53e-5,0.0023503,0.30699999999999994,0.5872523687443223,0.02203349046869465,0.14898739668206687,0.8012919732527589
0.5298959791305704,0.002275,5.361779362671524,10.876717901778079,-344.0515574515082,-315.1014322336675,1.015028383356738,0.9507469924606081,1.0666315142172118,0.9975641334399141,0.9836582547671902,0.9811505006143273,1.1532422580709452,0.9534377784332267,1.0007651382772857,0.9999247667264936,0.9991611037130358,0.9976589812910688,0.995592625883418,7.53e-5,0.0023503,0.30699999999999994,0.5872523687443223,0.022020865953565463,0.14894438941060134,0.8153119846580097
0.5438773209672962,0.002275,5.4257973835076685,11.051013707816537,-344.02403681329315,-315.1885801366867,1.0152665877242621,0.9505361076405525,1.0655066518168255,0.9971676274862499,0.9829477714738409,0.9795496991551852,1.1430525719445985,0.9483894687669017,1.0003968657494577,0.9997255736346253,0.9987116337160888,0.9975390414027938,0.9951979810602384,7.53e-5,0.0023503,0.30699999999999994,0.5872523687443223,0.022011717721415705,0.14891321707904692,0.8293319960632605
0.5578241668331257,0.002275,5.483228741384063,11.655701716259387,-344.11994267591575,-315.49092414090813,1.0155780251479243,0.9500996738756855,1.0645258394410133,0.996852528024515,0.9817858203359171,0.9772716763228884,1.129012783892235,0.9409697117380789,1.0000937231708387,0.9995391516556766,0.9982986711735184,0.997340382555149,0.9946814438104451,7.53e-5,0.0023503,0.30699999999999994,0.5872523687443223,0.022007359851667213,0.1488983655397062,0.8433520074685112
0.5717255518382599,0.002275,5.534527320700021,13.000500980513152,-344.486345385761,-316.163323773035,1.01592953438873,0.9495315133325453,1.0636748006990944,0.9965969435414722,0.9801690569129319,0.9742766526682498,1.1121205564183927,0.9314685219751205,0.9998408649060837,0.9993663769807093,0.9979218944721965,0.9970611295660567,0.9940390327181093,7.53e-5,0.0023503,0.30699999999999994,0.5872523687443223,0.022008383415116635,0.14890185395411618,0.857372018873762
0.5855705468338358,0.002275,5.580162656695179,15.427768659789876,-345.28184362594084,-317.3769576126734,1.0163044461229875,0.9489218378849704,1.0629521599294633,0.996393459465135,0.9781022548766105,0.9705384116239232,1.093439047633774,0.9201041356591466,0.9996309108581768,0.9992122826171765,0.9975916526747806,0.9966975949527808,0.9932688147530173,7.53e-5,0.0023503,0.30699999999999994,0.5872523687443223,0.022015176580629497,0.14892500378422371,0.8713920302790128
0.5993482670043292,0.002275,5.620669180954025,19.268197157309487,-346.6560380809958,-319.2971718614332,1.0166724995988297,0.9483496134165805,1.0623486757409517,0.9962345337195039,0.9755935489099286,0.9660441178077023,1.0739624882064864,0.9071886016415689,0.9994601731000093,0.9990737673849621,0.9972992097635359,0.9962513927365143,0.9923692381659902,7.53e-5,0.0023503,0.30699999999999994,0.5872523687443223,0.022027644397975905,0.14896748267816284,0.8854120416842637
0.6130478804251023,0.002275,5.656566404333069,24.80814230156352,-348.7316804069655,-322.0671444335602,1.0170246882440706,0.9478707220311539,1.0618639633931353,0.9961162309487048,0.9726630442747857,0.9608031549735027,1.0544653652842413,0.8929207122088832,0.9993239877396572,0.9989518228189873,0.9970460467017703,0.99572414829254,0.9913436535400786,7.53e-5,0.0023503,0.30699999999999994,0.5872523687443223,0.02204543679372301,0.14902808251011868,0.8994320530895143
0.62665861657837,0.002275,5.688075096470661,32.27048359032722,-351.5981551925882,-325.79831507794205,1.0173394248254284,0.947530552687931,1.061493705780568,0.9960319967094824,0.9693371925781521,0.9548330251300111,1.0355855459107441,0.8775232540998733,0.9992190740982263,0.9988473477400871,0.9968328143800226,0.9951199080016722,0.9901988541637256,7.53e-5,0.0023503,0.30699999999999994,0.5872523687443223,0.022067980325249648,0.1491048301061355,0.9134520644947652
0.6401697748208868,0.002275,5.715563180762094,41.807243044156166,-355.30670266594535,-330.5666948048565,1.0176087319525349,0.9473523412085039,1.0612354088024085,0.9959821428894207,0.9656471374410519,0.9481668370213359,1.017743348715912,0.861180132831898,0.9991460248573851,0.9987597746005197,0.9966574832321852,0.9944438439428502,0.9889427808573118,7.53e-5,0.0023503,0.30699999999999994,0.5872523687443223,0.022094686140398712,0.14919569829008608,0.927472075900016
0.6535707327967015,0.002275,5.739227232815516,53.50061694869828,-359.87417467924575,-336.4133817571276,1.0178321752053947,0.9473491182637713,1.0610813726493669,0.99596273846733,0.9616310069927226,0.9408518480182497,1.0012214634493137,0.8440580069899108,0.9991007279544676,0.9986890389799742,0.9965193612505848,0.9937027790035969,0.987586932295129,7.53e-5,0.0023503,0.30699999999999994,0.5872523687443223,0.022124804112504066,0.14929811217215103,0.9414920873052668
0.666850954788361,0.002275,5.759250829250575,67.36922628962202,-365.28622095326114,-343.34768642758945,1.018001574517794,0.9475247407691936,1.061033267729341,0.9959702408618986,0.9573274979211994,0.9329337275212405,0.9862100299308099,0.8263306727048814,0.999081732390619,0.9986355393389186,0.9964186400007142,0.9929039652191943,0.9861434916911884,7.53e-5,0.0023503,0.30699999999999994,0.5872523687443223,0.022157693610190283,0.1494098726254177,0.9555120987105176
0.68,0.002275,5.775771289142233,83.37698277514312,-371.50303684335495,-351.35156467035,1.018119668609027,0.9478736750614352,1.061080342743099,0.996004661950899,0.9527758951181694,0.9244671477604677,0.9727646116667782,0.8081543815303527,0.9990883892009595,0.9985967792208977,0.996349510303055,0.9920551316302493,0.9846233864189632,7.53e-5,0.0023503,0.30699999999999994,0.5872523687443223,0.02219272054716347,0.1495288071207838,0.9695321101157683
0.35,0.0023,4.712343966782242,81.35304777514807,-372.32041945161234,-350.3395971703525,1.016309672801314,0.9473630973950266,1.0957344239708737,1.0144649021442445,0.9522930177861784,0.9426174093489806,1.0681574499189974,0.8259221349805037,1.014637192763363,1.0023677895676268,1.0057768117112404,0.9920011156616457,0.9885175599196668,7.53e-5,0.0023753,0.30699999999999994,0.5872523687443223,0.022225809735171468,0.1496410777329359,0.6330518363897495
0.36343145033847896,0.0023,4.71938304230379,64.47336670290599,-365.4283827416755,-341.89975663423144,1.0163518993293625,0.9475108351591262,1.0929555134790356,1.012677023433544,0.9571508908791588,0.9497105666046284,1.0690374210229292,0.8445412103410352,1.013246600855718,1.0022380257860932,1.0053102719992912,0.9929088844303225,0.9899015829430365,7.53e-5,0.0023753,0.30699999999999994,0.5872523687443223,0.022210427173455595,0.14958889533344594,0.6470718477950003
0.37697026969153374,0.0023,4.728801010394416,50.088775594413164,-359.54533025449837,-334.707461079985,1.0163434890027565,0.9478478990520225,1.0901999418851314,1.0108970792134775,0.9617103576047492,0.9562045697504383,1.0723396365832785,0.8623429375119847,1.0118449414747779,1.002095674419074,1.004830151925068,0.9937559850445032,0.9911734267566674,7.53e-5,0.0023753,0.30699999999999994,0.5872523687443223,0.022195263968626498,0.14953743977351197,0.661091859200251
0.3906058139562867,0.0023,4.741402663481914,38.18549607472846,-354.6887615759829,-328.7558213201427,1.016283781811183,0.9483730940873775,1.087488271748442,1.0091345202500592,0.9659309289921908,0.9620511035102745,1.0779974340765812,0.8791947439370577,1.010442507230821,1.001943322520896,1.004343046117052,0.9945343582496261,0.9923223353214299,7.53e-5,0.0023753,0.30699999999999994,0.5872523687443223,0.022180166858001178,0.14948619143264774,0.6751118706055018
0.40432736298556926,0.0023,4.758033428606522,28.684442338270742,-350.84427756289847,-324.0052944519138,1.0161818804495568,0.949080322155234,1.0848248296461547,1.007407167687055,0.9697751777729019,0.9672082876403341,1.0857100939208157,0.8949226781748177,1.0090528137723005,1.0017797832400774,1.003845874559662,0.9952383303184139,0.9933372250902069,7.53e-5,0.0023753,0.30699999999999994,0.5872523687443223,0.022164905366516427,0.14943436775987487,0.6891318820107526
0.4181241290160105,0.0023,4.780091447206362,21.433669792186834,-347.9618490176439,-320.37990817887186,1.0160372782561105,0.9499631738774228,1.0822247834219074,1.0057290269748917,0.973206844378843,0.9716391893420238,1.0951820493228732,0.9093781449755673,1.007690345630868,1.0016082785069376,1.0033462392083108,0.9958604772921881,0.9942088768082067,7.53e-5,0.0023753,0.30699999999999994,0.5872523687443223,0.022149198930936434,0.1493810149736314,0.7031518934160035
0.43198526514928176,0.0023,4.809841100512528,16.20517553820514,-345.95133844295435,-317.765661051881,1.0158713165777316,0.9509989902786656,1.0797290146087053,1.0041305112984313,0.9762003726976055,0.975328562316046,1.105924232854037,0.922371261509175,1.0063773292768863,1.0014254955401802,1.0028368107407863,0.9963986681586315,0.9949304934527828,7.53e-5,0.0023753,0.30699999999999994,0.5872523687443223,0.02213277915322702,0.14932521928327042,0.7171719048212541
0.445899873879836,0.0023,4.849332173666525,12.699235926888036,-344.6833204476148,-316.01269124622246,1.0156787794979545,0.952140306362258,1.0772756429023123,1.0026150110516543,0.9787278508698434,0.978263688690916,1.1172702807416257,0.9337918433922625,1.005125819457107,1.0012411915752972,1.0023393188710294,0.9968456610925029,0.9954992680162512,7.53e-5,0.0023753,0.30699999999999994,0.5872523687443223,0.022115361374206773,0.14926601019190666,0.731191916226505
0.45985701566243137,0.0023,4.902289552510908,10.559706862294775,-343.9965221064272,-314.94292671392583,1.0154933239023318,0.9533314430500575,1.0749507193712153,1.0012386764111008,0.9807825147188426,0.9804694757257464,1.1284132506345976,0.9433670233689864,1.003975759489777,1.0010460494661721,1.00183300548376,0.9972046989094366,0.9959118546627456,7.53e-5,0.0023753,0.30699999999999994,0.5872523687443223,0.0220970740674904,0.14920382074439514,0.7452119276317558
0.473845717512708,0.0023,4.970426338288967,9.402980644391619,-343.7114818624856,-314.36456360497425,1.0153413074175233,0.9544895146949797,1.0727919090344709,1.0000387364725145,0.9823617077205847,0.981985074324421,1.1383283145135368,0.9508940987990139,1.0029583748376392,1.000839941552665,1.0013173528511148,0.9974775518953316,0.9961712360293318,7.53e-5,0.0023753,0.30699999999999994,0.5872523687443223,0.02207825285827352,0.1491397893903644,0.7592319390370066
0.4878549816340532,0.0023,5.051756795767564,8.860607570322486,-343.6512445103817,-314.0933770679397,1.0152263943446547,0.955515742793305,1.0707616900750838,0.9990507669909746,0.9834571325914782,0.9828449508328106,1.1459963751553999,0.9561659922614993,1.002111859563468,1.0006247728611166,1.000793400983037,0.9976634428559072,0.9962765889139951,7.53e-5,0.0023753,0.30699999999999994,0.5872523687443223,0.022059898027448257,0.14907731899708337,0.7732519504422574
0.5018737940639746,0.0023,5.138544401969733,8.630428373079212,-343.6677556386964,-313.97828746931805,1.0151953143821464,0.9562965545187047,1.069000163740454,0.9982673968458173,0.9840929255404605,0.9830976590134193,1.1500419646055033,0.958943661636451,1.0014254340363846,1.000403330563159,1.0002677159195774,0.9977706683160387,0.9962449272673505,7.53e-5,0.0023753,0.30699999999999994,0.5872523687443223,0.022042447958060908,0.14901790438613313,0.7872719618475081
0.5158911333331818,0.0023,5.223192714258797,8.524602159471215,-343.66765200317155,-313.92537436251405,1.0152544479989416,0.9567551771186251,1.067490101165232,0.9976663502528869,0.9842730955636765,0.9827497820084569,1.1496456382982598,0.9590796027459632,1.0008853716611141,1.00018060524783,0.999750232648805,0.9978007178915113,0.9960828700596549,7.53e-5,0.0023753,0.30699999999999994,0.5872523687443223,0.02202690704739493,0.14896497079019352,0.8012919732527589
0.5298959791305704,0.0023,5.301139990300354,8.500329030813987,-343.62929744350777,-313.91323779818543,1.0154079455609082,0.9568717042168665,1.0661570440217716,0.9971917840851113,0.9840010153951189,0.981783842327639,1.1443738359268016,0.9565694120154317,1.0004505284452112,0.9999652705147823,0.9992578123207565,0.9977551811063053,0.9957999319949681,7.53e-5,0.0023753,0.30699999999999994,0.5872523687443223,0.022014017836593087,0.14892105524953092,0.8153119846580097
0.5438773209672962,0.0023,5.371111597991643,8.66378654402979,-343.60267697157303,-313.99496655479334,1.01563969064258,0.9566761917275097,1.06498141985981,0.9968075711535188,0.9832799809947426,0.9801714149094618,1.1344605550963895,0.9515049505279635,1.000092305789762,0.9997638717709937,0.9988037188506822,0.9976330426335266,0.9953996318779696,7.53e-5,0.0023753,0.30699999999999994,0.5872523687443223,0.022004818343166983,0.14888970346226382,0.8293319960632605
0.5578241668331257,0.0023,5.433283214754677,9.246640987664023,-343.697665008298,-314.28639377661045,1.0159489725732644,0.9562456484724876,1.0639817257693722,0.9965041105882535,0.9821068903444046,0.9778816792399987,1.1207079316559792,0.944061890032865,0.9997976694395447,0.9995747335266306,0.9983853178357807,0.9974326771883414,0.99487790029445,7.53e-5,0.0023753,0.30699999999999994,0.5872523687443223,0.022000414147715548,0.14887469173794227,0.8433520074685112
0.5717255518382599,0.0023,5.488352962893233,10.563050801852569,-344.0616340336758,-314.9445986837047,1.016304094968643,0.9556712931571674,1.0631177291405494,0.996261975099022,0.9804773324482902,0.9748729986761284,1.1040848007751156,0.9345122526417804,0.9995540476738252,0.9994002157804845,0.9980053419196482,0.9971506812900724,0.994229633637833,7.53e-5,0.0023753,0.30699999999999994,0.5872523687443223,0.02200147780757502,0.14887831736291696,0.857372018873762
0.5855705468338358,0.0023,5.537018281574006,12.959807660790261,-344.85448849467525,-316.1429771131736,1.016676488078322,0.9550439142958046,1.06238830512092,0.9960729973256808,0.9783976987964503,0.9711224331116839,1.0856992295663228,0.9231122678464748,0.9993547656716912,0.999241742355982,0.9976660706701327,0.996785541324601,0.993452836450522,7.53e-5,0.0023753,0.30699999999999994,0.5872523687443223,0.02200834764735328,0.14890173205506574,0.8713920302790128
0.5993482670043292,0.0023,5.579908438585016,16.771407371520922,-346.22616769283053,-318.0487769685389,1.0170471900347198,0.9544466347370387,1.0617747291587292,0.9959266419906055,0.9758751662990457,0.9666136142742611,1.0665021886399761,0.910126266834327,0.9991927571567679,0.9991026423595136,0.9973727456556559,0.9963359169847319,0.9925472299343767,7.53e-5,0.0023753,0.30699999999999994,0.5872523687443223,0.0220209565499147,0.14894469808333907,0.8854120416842637
0.6130478804251023,0.0023,5.617681134005991,22.287122067567452,-348.3004016718139,-320.80663431656217,1.0173923715192954,0.953935996638224,1.0612753165689948,0.9958188328507336,0.9729312546179212,0.9613545108394488,1.0472612430658303,0.895799293834647,0.99906475603039,0.9989782605777217,0.9971144502350658,0.9958060883806014,0.991515012230236,7.53e-5,0.0023753,0.30699999999999994,0.5872523687443223,0.022038877507737104,0.14900574475847767,0.8994320530895143
0.62665861657837,0.0023,5.650667001502706,29.731830311046224,-351.1662039359449,-324.52898843830155,1.017709417718912,0.9535548701019348,1.0609030485723787,0.9957475918319095,0.9695914125010798,0.9553703321159864,1.0286656303238844,0.8803274916113802,0.9989696030591932,0.9988733336263742,0.9969005227056443,0.995198368477841,0.9903642627417695,7.53e-5,0.0023753,0.30699999999999994,0.5872523687443223,0.022061642198553225,0.14908325634944045,0.9134520644947652
0.6401697748208868,0.0023,5.679242843150731,39.258731021424865,-354.8752010256938,-329.2924387934909,1.017980283044461,0.9533267506841667,1.0606369163309926,0.9957062006835115,0.9658889408129456,0.9486910652138859,1.011076728509312,0.8639051359881462,0.9989021661316365,0.9987844918104816,0.9967227690200885,0.9945195828157954,0.9891027196513904,7.53e-5,0.0023753,0.30699999999999994,0.5872523687443223,0.022088484160678615,0.1491746004587551,0.927472075900016
0.6535707327967015,0.0023,5.70367122424702,50.950579915600656,-359.4438846744279,-335.13836324057877,1.0182016007627253,0.9532633797389379,1.0604776098656703,0.995693553675554,0.9618608410769982,0.9413618867353706,0.9948046930869342,0.8467064457886525,0.998861866829,0.9987126658105989,0.9965825391700328,0.9937759741615835,0.9877416341759436,7.53e-5,0.0023753,0.30699999999999994,0.5872523687443223,0.022118754757220957,0.14927754726839707,0.9414920873052668
0.666850954788361,0.0023,5.72413486443466,64.82612112972492,-364.85786222841836,-342.0761338476409,1.0183677880646567,0.9533673630951175,1.060421640060695,0.9957070861433799,0.9575470357819043,0.9334300191014814,0.9800189822523578,0.8289034285831115,0.9988473185244241,0.9986585124473704,0.99648068034877,0.9929746585600762,0.9862935416198657,7.53e-5,0.0023753,0.30699999999999994,0.5872523687443223,0.022151796701019445,0.1493898405476254,0.9555120987105176
0.68,0.0023,5.740948802318514,80.84910183831562,-371.07775722791456,-350.08762420193625,1.018485785342976,0.9536341745376763,1.0604580151488625,0.9957475823869123,0.9529862339110557,0.9249550782949448,0.9667915393395929,0.8106453907421702,0.998857806320451,0.9986186271721037,0.9964094002167451,0.992123683049274,0.9847690164998026,7.53e-5,0.0023753,0.30699999999999994,0.5872523687443223,0.02218695991603851,0.1495092531162529,0.9695321101157683
0.35,0.0023250000000000002,4.6880278367558645,78.95143675251222,-371.9666049434637,-349.13879165903455,1.0166292561226133,0.9532486043165678,1.095684386551166,1.014550873451897,0.9524420117209518,0.9431961759275644,1.0641965640416602,0.8286882180608612,1.014699894041909,1.002369225560427,1.0057729044682466,0.9920566296861872,0.9886129921224444,7.53e-5,0.0024003,0.30699999999999994,0.5872523687443223,0.022226844109560214,0.14964458601694886,0.6330518363897495
0.36343145033847896,0.0023250000000000002,4.6924644024201125,62.06448751210928,-365.06612590606335,-340.6953170388331,1.0166758289776405,0.9534555828747825,1.0929159473208594,1.01276058967714,0.9573120578215115,0.9503048152438477,1.0647632292732678,0.8473835837759105,1.0133079866241779,1.0022391380512239,1.005305262555217,0.9929671234870998,0.9900011521714827,7.53e-5,0.0024003,0.30699999999999994,0.5872523687443223,0.02221144160587978,0.14959233714528114,0.6470718477950003
0.37697026969153374,0.0023250000000000002,4.698639749875114,47.682053718600855,-359.175269670852,-333.50410014207887,1.0166747663405253,0.9538384371442444,1.0901689275804454,1.0109753986652261,0.9618847556089265,0.9568149011385325,1.0676879351072714,0.8652575237274864,1.011902349021241,1.0020962094431014,1.00482348719483,0.9938176685509484,0.9912780236004358,7.53e-5,0.0024003,0.30699999999999994,0.5872523687443223,0.02219620694061566,0.14954064020152547,0.661091859200251
0.3906058139562867,0.0023250000000000002,4.706848173016754,35.79065495662542,-354.312376373715,-327.55840076109115,1.0166268966415604,0.9543986945177582,1.0874568766768564,1.0092083090501354,0.9661224506118397,0.9626808384353666,1.0728986068700166,0.8821645938738036,1.0104941683945021,1.0019409648276845,1.0043291015328515,0.9946011732909967,0.9924323799123096,7.53e-5,0.0024003,0.30699999999999994,0.5872523687443223,0.022180993724587542,0.1494889987380778,0.6751118706055018
0.40432736298556926,0.0023250000000000002,4.718112555740676,26.311128444595283,-350.46292628752724,-322.8186375050761,1.0165162723799686,0.9551362546168852,1.0848176494509887,1.007465611158979,0.9699778512246757,0.9678490251007122,1.080245965744956,0.8979674012702352,1.00909655052259,1.0017823551519809,1.0038424848575713,0.9953054794721375,0.993452540149339,7.53e-5,0.0024003,0.30699999999999994,0.5872523687443223,0.022165640643848347,0.1494368649517356,0.6891318820107526
0.4181241290160105,0.0023250000000000002,4.7330316845950255,19.090982176784223,-347.5770552555025,-319.20856437117055,1.0163738730667657,0.9560348873145156,1.0822352129659234,1.005768806526461,0.9734253920563471,0.9722950646591785,1.0892485037894448,0.9124804078873964,1.007720558085387,1.0016133342234588,1.0033475836753638,0.9959306330618267,0.9943313355984504,7.53e-5,0.0024003,0.30699999999999994,0.5872523687443223,0.022149710594024253,0.1493827533200639,0.7031518934160035
0.43198526514928176,0.0023250000000000002,4.753469433772422,13.901093543973275,-345.56407168767527,-316.6136200547651,1.0162114098720987,0.957070509286424,1.0797554756740166,1.0041428893698094,0.9764372721140845,0.975997646135403,1.0994376429242902,0.9255090977422464,1.0063861775989418,1.0014332983326542,1.002843623996081,0.996472531989559,0.9950615766566538,7.53e-5,0.0024003,0.30699999999999994,0.5872523687443223,0.022132894697240738,0.1493256119815338,0.7171719048212541
0.445899873879836,0.0023250000000000002,4.781025253399238,10.439927024071835,-344.2940829571129,-314.88303679481436,1.0160242667338009,0.9581911466210713,1.0773164387453469,1.0025807745162731,0.9789831643100352,0.9789387898348377,1.1101115815470266,0.9369547287231409,1.005098149899424,1.001254919114871,1.002358330629475,0.9969232454502653,0.9956418242869722,7.53e-5,0.0024003,0.30699999999999994,0.5872523687443223,0.02211480549441306,0.1492641201878896,0.731191916226505
0.45985701566243137,0.0023250000000000002,4.819649139273428,8.348816593144534,-343.6057984302739,-313.8374815793507,1.0158444872948769,0.9593418342020764,1.0749777416456132,1.0011288014044324,0.9810565127886337,0.9811383925438633,1.1204625415855236,0.946538139508067,1.003888784146186,1.001069893249383,1.0018737900440766,0.9972858641716726,0.9960696696665403,7.53e-5,0.0024003,0.30699999999999994,0.5872523687443223,0.022095424656231304,0.14919821037286465,0.7452119276317558
0.473845717512708,0.0023250000000000002,4.874447309375028,7.240830007290015,-343.32115526631736,-313.28348828642345,1.0156969105142848,0.9604594896618633,1.0727482408347098,0.999825782524439,0.982652595323892,0.9826304678841163,1.1295755352161838,0.9540494501735083,1.0027896716082922,1.0008764185797527,1.0013864436541255,0.9975620576408016,0.9963465938497577,7.53e-5,0.0024003,0.30699999999999994,0.5872523687443223,0.02207507072382983,0.14912896086242347,0.7592319390370066
0.4878549816340532,0.0023250000000000002,4.949342724788811,6.7431286645932005,-343.2645908210187,-313.03463761507504,1.0155970799219298,0.9614677343707225,1.0706329502446572,0.9987224127759755,0.983768877712178,0.9834614055529882,1.1365687059272318,0.9592843909654185,1.0018459120822296,1.0006728938418012,1.0008915019175508,0.9977529605432628,0.9964726534553213,7.53e-5,0.0024003,0.30699999999999994,0.5872523687443223,0.02205479203521588,0.14905993631281472,0.7732519504422574
0.5018737940639746,0.0023250000000000002,5.0405222067196345,6.548223277949546,-343.2876391899176,-312.9371849217532,1.0155648663419898,0.962269674306162,1.0687151919060245,0.9978631740551085,0.9844112757809598,0.9836824422436106,1.1404614962599355,0.9620521110066459,1.0010966374672186,1.0004572035055466,1.0003821523009924,0.9978618220781479,0.9964505843611868,7.53e-5,0.0024003,0.30699999999999994,0.5872523687443223,0.022035995630959673,0.14899592945438508,0.7872719618475081
0.5158911333331818,0.0023250000000000002,5.1354180255881685,6.463551830154756,-343.29420602738594,-312.8948491978558,1.0156308525764077,0.962764753646565,1.067078181301142,0.9972156008425731,0.9845957878060341,0.9833170824082691,1.1400990995335323,0.9621955689658709,1.0005153574717316,1.0002377292290845,0.9998750252553914,0.9978935632704758,0.9962957781973183,7.53e-5,0.0024003,0.30699999999999994,0.5872523687443223,0.022019435284171662,0.14893951486435614,0.8012919732527589
0.5298959791305704,0.0023250000000000002,5.2243194307643215,6.444320839549846,-343.26013399587197,-312.88523370255336,1.0157843001929696,0.9629165705360615,1.065682813834485,0.9967486358083668,0.98432195786668,0.9823456643000211,1.1351541153780087,0.9596663401840977,1.0000815788296058,1.000018750553959,0.9993781972971828,0.9978475764894394,0.9960103385343612,7.53e-5,0.0024003,0.30699999999999994,0.5872523687443223,0.022006294661374402,0.14889473517233162,0.8153119846580097
0.5438773209672962,0.0023250000000000002,5.303466790492719,6.597879813706868,-343.2352253863211,-312.9620131896319,1.0160148451744395,0.9627472308537348,1.0644537544342,0.9963846508119204,0.9835921597849233,0.980726341163124,1.1256262165508173,0.9545903263751263,0.9997372403240851,0.9998118486415006,0.9989143773203885,0.9977240545189088,0.9956036778523635,7.53e-5,0.0024003,0.30699999999999994,0.5872523687443223,0.021997081367707238,0.14886333096273402,0.8293319960632605
0.5578241668331257,0.0023250000000000002,5.373003288108069,7.159308887067027,-343.33000826164454,-313.24272772631195,1.0163345387905152,0.9623329159825607,1.063447141327456,0.996109662631712,0.9824096014304105,0.9784351963313955,1.1122535896072048,0.947105810819645,0.9994608219737675,0.9996172684381138,0.9984863054417449,0.9975218402833258,0.995074967832292,7.53e-5,0.0024003,0.30699999999999994,0.5872523687443223,0.021992818482072667,0.1488487984186563,0.8433520074685112
0.5717255518382599,0.0023250000000000002,5.433311641912548,8.447220745571826,-343.6921446884337,-313.88668365556435,1.0166777056909322,0.9617589546055414,1.062541168192956,0.9958811753536866,0.9807672044412298,0.9754101019903554,1.0959387832090421,0.9375160475783781,0.9992291842632142,0.9994416081179831,0.9981040122352184,0.9972368370852682,0.9944206063468813,7.53e-5,0.0024003,0.30699999999999994,0.5872523687443223,0.021993942487654235,0.14885263038407623,0.857372018873762
0.5855705468338358,0.0023250000000000002,5.486242514180573,10.812889575756344,-344.4830941764851,-315.0695180706566,1.0170492603641632,0.9611261239014909,1.0617913072817038,0.9957087103526788,0.9786726075667153,0.9716446613596575,1.0778661022232863,0.9260750431405201,0.9990428377199586,0.9992813953231322,0.9977612187551559,0.9968685094752446,0.9936370162789911,7.53e-5,0.0024003,0.30699999999999994,0.5872523687443223,0.022000958802646804,0.1488765482768421,0.8713920302790128
0.5993482670043292,0.0023250000000000002,5.532402836114741,14.59465437674396,-345.8528251621385,-316.9604004711504,1.0174174567334957,0.960509929596069,1.0611706018737783,0.995577643101032,0.9761362961187456,0.9671215334109515,1.058965741416956,0.91303922913303,0.9988924512717049,0.9991386646847699,0.9974604859678091,0.9964166559730504,0.9927245170971791,7.53e-5,0.0024003,0.30699999999999994,0.5872523687443223,0.022013707928849224,0.14891999919108356,0.8854120416842637
0.6130478804251023,0.0023250000000000002,5.572634301398764,20.084700940131484,-347.92566549679697,-319.7054237528442,1.0177662627950868,0.9599720407241924,1.0606746545126489,0.9954847391745724,0.9731783606073686,0.9618495768316299,1.040044477363569,0.8986378042479566,0.9987754695798694,0.9990134281584794,0.9972008293439599,0.9958835150730997,0.9916863142943602,7.53e-5,0.0024003,0.30699999999999994,0.5872523687443223,0.022031829366678038,0.1489817385814175,0.8994320530895143
0.62665861657837,0.0023250000000000002,5.607531807610557,27.509876368131813,-350.79098833068593,-323.41801146684435,1.0180799779136502,0.959555951044693,1.060291171968448,0.9954241363288797,0.9698251268024604,0.955848826874804,1.0216924501909477,0.8830883946078739,0.9986879909755952,0.9989056057884023,0.99698099004497,0.9952733297693055,0.9905288772802178,7.53e-5,0.0024003,0.30699999999999994,0.5872523687443223,0.022054725543054123,0.14905970993595452,0.9134520644947652
0.6401697748208868,0.0023250000000000002,5.6375212425947065,37.02453996810027,-354.50031789756497,-328.1753432668286,1.0183480840510157,0.9592795351326653,1.060019768414988,0.9953940600640186,0.966109988925972,0.9491556562048299,1.004377459242558,0.8666009701011483,0.9986291534941184,0.9988146657781325,0.9967990142140841,0.9945920798088382,0.9892613561813095,7.53e-5,0.0024003,0.30699999999999994,0.5872523687443223,0.022081759298702614,0.14915172062022514,0.927472075900016
0.6535707327967015,0.0023250000000000002,5.6629100894623585,48.711990766147665,-359.07017747439295,-334.0190686658523,1.0185677066185355,0.9591589632186003,1.0598538236590833,0.9953907135703864,0.9620706134360761,0.9418137829609757,0.988350147035617,0.8493197736395199,0.9985955472687328,0.9987414708943054,0.9966561612169876,0.9938459071305682,0.9878948914009451,7.53e-5,0.0024003,0.30699999999999994,0.5872523687443223,0.022112196932418712,0.14925525070730822,0.9414920873052668
0.666850954788361,0.0023250000000000002,5.683944761777923,62.59108175270194,-364.4861244161825,-340.9586141591294,1.0187366076197155,0.959194993306581,1.0597900589881697,0.9954119866076959,0.9577456276327905,0.9338724908050997,0.9737942308647456,0.8314308102143028,0.9985859627623888,0.998685725150739,0.9965511418254308,0.9930422082143685,0.9864415876760804,7.53e-5,0.0024003,0.30699999999999994,0.5872523687443223,0.022145376980758767,0.14936802949303477,0.9555120987105176
0.68,0.0023250000000000002,5.701017403442132,78.62538472300616,-370.7085665715246,-348.9757656442815,1.0188485636506754,0.9593839154135585,1.0598204757467558,0.9954567571974354,0.9531761266572806,0.9253826468363836,0.960783114450009,0.8130986075094848,0.9985997039323,0.9986457723976209,0.9964800262692356,0.9921890424289718,0.98491337089257,7.53e-5,0.0024003,0.30699999999999994,0.5872523687443223,0.022180672434548337,0.1494879079281897,0.9695321101157683
0.35,0.00235,4.664771071005153,76.85829045115327,-371.67206011629116,-348.0922185083551,1.0169629935049673,0.9591425952682293,1.095639203088246,1.0146458550473036,0.9525669024961295,0.9437373183025167,1.0603604649167355,0.8313986091975512,1.014766408686668,1.0023667151205724,1.005759039554595,0.9921103922334135,0.9887005545983956,7.53e-5,0.0024253,0.30699999999999994,0.5872523687443223,0.0222279451149363,0.1496483202053996,0.6330518363897495
0.36343145033847896,0.00235,4.66668283168715,59.967037973573724,-364.7636485124321,-339.6465922695653,1.0170089060493848,0.959404108790956,1.0928761371833806,1.0128520415907087,0.9574516722987207,0.9508621284184301,1.060661513945848,0.8501796626644347,1.0133726474696112,1.0022365172377643,1.0052910792488714,0.9930236196587346,0.9900933050607063,7.53e-5,0.0024253,0.30699999999999994,0.5872523687443223,0.022212522054512063,0.14959600285539792,0.6470718477950003
0.37697026969153374,0.00235,4.6696145026523235,45.58915883364057,-358.86511487599523,-332.4576526995987,1.0170076481005685,0.9598310497781033,1.0901446681013898,1.0110633565471177,0.9620357077353481,0.9573866403936817,1.063294039613929,0.8681471184626519,1.011966070685806,1.0020945037400564,1.0048110692058325,0.9938760260390719,0.9913742440508302,7.53e-5,0.0024253,0.30699999999999994,0.5872523687443223,0.022197293540608266,0.14954432801771272,0.661091859200251
0.3906058139562867,0.00235,4.673733311421732,33.71144332424467,-353.9954126917094,-326.5187949449008,1.0169504794190998,0.9604242545994216,1.0874563924056453,1.0092893849667948,0.9662835587070988,0.9632656487892348,1.0682016131791423,0.8851459790093241,1.01055650649705,1.0019431354352057,1.0043247620756282,0.9946597231450001,0.9925325859358748,7.53e-5,0.0024253,0.30699999999999994,0.5872523687443223,0.022182109007750424,0.14949278516934847,0.6751118706055018
0.40432736298556926,0.00235,4.679420145511291,24.254658649504904,-350.14094487951394,-321.7904026075309,1.0168475218997137,0.9611799263755594,1.084827456779736,1.0075420972606612,0.9701567870370192,0.9684564735458558,1.0751320171858734,0.9010217759237219,1.0091543094396698,1.001783101649652,1.0038338498015023,0.9953685491081466,0.9935585269648046,7.53e-5,0.0024253,0.30699999999999994,0.5872523687443223,0.022166679189322094,0.14944039205162393,0.6891318820107526
0.4181241290160105,0.00235,4.6871366360618225,17.065737064492964,-347.25090359018697,-318.1959418150249,1.0167082766086173,0.9620840119468944,1.0822653722741433,1.0058336057723472,0.9736203039974324,0.9729209264425518,1.0836731818567151,0.9156014124259257,1.0077698571821803,1.001615246537871,1.003340366838333,0.9959969781825943,0.9944435106802978,7.53e-5,0.0024253,0.30699999999999994,0.5872523687443223,0.022150608914034167,0.1493858052640743,0.7031518934160035
0.43198526514928176,0.00235,4.6975306510010535,11.914311323659717,-345.2345790755662,-315.6202289446083,1.016539333213789,0.9631061620585335,1.0797897846227287,1.0041786536101969,0.9766453527957704,0.9766363029081968,1.0933439601264061,0.9287193583976724,1.0064174318950405,1.0014426126516391,1.002851043125752,0.9965398243956075,0.9951816895978924,7.53e-5,0.0024253,0.30699999999999994,0.5872523687443223,0.022133539738503363,0.14932780425829997,0.7171719048212541
0.445899873879836,0.00235,4.71193304438911,8.496824770655621,-343.9622780980561,-313.91148566810625,1.016362258461419,0.9642019796751291,1.0774184194137209,1.0025968112165544,0.9792114707559119,0.9795945057880783,1.1034007379346544,0.9401667267783032,1.0051120216828495,1.0012645566444733,1.0023647823353972,0.9969955648528945,0.9957700233527226,7.53e-5,0.0024253,0.30699999999999994,0.5872523687443223,0.022115069116268732,0.1492650165111248,0.731191916226505
0.45985701566243137,0.00235,4.731954309228578,6.451837896964321,-343.27184825968476,-312.8889922312606,1.0161853682619093,0.965303401601346,1.0751118339420427,1.001088860808318,0.9813008796552442,0.9817959123433743,1.1129659194556738,0.9497656819390363,1.0038607121281398,1.0010889878007605,1.001898079342611,0.9973609500514206,0.9962100809878565,7.53e-5,0.0024253,0.30699999999999994,0.5872523687443223,0.022094933001101595,0.14919653799841037,0.7452119276317558
0.473845717512708,0.00235,4.762326118956605,5.389285162096144,-342.9844751197026,-312.3577158638265,1.0160424219505175,0.9663462618779375,1.072900392529962,0.9996916996792317,0.9829138305268365,0.9832716774021466,1.1210730246422853,0.9572448702878774,1.0026890019033652,1.0009099108373785,1.001439136893279,0.9976401754396804,0.9965040463203236,7.53e-5,0.0024253,0.30699999999999994,0.5872523687443223,0.022073244030226032,0.14912274443763163,0.7592319390370066
0.4878549816340532,0.00235,4.811718471323334,4.933355744303867,-342.9255760719331,-312.1297511549304,1.0159569655892449,0.9672702810053118,1.070757006168172,0.9984395327674692,0.9840504341698174,0.9840614787173547,1.1268745001206861,0.9624021596445278,1.001625245025667,1.0007255596179228,1.000985223154589,0.9978357725071882,0.9966552200507135,7.53e-5,0.0024253,0.30699999999999994,0.5872523687443223,0.022050696820369538,0.1490459932669018,0.7732519504422574
0.5018737940639746,0.00235,4.892844430217585,4.773346361470203,-342.9507969723471,-312.04974646351354,1.0159456251795191,0.9680411028555873,1.0686924283105346,0.9974094059342532,0.9847129111170577,0.9842233672661764,1.129892619379723,0.9650781173683818,1.0007320230289407,1.0005275138194534,1.0005191517923389,0.9979500198872537,0.996660422704554,7.53e-5,0.0024253,0.30699999999999994,0.5872523687443223,0.022029093020795264,0.14897241749490459,0.7872719618475081
0.5158911333331818,0.00235,5.002930952045838,4.712010764123761,-342.96544678228094,-312.0190786648403,1.0160068476570996,0.9685943040920985,1.066798053913803,0.9966679084398299,0.9849018650109431,0.983809586988413,1.1295724736043653,0.9651995974964802,1.0000715867974794,1.0003146844368414,1.0000325064615991,0.997983004247294,0.9965162415576109,7.53e-5,0.0024253,0.30699999999999994,0.5872523687443223,0.022010850218532718,0.1489102607598684,0.8012919732527589
0.5298959791305704,0.00235,5.114830990976889,4.7004893348960195,-342.9391805932219,-312.01331795022645,1.0161573779939728,0.9688261434700429,1.0652255463427531,0.9961912255388348,0.984624582356476,0.9828210844669433,1.1251611061407791,0.9626920054791341,0.9996258536478726,1.000091662954532,0.9995330789858853,0.997936929969807,0.9962295886339988,7.53e-5,0.0024253,0.30699999999999994,0.5872523687443223,0.021997155676234455,0.14886358427469296,0.8153119846580097
0.5438773209672962,0.00235,5.212200648996644,4.846148104088229,-342.91840912452443,-312.08614733482256,1.0163948045767217,0.9687152320219945,1.0639322007961982,0.9958556263055358,0.9838888003696523,0.9812012784776817,1.1161791166249542,0.9576011748549436,0.9992975015580366,0.9998776678497964,0.9990588349742634,0.9978124935222052,0.9958171933015196,7.53e-5,0.0024253,0.30699999999999994,0.5872523687443223,0.021987956289047744,0.14883222110330124,0.8293319960632605
0.5578241668331257,0.00235,5.294545711829807,5.387335233731392,-343.0139760162384,-312.35674089964414,1.016701308121023,0.9683318133101482,1.0628528445471757,0.9956069131415154,0.982693806510752,0.9788994751028605,1.1032811364449826,0.9501153217412527,0.9990426018617514,0.9996782213582006,0.9986219392111548,0.9976078093128949,0.9952805558091613,7.53e-5,0.0024253,0.30699999999999994,0.5872523687443223,0.02198382508921659,0.14881813465144303,0.8433520074685112
0.5717255518382599,0.00235,5.364312972418225,6.6472131023524526,-343.37538271846347,-312.98667983395467,1.0170533064137541,0.9677736117883039,1.0619436697827005,0.9954166958622596,0.9810399515473337,0.9758749702896314,1.0874518039673517,0.9404895597084169,0.9988375551235129,0.9994958262733911,0.9982275368356702,0.9973206527743728,0.9946176675464657,7.53e-5,0.0024253,0.30699999999999994,0.5872523687443223,0.021985267177094425,0.14882305199010834,0.857372018873762
0.5855705468338358,0.00235,5.423810154119235,8.981609858200159,-344.16426378469004,-314.1538782118785,1.017425276525945,0.9671370126472676,1.0611802621899444,0.9952720301419576,0.9789314803498288,0.9721006870711754,1.0697715384987065,0.9289983263189018,0.9986719608996573,0.9993312559503585,0.9978765229208962,0.9969495111547761,0.9938259687640443,7.53e-5,0.0024253,0.30699999999999994,0.5872523687443223,0.021992541133764688,0.14884785286670182,0.8713920302790128
0.5993482670043292,0.00235,5.474829427762201,12.732745468167082,-345.5318891400018,-316.029446016862,1.017794245319817,0.9665042804585257,1.0605494828845743,0.9951657575276658,0.9763807860110976,0.9675673662972777,1.051224077154599,0.9159053415769594,0.9985402586179921,0.9991846164805049,0.9975682121331715,0.9964948000254524,0.9929055611007084,7.53e-5,0.0024253,0.30699999999999994,0.5872523687443223,0.02200555400319206,0.14889221082035395,0.8854120416842637
0.6130478804251023,0.00235,5.518643600078775,18.195746959905364,-347.6030047114274,-318.7609467627311,1.018141833818118,0.9659372639066743,1.0600418609009756,0.9950921433070425,0.9734086099928243,0.9622830198169372,1.0326141498392927,0.9014500491950447,0.9984381159256975,0.9990562358418957,0.9973023360842058,0.99595894643719,0.9918602250071559,7.53e-5,0.0024253,0.30699999999999994,0.5872523687443223,0.02202390932034419,0.14895475819017817,0.8994320530895143
0.62665861657837,0.00235,5.556145114018357,25.59946713695433,-350.467130631559,-322.4628068512556,1.018454561186447,0.9654780788233345,1.059650829148374,0.9950475513859316,0.9700425986917048,0.956270760407507,1.0145567283101813,0.8858423624456269,0.9983628435708175,0.9989460583892148,0.9970779117633474,0.9953461794639774,0.9906965738014769,7.53e-5,0.0024253,0.30699999999999994,0.5872523687443223,0.02204702604783406,0.1490334942511325,0.9134520644947652
0.6401697748208868,0.00235,5.587969193904458,35.099473150416316,-354.17619445805707,-327.2128098579866,1.0187231238070948,0.9651517938525964,1.05937085584654,0.9950297483255647,0.9663157515466557,0.9495656875133125,0.9974901026955058,0.8692720330671254,0.9983128991658676,0.9988538131404094,0.9968935838089354,0.9946621203290718,0.9894235069248236,7.53e-5,0.0024253,0.30699999999999994,0.5872523687443223,0.022074237294369754,0.14912612464808445,0.927472075900016
0.6535707327967015,0.00235,5.614602766436779,46.77965268723631,-358.7466550450324,-333.0528996263966,1.0189419264525919,0.9649706981786438,1.0591964409766241,0.99503682528869,0.9622650666376691,0.9422117764617584,0.981702536953064,0.8519160195673063,0.9982869305224175,0.9987791375823319,0.9967479137705909,0.9939134418895524,0.988051753878885,7.53e-5,0.0024253,0.30699999999999994,0.5872523687443223,0.022104846522352516,0.14923025552026736,0.9414920873052668
0.666850954788361,0.00235,5.636427437067809,60.65899940285158,-364.1640787523372,-339.99257298420423,1.0191081752080473,0.9649377959088762,1.0591221577834573,0.9950673139055648,0.9579298569393317,0.9342587611764638,0.96736654961675,0.8339433864915387,0.9982838979153905,0.998721533296951,0.9966392763857232,0.9931074638080593,0.9865931389261727,7.53e-5,0.0024253,0.30699999999999994,0.5872523687443223,0.02213818016245477,0.14934357456739053,0.9555120987105176
0.68,0.00235,5.653745517661202,76.70092056486953,-370.3888153850187,-348.0135335652132,1.0192210135884294,0.9650498631135533,1.0591428315431735,0.995120207178614,0.9533503345454769,0.9257594557467734,0.954567803666468,0.8155177265186113,0.9983031178032937,0.9986803792968815,0.99656587607394,0.9922518094691464,0.9850600031272821,7.53e-5,0.0024253,0.30699999999999994,0.5872523687443223,0.02217361897459378,0.1494639588228644,0.9695321101157683
0.35,0.002375,4.642156961952281,75.06978652800672,-371.43141678970557,-347.1979665467818,1.017290913678952,0.9649760039800722,1.0956026108360253,1.0147407629736482,0.9526740135587755,0.9442462457501581,1.0567908512245947,0.834133424554171,1.014834094084554,1.0023651131637594,1.0057476536356096,0.9921604143687791,0.9887829210038658,7.53e-5,0.0024503,0.30699999999999994,0.5872523687443223,0.022229111756527548,0.14965227690812694,0.6330518363897495
0.36343145033847896,0.002375,4.6415877840317,58.17738182988114,-364.5151457459212,-338.751764197719,1.0173389004260982,0.9653001478814404,1.0928506457503333,1.0129491465868536,0.9575672188158709,0.9513839005590052,1.0568040687535754,0.853005147554863,1.0134431670428246,1.0022348428383678,1.0052788150739027,0.9930754781235204,0.9901784145825292,7.53e-5,0.0024503,0.30699999999999994,0.5872523687443223,0.022213759975136377,0.14960020272414307,0.6470718477950003
0.37697026969153374,0.002375,4.641394325110665,43.806710329846965,-358.6103793975899,-331.5664284477019,1.0173344801805195,0.9657794297390887,1.0901299584878645,1.011160112562996,0.9621644227242627,0.9579250882746708,1.0591674232815005,0.8710569964891176,1.0120376372452182,1.0020931989660462,1.0047989276342308,0.9939299483813974,0.991462995146752,7.53e-5,0.0024503,0.30699999999999994,0.5872523687443223,0.022198580664755416,0.1495486962795206,0.661091859200251
0.3906058139562867,0.002375,4.641664250856144,31.944749731363004,-353.73566594987875,-325.63544814845994,1.017280104755506,0.9664165459847427,1.0874546713777011,1.0093843047922841,0.9664261410919199,0.9638219559617547,1.0637451362839272,0.8881326054008001,1.010627081789707,1.0019412387774167,1.0043105322940677,0.994716650041257,0.9926255520283117,7.53e-5,0.0024503,0.30699999999999994,0.5872523687443223,0.022183392668405202,0.14949714313383355,0.6751118706055018
0.40432736298556926,0.002375,4.642283710909891,22.512094581459337,-349.8771092232038,-320.9191205735081,1.0171789111850247,0.9672035869480277,1.0848439616833956,1.0076339543213917,0.9703132005470461,0.9690304293134681,1.070315513978852,0.9040788296845733,1.009223127170263,1.001781050162198,1.003818292027269,0.9954283187569841,0.9936557745009674,7.53e-5,0.0024503,0.30699999999999994,0.5872523687443223,0.022167946920624723,0.14944469740115657,0.6891318820107526
0.4181241290160105,0.002375,4.6432471146616505,15.354991398979791,-346.9841467006364,-317.34056898226834,1.01704124060318,0.968124888927896,1.0823113284239356,1.0059216464743936,0.9737920062883976,0.9735152114483739,1.0784723303596413,0.9187273183900653,1.0078364736229743,1.0016134382018176,1.0033240647737083,0.9960597450757863,0.9945455871958442,7.53e-5,0.0024503,0.30699999999999994,0.5872523687443223,0.02215184802436219,0.14939001490667522,0.7031518934160035
0.43198526514928176,0.002375,4.644117437970451,10.241713550942677,-344.96504805158366,-314.7839300582498,1.0168675542210002,0.9691408804956771,1.0798794075821092,1.0042575956258086,0.9768298696656512,0.9772487386804597,1.0877216807214949,0.9319136906703911,1.0064802087657452,1.001444544737153,1.0028406776843173,0.9966039158935992,0.9952886409994031,7.53e-5,0.0024503,0.30699999999999994,0.5872523687443223,0.022134756271855197,0.14933193875813722,0.7171719048212541
0.445899873879836,0.002375,4.644910545283189,6.866548756618499,-343.6902457807576,-313.0963476610877,1.0166863226802139,0.9702046736024437,1.0775545895656984,1.0026581267283752,0.9794089996109961,0.9802241038182777,1.0972523223423167,0.9434270318344203,1.0051651781527255,1.0012720848342813,1.0023633318058485,0.9970610609668514,0.9958831995756279,7.53e-5,0.0024503,0.30699999999999994,0.5872523687443223,0.02211616347986523,0.14926873732857943,0.731191916226505
0.45985701566243137,0.002375,4.645244454705649,4.864924166412834,-342.9973269637024,-312.09553536598486,1.0165164690173059,0.971251083989263,1.075351037038227,1.0011366757347238,0.9815153589806074,0.9824459131206624,1.1061343470104763,0.9530401557620674,1.003903748845719,1.0010988657545719,1.0018979614371248,0.9974302166634527,0.9963302226109837,7.53e-5,0.0024503,0.30699999999999994,0.5872523687443223,0.02209577721096446,0.14919940958342764,0.7452119276317558
0.473845717512708,0.002375,4.644214383949854,3.843008756319705,-342.7051802404611,-311.5845776609383,1.0163760486607922,0.9721917521841625,1.0732779832902863,0.9997013936824092,0.983141823470316,0.9839324630731263,1.113304785669589,0.9605138865752406,1.0027066684875185,1.0009300332378723,1.001454225736493,0.9977114467185065,0.9966339794055725,7.53e-5,0.0024503,0.30699999999999994,0.5872523687443223,0.02207361510292249,0.1491240072562429,0.7592319390370066
0.4878549816340532,0.002375,4.640758904686,3.4214278996882967,-342.6364588551335,-311.3737872326226,1.0162966488432403,0.972933750573868,1.0713485989427631,0.9983666781559258,0.9842930860797807,0.9847173798585971,1.1176022827023544,0.9655959665094479,1.0015843155306068,1.0007653044615064,1.0010315665481346,0.9979092055598372,0.9968018615059974,7.53e-5,0.0024503,0.30699999999999994,0.5872523687443223,0.02204999546990642,0.14904360524042246,0.7732519504422574
0.5018737940639746,0.002375,4.631373787070213,3.2877005152774927,-342.642604996072,-311.3069235404172,1.0162977155727035,0.9733864800020031,1.0695781502778314,0.9971394768678542,0.9849747131961617,0.9848327659116008,1.1179947458039026,0.9680762232344552,1.0005449551156094,1.0006080615157877,1.0006350369261106,0.9980264371113016,0.9968410400810832,7.53e-5,0.0024503,0.30699999999999994,0.5872523687443223,0.022025802679869953,0.14896120853075787,0.7872719618475081
0.5158911333331818,0.002375,4.596224813952278,3.24598500070897,-342.6251430894295,-311.2860657831329,1.016395418011138,0.9734278042004227,1.0680999082211384,0.9960356136122881,0.9851928567487727,0.9843128854257307,1.1135054283533696,0.967812946051981,0.999605381824624,1.0004628444036565,1.0002683368805818,0.9980656144876504,0.9967572561975518,7.53e-5,0.0024503,0.30699999999999994,0.5872523687443223,0.022002555951456528,0.14888199227116644,0.8012919732527589
0.5298959791305704,0.002375,4.393202942425648,3.247121291358553,-342.5280897787317,-311.2866339284577,1.0165592904429197,0.9725597432793079,1.068152588028161,0.9953914671685955,0.9849194295370666,0.9833323431165794,1.1025795822311966,0.9648007768583831,0.999077686768256,1.0003205709354803,0.9998702778080767,0.99801761131587,0.9965092050345243,7.53e-5,0.0024503,0.30699999999999994,0.5872523687443223,0.02198739343871409,0.14883030198779237,0.8153119846580097
0.5438773209672962,0.002375,5.0499218625325115,3.3970516415024576,-342.6384002548978,-311.36159910352967,1.0167933261776603,0.9744074482987255,1.0635004629122216,0.9950685957643156,0.9841811611932256,0.9815451449100242,1.1046708115842767,0.9603861522519938,0.9986528355892854,0.9999865256819159,0.9992820812790016,0.9979010559653865,0.99606343955769,7.53e-5,0.0024503,0.30699999999999994,0.5872523687443223,0.02197541773781798,0.14878946349897493,0.8293319960632605
0.5578241668331257,0.002375,5.175919672950788,3.921591252430062,-342.742466821696,-311.6238689089935,1.0170914923002925,0.9741620340666416,1.0622852003393841,0.9949318633308697,0.9829695434923973,0.9792643844923817,1.0931462151894837,0.952976443598077,0.9984828468652936,0.9997656400906904,0.9988078237878449,0.9976933169946126,0.9955061598188164,7.53e-5,0.0024503,0.30699999999999994,0.5872523687443223,0.021972464221295267,0.14877939000295384,0.8433520074685112
0.5717255518382599,0.002375,5.26804484036595,5.155041097382991,-343.10593183678077,-312.24059383146994,1.0174399257684414,0.9736611851724783,1.06132444320323,0.9948167939617518,0.9812994821924083,0.976248569939124,1.0781765193158828,0.9433627568612976,0.9983356608910715,0.9995703374745986,0.9983899122883734,0.9974030896244505,0.9948283558702881,7.53e-5,0.0024503,0.30699999999999994,0.5872523687443223,0.021974711929869682,0.14878705627498495,0.857372018873762
0.5855705468338358,0.002375,5.341091095150642,7.458526598405683,-343.894545453074,-313.3923365819813,1.0178068330198347,0.973046250641854,1.0605316135941594,0.9947258702410575,0.9791756080689062,0.9724744354094547,1.0611115758236893,0.931852905951172,0.9982120486073586,0.9993976688742291,0.9980237542653965,0.9970286616733399,0.994024857008964,7.53e-5,0.0024503,0.30699999999999994,0.5872523687443223,0.021982597279111216,0.14881394784882723,0.8713920302790128
0.5993482670043292,0.002375,5.401061331154524,11.178518577307273,-345.2610291567514,-315.2523325714321,1.0181736363403902,0.97241330981545,1.0598857970422135,0.994659504461405,0.9766098319130784,0.9679358079840369,1.043034776285894,0.9187199606638898,0.9981113083639394,0.9992445300183471,0.9977030434183594,0.9965709684313014,0.9930943018378524,7.53e-5,0.0024503,0.30699999999999994,0.5872523687443223,0.021996064853587457,0.14885986570358856,0.8854120416842637
0.6130478804251023,0.002375,5.4509486547875285,16.61328806143524,-347.331155638418,-317.96971731349606,1.0185172277834282,0.9718293832340246,1.0593629595088618,0.9946142346885851,0.9736248380925793,0.9626423991470472,1.024813683502062,0.9042185430959291,0.9980314294444405,0.999112626276596,0.9974304282540896,0.9960321317842294,0.9920411843379363,7.53e-5,0.0024503,0.30699999999999994,0.5872523687443223,0.02201480161644264,0.14892372606785795,0.8994320530895143
0.62665861657837,0.002375,5.492728392327572,23.993797340366882,-350.19441552679785,-321.6599719529619,1.0188330916106092,0.9713394675228539,1.0589726737688991,0.9945965881616253,0.9702442918757126,0.9566232770522072,1.0071120091787797,0.8885300333664516,0.9979763142807424,0.9989975780192661,0.9971966859079562,0.995416787872889,0.9908693872644957,7.53e-5,0.0024503,0.30699999999999994,0.5872523687443223,0.022038226877093677,0.1490035288484614,0.9134520644947652
0.6401697748208868,0.002375,5.527502670846019,33.47686456994188,-353.903126246854,-326.4015055677494,1.0190993054567363,0.9709700700624222,1.0586925298196619,0.9945969175215289,0.9665052238166554,0.9499044182031525,0.9903901747226579,0.8718874003076985,0.9979409875902624,0.9989054013810331,0.9970130267469008,0.9947292187743304,0.9895909192785165,7.53e-5,0.0024503,0.30699999999999994,0.5872523687443223,0.02206579073803465,0.1490973775173993,0.927472075900016
0.6535707327967015,0.002375,5.5561040510353585,45.146977993414,-358.4724826953216,-332.23656227948544,1.019320284403234,0.970729758970309,1.0585092471109925,0.994620472579197,0.9624389768470645,0.9425368726858605,0.9747855430429204,0.8544159616561167,0.9979267623212972,0.9988250698063215,0.99685582564264,0.993978083397494,0.9882101712542385,7.53e-5,0.0024503,0.30699999999999994,0.5872523687443223,0.022096539077435445,0.14920200103086567,0.9414920873052668
0.666850954788361,0.002375,5.578998833192718,59.02327220680502,-363.8928814059746,-339.17470938618095,1.019483308809442,0.9706365992773511,1.0584256135695138,0.994662916101066,0.9580987159497971,0.9345772499619577,0.9607245764175272,0.836394112326265,0.9979330023007208,0.9987679780792009,0.9967486760017474,0.9931700794873131,0.9867491097675456,7.53e-5,0.0024503,0.30699999999999994,0.5872523687443223,0.022130105686891666,0.14931613272066316,0.9555120987105176
0.68,0.002375,5.596749429921341,75.06899987047223,-370.1195737059035,-347.19757321801455,1.0195956482380661,0.9706710858236266,1.0584354125266886,0.9947231728809115,0.9535092590618837,0.9260696911513413,0.9481244852408877,0.8178902730440802,0.9979568870984049,0.9987245036563314,0.9966706623539494,0.9923126420681193,0.9852110274729002,7.53e-5,0.0024503,0.30699999999999994,0.5872523687443223,0.022165640483672557,0.14943686440774162,0.9695321101157683
0.35,0.0024000000000000002,4.620321369828587,73.58106573350506,-371.24691524172044,-346.45360614953097,1.0176127887157276,0.9707997853976028,1.095570606509002,1.014843194471481,0.95275882278336,0.9447181912288191,1.0534515278520222,0.8368512956911449,1.0149076790557954,1.0023632210486269,1.0057349581381916,0.9922062744069733,0.9888574956209586,7.53e-5,0.0024753,0.30699999999999994,0.5872523687443223,0.022230443164710657,0.14965679229811074,0.6330518363897495
0.36343145033847896,0.0024000000000000002,4.617403256330358,56.69061242486043,-364.32321522934046,-338.00837949520866,1.0176629812589069,0.9711805047842418,1.0928281519420666,1.0130527760304628,0.9576624008665322,0.9518708733950624,1.0532003901111415,0.8558196673792157,1.0135187504421646,1.0022326959594805,1.0052650974953554,0.9931235236321616,0.990256295534534,7.53e-5,0.0024753,0.30699999999999994,0.5872523687443223,0.0222151407772042,0.14960488720900167,0.6470718477950003
0.37697026969153374,0.0024000000000000002,4.614361361924916,42.32979268355484,-358.41238260700726,-330.82796962455586,1.0176640815945892,0.9717067597880387,1.0901165873956056,1.0112640680613774,0.9622730920524576,0.9584308607835467,1.055265746465556,0.8739633439338035,1.0121136255956518,1.00208969085137,1.0047816100944431,0.9939812912654019,0.9915449351149949,7.53e-5,0.0024753,0.30699999999999994,0.5872523687443223,0.02219997336144083,0.14955342269563215,0.661091859200251
0.3906058139562867,0.0024000000000000002,4.610862662446506,30.485773145312464,-353.5322327098843,-324.9059598554347,1.0176037405291882,0.9723795805005759,1.0874592485357395,1.0094890113830277,0.966546701435257,0.9643449311870874,1.0595804635580655,0.8911337691388531,1.0107059827142808,1.0019392245834786,1.0042955649928442,0.9947692742772932,0.9927108098591948,7.53e-5,0.0024753,0.30699999999999994,0.5872523687443223,0.02218488471036946,0.14950220838771122,0.6751118706055018
0.40432736298556926,0.0024000000000000002,4.606653948257176,21.07895265894433,-349.66951614827644,-320.2025496122506,1.0175030345967975,0.9731918234328182,1.0848713621003874,1.0077386455790194,0.9704467962032804,0.9695724921257175,1.065830044366529,0.9071625380003856,1.0093033003034784,1.0017790968168203,1.0038022993821918,0.9954833431353507,0.9937447349731776,7.53e-5,0.0024753,0.30699999999999994,0.5872523687443223,0.022169487290682726,0.14944992849881972,0.6891318820107526
0.4181241290160105,0.0024000000000000002,4.601168986098988,13.954811272478082,-346.7735017474441,-316.6404789190175,1.017363146441908,0.974125011814733,1.0823733929846264,1.0060262352379363,0.97393834186478,0.9740775624670305,1.0736605997200976,0.9218918837070416,1.0079187860897978,1.0016126649526558,1.003309003180833,0.9961166842335882,0.9946382663150725,7.53e-5,0.0024753,0.30699999999999994,0.5872523687443223,0.02215346624001128,0.1493955123145255,0.7031518934160035
0.43198526514928176,0.0024000000000000002,4.593566068825782,8.880068756226251,-344.75295085986806,-314.10310766089157,1.0171914602111363,0.9751445001721091,1.0799865612695125,1.0043653042967142,0.9769907070257668,0.9778343757542157,1.0825311418964496,0.9351439431879315,1.0065658456242281,1.0014431126352614,1.0028219989654705,0.9966638340199413,0.9953848830408215,7.53e-5,0.0024753,0.30699999999999994,0.5872523687443223,0.022136437073124026,0.14933765093224907,0.7171719048212541
0.445899873879836,0.0024000000000000002,4.582433733225594,5.5464594203792785,-343.47728159799374,-312.4363029929681,1.0170108373582474,0.9761951866481485,1.0777332554647536,1.002771552909804,0.9795830419288462,0.9808346075043418,1.0916611036887767,0.9467165753888714,1.0052572895156875,1.0012709954585095,1.0023424250762856,0.9971234010781405,0.9959826652812704,7.53e-5,0.0024753,0.30699999999999994,0.5872523687443223,0.02211795559585947,0.14927483029790692,0.731191916226505
0.45985701566243137,0.0024000000000000002,4.565372007808111,3.5859073906221965,-342.782931784669,-311.45602697808954,1.0168359983520854,0.977200881434232,1.0756410353519943,1.0012604073422677,0.9816995319612906,0.9830824498397484,1.1000915778729783,0.9563765851823846,1.0040087890562388,1.001100210693806,1.0018771885278694,0.9974934490732392,0.9964313341105189,7.53e-5,0.0024753,0.30699999999999994,0.5872523687443223,0.022097813178134112,0.14920633471764846,0.7452119276317558
0.473845717512708,0.0024000000000000002,4.53798976337588,2.600088251174043,-342.4877896187305,-310.96311740836546,1.0166938204218166,0.9780626695455833,1.0737517419952027,0.9998535933393576,0.9833349002188878,0.9846037221450342,1.1067033621591862,0.9638793169401727,1.0028394479370595,1.0009321864060838,1.0014279581364924,0.9977757899741894,0.9967347215534161,7.53e-5,0.0024753,0.30699999999999994,0.5872523687443223,0.022076096079248382,0.1491324501414141,0.7592319390370066
0.4878549816340532,0.0024000000000000002,4.4927244083361,2.2043182262760865,-342.41229884210424,-310.7652323959165,1.0166114187767332,0.9786673124744018,1.0721509697193297,0.9985869812535533,0.984489764893404,0.9854407360200295,1.1103511756799915,0.9689774818919931,1.0017801926497776,1.0007668622256467,1.000992912811257,0.9979732970578536,0.9968970517409538,7.53e-5,0.0024753,0.30699999999999994,0.5872523687443223,0.022053521937051436,0.14905561212389654,0.7732519504422574
0.5018737940639746,0.0024000000000000002,4.4187219062160175,2.080258387132517,-342.40536482609156,-310.7032024763447,1.0165986575783397,0.978900725161042,1.0709415540700828,0.9975164922452563,0.9851628969893559,0.9856447207126763,1.1101251350844459,0.9714837937836571,1.0008841100915795,1.000604342519849,1.0005664620499892,0.99808683118265,0.996917480473547,7.53e-5,0.0024753,0.30699999999999994,0.5872523687443223,0.022031816402863367,0.14898169442282314,0.7872719618475081
0.5158911333331818,0.0024000000000000002,4.315709570192337,2.026439148260806,-342.3718830578292,-310.67629285690884,1.0166644318159515,0.9787161089087497,1.0702057557981193,0.9967291953866096,0.9853555305025217,0.98527110149242,1.105674754923419,0.9713129072971884,1.0002243917397653,1.0004344161989884,1.0001255603209176,0.9981182203301812,0.9967895022189831,7.53e-5,0.0024753,0.30699999999999994,0.5872523687443223,0.022013405479348207,0.14891896854074327,0.8012919732527589
0.5298959791305704,0.0024000000000000002,4.205659714932837,1.99407767744583,-342.2909433534459,-310.66011212150136,1.016820896494441,0.9781903677388123,1.0697938916758727,0.996197580649207,0.9850687185500782,0.9842979452356251,1.0972999714286618,0.9684608810482168,0.9997750169371126,1.0002537287321371,0.9996743082084827,0.9980688917786027,0.9965172491547799,7.53e-5,0.0024753,0.30699999999999994,0.5872523687443223,0.021999323724813953,0.14887097479867265,0.8153119846580097
0.5438773209672962,0.0024000000000000002,4.106738036155231,2.095074414618125,-342.21631848584826,-310.7106104900875,1.0170470612555949,0.9774100974311314,1.0694451157068003,0.9958368347477597,0.9843176773125067,0.9826825888634199,1.0852507037369343,0.9630423092218054,0.9994629704687468,1.0000692816482597,0.9992299422257783,0.9979404493187686,0.9961103623394375,7.53e-5,0.0024753,0.30699999999999994,0.5872523687443223,0.02198986989976785,0.14883874564226812,0.8293319960632605
0.5578241668331257,0.0024000000000000002,4.022934773648406,2.5760481534085784,-342.26017829320483,-310.95109735948273,1.0173452782355774,0.9764617265638953,1.0690982696948699,0.9955646299522005,0.983098048841009,0.9803615473085002,1.0701453400627665,0.9552464407750493,0.9992203464644548,0.999890036088564,0.9988124681720993,0.9977312395834492,0.9955740404537138,7.53e-5,0.0024753,0.30699999999999994,0.5872523687443223,0.021985250120069817,0.1488229938287166,0.8433520074685112
0.5717255518382599,0.0024000000000000002,3.9530422843702127,3.769948569534222,-342.573708735775,-311.54804756754555,1.0176854467728258,0.9754230955770259,1.0687233204011797,0.9953463191873604,0.9814164697063321,0.9772984768381325,1.0527506747043112,0.945313368092552,0.9990181603143546,0.9997216371777886,0.9984317397392175,0.9974393180788723,0.9949087298757601,7.53e-5,0.0024753,0.30699999999999994,0.5872523687443223,0.02198594253868598,0.14882535483416723,0.857372018873762
0.5855705468338358,0.0024000000000000002,3.8948826969460795,6.04177414399237,-343.31966499316223,-312.6839603547746,1.0180469401214052,0.9743660874101372,1.0683344888653679,0.9951643431515288,0.97927713907399,0.9734690329213094,1.0340000728926981,0.9335225140991888,0.9988430066123896,0.9995668010449397,0.998090618899293,0.9970635026588245,0.9941132240320888,7.53e-5,0.0024753,0.30699999999999994,0.5872523687443223,0.021992186470869427,0.14884664372087586,0.8713920302790128
0.5993482670043292,0.0024000000000000002,3.8467749793237633,9.741015767733415,-344.6509997728168,-314.53358116664515,1.018406888731377,0.9733556573897153,1.0679364440420338,0.9950089875184214,0.9766964355522613,0.9688703865497476,1.0147708936767232,0.9201506771120946,0.9986874016277494,0.9994281837706602,0.9977929044862579,0.99660463664606,0.9931902695536645,7.53e-5,0.0024753,0.30699999999999994,0.5872523687443223,0.02200390816851162,0.14888660124735373,0.8854120416842637
0.6130478804251023,0.0024000000000000002,3.807450250551158,15.167731519439599,-346.69360913086183,-317.24693904249824,1.0187420098084714,0.972445313501163,1.0675374663163966,0.9948751021375954,0.9736967366653692,0.9635118621486862,0.995766468085649,0.9054223027029626,0.9985477534620091,0.9993064138324175,0.9975379638410197,0.9960650957703393,0.992143372639628,7.53e-5,0.0024753,0.30699999999999994,0.5872523687443223,0.022020728777239255,0.14894392203305742,0.8994320530895143
0.62665861657837,0.0024000000000000002,3.7764869825523255,22.55349644780881,-349.53721375724206,-320.93982150668285,1.0190449246693631,0.9716744682989705,1.0671547939642372,0.9947592758402776,0.9703038708185084,0.957416494786368,0.9775271070680895,0.8895344019619713,0.9984217078268436,0.9992019326099002,0.9973253490402142,0.9954489561190781,0.9909791227820494,7.53e-5,0.0024753,0.30699999999999994,0.5872523687443223,0.022042088787284607,0.1490166812274223,0.9134520644947652
0.6401697748208868,0.0024000000000000002,5.44831446510436,32.15075718650951,-353.6773381372812,-325.7384518760332,1.0194848876022404,0.9766887687647124,1.057948002596486,0.9940528338237339,0.9666834991864501,0.9501677040587049,0.9826214948086054,0.8744303346414544,0.9974759663680333,0.9989684443598721,0.9971544738016491,0.9947968417643476,0.9897680202118793,7.53e-5,0.0024753,0.30699999999999994,0.5872523687443223,0.02205551368017406,0.14906239317824016,0.927472075900016
0.6535707327967015,0.0024000000000000002,5.480429622325313,43.808238631947916,-358.2490757863174,-331.5671925987524,1.0197029780156228,0.9763996733237207,1.0577575264281196,0.9940985431413185,0.9626104680027603,0.9427996265416284,0.9674249915398981,0.8569281357696976,0.9974790752939993,0.9988884063643595,0.9969981665061344,0.9940433168348164,0.9883838832268896,7.53e-5,0.0024753,0.30699999999999994,0.5872523687443223,0.022086650069057717,0.14916836070995348,0.9414920873052668
0.666850954788361,0.0024000000000000002,5.505423170229664,57.67834151262059,-363.6681694437222,-338.50224403908874,1.0198657344382496,0.9762370213422088,1.0576665079691567,0.9941571572081472,0.9582536966389663,0.9348249038480034,0.9535809960468449,0.8387913644792907,0.9974970915636857,0.9988267966324353,0.9968820085560016,0.9932323506686822,0.9869139741861032,7.53e-5,0.0024753,0.30699999999999994,0.5872523687443223,0.022120408725020753,0.14928317023785453,0.9555120987105176
0.68,0.0024000000000000002,5.5240933656929,73.72420493962625,-369.8959564247873,-346.52517575259157,1.0199736204738439,0.9761962377899938,1.0576660866390575,0.9942297190758699,0.9536569148961697,0.9263042352016717,0.9412080637057639,0.82020251453079,0.9975304904140135,0.9987828436833122,0.9968035089219385,0.9923724174295205,0.9853717695589754,7.53e-5,0.0024753,0.30699999999999994,0.5872523687443223,0.02215615263839271,0.14940463812321644,0.9695321101157683
0.35,0.002425,4.5991812359758315,72.38919752404308,-371.1175494567259,-345.8576720448,1.0179245710349025,0.9765873594093406,1.095538570957971,1.0149504280242116,0.9528250614054999,0.9451578179950934,1.0503536914908733,0.8395829252175153,1.0149860651242306,1.0023624400356472,1.0057245714860945,0.9922479258217082,0.9889259435254149,7.53e-5,0.0025003,0.30699999999999994,0.5872523687443223,0.022231932376857156,0.1496618427140913,0.6330518363897495
0.36343145033847896,0.002425,4.594213469834408,55.50385018710665,-364.18738781490487,-337.41499837633177,1.0179760295226359,0.977032843740295,1.0928039232825797,1.0131614998859397,0.9577399042498345,0.9523259812998265,1.0498572820053471,0.8586416437060971,1.013599153786771,1.0022313695728442,1.005252921469903,0.9931674094752724,0.9903278128273106,7.53e-5,0.0025003,0.30699999999999994,0.5872523687443223,0.02221667693105817,0.14961009857041827,0.6470718477950003
0.37697026969153374,0.002425,4.5884764207292985,41.155533617154106,-358.27063272251354,-330.2408400913555,1.017974390919832,0.9776140899941627,1.0901068193139685,1.0113748246224405,0.9623605946028624,0.9589005244040408,1.0516872403115372,0.8768741889679389,1.0121973409901517,1.002088852845036,1.0047697698247158,0.9940265990495397,0.9916190775770342,7.53e-5,0.0025003,0.30699999999999994,0.5872523687443223,0.02220159915800532,0.14955894000309106,0.661091859200251
0.3906058139562867,0.002425,4.58157031692569,29.331554163642295,-353.38590111802006,-324.3288503645996,1.017922520380763,0.9783313484045558,1.0874658351796678,1.0096017483314839,0.9666464422317184,0.9648331881346408,1.05570611514651,0.8941263903350715,1.010791026626475,1.0019361801412279,1.0042780964393483,0.9948181066053424,0.9927884537933696,7.53e-5,0.0025003,0.30699999999999994,0.5872523687443223,0.022186532584353016,0.14950780247396958,0.6751118706055018
0.40432736298556926,0.002425,4.572990286120637,19.952070685454714,-349.51969111715357,-319.6391086255058,1.0178213226592294,0.9791755975297461,1.0849019625186536,1.0078546849389263,0.9705587523399241,0.970080166770548,1.0616836111141355,0.9102419853642156,1.009392278584338,1.001775774555066,1.0037830081016528,0.995534379197496,0.9938253965721869,7.53e-5,0.0025003,0.30699999999999994,0.5872523687443223,0.022171235840493596,0.14945586635981578,0.6891318820107526
0.4181241290160105,0.002425,4.561797605686285,12.861823139940384,-346.62111340452685,-316.09398485274863,1.0176798959400115,0.9801224198081322,1.0824374887909294,1.0061474357134979,0.9740625557465346,0.9746068194512137,1.0692248796727961,0.9250586498545552,1.0080136086268228,1.0016092593794237,1.003287798589006,0.9961697097266881,0.994721578123998,7.53e-5,0.0025003,0.30699999999999994,0.5872523687443223,0.02215535303358108,0.14940192188844273,0.7031518934160035
0.43198526514928176,0.002425,4.546662833010098,7.825955278384981,-344.59920423866606,-313.57605092197093,1.01751119521315,0.9811434775688842,1.0800994217503588,1.0044958566815274,0.9771277948441621,0.9783884240091304,1.077781802726746,0.9383902252632391,1.006669144168983,1.0014382654274254,1.0027957687606077,0.9967196886349627,0.9954709016282963,7.53e-5,0.0025003,0.30699999999999994,0.5872523687443223,0.022138479100928404,0.14934459044334453,0.7171719048212541
0.445899873879836,0.002425,4.525566967913182,4.53357751291594,-343.32300705555906,-311.9298620392364,1.0173276164131653,0.9821822264521192,1.0779169125756363,1.0029179411352172,0.9797313284137861,0.9814159911515723,1.0866144569904177,0.9500385967708451,1.0053759367259059,1.0012656496249857,1.0023119858654208,0.997180854228558,0.9960697134206509,7.53e-5,0.0025003,0.30699999999999994,0.5872523687443223,0.022120287061803738,0.1492827566282462,0.731191916226505
0.45985701566243137,0.002425,4.495380093094043,2.6128545834967554,-342.6284982203829,-310.9695005745268,1.01714831197959,0.9831622891756705,1.0759300487568277,1.0014370123893666,0.981857690137982,0.9836965612626444,1.09476815412914,0.9597621348470932,1.0041548656082813,1.0010930058962761,1.0018386780473307,0.9975521278509075,0.9965171597648282,7.53e-5,0.0025003,0.30699999999999994,0.5872523687443223,0.022100619019795854,0.14921587799031508,0.7452119276317558
0.473845717512708,0.002425,4.451428331653151,1.660660328091808,-342.3327510635616,-310.49340344682435,1.017001194162066,0.9839834692487804,1.0741953872532013,1.00008500304283,0.9834988830865241,0.9852587021191738,1.1011756595155007,0.9673259630141076,1.0030338533700054,1.0009207173813595,1.0013753181349683,0.9978349416664773,0.9968155162521248,7.53e-5,0.0025003,0.30699999999999994,0.5872523687443223,0.022079711223947886,0.14914475182757705,0.7592319390370066
0.4878549816340532,0.002425,4.388885219020355,1.2869862363212405,-342.25585455435976,-310.30656640093906,1.0169069081978546,0.9845420666276045,1.0727811842472144,0.9989071870803744,0.9846532704463004,0.9861460247339483,1.1048247517461387,0.9724917007845956,1.002053055240475,1.0007480330657594,1.0009184846923047,0.9980310804466952,0.9969664966009159,7.53e-5,0.0025003,0.30699999999999994,0.5872523687443223,0.022058472167674207,0.14907246504144422,0.7732519504422574
0.5018737940639746,0.002425,4.307230607840596,1.1690581771889583,-342.2478350130353,-310.2476023713729,1.0168823268228482,0.9847620678611093,1.0717258935913103,0.9979511466416703,0.9853227320152224,0.9864032494722345,1.1049195144726172,0.9750647788414262,1.0012538856786115,1.000571013985845,1.0004587954993216,0.9981431133533191,0.9969705930991227,7.53e-5,0.0025003,0.30699999999999994,0.5872523687443223,0.02203833027636714,0.14900388100659956,0.7872719618475081
0.5158911333331818,0.002425,4.214848629307674,1.1041563401350913,-342.21433423400407,-310.215151452846,1.0169444879239586,0.9846253564441851,1.070987876902703,0.9972294930402252,0.9855107939439012,0.9860507409875742,1.101041557148316,0.9749413840614309,1.0006471211097618,1.0003867763558074,0.9999932893302732,0.9981738374308959,0.9968313393904823,7.53e-5,0.0025003,0.30699999999999994,0.5872523687443223,0.022020660781705583,0.14894369036292338,0.8012919732527589
0.5298959791305704,0.002425,4.123592344159522,1.0456302112545472,-342.13335750532366,-310.1858883884057,1.0170951467176779,0.984164434601639,1.0704254825077955,0.9966994046983586,0.9852254538583519,0.9850712274495033,1.0931269426827341,0.972105066135555,1.0001959574030332,1.000198537596472,0.9995334951058559,0.9981249507038249,0.9965563491129749,7.53e-5,0.0025003,0.30699999999999994,0.5872523687443223,0.022006374172798222,0.14889500616507384,0.8153119846580097
0.5438773209672962,0.002425,4.040767078972226,1.1084801355988247,-342.0564954388935,-310.21731335057785,1.0173310702412903,0.9834371889605666,1.0699386367223531,0.9963005641069133,0.9844696401854508,0.9834256151816623,1.0814165924058359,0.9666555414076506,0.9998498527790196,1.000012475675512,0.9990933448007625,0.9979963809806767,0.9961510592289871,7.53e-5,0.0025003,0.30699999999999994,0.5872523687443223,0.021996202740036292,0.14886033575799576,0.8293319960632605
0.5578241668331257,0.002425,3.968406322148932,1.5427292790490128,-342.0969035570097,-310.43443792230295,1.0176324871660225,0.9825159844163206,1.0694651109063176,0.9959882491765732,0.983246535065969,0.98107431745276,1.0665228190124842,0.9588013703908529,0.9995716916291565,0.9998340585104637,0.9986831501768063,0.9977867089753183,0.9956170069863326,7.53e-5,0.0025003,0.30699999999999994,0.5872523687443223,0.02199089390590543,0.14884223692174334,0.8433520074685112
0.5717255518382599,0.002425,3.9063374904481902,2.6851422502295463,-342.4060483779648,-311.0056444078932,1.017979872768727,0.9814857081945332,1.0689969352044946,0.9957341665057315,0.9815570097939823,0.9779807130830444,1.0493152349970507,0.9488007964101032,0.999338232898926,0.9996670620923677,0.9983092400741617,0.9974938104345172,0.9949528667858195,7.53e-5,0.0025003,0.30699999999999994,0.5872523687443223,0.02199101500608023,0.14884264979932188,0.857372018873762
0.5855705468338358,0.002425,3.853632792161941,4.904516699158421,-343.14809331381605,-312.11533163235765,1.0183457520104024,0.9804247196059815,1.0685298801175342,0.9955222740535201,0.9794110866532716,0.9741254733864644,1.030743523326123,0.9369343008638873,0.9991365429238723,0.9995140712804267,0.9979752025602264,0.9971168444806757,0.9941583576900909,7.53e-5,0.0025003,0.30699999999999994,0.5872523687443223,0.021996818954391213,0.1488624364129119,0.8713920302790128
0.5993482670043292,0.002425,3.8093728813800523,8.55361754944147,-344.4760790751369,-313.9398820574992,1.018709885982186,0.9794040399755346,1.0680773264220669,0.9953422594811034,0.9768209744088938,0.9695003964911416,1.0116785229244651,0.9234656959404262,0.9989592145179302,0.9993771175704769,0.9976834126657492,0.9966561706409707,0.9932347904437083,7.53e-5,0.0025003,0.30699999999999994,0.5872523687443223,0.022008219230552063,0.14890129440078714,0.8854120416842637
0.6130478804251023,0.002425,3.772604536117238,13.93495664618888,-346.51589395835356,-316.6305516058729,1.0190460931186955,0.9784647356503007,1.0676347222084501,0.9951938161798449,0.9738108320796363,0.9641194489312533,0.9928337600784173,0.908638999650768,0.9988066231848315,0.9992555172706157,0.9974303673356545,0.9961146072017592,0.9921851491917305,7.53e-5,0.0025003,0.30699999999999994,0.5872523687443223,0.022024879159118,0.14895806229297223,0.8994320530895143
0.62665861657837,0.002425,3.7429482298128915,21.28166669855068,-349.3575263473423,-320.3039066320538,1.0193484051093675,0.9776480060162689,1.0672182490988504,0.995066123047377,0.9704082177112704,0.9580052790836989,0.9747574785649276,0.8926661856924879,0.9986703075151289,0.9991520997220995,0.9972213040734876,0.9954963481064654,0.9910187324149493,7.53e-5,0.0025003,0.30699999999999994,0.5872523687443223,0.022046168528984708,0.14903057424466162,0.9134520644947652
0.6401697748208868,0.002425,3.7202975134818748,30.751154686914674,-353.05303048608715,-325.0386506262358,1.0196124589675712,0.9769754284111005,1.0668390284641718,0.9949553619330259,0.9666474027002037,0.9511961145415768,0.9578795069875098,0.8757431737034317,0.9985473690511659,0.9990670490120731,0.9970555520392185,0.9948074528250672,0.9897454930727853,7.53e-5,0.0025003,0.30699999999999994,0.5872523687443223,0.022071404894132934,0.14911648541578146,0.927472075900016
0.6535707327967015,0.002425,3.703963760277176,42.42731732299353,-357.61803540133405,-330.8767319442752,1.019814869942266,0.976451749752199,1.066471857331209,0.9948678886806526,0.9625672366316963,0.9437340884081316,0.9424163884729306,0.8580258031259551,0.9984434799852107,0.9989969907877739,0.9969244302957168,0.9940543633359141,0.988372368885185,7.53e-5,0.0025003,0.30699999999999994,0.5872523687443223,0.02209994104116053,0.1492135720930001,0.9414920873052668
0.666850954788361,0.002425,3.6943092098734738,56.3279034254615,-363.03784756079483,-337.8270249955092,1.0199677501092412,0.9760788753931466,1.0661457277829431,0.9947925783538436,0.9582074729518142,0.9356740569196883,0.9285030880138052,0.8397121124630231,0.9983501947556273,0.9989463709955023,0.996836855618331,0.9932447856235567,0.9869167012431602,7.53e-5,0.0025003,0.30699999999999994,0.5872523687443223,0.022131046316789648,0.14931932978952622,0.9555120987105176
0.68,0.002425,3.691494609140374,72.41428438961009,-369.27127609494045,-345.8702154775835,1.0200747869210487,0.9758608498166168,1.0658548274490678,0.994726379939527,0.9536075172769434,0.9270645517840327,0.9162239764720517,0.8209358154957173,0.9982642123401351,0.9989137672658485,0.996789600715749,0.992385979926317,0.9853897377988015,7.53e-5,0.0025003,0.30699999999999994,0.5872523687443223,0.022164085938133554,0.14943158472159931,0.9695321101157683
0.35,0.00245,4.578934938588752,71.48900107589066,-371.04185611962623,-345.40757382072377,1.0182569102184327,0.9823411646112077,1.095499840247601,1.0150646390429519,0.952870502353747,0.945567438512806,1.0472634637700395,0.8422930162158615,1.0150663704158471,1.0023568705045909,1.005703155968853,0.9922893161466804,0.9889886127615807,7.53e-5,0.0025253,0.30699999999999994,0.5872523687443223,0.022233428225140475,0.1496669154690196,0.6330518363897495
0.36343145033847896,0.00245,4.57186733834754,54.61204634423734,-364.1053580963768,-336.9690964548971,1.0182996533135247,0.9828453383158311,1.092780447386925,1.013274099406487,0.9577963230047261,0.9527484959091982,1.0466512041106093,0.8614584947048319,1.0136809871639516,1.002227575962156,1.0052355751938646,0.9932095487696039,0.9903937504866289,7.53e-5,0.0025253,0.30699999999999994,0.5872523687443223,0.022218240943619398,0.14961540426087466,0.6470718477950003
0.37697026969153374,0.00245,4.563567924267866,40.27914527818314,-358.1832597271319,-329.80264592187,1.0183022608497938,0.9834771186263989,1.0900956784240294,1.011490242728578,0.9624288643523334,0.9593401974126129,1.048236738299279,0.879785143599565,1.0122819227388677,1.002083876034973,1.0047493534096414,0.9940715074101191,0.9916884498402877,7.53e-5,0.0025253,0.30699999999999994,0.5872523687443223,0.02220322129164556,0.1495644446832848,0.661091859200251
0.3906058139562867,0.00245,4.553523442573571,28.477738991035153,-353.29416662929276,-323.901942778296,1.0182456574760694,0.9842339471516944,1.0874713434716317,1.009720742373227,0.9667257399878253,0.9652900384253916,1.0520349641735809,0.8971372307563059,1.0108802642713204,1.0019315025559041,1.0042573105734152,0.9948643877201498,0.9928601634867043,7.53e-5,0.0025253,0.30699999999999994,0.5872523687443223,0.022188280981541207,0.149513737587322,0.6751118706055018
0.40432736298556926,0.00245,4.540993301357343,19.127710878610742,-349.42499698127637,-319.2269287220838,1.0181459045855812,0.9851102784322665,1.0849302924056174,1.0079794386337828,0.9706503934118088,0.9705570749202107,1.0577633542855294,0.9133427961454818,1.009486841969719,1.0017697999634345,1.0037584330557623,0.9955832438521649,0.993899928564105,7.53e-5,0.0025253,0.30699999999999994,0.5872523687443223,0.022173099775331162,0.1494621958022486,0.6891318820107526
0.4181241290160105,0.00245,4.524864659848108,12.072868551951501,-346.5249410699051,-315.6995075587542,1.0180018619632494,0.9860858704324263,1.0824997696150793,1.0062810429050866,0.9741661390387847,0.9751050732464369,1.065081414659929,0.9282428093836653,1.0081165761621596,1.00160228919327,1.003259589674743,0.9962205302247725,0.9947979758105112,7.53e-5,0.0025253,0.30699999999999994,0.5872523687443223,0.02215739673707924,0.14940886419577842,0.7031518934160035
0.43198526514928176,0.00245,4.503524290619079,7.076678823847033,-344.5026442503058,-313.20141269470196,1.0178302557938748,0.9871238806867776,1.080206590279784,1.004643170975777,0.977243192249429,0.9789104450880309,1.0734062070891217,0.9416526130075866,1.0067845239399271,1.0014297086303585,1.0027622890982644,0.9967723874628706,0.99554836541972,7.53e-5,0.0025253,0.30699999999999994,0.5872523687443223,0.022140760608456166,0.14935234341873818,0.7171719048212541
0.445899873879836,0.00245,4.474642576721547,3.8256416968719122,-343.22673346671615,-311.5758941312144,1.0176414155126812,0.9881658572016102,1.0780928475713851,1.0030878438367028,0.9798565942426867,0.9819647076383439,1.0820474593465375,0.9533725971228018,1.0055117813516714,1.0012552927830316,1.002272099070348,0.9972347063445572,0.9961465402676458,7.53e-5,0.0025253,0.30699999999999994,0.5872523687443223,0.022122945632480972,0.14929179452475172,0.731191916226505
0.45985701566243137,0.00245,4.435254585454177,1.9442553139487018,-342.533038596213,-310.6352009397528,1.0174588548297603,0.9891368008874645,1.0761932681035158,1.001642518521102,0.9819916178083523,0.9842780757122661,1.0900507551933092,0.963176223750889,1.004321693091699,1.0010788997500024,1.0017880858048285,0.9976072564059156,0.996591763595407,7.53e-5,0.0025253,0.30699999999999994,0.5872523687443223,0.022103805311538143,0.1492267145378166,0.7452119276317558
0.473845717512708,0.00245,4.382007380478366,1.0248580965318297,-342.2380803994485,-310.17550233104436,1.0173049139774675,0.9899422803100221,1.0745646540717784,1.0003432704290787,0.9836385592205021,0.9858775894516607,1.0964311651442058,0.9708172291608591,1.003246534921871,1.0009010399428744,1.001310091355119,0.9978903907969144,0.996884656759872,7.53e-5,0.0025253,0.30699999999999994,0.5872523687443223,0.022083666217344037,0.14915820883018502,0.7592319390370066
0.4878549816340532,0.00245,4.3137010848492015,0.672773562556813,-342.16179077150065,-309.99946006405685,1.0172016796676007,0.9904956394619701,1.0732445925645158,0.9992301918229751,0.9847949218561415,0.9868023221269595,1.100201770314841,0.9760568295096204,1.0023217087703913,1.0007203403035554,1.0008340194170409,0.998086141325986,0.9970270361106103,7.53e-5,0.0025253,0.30699999999999994,0.5872523687443223,0.022063336513444762,0.14908902376604466,0.7732519504422574
0.5018737940639746,0.00245,4.233446373901848,0.5617994914771316,-342.1538923475311,-309.943973028517,1.0171725379724474,0.9907313146048259,1.0722289808782213,0.9983297194007662,0.9854646338115295,0.9870861500660669,1.1005665669757563,0.9786846399183118,1.001568826830061,1.0005337394864624,1.000355933925629,0.9981979824427742,0.9970232514470905,7.53e-5,0.0025253,0.30699999999999994,0.5872523687443223,0.022043869757331844,0.14902274623837286,0.7872719618475081
0.5158911333331818,0.00245,4.148781707389219,0.48804454638184325,-342.119652724178,-309.90709555596936,1.0172348855007636,0.9906269206676137,1.0714548065789753,0.9976300935217536,0.9856532927738012,0.986741082085639,1.0970155344801842,0.9785878641451381,1.0009788218395352,1.0003425603681926,0.9998814049625468,0.9982287686517793,0.9968804882321716,7.53e-5,0.0025253,0.30699999999999994,0.5872523687443223,0.022026345216844937,0.1489630568081928,0.8012919732527589
0.5298959791305704,0.00245,4.067152320517609,0.4056708874351216,-342.0366477928518,-309.865908726496,1.0173814061184534,0.9902003527623289,1.0708081886625305,0.997092747296228,0.9853654781890406,0.9857505693707389,1.0893425061198538,0.9757415778756428,1.0005218918229755,1.0001508689714347,0.9994177495680789,0.9981793488630062,0.9966029884834486,7.53e-5,0.0025253,0.30699999999999994,0.5872523687443223,0.022011813725241948,0.14891354424212883,0.8153119846580097
0.5438773209672962,0.00245,3.992706853987162,0.4319089914657752,-341.95635844396446,-309.87902777851133,1.0176240796746827,0.9894959567237857,1.070223052201454,0.9966703750353333,0.9846073156472833,0.9840865332112553,1.0778116894810164,0.9702600739687409,1.0001536869676446,0.9999639281652607,0.9989809116784736,0.9980508367927079,0.9961992728166487,7.53e-5,0.0025253,0.30699999999999994,0.5872523687443223,0.02200113825695206,0.14887715996912593,0.8293319960632605
0.5578241668331257,0.00245,3.927036166580874,0.8201315370777138,-341.99232990947695,-310.0731390513173,1.0179271154946186,0.9885870259881546,1.0696764110419474,0.9963338899511035,0.9833786230503101,0.9817125410261032,1.063079037108792,0.9623441487708868,0.9998547147757373,0.9997851417101016,0.9985729126221441,0.9978402858358982,0.9956646126876325,7.53e-5,0.0025253,0.30699999999999994,0.5872523687443223,0.021995370943301236,0.14885750014406232,0.8433520074685112
0.5717255518382599,0.00245,3.8699201728753665,1.911040021394797,-342.2964975232361,-310.61859329347584,1.0182799250688277,0.9875516117939969,1.0691414865911009,0.9960552386774251,0.9816825494219235,0.9785961810401692,1.046022182359058,0.9522740738268177,0.9995993918475189,0.9996189372845629,0.998203696189302,0.9975464082017159,0.9950007730375893,7.53e-5,0.0025253,0.30699999999999994,0.5872523687443223,0.021995073559737052,0.14885648634402932,0.857372018873762
0.5855705468338358,0.00245,3.820767406793144,4.077286274657013,-343.0336234851087,-311.70171642010695,1.018646023142603,0.9864747222180951,1.0686229465551043,0.9958233753422419,0.9795278893954226,0.9747171604400722,1.0275922382632705,0.940324199782439,0.9993807282056946,0.9994664380449774,0.9978725189861504,0.9971677884628237,0.9942045477097973,7.53e-5,0.0025253,0.30699999999999994,0.5872523687443223,0.02200057778086661,0.14887524950870418,0.8713920302790128
0.5993482670043292,0.00245,3.7790428844467208,7.674914329555236,-344.3571399402604,-313.50053044755606,1.0190108364810435,0.9854226076942814,1.0681228757461563,0.9956279889939584,0.9769290430834003,0.9700713134344108,1.008670664463176,0.926770856766969,0.9991897572155739,0.9993295775132967,0.9975825485179486,0.9967055263393998,0.9932789319695833,7.53e-5,0.0025253,0.30699999999999994,0.5872523687443223,0.02201176590870778,0.14891338129241183,0.8854120416842637
0.6130478804251023,0.00245,3.744269089357936,13.008929531248555,-346.3934286722321,-316.1675380484027,1.0193622260043358,0.9844498120450538,1.0676304051925707,0.9954593898537566,0.9739102776849565,0.9646712411687824,0.9899647891794063,0.9118420050690501,0.9990173816690062,0.9992087308016379,0.9973336131474358,0.99616300527014,0.9922294926091465,7.53e-5,0.0025253,0.30699999999999994,0.5872523687443223,0.02202813481868531,0.14896915334220345,0.8994320530895143
0.62665861657837,0.00245,3.7158172956652806,20.314207476545675,-349.2328300371933,-319.8201770210513,1.019658488826446,0.9835919014817691,1.0672043377550213,0.9953251267758634,0.970497072630987,0.9585387535379384,0.9720858903755283,0.8957829060676317,0.9988767313087645,0.9991061163076728,0.9971269046832811,0.9955421484133208,0.991059390325852,7.53e-5,0.0025253,0.30699999999999994,0.5872523687443223,0.022049462476449844,0.14904179042747853,0.9134520644947652
0.6401697748208868,0.00245,3.6935730381573095,29.749127812132997,-352.92728665398556,-324.53763718884494,1.0199174488624791,0.9828682230802992,1.0667940501224926,0.9952109785611581,0.9667275315240207,0.9517149155420042,0.9553571734233675,0.8787564887508086,0.9987503016923309,0.9990201337872984,0.9969600532517423,0.9948512806829961,0.9897821225991278,7.53e-5,0.0025253,0.30699999999999994,0.5872523687443223,0.022074713186581475,0.1491277441464599,0.927472075900016
0.6535707327967015,0.00245,3.677379162855266,41.397988309193124,-357.4923701714536,-330.362067437375,1.0201263895749078,0.9822874068750551,1.0664259562336595,0.9951171920482864,0.9626374156572695,0.9442417171686381,0.9400626677477996,0.8609431153290164,0.9986408656305068,0.9989518745162176,0.996833850947387,0.9940961163899243,0.9884076069021587,7.53e-5,0.0025253,0.30699999999999994,0.5872523687443223,0.022103299942614705,0.14922499583391996,0.9414920873052668
0.666850954788361,0.00245,3.6671017806595163,55.27854722113682,-362.9130772553371,-337.30234689334685,1.020279456709967,0.9818501257501134,1.0660904458601885,0.9950430605103395,0.9582671219908809,0.9361706270667031,0.926361812220164,0.842519958254123,0.9985484604722686,0.998900527125273,0.9967454170797401,0.9932843997200886,0.9869476212826668,7.53e-5,0.0025253,0.30699999999999994,0.5872523687443223,0.02213448300696502,0.14933101005209082,0.9555120987105176
0.68,0.00245,5.807281383194184e-7,72.91987488483915,-370.4994186605124,-346.123010725198,1.020009617651178,0.9891677242147966,1.064490578730017,1.0012887597329316,0.9531202856198591,0.9300832566286417,0.9752231315615976,0.8284760257958735,1.0033922911492485,0.9978243014445779,0.994844735681565,0.9922939322682692,0.984411108517468,7.53e-5,0.0025253,0.30699999999999994,0.5872523687443223,0.022275405707904157,0.1498092025277822,0.9695321101157683
0.35,0.002475,4.5594050399659505,70.8776491472396,-371.0208013549066,-345.10189785639824,1.0185696332190801,0.9880796287359033,1.0954770486333496,1.0151713956778194,0.9528980660474704,0.9459384738177951,1.0445725766362686,0.8450050092984647,1.0151443876311044,1.002355520087135,1.0056926491852622,0.9923249221223607,0.9890464469244135,7.53e-5,0.0025503,0.30699999999999994,0.5872523687443223,0.02223496031822308,0.14967211096526833,0.6330518363897495
0.36343145033847896,0.002475,4.550484404014171,54.01222561142606,-364.07828025885516,-336.6691860884915,1.0186177852304592,0.9886479227671972,1.0927617650850436,1.0133888164260374,0.9578334612206971,0.9531363735271166,1.0436937736530671,0.8642604161831975,1.013764948629955,1.0022239016535013,1.0052187403126216,0.9932478693801804,0.9904534297814825,7.53e-5,0.0025503,0.30699999999999994,0.5872523687443223,0.0222198890955037,0.14962099518454713,0.6470718477950003
0.37697026969153374,0.002475,4.539938918489985,39.69739802324261,-358.1511092387493,-329.51177229439975,1.018629803814343,0.9893335000006666,1.0900863260662152,1.0116088816502018,0.9624766405361471,0.9597444081561958,1.0450178493499584,0.8826809022537194,1.0123688599039038,1.0020780736365935,1.0047275486349965,0.9941131464538707,0.9917515704455924,7.53e-5,0.0025503,0.30699999999999994,0.5872523687443223,0.02220491592396312,0.14957019517650283,0.661091859200251
0.3906058139562867,0.002475,4.526931082201424,27.9207602194449,-353.25814342100614,-323.6234533925009,1.0185696708952656,0.9901290971316036,1.0874775652119144,1.009846372083747,0.9667855894730428,0.9657134747434917,1.0486325799690412,0.9001303221418031,1.0109737187896972,1.001924688495246,1.0042324700021203,0.9949079763004073,0.9929254004744821,7.53e-5,0.0025503,0.30699999999999994,0.5872523687443223,0.022190126779755064,0.14952000309045518,0.6751118706055018
0.40432736298556926,0.002475,4.510992620865647,18.60197943294554,-349.3862686048662,-318.9640629992512,1.0184630104661558,0.9910382916199773,1.084961021389434,1.0081114608490926,0.9707206281842197,0.9709992095789143,1.0541702802065807,0.9164366950881954,1.009587622910963,1.0017634900826549,1.0037331911146092,0.9956277906985315,0.9939667649197249,7.53e-5,0.0025503,0.30699999999999994,0.5872523687443223,0.02217513232901712,0.1494690975345019,0.6891318820107526
0.4181241290160105,0.002475,4.490522740044505,11.58400159512496,-346.48499266835967,-315.4550740803409,1.0183142106573395,0.9920367850103212,1.0825575673787717,1.0064226257448166,0.9742480373974081,0.9755692848515463,1.061279429814032,0.9314361118740966,1.0082266967546512,1.0015951578882316,1.0032308233170073,0.9962667019132518,0.9948661842762856,7.53e-5,0.0025503,0.30699999999999994,0.5872523687443223,0.02215963840591935,0.14941647861668353,0.7031518934160035
0.43198526514928176,0.002475,4.463973439580374,6.628620381394285,-344.46248751661955,-312.9773834734756,1.0181394268900783,0.9930868650977441,1.0803099305593515,1.0048008248138716,0.9773359225790827,0.9793990993327764,1.069438756463222,0.9449357996148661,1.0069093689312558,1.0014210372509842,1.0027284269364438,0.9968201942709769,0.9956172856612917,7.53e-5,0.0025503,0.30699999999999994,0.5872523687443223,0.022143295507341624,0.1493609570059693,0.7171719048212541
0.445899873879836,0.002475,4.429162261584984,3.419682505691071,-343.1875673212391,-311.372914535624,1.0179487795002091,0.9941374534729184,1.0782470557163182,1.0032690322341042,0.9799600172632339,0.9824806939967267,1.077914649988915,0.9567424460625105,1.0056568406951913,1.0012432511740417,1.002229320299827,0.9972844660442219,0.9962151102321979,7.53e-5,0.0025503,0.30699999999999994,0.5872523687443223,0.02212583577859136,0.14930161906727926,0.731191916226505
0.45985701566243137,0.002475,4.383546941559447,1.5780404131620571,-342.4953492469522,-310.45209348935947,1.017762248429113,0.9951112356287619,1.0764147922513814,1.0018583541666415,0.9821038282681476,0.9848243364658151,1.0858477466115224,0.9666260246579831,1.0044963835016816,1.0010622942115905,1.0017339574005384,0.9976583465770507,0.9966579336271231,7.53e-5,0.0025503,0.30699999999999994,0.5872523687443223,0.022107194613879697,0.14923824068453825,0.7452119276317558
0.473845717512708,0.002475,4.325560624647555,0.6917163412055061,-342.2019377474043,-310.0089314533812,1.0176015698780823,0.9959220795109591,1.0748540478812392,1.0006025590718213,0.9837558727310433,0.9864541116806246,1.0922553522572938,0.9743419646042768,1.003459004587875,1.0008789767820998,1.0012425903609399,0.9979418113409521,0.9969458876432373,7.53e-5,0.0025503,0.30699999999999994,0.5872523687443223,0.02208768152248713,0.14917186984078176,0.7592319390370066
0.4878549816340532,0.002475,4.2556586073329,0.36182970213826593,-342.12673139180157,-309.8439881338476,1.0174945049936361,0.996486107654857,1.0735821463816473,0.9995340002042218,0.9849160054129025,0.9874049546269449,1.096152971915711,0.9796409663122918,1.002571310587681,1.0006905417289829,1.0007510067852747,0.9981380770846489,0.9970827755358781,7.53e-5,0.0025503,0.30699999999999994,0.5872523687443223,0.022067893389364088,0.14910453421368974,0.7732519504422574
0.5018737940639746,0.002475,4.17815487857139,0.2590378073566626,-342.11897713214626,-309.7925921864568,1.0174622929663235,0.9967436488207568,1.072574790741115,0.9986629148868044,0.985586635681004,0.9877030457372169,1.0967065413652157,0.9823098990212339,1.001843328102333,1.0004973894280895,1.0002612945325329,0.9982499078870107,0.9970742183986288,7.53e-5,0.0025503,0.30699999999999994,0.5872523687443223,0.022048732807455354,0.14903930591054837,0.7872719618475081
0.5158911333331818,0.002475,4.098997302366178,0.17795498260511522,-342.0838009322715,-309.752050774081,1.0175200619171323,0.99666225242163,1.071746385554653,0.9979706108405244,0.9857768699958303,0.9873603469209248,1.0933327221314262,0.9822304165622932,1.0012591435699314,1.000301805930328,0.99978037795626,0.9982808407259214,0.9969291104051108,7.53e-5,0.0025503,0.30699999999999994,0.5872523687443223,0.022031159719772438,0.14897945754900443,0.8012919732527589
0.5298959791305704,0.002475,4.023630025282145,0.07300317436579462,-341.99815235392015,-309.69957486996134,1.017670548789701,0.9962547355005309,1.0710462237398755,0.9974250223275256,0.9854888757485656,0.9863624678629423,1.0858235607719104,0.9793724220312644,1.0007938841991968,1.0001076205228603,0.99931598878963,0.9982316041355106,0.9966517086665164,7.53e-5,0.0025503,0.30699999999999994,0.5872523687443223,0.02201633057134453,0.14892893602055593,0.8153119846580097
0.5438773209672962,0.002475,3.9547822662554806,0.06333814785568848,-341.9138818739689,-309.6947423567063,1.0179110047060362,0.9955612751232121,1.0704059939874995,0.9969870120895848,0.9847274455862494,0.9846833214771905,1.0744362997005261,0.9738498503488145,1.000413050111306,0.9999195472284653,0.9988791625322859,0.9981023495442164,0.9962466994095673,7.53e-5,0.0025503,0.30699999999999994,0.5872523687443223,0.02200530081010093,0.1488913478642026,0.8293319960632605
0.5578241668331257,0.002475,3.89355532433911,0.40558913012841913,-341.944839000572,-309.86586784784265,1.018220497596918,0.9946511003224194,1.069796737754443,0.9966291542544158,0.9834940167948584,0.9822904983106524,1.0598244996773234,0.965878175853931,1.0000946218623585,0.9997411509315829,0.9984754214099997,0.9978912007391263,0.995712839880041,7.53e-5,0.0025503,0.30699999999999994,0.5872523687443223,0.021999111089798684,0.14887024997633325,0.8433520074685112
0.5717255518382599,0.002475,3.839947783712363,1.44443298150577,-342.2437373815048,-310.3852897735313,1.0185746869824108,0.9936072067194469,1.0692066693237812,0.9963313906384559,0.9817917088737736,0.9791539170787469,1.0428854883092593,0.9557353206712741,0.9998225204481863,0.9995755232477261,0.9981097007164242,0.9975961616116786,0.9950484526415508,7.53e-5,0.0025503,0.30699999999999994,0.5872523687443223,0.021998476255062252,0.14886808595489923,0.857372018873762
0.5855705468338358,0.002475,3.7936089986559396,3.556496632608514,-342.9755784534696,-311.4413215990827,1.0189476752678148,0.9925125431041211,1.068644377823787,0.9960820301826214,0.9796282174321944,0.9752543020267704,1.0245868070036408,0.9437055226458746,0.9995881116012164,0.9994238437588319,0.9977823457025985,0.9972161877065416,0.9942515167469868,7.53e-5,0.0025503,0.30699999999999994,0.5872523687443223,0.022003706189140864,0.1488859128177748,0.8713920302790128
0.5993482670043292,0.002475,3.7540062425941647,7.101231452910952,-344.29457596410583,-313.2136890092339,1.019315486042449,0.9914365090840185,1.0681057099502056,0.9958714501134545,0.9770206039415306,0.9705885270155639,1.0058013733404219,0.9300625455125205,0.9993836463999862,0.9992878886553063,0.9974959028334074,0.9967522957651139,0.9933245558478278,7.53e-5,0.0025503,0.30699999999999994,0.5872523687443223,0.022014694831635224,0.1489233621893051,0.8854120416842637
0.6130478804251023,0.002475,3.7207252633169903,12.386207101839432,-346.327179175012,-315.85617683369816,1.0196601826466614,0.9904320454226071,1.067600666100196,0.995694214453235,0.9739909274021741,0.9651676707167107,0.9872578041382082,0.915046377038457,0.999205431816817,0.9991684241432649,0.9972505037589018,0.9962070688519774,0.9922717882715517,7.53e-5,0.0025503,0.30699999999999994,0.5872523687443223,0.02203105411544132,0.1489790978236453,0.8994320530895143
0.62665861657837,0.002475,3.6934074676633752,19.647994204188308,-349.1638813425643,-319.4870703848726,1.0199673618482523,0.9895345093968196,1.0671321348206129,0.995546693252423,0.9705690818522832,0.9590187223524511,0.9695049187023099,0.8988745443225291,0.9990510272491863,0.999065630579657,0.9970452149198381,0.9955851310900241,0.9911004867734449,7.53e-5,0.0025503,0.30699999999999994,0.5872523687443223,0.022052192601687184,0.14905108612505544,0.9134520644947652
0.6401697748208868,0.002475,3.671695874158555,29.045886511593153,-352.85619067773376,-324.186016538575,1.0202306308421714,0.9887556770823072,1.0667057815652774,0.9954280405064431,0.9667870376182788,0.9521782398341647,0.9529101953715369,0.8817469804855625,0.9989202313370342,0.9989790705749136,0.9968779535539442,0.9948921343436715,0.9898193314324781,7.53e-5,0.0025503,0.30699999999999994,0.5872523687443223,0.022077456365302135,0.1491370790653268,0.927472075900016
0.6535707327967015,0.002475,3.6556095221400713,40.6645209232438,-357.42118241948526,-329.99533374440034,1.0204388014227903,0.988110680848596,1.0663203451743832,0.9953293396507594,0.9626904901616882,0.9446949061291777,0.9377817744412245,0.8638401786840141,0.9988060936280755,0.9989116320498994,0.9967545361579815,0.9941352360763479,0.988442973701782,7.53e-5,0.0025503,0.30699999999999994,0.5872523687443223,0.022106075980534476,0.14923443659533356,0.9414920873052668
0.666850954788361,0.002475,3.644947957041628,54.52166920487832,-362.8426443711956,-336.9239078852176,1.0205886250989091,0.9876004437538879,1.065967007203547,0.9952545989678679,0.9583161759548322,0.9366103408295937,0.9242214507977012,0.8453325253663052,0.9987106339792817,0.998862429578826,0.9966735360951761,0.9933204588605352,0.9869818410609469,7.53e-5,0.0025503,0.30699999999999994,0.5872523687443223,0.022137676400942247,0.14934186263070062,0.9555120987105176
0.68,0.002475,8.334131243580158e-7,72.51049690917091,-370.49317963537027,-345.9183217373639,1.020348569770423,0.994807815060527,1.0642071455433741,1.0013364074657214,0.9531593649135817,0.9304431276270311,0.9719569686084577,0.8310709077521367,1.0034170678000915,0.9978080512290071,0.9948277891116432,0.9923332864859818,0.984473018891656,7.53e-5,0.0025503,0.30699999999999994,0.5872523687443223,0.022274686070797207,0.14980676434702275,0.9695321101157683
0.35,0.0025,4.540540442384362,70.5502501660136,-371.05257569407655,-344.93819836578524,1.0188858417871358,0.9937670660200909,1.0954501293433079,1.0152857634406265,0.9529067316811631,0.9462815832164458,1.0420004917784322,0.8477179300495619,1.0152271754691091,1.0023522875283155,1.0056775395621453,0.9923582550178954,0.9890982184900259,7.53e-5,0.0025753,0.30699999999999994,0.5872523687443223,0.022236610914265594,0.14967770812235415,0.6330518363897495
0.36343145033847896,0.0025,4.52989274714945,53.6998184686189,-364.1045066776205,-336.5129825170879,1.0189518090235565,0.9943927714936878,1.0927405833466795,1.0135065247750656,0.9578522481773288,0.9534953866998808,1.0408242994045507,0.8670691603282628,1.0138493902507237,1.002217533035988,1.0051966296357,0.9932854892573499,0.9905092995020796,7.53e-5,0.0025753,0.30699999999999994,0.5872523687443223,0.022221533912755657,0.14962657459433057,0.6470718477950003
0.37697026969153374,0.0025,4.517170961791177,39.40620171286764,-358.1727794342247,-329.36617413921226,1.0189430524867342,0.9951316718932975,1.090076721999376,1.0117323218954493,0.9625046524940716,0.9601179739955642,1.0420608920105474,0.8855999237165768,1.0124610887660181,1.0020737173684244,1.0047086224005641,0.9941498960422784,0.9918076365536622,7.53e-5,0.0025753,0.30699999999999994,0.5872523687443223,0.022206790596845494,0.14957655636188527,0.661091859200251
0.3906058139562867,0.0025,4.50172400074148,27.657073142925697,-353.27648154436304,-323.4916098542413,1.0188828363967413,0.9959793078643896,1.087485873877819,1.00997436858237,0.9668238265891863,0.9661034989361157,1.0454854458004104,0.9031432952102634,1.0110707856279975,1.0019196972163866,1.0042111770078472,0.9949465858914192,0.9929836842235278,7.53e-5,0.0025753,0.30699999999999994,0.5872523687443223,0.022192118289986622,0.149526762922767,0.6751118706055018
0.40432736298556926,0.0025,4.482625758931811,18.371750529674955,-349.40244501504526,-318.8489485476159,1.0187817042470004,0.9969279640735365,1.0849893870311555,1.0082484107045921,0.9707703449123705,0.9714085111835897,1.0508184952372621,0.9195385271541068,1.0096918344000227,1.001755759780115,1.0037053906857307,0.9956694299524677,0.9940274394358137,7.53e-5,0.0025753,0.30699999999999994,0.5872523687443223,0.022177256968170946,0.1494763116214035,0.6891318820107526
0.4181241290160105,0.0025,4.458611923358206,11.392315631071256,-346.5003090574897,-315.35923109831407,1.0186316844199972,0.9979603560431823,1.0826160489966723,1.006571676460495,0.9743091726285001,0.9759996870160598,1.0577702841143126,0.9346270100827756,1.0083414252624514,1.0015853455306782,1.003197612831397,0.9963104689663353,0.9949282518926393,7.53e-5,0.0025753,0.30699999999999994,0.5872523687443223,0.02216197247376816,0.14942440649526045,0.7031518934160035
0.43198526514928176,0.0025,4.427930692441593,6.478949426097188,-344.4782666279177,-312.90254799582704,1.0184534337501585,0.9990358309181069,1.0804005131075929,1.0049660919867376,0.9774083341548032,0.9798529526513673,1.0657735044864216,0.9482204131027592,1.0070381872696585,1.0014087589221006,1.0026886638016579,0.9968657983947498,0.9956798161853142,7.53e-5,0.0025753,0.30699999999999994,0.5872523687443223,0.022145897855632885,0.14936979928505045,0.7171719048212541
0.445899873879836,0.0025,4.3886942645690965,3.312981885548652,-343.20462977594104,-311.31956422555277,1.018257623090679,1.0001016411220638,1.0783850111761182,1.0034582082174026,0.9800426440459786,0.9829605718273513,1.0741656866720661,0.9601152920712496,1.005806359930972,1.0012277623913526,1.0021814653167953,0.9973314466212965,0.9962766971110376,7.53e-5,0.0025753,0.30699999999999994,0.5872523687443223,0.022128810976242495,0.149311732072465,0.731191916226505
0.45985701566243137,0.0025,4.338969485611374,1.5118355894395563,-342.5142771858255,-310.4189910774982,1.018064163259921,1.0010840856446035,1.0765997311036908,1.0020764960984023,0.9821937754010699,0.9853305604988334,1.0820563679211423,0.9700897138000778,1.0046717913823004,1.0010434619385788,1.0016773500678382,0.9977059296314346,0.9967169884017545,7.53e-5,0.0025753,0.30699999999999994,0.5872523687443223,0.022110629788942713,0.14924992195145087,0.7452119276317558
0.473845717512708,0.0025,4.278388340144907,0.6594294624433132,-342.22280548591596,-309.9927880140001,1.0178982661621905,1.0019048282203527,1.075079646418949,1.0008545476024493,0.983852739208598,0.9869860616263657,1.088499694211522,0.9778810106237819,1.0036630903126185,1.0008545929286254,1.0011741608512468,0.9979903045574986,0.9970016560590591,7.53e-5,0.0025753,0.30699999999999994,0.5872523687443223,0.022091562110711956,0.14918507135957776,0.7592319390370066
0.4878549816340532,0.0025,4.208574351122078,0.3528197266123243,-342.1489891645144,-309.8394831460846,1.0177845569757449,1.0024846292346026,1.073825844961895,0.9998151808573192,0.9850180813626823,0.987957117246921,1.0925068687036497,0.9832396959065496,1.0028003962286647,1.000660613154459,1.0006717346374967,0.9981870235547409,0.9971348854119232,7.53e-5,0.0025753,0.30699999999999994,0.5872523687443223,0.02207212168537806,0.14911892485885853,0.7732519504422574
0.5018737940639746,0.0025,4.133853647381173,0.25945155360670924,-342.14156513079,-309.7927990595818,1.0177493947377014,1.0027625916145455,1.0727990089462318,0.9989609175055553,0.985692719647008,0.9882677333188271,1.0931874132029575,0.9859593891662405,1.0020864031720222,1.00046259493797,1.000173865550569,0.9982995488469497,0.9971242036685887,7.53e-5,0.0025753,0.30699999999999994,0.5872523687443223,0.022053073168718504,0.14905408421364072,0.7872719618475081
0.5158911333331818,0.0025,4.058864461400584,0.17215994773232524,-342.1050891081484,-309.7491532566446,1.0178086052571471,1.0026995498264104,1.0719415257993543,0.9982696560114211,0.9858856141070388,0.9879245878028525,1.0899450013861598,0.9858724377548976,1.001501440371458,1.0002635822113506,0.99968986119422,0.9983308443538245,0.9969785345189078,7.53e-5,0.0025753,0.30699999999999994,0.5872523687443223,0.022035322766818348,0.14899363767475327,0.8012919732527589
0.5298959791305704,0.0025,3.9880724108505867,0.045352509713211475,-342.0164723415539,-309.68574953763505,1.0179603548816636,1.0023040820930742,1.071197036734707,0.9977155770208258,0.9855946990370132,0.9869180808360302,1.0825409408786726,0.9830062972166466,1.0010296881602305,1.0000678236266565,0.9992245056199763,0.9982812640892593,0.996700176772193,7.53e-5,0.0025753,0.30699999999999994,0.5872523687443223,0.022020236350330555,0.1489422442589579,0.8153119846580097
0.5438773209672962,0.0025,3.923484624352452,0.0,-341.9279886053738,-309.66307328277844,1.0182029080771513,1.001617379426487,1.0705012351416259,0.9972633230657321,0.9848305091022141,0.9852265995247763,1.0712514199687697,0.9774498546527249,1.0006363585906661,0.9998789470666316,0.9987884271065182,0.9981517231488855,0.9962950128409312,7.53e-5,0.0025753,0.30699999999999994,0.5872523687443223,0.02200885168884146,0.14890344985493806,0.8293319960632605
0.5578241668331257,0.0025,3.865529830592585,0.2960220569958665,-341.9536275005243,-309.8110843112764,1.018516506556744,1.0007018785390858,1.0698472078775674,0.9968882016217031,0.9835915037904607,0.9828159261071396,1.0567468099816617,0.9694120259631933,1.0003027359206822,0.9997008231596505,0.9983877767087223,0.9979396114307884,0.995760813621678,7.53e-5,0.0025753,0.30699999999999994,0.5872523687443223,0.02200230683492625,0.14888114315262277,0.8433520074685112
0.5717255518382599,0.0025,3.8147126538833733,1.282148315230188,-342.2468539027114,-310.30414744039354,1.0188742470139884,0.999646764329087,1.0692166337314186,0.9965744035711247,0.9818818860739765,0.9796604729303829,1.0399150579193555,0.9591928547913834,1.00001665377126,0.9995357304574983,0.9980250988193218,0.9976433107560541,0.9950955288601827,7.53e-5,0.0025753,0.30699999999999994,0.5872523687443223,0.02200138091061978,0.14887798708040675,0.857372018873762
0.5855705468338358,0.0025,3.7705803747767046,3.3389963624100574,-342.97323278240697,-311.33257146398347,1.0192502674363295,0.9985304207291186,1.0686139055471686,0.9963096030558006,0.9797103895076734,0.9757416746531334,1.0217259876207918,0.9470809346150709,0.9997686444335974,0.9993849991548174,0.9977014455734649,0.9972619151639309,0.994297691200847,7.53e-5,0.0025753,0.30699999999999994,0.5872523687443223,0.022006373345042445,0.1488950033438992,0.8713920302790128
0.5993482670043292,0.0025,3.732691471907165,6.829366118214921,-344.2872878113071,-313.0777563418859,1.0196226363057583,0.9974223763528859,1.068042068463823,0.9960861347629612,0.9770940276564793,0.9710578532484003,1.0030573672815053,0.9333472759727928,0.9995525079818517,0.9992496872538816,0.9974178486359082,0.9967964567491622,0.9933692247010877,7.53e-5,0.0025753,0.30699999999999994,0.5872523687443223,0.02201718211094246,0.1489318375867156,0.8854120416842637
0.6130478804251023,0.0025,3.700715497642277,12.06333352506465,-346.31573201820277,-315.69474004531077,1.0199709218080824,0.996375763441454,1.067511348980471,0.9958981279377759,0.9740548969300075,0.9656196583889292,0.9846379860170786,0.918240247424844,0.9993647560331707,0.9991308658141251,0.9971749619929984,0.9962494899340993,0.992314481500471,7.53e-5,0.0025753,0.30699999999999994,0.5872523687443223,0.02203343174824872,0.14898719667009575,0.8994320530895143
0.62665861657837,0.0025,3.674291159929079,19.279140685344714,-349.14932755000547,-319.3026436254508,1.020280660773266,0.9954268990248156,1.067017945231016,0.9957415232079312,0.9706244104871834,0.9594552578364625,0.9670024748493474,0.9019751989285467,0.9992020714900135,0.999029086594616,0.9969729860152834,0.9956257646204774,0.9911415069690799,7.53e-5,0.0025753,0.30699999999999994,0.5872523687443223,0.022054511138496463,0.14905897997951525,0.9134520644947652
0.6401697748208868,0.0025,3.653225168176578,28.637077473598538,-352.83998169840146,-323.9816120195777,1.020545661185005,0.9945961373364245,1.0665693976102575,0.9956130144957424,0.9668361551335212,0.9526021023763559,0.9505667134801021,0.8847434089496311,0.9990621763066695,0.9989437964496097,0.9968096499347622,0.9949311758549513,0.9898592550890826,7.53e-5,0.0025753,0.30699999999999994,0.5872523687443223,0.022079704178543266,0.14914472785429167,0.927472075900016
0.6535707327967015,0.0025,3.6373458906304634,40.22224236509999,-357.4036813840255,-329.77419446532843,1.020754947240364,0.9938913453679441,1.0661752808057534,0.9955137701644352,0.9627279505932614,0.9451047444441906,0.9355745458221393,0.866736144264735,0.9989474185739998,0.9988759067653701,0.9966857312983382,0.9941720333825642,0.988478752782163,7.53e-5,0.0025753,0.30699999999999994,0.5872523687443223,0.02210841075087787,0.14924237624357714,0.9414920873052668
0.666850954788361,0.0025,3.6266042584224216,54.052418441698364,-362.825133147315,-336.6892825036276,1.0209093705705166,0.9933142983551951,1.0658246674009189,0.9954381332412884,0.9583415094524763,0.9370143665249657,0.9221630682044177,0.8481158282346171,0.9988525549275323,0.998824775150585,0.9965995641275401,0.993356255323307,0.9870129115683679,7.53e-5,0.0025753,0.30699999999999994,0.5872523687443223,0.022139840006046692,0.14934921509216362,0.9555120987105176
0.68,0.0025,3.62080399927178,70.08827015357281,-369.0628305725775,-344.70720835956485,1.0210104759735945,0.9928578290122423,1.0655344024639288,0.9953866812981497,0.9537102366391185,0.9283828248400047,0.9104432517668313,0.8290648957675689,0.9987796759022044,0.9987898259734839,0.996548196860719,0.9924914589565951,0.9854730123783076,7.53e-5,0.0025753,0.30699999999999994,0.5872523687443223,0.02217334503470854,0.14946302862054187,0.9695321101157683
0.35,0.002525,4.52254708091174,70.5036594654091,-371.137247728788,-344.914903015483,1.0192235553315927,0.9994460221541754,1.0954262861099922,1.0154011818108388,0.9528973736775399,0.9465931783696204,1.0394904174135078,0.8503945504560183,1.0153080138510084,1.002345238730391,1.005654676711527,0.9923916424185408,0.9891462735679054,7.53e-5,0.0026003,0.30699999999999994,0.5872523687443223,0.02223818809303591,0.14968305613243318,0.6330518363897495
0.36343145033847896,0.002525,4.5101489291790875,53.67132923011866,-364.1839514030138,-336.49873789783777,1.01926752457018,1.0001405025003633,1.092727310721358,1.0136285323624827,0.9578509484918818,0.9538200786263302,1.0382860784144847,0.8698615484373987,1.013938965738571,1.0022129558726611,1.0051784785249505,0.9933176392020376,0.9905576402408246,7.53e-5,0.0026003,0.30699999999999994,0.5872523687443223,0.022223360865721284,0.14963277159290778,0.6470718477950003
0.37697026969153374,0.002525,4.495578744463137,39.4016451579115,-358.24817623193684,-329.3638958617342,1.019254257062214,1.000922693319862,1.0900713478830595,1.011857672116933,0.962513647528423,0.960458304092197,1.0393494995235462,0.8884957410828376,1.0125547133840278,1.002068731846275,1.0046886597897,0.9941834336939745,0.9918576971371815,7.53e-5,0.0026003,0.30699999999999994,0.5872523687443223,0.02220872664085447,0.1495831255178352,0.661091859200251
0.3906058139562867,0.002525,4.477830339298389,27.68243241869925,-353.3489317886275,-323.50428949212807,1.019202888833913,1.001811148906807,1.0874896541637882,1.0101064447403723,0.9668439528675941,0.9664615382512408,1.042538269879634,0.9061405504823916,1.0111695282763273,1.0019121872239625,1.0041855229042418,0.994983498599701,0.9930370196801768,7.53e-5,0.0026003,0.30699999999999994,0.5872523687443223,0.022194142121540913,0.14953363216046534,0.6751118706055018
0.40432736298556926,0.002525,4.456059103686941,18.43273357762871,-349.4732841751025,-318.8794400715928,1.0190963490975473,1.002796672172427,1.0850120604707787,1.0083888815289137,0.9708014996822396,0.9717860181109607,1.047727457733574,0.9226428400315883,1.0097986637588408,1.0017472014600908,1.0036763831191373,0.9957078546960796,0.9940820355555826,7.53e-5,0.0026003,0.30699999999999994,0.5872523687443223,0.022179469766596994,0.14948382468888427,0.6891318820107526
0.4181241290160105,0.002525,4.428868475623003,11.493768969031294,-346.57057634331466,-315.4099577672941,1.018947547157753,1.0038552500579843,1.0826652173987668,1.006724318744848,0.974350723463822,0.9763970597871856,1.0545243047175648,0.9378269897305421,1.0084586733877172,1.0015743903405268,1.0031627571764843,0.996351104453581,0.9949842022729747,7.53e-5,0.0026003,0.30699999999999994,0.5872523687443223,0.022164387750565315,0.1494326097780411,0.7031518934160035
0.43198526514928176,0.002525,4.39483885925108,6.62408228512993,-344.54933929935663,-312.9751144253434,1.0187618836101169,1.0049569131183083,1.080480030983998,1.0051348932622206,0.9774603996480642,0.9802733974798966,1.062434895188781,0.9515228252213258,1.0071702539564171,1.0013961156464366,1.002648859976763,0.9969075736180981,0.9957357404429363,7.53e-5,0.0026003,0.30699999999999994,0.5872523687443223,0.022148616714852958,0.14937903690351295,0.7171719048212541
0.445899873879836,0.002525,4.352235889557284,3.50246293740895,-343.2773876952847,-311.4143047514829,1.0185599569369912,1.0060419970815218,1.0784959229398596,1.0036471757957375,0.9801039401004469,0.9834042041201619,1.070749725693643,0.9635117659450863,1.0059564865769277,1.0012124929616457,1.0021347906352933,0.997374338527551,0.9963317367347023,7.53e-5,0.0026003,0.30699999999999994,0.5872523687443223,0.022131868704925454,0.14932212491684524,0.731191916226505
0.45985701566243137,0.002525,4.299951081116453,1.7429267088251663,-342.58911695821024,-310.534536637191,1.0183620495817884,1.0070447419559645,1.0767479377336544,1.0022915708370308,0.9822636693911281,0.9857979415418324,1.0786327761987182,0.9735669782431144,1.004844093226174,1.001023673159551,1.0016207467200031,0.9977501349272015,0.9967701943808097,7.53e-5,0.0026003,0.30699999999999994,0.5872523687443223,0.02211405120516614,0.14926155555006634,0.7452119276317558
0.473845717512708,0.002525,4.238298620917452,0.9254731523036526,-342.2996919978341,-310.12580985893027,1.0181955333601271,1.0078859191563614,1.0752559562535675,1.0010959088593283,0.9839303221153918,0.9874766341441108,1.0851050253385046,0.98144332752352,1.0038571293710783,1.0008294952701546,1.0011071808087368,0.9980360301343265,0.9970532293939249,7.53e-5,0.0026003,0.30699999999999994,0.5872523687443223,0.022095292059797485,0.14919775934531565,0.7592319390370066
0.4878549816340532,0.002525,4.1692039425985294,0.643227922742085,-342.22725491566393,-309.9846872441495,1.0180765344249616,1.0084816809686938,1.0740076667863443,1.00007631398179,0.9851001984433181,0.9884618275996204,1.089194655571069,0.9868510095374703,1.0030114728788,1.0006309570775502,1.00059629491588,0.9982331482200546,0.9971836945718435,7.53e-5,0.0026003,0.30699999999999994,0.5872523687443223,0.022076054599224234,0.14913230898665164,0.7732519504422574
0.5018737940639746,0.002525,4.096892538445655,0.5603545453691368,-342.22002162822304,-309.943250555463,1.0180388845759698,1.0087745880278627,1.0729682537221559,0.9992309237067682,0.9857784182394195,0.9887792128710019,1.0899693327768087,0.9895987684733294,1.0023049214061917,1.000429172200608,1.0000929046359954,0.9983460926766707,0.9971715103304236,7.53e-5,0.0026003,0.30699999999999994,0.5872523687443223,0.022057000592183188,0.14906745529815976,0.7872719618475081
0.5158911333331818,0.002525,4.02542168111499,0.4677161813422117,-342.1821744456227,-309.89693137344955,1.0180962848975554,1.008727975951385,1.0720762064121583,0.9985395849531337,0.985971252605768,0.9884355359745796,1.086798827048194,0.9895320104713148,1.0017208805973181,1.000227634993574,0.99960505826447,0.9983774691103259,0.9970244143834796,7.53e-5,0.0026003,0.30699999999999994,0.5872523687443223,0.02203911429667438,0.14900655120345568,0.8012919732527589
0.5298959791305704,0.002525,3.957925872711844,0.3195563661410006,-342.0907118977391,-309.82285146584894,1.0182548762436454,1.0083403216034488,1.0712813539276143,0.9979741430406726,0.9856839746297137,0.9874235312613224,1.0794854690911646,0.9866351432165226,1.0012359603016707,1.0000304437567196,0.9991414340686341,0.9983286238373192,0.9967481746094907,7.53e-5,0.0026003,0.30699999999999994,0.5872523687443223,0.02202362984042573,0.14895380602863859,0.8153119846580097
0.5438773209672962,0.002525,3.8964967109584294,0.23860066312943218,-341.9977666707818,-309.78237361434316,1.0184979108464256,1.0076527820124055,1.070540980698712,0.9975084718724955,0.9849155135784208,0.9857185696947348,1.0682656062312916,0.9810343676148157,1.0008317471916517,0.9998413951588747,0.9987067719461921,0.9981983222349656,0.9963423095137932,7.53e-5,0.0026003,0.30699999999999994,0.5872523687443223,0.022011929190296636,0.14891393772451317,0.8293319960632605
0.5578241668331257,0.002525,3.841428123329089,0.48803211413405734,-342.01811315944406,-309.90708933984547,1.0188158255848458,1.0067325807674419,1.0698466015803603,0.9971188103815816,0.983673098955128,0.9832954171564051,1.05385575092247,0.9729427387895021,1.0004849794476178,0.9996637172155436,0.9983094243971231,0.9979856460115474,0.9958085629202724,7.53e-5,0.0026003,0.30699999999999994,0.5872523687443223,0.0220050651427487,0.14889054463653767,0.8433520074685112
0.5717255518382599,0.002525,3.7929363750088814,1.420579129564885,-342.3054184675388,-310.3733628475609,1.0191746399586625,1.0056600475209028,1.0691801079142742,0.996791521686252,0.9819546624617738,0.980121378119705,1.0371114114488684,0.9626504416008951,1.0001882150502925,0.9994986873282566,0.9979476619874333,0.997687876079942,0.9951410736245109,7.53e-5,0.0026003,0.30699999999999994,0.5872523687443223,0.022003885223318073,0.14888652304076033,0.857372018873762
0.5855705468338358,0.002525,3.75065092514907,3.4208543960795623,-343.02603159367953,-311.3735004808182,1.019554811950088,1.0045197193518665,1.0685473734630604,0.996513661966607,0.9797754195381327,0.9761854033934768,1.0190223247402481,0.950451425347917,0.9999286186867917,0.9993486702998766,0.9976270971923016,0.9973050558108554,0.9943420746532603,7.53e-5,0.0026003,0.30699999999999994,0.5872523687443223,0.022008663178538484,0.14890280740417267,0.8713920302790128
0.5993482670043292,0.002525,3.7142535230582068,6.8551131821969875,-344.33478578181763,-313.09062987387694,1.0199296967874742,1.0033816142097305,1.0679462558532922,0.9962780668651054,0.9771497632861271,0.9714828973767543,1.0004542660502274,0.9366261856383874,0.9997019673394004,0.9992143280480228,0.9973467375076099,0.9968379002330899,0.9934120156822301,7.53e-5,0.0026003,0.30699999999999994,0.5872523687443223,0.022019323459062122,0.1489391338497057,0.8854120416842637
0.6130478804251023,0.002525,3.6834774188507513,12.036038937991862,-346.3588331063002,-315.6810927517744,1.020281577743087,1.0022991641691261,1.0673839938382166,0.9960798467804692,0.9741017930296078,0.9660279411505492,0.982137367309474,0.9214189293858079,0.9995046497516655,0.9990963179865766,0.9971068098399444,0.9962892875443295,0.9923556961125022,7.53e-5,0.0026003,0.30699999999999994,0.5872523687443223,0.022035459605731264,0.14899410375174915,0.8994320530895143
0.62665861657837,0.002525,3.6579306782610352,19.20360155253445,-349.18895442175244,-319.26487405904567,1.0205937507292553,1.0013084391259537,1.066873763185272,0.9959153304119779,0.9706620575218651,0.9598479135249905,0.9646396894157638,0.9050482572649362,0.9993349433660078,0.9989948767156283,0.996906389435397,0.9956636829387017,0.9911800718355785,7.53e-5,0.0026003,0.30699999999999994,0.5872523687443223,0.022056476045572718,0.1490656695236699,0.9134520644947652
0.6401697748208868,0.002525,3.637471336621284,28.519059475834183,-352.8772186737943,-323.92260302069553,1.0208588639632432,1.0004290276955072,1.066409005129839,0.9957815544945324,0.9668646244825639,0.9529796807662405,0.9483144489163139,0.8877153557636166,0.9991903364131173,0.9989104361382196,0.9967456256463666,0.994967084634922,0.9898954203395907,7.53e-5,0.0026003,0.30699999999999994,0.5872523687443223,0.022081687448043757,0.14915147614604674,0.927472075900016
0.6535707327967015,0.002525,3.621887751631193,40.067892023785134,-357.43974663242045,-329.697019294671,1.0210692022924848,0.9996650182935652,1.0659999389347972,0.9956777854765275,0.9627488337125633,0.9454706092440356,0.9334710119187387,0.8696002715935246,0.9990711664616809,0.9988426036779863,0.9966227264134762,0.9942062407260014,0.9885123422805837,7.53e-5,0.0026003,0.30699999999999994,0.5872523687443223,0.022110391742138996,0.1492491125050764,0.9414920873052668
0.666850954788361,0.002525,3.6111196884415055,53.86782018617566,-362.8608605135153,-336.5969833758663,1.021225525453373,0.9990153354464077,1.065633323659172,0.9956006938814901,0.9583529351997189,0.9373709430972809,0.9201607344912932,0.85087878518653,0.9989742147773967,0.9987905400831004,0.9965351837981501,0.9933888654888907,0.9870430610141299,7.53e-5,0.0026003,0.30699999999999994,0.5872523687443223,0.022141860378780024,0.14935608049783622,0.9555120987105176
0.68,0.002525,3.60499364239717,69.87925197074253,-369.0991586138752,-344.6026992681497,1.021325688062918,0.9984800030807405,1.065328498360005,0.9955513091957267,0.9537157569903822,0.928731099136335,0.9085225818279563,0.8317181544692658,0.9989016749167303,0.99875450637596,0.9964828785798495,0.9925218956224752,0.985499364251798,7.53e-5,0.0026003,0.30699999999999994,0.5872523687443223,0.02217555115109138,0.14947051964687352,0.9695321101157683
0.35,0.00255,4.505082767017491,70.7335001253598,-371.2746604124652,-345.02982334545834,1.0195300635243487,1.0050635611996714,1.095397833294193,1.0155198053786476,0.9528690231987763,0.9468730457343398,1.0372986408479012,0.8530955362004005,1.0153947540874726,1.0023421907793095,1.0056406276980132,0.9924181771349324,0.9891867668125428,7.53e-5,0.0026253,0.30699999999999994,0.5872523687443223,0.022240003151831347,0.1496892105336748,0.6330518363897495
0.36343145033847896,0.00255,4.49130116680717,53.92287569426105,-364.31686139334624,-336.62451112990897,1.0195819260104604,1.0058162327086495,1.0927033480808874,1.0137499123087375,0.957832491140433,0.954114469318734,1.0358695518776273,0.8726594338388631,1.0140278457432648,1.00220780973847,1.0051593936663987,0.9933471060833323,0.990600935761354,7.53e-5,0.0026253,0.30699999999999994,0.5872523687443223,0.02222520616990129,0.14963903058585207,0.6470718477950003
0.37697026969153374,0.00255,4.474927784355119,39.68032540646891,-358.37731142005543,-329.5032359860129,1.0195803156763303,1.006662126914484,1.0900592376655647,1.0119860408672585,0.9625051404014217,0.9607688131915073,1.0367398585735577,0.8913912301895346,1.012648673883774,1.002060853392333,1.0046636618531612,0.9942163849209037,0.9919043183881049,7.53e-5,0.0026253,0.30699999999999994,0.5872523687443223,0.022210651343720876,0.14958965591498968,0.661091859200251
0.3906058139562867,0.00255,4.455180942564889,27.99375343329325,-353.4753604085145,-323.65994999942507,1.0195208760477343,1.0076070110934234,1.0874913933898718,1.0102409035057414,0.9668448085056293,0.9667879456203374,1.0398086032110925,0.909141566475471,1.01127021061227,1.0019042396183522,1.004159384079349,0.9950172361587747,0.9930846500097106,7.53e-5,0.0026253,0.30699999999999994,0.5872523687443223,0.022196241657404733,0.14954075802834305,0.6751118706055018
0.40432736298556926,0.00255,4.431083438140887,18.781931585714347,-349.59827623501906,-319.0540390756356,1.019411332086899,1.0086361693931558,1.085029528167707,1.0085321274880743,0.9708130484314219,0.9721303981239889,1.0448669483786945,0.9257431141334296,1.009907319480627,1.0017377277677701,1.003646246024625,0.995743361886189,0.9941310716784834,7.53e-5,0.0026253,0.30699999999999994,0.5872523687443223,0.022181744645723967,0.14949154815582102,0.6891318820107526
0.4181241290160105,0.00255,4.4013435717357945,11.885269648976987,-346.6953980337613,-315.60570810726693,1.019254176578251,1.0097330480039155,1.082704238938943,1.0068789884776037,0.9743727660889344,0.9767616170456828,1.0515735198151968,0.9410316732393497,1.0085782736911848,1.0015637873599368,1.0031290463811278,0.9963876291601551,0.9950335843785205,7.53e-5,0.0026253,0.30699999999999994,0.5872523687443223,0.022166907821265014,0.14944116851876682,0.7031518934160035
0.43198526514928176,0.00255,4.364564661594208,7.060786031394514,-344.6750829271396,-313.1934662984757,1.0190715354501707,1.0108601537719013,1.0805448042237984,1.0053048155206705,0.9774931370603326,0.9806581983595666,1.0593613895937264,0.9548209351291275,1.0073020590355972,1.0013817392457889,1.0026069512442,0.9969467118176905,0.9957861801466276,7.53e-5,0.0026253,0.30699999999999994,0.5872523687443223,0.022151346053489555,0.14938830956959548,0.7171719048212541
0.445899873879836,0.00255,4.319510744126392,3.984900382474052,-343.4049335455932,-311.65552347401547,1.018875356899159,1.0119689376082,1.0786181744352017,1.0038386995569732,0.9801504351667828,0.9838132034998944,1.067687913740204,0.9668922280403401,1.0061040094912486,1.00119204905639,1.0020815303071307,0.9974169001766601,0.9963833473821243,7.53e-5,0.0026253,0.30699999999999994,0.5872523687443223,0.02213480698549479,0.14933211111066758,0.731191916226505
0.45985701566243137,0.00255,4.265531474525892,2.268326750139522,-342.71919341135845,-310.7972366578482,1.0186604057085713,1.0129895599653629,1.0768649773526349,1.0025016805973272,0.9823142867798653,0.9862264283315075,1.0755109889848566,0.977050875383619,1.00501097726746,1.00100267482796,1.0015639822376732,0.9977915492174894,0.9968184903419096,7.53e-5,0.0026253,0.30699999999999994,0.5872523687443223,0.022117392007618548,0.1492729141946695,0.7452119276317558
0.473845717512708,0.00255,4.203349197432312,1.4871463707540897,-342.4319851448889,-310.4066464681555,1.0184862291922165,1.0138493869998038,1.0753850981826891,1.001325346347665,0.9839877039306578,0.9879219721859912,1.0820247678899566,0.9849914372604711,1.0040409646876194,1.0008045240801235,1.0010424039745116,0.9980780369824461,0.9970992698065484,7.53e-5,0.0026253,0.30699999999999994,0.5872523687443223,0.022098877122576643,0.1492099534918704,0.7592319390370066
0.4878549816340532,0.00255,4.1354287003170205,1.2304950180738388,-342.36101414725937,-310.27832079181536,1.0183664428998371,1.0144671324993386,1.0741357223743981,1.00031913492414,0.985163842113485,0.9889214762193498,1.0861663799021457,0.9904660567003462,1.003206406106712,1.0006019259972587,1.0005247509640105,0.998276354263673,0.9972290578558947,7.53e-5,0.0026253,0.30699999999999994,0.5872523687443223,0.02207972586918699,0.14914480166068547,0.7732519504422574
0.5018737940639746,0.00255,4.06531737010784,1.1591474840473666,-342.3538454237249,-310.2426470248021,1.018331885216974,1.0147791303377052,1.0730924565796565,0.9994811008513612,0.9858472396966432,0.9892453234456879,1.087005873860702,0.9932330516692854,1.00250412071036,1.0003966077737165,1.000017326164614,0.9983902198521897,0.9972168934084819,7.53e-5,0.0026253,0.30699999999999994,0.5872523687443223,0.022060585926919417,0.14907966071076123,0.7872719618475081
0.5158911333331818,0.00255,3.9965454519556114,1.061873108484292,-342.31479724887384,-310.1940098370206,1.018390519452436,1.0147441579609136,1.072159289094025,0.9987790327813514,0.9860465048072203,0.9889015165043834,1.0839610861061262,0.9931763473395218,1.0019092733181327,1.0001938717623564,0.9995310720947371,0.9984225677975923,0.9970722235624487,7.53e-5,0.0026253,0.30699999999999994,0.5872523687443223,0.022042362468970803,0.1490176132532936,0.8012919732527589
0.5298959791305704,0.00255,3.9319199379607945,0.892653072159419,-342.220349373889,-310.10939981885815,1.0185497421372545,1.0143604102187942,1.071344990778843,0.9982037898667718,0.9857616314909692,0.9878836309262329,1.0767561315743956,0.990239721938888,1.0014148425666474,0.9999962224184551,0.9990698415600355,0.9983735448669789,0.9967967512055728,7.53e-5,0.0026253,0.30699999999999994,0.5872523687443223,0.022026573857546073,0.14896383571885236,0.8153119846580097
0.5438773209672962,0.00255,3.872969274239169,0.7759161348825501,-342.1230056587139,-310.0510313502197,1.0187957038818136,1.013667025607414,1.070559281093546,0.9977290829070397,0.9849879391880136,0.9861682624051781,1.0655457255881258,0.9846050160830883,1.0010035736140364,0.9998066840999467,0.9986349943564732,0.9982425631832141,0.9963896749415215,7.53e-5,0.0026253,0.30699999999999994,0.5872523687443223,0.022014617836410157,0.14892309982081928,0.8293319960632605
0.5578241668331257,0.00255,3.8205043549551156,0.9781244459192067,-342.1375754901497,-310.15213550573804,1.0191093717350541,1.0127373406450166,1.0698124021622009,0.9973290378217909,0.9837323667191432,0.9837263622750411,1.0511352852077958,0.9764730309327115,1.0006520296547088,0.9996284089410882,0.9982343987706259,0.99802818333836,0.9958514985108621,7.53e-5,0.0026253,0.30699999999999994,0.5872523687443223,0.02200754459180061,0.1488989951598303,0.8433520074685112
0.5717255518382599,0.00255,3.773912964489412,1.8560936055044976,-342.4188868152876,-310.5911200855307,1.0194752425454021,1.0116483360822515,1.0691116785535315,0.9969880018300464,0.9820091634131746,0.9805383859938721,1.034475248968401,0.966102680711784,1.000341994333929,0.9994642183001842,0.997876860792642,0.9977296110434757,0.9951844541608607,7.53e-5,0.0026253,0.30699999999999994,0.5872523687443223,0.022006082852656657,0.1488940132784429,0.857372018873762
0.5855705468338358,0.00255,3.7332780385468802,3.798517868302838,-343.13346324824727,-311.56233221692986,1.019859565409172,1.01048517671903,1.0684456390149015,0.9966982031223147,0.9798216714077397,0.976585469036681,1.016468739549632,0.9538162440505636,1.0000717846183191,0.999314961098769,0.9975592091618721,0.9973453928853343,0.9943842651503739,7.53e-5,0.0026253,0.30699999999999994,0.5872523687443223,0.022010661258596756,0.14890961680531117,0.8713920302790128
0.5993482670043292,0.00255,3.6981692135684914,7.175091328125632,-344.4368607998146,-313.25061894684126,1.020236755350517,1.0093162636111848,1.0678218178210999,0.996452110809566,0.9771883248006128,0.9718675256193786,0.9980005168450886,0.9398987118195795,0.9998359615714154,0.9991812599539148,0.9972813294752197,0.9968767435715827,0.9934526319771518,7.53e-5,0.0026253,0.30699999999999994,0.5872523687443223,0.022021178221281263,0.1489454533419236,0.8854120416842637
0.6130478804251023,0.00255,3.6681764778493595,12.301016324057514,-346.4563797811378,-315.8135814448072,1.0205996248101035,1.0081883885784924,1.0672328650977958,0.996236742392186,0.9741345444024533,0.9663972628524193,0.9798136864423315,0.9245737876837306,0.999621816846739,0.99906539241761,0.9970484727019645,0.9963269307123073,0.992397384856064,7.53e-5,0.0026253,0.30699999999999994,0.5872523687443223,0.02203709519605341,0.14899967450661974,0.8994320530895143
0.62665861657837,0.00255,3.643705618075067,19.41792439580172,-349.2827338929543,-319.3720354806793,1.0209086171268626,1.007148130257213,1.0667046826278843,0.9960727933564157,0.9706822940302356,0.960201177980751,0.9623749001340616,0.9081216558467697,0.9994537082797303,0.9989632686051687,0.9968461286805768,0.9956990924710764,0.9912169194183189,7.53e-5,0.0026253,0.30699999999999994,0.5872523687443223,0.02205818280390695,0.14907147996170272,0.9134520644947652
0.6401697748208868,0.00255,3.6237911887462118,28.68802172736207,-352.96836706594604,-324.0070841464595,1.021174739171827,1.0062085811146682,1.0662273999248986,0.9959336271894879,0.9668765595806363,0.9533196289863146,0.9461868790611933,0.8906862352963298,0.9993043792739578,0.9988791868711661,0.9966868507535481,0.9950006558443911,0.9899296161938079,7.53e-5,0.0026253,0.30699999999999994,0.5872523687443223,0.02208338156430681,0.14915724032766056,0.927472075900016
0.6535707327967015,0.00255,3.6085554108750713,40.197197422265845,-357.5291368727268,-329.76167199391136,1.0213882556547735,1.0053807026320545,1.0657989484078048,0.9958250851377366,0.9627519094332105,0.9457984600933009,0.931424919427106,0.8724717795585106,0.9991803608601689,0.9988118227138297,0.9965657498906629,0.9942381304275936,0.9885444380838099,7.53e-5,0.0026253,0.30699999999999994,0.5872523687443223,0.02211209220342396,0.14925489460320288,0.9414920873052668
0.666850954788361,0.00255,3.597834212489625,53.96324367888576,-362.9493508841211,-336.6446951222213,1.0215437112420243,1.004665277346559,1.0654299942459062,0.9957464006874968,0.9583485617826171,0.9376866884263332,0.9182802434147191,0.853645646666826,0.9990822139146536,0.9987608434133763,0.9964812356039591,0.99341863889503,0.987072743195201,7.53e-5,0.0026253,0.30699999999999994,0.5872523687443223,0.02214364676334661,0.14936215053597512,0.9555120987105176
0.68,0.00255,3.5915676454046386,69.94633395841117,-369.1880344604424,-344.636240261984,1.0216421008466354,1.0040572483850403,1.06511213211302,0.9956954411806496,0.9537061898035755,0.9290387077223086,0.9067692815527499,0.8343778590904976,0.9990078952632875,0.9987252437923863,0.9964305705403096,0.9925500969946648,0.985527027112571,7.53e-5,0.0026253,0.30699999999999994,0.5872523687443223,0.022177384438285905,0.14947674442791942,0.9695321101157683
0.35,0.002575,4.488409003256696,71.23621132094047,-371.4633294284865,-345.2811789432487,1.0198563785367194,1.0106800886617777,1.0953760153071437,1.0156390329462284,0.9528229667093036,0.9471224969106868,1.035186795612556,0.8557648304949459,1.0154797104836017,1.0023358317086113,1.0056200158817188,0.9924445129328673,0.9892237112099141,7.53e-5,0.0026503,0.30699999999999994,0.5872523687443223,0.022241758057906957,0.1496951607390369,0.6330518363897495
0.36343145033847896,0.002575,4.473310269933896,54.45041602005733,-364.50147424256204,-336.8882812928071,1.0199018331834986,1.0114905495742896,1.09268581513399,1.013873870069066,0.957795290107148,0.9543775832374825,1.0336375618448268,0.8754373958052649,1.0141181283454896,1.0022014847915457,1.00513845829737,0.9933743976900421,0.9906395284423117,7.53e-5,0.0026503,0.30699999999999994,0.5872523687443223,0.022227094363369355,0.14964543478993658,0.6470718477950003
0.37697026969153374,0.002575,4.455243884859994,40.23785989077828,-358.5589321932315,-329.7820032281676,1.0198986790063405,1.012388072856378,1.0900494565984566,1.0121147141559423,0.9624778949928554,0.9610476413981461,1.0343614113330288,0.8942803068732328,1.0127437831002573,1.0020537208118496,1.004640413484069,0.994245439710222,0.9919450276985365,7.53e-5,0.0026503,0.30699999999999994,0.5872523687443223,0.02221265648200122,0.1495964589304092,0.661091859200251
0.3906058139562867,0.002575,4.4336980692055254,28.586577089715774,-353.65495795269703,-323.95636182763633,1.0198384085664445,1.0133757861723867,1.0874952630835755,1.010377097223754,0.9668281132780543,0.9670837916432269,1.037312488090203,0.9121356094509789,1.0113718662089393,1.0018952138126238,1.0041316444788255,0.995048367070876,0.9931270576316902,7.53e-5,0.0026503,0.30699999999999994,0.5872523687443223,0.02219838940343992,0.14954804718174367,0.6751118706055018
0.40432736298556926,0.002575,4.407614540962925,19.415076135082927,-349.77695166222617,-319.3706113503199,1.019725599563272,1.0144434512896663,1.085046331882853,1.008676932959703,0.9708060627776494,0.9724432164710796,1.0422381149563005,0.9288442808700308,1.0100169959731156,1.001727398286506,1.003615040063125,0.9957760188084737,0.9941747056817994,7.53e-5,0.0026503,0.30699999999999994,0.5872523687443223,0.02218407133667455,0.1494994471292709,0.6891318820107526
0.4181241290160105,0.002575,4.375656865082927,12.562936157775084,-346.8744249656125,-315.944541361666,1.019563660725192,1.0155729976046968,1.0827357667669157,1.0070349938610526,0.9743758814715848,0.9770932546074105,1.048843930107048,0.9442376265949171,1.008698088561919,1.0015517156241551,1.0030934012867265,0.9964217392074248,0.9950779098021313,7.53e-5,0.0026503,0.30699999999999994,0.5872523687443223,0.02216944953280307,0.14944980027516072,0.7031518934160035
0.43198526514928176,0.002575,4.336767948764713,7.785602044623033,-344.85536292570106,-313.55587430508996,1.019373768488172,1.016731680282062,1.08059811901864,1.005474984375339,0.9775055243350028,0.9810095919972786,1.0565781915635981,0.9581284224006504,1.0074350131234897,1.0013678091056688,1.0025664779919279,0.9969817829407945,0.995830212364193,7.53e-5,0.0026503,0.30699999999999994,0.5872523687443223,0.02215415822851352,0.14939786308038136,0.7171719048212541
0.445899873879836,0.002575,4.289909616753577,4.7570539519440445,-343.58737506928594,-312.04160025875046,1.0191639203975367,1.0178675856052146,1.0786626679364246,1.0040227048282062,0.980168101760927,0.984182601176002,1.0648031450228712,0.9703105208759618,1.0062518875136595,1.0011777674126858,1.0020380289062842,0.9974514998494751,0.9964253958914846,7.53e-5,0.0026503,0.30699999999999994,0.5872523687443223,0.02213795764017518,0.1493428183705339,0.731191916226505
0.45985701566243137,0.002575,4.234838052854929,3.0848106574754866,-342.90396473404786,-311.2054786115162,1.0189565949717496,1.018913502243158,1.076954532008497,1.0027051137835148,0.9823448436795901,0.9866162451068003,1.0726726335336334,0.9805391676426651,1.0051722361087998,1.000981524822449,1.0015084640926977,0.9978297293777209,0.9968616950587549,7.53e-5,0.0026503,0.30699999999999994,0.5872523687443223,0.022120667567298292,0.14928405020145966,0.7452119276317558
0.473845717512708,0.002575,4.172685033290315,2.3411553415753588,-342.61918465753075,-310.8336509535661,1.0187802333340872,1.0197937407304198,1.075480800671941,1.001543939037137,0.9840272280700894,0.9883286556235801,1.0792086031096737,0.9885578669321177,1.0042143148582958,1.000779258813384,1.000979749085708,0.9981178071631498,0.9971423152563641,7.53e-5,0.0026503,0.30699999999999994,0.5872523687443223,0.022102285599968928,0.14922154610864755,0.7592319390370066
0.4878549816340532,0.002575,4.105863346578726,2.1112430743843333,-342.54986749254743,-310.7186948199706,1.018661867984237,1.0204299351386381,1.0742512679821599,1.0005465559791258,0.9852181664699791,0.9893410048893964,1.0835311918531103,0.994044039866359,1.003382125563074,1.00057205201877,1.0004592255942346,0.9983183890735657,0.9972749563503646,7.53e-5,0.0026503,0.30699999999999994,0.5872523687443223,0.022083006988528386,0.14915596586301125,0.7732519504422574
0.5018737940639746,0.002575,4.037825979804669,2.052349433002405,-342.54313766134624,-310.68924799927964,1.0186148460930085,1.0207544973902796,1.0731452263409362,0.9997071852737445,0.985895430489863,0.9896664530558946,1.0842694604042227,0.9968982387185499,1.0026861002894087,1.0003663540520988,0.999946220357623,0.9984309553889908,0.9972581709965467,7.53e-5,0.0026503,0.30699999999999994,0.5872523687443223,0.022063930622933246,0.14909104605251602,0.7872719618475081
0.5158911333331818,0.002575,3.97158488589001,1.9510205668758545,-342.50256061564784,-310.63858356621637,1.018671902582294,1.0207294443868506,1.072192260969664,0.9990079043243832,0.9860915866547555,0.9893208730338996,1.0812091023825339,0.9968473368792823,1.0020955605077178,1.000161308882387,0.9994548964812002,0.9984628779849073,0.9971106645869557,7.53e-5,0.0026503,0.30699999999999994,0.5872523687443223,0.022045609662369972,0.14902867117308177,0.8012919732527589
0.5298959791305704,0.002575,3.9094789087274395,1.7609117691968095,-342.40491776921726,-310.54352916737685,1.0188303502802214,1.0203517215005118,1.0713266900695788,0.998424646113113,0.9858023211940214,0.9882951738575703,1.0739912722680676,0.9939131162744573,1.0015961920412573,0.99996250640365,0.9989914402702039,0.9984136863249637,0.9968339517650466,7.53e-5,0.0026503,0.30699999999999994,0.5872523687443223,0.022029556413616362,0.14897399603565278,0.8153119846580097
0.5438773209672962,0.002575,3.8527366688722835,1.6081727952318943,-342.30285524848745,-310.4671596803944,1.0190826848903902,1.0196577347919402,1.0705121937674638,0.9979345292139064,0.9850303973436342,0.9865696123005238,1.0628976356529916,0.9882180385473761,1.0011687792867616,0.9997729724900705,0.9985608985021522,0.9982829141401669,0.9964291017028449,7.53e-5,0.0026503,0.30699999999999994,0.5872523687443223,0.022017164427042067,0.14893177733052532,0.8293319960632605
0.5578241668331257,0.002575,3.8017951953877174,1.7625726702912061,-342.31190061504003,-310.54435961792404,1.0194180306013192,1.0187151571739566,1.0697748954853656,0.9975136168116476,0.983785225657912,0.9841203973818599,1.0487178942703683,0.9799674664105957,1.0007904754138344,0.9995969841967504,0.9981746709939827,0.9980692166691937,0.9958984475154653,7.53e-5,0.0026503,0.30699999999999994,0.5872523687443223,0.022009575841186933,0.1489059177705204,0.8433520074685112
0.5717255518382599,0.002575,3.7571541756597218,2.584989930116876,-342.58695891350374,-310.9555682478369,1.0197749763599815,1.017609121404085,1.069014209893539,0.9971684997874284,0.9820451958845118,0.9809155832854353,1.0320055597680446,0.9695653815637028,1.0004825668362354,0.9994316731164617,0.997810642575874,0.9977686788770213,0.9952250569121964,7.53e-5,0.0026503,0.30699999999999994,0.5872523687443223,0.022008043717730266,0.14890069623765034,0.857372018873762
0.5855705468338358,0.002575,3.71779195579286,4.46813135209436,-343.29559037046073,-311.8971389588256,1.0201721612454013,1.0164166465432465,1.0683370157678342,0.9968642935946932,0.9798552040047297,0.9769509903645887,1.0141310680763427,0.9571687745917201,1.0001972134836254,0.9992840035005638,0.9974998089543275,0.99738366440752,0.9944265159398391,7.53e-5,0.0026503,0.30699999999999994,0.5872523687443223,0.02201234559330305,0.14891535673635878,0.8713920302790128
0.5993482670043292,0.002575,3.683987229741067,7.785131502518539,-344.5929707938743,-313.5556390340377,1.020547361234144,1.015211295102649,1.0676740620419434,0.9966105648681303,0.9772076604863008,0.9722109583240832,0.9956654877502888,0.9431609704460355,0.9999562228190265,0.9991503319217397,0.9972214680932779,0.9969128006415457,0.9934907495920854,7.53e-5,0.0026503,0.30699999999999994,0.5872523687443223,0.022022788691081353,0.14895094027707373,0.8854120416842637
0.6130478804251023,0.002575,3.655241175605004,12.853832433539651,-346.6074198802361,-316.08998949954827,1.020903968031623,1.0140483403655804,1.0670742122183594,0.9963950677069427,0.9741426753250151,0.9667252991449289,0.9775660352102714,0.9277528080927518,0.9997438488644037,0.999033532002293,0.9969858620587443,0.9963608020442662,0.9924302812775612,7.53e-5,0.0026503,0.30699999999999994,0.5872523687443223,0.022038736659484384,0.1490052650619049,0.8994320530895143
0.62665861657837,0.002575,3.6312804734516537,19.91761894931915,-349.42974344254213,-319.621882757438,1.021222855420867,1.012961846363894,1.0665203735472566,0.9962161860112699,0.9706852025958479,0.9605158052957943,0.960250171994635,0.9111783689386054,0.9995606760838952,0.9989335739603732,0.9967904892492192,0.9957317980016235,0.9912509158125039,7.53e-5,0.0026503,0.30699999999999994,0.5872523687443223,0.022059652828991076,0.14907648429588088,0.9134520644947652
0.6401697748208868,0.002575,3.6120445615300296,29.13968040680834,-353.11224724030234,-324.2329134861826,1.0214935341874283,1.0119716899605806,1.0660195103225507,0.9960699620063227,0.9668717314190758,0.9536222155969591,0.9441330326426017,0.8936250684227561,0.99940408293816,0.9988506178785816,0.9966347071345801,0.9950316761899083,0.9899623306494987,7.53e-5,0.0026503,0.30699999999999994,0.5872523687443223,0.022084800910003637,0.14916206944399532,0.927472075900016
0.6535707327967015,0.002575,3.597079191597174,40.60630448009954,-357.67065578991736,-329.9662255228282,1.0217052443289028,1.011089102371618,1.0655861054296627,0.9959594826267635,0.9627380310940706,0.9460869432127699,0.9295151360884235,0.8753119612604451,0.9992788688328433,0.9987833287374934,0.9965141460514181,0.9942671683578505,0.9885737392586705,7.53e-5,0.0026503,0.30699999999999994,0.5872523687443223,0.022113574285153675,0.14925993396557846,0.9414920873052668
0.666850954788361,0.002575,3.5865519829102497,54.335265173870425,-363.089801992211,-336.83070586971365,1.0218630196598988,1.0103056017978718,1.0651978269846643,0.9958777867496286,0.9583265318420484,0.9379660457988543,0.9164348615994506,0.8563815440896799,0.9991771906083203,0.9987324519896507,0.9964305552637582,0.9934460703746861,0.9870997277568614,7.53e-5,0.0026503,0.30699999999999994,0.5872523687443223,0.02214514861680614,0.14936725356764247,0.9555120987105176
0.68,0.002575,3.580264211794924,70.28641700029061,-369.3282881481319,-344.80628178292375,1.0219599948082152,1.0096180800142793,1.0648732240855383,0.9958272601533729,0.9536768845321638,0.9293094402564518,0.9050379525083234,0.8370094893676592,0.999102995407008,0.9986968499070983,0.9963805307347159,0.992575675378961,0.9855510334879755,7.53e-5,0.0026503,0.30699999999999994,0.5872523687443223,0.022178971736123397,0.14948213376854202,0.9695321101157683
0.35,0.0026,4.472212114707522,72.00790842734466,-371.7050198239243,-345.66702749645077,1.02015295875705,1.0162293062576484,1.0953459254564926,1.015759331705026,0.952758342882992,0.947341412937769,1.0333643175278198,0.858452704900794,1.0155687403406433,1.0023334324689301,1.0056083849877853,0.9924641610725388,0.9892534567342722,7.53e-5,0.0026753,0.30699999999999994,0.5872523687443223,0.022243700336965225,0.14970174598601604,0.6330518363897495
0.36343145033847896,0.0026,4.455983388854779,55.250567641076486,-364.7390881279781,-337.2883571033167,1.020224062083049,1.0171111524041159,1.0926685168048609,1.013999255453197,0.9577405122669848,0.9546115302218396,1.0315675905035455,0.8782158422306662,1.014209208395057,1.0021943292812436,1.005116327606356,0.9933993364994856,0.9906734993500774,7.53e-5,0.0026753,0.30699999999999994,0.5872523687443223,0.02222902293835682,0.14965197568199387,0.6470718477950003
0.37697026969153374,0.0026,4.436627249546687,41.0711746892041,-358.7933978337624,-330.1986606273805,1.0202130148280597,1.018069544075623,1.0900379483977864,1.0122453124249826,0.9624312879314261,0.9612943562307882,1.0321770759069637,0.89715955536456,1.01284066430657,1.0020464706811745,1.0046174794131202,0.9942710342474195,0.9919799031954908,7.53e-5,0.0026753,0.30699999999999994,0.5872523687443223,0.022214733602663846,0.14960350585059495,0.661091859200251
0.3906058139562867,0.0026,4.4134327710237775,29.457895097758865,-353.8875684481687,-324.3920208316579,1.020146775695294,1.0191097624211474,1.0874929602540482,1.010514280082046,0.9667906923105063,0.9673464529318059,1.0350286817162397,0.9151231726014947,1.0114754996589566,1.0018873407177147,1.0041066642667904,0.9950750159179068,0.9931629664406927,7.53e-5,0.0026753,0.30699999999999994,0.5872523687443223,0.022200632325800888,0.14955565898259635,0.6751118706055018
0.40432736298556926,0.0026,4.385512895961117,20.32901070881769,-350.00882186572255,-319.8275786371873,1.0200324624719488,1.0202239526395405,1.0850565657871227,1.0088228034935753,0.9707795047541304,0.9727233836052123,1.0398577660916826,0.9319346802159066,1.01012818810277,1.001717513706593,1.0035853293142705,0.9958047114521258,0.9942121534487054,7.53e-5,0.0026753,0.30699999999999994,0.5872523687443223,0.022186475622266458,0.14950760910648758,0.6891318820107526
0.4181241290160105,0.0026,4.351833873494994,13.52335611717399,-347.1066610096563,-316.42475134136544,1.0198741548588854,1.0213931413760227,1.0827616600227112,1.0071912624107802,0.9743599923415207,0.9773915168777393,1.0463461635183817,0.9474345220886545,1.0088176875440873,1.001538765037319,1.0030570979082218,0.9964531029724254,0.9951171794469319,7.53e-5,0.0026753,0.30699999999999994,0.5872523687443223,0.02217201076897533,0.14945849784884488,0.7031518934160035
0.43198526514928176,0.0026,4.31120392764316,8.79495350878517,-345.0893702356432,-314.060550037171,1.0196791828927672,1.0225805833396804,1.0806391068438048,1.005643714017285,0.977499535042856,0.9813268356098379,1.0540236748612282,0.9614342939801279,1.0075657548867551,1.0013526581235632,1.0025250536848045,0.9970145373132466,0.9958698083824518,7.53e-5,0.0026753,0.30699999999999994,0.5872523687443223,0.022156943413693907,0.1494073243172824,0.7171719048212541
0.445899873879836,0.0026,4.262991240315054,5.815459394306799,-343.8238206290108,-312.57080297993184,1.0194649271088554,1.0237428412238234,1.0787187748019562,1.0042057859787668,0.9801717692491179,0.9845182818134987,1.0622196342173367,0.9737108136285163,1.0063948900291413,1.0011594602865344,1.0019900183911996,0.9974857532756258,0.996464867922564,7.53e-5,0.0026753,0.30699999999999994,0.5872523687443223,0.022140956055628748,0.14935300756543932,0.731191916226505
0.45985701566243137,0.0026,4.207322562861732,4.189155924468764,-343.14304717485646,-311.7576512450128,1.019252023590336,1.0248155314628313,1.077018427603227,1.0029021001279066,0.9823577745945887,0.9869682083730481,1.0700809883396503,0.9840226769698264,1.0053268793620929,1.0009596331738924,1.0014536623730965,0.997865334690054,0.9969007263894328,7.53e-5,0.0026753,0.30699999999999994,0.5872523687443223,0.02212383436582033,0.14929481568394368,0.7452119276317558
0.473845717512708,0.0026,4.145470663593334,3.4844484052140388,-342.8603931698197,-311.40529748538546,1.0190733286844256,1.0257231943800962,1.0755426118377187,1.0017526158364989,0.9840461356121484,0.9886971615682327,1.0766366938145242,0.9921422444868758,1.0043800754293553,1.0007548155888755,1.0009198198118945,0.9981543274311496,0.9971808594929967,7.53e-5,0.0026753,0.30699999999999994,0.5872523687443223,0.02210560594317083,0.14923283813104019,0.7592319390370066
0.4878549816340532,0.0026,4.079865899313534,3.282436454259596,-342.79279041217336,-311.30429150990824,1.018946387920383,1.0263762536112078,1.0742803388077928,1.0007600629984195,0.9852351153329632,0.9897145286799541,1.080862224505969,0.9977067537144153,1.0035566658315767,1.0005459228782088,1.0003924104186894,0.9983543932411129,0.9973097302133862,7.53e-5,0.0026753,0.30699999999999994,0.5872523687443223,0.022086421310071606,0.14916758243302936,0.7732519504422574
0.5018737940639746,0.0026,4.013567465536087,3.2368531997635728,-342.786314637118,-311.2814998826602,1.0189022977010778,1.0267180531000246,1.0731788984282362,0.9999201669421593,0.9859258026309018,0.9900459817089108,1.0817733695424716,1.0005484223585175,1.002854933757874,1.0003367772380494,0.9998793179608291,0.9984690909658921,0.997296716837608,7.53e-5,0.0026753,0.30699999999999994,0.5872523687443223,0.022067035515485466,0.14910161434861705,0.7872719618475081
0.5158911333331818,0.0026,3.9493995358545257,3.1319804436275263,-342.7443857440577,-311.2290635045922,1.0189594376890327,1.0267018103929706,1.0721978032623376,0.9992152622116106,0.9861240042124017,0.9896989216299611,1.078746159220297,1.0005016007060075,1.0022595491071897,1.0001304438988228,0.9993871616068668,0.9985013328048223,0.9971494624842406,7.53e-5,0.0026753,0.30699999999999994,0.5872523687443223,0.022048463582657926,0.14903838919217702,0.8012919732527589
0.5298959791305704,0.0026,3.8893651951445487,2.9211037055251836,-342.64374219901896,-311.12362513554103,1.0191198120362364,1.0263241613939442,1.0713007169864632,0.9986231243069805,0.9858342554550991,0.988667372485824,1.0715634589875762,0.9975477368560942,1.0017525123746023,0.9999310191700241,0.9989241580839063,0.9984521048114519,0.9968729116969732,7.53e-5,0.0026753,0.30699999999999994,0.5872523687443223,0.022032108822849356,0.14898269048886156,0.8153119846580097
0.5438773209672962,0.0026,3.834595473258367,2.732038107540575,-342.53707746043483,-311.02909233654873,1.0193742232838932,1.025622698153908,1.0704598692558547,0.9981227967661026,0.9850583807407274,0.9869320915768137,1.0605074740398137,0.991811949137655,1.00131703573949,0.999741515747407,0.9984948861826669,0.9983206996032674,0.9964675039120932,7.53e-5,0.0026753,0.30699999999999994,0.5872523687443223,0.022019436425279443,0.1489395187523759,0.8293319960632605
0.5578241668331257,0.0026,3.7855313561043076,2.837838063619074,-342.54041121732473,-311.081992314588,1.0197019176787514,1.0246652620793784,1.0696635797378242,0.9976973608682833,0.9837994045815774,0.9844678248612495,1.0462571814388273,0.9835302711325015,1.0009394522621509,0.9995643347930107,0.9981029529015537,0.9981054227159422,0.995931548010409,7.53e-5,0.0026753,0.30699999999999994,0.5872523687443223,0.022011710163896688,0.14891319132440617,0.8433520074685112
0.5717255518382599,0.0026,3.7421477188009664,3.6035057545989275,-342.8092303719733,-311.4648261600779,1.0200758443001312,1.0235357031840482,1.0689055865128265,0.9973338380627018,0.9820631351739946,0.9812511271608961,1.0297174140412229,0.9730010903338171,1.0006096201473158,0.999401169743546,0.997750289091661,0.9978046400643611,0.9952627294108549,7.53e-5,0.0026753,0.30699999999999994,0.5872523687443223,0.022009771969983105,0.14890658617181668,0.857372018873762
0.5855705468338358,0.0026,3.704235372633797,5.425869188916749,-343.5112637053985,-312.3760078772368,1.0204692015165018,1.0223176553831856,1.068188103863384,0.9970227544353129,0.9798607173404993,0.9772679537685917,1.0118408402418149,0.9605334119930145,1.0003203019770266,0.9992532336382581,0.9974380267162246,0.9974178385874625,0.9944603387224864,7.53e-5,0.0026753,0.30699999999999994,0.5872523687443223,0.02201397126503612,0.14892089655022978,0.8713920302790128
0.5993482670043292,0.0026,3.6714610697965218,8.681590323542196,-344.80277110136194,-314.00386844454954,1.020856951809096,1.021081039320012,1.0675108553187196,0.9967570331524878,0.9772100442662259,0.9725176667476126,0.993490162618758,0.946413902736118,1.0000663208086018,0.9991212514795923,0.997166240872906,0.9969461913751115,0.9935261311144731,7.53e-5,0.0026753,0.30699999999999994,0.5872523687443223,0.02202420731971375,0.1489557734392236,0.8854120416842637
0.6130478804251023,0.0026,3.6435628398057394,13.691084223543385,-346.8120308795399,-316.50861539455013,1.0212168344516794,1.0198753209826137,1.0668913824765818,0.9965330974718207,0.9741364852461764,0.9670166528597628,0.9754671830982015,0.9308976470926374,0.9998463116827309,0.9990052764769906,0.996933351391421,0.9963925145151669,0.9924639005105849,7.53e-5,0.0026753,0.30699999999999994,0.5872523687443223,0.022040063017317927,0.14900978227054265,0.8994320530895143
0.62665861657837,0.0026,3.620305500526951,20.699386594785437,-349.630234460383,-320.01276658017116,1.021538508914803,1.0187382709613668,1.06631926263449,0.9963484722854881,0.9706703744612143,0.9607939504211072,0.9582366145843405,0.9142259262303404,0.9996580501874216,0.9989057243318635,0.9967394448606186,0.9957619050572543,0.9912823120504078,7.53e-5,0.0026753,0.30699999999999994,0.5872523687443223,0.022060937754186192,0.14908085837011253,0.9134520644947652
0.6401697748208868,0.0026,3.6015413758391484,29.87061342542495,-353.3095427673551,-324.5983799954909,1.021808884366097,1.0176900095067223,1.0658093400544464,0.9961990850732576,0.9668480720559968,0.9538866601898309,0.9422316172350282,0.8965816786402316,0.9994990925672836,0.9988228784621769,0.9965843532689894,0.995060056139844,0.9899908337755305,7.53e-5,0.0026753,0.30699999999999994,0.5872523687443223,0.022086113731024256,0.14916653599066046,0.927472075900016
0.6535707327967015,0.0026,3.5870195954709647,41.29143422241407,-357.8658239828412,-330.3087903939855,1.0220243575011532,1.0167386566165681,1.0653558874643438,0.996083402783771,0.9627076042288191,0.9463415506338339,0.9276814898032926,0.878154368079353,0.9993682973466699,0.9987565593017574,0.9964668610822447,0.9942939611809956,0.988600918329651,7.53e-5,0.0026753,0.30699999999999994,0.5872523687443223,0.022114862657148248,0.14926431454356803,0.9414920873052668
0.666850954788361,0.0026,3.576712751990567,54.97963717754533,-363.28295571319296,-337.1528918715511,1.0221812267633814,1.0158855496436965,1.0649625967954277,0.9960003726384252,0.9582878101733285,0.9382075699282687,0.914726716084051,0.8591132107209997,0.9992654603997747,0.9987061062727011,0.9963847751195793,0.9934708283982314,0.9871239230150749,7.53e-5,0.0026753,0.30699999999999994,0.5872523687443223,0.02214650063351131,0.14937184733594353,0.9555120987105176
0.68,0.0026,3.5703154042807896,70.89489384701244,-369.52091054682734,-345.11052020628466,1.0222808642399028,1.0151266062852249,1.064624985416165,0.9959485937219885,0.9536317839173293,0.9295450128804359,0.9034234628987978,0.8396431252577599,0.9991894090475689,0.9986709477808058,0.9963363766222803,0.9925989822026183,0.9855734865187624,7.53e-5,0.0026753,0.30699999999999994,0.5872523687443223,0.022180370177222745,0.14948688172910504,0.9695321101157683
0.35,0.002625,4.456814967828291,73.04471973935267,-371.9964976437645,-346.1854331524548,1.0204672544965268,1.0217739547955125,1.0953212575517428,1.0158803550135527,0.9526774969672405,0.9475309359622636,1.0316193224373713,0.8611017860401917,1.0156561210004817,1.002327861503553,1.0055905317041867,0.9924836836106528,0.9892799365904247,7.53e-5,0.0027003,0.30699999999999994,0.5872523687443223,0.022245589860025818,0.14970815209553165,0.6330518363897495
0.36343145033847896,0.002625,4.4393142098629355,56.319015955971054,-365.02798055635475,-337.82258126076397,1.0205418930436811,1.022706014421699,1.092651160275243,1.014125545418229,0.9576697749518548,0.9548146992382833,1.029696874620192,0.8809604664767237,1.0143008838712375,1.0021868337566942,1.0050941179912611,0.9934214233468714,0.9907025053956998,7.53e-5,0.0027003,0.30699999999999994,0.5872523687443223,0.022230995647026935,0.14965866596953498,0.6470718477950003
0.37697026969153374,0.002625,4.418766080623649,42.175777869250396,-359.07992294087046,-330.75096221740364,1.0205210121017056,1.023722988561724,1.0900233472238143,1.012376762810069,0.962367212073933,0.9615122521327343,1.0302114061346965,0.9000348274875727,1.012938759160737,1.002039615363306,1.004596017852529,0.9942931266440596,0.9920094072721403,7.53e-5,0.0027003,0.30699999999999994,0.5872523687443223,0.02221688076394471,0.14961079005487563,0.661091859200251
0.3906058139562867,0.002625,4.394185052306255,30.603311947116595,-354.17289340171396,-324.96472925633674,1.0204643712108485,1.0248097281919644,1.0874878400844585,1.010652759842079,0.9667374543479499,0.9675795103653924,1.0328947917988958,0.9180985469807962,1.0115786086690928,1.0018772672491945,1.0040782593086641,0.995100640626516,0.99319550639284,7.53e-5,0.0027003,0.30699999999999994,0.5872523687443223,0.022202862768500194,0.14956322805860858,0.6751118706055018
0.40432736298556926,0.002625,4.364783461392789,21.519657669240132,-350.29404919854534,-320.4229021173985,1.0203435586962875,1.0259661621668248,1.085060992154928,1.008968749281646,0.9707348966332878,0.9729728702942011,1.0376486252961432,0.9350280532684363,1.0102388358568535,1.0017065831822722,1.003554458374535,0.9958312318054661,0.9942453008585888,7.53e-5,0.0027003,0.30699999999999994,0.5872523687443223,0.022188889045345623,0.14951580166863207,0.6891318820107526
0.4181241290160105,0.002625,4.329577759472697,14.762858030497,-347.39282696703395,-317.04450229802694,1.0201853647250516,1.0271722979718232,1.0827794085836153,1.0073470899465968,0.9743257212410341,0.9776575448281284,1.0440499111894925,0.9506338046792451,1.0089366101456243,1.0015253206957582,1.0030207457333211,0.9964818045789775,0.995151810839976,7.53e-5,0.0027003,0.30699999999999994,0.5872523687443223,0.022174587539193456,0.14946724767838973,0.7031518934160035
0.43198526514928176,0.002625,4.287644507854712,10.085406821649372,-345.37721196386,-314.7057766936031,1.0199851320943036,1.0283969648843976,1.0806652750698817,1.0058106069659931,0.9774751889667553,0.9816103748493185,1.051683075119784,0.9647345488552677,1.0076943809100847,1.0013368946352341,1.0024835420954241,0.9970446517753829,0.9959047685696155,7.53e-5,0.0027003,0.30699999999999994,0.5872523687443223,0.022159711018812363,0.14941672525927924,0.7171719048212541
0.445899873879836,0.002625,4.238416975394195,7.1566547110830925,-344.1140893567327,-313.24140063832,1.0197631841106778,1.0295909026303995,1.078757589598701,1.0043844957787336,0.9801564122127424,0.9848195678882922,1.059879632248161,0.9771163563456061,1.0065345484051684,1.0011412602666216,1.0019432921662303,0.9975168801576064,0.9964994604802079,7.53e-5,0.0027003,0.30699999999999994,0.5872523687443223,0.02214393317375351,0.14936312372078772,0.731191916226505
0.45985701566243137,0.002625,4.182399123594005,5.577779518272337,-343.4361994249869,-312.4519630419146,1.0195477210342894,1.0306886988951371,1.077064655846834,1.0030920219428021,0.982351069535387,0.9872863410256647,1.0677491161069317,0.9875279811361973,1.0054764252622046,1.0009386052509481,1.0014014355833718,0.9978978853724204,0.9969355415764892,7.53e-5,0.0027003,0.30699999999999994,0.5872523687443223,0.02212695843352756,0.14930543516583142,0.7452119276317558
0.473845717512708,0.002625,4.120950331732358,4.913376772523293,-343.1565659809116,-312.1197616690401,1.0193633470987373,1.0316135438405416,1.0755933808919618,1.0019497577689618,0.9840501251760303,0.9890248878346324,1.0743375355894778,0.995689900371186,1.0045341790132565,1.000730047170616,1.00086237869899,0.9981884110715339,0.9972162080010674,7.53e-5,0.0027003,0.30699999999999994,0.5872523687443223,0.022108704434834543,0.1492433749197758,0.7592319390370066
0.4878549816340532,0.002625,4.056494115250003,4.740447756289541,-343.0907065492455,-312.0332971609232,1.0192350757706263,1.0322863080502505,1.074306423072158,1.0009613473852363,0.9852425733212685,0.9900520145231959,1.0785513634951474,1.0013397648439426,1.0037156872925954,1.0005191707873025,1.0003309058471357,0.9983891285508386,0.9973445630538867,7.53e-5,0.0027003,0.30699999999999994,0.5872523687443223,0.022089518828994716,0.1491781203840551,0.7732519504422574
0.5018737940639746,0.002625,3.991809449473668,4.709043797271875,-343.08464646196535,-312.0175951814144,1.0191898974034503,1.0326418086134057,1.0731836019639855,1.0001197828542177,0.9859377377990006,0.9903872425947258,1.079495201825107,1.0042145332072945,1.003012557873008,1.0003081896578312,0.9998155571106971,0.9985045394983566,0.9973318907072046,7.53e-5,0.0027003,0.30699999999999994,0.5872523687443223,0.022069956565031728,0.1491115562245893,0.7872719618475081
0.5158911333331818,0.002625,3.9294586356457506,4.60106387086762,-343.04148018821815,-311.96360521821225,1.0192471861014512,1.0326321819675923,1.0721764580337558,0.9994089072179085,0.9861380588183758,0.9900383768158406,1.0764859788558423,1.0041704560873088,1.002411941388337,1.0001007995554272,0.9993231101265644,0.9985371038533452,0.9971851211519627,7.53e-5,0.0027003,0.30699999999999994,0.5872523687443223,0.02205112365932641,0.14904744659165348,0.8012919732527589
0.5298959791305704,0.002625,3.87127736413584,4.369385691809043,-342.93763224496774,-311.84776612868296,1.01940958645944,1.0322556295726841,1.0712514063464815,0.9988081359749,0.9858477252558522,0.9890004957986511,1.0693248835087008,1.001191096204792,1.001897274463905,0.9999009062956254,0.9988609429251959,0.9984877843126565,0.9969088005760882,7.53e-5,0.0027003,0.30699999999999994,0.5872523687443223,0.02203446548728215,0.14899071772554148,0.8153119846580097
0.5438773209672962,0.002625,3.8182545745046776,4.143544470663869,-342.8259929100568,-311.7348455181104,1.0196670427716397,1.0315501834657421,1.0703828753922686,0.9982978952161798,0.9850692536067958,0.9872561574586611,1.058296787464375,0.9954063807504375,1.0014530497431209,0.999711513228688,0.9984335863909715,0.998355954143293,0.9965034875399332,7.53e-5,0.0027003,0.30699999999999994,0.5872523687443223,0.022021495008736226,0.1489465326649725,0.8293319960632605
0.5578241668331257,0.002625,3.770753965961237,4.19996780500378,-342.8232613952269,-311.76305718528033,1.019998104742932,1.030580925032795,1.0695579984857146,0.9978618074133416,0.9838055178640907,0.9847803000009867,1.0440885614521076,0.9870561956607551,1.001066260272641,0.9995346823206711,0.9980436487971577,0.998139884930384,0.9959670015564027,7.53e-5,0.0027003,0.30699999999999994,0.5872523687443223,0.02201349324711632,0.1489192676256991,0.8433520074685112
0.5717255518382599,0.002625,3.728756483117117,4.907803055585873,-343.085491662108,-312.1169748105714,1.0203762164829302,1.0294313674734616,1.0687753582129031,0.9974881724662712,0.9820627664732664,0.9815503102841107,1.027595643281919,0.9764438579963536,1.0007276096538935,0.9993720643027475,0.9976932965970423,0.9978380071448036,0.9952972532023046,7.53e-5,0.0027003,0.30699999999999994,0.5872523687443223,0.022011329247133494,0.14891189322423834,0.857372018873762
0.5855705468338358,0.002625,3.692012456403847,6.66794699615366,-343.7810338971331,-312.99704678085527,1.020773415378332,1.0281840773107611,1.0680338208880569,0.9971677578693934,0.9798528460404741,0.9775528430308799,1.0097712616981835,0.9638825204450168,1.0004300644991253,0.9992247401015482,0.9973833451901893,0.9974498758647704,0.9944935123952826,7.53e-5,0.0027003,0.30699999999999994,0.5872523687443223,0.022015352661390104,0.14892560378790745,0.8713920302790128
0.5993482670043292,0.002625,3.6602619398368934,9.86049119260349,-345.0665059239635,-314.5933188790802,1.021164855877662,1.0269103388499468,1.0673396506329031,0.9968943724203618,0.9771942693417598,0.9727890347475644,0.9915002984980115,0.9496652564916701,1.000169423440298,0.9990933434372609,0.997113639616827,0.9969767353243647,0.993557549988548,7.53e-5,0.0027003,0.30699999999999994,0.5872523687443223,0.022025468867816363,0.14896007131188915,0.8854120416842637
0.6130478804251023,0.002625,3.633220004962263,14.808473317462585,-347.07022706398607,-317.06730994150973,1.021528878967885,1.0256639105034977,1.0666975358648694,0.9966634672020758,0.9741123181283565,0.967274101139617,0.9735176716785641,0.9340490578126182,0.9999429376361119,0.998978095544456,0.9968832009817321,0.9964215983674118,0.9924938084564426,7.53e-5,0.0027003,0.30699999999999994,0.5872523687443223,0.022041249264130872,0.1490138221871758,0.8994320530895143
0.62665861657837,0.002625,3.6106849428438905,21.758704761407444,-349.88355791131676,-320.54242566348216,1.0218539314751764,1.0244808295964094,1.0661089146165716,0.9964719097492014,0.9706382675001015,0.9610373219067124,0.9563502098315185,0.917263310862141,0.9997480664693565,0.9988794546319019,0.9966923002508772,0.9957893653102062,0.9913106955287447,7.53e-5,0.0027003,0.30699999999999994,0.5872523687443223,0.022062071245496164,0.1490847168377786,0.9134520644947652
0.6401697748208868,0.002625,3.592436838856578,30.876299933947053,-353.5588589049567,-325.10122324975197,1.0221261703613704,1.0233797204275608,1.0655832041536917,0.9963173704991635,0.9668076569683105,0.9541164028807498,0.940422472029119,0.8995043307346842,0.9995842517897316,0.9987972516635787,0.9965393287852906,0.9950857542569427,0.9900170404682386,7.53e-5,0.0027003,0.30699999999999994,0.5872523687443223,0.022087229358180527,0.14917033153231943,0.927472075900016
0.6535707327967015,0.002625,3.5783101249440916,42.24833496805729,-358.1120485857221,-330.7872407668071,1.0223429666201456,1.0223734762422492,1.0651169356502146,0.9961985707787058,0.9626597802914865,0.9465605571276341,0.9259583945471267,0.8809702589119772,0.9994503847860091,0.9987314279124382,0.9964235401862255,0.9943180293082176,0.9886249911452399,7.53e-5,0.0027003,0.30699999999999994,0.5872523687443223,0.022115993579678105,0.14926815967675794,0.9414920873052668
0.666850954788361,0.002625,3.5681401859646975,55.89259408833209,-363.5272422854932,-337.6093703269445,1.0225000772654775,1.0214574312408136,1.0647128678085531,0.9961137098064363,0.9582337460462028,0.9384180422251917,0.9130949939274278,0.86182286597651,0.9993455021804233,0.9986817352957225,0.9963437485103657,0.9934932650617812,0.9871461708897437,7.53e-5,0.0027003,0.30699999999999994,0.5872523687443223,0.022147674961153527,0.14937583725612524,0.9555120987105176
0.68,0.002625,3.5618656810765073,71.76844055900892,-369.76387869591844,-345.5472935622829,1.0225980717893481,1.0206204558629377,1.0643719556294755,0.9960616008462927,0.9535711105417197,0.9297439267282036,0.9019294243649788,0.8422437252674568,0.9992692549055817,0.9986467378906798,0.9962963302358835,0.9926197039072712,0.9855930133323233,7.53e-5,0.0027003,0.30699999999999994,0.5872523687443223,0.022181605591728673,0.14949107606319184,0.9695321101157683
0.35,0.00265,4.441994511471896,74.34307185064768,-372.3404178469459,-346.8346092081023,1.0207961021788299,1.0272594202814451,1.0952950884279549,1.016002388371463,0.9525804409909372,0.9476915101734832,1.0299242620304703,0.8637400164185913,1.0157424970539768,1.0023197417269087,1.0055679728235474,0.99250283256351,0.9893034312750311,7.53e-5,0.0027253,0.30699999999999994,0.5872523687443223,0.022247446146293117,0.14971444526240482,0.6330518363897495
0.36343145033847896,0.00265,4.423495278385673,57.65260580330312,-365.3687434654795,-338.48937618443,1.0208426140407876,1.0282653824631036,1.0926218499384508,1.0142512870233646,0.9575772082645159,0.9549874963108506,1.0279998908911194,0.8837348918146486,1.0143947545865757,1.0021824801156385,1.0050789980231511,0.9934377075428305,0.9907247479482888,7.53e-5,0.0027253,0.30699999999999994,0.5872523687443223,0.02223309633560285,0.14966578997202093,0.6470718477950003
0.37697026969153374,0.00265,4.401775675650412,43.54866779158431,-359.4186733342418,-331.4374071785706,1.0208418804918713,1.0293393084515012,1.0900089850523884,1.0125091698961721,0.9622869431474262,0.9617000764325223,1.0283500226543443,0.9028927816754928,1.0130359794015167,1.0020304640730506,1.004570762544428,0.9943146044513074,0.9920360202976617,7.53e-5,0.0027253,0.30699999999999994,0.5872523687443223,0.022219002023505314,0.14961798605026966,0.661091859200251
0.3906058139562867,0.00265,4.375932082104645,32.019723599349845,-354.5103495953824,-325.67293508245336,1.0207815272475367,1.0304807407620793,1.0874817867435047,1.0107906401037967,0.9666660010621244,0.9677814772907417,1.0309496893899641,0.921064570220231,1.0116812743935095,1.0018667877741008,1.0040497714875352,0.9951234790099628,0.9932231703866987,7.53e-5,0.0027253,0.30699999999999994,0.5872523687443223,0.022205117540569832,0.14957087931944454,0.6751118706055018
0.40432736298556926,0.00265,4.345244665388988,22.98363507950478,-350.63142731395806,-321.15489082253083,1.0206543988775458,1.0316840618169374,1.085060793928332,1.0091146134984628,0.9706724783584901,0.9731907592243121,1.0356402156255373,0.9381060794932378,1.0103491569586636,1.001695196356953,1.0035235565367366,0.9958550884342294,0.9942738016675741,7.53e-5,0.0027253,0.30699999999999994,0.5872523687443223,0.022191322628483095,0.1495240622248545,0.6891318820107526
0.4181241290160105,0.00265,4.308742614781881,16.277770778001127,-347.73151031265695,-317.801958671779,1.0204896338355665,1.0329280824315943,1.082785647416609,1.0075016614231693,0.9742726556623815,0.9778921332942805,1.0419951052818213,0.9538239526685237,1.0090551670903554,1.001512450413497,1.002986193917519,0.9965067605402427,0.9951807461709269,7.53e-5,0.0027253,0.30699999999999994,0.5872523687443223,0.022177207474199774,0.14947614357138653,0.7031518934160035
0.43198526514928176,0.00265,4.265687705487826,11.653258573336984,-345.7182071334202,-315.48970256944693,1.020285159209212,1.034184938764841,1.0806854876263865,1.0059751330089897,0.977431868559267,0.981861724411633,1.04959798489208,0.968034247596234,1.0078218618576986,1.0013214372249946,1.0024436037504991,0.9970712166513158,0.9959342596776392,7.53e-5,0.0027253,0.30699999999999994,0.5872523687443223,0.022162507991248817,0.14942622537265401,0.7171719048212541
0.445899873879836,0.00265,4.215869286537836,8.777135717408555,-344.45789664255466,-314.0516411414827,1.0200638700925955,1.0354092050580421,1.0787838472948292,1.0045594585556292,0.9801233219219891,0.9850863346600595,1.057754465502706,0.9805173934683982,1.0066701148843218,1.001122271366319,1.001896793060179,0.9975457210805945,0.9965301653593714,7.53e-5,0.0027253,0.30699999999999994,0.5872523687443223,0.02214684618962467,0.14937302141536357,0.731191916226505
0.45985701566243137,0.00265,4.15960852815537,7.247371809508536,-343.78283580459936,-313.2867591875327,1.0198453055703784,1.036536032582772,1.0770996170386335,1.0032752732532415,0.9823283182353028,0.9875653635317398,1.0656536343871834,0.9910008833057021,1.0056180282191765,1.000916290771725,1.001350202907842,0.9979283999979393,0.9969672341023709,7.53e-5,0.0027253,0.30699999999999994,0.5872523687443223,0.022129917701935474,0.14931549377824743,0.7452119276317558
0.473845717512708,0.00265,4.098815213354184,6.624657922414485,-343.505640348059,-312.9754022439857,1.0196540857434648,1.0374870139658832,1.0756088284605492,1.002138507537522,0.9840308857320375,0.9893158379832248,1.0722207188959822,0.9992618320166162,1.0046831348119742,1.0007064468052984,1.0008068683828073,0.998219003388346,0.9972462963021048,7.53e-5,0.0027253,0.30699999999999994,0.5872523687443223,0.022111768426762646,0.14925379367843475,0.7592319390370066
0.4878549816340532,0.00265,4.035252445872152,6.4818515333613504,-343.44152975499236,-312.9039990494591,1.0195242306632197,1.038181803900268,1.0743215377888802,1.0011534630830619,0.9852362586439575,0.9903531000586968,1.0765100772928244,1.0049549860793296,1.0038644004419897,1.000492619409201,1.0002732317939522,0.9984217945616856,0.9973774262947018,7.53e-5,0.0027253,0.30699999999999994,0.5872523687443223,0.022092419707650503,0.14918798869789984,0.7732519504422574
0.5018737940639746,0.00265,3.972373232209435,6.4653392403195085,-343.43575322131255,-312.8957429029382,1.0194899926726149,1.0385517266229627,1.073151797632907,1.0002847865685742,0.9859387269696508,0.9906812809160771,1.0775464931920127,1.0078612824922673,1.0031353019526807,1.0002816761637654,0.9997639967760811,0.9985390489194013,0.9973705904075505,7.53e-5,0.0027253,0.30699999999999994,0.5872523687443223,0.022072262190066447,0.14911940303146265,0.7872719618475081
0.5158911333331818,0.00265,3.911563193037758,6.354639055427469,-343.39133720690876,-312.8403928104922,1.0195336383411442,1.0385479380879912,1.0721337109205085,0.9995900519615527,0.9861337438355211,0.9903384343720366,1.0744396053456464,1.0078263391849298,1.0025536534551172,1.0000724487079116,0.9992629944870559,0.9985699760469322,0.9972173798450579,7.53e-5,0.0027253,0.30699999999999994,0.5872523687443223,0.022053606797977663,0.1490559010460493,0.8012919732527589
0.5298959791305704,0.00265,3.8549541851479003,6.102206684365228,-343.2845837094908,-312.71417662496106,1.0196976691706805,1.0381692253730657,1.071178789544918,0.9989806440166057,0.985843427252744,0.9892958303902404,1.0672958693332244,1.0048273728266137,1.0020315171164045,0.9998722470763372,0.99880168112501,0.9985207081149252,0.996941532917943,7.53e-5,0.0027253,0.30699999999999994,0.5872523687443223,0.02203664470629975,0.148998140176797,0.8153119846580097
0.5438773209672962,0.00265,3.803552875337692,5.839234531656189,-343.16824224642966,-312.58269054860654,1.019958100446573,1.0374544659882226,1.0702871272225605,0.9984616871485344,0.985061418857311,0.9875421998643231,1.056287039651876,0.9989930102319604,1.001579889898738,0.9996827520257017,0.9983753586465511,0.9983882895916635,0.9965356494173098,7.53e-5,0.0027253,0.30699999999999994,0.5872523687443223,0.022023387337587633,0.1489529798397149,0.8293319960632605
0.5578241668331257,0.00265,3.7574119865278846,5.845456318202764,-343.15999006094756,-312.5858014418798,1.0202934698076072,1.0364654986998512,1.069433555998257,0.9980156956279227,0.9837939659698467,0.9850556927726187,1.0420876051662196,0.9905757482961649,1.0011837892438413,0.9995064977850344,0.997988453010927,0.9981716177500337,0.9959994226349002,7.53e-5,0.0027253,0.30699999999999994,0.5872523687443223,0.022015115646095967,0.1489247961463157,0.8433520074685112
0.5717255518382599,0.00265,3.7166659970911904,6.494178553563415,-343.4156070435142,-312.91016255956015,1.020677220675843,1.035292660631396,1.0686294262777847,0.9976327935735648,0.982044726582048,0.9818132408057971,1.0256245314660597,0.9798823152330287,1.0008369237844368,0.9993445125924784,0.9976406670801458,0.9978687123209482,0.9953289842568668,7.53e-5,0.0027253,0.30699999999999994,0.5872523687443223,0.022012737276794456,0.14891669149744197,0.857372018873762
0.5855705468338358,0.00265,3.6810348206307135,8.190467250073766,-344.104441529714,-313.7583069078153,1.0210784501237553,1.0340159075482112,1.0678669131598906,0.997303911502562,0.9798275612690964,0.9778030392255651,1.0078497069287107,0.9672281997480326,1.0005320839609122,0.999197785506414,0.9973327858427303,0.9974793264772515,0.9945239175202174,7.53e-5,0.0027253,0.30699999999999994,0.5872523687443223,0.022016595133377444,0.14892983750446223,0.8713920302790128
0.5993482670043292,0.00265,3.6502326770235793,11.31798166336398,-345.3833060768834,-315.32206411446043,1.0214732861219087,1.0327088554974306,1.067152274662524,0.9970227188150572,0.9771611377744439,0.9730253002567789,0.9896251101205839,0.9529054463674638,1.0002644983994637,0.99906708480794,0.9970654066960373,0.997004728773686,0.993586384469623,7.53e-5,0.0027253,0.30699999999999994,0.5872523687443223,0.022026590903330832,0.14896389378859756,0.8854120416842637
0.6130478804251023,0.00265,3.624005985809319,16.202413179336645,-347.3810250017514,-317.76427987244676,1.021842391418861,1.0314223580747068,1.0664901487064182,0.9967844298260936,0.9740706652331508,0.9674958813483802,0.9716800303207003,0.9371801974794068,1.0000310578812508,0.998952681629443,0.9968377788705919,0.9964480732577765,0.9925212204694653,7.53e-5,0.0027253,0.30699999999999994,0.5872523687443223,0.02204228680806206,0.14901735558983584,0.8994320530895143
0.62665861657837,0.00265,3.602119781484964,23.092229738572996,-350.18959941918257,-321.20918815206494,1.0221696851280018,1.0301890994167442,1.0658845064287576,0.9965867572073148,0.9705890536776545,0.9612462681134526,0.9545840314893701,0.9202860290619482,0.9998306152158297,0.9988546592498165,0.9966489594533691,0.9958142795582356,0.9913362286711445,7.53e-5,0.0027253,0.30699999999999994,0.5872523687443223,0.022063056526697197,0.14908807071125554,0.9134520644947652
0.6401697748208868,0.00265,3.5843843028056726,32.153452788601726,-353.8611455610954,-325.7397996770793,1.0224461641038884,1.0290294274239251,1.065346199890036,0.9964288564757267,0.9667503282883514,0.9543146711022498,0.9387096358832039,0.9024211671110594,0.9996634368565722,0.9987730421779205,0.9964979139921496,0.9951090880657895,0.9900406728310026,7.53e-5,0.0027253,0.30699999999999994,0.5872523687443223,0.02208821022991543,0.1491736685371267,0.927472075900016
0.6535707327967015,0.00265,3.570642428019832,43.47351966668066,-358.4113533305781,-331.39983311611877,1.0226633745873366,1.0279566468005856,1.0648698433105825,0.9963070355765464,0.9625947680205256,0.9467470547657371,0.9243338868165768,0.8837818772834616,0.9995268557236389,0.9987075866535301,0.9963835273137825,0.9943396762756568,0.9886461952827804,7.53e-5,0.0027253,0.30699999999999994,0.5872523687443223,0.022116992442094748,0.1492715557260488,0.9414920873052668
0.666850954788361,0.00265,3.5607348308954605,57.070203348269274,-363.8244195673633,-338.1981749569131,1.0228246032132973,1.0269683479466696,1.064454348692095,0.9962198611545565,0.9581611621755285,0.9385963644767189,0.9115155528259504,0.8645349720354166,0.9994192539629106,0.9986588450486514,0.9963065034211186,0.9935132752240341,0.9871658337818481,7.53e-5,0.0027253,0.30699999999999994,0.5872523687443223,0.022148714354893635,0.14937936863581092,0.9555120987105176
0.68,0.00265,3.5545426604368577,72.90266705981765,-370.05905281374277,-346.11440681268726,1.0229193096511824,1.0260584748353825,1.064105378927707,0.9961679849266526,0.9534923125947288,0.9299125823432346,0.9004543755678938,0.8448416611324767,0.999343043297816,0.9986239358764513,0.9962598327854626,0.9926379337590312,0.985609823661026,7.53e-5,0.0027253,0.30699999999999994,0.5872523687443223,0.02218270483885367,0.1494948080018232,0.9695321101157683
0.35,0.002675,4.427684811866905,75.89898637091926,-372.7331866484657,-347.6125664682381,1.021101785753596,1.0327330298573465,1.095270232876979,1.0161255891000653,0.9524637607989077,0.9478228030311127,1.028525798111598,0.8663748052396513,1.0158326822023198,1.0023151067620883,1.0055534428026156,0.9925157450255555,0.9893199547053938,7.53e-5,0.0027503,0.30699999999999994,0.5872523687443223,0.022249473086480405,0.14972131668580466,0.6330518363897495
0.36343145033847896,0.002675,4.408330639987767,59.24698387341971,-365.7600594885348,-339.2865652194883,1.0211692199997118,1.0337952813957458,1.0926044054256006,1.014378295999176,0.9574720046384801,0.9551328762493219,1.0263805581260457,0.8864668053017853,1.0144863491957754,1.002173536616948,1.005055335305619,0.9934556631896069,0.9907458186768171,7.53e-5,0.0027503,0.30699999999999994,0.5872523687443223,0.022235105399116138,0.149672602941476,0.6470718477950003
0.37697026969153374,0.002675,4.385536906410782,45.185412581785386,-359.80852888589993,-332.25577957367113,1.0211543040392992,1.0349230528377704,1.0899933683264096,1.0126412144618417,0.9621872138578784,0.961857252046552,1.026693098809457,0.9057378001010155,1.0131339675316666,1.0020221710508335,1.004547721873193,0.9943318912838497,0.9920564196133089,7.53e-5,0.0027503,0.30699999999999994,0.5872523687443223,0.022221192923373136,0.14962541793560694,0.661091859200251
0.3906058139562867,0.002675,4.358619248574515,33.70289181863848,-354.90085091450675,-326.5145191920977,1.021090499969434,1.0361089873339042,1.0874662082363875,1.0109286392349348,0.9665773580961372,0.9679564417087013,1.0292180276264349,0.9240382948818813,1.0117848854789306,1.0018575399125094,1.00402436820225,0.9951425904194784,0.9932457916078222,7.53e-5,0.0027503,0.30699999999999994,0.5872523687443223,0.022207445531724854,0.1495787786409135,0.6751118706055018
0.40432736298556926,0.002675,4.326807914875835,24.71706549666169,-351.02201614388275,-322.0216060311093,1.0209677976960168,1.0373586663310939,1.0850539910078556,1.0092599971540923,0.970592537737093,0.9733781353475663,1.0337983575518404,0.9411795301771716,1.0104586302592207,1.001683105740397,1.0034921158169725,0.9958766573012275,0.9942980794369903,7.53e-5,0.0027503,0.30699999999999994,0.5872523687443223,0.022193761787694083,0.14953234126433176,0.6891318820107526
0.4181241290160105,0.002675,4.2892597594904105,18.064541411633286,-348.12347381777704,-318.6953439885951,1.0207972966398948,1.0386448860436177,1.082788680362063,1.0076550750925244,0.9742018262372008,0.97809546033223,1.0401248131894822,0.9570088888768972,1.0091722029220278,1.0014986473646874,1.0029509983587035,0.9965295413309628,0.9952056019429274,7.53e-5,0.0027503,0.30699999999999994,0.5872523687443223,0.022179814963399044,0.1494849966952245,0.7031518934160035
0.43198526514928176,0.002675,4.245368709627389,13.494983189917889,-346.1120968795935,-316.4105648777374,1.0205933793994095,1.0399411295796679,1.0807142874318376,1.0061406335072922,0.9773731436420781,0.982080572161611,1.0477493165023772,0.9713101237126996,1.0079476824909779,1.0013030176836293,1.0023998731876003,0.9970968545759671,0.9959604520524109,7.53e-5,0.0027503,0.30699999999999994,0.5872523687443223,0.022165250105307933,0.14943553858695321,0.7171719048212541
0.445899873879836,0.002675,4.195066763771504,10.673221211658529,-344.85511478759577,-314.9996838886077,1.0203625201401074,1.0411948992210263,1.0787948489005745,1.0047300105778603,0.9800717880544477,0.9853196942535162,1.055843753500849,0.9839138436296792,1.0068022272964052,1.0011036546102705,1.001852056909968,0.9975715348779325,0.9965563724086731,7.53e-5,0.0027503,0.30699999999999994,0.5872523687443223,0.022149729875709886,0.14938281882811777,0.731191916226505
0.45985701566243137,0.002675,4.138876572284331,9.194136722807343,-344.18371115841865,-314.2601416441821,1.0201396387203225,1.0423455882873602,1.0771007640031496,1.0034532624802501,0.982284944339668,0.9878142674759629,1.0637285975045905,0.9945136641908006,1.0057572761522224,1.000895403642021,1.001300592749209,0.9979555035209292,0.9969936852063755,7.53e-5,0.0027503,0.30699999999999994,0.5872523687443223,0.022132907132928654,0.14932565424652003,0.7452119276317558
0.473845717512708,0.002675,4.078563960905767,8.614555618328154,-343.9094981457876,-313.9703510919425,1.0199470481368238,1.0433181649350582,1.0756149070433967,1.0023197648198559,0.983996125547219,0.9895720313447003,1.0703369235116627,1.002833986173016,1.0048241287880852,1.0006827257067286,1.0007539154212062,0.9982475600767138,0.9972739296170806,7.53e-5,0.0027503,0.30699999999999994,0.5872523687443223,0.022114687000189648,0.14926371730181692,0.7592319390370066
0.4878549816340532,0.002675,4.016167451070315,8.503091410001048,-343.84741482334516,-313.91461898777897,1.0198117259623176,1.0440314167005988,1.0743032261120722,1.0013344568873426,0.9852056015502072,0.9906150475222242,1.0746171260566044,1.008590750331557,1.004006686617469,1.0004674381855116,1.0002171945580782,0.9984507607597897,0.9974045131619811,7.53e-5,0.0027503,0.30699999999999994,0.5872523687443223,0.022095262100160638,0.1491976574372516,0.7732519504422574
0.5018737940639746,0.002675,3.9543863997136133,8.502297837489323,-343.8422428513389,-313.9142222015231,1.0197624430284915,1.0444148358921717,1.0731244471810133,1.0004829958876293,0.9859098591394108,0.9909538914762623,1.0755715357693862,1.0115276059068197,1.0032951193372985,1.0002540986739055,0.9997002735717874,0.9985674626096334,0.9973935172862733,7.53e-5,0.0027503,0.30699999999999994,0.5872523687443223,0.02207525733130446,0.14912959589255464,0.7872719618475081
0.5158911333331818,0.002675,3.89525186638437,8.389232383003218,-343.79681784422917,-313.85768947428005,1.0198203846703484,1.0444150653595805,1.0720682203375285,0.9997614492574632,0.9861123085106362,0.99060330401448,1.0725779131297444,1.0114975350558257,1.0026865790029371,1.0000450434256791,0.9992061961026987,0.9986003952205484,0.9972467621020924,7.53e-5,0.0027503,0.30699999999999994,0.5872523687443223,0.022055942680282697,0.1490638537054505,0.8012919732527589
0.5298959791305704,0.002675,3.840036347810033,8.115888295276022,-343.68785013785845,-313.72101743041645,1.0199845939626275,1.0440293537392884,1.0710641271407024,0.9991458851846609,0.9858235687728363,0.9895631803191548,1.065418124867368,1.0085121636770833,1.0021598329565284,0.9998444792856207,0.9987443464781619,0.9985518001103022,0.9969718546294253,7.53e-5,0.0027503,0.30699999999999994,0.5872523687443223,0.02203871950366231,0.14900520663304043,0.8153119846580097
0.5438773209672962,0.002675,3.7899321259737477,7.815161655250904,-343.5667843603894,-313.5706541104039,1.020248501793339,1.0433042999068929,1.0701504722070352,0.9986164287428331,0.9850392265877342,0.987799598078343,1.0544325112354804,1.0026192196476225,1.0016985268403171,0.9996553022215684,0.9983206682723652,0.9984189390574763,0.9965663376960195,7.53e-5,0.0027503,0.30699999999999994,0.5872523687443223,0.02202513886049929,0.14895894704657947,0.8293319960632605
0.5578241668331257,0.002675,3.745190411645247,7.7702263178155135,-343.55170575640506,-313.5481864416862,1.0205880183756004,1.0423054313891744,1.0692822001526545,0.9981619049150577,0.9837657251297829,0.9853016387443457,1.0402659954539333,0.9941263208590586,1.0012954654478863,0.9994793323700039,0.9979352548543869,0.9982012668571497,0.9960289950311793,7.53e-5,0.0027503,0.30699999999999994,0.5872523687443223,0.02201661972163104,0.1489299212876246,0.8433520074685112
0.5717255518382599,0.002675,3.7056694392607636,8.35863838306534,-343.80013058979205,-313.8423924743111,1.0209759017971827,1.041113053178188,1.0684604826863489,0.9977695949544667,0.9820102386663834,0.9820452610823259,1.023830046008547,0.9833335593250585,1.0009400332154834,0.9993180202039837,0.9975903266663508,0.9978971439898515,0.9953576509783538,7.53e-5,0.0027503,0.30699999999999994,0.5872523687443223,0.022014018077989174,0.1489210560721225,0.857372018873762
0.5855705468338358,0.002675,3.6710869406411217,9.98959947588196,-344.4815523508402,-314.6578730207194,1.0213828443603052,1.0398098827714097,1.0676818925247493,0.9974318111431113,0.9797851575348808,0.9780193861449108,1.0060724609710556,0.9705688285546136,1.0006269286472016,0.9991721183858024,0.9972856000271473,0.9975062897295223,0.9945513859189467,7.53e-5,0.0027503,0.30699999999999994,0.5872523687443223,0.02201770344189923,0.148933613961198,0.8713920302790128
0.5993482670043292,0.002675,3.6411827694144816,13.050231624496178,-345.7537216855762,-316.18818909502653,1.0217827119468825,1.038466216870501,1.0669499943055434,0.997143138812401,0.9771105530781317,0.9732277866999856,0.9878806229859682,0.9561410176010402,1.0003526046087494,0.9990421246225919,0.9970206414537227,0.9970302371212031,0.993612340805953,7.53e-5,0.0027503,0.30699999999999994,0.5872523687443223,0.02202758049284923,0.14896726497802978,0.8854120416842637
0.6130478804251023,0.002675,3.615727540293835,17.868807093164037,-347.7455187862557,-318.59747682936046,1.0221551345140927,1.0371363260196231,1.06627238335225,0.9968990936356501,0.9740125364935681,0.9676863881734112,0.9699864142537208,0.9403113411121727,1.0001140163018274,0.9989283860471918,0.9967951429271715,0.9964721230808741,0.9925455062013852,7.53e-5,0.0027503,0.30699999999999994,0.5872523687443223,0.022043207796799233,0.14902049199042444,0.8994320530895143
0.62665861657837,0.002675,3.594514774077936,24.695572855086652,-350.54824444882485,-322.01085971032177,1.022485728910741,1.035857200748141,1.0656627521984063,0.9966972760248138,0.9705216169894622,0.9614228645364297,0.952955424908052,0.9232991460241919,0.9999101046560864,0.9988309986513314,0.9966082822227069,0.9958364199244428,0.991357981474599,7.53e-5,0.0027503,0.30699999999999994,0.5872523687443223,0.022063960713553307,0.14909114847712693,0.9134520644947652
0.6401697748208868,0.002675,3.577287757374836,33.697561330755434,-354.21504539255176,-326.51185394815616,1.0227640571118606,1.0346468392863317,1.0651050229440864,0.9965344672320859,0.9666760154657685,0.9544794751776028,0.937130149495143,0.9053232211779277,0.9997380873434831,0.99875000268787,0.9964593927694323,0.9951297720375316,0.9900607920792519,7.53e-5,0.0027503,0.30699999999999994,0.5872523687443223,0.02208908701299619,0.1491766513626324,0.927472075900016
0.6535707327967015,0.002675,3.5639481283817838,44.96262430029526,-358.76119206091903,-332.1443854329261,1.0229828820112343,1.0335168450542178,1.0646186941908136,0.9964096885921849,0.9625131218590803,0.9469007530834807,0.9228245291013122,0.88656960893903,0.9995986333162221,0.9986850978723961,0.9963468546424475,0.9943587224348209,0.9886642255767712,7.53e-5,0.0027503,0.30699999999999994,0.5872523687443223,0.022117880241407015,0.14927457410709058,0.9414920873052668
0.666850954788361,0.002675,3.5541819056051343,58.508537122036955,-364.1710466081321,-338.9173418437969,1.0231479194204716,1.0324640946812633,1.0641948309404894,0.996319833576119,0.9580725277394848,0.9387411018433839,0.910083068940035,0.8672063082786905,0.999488102603743,0.9986367695750316,0.9962714574405286,0.993530781245133,0.9871819081067691,7.53e-5,0.0027503,0.30699999999999994,0.5872523687443223,0.02214961142001102,0.1493824163834903,0.9555120987105176
0.68,0.002675,3.54828232667116,74.29416162556299,-370.40363645311476,-346.81015409555994,1.0232419252215346,1.0314820650001228,1.0638366330463327,0.9962681196444688,0.9533968830849837,0.9300495125869441,0.8990859407993882,0.847421878100625,0.9994118512193493,0.998602387952277,0.9962265228876143,0.9926537842997917,0.9856237678802949,7.53e-5,0.0027503,0.30699999999999994,0.5872523687443223,0.0221836753088502,0.14949810266762273,0.9695321101157683
0.35,0.0027,4.413905755136402,77.70900308468333,-373.1788011993199,-348.5175748251201,1.0214140134937042,1.0381474196347193,1.0952435054730811,1.0162473488946484,0.9523326407304595,0.9479274776273702,1.0272258159164858,0.8689967330802646,1.0159207239433805,1.0023087679576765,1.0055357905504967,0.9925274833249188,0.9893329876978426,7.53e-5,0.0027753,0.30699999999999994,0.5872523687443223,0.022251471258450124,0.14972809028419665,0.6330518363897495
0.36343145033847896,0.0027,4.393717947672974,61.09905345434129,-366.2027022787645,-340.2126000099491,1.0214763822677175,1.0392813648592656,1.0925806096808548,1.0145056928962366,0.9573457596262318,0.955246929384798,1.024997852213195,0.8891895021441717,1.0145803137685396,1.0021669044379369,1.0050366534637822,0.993467842285429,0.9907592457504876,7.53e-5,0.0027753,0.30699999999999994,0.5872523687443223,0.022237244574309326,0.14967985680422416,0.6470718477950003
0.37697026969153374,0.0027,4.370017417108431,47.08297750639008,-360.2504068207795,-333.2045620359735,1.0214772243568322,1.0404691899618193,1.0899775796533504,1.012773431746512,0.9620732499885778,0.9619867785046717,1.0251459618698942,0.9085709606775834,1.0132307655906103,1.00201196131483,1.0045216177825265,0.9943486420660145,0.9920744247798926,7.53e-5,0.0027753,0.30699999999999994,0.5872523687443223,0.0222233604166003,0.14963277006952636,0.661091859200251
0.3906058139562867,0.0027,4.342201508602724,35.649586751647576,-355.34147986957464,-327.48786665860223,1.0214058640179964,1.0417139575851229,1.087451737422447,1.011066941270553,0.9664689886716581,0.9680966198277223,1.027609739098119,0.9269758085539135,1.011888101220532,1.001847138766826,1.0039974493044939,0.9951594818962793,0.9932638291055059,7.53e-5,0.0027753,0.30699999999999994,0.5872523687443223,0.0222097714076038,0.14958667038076923,0.6751118706055018
0.40432736298556926,0.0027,4.309416724142635,26.71639452369766,-351.4639741746572,-323.02127054462727,1.0212752470728494,1.0430077721277036,1.0850463299100745,1.0094045339174256,0.9704943853003096,0.9735355813228976,1.0321758866089261,0.9442386498354265,1.0105680711278442,1.001671352383408,1.003462154586315,0.9958947531954587,0.9943169955532674,7.53e-5,0.0027753,0.30699999999999994,0.5872523687443223,0.02219624436655925,0.14954076722305637,0.6891318820107526
0.4181241290160105,0.0027,4.270989831231271,20.119393955484384,-348.5675599140863,-319.72277026052063,1.0211024937244988,1.0443321329645032,1.082787039537798,1.0078067276169076,0.9741134072583384,0.9782674143742447,1.0384513458183164,0.960182206008465,1.0092878845134639,1.0014845487816664,1.0029161370155484,0.9965495225182998,0.9952257305950357,7.53e-5,0.0027753,0.30699999999999994,0.5872523687443223,0.022182429545423456,0.1494938733904516,0.7031518934160035
0.43198526514928176,0.0027,4.226447286531192,15.60689981785697,-346.55942257575094,-317.4665231917069,1.0208912386682527,1.0456605954650118,1.0806950946122125,1.0062969088554723,0.9772919263156356,0.9822666476323522,1.0459971295064088,0.9746112371934531,1.0080690566912225,1.001288773589707,1.0023639282902104,0.9971172958087146,0.9959810371290053,7.53e-5,0.0027753,0.30699999999999994,0.5872523687443223,0.022168010355898184,0.14944491283089098,0.7171719048212541
0.445899873879836,0.0027,4.175892292893657,12.841445968428616,-345.3053406620668,-316.08379626699275,1.0206620179618058,1.0469488972982073,1.0787962226957848,1.0048961094930877,0.9800021994410211,0.985519425791989,1.0541307165676896,0.9873035007748802,1.006930374978232,1.0010848739574834,1.00180836116113,0.9975947955101511,0.9965785739249521,7.53e-5,0.0027753,0.30699999999999994,0.5872523687443223,0.022152561569563377,0.14939243898911062,0.731191916226505
0.45985701566243137,0.0027,4.119900709210392,11.414700335927932,-344.6372070283911,-315.3704234507424,1.020432565674169,1.0481302701343604,1.0770965072002932,1.003624304741345,0.9822257987208255,0.9880273362599351,1.0620401882476596,0.9979995639496703,1.0058896743094605,1.0008743369597466,1.0012529399010053,0.9979802205972086,0.9970168108438354,7.53e-5,0.0027753,0.30699999999999994,0.5872523687443223,0.022135774265263655,0.14933539841648322,0.7452119276317558
0.473845717512708,0.0027,4.060133530939148,10.879533845969945,-344.3652971842756,-315.1028402057634,1.0202365551581132,1.0491308277661209,1.0756099609164247,1.0024934763749473,0.9839428292971886,0.989791508729133,1.0686811440045114,1.006383007472045,1.0049591418952109,1.0006596925042364,1.0007032842175532,0.9982729932822804,0.9972971042746914,7.53e-5,0.0027753,0.30699999999999994,0.5872523687443223,0.02211752184640508,0.1492733556263625,0.7592319390370066
0.4878549816340532,0.0027,3.9989320388019953,10.800341287778451,-344.30516625366556,-315.06324392666767,1.0200977142296348,1.0498631520448407,1.074270732309352,1.0015061662678169,0.9851559720483153,0.990840727715476,1.0729427261259463,1.0122088925006538,1.0041417532180232,1.000443207149564,1.0001639137031872,0.9984767010567932,0.997427486249239,7.53e-5,0.0027753,0.30699999999999994,0.5872523687443223,0.02209800007855241,0.149206970424691,0.7732519504422574
0.5018737940639746,0.0027,3.938377193236131,10.815901172712756,-344.3006702909552,-315.0710238691348,1.0200484861606505,1.0502571732217951,1.0730839054632155,1.0006537676420901,0.9858639671945016,0.9911830810661808,1.0739272524762709,1.0151782356925307,1.0034296263068974,1.0002282661695774,0.9996446286955065,0.9985940297829394,0.9974166214198004,7.53e-5,0.0027753,0.30699999999999994,0.5872523687443223,0.022077814221538067,0.14913829679286447,0.7872719618475081
0.5158911333331818,0.0027,3.880546502991777,10.700777141047979,-344.25373619236075,-315.01346185330243,1.0201066847739664,1.0502662684076551,1.0720039529185614,0.9999237077378218,0.986070787613962,0.9908298264345246,1.0709567692991266,1.0151481831478733,1.0028124852462916,1.0000186562013809,0.9991521943783198,0.9986275889951571,0.9972716918597063,7.53e-5,0.0027753,0.30699999999999994,0.5872523687443223,0.022058163366216785,0.14907141378983715,0.8012919732527589
0.5298959791305704,0.0027,3.8268687018026224,10.406491351086629,-344.1405587294826,-314.86631895832176,1.0202762445243814,1.049885538231937,1.0710033777644445,0.9992977702611172,0.985780259897739,0.9897768324508499,1.0638372905630278,1.0121020265042318,1.002275495827663,0.9998181027351921,0.99869354582349,0.9985783103203263,0.9969970066722255,7.53e-5,0.0027753,0.30699999999999994,0.5872523687443223,0.022040586183598054,0.14901156399393437,0.8153119846580097
0.5438773209672962,0.0027,3.777995408501461,10.067647498794372,-344.0146419487867,-314.6968970321756,1.0205414805337318,1.049151559044977,1.0700566678190349,0.9987605184545698,0.9849923703357646,0.988006970670505,1.0528337545056223,1.0061652745614664,1.0018084979490554,0.9996289074084284,0.9982698503509448,0.9984449618230028,0.9965906265552128,7.53e-5,0.0027753,0.30699999999999994,0.5872523687443223,0.0220267418357745,0.14896440796804647,0.8293319960632605
0.5578241668331257,0.0027,3.7344083918556175,9.970764557676034,-343.9943569900613,-314.64845556161646,1.0208856445613985,1.048128501612352,1.0691588248075903,0.9982973602355215,0.9837154665832863,0.9855011953416712,1.0386656668449576,0.9976115707594774,1.0013976217131,0.9994534399371054,0.9978866996702979,0.998226853562948,0.9960534876985968,7.53e-5,0.0027753,0.30699999999999994,0.5872523687443223,0.022017964892261474,0.14893450481509968,0.8433520074685112
0.5717255518382599,0.0027,3.695651656710628,10.49758489276212,-344.23728924794335,-314.9118657291595,1.0212769483751178,1.0469046969451163,1.068296994380672,0.9978951665668346,0.9819613014234697,0.9822393441865614,1.0222416043072529,0.9867427306641756,1.001031356544848,0.9992934595501886,0.9975471458068339,0.9979227688292118,0.9953845262988716,7.53e-5,0.0027753,0.30699999999999994,0.5872523687443223,0.0220151072755324,0.14892476762311968,0.857372018873762
0.5855705468338358,0.0027,3.6620198916147815,12.061524505879675,-344.9119613845956,-315.6938355357183,1.0216892875718242,1.0455674960008938,1.0674967279140595,0.9975507229489442,0.9797278969925413,0.9782025524278412,1.0044908284060237,0.9738882995671998,1.0007131054086191,0.9991480668425977,0.9972435970658278,0.9975307455237484,0.9945767064165439,7.53e-5,0.0027753,0.30699999999999994,0.5872523687443223,0.022018652909066187,0.14893684910711297,0.8713920302790128
0.5993482670043292,0.0027,3.633080290249303,15.053313239317276,-346.177378237746,-317.1897299024371,1.0220914501493876,1.0441871274920835,1.0667412196215365,0.9972585830780882,0.9770435198508095,0.973400968637666,0.986303400824094,0.9593817154518717,1.0004369397540656,0.9990182301133256,0.9969783735522846,0.9970533760880627,0.993635154071293,7.53e-5,0.0027753,0.30699999999999994,0.5872523687443223,0.022028484773729727,0.1489703454856973,0.8854120416842637
0.6130478804251023,0.0027,3.608377644251137,19.803921011557577,-348.1622054318741,-319.56503378855723,1.0224681960474546,1.0428185290529768,1.0660524946771153,0.9970085876855845,0.97393705352843,0.9678450241034505,0.9684391638205078,0.9434280340104467,1.0001928305737338,0.9989052577069294,0.9967554683937069,0.9964935510534043,0.9925664426798757,7.53e-5,0.0027753,0.30699999999999994,0.5872523687443223,0.022044039601046977,0.14902332462076442,0.8994320530895143
0.62665861657837,0.0027,3.5877458163392455,26.56528973757804,-350.9588932943199,-322.94571815156746,1.022802116212771,1.0414917427949817,1.0654307367590081,0.9968015736344881,0.9704372525040876,0.961566942616662,0.9514424502163085,0.9262943635011371,0.9999841737648996,0.9988084955111436,0.9965706975203174,0.9958560568655809,0.9913766659832786,7.53e-5,0.0027753,0.30699999999999994,0.5872523687443223,0.02206475168724666,0.14909384082563704,0.9134520644947652
0.6401697748208868,0.0027,3.5710266478389197,35.50534099845811,-354.6210943128123,-327.4157437820075,1.02308287987819,1.040224437676951,1.0648625876622058,0.9966353286602291,0.966584159236826,0.9546123905505289,0.9356751294803993,0.9082120652031147,0.9998089957756181,0.9987281064958031,0.9964237718551054,0.9951478713644213,0.9900775812742043,7.53e-5,0.0027753,0.30699999999999994,0.5872523687443223,0.022089875415602932,0.14917933346740503,0.927472075900016
0.6535707327967015,0.0027,3.558049466570938,46.71226855960106,-359.16366433343876,-333.01920756257897,1.0233041634290965,1.039028099075582,1.0643612233224455,0.9965081088067299,0.9624142595557409,0.9470238461171234,0.9214044278288238,0.8893492931591709,0.9996668163229929,0.9986636859418033,0.9963129983573922,0.9943753284592765,0.9886791924717928,7.53e-5,0.0027753,0.30699999999999994,0.5872523687443223,0.022118674828359327,0.14927727553024334,0.9414920873052668
0.666850954788361,0.0027,3.548620958327783,60.203821103007385,-364.57069703752296,-339.76498383428213,1.023464520685154,1.037903930367344,1.063925030411708,0.9964187496118695,0.9579680886677431,0.9388540691817826,0.9087473540860352,0.8698858188854309,0.999556809513363,0.9986150020126702,0.996237346511855,0.9935459625367844,0.9871940625493358,7.53e-5,0.0027753,0.30699999999999994,0.5872523687443223,0.02215045028333622,0.14938526633802024,0.9555120987105176
0.68,0.0027,3.5427548864572196,75.9386517663811,-370.7997758561251,-347.632399165969,1.0235607058287863,1.0368489383652393,1.0635647360106435,0.99636634242029,0.953285752277661,0.9301520419122179,0.8978405134343773,0.8499758109206939,0.9994796044528149,0.9985809931252265,0.9961938697532976,0.9926673354678687,0.9856336444283236,7.53e-5,0.0027753,0.30699999999999994,0.5872523687443223,0.022184550302951956,0.1495010731402365,0.9695321101157683
0.35,0.002725,4.400715475212836,79.76921531569633,-373.67185885258056,-349.5476809406266,1.0217496466078608,1.0435480562146204,1.0952290323158478,1.016370729019892,0.9521866204164141,0.9480028641871254,1.025951202852123,0.8715804005741314,1.0160077190348744,1.002299147738926,1.0055121855062619,0.9925400330719368,0.9893444769534708,7.53e-5,0.0028003,0.30699999999999994,0.5872523687443223,0.022253409389979793,0.14973466006770003,0.6330518363897495
0.36343145033847896,0.002725,4.379707917591023,63.20454051232605,-366.6949838557307,-341.26534353894147,1.0217976133284274,1.0447414264800405,1.0925626631390062,1.0146334326699544,0.957205349018472,0.9553340172773975,1.0237045188558358,0.8918926176044191,1.0146731272654608,1.0021581425880635,1.0050144783200423,0.9934797961540056,0.990770587648081,7.53e-5,0.0028003,0.30699999999999994,0.5872523687443223,0.022239350875169907,0.14968699885820425,0.6470718477950003
0.37697026969153374,0.002725,4.355260913432514,49.23705243119059,-360.743468356251,-334.28159949837374,1.021788288715569,1.0459794168869392,1.0899529096456106,1.0129055400841944,0.961941396029546,0.9620886207559411,1.0238117276953078,0.9113970314606992,1.0133285967242447,1.002003366494125,1.004499479006493,0.9943610292855507,0.9920867087416425,7.53e-5,0.0028003,0.30699999999999994,0.5872523687443223,0.0222256061219236,0.14964038712919409,0.661091859200251
0.3906058139562867,0.002725,4.326619638764143,37.85572699227839,-355.83486792343956,-328.59093677891764,1.0217155991952076,1.0472742234631496,1.0874309774334752,1.0112043989260076,0.9663444408173719,0.9682101457406395,1.0261937087213122,0.9299100482097374,1.0119909981576678,1.0018369363954231,1.0039716487711468,0.9951733261003116,0.9932770946969509,7.53e-5,0.0028003,0.30699999999999994,0.5872523687443223,0.02221213402603496,0.14959468637533746,0.6751118706055018
0.40432736298556926,0.002725,4.292953993530231,28.97788212590467,-351.9589189544214,-324.1520143457308,1.0215860816244648,1.0486131632013753,1.085035432171095,1.0095480311657854,0.9703799150709965,0.9736639408666178,1.0307123202747446,0.9472918987478647,1.0106761744325583,1.001658958533744,1.0034318535461122,0.9959109088595443,0.9943323705718695,7.53e-5,0.0028003,0.30699999999999994,0.5872523687443223,0.02219872038145195,0.14954917044475638,0.6891318820107526
0.4181241290160105,0.002725,4.253814446237978,22.43877917333441,-349.06440751404745,-320.88246286944565,1.0214097773459492,1.0499812489691442,1.0827755038612643,1.0079571121349096,0.9740079085820423,0.9784088022375037,1.0369447604055226,0.9633457659542116,1.0094019445127327,1.0014699422914064,1.0028813042002087,0.9965673038525579,0.9952420307287482,7.53e-5,0.0028003,0.30699999999999994,0.5872523687443223,0.0221850346340513,0.14950271734643775,0.7031518934160035
0.43198526514928176,0.002725,4.2088017286146995,17.985343864250922,-347.0590733814629,-318.6557452149039,1.0211960763160999,1.0513478265058835,1.0806900264611983,1.006452508518554,0.9771959147716102,0.9824212578144764,1.0444779617192066,0.9778868274794081,1.0081878789392489,1.0012718821303233,1.0023249443086981,0.997136817582384,0.9959986548770635,7.53e-5,0.0028003,0.30699999999999994,0.5872523687443223,0.02217070099225848,0.14945405010501128,0.7171719048212541
0.445899873879836,0.002725,4.158030679489822,15.277950190138426,-345.8087250009674,-317.30204837784765,1.0209586685912417,1.0526666062931054,1.0787872583461533,1.005058321727078,0.979914441237069,0.9856874429374691,1.052635264499532,0.9906852701404958,1.0070557008664625,1.0010665645597878,1.0017661769525683,0.9976150063112332,0.9965961283879633,7.53e-5,0.0028003,0.30699999999999994,0.5872523687443223,0.022155377430950782,0.14940200476632132,0.731191916226505
0.45985701566243137,0.002725,4.1023299296309395,13.905169543184343,-345.1442153076183,-316.6156580543706,1.0207272795084419,1.0538755087493088,1.077090088619506,1.0037909529772746,0.9821462220799215,0.9882062307313196,1.0605669141965242,1.001483777367273,1.006018918934339,1.000853788303411,1.001207094426748,0.9980019085477895,0.9970354350292511,7.53e-5,0.0028003,0.30699999999999994,0.5872523687443223,0.022138615146116307,0.14934505276045568,0.7452119276317558
0.473845717512708,0.002725,4.043137334893327,13.415932194286938,-344.87639573237226,-316.3710393799219,1.0205264588907217,1.0548940606027504,1.0755832547265622,1.0026610091969617,0.9838712137515003,0.9899793466197264,1.0672007202750013,1.0099533927463686,1.0050893840898423,1.000637246783644,1.0006543338444076,0.9982958533057171,0.9973165076603416,7.53e-5,0.0028003,0.30699999999999994,0.5872523687443223,0.02212030042817378,0.14928280206897865,0.7592319390370066
0.4878549816340532,0.002725,3.9828963409010254,13.370238020949046,-344.81839277825674,-316.34819229325296,1.0203849657706086,1.055645737573896,1.074228666811506,1.0016718976917933,0.9850910627515675,0.991033539275288,1.0714815042388024,1.0158334515884295,1.0042702182367975,1.0004191415884094,1.0001132048542718,0.9985005502623533,0.9974479175470508,7.53e-5,0.0028003,0.30699999999999994,0.5872523687443223,0.02210061706553637,0.14921587134366315,0.7732519504422574
0.5018737940639746,0.002725,3.923515057938375,13.402937397198684,-344.8144801754204,-316.3645419813778,1.020334412135127,1.056052762582775,1.0730207241675536,1.0008147602877613,0.9858032040555706,0.9913777110226886,1.0724749871828538,1.018835883910205,1.0035542061319995,1.0002032271501513,0.999593123162737,0.9986184897587761,0.99743781331229,7.53e-5,0.0028003,0.30699999999999994,0.5872523687443223,0.022080201643462933,0.14914642056101363,0.7872719618475081
0.5158911333331818,0.002725,3.866948888715923,13.28604596192713,-344.7663190843358,-316.306096263742,1.020392856909903,1.0560670619259505,1.071920032777461,1.0000779317952548,0.9860116816048154,0.9910226574246892,1.0695116526473476,1.0188088616183857,1.0029315232078402,0.9999931058845073,0.9991007823725897,0.998652274817886,0.9972933385337092,7.53e-5,0.0028003,0.30699999999999994,0.5872523687443223,0.022060269836227102,0.1490785846947441,0.8012919732527589
0.5298959791305704,0.002725,3.8145995582211603,12.970596588787771,-344.6500216146679,-316.1483715771723,1.020565905999585,1.0556835199668195,1.0709150354787895,0.9994439748315199,0.9857247839028876,0.9899659176682799,1.0624595193574253,1.0157407741566777,1.0023856174945474,0.9997928091469579,0.9986461740605549,0.9986033471142263,0.9970210122477147,7.53e-5,0.0028003,0.30699999999999994,0.5872523687443223,0.022042362173154677,0.14901761224589172,0.8153119846580097
0.5438773209672962,0.002725,3.7669616137982684,12.592909738349931,-344.5196821380107,-315.9595281519534,1.0208364916437704,1.0549357038655451,1.0699381574306839,0.9988985631762299,0.9849342347928897,0.9881898859802642,1.0514277112473942,1.009760233765648,1.0019114760366628,0.9996039201994242,0.998224164165803,0.998469764484642,0.9966149582532129,7.53e-5,0.0028003,0.30699999999999994,0.5872523687443223,0.022028236208507346,0.14896949873385276,0.8293319960632605
0.5578241668331257,0.002725,3.724333240374947,12.44297256843629,-344.49229363426906,-315.8845595669966,1.0211830464804272,1.0539009825963128,1.0690097082881203,0.99842754357837,0.9836502398562778,0.9856726432362563,1.0372171463283617,1.0011232751091304,1.0014947589926488,0.9994286307465928,0.9978412838864578,0.998250563978969,0.9960760215573746,7.53e-5,0.0028003,0.30699999999999994,0.5872523687443223,0.02201922018195559,0.1489387819592873,0.8433520074685112
0.5717255518382599,0.002725,3.6868009291823673,12.90689434990793,-344.7267981407669,-316.1165204577324,1.021578093230676,1.0526593554175179,1.0681360248863259,0.9980200936362302,0.9818817261266871,0.9823948733962398,1.02076550192029,0.9901559975178287,1.0011267984734138,0.9992682953566865,0.997499364858122,0.997944426943558,0.9954024043586743,7.53e-5,0.0028003,0.30699999999999994,0.5872523687443223,0.022016224936844218,0.14892857607399734,0.857372018873762
0.5855705468338358,0.002725,3.654077942779662,14.402304363935059,-345.39400066017896,-316.86422546474597,1.0219942841211276,1.0512935575103577,1.0673139601688844,0.9976685978713548,0.9796436395436213,0.9783475109680106,1.0030248327718703,0.9772012751013028,1.000801414002274,0.9991237902078214,0.9971992665370619,0.9975514461093293,0.9945943654598353,7.53e-5,0.0028003,0.30699999999999994,0.5872523687443223,0.022019613267976086,0.148940121295409,0.8713920302790128
0.5993482670043292,0.002725,3.6259042677298847,17.323431835229485,-346.65297334631174,-318.3247892003932,1.022401943021891,1.0498723140854527,1.0665378427336127,0.9973678775736732,0.9769563997248815,0.9735354065620001,0.9848622670949998,0.9625742153651498,1.0005159033306799,0.9989953509111839,0.9969392570971324,0.9970731860518128,0.9936535347553334,7.53e-5,0.0028003,0.30699999999999994,0.5872523687443223,0.022029283322568215,0.14897306575702562,0.8854120416842637
0.6130478804251023,0.002725,3.6017925547337772,22.003820117967393,-348.6310610589665,-320.66498334176214,1.0227829032300393,1.0484599105648411,1.0658346535486325,0.9971129267985143,0.9738416827437556,0.9679672661528677,0.9670154963303125,0.9465115662438712,1.000267406846649,0.9988830241081882,0.9967183389532341,0.9965118636108802,0.9925830294947778,7.53e-5,0.0028003,0.30699999999999994,0.5872523687443223,0.022044779615587578,0.149025844626068,0.8994320530895143
0.62665861657837,0.002725,3.58171383298869,28.697160432493774,-351.4221647128334,-324.01165349902533,1.0231188339138837,1.0470847895767632,1.065190214592188,0.9969021248387854,0.9703365834867564,0.9616817383617025,0.9500402735698182,0.9292856966482991,1.0000550106955082,0.9987870076635285,0.9965357960088513,0.9958733857355986,0.991392448117467,7.53e-5,0.0028003,0.30699999999999994,0.5872523687443223,0.02206546328037718,0.14909626293504527,0.9134520644947652
0.6401697748208868,0.002725,3.5655100105535773,37.572394943019276,-355.07860948946893,-328.4492707542881,1.023402268358863,1.0457658680383242,1.0646149896933175,0.9967324901507636,0.9664758304369478,0.9547155481287736,0.9343265588477808,0.9110860321821397,0.9998767395163045,0.9987072692006278,0.9963909323733985,0.9951635426634073,0.9900913183135602,7.53e-5,0.0028003,0.30699999999999994,0.5872523687443223,0.022090582156848063,0.14918173772469714,0.927472075900016
0.6535707327967015,0.002725,3.552888670289977,48.71813927025369,-359.61610922334484,-334.0221429179053,1.0236245490239075,1.0445127361306128,1.0641034123182311,0.9966029015906525,0.9622990058088764,0.9471161324008737,0.9201022120480538,0.892105766743557,0.9997322450664973,0.9986433550142023,0.9962818746751977,0.9943893984913795,0.9886908326009991,7.53e-5,0.0028003,0.30699999999999994,0.5872523687443223,0.022119392460274123,0.1492797152822159,0.9414920873052668
0.666850954788361,0.002725,3.5438266942849337,62.152151491041195,-365.0189956980206,-340.73914902829904,1.0237819797752232,1.0433273435418458,1.0636544984776488,0.9965124104665913,0.9578484347204219,0.9389378891356265,0.9075138458808496,0.8725254505702716,0.9996209728632766,0.9985949583876867,0.9962074871326838,0.9935586704026028,0.9872037705776282,7.53e-5,0.0028003,0.30699999999999994,0.5872523687443223,0.02215118061782557,0.1493877475336998,0.9555120987105176
0.68,0.002725,3.5379388609834495,77.83276629400382,-371.2460881152809,-348.57945642978035,1.0238803781683221,1.042191439762871,1.0632850087269272,0.9964601860762723,0.9531601116675044,0.9302305152069835,0.8966394709160093,0.8525188502685739,0.999543321193329,0.9985614091145895,0.996165638368,0.9926786409779392,0.9856416928252308,7.53e-5,0.0028003,0.30699999999999994,0.5872523687443223,0.022185333824850103,0.14950373302997017,0.9695321101157683
0.35,0.00275,4.387957313634665,82.07612581143417,-374.2170804863041,-350.7011361884955,1.0220517140386753,1.0488929876449253,1.0951954257548215,1.0164943248433942,0.9520206973977131,0.9480506592699093,1.0249717527251214,0.8741730751564404,1.016098062883573,1.0022936304633467,1.0054975921277425,0.9925452979044335,0.9893476655955634,7.53e-5,0.0028252999999999998,0.30699999999999994,0.5872523687443223,0.02225553120873245,0.14974185218459576,0.6330518363897495
0.36343145033847896,0.00275,4.3662641405422224,65.56031930623726,-367.2399736222776,-342.4432329358971,1.0221149317616216,1.0501514418864573,1.092539801581417,1.0147610175737012,0.9570505680459055,0.9553965921207004,1.0225930766810758,0.8945924260659742,1.0147659481887854,1.0021496339516227,1.0049935796613705,0.9934891782899314,0.9907780657343712,7.53e-5,0.0028252999999999998,0.30699999999999994,0.5872523687443223,0.022241497119312684,0.14969427601206242,0.6470718477950003
0.37697026969153374,0.00275,4.341130758159644,51.644539601726024,-361.28655091848856,-335.48534308364145,1.02209903899861,1.0514574461088495,1.089928225998872,1.0130380404224089,0.9617901443376446,0.9621594217400192,1.0226204424846017,0.914200288994601,1.0134269588746228,1.0019946637235897,1.0044777825752156,0.9943703801708026,0.9920938949827216,7.53e-5,0.0028252999999999998,0.30699999999999994,0.5872523687443223,0.022227890057710704,0.14964813347452907,0.661091859200251
0.3906058139562867,0.00275,4.311729335736629,40.31798719477308,-356.37900375197046,-329.822066880165,1.0220316528713589,1.0528047716031494,1.0874116070020048,1.0113427860193076,0.9662040933628244,0.9682963129553109,1.024940289323099,0.9328345897606208,1.012093586652136,1.0018249788642788,1.003943768213363,0.99518584377087,0.9932870939554772,7.53e-5,0.0028252999999999998,0.30699999999999994,0.5872523687443223,0.022214507741893683,0.14960273960218096,0.6751118706055018
0.40432736298556926,0.00275,4.277406506552137,31.49788963806168,-352.50471118944876,-325.4120181018093,1.0218974879718254,1.0541893823870558,1.085019299599065,1.009690508045403,0.9702476075551312,0.9737617113510034,1.029395755743754,0.9503220402547272,1.0107830713955919,1.001645542619253,1.0034003238570286,0.9959246892400655,0.9943430182882004,7.53e-5,0.0028252999999999998,0.30699999999999994,0.5872523687443223,0.022201196793447522,0.14955757455606353,0.6891318820107526
0.4181241290160105,0.00275,4.237697944902388,25.018937379619842,-349.61318680622276,-322.17254197258836,1.0217185235760493,1.055596091422578,1.0827658681752486,1.008105673345294,0.9738851555847654,0.9785198739145792,1.0356130845482787,0.9664951413889404,1.0095141619744996,1.001454272123688,1.0028452976671258,0.9965828632895566,0.9952539496031383,7.53e-5,0.0028252999999999998,0.30699999999999994,0.5872523687443223,0.022187626557044243,0.14951151610309305,0.7031518934160035
0.43198526514928176,0.00275,4.192181018414609,20.626722044460394,-347.611463012895,-319.97643430500864,1.021497212611564,1.0569982291125302,1.0806749276786385,1.0066074595520635,0.9770825016753333,0.9825454321852622,1.0431626409603878,0.9811468068903132,1.0083061342304882,1.0012549951770735,1.0022866847254213,0.9971533292188764,0.9960113809700655,7.53e-5,0.0028252999999999998,0.30699999999999994,0.5872523687443223,0.02217341411964608,0.14946326320892375,0.7171719048212541
0.445899873879836,0.00275,4.141440156781684,17.979330931863615,-346.36473884630175,-318.65273874871025,1.0212571570320457,1.0583511603660096,1.078770773632412,1.0052163807710377,0.9798099406088189,0.9858238247945531,1.051320392980549,0.9940594488309182,1.0071770942627094,1.0010479422613352,1.0017249104494121,0.9976330657982505,0.9966103202678179,7.53e-5,0.0028252999999999998,0.30699999999999994,0.5872523687443223,0.022158134179066428,0.14941136915401357,0.731191916226505
0.45985701566243137,0.00275,4.086011517280802,16.66210310666304,-345.7032203304794,-317.99412483610996,1.0210189730618962,1.0595932144718179,1.0770603329925914,1.0039513936983895,0.9820465475932074,0.9883507537426389,1.0592484742726096,1.004946099419909,1.0061439669263486,1.0008341983025957,1.0011630869393986,0.9980201684732163,0.9970488772379169,7.53e-5,0.0028252999999999998,0.30699999999999994,0.5872523687443223,0.022141418232677502,0.1493545780723471,0.7452119276317558
0.473845717512708,0.00275,4.027400282260801,16.219960837502413,-345.4386819284997,-317.77305370152965,1.0208148428050108,1.060637674345827,1.0755459028956038,1.002821983507269,0.9837849507691019,0.990134253993579,1.0659441168872856,1.0135055611363915,1.0052130122902514,1.0006149449105524,1.0006078078290104,0.9983165670984183,0.9973332034518907,7.53e-5,0.0028252999999999998,0.30699999999999994,0.5872523687443223,0.02212296110953004,0.1492918471379237,0.7592319390370066
0.4878549816340532,0.00275,3.968154761271202,16.20862562810339,-345.3828926782684,-317.76738609683014,1.0206727185255395,1.06140684080871,1.074177933145529,1.0018321345120167,0.9850091691226817,0.9911909163750645,1.0702203681489313,1.0194418509657246,1.004392928740903,1.0003953486304482,1.0000649726480562,0.9985219290014764,0.9974651112130902,7.53e-5,0.0028252999999999998,0.30699999999999994,0.5872523687443223,0.022103129469085724,0.14922441606794307,0.7732519504422574
0.5018737940639746,0.00275,3.9098959698757882,16.259039668777064,-345.38028097548084,-317.792593117167,1.0206194863971445,1.0618220804992557,1.072945955383402,1.0009685786138038,0.9857248321630707,0.9915378903191572,1.0712237426423141,1.0224785480044705,1.0036726164915555,1.0001789630861664,0.999544289899068,0.9986402760741551,0.9974554751854322,7.53e-5,0.0028252999999999998,0.30699999999999994,0.5872523687443223,0.022082489047089742,0.14915420359056564,0.7872719618475081
0.5158911333331818,0.00275,3.8544812708562675,16.140633783093563,-345.3309241122305,-317.7333901743252,1.0206783636900119,1.0618412674038018,1.0718233798929517,1.0002250955122944,0.985935274310197,0.9911810256401073,1.0682592939490012,1.0224551950911407,1.003044198395314,0.9999684383516151,0.9990524186075714,0.998674343522957,0.9973117144461233,7.53e-5,0.0028252999999999998,0.30699999999999994,0.5872523687443223,0.022062270822057518,0.14908539619749844,0.8012919732527589
0.5298959791305704,0.00275,3.803266204832261,15.803940428540614,-345.21131645229036,-317.56504349704875,1.0208519269802698,1.0614557676595602,1.070791450904458,0.9995841969993686,0.9856462762725712,0.9901193193902331,1.0611798476668535,1.019360493392785,1.0024933307790451,0.9997679219440302,0.9985975006295371,0.9986251246821204,0.997038749127921,7.53e-5,0.0028252999999999998,0.30699999999999994,0.5872523687443223,0.02204408483550896,0.14902347866092955,0.8153119846580097
0.5438773209672962,0.00275,3.756724198594037,15.387018011207942,-345.0758832081395,-317.3565822883824,1.0211248457032913,1.060698857247687,1.0697898441912608,0.9990308188112312,0.9848529102279298,0.9883362412156046,1.0501340490565145,1.0133244570055417,1.0020124996331117,0.9995792125074985,0.9981766706758044,0.9984911148547788,0.9966324435042073,7.53e-5,0.0028252999999999998,0.30699999999999994,0.5872523687443223,0.02202966986000317,0.14897438248660816,0.8293319960632605
0.5578241668331257,0.00275,3.71520314822921,15.18329020774786,-345.0426836716268,-317.25471838665237,1.0214764687836917,1.0596427607693106,1.0688467528218673,0.9985519582140364,0.9835656706235311,0.985810577249451,1.0359311632075194,1.0046146704785612,1.0015883357896203,0.9994045387312418,0.9977967363607753,0.9982713364907971,0.9960937489624669,7.53e-5,0.0028252999999999998,0.30699999999999994,0.5872523687443223,0.02202039811396296,0.14894279541451788,0.8433520074685112
0.5717255518382599,0.00275,3.6786065838144606,15.583073209679355,-345.2704845843939,-317.4546098876181,1.0218781216742712,1.0583731545885893,1.0679550934079363,0.9981373779201946,0.9817928047453467,0.9825234436944561,1.0194737792248727,0.993562565327726,1.0012132274900696,0.9992449959534314,0.9974581779749084,0.9979644904749804,0.995420335131495,7.53e-5,0.0028252999999999998,0.30699999999999994,0.5872523687443223,0.02201719722544633,0.14893188908791555,0.857372018873762
0.5855705468338358,0.00275,3.646690402277681,17.008252849752353,-345.9300977368378,-318.1671997076546,1.0222995336380358,1.0569758295033584,1.0671178563612653,0.9977794741070175,0.9795472514107176,0.9784643778098568,1.0017263703197758,0.9805051283529624,1.0008822892733387,0.99910112843872,0.9971601587625024,0.9975702477609516,0.9946109606662148,7.53e-5,0.0028252999999999998,0.30699999999999994,0.5872523687443223,0.022020441186138093,0.14894294216823803,0.8713920302790128
0.5993482670043292,0.00275,3.6191753083555147,19.856703816029608,-347.1805328359964,-319.59142519079325,1.0227132146754125,1.0555227437418004,1.0663337663019323,0.9974727807015779,0.9768504989632261,0.9736372982781426,0.9835634184283792,0.9657558909489551,1.0005916023574648,0.998973320687934,0.9969022605779452,0.997090259568471,0.993668003177411,7.53e-5,0.0028252999999999998,0.30699999999999994,0.5872523687443223,0.022030011137516962,0.1489755450300766,0.8854120416842637
0.6130478804251023,0.00275,3.5957545681785734,24.46469784915871,-349.15161189742054,-321.8954222073578,1.023097465561638,1.054068212710313,1.0656125715756348,0.9972132620579761,0.9737293024704469,0.9680594423350426,0.9657278880470604,0.9495866872152152,1.0003388713824963,0.9988617519563898,0.9966836220724953,0.9965277306867474,0.9925963254944083,7.53e-5,0.0028252999999999998,0.30699999999999994,0.5872523687443223,0.02204545089073758,0.14902813051422537,0.8994320530895143
0.62665861657837,0.00275,3.5763286761533974,31.087653785417046,-351.93664661072006,-325.20690017548696,1.0234366446184182,1.0526418794263774,1.0649549216930003,0.9969983951941015,0.9702173372388381,0.9617630879667457,0.9487742176636262,0.9322447876237985,1.000122593215719,0.9987664706600375,0.9965034108120627,0.995887833200755,0.9914042392625835,7.53e-5,0.0028252999999999998,0.30699999999999994,0.5872523687443223,0.02206610033222633,0.14909843128963735,0.9134520644947652
0.6401697748208868,0.00275,3.560566217441139,39.895393965981384,-355.5877487142488,-329.61077026576913,1.0237243798249283,1.0512667397730364,1.0643641431673265,0.9968260709452101,0.9663499065693855,0.9547879754322309,0.9330684278478971,0.9139397825961919,0.9999413772341182,0.9986873782622051,0.9963607005554367,0.9951767264343323,0.9901018626305489,7.53e-5,0.0028252999999999998,0.30699999999999994,0.5872523687443223,0.022091209110831893,0.14918387052288973,0.927472075900016
0.6535707327967015,0.00275,3.548345970150565,50.97685872803902,-360.12071007965915,-335.15150264679795,1.0239464404444207,1.0499487664260148,1.0638438580299066,0.9966950442925082,0.9621663561210373,0.9471782342249259,0.9188961517485613,0.894848377245198,0.9997955769721738,0.9986238732645508,0.9962530504685496,0.9944009832106724,0.9886990893157414,7.53e-5,0.0028252999999999998,0.30699999999999994,0.5872523687443223,0.022120044408460365,0.1492819316939672,0.9414920873052668
0.666850954788361,0.00275,3.5394964968138694,64.34976684668754,-365.5195352948889,-341.8379567061222,1.0241069012930677,1.0486907492967692,1.0633916377242483,0.9966038605108817,0.9577080340327417,0.9389899112709188,0.9063660490180682,0.8751629793973578,0.9996836168663967,0.9985758500589393,0.9961800500031187,0.9935686513185915,0.9872097686819467,7.53e-5,0.0028252999999999998,0.30699999999999994,0.5872523687443223,0.022151873327144283,0.14939010086688512,0.9555120987105176
0.68,0.00275,3.533846423569796,79.97226374682157,-371.7421702034427,-349.6492051561892,1.0242035751870482,1.047487409845924,1.0630119754518834,0.9965522044209815,0.9530146124783002,0.9302750437577165,0.8955421047603699,0.8550432654925103,0.9996060105656778,0.9985425260563355,0.9961393269083919,0.9926871315627672,0.9856455513153934,7.53e-5,0.0028252999999999998,0.30699999999999994,0.5872523687443223,0.02218606963917236,0.14950623092086252,0.9695321101157683
0.35,0.002775,4.375715940409773,84.62602087606206,-374.81005632709224,-351.97608372080947,1.0223764852794508,1.0542169236202954,1.0951775764603344,1.0166170566021684,0.9518429852316125,0.9480721681718981,1.024019406000509,0.8767264452783929,1.0161855632035885,1.0022847577479055,1.005476605757692,0.9925518008282248,0.9893499356486386,7.53e-5,0.0028503,0.30699999999999994,0.5872523687443223,0.022257563096447122,0.14974873915720865,0.6330518363897495
0.36343145033847896,0.002775,4.3535275035558545,68.16226402872394,-367.8324774157043,-343.7442052971404,1.0224246242081376,1.055540196307565,1.0925032052381134,1.0148887827018895,0.9568760243588847,0.9554278796514566,1.0215894611082497,0.8972691245622149,1.014859598795006,1.0021418899008077,1.004974833335588,0.9934945479018973,0.9907795686424611,7.53e-5,0.0028503,0.30699999999999994,0.5872523687443223,0.02224369993137705,0.14970174461090913,0.6470718477950003
0.37697026969153374,0.002775,4.327700046226634,54.301268692645294,-361.8803996737922,-336.8137076291011,1.0224099793111925,1.0568973212361665,1.0899023612716767,1.013168587985489,0.96162347586909,0.9622018640571679,1.0215503245250646,0.9169821565321824,1.0135236155380885,1.0019853133658365,1.0044554133080628,0.9943776505910541,0.9920971471593506,7.53e-5,0.0028503,0.30699999999999994,0.5872523687443223,0.02223016337872783,0.14965584343191096,0.661091859200251
0.3906058139562867,0.002775,4.297540823477097,43.032412271456224,-356.97476348058166,-331.17927941850655,1.0223349730602231,1.058292892128741,1.0873951238466908,1.0114779851411042,0.9660443609244557,0.9683525015201091,1.0238786533653055,0.9357356235454097,1.0121958681201353,1.001815668566943,1.0039209626154255,0.995193469982794,0.9932908992444038,7.53e-5,0.0028503,0.30699999999999994,0.5872523687443223,0.022216928479894597,0.14961095192643128,0.6751118706055018
0.40432736298556926,0.002775,4.262651925073149,34.272747641919864,-353.102836059647,-326.7994471037384,1.022209500122995,1.0597234141379062,1.0850037470597702,1.0098315910539406,0.9700987273634892,0.9738298560467618,1.0282490272800726,0.9533360302730439,1.0108886754838033,1.0016318642979012,1.003369228464774,0.9959361269074426,0.9943497908830644,7.53e-5,0.0028503,0.30699999999999994,0.5872523687443223,0.02220367690962338,0.14956599077902774,0.6891318820107526
0.4181241290160105,0.002775,4.222432557359463,27.856265805927478,-350.21426797993206,-323.5912061857422,1.0220273349954547,1.061172979180705,1.0827493899441691,1.0082534545974318,0.9737459727329354,0.9786019471810011,1.0344456491198937,0.9696319658301121,1.0096255224405895,1.001438182085193,1.0028094779518757,0.9965961244327712,0.9952619504214846,7.53e-5,0.0028503,0.30699999999999994,0.5872523687443223,0.022190223697334952,0.14952033206704998,0.7031518934160035
0.43198526514928176,0.002775,4.1767112535489535,23.527226901070208,-348.21594299007444,-321.42668673331355,1.0218012418070406,1.0626125246230969,1.0806611248442932,1.0067592478337175,0.9769498356857373,0.9826380560197858,1.042023894622164,0.98439483026211,1.008422189942134,1.001238572037876,1.002250344587184,0.9971671410577484,0.9960202225838412,7.53e-5,0.0028503,0.30699999999999994,0.5872523687443223,0.022176113451151454,0.1494724289187981,0.7171719048212541
0.445899873879836,0.002775,4.125927575038192,20.94158467507043,-346.97396734604183,-320.13386562031366,1.0215531394613966,1.0639950367477187,1.0787426799250273,1.0053707521699127,0.9796863302212014,0.9859293802760224,1.0501983597162643,0.997421973239717,1.007296247832135,1.0010304132652592,1.0016859304687415,0.9976478160376747,0.9966197451582167,7.53e-5,0.0028503,0.30699999999999994,0.5872523687443223,0.022160891819675264,0.14942073600383032,0.731191916226505
0.45985701566243137,0.002775,4.070915866190857,19.681566414175563,-346.31807174559157,-319.5038564898662,1.0213163900800548,1.0652572992865406,1.0770720185691156,1.0041111694847666,0.9819437699852813,0.9884687003144207,1.058318452690574,1.0084201766333478,1.0062629391749038,1.0008111963596515,1.0011197036520478,0.9980396739597895,0.9970647510654495,7.53e-5,0.0028503,0.30699999999999994,0.5872523687443223,0.022144030233049044,0.1493634535140857,0.7452119276317558
0.473845717512708,0.002775,4.013020020609469,19.288071366729127,-346.05699596369277,-319.307108966143,1.0211034483197161,1.066325145308217,1.0754856443151233,1.002977753339191,0.9836754785815889,0.9902565341005864,1.0648145206723112,1.0170611881459732,1.005334552294123,1.0005937651461927,1.0005621790719308,0.9983336746915039,0.9973439937703946,7.53e-5,0.0028503,0.30699999999999994,0.5872523687443223,0.022125636240625007,0.1493009407932716,0.7592319390370066
0.4878549816340532,0.002775,3.954524005448113,19.312303746138696,-346.0034726285414,-319.3192251558478,1.020957294453517,1.0671141254435605,1.0741088054014891,1.0019830408997665,0.9849069831812619,0.9913183090851608,1.0691549045476298,1.0230537034397995,1.0045107789770553,1.000373055010961,1.000018434671562,0.9985400892578682,0.9974773673562647,7.53e-5,0.0028503,0.30699999999999994,0.5872523687443223,0.022105609605768625,0.14923285058656485,0.7732519504422574
0.5018737940639746,0.002775,3.897275919379817,19.381178143458555,-346.0013465793261,-319.3536623545077,1.020903742784936,1.0675435033667922,1.0728592464917688,1.0011162247621967,0.9856280282166678,0.9916647601363165,1.0701605879003715,1.026120236115983,1.0037861508119075,1.000155331506394,0.999497308083839,0.9986593250889728,0.9974691450568209,7.53e-5,0.0028503,0.30699999999999994,0.5872523687443223,0.022084701650665773,0.14916173173353503,0.7872719618475081
0.5158911333331818,0.002775,3.843025963866162,19.261505470145607,-345.95089103889524,-319.29382601785125,1.020964628993099,1.0675671392624422,1.0717245767380632,1.0003663801245788,0.9858446557538947,0.9913083679204734,1.0672362865063156,1.0261179652698187,1.0031503383073954,0.9999446159836856,0.9990082728557053,0.9986943952104119,0.9973283651138631,7.53e-5,0.0028503,0.30699999999999994,0.5872523687443223,0.022064162876213354,0.14909183661111985,0.8012919732527589
0.5298959791305704,0.002775,3.79283676893595,18.903303576507483,-345.8288240082747,-319.1147250710322,1.021134924041879,1.0671749161356892,1.070689064336997,0.999716563879829,0.9855607534299857,0.9902408046302443,1.0602289538595973,1.0229832276383641,1.0025897127499013,0.9997448009245676,0.9985584813150907,0.9986452138691695,0.9970576482713202,7.53e-5,0.0028503,0.30699999999999994,0.5872523687443223,0.022045635310192147,0.14902875851043323,0.8153119846580097
0.5438773209672962,0.002775,3.7473899056867204,18.446367525228425,-345.6884107263329,-318.88625704539265,1.02141537227917,1.0664058482663723,1.0696667796794412,0.9991560410281343,0.9847630555815374,0.988452203623795,1.0491492447309358,1.0169008722201074,1.002103395316948,0.9995564780576853,0.9981387998636144,0.9985107438839144,0.9966510395550958,7.53e-5,0.0028503,0.30699999999999994,0.5872523687443223,0.022030964002086685,0.14897879086531424,0.8293319960632605
0.5578241668331257,0.002775,3.7068835725392226,18.187638585381137,-345.64851861991133,-318.756892575469,1.0217734589781264,1.0653327287855678,1.068707018778052,0.9986698157049824,0.9834725270119347,0.9859188170588407,1.0349306912732834,1.0081113195016447,1.0016724003241801,0.9993825522882737,0.9977617793152003,0.9982903710277329,0.9961125723089783,7.53e-5,0.0028503,0.30699999999999994,0.5872523687443223,0.022021447198099633,0.14894636977036532,0.8433520074685112
0.5717255518382599,0.002775,3.671122459403736,18.52189420736613,-345.86757511257184,-318.9240203864615,1.02217926896722,1.0640444667040867,1.067773749570383,0.9982501655180426,0.9816848943141011,0.9826198772002082,1.0183477868644333,0.996962278651234,1.0012963952290246,0.9992224602914863,0.9974188774823528,0.9979818484109632,0.9954343200214572,7.53e-5,0.0028503,0.30699999999999994,0.5872523687443223,0.02201810304235374,0.1489349755392625,0.857372018873762
0.5855705468338358,0.002775,3.640015420791119,19.875313962436167,-346.5188288941711,-319.6007302639965,1.0226049732837548,1.0626196724666417,1.0669187868048202,0.997886258683145,0.9794329181286479,0.978550113681114,1.0005822611320523,0.9837969982165082,1.000960044610252,0.999079307805989,0.9971231820715933,0.9975864513038871,0.9946238975618511,7.53e-5,0.0028503,0.30699999999999994,0.5872523687443223,0.022021204952935435,0.14894554441934127,0.8713920302790128
0.5993482670043292,0.002775,3.613225197811962,22.649307466347977,-347.7613648894852,-320.98772701595243,1.0230231873465945,1.0611306041450779,1.0661209794400799,0.9975743973691509,0.9767292278434063,0.9737121521719372,0.9824142556500269,0.9689365309320942,1.0006646499217158,0.9989522498677027,0.9968676788330141,0.9971051725433105,0.9936796806631103,7.53e-5,0.0028503,0.30699999999999994,0.5872523687443223,0.022030680030467136,0.148977823552351,0.8854120416842637
0.6130478804251023,0.002775,3.5904029087392435,27.18272453727252,-349.7258596260874,-323.2544355514147,1.0234144636007971,1.0596302161885163,1.065383500939054,0.9973102076407754,0.9736042163197217,0.9681268708268254,0.9645820719903175,0.952655057809289,1.0004065363133803,0.9988417329670602,0.9966528308769219,0.9965418345455945,0.9926082808717824,7.53e-5,0.0028503,0.30699999999999994,0.5872523687443223,0.022046028458594814,0.14903009727442623,0.8994320530895143
0.62665861657837,0.002775,3.571546401973735,33.73270430151058,-352.50354010562785,-326.52942543353373,1.0237555154586993,1.0581566637782578,1.0647119226016044,0.9970926042084676,0.9700823410437818,0.9618170092444827,0.9476116114042918,0.9351963016992848,1.0001881700853634,0.9987468015580168,0.9964735012612804,0.9959001004498993,0.9914133052632416,7.53e-5,0.0028503,0.30699999999999994,0.5872523687443223,0.022066676558862092,0.14910039258507343,0.9134520644947652
0.6401697748208868,0.002775,3.5562339401383407,42.470090865549764,-356.1479604840049,-330.8981187155533,1.0240422209161302,1.056729651343855,1.0641135559521946,0.9969177497154668,0.9662076501734352,0.9548300859412376,0.9319474622296838,0.9167713719329249,1.0000050236034435,0.9986681774096874,0.996332166393582,0.9951872546362271,0.9901083372898336,7.53e-5,0.0028503,0.30699999999999994,0.5872523687443223,0.022091793851916428,0.14918585969282178,0.927472075900016
0.6535707327967015,0.002775,3.5444211637505694,53.48425307803427,-360.67501042324056,-336.4051998217956,1.0242702865735926,1.0553556486183489,1.063574850502743,0.9967848724429429,0.9620178467455524,0.9472134981494305,0.9177508712635587,0.8975688026619734,0.9998564886664594,0.9986051227224979,0.9962263281279307,0.9944103434836723,0.9887044611992496,7.53e-5,0.0028503,0.30699999999999994,0.5872523687443223,0.022120620327353655,0.149283889604299,0.9414920873052668
0.666850954788361,0.002775,3.535793857571468,66.79291815934619,-366.0684424428125,-343.05953236245153,1.0244287856744838,1.0540344370366976,1.0631242837602133,0.9966933460267325,0.9575534161144792,0.9390147944290209,0.9053078018475212,0.8777711504971153,0.9997446637174973,0.9985576582004765,0.9961550188909513,0.9935763458546646,0.9872127853429338,7.53e-5,0.0028503,0.30699999999999994,0.5872523687443223,0.022152499551244587,0.14939222829967336,0.9555120987105176
0.68,0.002775,3.530326384591953,82.35388724252243,-372.28707050218367,-350.84001690403966,1.0245259755479907,1.0527557869454365,1.0627375621444126,0.9966422579541088,0.9528539933117937,0.9302922933332868,0.8945231399134889,0.8575448226800934,0.9996672173870365,0.9985245818145959,0.9961154753336321,0.9926933321468504,0.9856464571131963,7.53e-5,0.0028503,0.30699999999999994,0.5872523687443223,0.02218674062548777,0.14950850870289148,0.9695321101157683
0.35,0.0028,4.363992923073381,87.41526656970063,-375.4536232534356,-353.37070656762876,1.0226841742667243,1.0594921835309346,1.0951472538999576,1.0167408684508303,0.9516448496445107,0.9480656012432916,1.0232687834192131,0.8792803765695195,1.0162755142640796,1.00227804518269,1.0054611221124767,0.9925529300024211,0.9893454683252488,7.53e-5,0.0028753,0.30699999999999994,0.5872523687443223,0.022259718189832006,0.14975604339302617,0.6330518363897495
0.36343145033847896,0.0028,4.341172440807176,71.0071620920179,-368.47602067950424,-345.1666543287874,1.022739093015495,1.0608805367006509,1.0924811795534435,1.0150158528202469,0.9566838617918897,0.9554304827709426,1.0207301671217937,0.8999213994668603,1.0149528398728136,1.0021338097929215,1.0049560070299064,0.9934977524660531,0.9907772240168466,7.53e-5,0.0028753,0.30699999999999994,0.5872523687443223,0.02224591330597099,0.14970924865785004,0.6470718477950003
0.37697026969153374,0.0028,4.314722151173182,57.20407128984334,-362.5254076234177,-338.2651089277001,1.0227263253948322,1.0622972352425517,1.0898838203381542,1.0133010188837668,0.9614413982185587,0.9622202523846757,1.0206607601365019,0.9197574868869884,1.013621241147574,1.0019750644608616,1.004432441571369,0.9943833089073656,0.992097288835356,7.53e-5,0.0028753,0.30699999999999994,0.5872523687443223,0.022232478045106616,0.14966369321606757,0.661091859200251
0.3906058139562867,0.0028,4.28406614512683,45.9956166820391,-357.6211546139928,-332.660881623798,1.0226538481107215,1.0637473701894762,1.0873784614935655,1.0116155752417613,0.9658716812142356,0.9683817623507731,1.0229118302917004,0.9386147320806594,1.0122968240916508,1.0018016672764964,1.0038899486521229,0.9952020933729424,0.9932925945228086,7.53e-5,0.0028753,0.30699999999999994,0.5872523687443223,0.022219324036452322,0.14961907839251348,0.6751118706055018
0.40432736298556926,0.0028,4.248648273409601,37.29879716495293,-353.7518242209907,-328.3124718652549,1.022513110671402,1.0652241912645664,1.0849738363107548,1.0099719718198044,0.9699302535583469,0.9738710752516431,1.0273149330583176,0.956347056478748,1.0109960363880073,1.0016221343024196,1.0033467331947312,0.9959426429889086,0.9943519117601056,7.53e-5,0.0028753,0.30699999999999994,0.5872523687443223,0.0222062352093585,0.1495746718349819,0.6891318820107526
0.4181241290160105,0.0028,4.2080858574370295,30.947069147256002,-350.86741970360526,-325.13660785640644,1.0223302174612452,1.0667109524141491,1.0827199304862165,1.0083970983911692,0.9735868303662455,0.9786540733831897,1.0334877093599597,0.9727538608156467,1.0097354214213472,1.0014257574742635,1.0027815266170401,0.9966048766586323,0.9952655806096676,7.53e-5,0.0028753,0.30699999999999994,0.5872523687443223,0.022192846295234443,0.14952923393495376,0.7031518934160035
0.43198526514928176,0.0028,4.162244923562881,26.683376473831345,-348.8734386942431,-323.0047615196941,1.0221008345759581,1.0681873737459986,1.0806242599107145,1.0069061388621232,0.9768006244389933,0.9827042419444707,1.0410453678710467,0.9876438796664023,1.0085350814586835,1.0012239046914377,1.0022174716072143,0.9971777805674352,0.9960250643261587,7.53e-5,0.0028753,0.30699999999999994,0.5872523687443223,0.02217880342619415,0.14948156231601575,0.7171719048212541
0.445899873879836,0.0028,4.1114685782875,24.16139128414852,-347.63540515397017,-321.7437689248527,1.0218506175394686,1.0696049689540887,1.0787089582597442,1.005521839832351,0.9795463821586209,0.9860038830650038,1.0492490504281398,1.0007689581271277,1.0074120813369238,1.001012417233654,1.0016475874429294,0.997660490281875,0.9966258199383847,7.53e-5,0.0028753,0.30699999999999994,0.5872523687443223,0.02216359693960843,0.14942992390380233,0.731191916226505
0.45985701566243137,0.0028,4.05668707190008,22.960082663214394,-346.9827962303305,-321.14311461438564,1.0216074206467616,1.0709006380966948,1.0769877162320804,1.0042597400457915,0.9818021241705469,0.9885474151204512,1.0572221191096591,1.011856303123101,1.0063803146447872,1.0007937748652054,1.001079249978513,0.9980512541037798,0.9970680794285094,7.53e-5,0.0028753,0.30699999999999994,0.5872523687443223,0.022146778115797468,0.14937279012489643,0.7452119276317558
0.473845717512708,0.0028,3.999587910072124,22.616295550430664,-346.725388804365,-320.9712210579938,1.0213918046249177,1.0719933049122876,1.0754291636374644,1.003128489151478,0.9835510918075304,0.9903460512104718,1.0639242329596972,1.0205880199607071,1.0054506706569741,1.0005726543800983,1.0005190644421946,0.9983486488449964,0.9973521392661523,7.53e-5,0.0028753,0.30699999999999994,0.5872523687443223,0.02212820953851812,0.14930968777688913,0.7592319390370066
0.4878549816340532,0.0028,3.9419246010040934,22.676882179759104,-346.6749026930998,-321.001514372658,1.0212447305121481,1.0727970862153517,1.0740352627286878,1.0021300537142372,0.9847890297963308,0.9914106116863639,1.068277883981718,1.0266477361508157,1.0046231153816434,1.0003507155628468,0.9999746083056034,0.9985561915138432,0.9974872201340917,7.53e-5,0.0028753,0.30699999999999994,0.5872523687443223,0.022107974008776687,0.14924089108426694,0.7732519504422574
0.5018737940639746,0.0028,3.8856161563637253,22.76473843827955,-346.6741324832736,-321.0454425019182,1.0211881556335405,1.0732353652652713,1.0727732940153434,1.001258532207768,0.9855151644356832,0.9917585937339439,1.069314919649948,1.0297478105605955,1.0038942828992738,1.0001323479748472,0.9994535866735287,0.9986760112748331,0.9974800858481756,7.53e-5,0.0028753,0.30699999999999994,0.5872523687443223,0.02208682195248172,0.1491689454839633,0.7872719618475081
0.5158911333331818,0.0028,3.832324537196764,22.644009377175394,-346.6225381778038,-320.98507797136614,1.021248556374416,1.0732626424392104,1.0716071512187588,1.0005020156742324,0.9857279079542054,0.9914002993143004,1.06634119269827,1.029737527533096,1.0032559359312887,0.9999212617610103,0.9989617069107887,0.9987104935901525,0.9973370634073281,7.53e-5,0.0028753,0.30699999999999994,0.5872523687443223,0.022066051369630548,0.14909826463510503,0.8012919732527589
0.5298959791305704,0.0028,3.78314750307334,22.264187435444228,-346.4970941800513,-320.79516700050056,1.0214239016476987,1.0728673306120389,1.0705126849802797,0.9998468236351393,0.9854354862607175,0.9903289364209219,1.0591678679640675,1.0265836117625196,1.002694085447291,0.999720489139189,0.9985067704673272,0.9986608701686186,0.9970633849603051,7.53e-5,0.0028753,0.30699999999999994,0.5872523687443223,0.022047275872521806,0.14903434493884846,0.8153119846580097
0.5438773209672962,0.0028,3.738661082865856,21.766841998490463,-346.351183703049,-320.5464942820237,1.0217053557367368,1.0720898616375671,1.0694873189936664,0.9992792993219383,0.9846396013095978,0.9885328778964348,1.048128807809402,1.0204436345325478,1.0021994146248197,0.9995325945053574,0.9980914725545504,0.9985263665626045,0.9966585770447276,7.53e-5,0.0028753,0.30699999999999994,0.5872523687443223,0.02203228283068326,0.1489832832062045,0.8293319960632605
0.5578241668331257,0.0028,3.699043982366312,21.45242540491563,-346.30482053643243,-320.38928598523626,1.022068686101178,1.0709977463818445,1.0685215123775897,0.9987862044864996,0.983347342314043,0.9859919474372205,1.03392788446353,1.0115877106003603,1.0017611053795836,0.9993594054228516,0.9977184692982515,0.9983056536926547,0.996121206250313,7.53e-5,0.0028753,0.30699999999999994,0.5872523687443223,0.02202251183549769,0.14894999703296372,0.8433520074685112
0.5717255518382599,0.0028,3.664185340095171,21.71996962269452,-346.51735525617033,-320.5230580941257,1.0224818927691834,1.069679878683889,1.0675956517723755,0.9983586149612245,0.9815637171126195,0.982686287944219,1.017420267795549,1.0003473703027514,1.0013742456003885,0.9992012410388619,0.9973847440661112,0.9979970587354072,0.9954467899736403,7.53e-5,0.0028753,0.30699999999999994,0.5872523687443223,0.02201892216094585,0.1489377665241306,0.857372018873762
0.5855705468338358,0.0028,3.633837442904836,22.99994572070318,-347.1609934454869,-321.16304614313003,1.0229135850250026,1.0682212396954822,1.0667182010948668,0.9979893039335754,0.9793051728083126,0.9786071245577606,0.9996052005802173,0.9870779349823922,1.001033063488237,0.9990587315574648,0.9970909554142979,0.9976006614664887,0.9946354399619999,7.53e-5,0.0028753,0.30699999999999994,0.5872523687443223,0.022021879481213258,0.14894784258672097,0.8713920302790128
0.5993482670043292,0.0028,3.6078035921407627,25.697446646307412,-348.3951252233255,-322.51179660593215,1.0233359669295428,1.0666959302263146,1.065903558251533,0.9976730454660693,0.9765921844532198,0.9737577891455648,0.9813973086085016,0.9721037351757751,1.0007344756968897,0.9989321187973829,0.9968362564865799,0.9971178684285374,0.9936888802008851,7.53e-5,0.0028753,0.30699999999999994,0.5872523687443223,0.022031276028384127,0.14897985373591918,0.8854120416842637
0.6130478804251023,0.0028,3.585681101729085,30.154074779000553,-350.35081763712054,-324.7401106722787,1.0237272292137045,1.0651566338497709,1.0651552501408335,0.9974054777420746,0.9734559638221958,0.9681581944038902,0.9635460553765749,0.9557044012581356,1.0004746370291224,0.9988218644540637,0.996621482298251,0.9965524768057712,0.9926137723425024,7.53e-5,0.0028753,0.30699999999999994,0.5872523687443223,0.022046613833104904,0.1490320905924999,0.8994320530895143
0.62665861657837,0.0028,3.5672731149457135,36.628720309870914,-353.1214636039955,-327.9774334377139,1.0240756044360266,1.0636357062199706,1.0644753938268046,0.9971841836398908,0.9699304864860594,0.9618419246731104,0.9466009417568537,0.9381271401883838,1.0002518703428247,0.998727952879764,0.9964458209086375,0.995909863547988,0.9914188996406009,7.53e-5,0.0028753,0.30699999999999994,0.5872523687443223,0.022067199380753796,0.1491021720857886,0.9134520644947652
0.6401697748208868,0.0028,3.5524470560640777,45.293097565679204,-356.75933341610073,-332.30962206561804,1.024363633237415,1.0621527151435988,1.0638612336896525,0.9970074520090854,0.9660479982659819,0.9548434992019478,0.9309167972273173,0.9195860210603188,1.0000668666355828,0.9986497328511138,0.9963058184485928,0.995195428754635,0.990111688855708,7.53e-5,0.0028753,0.30699999999999994,0.5872523687443223,0.022092322662781452,0.14918765857739552,0.927472075900016
0.6535707327967015,0.0028,3.5408831779932557,56.23688520797964,-361.2809840214924,-337.78151588676826,1.0245913662972936,1.060715051160682,1.0633200677756798,0.9968737504296291,0.9618522743639112,0.9472177376824832,0.9167796802949876,0.9002765920493423,0.9999178214920662,0.9985873520650738,0.9962019923330974,0.9944170198892237,0.9887059312995291,7.53e-5,0.0028753,0.30699999999999994,0.5872523687443223,0.022121182969962187,0.14928580235613767,0.9414920873052668
0.666850954788361,0.0028,3.5325691004725974,69.47777006759748,-366.6693213323784,-344.4019583165772,1.0247534145049713,1.0593249885123956,1.0628533216577107,0.9967818761992502,0.9573816581861704,0.9390122971978243,0.904312760194456,0.8803684122864747,0.9998047601064657,0.9985400590999287,0.996131781875161,0.9935816957791204,0.987212522237275,7.53e-5,0.0028753,0.30699999999999994,0.5872523687443223,0.02215307639586508,0.1493941879525748,0.9555120987105176
0.68,0.0028,3.5272740702267016,84.97339760023965,-372.882493061762,-352.14977208289827,1.0248497453652292,1.057978172529318,1.0624627316608284,0.9967314889177279,0.9526774620802785,0.9302826770180612,0.893582028312706,0.8600343265232185,0.9997278475123741,0.9985072485101911,0.9960933925063177,0.9926973243494666,0.9856442288167703,7.53e-5,0.0028753,0.30699999999999994,0.5872523687443223,0.022187360179853326,0.14951061186015666,0.9695321101157683
