cos_theta_z,newtrinos,exact_2x2,eq3_12,eq3_13
0.002,0.008426541364242146,0.008426541367077933,0.008389710590455523,0.008384849991702357
0.002498249124562281,0.008687693257438844,0.008687693260217844,0.00864732760437244,0.008644709802938813
0.0029964982491245623,0.00894164197812325,0.008941641980824533,0.008897472228671446,0.008897402080246098
0.0034947473736868435,0.009186280196015972,0.009186280198617003,0.009138030689964017,0.009140829919625499
0.003992996498249125,0.009419403792774506,0.009419403795251524,0.009366794806924676,0.009372800107886062
0.004491245622811405,0.00963873268233878,0.009638732684666695,0.009581483227019202,0.009591043839979742
0.004989494747373687,0.009841934777879646,0.009841934780031592,0.009779765815490836,0.009793240567369169
0.005487743871935968,0.010026652868543817,0.010026652870491815,0.00995929095112255,0.009977044741797433
0.005985992996498249,0.010190534089024317,0.010190534090739889,0.010117715402209923,0.010140115139055222
0.00648424212106053,0.010331261590672824,0.01033126159212705,0.010252736381134109,0.010280146373393835
0.0069824912456228115,0.01044658795654535,0.01044658795770853,0.010362125309095258,0.010394902147247552
0.007480740370185092,0.010534369846237956,0.010534369847081226,0.010443762765743134,0.01048224972465962
0.007978989494747374,0.010592603310924431,0.010592603311418591,0.01049567405299085,0.010540195071593506
0.008477238619309655,0.010619459185603641,0.010619459185721436,0.01051606476915531,0.010566918073073512
0.008975487743871935,0.010613317944718315,0.010613317944433098,0.010503355769255401,0.010560807216350459
0.009473736868434217,0.010572803399143516,0.010572803398430919,0.0104562168799566,0.010520493121170682
0.009971985992996498,0.010496814616898442,0.010496814615736816,0.010373598743083454,0.010444880302555448
0.01047023511755878,0.01038455546632494,0.010384555464695244,0.010254762179349203,0.010333176567811167
0.01096848424212106,0.010235561208227995,0.01023556120611463,0.010099304493262627,0.010184919477101845
0.011466733366683341,0.010049721601704198,0.010049721599095451,0.009907182180170072,0.009999999334959148
0.011964982491245623,0.009827300036103381,0.009827300032992425,0.009678729546041346,0.009778678227585129
0.012463231615807905,0.009568948257661192,0.009568948254045223,0.009414672808777495,0.009521604676623753
0.012961480740370184,0.009275716322664773,0.009275716318548122,0.009116139315303463,0.009229823543081637
0.013459729864932466,0.008949057478341405,0.008949057473731648,0.008784661580265236,0.008904780884067551
0.013957978989494748,0.00859082774678277,0.008590827741694812,0.008422175928513607,0.008548323538776364
0.01445622811405703,0.008203280064909169,0.008203280059364215,0.008031015603454775,0.008162693297444975
0.014954477238619309,0.007789052913498851,0.007789052907524158,0.0076138982855212525,0.007750515586642119
0.01545272636318159,0.007351153449493719,0.007351153443122649,0.007173908048222608,0.007314782685027278
0.015950975487743872,0.006892935236926356,0.006892935230199737,0.006714471862263664,0.0068588315644602
0.016449224612306152,0.0064180707518193825,0.006418070744783622,0.006239330839892425,0.006386316530930731
0.016947473736868435,0.005930518914105398,0.00593051890681312,0.005752506490834791,0.0059011769171229906
0.017445722861430715,0.005434487974080193,0.005434487966590629,0.005258262336812838,0.0054076001524899385
0.017943971985992995,0.004934394151025867,0.004934394143403548,0.004761061302717455,0.004909980606517465
0.01844222111055528,0.004434816486603377,0.0044348164789172195,0.004265519368071285,0.004412874665486125
0.01894047023511756,0.003940448434521404,0.003940448426845433,0.003776356021611989,0.0039209525616552224
0.01943871935967984,0.003456046760083653,0.0034560467524959726,0.0032983421138689907,0.0034389475256365273
0.01993696848424212,0.002986378367840381,0.0029863783604210797,0.002836245746815476,0.002971602877121979
0.0204352176088044,0.0025361657121170667,0.0025361657049495917,0.0023947768754647904,0.0025236177055017613
0.020933466733366685,0.0021100314732088177,0.002110031466376866,0.001978531323169445,0.0020995918197785008
0.021431715857928964,0.0017124432011050295,0.001712443194693651,0.0015919349300021395,0.00170397066617561
0.021929964982491244,0.001347658638522209,0.0013476586326145387,0.0012391885617014725,0.0013409909216899622
0.022428214107053528,0.0010196724355758247,0.0010196724302542204,0.0009242147051171425,0.0010146274724003928
0.022926463231615807,0.0007321649596205293,0.0007321649549633102,0.0006506063648780917,0.0007285424765771339
0.023424712356178087,0.0004884538856797516,0.0004884538817619306,0.0004215789552425034,0.00048603719462412057
0.02392296148074037,0.0002914492256875789,0.0002914492225789128,0.00023992585100029906,0.00029000724082004983
0.02442121060530265,0.00014361241878024789,0.00014361241654420494,0.00010797822223521493,0.00014290187601457405
0.024919459729864934,4.692006051343345e-5,4.692005920604175e-5,2.756973017669763e-5,4.668791629981299e-5
0.025417708854427214,0.00014294077809962058,0.0001429407719168302,6.225549884288172e-6,0.00012381258369325755
0.025915957978989494,-0.00022002954664429586,-0.0002200295548170526,-0.0004198183663054169,-0.0002560203518995028
0.026414207103551777,-0.0007375669802600071,-0.000737566989362547,-0.0009694997376741291,-0.0007844012282336554
0.026912456228114057,-0.0013087088105672162,-0.0013087088199897371,-0.001551875392990735,-0.0013617528892330337
0.027410705352676337,-0.0018780456354850483,-0.0018780456447677139,-0.0021156428593556704,-0.0019335933721540094
0.02790895447723862,-0.002407600576223412,-0.0024076005849844955,-0.002625405824465368,-0.002462696804426518
0.0284072036018009,-0.002869094802961769,-0.0028690948108707212,-0.003054909721180314,-0.002921435131834995
0.028905452726363183,-0.0032408207355084095,-0.00324082074227535,-0.003384243816654483,-0.0032886807887027203
0.029403701850925463,-0.0035061042529162534,-0.003506104258288365,-0.0035984379469699785,-0.0035482822167902145
0.029901950975487743,-0.0036524428439069223,-0.003652442847668365,-0.0036866595320211117,-0.003688208481590908
0.030400200100050026,-0.0036709687019139126,-0.0036709687038845584,-0.0036417008720068277,-0.0037000156046316404
0.030898449224612306,-0.0035560794813050967,-0.003556079481342369,-0.0034596162635329394,-0.0035784789673327998
0.031396698349174586,-0.003305158322723545,-0.003305158320724033,-0.003139438387547689,-0.0033213142234983623
0.03189494747373687,-0.002918341001790725,-0.0029183409976904773,-0.0026829358861534505,-0.002928945028657446
0.03239319659829915,-0.002398306330121225,-0.0023983063238962946,-0.0020943905678371447,-0.0024042939779207635
0.03289144572286143,-0.0017500758704858677,-0.001750075862151805,-0.0013803817379463442,-0.0017525829713112182
0.03338969484742371,-0.0009808147781857346,-0.000980814767798724,-0.000549570435446132,-0.0009811349133273754
0.033887943971985995,-9.962909503241635e-5,-9.962908268831838e-5,0.0003875203912745111,-9.917212852967656e-5
0.03438619309654827,0.0008826429266075575,0.0008826429407753494,0.0014187316423226882,0.0008823909001082653
0.034884442221110555,0.001953646391297803,0.0019536464071183424,0.002530500229318918,0.0019511613806568167
0.03538269134567284,0.0030997321070459494,0.0030997321243153436,0.0037080971489321353,0.0030934885392793544
0.035880940470235115,0.0043061848684484705,0.004306184886931505,0.004935870293264046,0.004294689594779842
0.0363791895947974,0.00555745631172927,0.005557456331162017,0.006197490342511465,0.005539280035969634
0.03687743871935968,0.006837400603014576,0.006837400623109113,0.007476197748011705,0.0068112064893064575
0.03737568784392196,0.008129510958373332,0.008129510978821752,0.008755048585392415,0.008094080206186004
0.03787393696848424,0.009417154818216533,0.009417154838694874,0.010017156915413128,0.009371409027023075
0.038372186093046524,0.010683805393428059,0.010683805413601255,0.011245931218823592,0.010626825576794266
0.03887043521760881,0.011913267254793414,0.011913267274320294,0.012425302460299041,0.01184430940287443
0.039368684342171084,0.013089893642747208,0.013089893661285518,0.013539941377171336,0.013008400772681823
0.03986693346673337,0.014198793224912853,0.014198793242124669,0.01457546267492347,0.014104403899660806
0.04036518259129565,0.01522602411929791,0.015226024134855298,0.01551861393797394,0.015118577456459259
0.04086343171585793,0.016158773127001758,0.016158773140589694,0.016357447226504077,0.016038310359497883
0.04136168084042021,0.01698551827593403,0.016985518287258194,0.017081471523684,0.01685228096558868
0.041859929964982494,0.017696172962662515,0.01769617297145243,0.017681784418531247,0.017550598005174115
0.04235817908954477,0.018282210189459414,0.01828221019547449,0.01815118165376329,0.018124921784559492
0.042856428214107053,0.018736765624358498,0.018736765627388963,0.018484243431380675,0.0185685644176627
0.04335467733866934,0.01905471845994977,0.01905471845982576,0.018677396647330948,0.018876568092767717
0.04385292646323161,0.019232749308154606,0.0192327493047435,0.018728952516433257,0.019045760637973138
0.044351175587793897,0.019269374639647785,0.019269374632862435,0.018639119345764243,0.019074787916888707
0.04484942471235618,0.01916495755435038,0.019164957544146877,0.01840999051490976,0.018964122860055502
0.045347673836918456,0.018921694949804668,0.01892169493618645,0.018045508020909432,0.01871605121396338
0.04584592296148074,0.01854358143371143,0.018543581416730848,0.017551402240475803,0.018334634364865893
0.04634417208604302,0.01803635060189318,0.018036350581649818,0.01693510884837981,0.017825649865368196
0.0468424212106053,0.017407394570036483,0.017407394546677668,0.016205664105133723,0.01719651055460526
0.04734067033516758,0.016665662903436296,0.016665662877157317,0.015373579985828377,0.016456163414488554
0.047838919459729866,0.01582154233050853,0.015821542301549085,0.014450700861975925,0.015614969541895198
0.04833716858429215,0.014886718850087244,0.01488671881873005,0.013450043666503344,0.01468456683691526
0.048835417708854426,0.013874024046801214,0.013874024013368513,0.012385623665967845,0.013677717207705501
0.04933366683341671,0.012797267610665353,0.012797267575517357,0.011272268131259101,0.012608140270716212
0.04983191595797899,0.011671058214270169,0.011671058177796678,0.010125420336504628,0.0114903356789416
0.05033016508254127,0.010510615031760706,0.010510614994381329,0.008960936423959254,0.010339396338583388
0.05082841420710355,0.009331572286638556,0.009331572248794329,0.007794877749069629,0.00917081487461818
0.051326663331665835,0.008149779289104486,0.008149779251253986,0.006643301363799879,0.008000285777076807
0.05182491245622811,0.006981098467398639,0.006981098430010602,0.005522051307225877,0.006843505701587279
0.052323161580790395,0.005841203910924575,0.005841203874473733,0.004446553350302162,0.005715974409461323
0.05282141070535268,0.004745382925730013,0.004745382890689043,0.0034316157869441854,0.004632798814262783
0.053319659829914955,0.0037083430555666097,0.0037083430223998626,0.002491238776909285,0.0036085025536688863
0.05381790895447724,0.002744026944779099,0.0027440269139387685,0.0016384346285654482,0.002656843428191495
0.05431615807903952,0.0018654373137937386,0.0018654372857106472,0.00088506126303874,0.0017906409429656429
0.0548144072036018,0.0010844741852880646,0.0010844741603667496,0.0002416709273241037,0.0010216160566863602
0.05531265632816408,0.00041178634091121324,0.0004117863195224891,-0.00028262397504683377,0.0003602450845488253
0.055810905452726364,-0.00014336119329499963,-0.00014336121081620634,-0.0006802662887303612,-0.00018437047831466934
0.05630915457728865,-0.000573202037652043,-0.0005732020510147984,-0.0009453493409325896,-0.0006046166476594235
0.056807403701850924,-0.0008715643524156436,-0.0008715643613770307,-0.0010736908576587329,-0.0008944608096325897
0.05730565282641321,-0.001033946598589297,-0.0010339466029576916,-0.0010628846855764004,-0.0010495256387292387
0.05780390195097549,-0.0010575722813033206,-0.0010575722809420263,-0.000912329724769591,-0.001067142212138392
0.05830215107553777,-0.0009414230519962374,-0.0009414230468287044,-0.0006232357657683582,-0.0009463817163544383
0.05880040020010005,-0.000686249813404427,-0.0006862498034114761,-0.00019860621531831766,-0.0006880654064886763
0.059298649324662334,-0.0002945617426786118,-0.00029456172790520707,0.0003568020142112682,-0.00029475274667657063
0.05979689844922461,0.0002294065804134271,0.00022940659986143974,0.0010365408906931116,0.00022929207191855065
0.06029514757378689,0.0008797494846879417,0.0008797495086432794,0.0018325550838874625,0.0008781547740061368
0.06079339669834918,0.0016489652402820743,0.0016489652685164752,0.002735286116186789,0.0016443460837877245
0.06129164582291145,0.0025280508422034775,0.002528050874429255,0.003733795483099808,0.0025188962798597865
0.061789894947473736,0.003506615333566332,0.00350661536944058,0.004815905149042333,0.0034914680151531654
0.06228814407203602,0.004573010232375663,0.004573010271502146,0.005968353609419657,0.004550485974135525
0.0627863931965983,0.005714475418769738,0.0057144754607038745,0.007176965518500875,0.005683281735915802
0.06328464232116059,0.0069172986532485825,0.006917298697502178,0.008426832716534953,0.006876252028674456
0.06378289144572286,0.008166986732780879,0.00816698677882747,0.009702504350939443,0.008115028400182047
0.06428114057028514,0.00944844615275131,0.00944844620003297,0.010988183676872898,0.009384656192963484
0.06477938969484742,0.010746171030149243,0.01074617107808418,0.012267929043377701,0.010669780602522425
0.0652776388194097,0.012044435958454225,0.012044436006440775,0.013525856523470603,0.011954837514243066
0.06577588794397199,0.013327491408378578,0.013327491455804117,0.014746341630593754,0.013224246760088194
0.06627413706853427,0.014925996517520967,0.014925996564237173,0.0162658669647459,0.014803318234288619
0.06677238619309654,0.017869868863703398,0.01786986891053218,0.019113513553573762,0.0177026159276233
0.06727063531765883,0.01951462869873538,0.01951462874317794,0.020614219061805533,0.01932300754699658
0.06776888444222111,0.02074468829198628,0.020744688332979138,0.021675163325958945,0.02053515005060686
0.06826713356678339,0.021686091516367745,0.021686091553152438,0.022429190696385864,0.021463040119123793
0.06876538269134568,0.02239231828887861,0.022392318320875057,0.022934354781819995,0.022159211740659285
0.06926363181590796,0.02289364294291013,0.022893642969668587,0.023224621858520943,0.022653356266022374
0.06976188094047024,0.023210331601235368,0.023210331622412782,0.023323490863314294,0.022965325430788854
0.07026013006503251,0.023357631041691584,0.023357631057041,0.023249161211124716,0.023110046828695184
0.0707583791895948,0.023348050439805923,0.023348050449167525,0.02301690185698682,0.023099771461684643
0.07125662831415708,0.023192543289457246,0.023192543292750438,0.02264027845620461,0.02294523719344916
0.07175487743871936,0.02290117661219354,0.022901176609411628,0.02213184572186516,0.022656326783376323
0.07225312656328164,0.022483535997494974,0.022483535988704964,0.0215035628238303,0.022242465524458004
0.07275137568784393,0.021948983320910387,0.021948983306245368,0.02076705348983987,0.021712873695346042
0.0732496248124062,0.021306826500629927,0.021306826480286895,0.019933772885929818,0.021076732359283704
0.07374787393696848,0.02056643326585711,0.020566433240094134,0.019015114906510165,0.020343294035358228
0.07424612306153076,0.019737306947283706,0.019737306916414094,0.01802247897405774,0.01952195599602442
0.07474437218609305,0.018829134797097247,0.018829134761487898,0.016967307628550383,0.018622306544343978
0.07524262131065533,0.017851815152418293,0.01785181511248518,0.015861101810554876,0.017654150488285236
0.07574087043521761,0.01681546734873751,0.01681546730494013,0.014715418226707518,0.016627517655699784
0.07623911955977988,0.01573042689018772,0.015730426843026807,0.013541851721359051,0.015552656914171901
0.07673736868434217,0.014607227573472714,0.014607227523485228,0.012352004727307506,0.014440017362567854
0.07723561780890445,0.013456571807950457,0.013456571755700475,0.011157445386963586,0.013300217914792732
0.07773386693346673,0.012289290139377629,0.012289290085457288,0.009969655680081327,0.012144006266403636
0.07823211605802902,0.011116290886876323,0.011116290831895081,0.008799970778855366,0.010982208140006373
0.0787303651825913,0.009948500790197878,0.009948500734779153,0.007659510821633217,0.009825667694905156
0.07922861430715358,0.00879679760415264,0.00879679754892787,0.00655910631773778,0.008685180027378935
0.07972686343171585,0.00767193564680152,0.007671935592403034,0.005509218444689586,0.0075714167582499265
0.08022511255627814,0.006584465392461325,0.006584465339515622,0.004519855559548954,0.006494845788959274
0.08072336168084042,0.005544648288879073,0.0055446482380024364,0.0036004873070598254,0.005465646395472651
0.0812216108054027,0.0045623680622485785,0.004562368014039531,0.002759957760885606,0.00449362091325935
0.08171985992996499,0.0036470398483495203,0.003647039803381047,0.0020063990748532636,0.0035881043406403206
0.08221810905452727,0.002807518548686827,0.0028075185075017717,0.001347147144770787,0.0027578732477818685
0.08271635817908954,0.0020520078539928432,0.002052007817099244,0.0007886607853271721,0.002011055421434887
0.08321460730365182,0.001387971401573207,0.0013879713694355256,0.00033644590903837793,0.0013550416990054685
0.0837128564282141,0.0008220475362283874,0.0008220475092629576,-5.013845773140507e-6,0.0007964014482046473
0.08421110555277639,0.00035996912598207365,0.0003599691045529374,-0.00023231865367463031,0.00034080312951951993
0.08470935467733867,6.489843247525773e-6,6.4898276608826855e-6,-0.0003432049083251808,-7.058662232085551e-6
0.08520760380190096,-0.00023468174048379975,-0.00023468174998336755,-0.0003365873037342498,-0.00024352834381116516
0.08570585292646324,-0.0005370473628123484,-0.0005370473710884505,-0.0005772246816679575,-0.0005486182999070346
0.08620410205102551,-0.0010033198940536114,-0.0010033199029136908,-0.0010445953169973313,-0.0010214192971438022
0.08670235117558779,-0.001224264994312163,-0.00122426499818723,-0.0010504656610704794,-0.0012392325910084122
0.08720060030015007,-0.0012224927925209572,-0.0012224927894824433,-0.0007610839872729336,-0.0012318400943065325
0.08769884942471236,-0.0009897946165920435,-0.0009897946056714457,-0.0002083025313669709,-0.0009938223568872477
0.08819709854927464,-0.0005274629270387576,-0.0005274629077536841,0.0005838385617594057,-0.000528029982300074
0.08869534767383692,0.00015454578872364788,0.0001545458164448621,0.001589643532340561,0.00015471423984303597
0.0891935967983992,0.0010396673998866457,0.0010396674358590374,0.0027807407957198722,0.0010374383938256736
0.08969184592296148,0.0021065015737547488,0.002106501617550355,0.004126586891937205,0.002098654731925588
0.09019009504752376,0.003330238877066849,0.003330238928075102,0.005595259990756141,0.003313692130851798
0.09068834417208604,0.004683827173802002,0.00468382723124991,0.007154262561596079,0.0046557928137675245
0.09118659329664833,0.0061389323871248735,0.006138932450121093,0.008771247642091211,0.006097019976842481
0.09168484242121061,0.007666740053986265,0.007666740121537868,0.01041465253463058,0.00760901817006164
0.09218309154577288,0.009238623133814683,0.00923862320487151,0.012054234549391658,0.009163649141438534
0.09268134067033516,0.010826697972228128,0.010826698045680413,0.013661515776315894,0.010733523142565414
0.09317958979489745,0.012404285359124578,0.012404285433827322,0.015210145081745365,0.012292441214064026
0.09367783891945973,0.013946285651008195,0.013946285725863372,0.01667618077221181,0.01381575638854105
0.09417608804402201,0.01542948145475892,0.01542948152860904,0.018038305552042354,0.015280666371400126
0.0946743371685843,0.01683277222716495,0.016832772298936233,0.01927797578984858,0.016666441402456437
0.09517258629314658,0.01813734941336681,0.018137349482026527,0.020379513353014484,0.017954595293463278
0.09567083541770885,0.019326816148955095,0.019326816213555226,0.021330143556936583,0.019129003203759987
0.09616908454227113,0.020387262354677638,0.020387262414277695,0.02211999040194278,0.020175976447840006
0.09666733366683342,0.021307293323109988,0.021307293376911455,0.022742026837660505,0.021084292210889727
0.0971655827913957,0.022078021955724114,0.022078022003052093,0.023191990902129193,0.021845187913136797
0.09766383191595798,0.022693026852419862,0.022693026892628497,0.023468270105168672,0.02245232220911936
0.09816208104052027,0.023148280885083028,0.023148280917642785,0.02357175911233016,0.022901707024978492
0.09866033016508254,0.023442055098066683,0.023442055122587246,0.02350569590602704,0.02319161527346703
0.09915857928964482,0.023574800932921913,0.023574800949131582,0.023275479781354257,0.023322467107165488
0.0996568284142071,0.023549014757362874,0.02354901476513916,0.02288847547850844,0.023296698555289416
0.10015507753876939,0.023369088005729677,0.023369088004986528,0.022353807050316195,0.023118615749829888
0.10065332666333167,0.023041146056901718,0.02304114604767774,0.021682144852141125,0.022794237786341487
0.10115157578789395,0.022572879303325466,0.022572879285816073,0.02088548916954911,0.022331131598008886
0.10164982491245622,0.021973367617333095,0.02197336759178073,0.019976952171546068,0.021738240032558427
0.1021480740370185,0.02125290310327077,0.021252903070055125,0.018970542398505964,0.021025707937110037
0.10264632316158079,0.020422808383279867,0.020422808342862274,0.017880951244787443,0.02020470357494429
0.10314457228614307,0.01949526062360879,0.019495260576520235,0.01672334846662561,0.019287245402398862
0.10364282141070535,0.018483116239934594,0.018483116186806852,0.015513184251298235,0.018286029276991377
0.10414107053526764,0.017399739637210365,0.017399739578723074,0.0142659987425327,0.01721425942519366
0.10463931965982992,0.016258836801413268,0.016258836738307754,0.012997243196475234,0.016085483990063154
0.10513756878439219,0.015074295948707128,0.015074295881775376,0.011722111676527376,0.014913437365990797
0.10563581790895447,0.01386003627862048,0.013860036208686907,0.010455385944251869,0.013711890370825515
0.10613406703351676,0.012629865204729585,0.012629865132653753,0.009211292974272863,0.012494508657532415
0.10663231615807904,0.011397343739263599,0.011397343665932369,0.008003374749750871,0.011274719080328363
0.10713056528264132,0.010175662266363128,0.010175662192649343,0.006844372599612964,0.010065586227461861
0.10762881440720361,0.008977525280938647,0.008977525207713805,0.005746124183318414,0.008879697758161043
0.10812706353176588,0.007815045461515624,0.007815045389663516,0.004719473514063838,0.007729058927940115
0.10862531265632816,0.006699649787566708,0.006699649717936879,0.0037741962749159915,0.006624998970716536
0.10912356178089044,0.005641994998228761,0.005641994931633032,0.002918937425623075,0.005578086715969584
0.10962181090545273,0.004651892028227633,0.0046518919654533475,0.002161160791681597,0.004598055102393387
0.11012006003001501,0.003738241586058899,0.0037382415278361947,0.001507112224449157,0.0036937367147359514
0.1106183091545773,0.002908978481498403,0.0029089784284980214,0.0009617941010669871,0.0028730080209515667
0.11111655827913956,0.002171026757136929,0.0021710267099860348,0.0005289524583772182,0.0021427443224144647
0.11161480740370185,0.0015302643099320279,0.0015302642691818469,0.00021107523067465054,0.0015087841398790474
0.11211305652826413,0.000991496190854757,0.0009914961569852943,9.400793101586922e-6,0.0009759022497260213
0.11261130565282641,0.0005584368973401421,0.000558436870749579,-7.606323420909792e-5,0.0005477916809878067
0.1131095547773887,0.00023370153306451202,0.00023370151407592354,-4.6511402723343974e-5,0.00022705455177791662
0.11360780390195098,1.8805491424633836e-5,1.8805480277328535e-5,9.569727649272206e-5,1.5201409208875505e-5
0.11410605302651326,-8.582765559089767e-5,-8.582765875192466e-5,0.0003470857453663694,-8.734123629225902e-5
0.11460430215107553,-8.085018291853485e-5,-8.085017802161865e-5,0.0007031134009141266,-8.121530410381708e-5
0.11510255127563782,3.2033471706993666e-5,3.203348463531874e-5,0.0011582381038821718,3.189216645002463e-5
0.1156008004002001,0.0002500978629472739,0.0002500978837878809,0.0017059851894285585,0.00024927979236914814
0.11609904952476238,0.0005696349175588478,0.0005696349461175032,0.0023390229281954364,0.0005672698434730567
0.11659729864932467,0.0009859989446659445,0.0009859989806621505,0.003049243394694794,0.0009812528685500406
0.11709554777388695,0.0014936583014274474,0.0014936583445025464,0.0038278487810219563,0.0014857389750596846
0.11759379689844922,0.002086253553249151,0.002086253602961552,0.004665442634733889,0.0020744155969711162
0.1180920460230115,0.002756661381046799,0.0027566614368745856,0.005552124803529319,0.002740211006546927
0.11859029514757378,0.003497064108500647,0.00349706416986989,0.006477589833328967,0.0034753634399869496
0.11908854427213607,0.0042990242167876835,0.004299024283058228,0.007431227851429463,0.004271495205984216
0.11958679339669835,0.0051535637102944065,0.005153563780756598,0.008402227631056238,0.005119691635700899
0.12008504252126063,0.00605124784916683,0.006051247923093361,0.009379681053772806,0.00601058438799233
0.12058329164582292,0.006982272376269083,0.00698227245284988,0.010352687833546826,0.0069344382417199785
0.12108154077038519,0.007936554095354709,0.007936554173775728,0.011310460250221508,0.007881241225953692
0.12157978989494747,0.008903824151586193,0.00890382423100014,0.01224242694951821,0.008840797436919292
0.12207803901950975,0.009873723003514467,0.00987372308308096,0.013138334648092786,0.009802821537456912
0.12257628814407204,0.010835896681840873,0.010835896760676672,0.013988347261198034,0.010757034530205798
0.12307453726863432,0.01178009392859758,0.011780094005853142,0.014783141969573428,0.011693260394228196
0.1235727863931966,0.012696262813858994,0.01269626288865916,0.015514000596661658,0.012601522190577657
0.12407103551775887,0.013574646294611692,0.0135746463661367,0.01617289583561761,0.013472137101138797
0.12456928464232116,0.014405876485336866,0.014405876552793198,0.016752572144728774,0.014295810162902357
0.12506753376688345,0.015181065835859264,0.01518106589845504,0.017246619395084335,0.015063724909268359
0.1255657828914457,0.01589189464538826,0.01589189470244967,0.017649538867304315,0.015767630347242875
0.126064032016008,0.01653069540999358,0.01653069546082235,0.017956802295284312,0.016399924749881938
0.12656228114057028,0.017090530607940857,0.017090530651942257,0.018164900518383615,0.01695373291141792
0.12706053026513256,0.017565265228791926,0.01756526526543862,0.01827138344994899,0.01742297814267161
0.12755877938969484,0.017949632497639867,0.017949632526469795,0.018274889983058342,0.017802447474199352
0.12805702851425713,0.018239291866887608,0.018239291887508016,0.018175167205868245,0.018087849147181694
0.1285552776388194,0.0184308790045008,0.018430879016653547,0.01797307899778087,0.018275862119069907
0.1290535267633817,0.018522046165306505,0.01852204616877745,0.017670602777783418,0.01836417599178243
0.12955177588794398,0.018511493752077113,0.01851149374675458,0.017270815614468214,0.018351522152096147
0.13005002501250626,0.018398991868416426,0.018398991854272555,0.016777868919039658,0.018237694942173286
0.13054827413706854,0.018185390560772507,0.01818539053792285,0.01619695095691443,0.018023561579547168
0.13104652326163083,0.017872620179220755,0.017872620147843236,0.015534239020541933,0.0177110622304423
0.1315447723861931,0.01746368024960554,0.01746368020995838,0.01479684023176904,0.017303198658934506
0.13204302151075537,0.016962617322258344,0.01696261727470785,0.01399272194306903,0.01680401191165511
0.13254127063531765,0.016374491344932185,0.016374491289966514,0.013130631873504843,0.016218548599137312
0.13303951975987993,0.01570533131776508,0.015705331255936206,0.012220009217649212,0.015552816523723333
0.13353776888444222,0.014962080211194217,0.014962080143128595,0.01127088725985042,0.014813729643357471
0.1340360180090045,0.014152529443666906,0.014152529370034526,0.010293788327025788,0.01400904267220946
0.13453426713356678,0.013285243763666132,0.013285243685255726,0.009299612368953361,0.013147276157224202
0.13503251625812907,0.012369475795164786,0.012369475712826192,0.008299519168202688,0.012237631320751553
0.13553076538269135,0.011415072981131147,0.011415072895736011,0.0073048070319702,0.011289897362149273
0.13602901450725363,0.010432376818197975,0.010432376730682771,0.006326788407299743,0.01031435113000392
0.13652726363181591,0.00943211483662404,0.009432114747959422,0.005376663392893136,0.00932164963093331
0.1370255127563782,0.008425287951229543,0.008425287862395298,0.004465393705268861,0.00832271795872909
0.13752376188094048,0.007423052085051007,0.007423051997049582,0.003603576850954392,0.0073286315995008755
0.13802201100550276,0.006436597395778176,0.006436597309608882,0.0028013235046525243,0.006350496384357128
0.13852026013006502,0.0054770249300524765,0.005477024846706285,0.0020681384926064268,0.0053993259508141375
0.1390185092546273,0.004555223597349778,0.004555223517801216,0.0014128078134480145,0.004485919548381735
0.1395167583791896,0.0036817471756909748,0.0036817471008686598,0.0008432919886391018,0.003620739945431027
0.14001500750375187,0.0028666937188544517,0.0028666936496674345,0.00036662773103636026,0.0028137937694050204
0.14051325662831415,0.002119588555414942,0.00211958849270541,-1.1160951715047922e-5,0.002074515466538396
0.14101150575287644,0.0014492722447018713,0.0014492721892307714,-0.00028514104692079054,0.001411656241300508
0.14150975487743872,0.0008637949441358539,0.0008637948966088993,-0.0004515371199060755,0.000833179409027972
0.142008004002001,0.0003703183463334425,0.00037031830737743743,-0.0005077852983594258,0.00034616331873608773
0.1425062531265633,-2.497347980873199e-5,-2.4973509667625127e-5,-0.0004525737973399206,-4.3286834359839166e-5
0.14300450225112557,-0.0003169531992087138,-0.0003169532195454461,-0.0002858693264930589,-0.00033011717411944027
0.14350275137568785,-0.0005016182179555795,-0.0005016182284374171,-8.928872763544821e-6,-0.0005103922438627215
0.14400100050025014,-0.0005761466426245643,-0.0005761466430401763,0.0003757034817953836,-0.0005813501081990235
0.1444992496248124,-0.0005389403738099152,-0.0005389403640556623,0.0008642148718110941,-0.0005414446498254909
0.14499749874937468,-0.0003896546556629854,-0.0003896546357449737,0.0014515570737318447,-0.00039037439418083855
0.14549574787393696,-0.00012921353668010616,-0.00012921350673333887,0.0021314948750661734,-0.00012909732759390873
0.14599399699849924,0.00024018905457473538,0.00024018909430023605,0.002896668864710056,0.00024016857760862065
0.14649224612306153,0.0007151029670761089,0.0007151030162317884,0.003738672366475396,0.0007139594707152331
0.1469904952476238,0.001290849992500287,0.00129085005056373,0.004648141312310541,0.001287594129200478
0.1474887443721861,0.001961566642054713,0.0019615667084941224,0.005614856589338466,0.0019552169622800556
0.14798699349674838,0.002720261418644787,0.0027202614927692714,0.006627857946553121,0.0027098553859974004
0.14848524262131066,0.0035588851108828146,0.003558885191846106,0.007675566985781273,0.003543490099796205
0.14898349174587294,0.004468415055152608,0.004468415142114934,0.008745919948035875,0.004447139197071862
0.14948174087043523,0.005438950642287443,0.005438950734314052,0.009826506414518573,0.0054109533980942265
0.1499799899949975,0.006459820575515918,0.006459820671549377,0.010904714194999627,0.00642432290228085
0.1504782391195598,0.00751969993353796,0.0075197000325136765,0.011967877719305586,0.007475993921664636
0.15097648824412205,0.008606736801400283,0.008606736902152023,0.013003429287246057,0.00855419465031187
0.15147473736868433,0.00970868514916351,0.00970868525054458,0.013999049320601696,0.009646767376562672
0.15197298649324661,0.010813044260355509,0.010813044361193264,0.014942815742149054,0.010741307027248547
0.1524712356178089,0.011907202396680083,0.011907202495766683,0.015823349845685952,0.011825303846431918
0.15296948474237118,0.012978583071200811,0.01297858316733777,0.016629956889359664,0.012886288590299997
0.15346773386693346,0.014014792150626953,0.014014792242655616,0.017352759587755326,0.013911978470975734
0.15396598299149575,0.015003764247207063,0.015003764333977182,0.017982822997161165,0.014890422319534942
0.15446423211605803,0.01593390707388459,0.015933907154317806,0.018512269545689974,0.015810143648696626
0.15496248124062031,0.016794240317158315,0.016794240390259785,0.018934381164802602,0.016660278208987217
0.1554607303651826,0.017574529276018824,0.01757452934080056,0.01924368895391352,0.01743070627424345
0.15595897948974488,0.018265410715472552,0.018265410771090174,0.019436048312752134,0.018112177133655816
0.15645722861430716,0.018858509427490178,0.0188585094731335,0.019508698555980024,0.018696424297983277
0.15695547773886945,0.019346543947617034,0.01934654398268617,0.019460306084467766,0.019176269887134677
0.1574537268634317,0.01972342088909057,0.019723420913046255,0.01929099109936694,0.019545717661798804
0.157951975987994,0.019984314328559682,0.019984314340943707,0.01900233549844645,0.019800031191808544
0.15845022511255627,0.020125732354335513,0.02012573235490212,0.01859737429494664,0.01993579923208793
0.15894847423711855,0.020145567630873995,0.020145567619456684,0.01808056868664315,0.019950985213309604
0.15944672336168084,0.020043131779633794,0.02004313175621752,0.01745776141935197,0.019844960654276336
0.15994497248624312,0.019819174017855268,0.019819173982589745,0.01673611556400889,0.01961852292975407
0.1604432216108054,0.019475881312072896,0.019475881265212134,0.01592403556461237,0.01927389471150946
0.1609414707353677,0.019016862706869808,0.019016862648837313,0.015031073468048224,0.018814707697362817
0.16143971985992997,0.018447115515782986,0.0184471154471367,0.014067819653791176,0.018245968373681462
0.16193796898449225,0.01777297550578838,0.01777297542721721,0.013045780619020045,0.017574007910622875
0.16243621810905454,0.017002050628277254,0.017002050540573375,0.011977244553700186,0.016806415767128127
0.16293446723361682,0.01614313874725376,0.01614313865134833,0.010875136153787601,0.015951957467162364
0.1634327163581791,0.015206130702935416,0.015206130599859986,0.009752862703169383,0.015020477876045336
0.16393096548274136,0.014201899619426361,0.014201899510302336,0.008624153161063559,0.014022790888895893
0.16442921460730364,0.01314217768973186,0.013142177575785752,0.007502892196252817,0.01297055676198277
0.16492746373186593,0.012039421821669227,0.012039421704158261,0.006402951181572541,0.011876148465844135
0.1654257128564282,0.010906669667649804,0.010906669547922479,0.005338018215431831,0.010752508580423667
0.1659239619809905,0.009757387835979847,0.00975738771540071,0.0043214293307765475,0.009612998512011348
0.16642221110555278,0.008605313863077058,0.008605313743057202,0.003366002891422691,0.008471241610905761
0.16692046023011506,0.00746429390740988,0.007464293789375548,0.002483879306795041,0.007340962134007157
0.16741870935467734,0.006348118096577093,0.006348117981899812,0.0016863680908147385,0.006235821970294321
0.16791695847923963,0.005270355490093914,0.005270355380167457,0.0009838042113548247,0.005169257076431228
0.1684152076038019,0.0042441907217888875,0.004244190617940957,0.0003854155906917224,0.004154315667667457
0.1689134567283642,0.003282264183073591,0.0032822640865966257,-0.00010079656278142675,0.003203500009578489
0.16941170585292648,0.002396517779006846,0.0023965176910728525,-0.000468162994774343,0.0023286138221421987
0.16990995497748873,0.0015980481425759696,0.0015980480643131845,-0.0007114358228679359,0.00154061716231867
0.17040820410205101,0.0008969691210856112,0.0008969690534863795,-0.0008268609113427353,0.0008494905784916526
0.1709064532266133,0.00030228529183840003,0.00030228523578290645,-0.0008122321977723283,0.0002641102730478757
0.17140470235117558,-0.0001782218963755633,-0.00017822194011066217,-0.0006669272614271011,-0.00020786415291159223
0.17190295147573786,-0.0005380940205760298,-0.0005380940513798338,-0.0003919234434015023,-0.0005600880516870698
0.17240120060030015,-0.0007722801630823395,-0.0007722801804865287,1.0205747833803226e-5,-0.0007876147462000381
0.17289944972486243,-0.0008772049140264859,-0.0008772049177122043,0.0005353139687885287,-0.000886962171980527
0.17339769884942471,-0.0008508189970178881,-0.0008508189868309257,0.0011777249842194557,-0.0008561622603539799
0.173895947973987,-0.000692631790632614,-0.0006926317665858495,0.0019302947893371726,-0.0006947923527547124
0.17439419709854928,-0.00040372524733495174,-0.0004037252095908661,0.00278449224749915,-0.0004039881629611147
0.17489244622311156,1.3251064861219408e-5,1.325111594591144e-5,0.003730497344190845,1.3561973888212699e-5
0.17539069534767385,0.0005541038439159096,0.0005541039078289511,0.004757315932280314,0.0005536416000786795
0.17588894447223613,0.0012131386137275157,0.0012131386898300844,0.005852909555624125,0.0012105491277190556
0.1763871935967984,0.0019832205725850427,0.0019832206600415847,0.007004338873966189,0.0019771589280215187
0.17688544272136067,0.002855853809192732,0.0028558539070381306,0.008197919766186348,0.002845000586473294
0.17738369184592295,0.003821275951712111,0.0038212760588848815,0.009419387803123604,0.0038043533990018965
0.17788194097048524,0.00486856988394796,0.004868569999189276,0.010654072324964676,0.004844357728399972
0.17838019009504752,0.005985789609286085,0.005985789731316027,0.011887075931043,0.005953140311779019
0.1788784392196098,0.0071600984631475795,0.007160098590520414,0.013103456996107857,0.007117951730791778
0.17937668834417209,0.008377919859393679,0.008377919990601612,0.014288414733307659,0.008325316220556215
0.17987493746873437,0.009625096715875525,0.009625096849418868,0.015427472426820962,0.00956118999204216
0.18037318659329665,0.010887058866024202,0.010887059000250998,0.016506657769852766,0.010811127375934164
0.18087143571785894,0.01214899724893892,0.012148997382205151,0.017512678628318033,0.012060453583220415
0.18136968484242122,0.013396040648000096,0.013396040778706875,0.018433090137362867,0.013294439894827165
0.1818679339669835,0.01461343414806826,0.014613434274644038,0.019256452218145915,0.014498480454204012
0.18236618309154579,0.015786717380075588,0.015786717500876457,0.019972475638958574,0.015658268746918676
0.18286443221610804,0.01690189986069157,0.01690189997420255,0.020572154302281733,0.016759971103369724
0.18336268134067032,0.017945631441879495,0.017945631546757906,0.021047882178895232,0.017790395258765378
0.1838609304652326,0.01890536577946894,0.018905365874287178,0.02139355336034271,0.01873715190273219
0.1843591795897949,0.019769514804570176,0.01976951488803641,0.02160464390543365,0.019588807226847135
0.18485742871435717,0.02052759263041859,0.020527592701524072,0.021678274593788613,0.020335024918752317
0.18535567783891946,0.021170345065801233,0.021170345123444984,0.021613252442652987,0.02096669383512198
0.18585392696348174,0.02168986809493534,0.021689868138365556,0.021410093532149482,0.02147604464768044
0.18635217608804402,0.022079707603050502,0.022079707631551024,0.021071022776850405,0.021856747873504282
0.1868504252126063,0.022334942253133983,0.022334942266227453,0.020599952742646768,0.022103995166031634
0.1873486743371686,0.022452249926623535,0.022452249924018015,0.020002442364544754,0.02221456426464243
0.18784692346173087,0.022429953704458994,0.02242995368602029,0.019285634210125593,0.02218686366170594
0.18834517258629316,0.02226804844518504,0.022268048410998068,0.0184581719849143,0.02202095802855551
0.18884342171085544,0.021968207273177498,0.021968207223467446,0.017530099053819408,0.021718573734013834
0.1893416708354177,0.021533767890252353,0.02153376782547247,0.01651273916944639,0.021283084380093947
0.18983991995997998,0.020969698248213375,0.02096969816899537,0.015418560705352094,0.020719475919014185
0.19033816908454226,0.020282543088767258,0.020282542995912645,0.014261026348196414,0.020034292834565693
0.19083641820910455,0.019480350755799458,0.01948035065031283,0.013054429672084507,0.019235564828807873
0.19133466733366683,0.018572581568597868,0.018572581451576232,0.01181372078822175,0.018332715294678798
0.1918329164582291,0.017569998818596944,0.017569998691353658,0.010554323201751165,0.017336452637216213
0.1923311655827914,0.0164845436958882,0.016484543559844467,0.009291944160051887,0.016258645745850446
0.19282941470735368,0.015329195117724181,0.015329194974422826,0.008042380478577572,0.01511218459135918
0.19332766383191596,0.0141178168806661,0.014117816731786874,0.006821322931420045,0.013910828354722895
0.19382591295647825,0.012864993538648395,0.012864993385853802,0.005644161147918494,0.012669042478558903
0.19432416208104053,0.01158585666535522,0.01158585651042864,0.0045257914095319434,0.011401826295368631
0.1948224112056028,0.010295904392697286,0.010295904237486268,0.003480430179211526,0.010124534093407418
0.19532066033016507,0.009010815412292816,0.009010815258646991,0.002521435185723979,0.008852690806744523
0.19581890945472735,0.007746260202747157,0.007746260052506969,0.0016611366500675444,0.007601805064464791
0.19631715857928964,0.006517711874142462,0.006517711729117061,0.0009106807915141117,0.006387181965104753
0.19681540770385192,0.0053402586875301306,0.005340258549467264,0.0002798875094043496,0.005223737615847197
0.1973136568284142,0.00422842060049633,0.004228420471066016,-0.00022287590030159105,0.004125817761819878
0.19781190595297649,0.0031959720791638335,0.0031959719600126307,-0.0005908033632567747,0.0031070227205293602
0.19831015507753877,0.002255773348656953,0.0022557732412570586,-0.0008187395648509762,0.002180040767123385
0.19880840420210105,0.0014196121862293798,0.0014196120919502675,-0.0009032492496115118,0.0013564920477016436
0.19930665332666334,0.0006980580949049187,0.0006980580149629767,-0.0008426653091743809,0.0006467848357991971
0.19980490245122562,0.00010033078424670494,0.00010033071969103857,-0.0006371149177663916,5.998603121094427e-5
0.2003031515757879,-0.00036581527841217376,-0.0003658153267022679,-0.00028852352077864135,-0.0003962923688792479
0.20080140070035019,-0.0006941890655539074,-0.0006941890969130171,0.00019940345718963442,-0.0007159896618413162
0.20129964982491247,-0.000880242619269278,-0.000880242633200079,0.0008212213528400602,-0.0008946743959784457
0.20179789894947472,-0.0009211309228349118,-0.0009211309190622075,0.0015698087294792951,-0.0009296027336867128
0.202296148074037,-0.0008157513631941726,-0.0008157513416450213,0.002436450829659256,-0.0008197565862797648
0.2027943971985993,-0.0005647624642494131,-0.0005647624250803562,0.003410942779752311,-0.0005658612170820753
0.20329264632316157,-0.00017058092269156555,-0.00017058086625265645,0.0044817125491915825,-0.0001703813532625908
0.20379089544772386,0.00036264250699158396,0.0003626425801314115,0.00563596074319425,0.0003625036204015481
0.20428914457228614,0.0010290679914598533,0.0010290680804801444,0.006859815906368649,0.0010269450988588547
0.20478739369684842,0.0018212323504471772,0.0018212324544027436,0.008138503923341901,0.001815491206527322
0.2052856428214107,0.0027301346109933067,0.0027301347287341793,0.009456529089577264,0.00271917232245853
0.205783891945973,0.003745340419551879,0.0037453405497205883,0.0107978646740377,0.0037276052166286162
0.20628214107053527,0.004855104106900376,0.004855104247964481,0.012146150634572781,0.004829114594071786
0.20678039019509756,0.006046507120102518,0.0060465072704850575,0.013484896161018277,0.006010870764726413
0.20727863931965984,0.0073056106023901,0.007305610760319603,0.014797684021058273,0.007259041233637753
0.20777688844422212,0.008617621084049343,0.008617621247586527,0.01606837488452652,0.008558955179273622
0.20827513756878438,0.009967066802844815,0.009967066970089866,0.017281308603555406,0.009895278356488551
0.20877338669334666,0.011337983558457998,0.01133798372737621,0.018421500671394888,0.011252197331257785
0.20927163581790895,0.012714106025951466,0.01271410619444141,0.0194748299930458,0.012613609015631858
0.20976988494247123,0.014079063075378762,0.01407906324153374,0.02042821637896093,0.013963314062102506
0.2102681340670335,0.015416575199514226,0.01541657536120039,0.02126978581428114,0.015285212234722727
0.2107663831915958,0.016710652964001593,0.01671065311921588,0.021989022050512248,0.016563498675714886
0.21126463231615808,0.017945789433809645,0.01794578958066312,0.02257689982677121,0.017782854117282886
0.21176288144072036,0.019107149328231154,0.019107149464755002,0.02302600117697312,0.01892863174235516
0.21226113056528265,0.020180750026496053,0.020180750151045257,0.02333061168955185,0.01998703588297958
0.21275937968984493,0.021153632698916403,0.021153632809874007,0.023486795788494177,0.02094529085060201
0.2132576288144072,0.022014021558736163,0.02201402165462152,0.023492450080577657,0.02179179792235176
0.2137558779389695,0.022751468727034874,0.022751468806568115,0.023347333859138394,0.022516278012829214
0.21425412706353178,0.02335698431367811,0.023356984375788314,0.023053076828533886,0.02310989963560534
0.21475237618809404,0.023823148356394708,0.023823148400153177,0.022613163229230907,0.023565388855740787
0.21525062531265632,0.024144204186449747,0.024144204211216963,0.022032892931158773,0.02387712080973233
0.2157488744372186,0.024316132206587848,0.024316132211888483,0.02131931983440026,0.024041191796319295
0.21624712356178089,0.024336702001408084,0.02433670198704077,0.02048116832825432,0.024055469907748758
0.21674537268634317,0.024205504170798753,0.024205504136775136,0.019528728743035174,0.023919625561381122
0.21724362181090545,0.02392395926139529,0.02392395920797772,0.018473732981174076,0.023635139374577157
0.21774187093546774,0.023495304768282987,0.023495304695961512,0.01732921192221159,0.02320528834334013
0.21824012006003002,0.022924560267684302,0.022924560177166285,0.016109336621577347,0.022635110400568283
0.2187383691845923,0.02221847080809697,0.022218470700367757,0.014829244419966242,0.0219313474871233
0.21923661830915459,0.021385429272199996,0.021385429148378064,0.013504853032858153,0.021102367860325093
0.21973486743371687,0.020435378651663005,0.020435378513114444,0.012152664373134473,0.020158068577930656
0.22023311655827915,0.019379695157975274,0.019379695006281762,0.0107895605439482,0.019109759083967295
0.2207313656828414,0.018231053747338466,0.0182310535842736,0.009432594741825558,0.017970027467490716
0.2212296148074037,0.01700327790530415,0.017003277732641372,0.008098779749563823,0.01675259122597753
0.22172786393196597,0.01571117525555893,0.015711175075365357,0.006804876429484246,0.015472134090606373
0.22222611305652826,0.01437036073341369,0.014370360547758924,0.0055671847660078745,0.014144130643072511
0.22272436218109054,0.012997069251997229,0.012997069063052483,0.004401340067871307,0.012784660642286819
0.22322261130565282,0.011607960938643913,0.011607960748696865,0.0033221172745997183,0.01141021609993578
0.2237208604302151,0.010219920668375793,0.010219920479683085,0.002343245473632577,0.010037502822533306
0.2242191095547774,0.008849854457815998,0.00884985427258566,0.0014772350518413796,0.008683238956779629
0.22471735867933967,0.007514485180854902,0.0075144850013891575,0.0007352196620731891,0.00736395297335071
0.22521560780390196,0.006230150081018404,0.006230149909421466,0.0001268150048532554,0.006095783535931448
0.22571385692846424,0.005012602536437649,0.005012602374886828,-0.0003400037804953185,0.004894283684300051
0.22621210605302652,0.003876820490299193,0.0038768203407634066,-0.000659004549745353,0.003774231712713884
0.2267103551775888,0.002836823879510897,0.002836823743841907,-0.0008257790958029528,0.002749451048272951
0.22720860430215106,0.0019055032877109968,0.0019055031675874329,-0.000837801544092015,0.0018326413240609114
0.22770685342671335,0.0010944618423461838,0.0010944617393660455,-0.0006944633277766298,0.0010352226420475017
0.22820510255127563,0.000413872818179728,0.0004138727336217285,-0.00039708473109248215,0.00036719543315644415
0.2287033516758379,-0.00012764643617174665,-0.00012764650117649823,5.109790075983492e-5,-0.00016298344800438734
0.2292016008004002,-0.0005231416266888722,-0.0005231416712662695,0.0006449686698126003,-0.000548505841597879
0.22969984992496248,-0.0007674087500046944,-0.0007674087735032031,0.001377592386179425,-0.0007842976704743683
0.23019809904952476,-0.0008570601032878433,-0.000857060105316082,0.0022402975186504425,-0.0008670833018943623
0.23069634817408705,-0.0007905686884985275,-0.000790568668920355,0.003222780274611888,-0.0007954285231450198
0.23119459729864933,-0.0005682901750907465,-0.0005682901340354207,0.004313229869009562,-0.0005697612934411608
0.2316928464232116,-0.00019246227184449571,-0.00019246220968360817,0.00549847231249788,-0.00019237015807548548
0.2321910955477739,0.00033281934097068033,0.00033281942358409644,0.0067641324243435455,0.0003326205194150277
0.23268934467233618,0.0010016466328208184,0.0010016467349561187,0.008094809555696908,0.00099929660376718
0.23318759379689846,0.0018063675316589145,0.001806367652212204,0.009474267526962047,0.0018000226514214841
0.23368584292146072,0.00273767522807683,0.0027376753657255004,0.010885634911326962,0.0027255310886586514
0.234184092046023,0.003784717684373662,0.0037847178374755264,0.012311613623366847,0.0037650313170631447
0.23468234117058528,0.0049352260296307016,0.004935226196453701,0.013734693183523007,0.0049063374315266505
0.23518059029514757,0.006175660320010268,0.0061756604985582775,0.015137367999379025,0.006136013036335039
0.23567883941970985,0.007491370495394223,0.007491370683600007,0.016502354684371615,0.007439531008046122
0.23617708854427213,0.008866773230763625,0.008866773426356278,0.01781280841172449,0.008801448883650762
0.23667533766883442,0.010285535944760338,0.01028553614537947,0.019052531248299896,0.010205591235850756
0.2371735867933967,0.011730774948483735,0.011730775151835071,0.02020617594701919,0.011635245925239112
0.23767183591795898,0.013185257479426893,0.013185257682931106,0.02125943748639771,0.013073364093097109
0.23817008504252127,0.01463160999307872,0.014631610194302647,0.02219923294829439,0.01450276623242251
0.23866833416708355,0.016052526654490973,0.016052526850944215,0.023013865625633716,0.015906348353847532
0.23916658329164583,0.017430979767456944,0.017430979956754078,0.023693173259082084,0.01726728995059896
0.23966483241620812,0.01875042563881324,0.018750425818546745,0.024228656663970626,0.01856925734749137
0.24016308154077037,0.019995005164051893,0.019995005332071658,0.024613588019918836,0.01979660172623524
0.24066133066533266,0.021149736540624797,0.02114973669473802,0.024843097337036376,0.020934549265096147
0.24115957978989494,0.02220069767376287,0.022200697812035597,0.024914235950150326,0.02196938099283556
0.24165782891445722,0.023135196044066275,0.0231351961647297,0.02482601622016367,0.022888600155542685
0.2421560780390195,0.02394192410759155,0.023941924209076565,0.02457942690083105,0.023681085196683434
0.2426543271635818,0.024611097888602496,0.02461109796953878,0.02417742396885112,0.024337226048223606
0.24315257628814407,0.025134577792922885,0.025134577852181345,0.023624896936627813,0.024849042775314235
0.24365082541270636,0.025505969445518528,0.025505969482260915,0.022928610992943046,0.025210284418520065
0.24414907453726864,0.025720703443306847,0.025720703456932614,0.02209712589831578,0.025416506948037508
0.24464732366183092,0.025776093448224124,0.025776093438430348,0.02114069234751985,0.02546512976827181
0.2451455727863932,0.02567137151633908,0.025671371483083363,0.020071127148774855,0.025355469695994035
0.2456438219109555,0.025407700273748723,0.025407700217295104,0.018901668746132534,0.025088752038932165
0.24614207103551775,0.02498816177085822,0.02498816169173644,0.017646814848951146,0.024668098620056176
0.24664032016008003,0.024417723115862322,0.024417723014867956,0.01632214416370043,0.024098492859526022
0.2471385692846423,0.023703179341479308,0.023703179219705224,0.014944124488172495,0.0233867223744201
0.2476368184092046,0.022853073828638826,0.02285307368743862,0.013529909215826886,0.022541299430032552
0.24813506753376688,0.021877597910054114,0.021877597751006832,0.012097125451593386,0.021572360853736015
0.24863331665832916,0.02078847023997682,0.02078847006483543,0.010663655680311019,0.02049154800482777
0.24913156578289145,0.019598796833798504,0.01959879664460108,0.009247415567197721,0.01931186770972813
0.24962981490745373,0.018322914837570647,0.01832291463654912,0.007866131613932471,0.018047537184232687
0.250128064032016,0.016976222196699864,0.016976221986143535,0.006537121224554237,0.01671381508957159
0.2506263131565783,0.015574992506458274,0.015574992288840322,0.005277076535415729,0.015326818047848386
0.25112456228114055,0.014136179667855353,0.014136179445749733,0.004101856173411714,0.013903327170481795
0.25162281140570286,0.012677213254170872,0.012677213030213972,0.003026286885832303,0.012460585515697795
0.2521210605302651,0.011215790234015088,0.011215790010895677,0.0020639785076691348,0.011016092019744374
0.25261930965482743,0.00976966103398963,0.00976966081441321,0.001227152961135596,0.009587389963131871
0.2531175587793897,0.008356415130250372,0.008356414916843231,0.0005264905168252209,0.008191855073478837
0.253615807903952,0.00699326798036165,0.006993267775723951,-2.9004940942315325e-5,0.0068464850657819695
0.25411405702851425,0.005696853343621633,0.005696853150210891,-0.0004321198613543762,0.00556769459555708
0.25461230615307656,0.004484738761647844,0.004484738581863254,-0.0006778914083586112,0.004372777781670747
0.2551105552776388,0.00337084830932044,0.003370848145313375,-0.0007633649191085214,0.003275463926947274
0.2556088044022011,0.0023672389453746057,0.0023672387992107746,-0.0006869810864727562,0.0022876525887728038
0.2561070535267634,0.001486208005665901,0.0014862078791545025,-0.00044933157602114183,0.0014214457862902791
0.25660530265132564,0.0007386187112847775,0.0007386186060305694,-5.302709889570464e-5,0.0006875216607729735
0.25710355177588795,0.00013441460641272496,0.0001344145237021227,0.0004954662191579576,9.559575687352094e-5
0.2576018009004502,-0.00032049195576983047,-0.00032049201486319956,0.001191027081167973,-0.0003485028933512166
0.2581000500250125,-0.0006204381114195967,-0.0006204381460840624,0.002025567577659807,-0.0006392424822007906
0.2585982991495748,-0.0007615069633689631,-0.0007615069730740331,0.0029891491840833666,-0.0007728234856738927
0.2590965482741371,-0.0007416658441255497,-0.0007416658286338584,0.004070230632524017,-0.0007473104486089784
0.25959479739869934,-0.0005607931943802935,-0.0005607931537681965,0.005255807513088917,-0.0005626576457461321
0.26009304652326165,-0.00022068268567443372,-0.00022068262032018393,0.006531570163598657,-0.0002207122385894322
0.2605912956478239,0.00030861745922289296,0.0003086175495542465,0.007919351866574952,0.0003083692333342907
0.2610895447723862,0.0009591671579521344,0.0009591672712980226,0.009327917597291645,0.000956678525007552
0.2615877938969485,0.0017509008721323105,0.0017509010073341047,0.01077646582521207,0.0017442196915870665
0.26208604302151073,0.0026726642727684102,0.0026726644281938605,0.012246075271384223,0.0026599024143356435
0.26258429214607304,0.0037421100856117606,0.0037421102598205747,0.013738463360546144,0.003721169843700681
0.2630825412706353,0.0049240038872185865,0.0049240040781510785,0.015216304053717246,0.00489304645261612
0.2635807903951976,0.006175669500151915,0.006175669705371034,0.016646035130031264,0.006133321122037966
0.26407903951975986,0.007508579344196575,0.007508579561223805,0.01802760755223686,0.007453329909216219
0.2645772886443222,0.00890725557666816,0.008907255803040193,0.019344143407776324,0.008837738908002645
0.26507553776888443,0.010355421277409904,0.010355421510488516,0.020579533572722682,0.010270431641799332
0.26557378689344674,0.011836191074968638,0.011836191312014133,0.02171863609983416,0.011734697855192407
0.266072036018009,0.0133328222476361,0.01333282248587575,0.022747603673724102,0.013213974192663484
0.2665702851425713,0.014831668774325624,0.014831669010878457,0.02365442658562177,0.014694751584316093
0.26706853426713356,0.016310370979541744,0.01631037121157758,0.024426436870147016,0.016154949210326345
0.2675667833916959,0.01777697316241572,0.017776973386896988,0.025055552034099468,0.017602403832667902
0.26806503251625813,0.019184696191963446,0.019184696405977197,0.025528372290780425,0.01899102857178519
0.2685632816408204,0.020496118860121093,0.020496119061387374,0.025841526864689546,0.020283994572909234
0.2690615307653827,0.021722682174447894,0.02172268236039465,0.025991876515870708,0.021492508578417155
0.26955977988994495,0.022845382453460017,0.02284538262179492,0.025978040229064064,0.02259785801112963
0.27005802901450726,0.023851410532689465,0.023851410681310442,0.025800538995737,0.023587431371814207
0.2705562781390695,0.02473025256776623,0.02473025269482443,0.02546106957263891,0.024450883578675826
0.27105452726363183,0.025471407331551676,0.02547140743540033,0.024963685076604836,0.025177896561883347
0.2715527763881941,0.026065994176372065,0.02606599425563924,0.0243143860819869,0.025759758485881832
0.2720510255127564,0.026506861633392054,0.026506861686991373,0.02352088983619062,0.02618947011341646
0.27254927463731865,0.026788586971707717,0.026788586998838543,0.022592945350742414,0.02646174465724437
0.27304752376188096,0.02690770530623693,0.026907705306426638,0.02154192516256574,0.026573231806689666
0.2735457728864432,0.026862569872394937,0.026862569845486267,0.020380488486569915,0.026522379963806807
0.27404402201100553,0.0266517174491816,0.026651717395255237,0.019120496271583638,0.02630783236035053
0.2745422711355678,0.02627819740906473,0.02627819732863497,0.01777950376462004,0.025932675201519574
0.27504052026013004,0.02574655337554893,0.02574655326939794,0.01637440411719889,0.025401471355267578
0.27553876938469235,0.025063104766573197,0.025063104635880323,0.014922635185602355,0.02472053664538139
0.2760370185092546,0.024187942525102812,0.02418794237053793,0.013408075022843727,0.023850932482896114
0.2765352676338169,0.023223132394085633,0.023223132218186567,0.011918851076436499,0.02289277533139066
0.2770335167583792,0.021717804484838565,0.021717804292198387,0.010188316668038211,0.021407883093266692
0.2775317658829415,0.020552509208143388,0.020552508998853747,0.008769733065510783,0.02025247636171868
0.27803001500750374,0.019492640693425267,0.019492640468056655,0.007497249202952383,0.0191981549878514
0.27852826413206605,0.018358844191321666,0.01835884395199522,0.006269039836194662,0.018070894587470947
0.2790265132566283,0.01709679147201848,0.01709679122161297,0.005069491597515619,0.01681833935021787
0.2795247623811906,0.01570992355367945,0.01570992329540984,0.003916373769997608,0.015444371663365927
0.2800230115057529,0.014222040535807001,0.014222040273306919,0.002838087026057259,0.013972628070105544
0.2805212606303152,0.012676186572020354,0.01267618630910406,0.0018650753984825684,0.012445559791289893
0.28101950975487744,0.011095911488386567,0.011095911228690598,0.0010248509220345922,0.010885997496913389
0.2815177588794397,0.009526210884037545,0.009526210631080402,0.0003398659532941011,0.009338176691295023
0.282016008004002,0.007999900971412288,0.00799990072869348,-0.00017491267944948755,0.007834177016284602
0.28251425712856426,0.006546437697054597,0.006546437467719936,-0.0005090664900165983,0.006402823432933509
0.2830125062531266,0.005190474285797941,0.005190474072853911,-0.0006581819173990771,0.005068233222356614
0.28351075537768883,0.003951912952081249,0.003951912758073203,-0.0006227509347473778,0.0038498819958996395
0.28400900450225114,0.0028461878958149778,0.0028461877231005517,-0.0004073734065059227,0.0027628821278781906
0.2845072536268134,0.0018845600361518944,0.0018845598866691002,-1.9883716942972572e-5,0.0018182694876820596
0.2850055027513757,0.001074926458565495,0.0010749263339457221,0.0005297412962886897,0.0010237989224812886
0.28550375187593796,0.0004229579972565567,0.0004229578988270005,0.0012293609911114326,0.00038504898128362183
0.28600200100050027,-6.880560116934165e-5,-6.880567243652824e-5,0.002065172470828672,-9.549066359325013e-5
0.2865002501250625,-0.0003996651708752519,-0.0003996652143231638,0.003022942466823608,-0.0004171254448342211
0.28699849924962484,-0.0005704616858537293,-0.000570461701141195,0.004088076226879716,-0.0005806774677024425
0.2874967483741871,-0.0005832496909320972,-0.0005832496780225072,0.005245889631387702,-0.0005881684569092961
0.28799499749874935,-0.000441055646277555,-0.000441055605416768,0.006481784937231715,-0.00044258529688888983
0.28849324662331166,-0.00014771775546024157,-0.00014771768715915456,0.0077813457382282045,-0.00014772485096409654
0.2889914957478739,0.00025956724408099374,0.00025956733872398163,0.009098409261764017,0.00025929326954559094
0.2894897448724362,0.0008549481759521638,0.0008549482960638899,0.010499278324681532,0.0008526430639670998
0.2899879939969985,0.0015721759631026622,0.0015721761075913054,0.011911149223226149,0.0015660557480754109
0.2904862431215608,0.0024188199660486465,0.0024188201333559256,0.01333128170127795,0.0024071451724068907
0.29098449224612305,0.0033870993351588496,0.0033870995234480117,0.014745720187055535,0.0033681671260872917
0.29148274137068536,0.004468068184595386,0.0044680683917937,0.01614046052565506,0.004440217473301558
0.2919809904952476,0.005651637804833021,0.005651638028732531,0.017501607580874507,0.005613256696103028
0.2924792396198099,0.006927695784047616,0.006927696022218599,0.01881574276121217,0.0068772299210001515
0.2929774887443722,0.008284160575782573,0.008284160825628661,0.020069044151984745,0.008220127690061339
0.2934757378689345,0.009707517783862585,0.00970751804254305,0.02124751622250673,0.009628524641069789
0.29397398699349675,0.011183351798960739,0.011183352063523055,0.02233771976238251,0.011088113441631636
0.294472236118059,0.012696187187365482,0.012696187454815211,0.02332665705673591,0.012583547523535127
0.2949704852426213,0.014229604764802117,0.014229605032082149,0.024201951465903464,0.014098558155330364
0.29546873436718357,0.015766394994497224,0.015766395258381583,0.02495204434035832,0.015616108116931482
0.2959669834917459,0.017288749199606712,0.017288749457007924,0.025566397315518172,0.017118582423989788
0.29646523261630814,0.01877848085217132,0.018778481099842814,0.026035732533185755,0.018588008106674075
0.29696348174087045,0.020217276108505267,0.020217276343434343,0.026352218143153045,0.020006302799592042
0.2974617308654327,0.021586962523811593,0.02158696274306854,0.02650967720630724,0.02135554051330738
0.297959979989995,0.02286979110710502,0.02286979130785899,0.02650377086554175,0.022618230147516148
0.29845822911455727,0.024048725259477433,0.024048725439088647,0.02633215512870611,0.023777600307267006
0.2989564782391196,0.025107730843081433,0.02510773099914465,0.0259946148090895,0.024817884731265855
0.29945472736368184,0.02603205715495477,0.026032057285336807,0.025493157539577038,0.025724598312377164
0.29995297648824415,0.026808501483609692,0.026808501586438993,0.024832063213456816,0.026484796552552002
0.3004512256128064,0.027425655150095207,0.027425655223853596,0.02401790011314961,0.02708731637756056
0.30094947473736866,0.027874120702984118,0.02787412074647133,0.023059494549042155,0.02752298824334104
0.30144772386193097,0.02814669774547901,0.02814669775788503,0.021967857617074867,0.027784817098762668
0.3019459729864932,0.028238531999476957,0.02823853198037593,0.020756068160011902,0.0278681269717567
0.30244422211105554,0.028147224431762263,0.02814722438110792,0.019439114616139046,0.027770666125028813
0.3029424712356178,0.027872898540564073,0.027872898458728146,0.01803369871824849,0.02749267097660105
0.3034407203601801,0.027418224004990943,0.027418223892750435,0.01655800433919751,0.02703688708639367
0.30393896948474236,0.026788398719926276,0.026788398578423342,0.015031437622190601,0.02640854923739644
0.30443721860930467,0.02599108449304538,0.025991084323850167,0.013474339672278764,0.025615316065613725
0.3049354677338669,0.02503630268745588,0.02503630249247238,0.01190768124630375,0.024667165423973944
0.30543371685842924,0.023936291824716627,0.023936291606201338,0.01035274464072057,0.02357625249820205
0.3059319659829915,0.02270532778418688,0.02270532754476668,0.008830797536221766,0.022356731349638958
0.30643021510755375,0.021359511896558048,0.0213595116390535,0.007362766063965034,0.02102454509869955
0.30692846423211606,0.019916530624302597,0.01991653035181692,0.005968912941656194,0.01959718839625817
0.3074267133566783,0.018395393340900512,0.01839539305671476,0.004668527057541967,0.018093448563901385
0.3079249624812406,0.016816148880997306,0.01681614858865998,0.0034796287114170856,0.016533126110449388
0.3084232116058029,0.015199590519869188,0.015199590222894837,0.002418697166356975,0.01493674405783642
0.3089214607303652,0.013566952420436984,0.013566952122563165,0.0015004242077559383,0.013325249073163719
0.30941970985492745,0.011939603141519928,0.01193960284640084,0.0007374978778149994,0.011719709884120242
0.30991795897948976,0.010338741241011418,0.01033874095237413,0.00014041956478414493,0.010141017905029609
0.310416208104052,0.008785097893499905,0.008785097614865324,-0.0002826429164176751,0.008609594887267851
0.3109144572286143,0.0072986511042702484,0.007298650839160303,-0.0005259643821436434,0.007145112079457416
0.3114127063531766,0.005898314919041692,0.005898314670753183,-0.0005863441128330638,0.005766184658899447
0.3119109554777389,0.004601677109784541,0.0046016768813983006,-0.0004631194275755628,0.004490114216278751
0.31240920460230115,0.0034250780456859253,0.0034250778401040648,-0.00015809567780654851,0.0033329681237769335
0.3129074537268634,0.00238300620784182,0.0023830060276415904,0.0003243760131218045,0.0023089832835529855
0.3134057028514257,0.0014880718573891394,0.0014880717048237,0.0009775362820603113,0.0014305415792417446
0.31390395197598797,0.0007508623040242135,0.0007508621809770855,0.001792334596585826,0.0007080279878190805
0.3144022011005503,0.0001798283247875232,0.0001798282328253631,0.0027575782475231037,0.00014971932770465064
0.31490045022511254,-0.00021879774980754219,-0.0002187978095378601,0.0038601101236054713,-0.00023829585305708222
0.31539869934967485,-0.00044104656817750554,-0.0004410465949194614,0.005085019442512978,-0.0004521604374915318
0.3158969484742371,-0.0004852087880440892,-0.00048520878143279433,0.006415895426776505,-0.0004902448798586851
0.3163951975987994,-0.00035192497581398863,-0.0003519249359238974,0.007834929339683099,-0.00035323847532028625
0.31689344672336167,-4.402585271912063e-5,-4.402578000017865e-5,0.009323333976332874,-4.398750422524655e-5
0.317391695847924,0.00043349553328930757,0.0004334956379745125,0.01086155043836157,0.0004325309279106412
0.31788994497248624,0.0010735802786520088,0.0010735804140184768,0.012429519533300534,0.0010693042371864212
0.31838819409704855,0.0018672242153174867,0.001867224379755117,0.014006954748317854,0.0018574034501040203
0.3188864432216108,0.0028036202773532026,0.0028036204689013966,0.01557361292419664,0.0027861237335426716
0.31938469234617306,0.003870320080617995,0.0038703202969537776,0.017109558923708017,0.0038431438504577023
0.31988294147073537,0.005053412039188965,0.0050534122776877965,0.01859542086298861,0.005014701912495634
0.3203811905952976,0.006337713254649324,0.0063377135125173845,0.020012632739364235,0.0062857847131654035
0.32087943971985994,0.007668562418577052,0.007668562692572989,0.0213194699017697,0.007602250862252778
0.3213776888444222,0.009104944230759027,0.00910494451784788,0.022551207158776048,0.009022633537673828
0.3218759379689845,0.010592160984692844,0.01059216128139967,0.023666088295576666,0.01049275921378762
0.32237418709354676,0.012112042459756889,0.012112042762495723,0.02465077765127756,0.011994679260709847
0.32287243621810907,0.013646199506798296,0.013646199812115789,0.02549367128373108,0.013510232227956793
0.3233706853426713,0.015176242198302548,0.015176242502457526,0.026185019324843073,0.015021259166263465
0.32386893446723364,0.01668399208644561,0.016683992385848223,0.026717020994867897,0.01650981317156449
0.3243671835917959,0.01815168897204872,0.018151689263137538,0.027083895569554945,0.017958363514251216
0.3248654327163582,0.019568144260779186,0.01956814454014899,0.02728660418343422,0.019356109256201
0.32536368184092046,0.02090617074057527,0.020906171004910823,0.02731513619561961,0.02067570272834665
0.3258619309654827,0.02215530031938473,0.02215530056556886,0.027173720054867897,0.021907094489939716
0.326360180090045,0.023301388184685023,0.023301388409821322,0.026864804341619232,0.02303633776702391
0.3268584292146073,0.024331490830461877,0.024331491031871322,0.026392861994121126,0.02405067483673973
0.3273566783391696,0.025234077095853846,0.025234077271144628,0.025764281790473197,0.024938745797485524
0.32785492746373185,0.025999141657253477,0.025999141804383008,0.024987272386099615,0.025690700585328477
0.32835317658829416,0.0266183003926741,0.02661830050987299,0.024071746803575385,0.026298293067572545
0.3288514257128564,0.027084868691387154,0.02708486877726171,0.02302919063310253,0.026754958254018052
0.3293496748374187,0.02739391979475264,0.0273939198482209,0.021872513126749635,0.02705586976509703
0.329847923961981,0.027542436303822804,0.027542436324277997,0.020615969423550366,0.027198087525716185
0.3303461730865433,0.027529010556132216,0.02752901054328813,0.01927474379138447,0.027180266269213472
0.33084442221110555,0.027354152394613918,0.027354152348497,0.01786499841483042,0.027002955258626928
0.33134267133566786,0.027020177661840505,0.027020177583038846,0.01640360968427218,0.026668488891066645
0.3318409204602301,0.026531172759791,0.026531172649107287,0.014907970775587948,0.026180951333914577
0.33233916958479237,0.02589294218599697,0.02589294204468741,0.01339579129008303,0.025546124295853904
0.3328374187093547,0.02511293878451476,0.02511293861417392,0.011884895361340585,0.024771417686960916
0.33333566783391694,0.02420018006652197,0.024200179869058203,0.010393022040064382,0.023865786441227804
0.33383391695847925,0.023165143601602878,0.02316514337930449,0.008937624407594014,0.022839626729674756
0.3343321660830415,0.022019653776709613,0.022019653532050876,0.0075356773770035345,0.02170466352110828
0.3348304152076038,0.020776752118276898,0.020776751854074925,0.0062034896618028326,0.020473821941683224
0.33532866433216607,0.019450556087702076,0.01945055580698877,0.004956524387298461,0.01916108722755973
0.3358269134567284,0.018056107027356105,0.018056106733291798,0.003809229586742894,0.017781353959738178
0.33632516258129064,0.01660920865782639,0.016609208353881907,0.0027748801888196318,0.01635026597387268
0.33682341170585295,0.01512625759736802,0.015126257286985065,0.0018654329826249432,0.014884048407093248
0.3373216608304152,0.013624067566872178,0.013624067253714813,0.0010913960199528483,0.013399333535312063
0.3378199099549775,0.012119688746698165,0.012119688434340784,0.0004617135794256714,0.011912981859942528
0.33831815907953977,0.010630224193860782,0.01063022388598502,-1.6332062962763023e-5,0.010441900333691708
0.338816408204102,0.009172644667362284,0.009172644367501417,-0.0003372011315517505,0.009002859092211008
0.33931465732866434,0.0077636045375102936,0.007763604249246004,-0.0004971581897440006,0.007612309291003231
0.3398129064532266,0.0064192595964822075,0.006419259323143736,-0.0004943148224681289,0.006286202916035462
0.3403111555777889,0.00515508905777895,0.005155088802671016,-0.00032865255596060467,0.0050398168068876625
0.34080940470235116,0.0039857235158057835,0.003985723281940872,-2.0256449651218225e-6,0.003887582660969826
0.34130765382691347,0.0029247808614662474,0.0029247806516360074,0.00048185636601035626,0.0028429249901631313
0.3418059029514757,0.0019847116580190005,0.0019847114748140007,0.0011174662486370358,0.0019181085159934068
0.34230415207603804,0.001176655807406779,0.0011766556530813307,0.0018975166510652353,0.0011240968187568106
0.3428024012006003,0.0005103121294172674,0.0005103120058388422,0.00281303717342981,0.0004704238425507799
0.3433006503251626,-6.177603494195161e-6,-6.177694727008132e-6,0.003853470326538336,-3.492022100052205e-5
0.34379889944972486,-0.0003663287471057375,-0.00036632880481773933,0.005006785543150942,-0.0003855872623909602
0.34429714857428717,-0.0005654468709003768,-0.0005654468942494356,0.006258857649748414,-0.0005770083815233117
0.3447953976988494,-0.0006025207168828262,-0.0006025207057565873,0.007586533844370039,-0.0006083125302729071
0.3452936468234117,-0.00047748377711342993,-0.0004774837314771574,0.008980833462525647,-0.0004794336744344107
0.345791895947974,-0.00019442538654285135,-0.0001944253069979529,0.010418076645635743,-0.00019451535005111264
0.34629014507253625,0.00024201308081867046,0.0002420131933176528,0.011881868836321342,0.00024181562461346654
0.34678839419709856,0.0008283561761826541,0.0008283563204654343,0.013359802695049973,0.0008260977235364341
0.3472866433216608,0.0015582372721780757,0.0015582374466318882,0.014834893824580645,0.0015519827856665695
0.3477848924462231,0.0024238134876667927,0.0024238136904736474,0.016290254214096193,0.0024116637222249843
0.3482831415707854,0.003411666697733462,0.0034116669265210064,0.0177039845070564,0.0033918194789192514
0.3487813906953477,0.004636082579998535,0.004636082834563737,0.01920548872830119,0.004605340987546451
0.34927963981990995,0.005842482089425727,0.005842482364349977,0.020487720058969656,0.005800494050513511
0.34977788894447226,0.0071363865375644875,0.007136386829908747,0.021685459431458266,0.0070816364270629125
0.3502761380690345,0.00867038157709027,0.008670381885451994,0.022937175904805995,0.008599045572604715
0.3507743871935968,0.010105450794675508,0.010105451113493757,0.023922908643150522,0.010018453333603287
0.3512726363181591,0.011583461770302228,0.011583462096061203,0.024785975895367063,0.011479697447323474
0.35177088544272134,0.013088999993017547,0.013089000322132227,0.025516793139429367,0.012967514784113158
0.35226913456728365,0.014606361214354324,0.014606361543124391,0.026107193298233515,0.01446636075141087
0.3527673836918459,0.01629683866547965,0.016296838990542406,0.026661574115025056,0.016134556121061794
0.3532656328164082,0.01778956491008249,0.017789565227062154,0.026943043438404913,0.01760760686193346
0.35376388194097047,0.019244341839138646,0.019244342144418503,0.02706756010888496,0.019042478586643784
0.3542621310655328,0.020652136291154755,0.02065213658122228,0.02703646913883212,0.02043019960461158
0.35476038019009504,0.022003662353567266,0.022003662624941966,0.026851050935195377,0.021761548507651135
0.35525862931465735,0.023269481134259362,0.02326948138370072,0.026505432859579642,0.023007562318051115
0.3557568784392196,0.024435238466540332,0.024435238690960648,0.026003012307770898,0.024154093873777108
0.3562551275637819,0.02548755824638954,0.02548755844304812,0.025348982540818892,0.02518797153427716
0.35675337668834417,0.02641419481486612,0.026414194981179973,0.02455029443586965,0.026097149553204326
0.3572516258129064,0.02729376395420735,0.027293764085588645,0.023613659703952593,0.026958343231282492
0.35774987493746874,0.027924672755189672,0.027924672851802612,0.02253894192506471,0.02757453445507605
0.358248124062031,0.02839579266865122,0.028395792729069697,0.02134885324015736,0.028032599899160772
0.3587463731865933,0.028701051732983263,0.02870105175614371,0.020056997313305097,0.028326626181891138
0.35924462231115556,0.028835585292650845,0.028835585278011416,0.018679199603789328,0.0284519100375064
0.35974287143571787,0.028798988711382534,0.02879898865895386,0.01723562873921453,0.02840814541850422
0.3602411205602801,0.02859275973383807,0.028592759643939814,0.015740351690738796,0.02819686683721497
0.36073936968484244,0.028218333743394386,0.028218333616693902,0.014211067903567708,0.02781958861296306
0.3612376188094047,0.029032698453351935,0.02903269828303061,0.013392340184295349,0.028594378940824304
0.361735867933967,0.027274276734023994,0.02727427653254133,0.011204517436123518,0.026867843331140714
0.36223411705852926,0.025323000072433544,0.02532299984463522,0.009126349897452923,0.024952177590918813
0.36273236618309157,0.023713763140303212,0.023713762888896567,0.00742226620883392,0.023367597914439837
0.3632306153076538,0.022296733466898366,0.022296733192448924,0.005969540558267655,0.02196822337345109
0.3637288644322161,0.021102814144066284,0.021102813847594513,0.0047507201546008885,0.0207843689312068
0.3642271135567784,0.02003993061680065,0.020039930299157762,0.0036957726417740575,0.019726383937107357
0.36472536268134065,0.019008715036988033,0.019008714699814477,0.00274998185361981,0.01869762122032803
0.36522361180590296,0.01792870922629697,0.01792870887194529,0.0018833032720462941,0.01762009971300371
0.3657218609304652,0.0167459068652559,0.01674590649702272,0.0010896315690283797,0.01644185783303013
0.3662201100550275,0.015433596815671913,0.015433596437832351,0.00038191217660699556,0.015137690936650492
0.3667183591795898,0.013990298052649563,0.013990297670264697,-0.00021391108132916522,0.013707009503466129
0.3672166083041521,0.012435369753755088,0.01243536937245594,-0.0006652346275857637,0.012169439307192787
0.36771485742871435,0.010824458585335595,0.010824458210984524,-0.0009382216649479093,0.010580026563738942
0.36821310655327666,0.009160835893497532,0.009160835532300684,-0.0010040771617846076,0.008941806689849277
0.3687113556778389,0.007515920809293142,0.007515920467269142,-0.0008410572463315568,0.007324766351384557
0.3692096048024012,0.005938028908200443,0.005938028591065209,-0.00043633957393392686,0.005775983960451222
0.3697078539269635,0.004472148372426155,0.004472148085395592,0.00021291950756400558,0.004339176262570271
0.37020610305152574,0.003157346829521568,0.0031573465771445076,0.001099589801712442,0.003052222043488634
0.37070435217608805,0.0020250759678529517,0.002025075753893369,0.002207345171637041,0.0019455544860847876
0.3712026013006503,0.001099226069143533,0.0010992258966111973,0.00351167383196606,0.0010422557066766423
0.3717008504252126,0.00039252490700847353,0.00039252477797905444,0.004981231629910168,0.0003545124292874462
0.37219909954977487,-8.899654229799214e-5,-8.899662655857676e-5,0.006582034517624087,-0.00011192140760901306
0.3726973486743372,-0.0003465301998507031,-0.00034653023884921585,0.008278035525417945,-0.00035829997335234807
0.37319559779889944,-0.0003870679124441945,-0.00038706790647284606,0.010032364754354272,-0.0003915061442024064
0.37369384692346175,-0.00022273492678975826,-0.00022273487678022008,0.011808823516013936,-0.00022341827373595664
0.374192096048024,0.00013062723972689927,0.00013062733220423062,0.013573322957441028,0.00013045885061422526
0.3746903451725863,0.0006551292165690725,0.0006551293494562738,0.015295562073705414,0.0006526280939430968
0.37518859429714857,0.0013319073591456232,0.0013319075299057515,0.0169494179657232,0.0013246315545606664
0.3756868434217109,0.002142134517878924,0.002142134723728595,0.01851328914017393,0.002128031417459337
0.37618509254627314,0.0030678230294833297,0.0030678232673523598,0.019970180957429928,0.0030451915122907246
0.3766833416708354,0.004092402750043467,0.004092403016566687,0.021307540701212234,0.004059841686671722
0.3771815907953977,0.005201073191553274,0.005201073483321994,0.022516886017377332,0.005157423190154769
0.37767983991995996,0.006380942418920066,0.006380942732425787,0.023593277373190124,0.00632522656313671
0.37817808904452227,0.007620978886647478,0.007620979218311785,0.024534692756648078,0.0075523468756272345
0.3786763381690845,0.008911804558348724,0.0089118049044829,0.0253413505821408,0.008829483475722653
0.37917458729364684,0.010245365962188224,0.010245366319129035,0.026015030586465756,0.010148619798019289
0.3796728364182091,0.011614521274961376,0.011614521639081887,0.02655843405575385,0.011502620445815126
0.3801710855427714,0.013012581073677643,0.013012581441218363,0.026974617160897486,0.012884782503451658
0.38066933466733366,0.014432839666442487,0.014432840033772543,0.02726652436649613,0.014288377477894562
0.38116758379189597,0.0158681301245423,0.015868130487875387,0.027436639654726785,0.015706216620375905
0.3816658329164582,0.01731042992879167,0.017310430284468548,0.02748676328639506,0.01713026630218822
0.38216408204102054,0.01875054444486185,0.018750544789086887,0.02741791992565142,0.0185513403658983
0.3826623311655828,0.020219345466568617,0.020219345797166888,0.02731078486369957,0.01999907833904897
0.38316058029014505,0.021631957571479565,0.02163195788321365,0.02700140223930637,0.021391077991390655
0.38365882941470736,0.023003902941039323,0.023003903230392753,0.026569836362770223,0.022741859870559978
0.3841570785392696,0.024391426580021858,0.02439142684370399,0.02609133771601237,0.024106223580903745
0.3846553276638319,0.0256337546804265,0.02563375491494052,0.025414043001770154,0.02532674728777342
0.3851535767883942,0.026786361551369764,0.02678636175363408,0.02461429007385144,0.02645762710286901
0.3856518259129565,0.02783166656739061,0.027831666734439375,0.02369394299615549,0.027481567428383306
0.38615007503751875,0.028752077330352677,0.028752077459685277,0.022656368808910313,0.028381296582340034
0.38664832416208106,0.02953047258002406,0.02953047266940151,0.021506760621983787,0.029140043000598238
0.3871465732866433,0.03015070794138347,0.030150707988938125,0.02025240290338853,0.029742032409196522
0.3876448224112056,0.030598125805732346,0.030598125810141957,0.018902865306316536,0.030172987488989365
0.3881430715357679,0.030860050021177032,0.030860049981564774,0.017470113997645514,0.030420611045740915
0.3886413206603302,0.030926247410927865,0.03092624732694399,0.01596853329961547,0.030475035110568132
0.38913956978489245,0.030789334333261753,0.030789334205154117,0.014414858652822916,0.0303292148482462
0.3896378189094547,0.030445129854595687,0.030445129683210254,0.01282800261856607,0.029979268763030652
0.390136068034017,0.029892916528034386,0.029892916314743667,0.011228797441742797,0.029424727596202765
0.39063431715857927,0.029135614506264673,0.029135614253146022,0.009639670726058093,0.02866869788867762
0.3911325662831416,0.028179872223613234,0.028179871933254497,0.008084234747795573,0.02771794337206313
0.39163081540770384,0.027036056198578906,0.027036055874221532,0.006586820732544847,0.026582867714596184
0.39212906453226615,0.025718144432363033,0.025718144077718788,0.0051719688200458115,0.025277403269141605
0.3926273136568284,0.024243525362896978,0.024243524982230723,0.0038638892773094737,0.023818808040770405
0.3931255627813907,0.0226325989744543,0.022632598572425465,0.0026857373751424025,0.02222726837938609
0.39362381190595297,0.020908627882156916,0.020908627463848646,0.0016594889903522806,0.020525752519951822
0.3941220610305153,0.019097352554654168,0.01909735212530196,0.0008053214149307945,0.01873962994503689
0.39462031015507754,0.01722622464200191,0.01722622420735027,0.00014074777303030243,0.016895915830123464
0.39511855927963985,0.015323991037046847,0.015323990602738988,-0.00031960255996584143,0.015022865197664884
0.3956168084042021,0.01342018223958974,0.013420181811429926,-0.0005642961545436331,0.013149475022463273
0.39611505752876436,0.011544387114679089,0.01154438669841097,-0.0005855744037070188,0.011304769215901882
0.39661330665332667,0.00972575075659815,0.009725750357828798,-0.000379484758217589,0.009517311861356915
0.3971115557778889,0.00799248739960201,0.00799248702375238,5.406828578797732e-5,0.007814737008813131
0.39760980490245124,0.006371290364472537,0.006371290016588023,0.0007112085541128898,0.006223171861546339
0.3981080540270135,0.004886838555395734,0.004886838240163466,0.0015841288932435956,0.004766757048964948
0.3986063031515758,0.003561353420153568,0.003561353141930467,0.0026612186568417437,0.0034672162752105353
0.39910455227613806,0.0024142153429325686,0.002414215105424583,0.0039272736916348555,0.0023434839458319557
0.39960280140070037,0.0014616465826521319,0.0014616463890049364,0.00536378264866432,0.001411397588889443
0.4001010505252626,0.000716465301604019,0.0007164651543973069,0.006949281162957592,0.0006834594049579197
0.40059929964982494,0.00018791508893489794,0.00018791499006158563,0.008659764579043671,0.00016867117575520746
0.4010975487743872,-0.00011842998526201409,-0.00011843003457147339,0.010469148410763046,-0.00012755746536609642
0.40159579789894945,-0.00020068497848152456,-0.00020068497770249494,0.01234976567373595,-0.000203427594254027
0.40209404702351176,-6.0600937152766043e-5,-6.060088644867234e-5,0.014272887638173063,-6.0698897115393813e-5
0.402592296148074,0.0002965571056396943,0.00029655720542716424,0.016209256105956714,0.00029542934879788575
0.4030905452726363,0.0008621954408363219,0.0008621955882318622,0.018129616305439807,0.0008564988637799078
0.4035887943971986,0.001624633857741531,0.0016246340506139711,0.020005239420219662,0.0016110283113787195
0.4040870435217609,0.002569396558460002,0.0025693967941037565,0.021808419205778827,0.002544796757217079
0.40458529264632315,0.003679544295376813,0.003679544570538873,0.023512939895639094,0.0036411674015991704
0.40508354177088546,0.004936037282953165,0.00493603759389763,0.025094497106926496,0.004881441472589542
0.4055817908954477,0.0063181220120163695,0.006318122354577488,0.026531076342973962,0.006245235649280532
0.40608004002001,0.007803731319911522,0.007803731689584342,0.027803273637631368,0.0077108726881402415
0.4065782891445723,0.009369889256602482,0.009369889648555313,0.02889455703276346,0.009255777047103966
0.4070765382691346,0.010993111593769589,0.010993112002980254,0.029791464317483442,0.01085686661140538
0.40757478739369685,0.012649795995009205,0.012649796416351056,0.030483740418696097,0.012490934681861495
0.4080730365182591,0.014316592301667819,0.014316592729841093,0.030964408126565535,0.014135012921320363
0.4085712856428214,0.015970750195986483,0.015970750625744656,0.031229781282003426,0.015766712536195646
0.40906953476738367,0.017590435667631743,0.01759043609385902,0.03127941567187295,0.017364535310977036
0.409567783891946,0.01915501330360725,0.01915501372118561,0.03111600488847047,0.018908151526657157
0.41006603301650824,0.020645290766856894,0.02064529117090197,0.030745225554719056,0.0203786411603065
0.41056428214107055,0.02204372638023916,0.022043726766206195,0.030175541136285365,0.02175869915533638
0.4110625312656328,0.02333459391886933,0.02333459428240986,0.029417964185288067,0.023032798986149964
0.4115607803901951,0.024504108273134484,0.02450410861029656,0.02848578884938363,0.02418731797740839
0.41205902951475737,0.025540510906517877,0.02554051121367612,0.02739429846494553,0.025210623280421784
0.4125572786393197,0.02643411779763999,0.026434118071576307,0.02616045624162862,0.02609312105208157
0.41305552776388194,0.027177332658851583,0.027177332896887396,0.02480258728840755,0.026827271518292183
0.41355377688844425,0.02776462640419869,0.027764626604008913,0.02334005374173358,0.027407570791059238
0.4140520260130065,0.028192488145880157,0.028192488305666064,0.021792935322345212,0.02783050460763304
0.41455027513756876,0.02845935140380257,0.02845935152221557,0.020181718212346596,0.028094477520983933
0.41504852426213107,0.02856549844761258,0.028565498523808852,0.018526996740002837,0.028199720390975364
0.4155467733866933,0.028512948966728235,0.028512949000323945,0.016849194841529934,0.02814818222033138
0.41604502251125564,0.028305333908856922,0.02830533389999157,0.015168307042892154,0.027943407163561782
0.4165432716358179,0.027947761797680326,0.02794776174684016,0.013503665764030719,0.02759040385946557
0.4170415207603802,0.02744667572003945,0.02744667562827019,0.011873731772591361,0.027095505356053155
0.41753976988494246,0.026809715572290338,0.026809715441000803,0.010295918960823977,0.026466233869662893
0.41803801900950477,0.026045575647805796,0.026045575478778282,0.00878644209875544,0.025711160760402262
0.418536268134067,0.025163866853320893,0.025163866648764605,0.007360193964540735,0.024839770811774457
0.41903451725862934,0.024174985338988597,0.0241749851014309,0.0060306503239576795,0.023862332589667575
0.4195327663831916,0.023089987091515496,0.02308998682381226,0.0048098000327617884,0.02278977448356325
0.4200310155077539,0.02192047188870877,0.021920471593956437,0.0037080999059216357,0.021633569768840104
0.42052926463231616,0.020678474506149513,0.020678474187704424,0.002734450679443078,0.020405628674302317
0.4210275137568784,0.019376367770422342,0.01937636743186988,0.001896193637803134,0.019118201935492064
0.4215257628814407,0.01802677271007841,0.018026772355075077,0.00119912294712607,0.017783791240373478
0.422024012006003,0.016642474043704947,0.016642473676242324,0.0006475114791051279,0.01641506488821776
0.4225222611305653,0.015236347001234718,0.01523634662523619,0.00024414947618046104,0.015024784461930516
0.42302051025512755,0.01382128856994247,0.013821288189553523,-9.60870478987442e-6,0.013625735818857393
0.42351875937968986,0.012410164577772054,0.012410164196967262,-0.00011379304633815722,0.012230675199745931
0.4240170085042521,0.011015865401209246,0.011015865024139522,-6.980600405192804e-5,0.010852375431397948
0.4245152576288144,0.009650619186593934,0.009650618817227272,0.00011978490086748866,0.00950297525921974
0.4250135067533767,0.008326797798557772,0.00832679744096574,0.00045118372379043586,0.00819473712253906
0.425511755877939,0.0070563861828301655,0.007056385840729393,0.000919538087163988,0.006939546999059858
0.42601000500250125,0.005851166233066085,0.005851165910228946,0.0015189095706584946,0.005749083983381635
0.42650825412706356,0.004722537865032794,0.004722537564946392,0.0022423114476578347,0.004634641651606233
0.4270065032516258,0.0036814196834279445,0.0036814194094429474,0.003081780278572577,0.0036070316402724498
0.42750475237618807,0.002738015462704635,0.0027380152178377182,0.0040285879440611445,0.0026763524482431686
0.4280030015007504,0.0019020981881990306,0.0019020979752708105,0.005073068774208786,0.0018522701329798277
0.42850125062531264,0.001182780910155945,0.0011827807315759643,0.006204612703922835,0.0011437882080777909
0.42899949974987495,0.0005882524926885124,0.0005882523506582082,0.0074119151204124585,0.0005589876216135262
0.4294977488744372,0.00012576819079346269,0.00012576808707646936,0.008682973066782887,0.0001050173691676854
0.4299959979989995,-0.00019845020392178503,-0.0001984502679790584,0.010005151790953324,-0.0002120042839230223
0.43049424712356177,-0.00037931423036458023,-0.0003793142537443367,0.011365260964604974,-0.0003870883756716073
0.4309924962481241,-0.00041296491716702466,-0.00041296489931232083,0.012749636440397427,-0.0004164699660426994
0.43149074537268634,-0.000296803868941764,-0.0002968038097743708,0.014144470012693528,-0.00029763721183247225
0.43198899449724865,-2.9436485417255742e-5,-2.9436385205527937e-5,0.015535993870448728,-2.9274927498816182e-5
0.4324872436218109,0.00038870522908274197,0.00038870536951315926,0.01690900962595718,0.00038811431141146964
0.4329854927463732,0.0009557395211088338,0.0009557397005971746,0.01824891897876735,0.0009525931123781898
0.43348374187093547,0.0016681849124131065,0.0016681851292188743,0.01954119455355557,0.0016606389128552119
0.4339819909954977,0.002520930043185099,0.0025209302951705037,0.020771520321170727,0.0025071156836399596
0.43448024012006004,0.0035072217668764005,0.003507222051566672,0.021925938431838793,0.0034852638012786265
0.4349784892446223,0.004618674732934591,0.004618675047301901,0.022991003892704857,0.004586711265790387
0.4354767383691846,0.005845304398155782,0.005845304738820056,0.02395394504124415,0.005801508141265917
0.43597498749374686,0.007175582437123962,0.0071755828005387046,0.02480282522309613,0.007118183162433288
0.43647323661830917,0.008596516427532563,0.008596516809612487,0.025526705217998887,0.008523824323300917
0.4369714857428714,0.010093755016878703,0.010093755413298267,0.026115804306621762,0.010004184593870112
0.43746973486743373,0.011651715841610788,0.011651716247951693,0.026561654987582867,0.011543810028550722
0.437967983991996,0.013254106501302876,0.013254106912811425,0.026857448215395267,0.013126554274542018
0.4384662331165583,0.014883848319219017,0.014883848731062854,0.026997916032711594,0.014735505013818774
0.43896448224112056,0.0165217326070618,0.01652173301434423,0.02697881501201133,0.016351666502718184
0.43946273136568287,0.018148817073984747,0.018148817471645817,0.026798298546737886,0.01795631695618096
0.4399609804902451,0.01974612057920333,0.01974612096253847,0.026456406345118904,0.01953071161951837
0.4404592296148074,0.02129451025936363,0.02129451062341059,0.0259551532851567,0.02105597133914224
0.4409574787393697,0.022775075920000665,0.02277507626019537,0.025298571013761928,0.022513452572607964
0.44145572786393195,0.024169382191085942,0.024169382502973513,0.02449271793567477,0.0238849962405071
0.44195397698849426,0.025459724603516254,0.025459724882979817,0.023545662378274507,0.025153180105451704
0.4424522261130565,0.026629387398606208,0.026629387641815216,0.02246743560896542,0.026301572494932174
0.4429504752376188,0.027662887456322005,0.027662887659879953,0.02126995531885466,0.027314972052689856
0.4434487243621811,0.02854621232968907,0.028546212490584477,0.01996691859580757,0.028179641331087465
0.4439469734867434,0.029267040900035457,0.029267041015836326,0.01857366586537174,0.0288835229689472
0.44444522261130565,0.029814945903653245,0.02981494597236417,0.01710701597578307,0.02941643772206953
0.44494347173586796,0.03018157368998603,0.030181573710225895,0.015585075141356366,0.029770259813915005
0.4454417208604302,0.03036079739626285,0.03036079736720415,0.01402701941111201,0.02993906588734482
0.4459399699849925,0.03034884148728867,0.030348841408711275,0.012452857536951282,0.02991925557397336
0.4464382191095548,0.02609517227401903,0.026095172164834757,0.008895461041947285,0.02576861072190397
0.44693646823411703,0.029023140371333966,0.029023140206267894,0.009084157723191972,0.028607919978178017
0.44743471735867935,0.031587857902874605,0.031587857675614284,0.0088819054368336,0.031080072580750476
0.4479329664832416,0.03233931297333903,0.03233931268841475,0.00782535099050359,0.03178520525848262
0.4484312156078039,0.03138192633708653,0.031381926004350316,0.006221293316746296,0.030833351367750752
0.44892946473236617,0.029232092475286353,0.029232092107007904,0.004465921503733416,0.02872679527336231
0.4494277138569285,0.02645076025508708,0.02645075986273769,0.002863068535255463,0.026007531069723953
0.44992596298149073,0.023501292037859778,0.023501291630754734,0.001586046042844206,0.023123174504779947
0.45042421210605305,0.020705131147384814,0.020705130732259977,0.0006929412839554284,0.020385251857842818
0.4509224612306153,0.01824439460452737,0.018244394185262094,0.0001600870963562808,0.017971301211138196
0.4514207103551776,0.01618586930424737,0.016185868882590458,-8.234336580474405e-5,0.01594722073197415
0.45191895947973987,0.014512467486181846,0.014512467062279676,-0.00011991882155507881,0.014297092289053211
0.4524172086043021,0.013154599490938335,0.013154599064253075,-3.151844248435311e-5,0.0129534115010591
0.45291545772886443,0.012017298843288449,0.012017298413427163,0.00012486721226032905,0.011823600397372428
0.4534137068534267,0.011002504876994168,0.011002504444371378,0.00031815903285931535,0.010812004657915871
0.453911955977989,0.010024260640611349,0.010024260206565615,0.0005452800569118046,0.009835001899548472
0.45441020510255126,0.009018229792566224,0.009018229360189757,0.0008270998110081787,0.008830441691996984
0.45490845422711357,0.007946739200485109,0.00794673877419537,0.001201959472393182,0.007762560921377479
0.4554067033516758,0.006799515812243528,0.006799515397950913,0.0017178680443658244,0.006622563344627336
0.45590495247623813,0.005591312215385724,0.0055913118201822536,0.002424582997519775,0.005426091002202404
0.4564032016008004,0.0043573746993857965,0.004357374331083402,0.003366448406432191,0.004208586699957904
0.4569014507253627,0.003147629336752722,0.0031476290036389874,0.004576583575351013,0.0030194559846791194
0.45739969984992496,0.002020348632226221,0.00202034834241872,0.006072755693257813,0.0019158028416117227
0.45789794897448727,0.0010359380728446888,0.0010359378340169013,0.007855046836644166,0.0009563685369084483
0.4583961980990495,0.00025132796699184334,0.0002513277859040805,0.009905269264812026,0.00019613385839773318
0.4588944472236118,-0.00028466100398583105,-0.0002846611218280601,0.012187938693036976,-0.00031808078551855617
0.4593926963481741,-0.0005347678291338087,-0.0005347678798197641,0.014652534135836915,-0.0005508403185252343
0.45989094547273635,-0.0004756575251846362,-0.00047565750628418557,0.01723656080777144,-0.0004802736692585298
0.46038919459729866,-9.87285085978229e-5,-9.872841957045408e-5,0.01986948699514108,-9.87519537232611e-5
0.4608874437218609,0.000589987250277979,0.0005899874082709589,0.02247676303512616,0.0005872760793362921
0.4613856928464232,0.0015709551082530582,0.0015709553323648429,0.02498386354094164,0.0015584143105981487
0.4618839419709855,0.0028130341171980766,0.0028130344031617738,0.027320045967640726,0.0027841588988679407
0.4623821910955478,0.004275913743198967,0.004275914085455662,0.029421622689520328,0.004225236187876653
0.46288044022011005,0.005912864284724206,0.0059128646765642945,0.031234600997819134,0.005836228722842974
0.46337868934467236,0.00767358726523637,0.007673587699172174,0.03271660199003174,0.007568292204541325
0.4638769384692346,0.009506978189342707,0.009506978657473325,0.033838027659200264,0.009371790378228766
0.4643751875937969,0.01136364404619511,0.011363644540378054,0.03458248587108817,0.011198701716565352
0.4648734367183592,0.013198055110992368,0.013198055622887617,0.0349465263774315,0.013004685100225977
0.46537168584292143,0.014970250736625834,0.014970251258229761,0.03493877852698251,0.014750727834968008
0.46586993496748375,0.016647096402264694,0.01664709692581884,0.03457858245010525,0.016404373228837137
0.466368184092046,0.018202873172845302,0.01820287369127599,0.033894268216586206,0.017940307815920525
0.4668664332166083,0.019619546173020197,0.019619546679770394,0.03292119519574419,0.0193406472845732
0.46736468234117057,0.020886684251424426,0.020886684740594574,0.03169970103641514,0.020594889441047193
0.4678629314657329,0.02200075157356529,0.02200075204003804,0.0302729610661559,0.0216992493207096
0.46836118059029513,0.022964241186946954,0.02296424162626337,0.028685020955962065,0.02265584051869134
0.46885942971485745,0.023784554091759558,0.023784554500110744,0.02697899921125038,0.023471601612557538
0.4693576788394197,0.024472748961953783,0.024472749336168387,0.025195558245955502,0.024157088959580405
0.469855927963982,0.025042224843547845,0.025042225181039157,0.023371668088372557,0.02472519644269518
0.47035417708854427,0.025507432930694518,0.02550743322930865,0.021539718823336454,0.025189896746417927
0.4708524262131066,0.025882670229725735,0.025882670487839377,0.019726967159998606,0.025565057059178813
0.47135067533766883,0.026181019513022985,0.026181019729160704,0.017955319030955458,0.025863394068018488
0.4718489244622311,0.02641346262034533,0.026413462793400955,0.016241408061423105,0.026095596723626085
0.4723471735867934,0.02658821853058907,0.026588218659738483,0.014596951956813084,0.026269668959250835
0.47284542271135566,0.02671031845189603,0.026710318536326272,0.01302933149645175,0.026390505937002616
0.47334367183591797,0.026781410754008306,0.026781410793422278,0.011542330481390967,0.026459697952746383
0.4738419209604802,0.026799799676899383,0.026799799670733704,0.0101369884424268,0.026475566413185506
0.47434017008504253,0.02676069795912217,0.026760697907374092,0.008812506606580329,0.02643341251421974
0.4748384192096048,0.026656671414811206,0.026656671317518477,0.0075671539333062535,0.026325956670153593
0.4753366683341671,0.02647822683971074,0.026478226697264406,0.00639911674470752,0.026143920385463752
0.47583491745872936,0.026214534835893366,0.02621453464882076,0.00530726158710101,0.025876741195783405
0.47633316658329167,0.02585422742408522,0.02585422719336622,0.004291765460541432,0.025513360750017124
0.4768314157078539,0.025386229061273247,0.02538622878831409,0.003354588949938709,0.02504304445959234
0.47732966483241623,0.024800584793752023,0.024800584480388438,0.002499777238027183,0.02445619627569574
0.4778279139569785,0.024089247265962455,0.024089246914453577,0.0017335814486653272,0.023745130452408343
0.47832616308154075,0.023246789230743692,0.023246788843996377,0.001064401684269266,0.022904767259457757
0.47882441220610306,0.022271006497742385,0.022271006079115002,0.0005025602678202949,0.02193321824641347
0.4793226613306653,0.021163388794589788,0.02116338834812058,5.992417814308536e-5,0.020832239360293
0.4798209104552276,0.019929442390209884,0.019929441920487637,-0.0002506007235191242,0.019607536533115786
0.4803191595797899,0.01857884708213714,0.01857884659415232,-0.0004156755030812148,0.018268907486763512
0.4808174087043522,0.017125447603751676,0.017125447103162137,-0.00042220164948531766,0.01683022067153681
0.48131565782891444,0.015587083877466379,0.015587083370275302,-0.0002580303868525748,0.015309236531773211
0.48181390695347676,0.013985271683389533,0.013985271175735598,8.732324279036849e-5,0.013727283253850132
0.482312156078039,0.012344721964895167,0.01234472146360807,0.0006220002391934982,0.012108776408088263
0.4828104052026013,0.010692746824163268,0.010692746335788178,0.0013511768452781397,0.010480629987226186
0.4833086543271636,0.009058556316176358,0.009058555847639701,0.0022765345085928716,0.008871563401139817
0.4838069034517259,0.007472497402096545,0.007472496960013225,0.003395831205019042,0.007311354667968631
0.48430515257628814,0.00596522260711152,0.005965222197931475,0.004702609749307776,0.005830027968589413
0.4848034017008504,0.004566851372488967,0.004566851002479584,0.006186040301691046,0.0044570366962798855
0.4853016508254127,0.003306136457253306,0.0033061361319498793,0.007830910461761558,0.0032204538432363196
0.48579989994997497,0.002209662408406088,0.0022096621329180926,0.009617766447427763,0.0021461956695178704
0.4862981490745373,0.0013011157481475077,0.0013011155268171613,0.011523186761823527,0.0012573166254735665
0.48679639819909953,0.000600623825890545,0.0006006236625121925,0.013520203252506989,0.0005733722375738429
0.48729464732366184,0.00012420521598505152,0.00012420511313051413,0.015578833964126428,0.0001098909348544899
0.4877928964482241,-0.00011666437502338978,-0.00011666441542806938,0.017666719655144516,-0.00012204177017655408
0.4882911455727864,-0.00011535807328488801,-0.00011535805035371716,0.0197498420510124,-0.0001160749508167244
0.48878939469734867,0.00012973112850667157,0.00012973121460525816,0.021793300596025033,0.0001292464558663122
0.489287643821911,0.000615156578653242,0.0006151567269006425,0.023762122503268736,0.000610452740705594
0.48978589294647323,0.001332518825497342,0.0013325190338795145,0.025622081631798306,0.0013192502050092011
0.49028414207103554,0.0022686934882019116,0.0022686937536021134,0.027340509330000394,0.002242744152000759
0.4907823911955978,0.003406181458862234,0.0034061817774878878,0.02888705361090807,0.003363779682250276
0.49128064032016006,0.004723561990249758,0.004723562357521471,0.03023438556866292,0.004661381461820193
0.49177888944472237,0.0061960363356867165,0.006196036746203587,0.031358828350751176,0.00611128075951841
0.4922771385692846,0.0077960441778152645,0.007796044625685783,0.03224088059125757,0.007686512814034771
0.49277538769384693,0.009493932077979161,0.009493932556769141,0.03286563678337189,0.00935806461501495
0.4932736368184092,0.011258655157496744,0.011258655660371458,0.03322308764031721,0.011095555186876545
0.4937718859429715,0.013058491580278164,0.01305849210028212,0.033308295232690334,0.012867928818346018
0.49427013506753376,0.01486175028030512,0.01486175081013752,0.0331214418856174,0.014644142485933357
0.49476838419209607,0.016637453325004437,0.016637453857557327,0.03266775433531069,0.016393829586296108
0.4952666333166583,0.01835597069712286,0.018355971225401113,0.031957298265446285,0.018087918565340692
0.49576488244122063,0.01998961469956745,0.01998961521668302,0.03100469872878183,0.019699213250307608
0.4962631315657829,0.021513140945698006,0.02151314144521005,0.029828707616442792,0.021202883767310474
0.4967613806903452,0.022904190785443257,0.022904191261248152,0.028451729770245494,0.022576901304154795
0.49725962981490746,0.024143625826429593,0.024143626273032404,0.026899244605353687,0.023802369008789848
0.4977578789394697,0.025215780563472956,0.025215780975918756,0.025199193971624734,0.02486377377471129
0.498256128064032,0.02610861415801291,0.02610861453204505,0.023381327331237683,0.025749140364860743
0.4987543771885943,0.02681378906900339,0.026813789400918164,0.021476543238803585,0.026450114356024984
0.4992526263131566,0.027326627991677066,0.02732662827855853,0.019516204698326146,0.026961926692887897
0.49975087543771884,0.02764600425932212,0.02764600449892335,0.01753148883121576,0.02728329287708632
0.5002491245622811,0.02777415289651486,0.027774153087334885,0.015552765871112838,0.027416234205217337
0.5007473736868434,0.027716413107500615,0.027716413248707383,0.013609024152772617,0.02736583129674427
0.5012456228114057,0.027480913706250942,0.027480913797692574,0.011727354384731499,0.027139920918585223
0.501743871935968,0.027078213870042944,0.027078213912196336,0.009932504330051202,0.026748748028007786
0.5022421210605302,0.026520912400143704,0.026520912394151608,0.00824650405725785,0.026204585805422034
0.5027403701850925,0.025823231310896144,0.025823231258298274,0.006688382940542659,0.025521329351993156
0.5032386193096549,0.025000596989250556,0.02500059689214737,0.005273966501939187,0.024714085725437398
0.503736868434217,0.024069223568270348,0.024069223429226627,0.0040157599592192126,0.02379876497465907
0.5042351175587794,0.023045711343989916,0.023045711165815386,0.0029229155496512406,0.022791684833364665
0.5047333666833417,0.02194667108847842,0.02194667087442065,0.0020012800117875248,0.021709199854313934
0.505231615807904,0.020788380492597736,0.020788380246026666,0.001253514184354132,0.020567361292895943
0.5057298649324662,0.01958648075266689,0.019586480477123386,0.0006792790878013777,0.01938161579859153
0.5062281140570285,0.018355724392671358,0.01835572409198552,0.0002754810037529046,0.01816655397874782
0.5067263631815908,0.01710977332327368,0.017109773001134504,3.6561194392537716e-5,0.01693570810753804
0.5072246123061531,0.015861038435584784,0.01586103809579993,-4.518064545661442e-5,0.01570139071226106
0.5077228614307153,0.014620587057281753,0.014620586703771851,2.076626210098716e-5,0.01447459989826049
0.5082211105552776,0.01339809824350946,0.013398097879868759,0.0002234868926623469,0.013264972038983386
0.5087193596798399,0.012201868134120553,0.012201867764108462,0.0005510051030512784,0.012080784109951937
0.5092176088044023,0.011038852499502871,0.01103885212671269,0.0009906417284040877,0.010928993171358556
0.5097158579289645,0.009914759807614026,0.009914759435446792,0.0015293550222936127,0.00981532601371932
0.5102141070535268,0.008834181705967559,0.008834181337822145,0.0021540519127135256,0.008744406128351038
0.5107123561780891,0.0078007339685070565,0.007800733607549279,0.002851872522488136,0.007719891701909615
0.5112106053026513,0.006817240081611997,0.0068172397309059895,0.00361042694901922,0.006744655797867618
0.5117088544272136,0.005885911991822701,0.0058859116543662085,0.004417994084072714,0.005820964312545126
0.5122071035517759,0.0050085398384625,0.00500853951691474,0.005263673171329071,0.00495066302990142
0.5127053526763382,0.004186679019708095,0.004186678716808121,0.006137487949856124,0.004135362219700951
0.5132036018009004,0.003421824843327037,0.003421824561479156,0.0070304474942228115,0.0033766092148794316
0.5137018509254627,0.00271557594877625,0.0027155756903721835,0.007934555998029731,0.0026760496921302474
0.514200100050025,0.002069770406347038,0.0020697701735594466,0.008842786146946426,0.0020355620748624247
0.5146983491745873,0.0014865953522542608,0.001486595147161947,0.009749015139175029,0.0014573655841013905
0.5151965982991495,0.000968666287884945,0.0009686661123876096,0.010647927897987084,0.0009440981780992491
0.5156948474237119,0.0005249959625034384,0.0005249958168619222,0.011490545894317014,0.0005045088839177204
0.5161930965482742,0.00014168736501385393,0.0001416872521831855,0.012362749844427694,0.00012528449030893083
0.5166913456728364,-0.00016558249030246275,-0.00016558256890478878,0.013215905558431603,-0.00017821824342793995
0.5171895947973987,-0.00039231726695238,-0.00039231731023209315,0.014046517305778399,-0.0004015292967561846
0.517687843921961,-0.0005337317842393219,-0.0005337317912354894,0.014851164606886092,-0.000539903249464899
0.5181860930465233,-0.0005848808515588333,-0.0005848808216045165,0.015626364566431832,-0.0005884480709955072
0.5186843421710855,-0.0005408142731281318,-0.0005408142058659776,0.016368444663705975,-0.0005422797611920262
0.5191825912956478,-0.0003967540971756556,-0.00039675399252599164,0.017073438936144505,-0.0003966988492117466
0.5196808404202101,-0.00014828834524299728,-0.00014828820344914284,0.017737010373744918,-0.00014738296205431983
0.5201790895447724,0.00020842482619204405,0.0002084250045186753,0.018354403110690722,0.00020941060855084848
0.5206773386693346,0.000676450686372676,0.0006764509003511221,0.018920426140042426,0.0006766405135847568
0.5211755877938969,0.0012578670618108023,0.0012578673100644977,0.019429475029834796,0.0012562729487302004
0.5216738369184593,0.001953573684731147,0.0019535739655230644,0.0198755830813672,0.0019490938967746546
0.5221720860430216,0.002763112655337463,0.0027631129665164067,0.02025250972813684,0.002754532849753378
0.5226703351675838,0.0036844908825958145,0.0036844912216013603,0.02055383663870778,0.0036704889962509623
0.5231685842921461,0.004714072829851534,0.004714073193638313,0.02077314301990576,0.004693227664447198
0.5236668334167084,0.005846464080425828,0.0058464644657652,0.02090415387009806,0.00581726802514477
0.5241650825412706,0.007074435818791636,0.0070744362218270185,0.02094092264056718,0.007035311801108007
0.5246633316658329,0.008388924321725888,0.00838892473838393,0.02087805178840672,0.008338246552399557
0.5251615807903952,0.009779038650995608,0.00977903907682598,0.020710891568447444,0.009715157278169918
0.5256598299149575,0.01123212141568003,0.011232121845986875,0.020435749275898217,0.011153390679262121
0.5261580790395197,0.01273385640456548,0.012733856834380608,0.020050093834180042,0.012638665784612974
0.526656328164082,0.014268413090325949,0.014268413514401668,0.019552745510483045,0.014155220936732549
0.5271545772886443,0.015818621966725233,0.0158186223799619,0.018944047243124134,0.015685991076003426
0.5276528264132067,0.017366222259702135,0.017366222656624575,0.0182260189057798,0.017212856086486133
0.5281510755377689,0.018892113781667108,0.018892114157081696,0.0174024726368148,0.01871689281648267
0.5286493246623312,0.020376639686111142,0.020376640034710847,0.016479097693844532,0.020178657059897524
0.5291475737868935,0.02179991200186443,0.021799912318676062,0.015463506366668836,0.02157850702003693
0.5296458229114557,0.02314213945971283,0.02314213973985596,0.0143652373751821,0.02289692832431475
0.530144072036018,0.024383971261553783,0.024383971500467727,0.013195716165849277,0.024114873941916297
0.5306423211605803,0.0255068453775823,0.025506845571201586,0.011968170643487439,0.025214107710145178
0.5311405702851426,0.0264933343243271,0.0264933344689684,0.010697501809323091,0.026177544501253914
0.5316388194097048,0.02732747938754193,0.027327479480237005,0.00940011141284948,0.02698957814338732
0.5321370685342671,0.027995110820069502,0.02799511085817108,0.008093694668683338,0.02763639467434727
0.5326353176588294,0.028484144885757956,0.028484144867413436,0.00679698329242639,0.028106261971895086
0.5331335667833917,0.028784846587549984,0.028784846511598905,0.005529463794853795,0.02838978490477992
0.5336318159079539,0.028890057150088466,0.028890057016119436,0.004311065951426971,0.02848012515113643
0.5341300650325163,0.028795390256251996,0.028795390064600718,0.0031618320771409727,0.028373189665184
0.5346283141570786,0.028498592772073505,0.02849859252384826,0.0021014414739477434,0.028067002733068912
0.5351265632816408,0.02800162561276409,0.02800162530980521,0.001149301405010614,0.02756373387101089
0.5356248124062031,0.02730923528504453,0.02730923492999973,0.0003236968203675291,0.026868296376330043
0.5361230615307654,0.026428468903623603,0.026428468500034275,-0.00035842177297331593,0.025987870085449057
0.5366213106553277,0.025369927638200285,0.025369927190153838,-0.0008816936163912263,0.024933118241220426
0.5371195597798899,0.024147663227763128,0.024147662740086104,-0.0012328178733914833,0.02371807894726177
0.5376178089044522,0.022777890715379445,0.022777890193522686,-0.0014007821465321353,0.022358904895143982
0.5381160580290145,0.02127928802435114,0.0212792874743817,-0.0013771054477937283,0.020874149504245376
0.5386143071535768,0.019672730178238063,0.019672729606579585,-0.0011560538628257247,0.019284502056902443
0.539112556278139,0.0179809769752855,0.017980976388873186,-0.0007348095866765238,0.017612477805459895
0.5396108054027013,0.016227781265255425,0.01622778067131582,-0.00011345218348792189,0.015881545897711475
0.5401090545272637,0.014438736452770884,0.014438735858644334,0.0007046848189804631,0.014116946937065727
0.540607303651826,0.012640732240943198,0.01264073165414681,0.0017129801136081515,0.012345157552711733
0.5411055527763882,0.010860448352926877,0.010860447780993304,0.002901866556552403,0.01059242349031221
0.5416038019009505,0.00912451340651027,0.009124512856802616,0.004258793844487033,0.008884909797520952
0.5421020510255128,0.007459084691250839,0.007459084170893524,0.005768380700850229,0.007248289181565613
0.542600300150075,0.005889434128449944,0.005889433644329529,0.007412618946292798,0.0057073370519908915
0.5430985492746373,0.004439547606990946,0.004439547165528796,0.009171126146757542,0.004285540241257759
0.5435967983991996,0.003131744607501208,0.0031317442145919125,0.011021442586846893,0.003004726110082647
0.5440950475237619,0.0019863246219292696,0.001986324282943432,0.01293936745814797,0.001884718336904799
0.5445932966483241,0.0010212463519782,0.00102124607142106,0.014899328398521311,0.0009430251714331642
0.5450915457728864,0.00025184503939190694,0.00025184482117180523,0.01687477788338598,0.0001945653124567092
0.5455897948974487,-0.00030950918981353936,-0.000309509342648423,0.018838300399173943,-0.00034866066232310433
0.546088044022011,-0.0006531988525863563,-0.0006531989377943567,0.020762763553744453,-0.0006773691794830355
0.5465862931465733,-0.0008666250985121526,-0.0008666251275083192,0.02201192141879794,-0.0008826407247917383
0.5470845422711356,-0.0006390946121658803,-0.0006390945569708928,0.02453914391500693,-0.000643404195102033
0.5475827913956979,-0.00015666518264878526,-0.00015666504859934705,0.02670033196947456,-0.00015671476717735118
0.5480810405202601,0.00046696898598436176,0.00046696918856357905,0.02826349905245129,0.0004657536946490708
0.5485792896448224,0.0011874496539017732,0.0011874499162299046,0.02932104372328563,0.0011820310385711635
0.5490775387693847,0.0020100399412544268,0.00201004025717047,0.03003446800654609,0.0019983860841305545
0.549575787893947,0.002966459989443504,0.0029664603548925084,0.03054797432973625,0.002946499209189657
0.5500740370185092,0.004095322797450618,0.004095323209619639,0.030959368084672746,0.004064405348509826
0.5505722861430715,0.005427452784857734,0.005427453241349828,0.03131501434060173,0.0053821840494333965
0.5510705352676338,0.0069770949231108825,0.0069770954207757085,0.03161763580538487,0.006913428931119146
0.5515687843921961,0.00873840178708557,0.008738402321720157,0.031839130155125,0.008651920820643862
0.5520670335167583,0.010685965746806636,0.010685966313132345,0.03193426990366755,0.010572279246583023
0.5525652826413207,0.012778142442474938,0.012778143033650324,0.03185302336474217,0.012633328623659124
0.553063531765883,0.014961951509596616,0.014961952117846067,0.03155025650569287,0.01478296286380454
0.5535617808904453,0.017178558319839166,0.017178558936559507,0.030992441306112187,0.016963524573334006
0.5540600300150075,0.01936854204513827,0.01936854266125443,0.0301614266540681,0.019116929838642608
0.5545582791395698,0.02147640392522182,0.02147640453138372,0.029055648933720563,0.021189022729571166
0.5550565282641321,0.02345398970578777,0.023453990293181237,0.02768931412833174,0.023132860605366144
0.5555547773886943,0.025262699162322322,0.025262699722293225,0.026090134908742527,0.024910821882249887
0.5560530265132566,0.02687452988187239,0.026874530406751973,0.02429620421556752,0.026495591760743783
0.5565512756378189,0.028271942271572648,0.028271942754420742,0.02235241147383468,0.02787001479108451
0.5570495247623812,0.02944704979642787,0.029447050231398042,0.02030703467419145,0.029026306043866835
0.5575477738869434,0.030400158857760207,0.030400159239851565,0.01820858999604624,0.02996463824923978
0.5580460230115057,0.03113789506342568,0.031137895388672565,0.016103226835710967,0.030691330558818154
0.558544272136068,0.03167121857913702,0.03167121884450608,0.014032785617863358,0.031216929839260603
0.5590425212606304,0.032013503432614554,0.03201350363583688,0.012033537382766375,0.03155435162972325
0.5595407703851926,0.03217881460562377,0.03217881474528811,0.010135569134369235,0.031717209949758955
0.5600390195097549,0.03218052219797185,0.03218052227341506,0.00836274670654927,0.03171847153525832
0.5605372686343172,0.03203029691865383,0.032030296929667024,0.0067331286856935225,0.03156947861329437
0.5610355177588794,0.0317375149721964,0.03173751491921753,0.005259706782357096,0.03127936882790105
0.5615337668834417,0.031309072794017845,0.03130907267814767,0.003951346073750766,0.030854893884868034
0.562032016008004,0.030749504990222054,0.030749504813046946,0.002813781391726716,0.030300534021222496
0.5625302651325663,0.030061446357366406,0.03006144612091083,0.0018505974689099246,0.029618948100921704
0.5630285142571285,0.029246277138925636,0.029246276845846214,0.0010640788074172114,0.02881160275722077
0.5635267633816908,0.028304909674496503,0.028304909328001587,0.00045588200609677034,0.027879539220124816
0.5640250125062531,0.027238618077597754,0.02723861768145741,2.7491648569006807e-5,0.026824181526303326
0.5645232616308155,0.026049865375595782,0.026049864934129058,-0.00021955097375568145,0.025648140979870702
0.5650215107553777,0.02474303443386594,0.024743033951974136,-0.0002836413855368426,0.024355925399498154
0.56551975987994,0.023325022288110175,0.023325021771287147,-0.00016330036072566528,0.02295451367457975
0.5660180090045023,0.02180566083936497,0.021805660293616552,0.0001424805983941679,0.021453759701361787
0.5665162581290646,0.020197940009367754,0.02019793944117433,0.0006337833734615169,0.019866602830112667
0.5670145072536268,0.018518021073854807,0.018518020490146704,0.0013092494022489062,0.018209073428081132
0.5675127563781891,0.016785064205031175,0.01678506361292504,0.0021655527076271676,0.016500117566934966
0.5680110055027514,0.015020853934667233,0.015020853341857977,0.00319691803888396,0.014761225577630684
0.5685092546273136,0.013252366354341072,0.013252365768346295,0.004398126642482661,0.013018963779894512
0.5690075037518759,0.011498301811300349,0.011498301239674031,0.005750272533674514,0.011291697745014083
0.5695057528764382,0.009788227038755037,0.00978822648897741,0.007242040025868884,0.009608478677534154
0.5700040020010005,0.008148151332688591,0.008148150812010618,0.008855106558023731,0.00799482455193043
0.5705022511255627,0.00660325831866182,0.006603257833944741,0.010568033766808429,0.006475424574745602
0.571000500250125,0.00517716099256188,0.005177160550090985,0.012356583103399465,0.005073414732455903
0.5714987493746874,0.003891208349916353,0.0038912079554272883,0.014194182155517775,0.0038097041634939112
0.5719969984992497,0.0027639138217336323,0.002763913480237236,0.01605248784784807,0.0027024201536555935
0.5724952476238119,0.0018104824043958523,0.0018104821201023178,0.017902054135366163,0.0017664491097672368
0.5729934967483742,0.0010424771056868898,0.0010424768819934493,0.019713050531756707,0.0010131127120144457
0.5734917458729365,0.00046762494581664704,0.0004676247852051195,0.021456009204097796,0.00044997938250896085
0.5739899949974987,8.975971923785853e-5,8.9759623297294e-5,0.023102578336851805,8.080835366658432e-5
0.574488244122061,-9.110342822349349e-5,-9.110345887251847e-5,0.024626222986052868,-9.437847613926195e-5
0.5749864932466233,-7.856889483187635e-5,-7.856886047100803e-5,0.02600287216753882,-7.910374902661251e-5
0.5754847423711856,0.00012044214011924792,0.00012044223843724056,0.02721147580464901,0.00011985894641830266
0.5759829914957478,0.0004960800903054396,0.0004960802506628476,0.028234457476526552,0.0004928621597475572
0.5764812406203101,0.0010360206740195332,0.001036020893702444,0.029058062888111105,0.0010278256478410725
0.5769794897448725,0.0017259568694590888,0.0017259571451625766,0.029672552855692248,0.001710715182535429
0.5774777388694348,0.002550110057360111,0.0025501103850628926,0.030072290160637713,0.002526040760705843
0.577975987993997,0.0034917372840486682,0.003491737659303551,0.030255697332886338,0.0034573517812630937
0.5784742371185593,0.0045336143963502495,0.004533614814288017,0.030225098565982707,0.004487709451015543
0.5789724862431216,0.005658478345233475,0.005658478800565081,0.029986458771848464,0.005600120082493255
0.5794707353676838,0.00684941448871873,0.0068494149759346645,0.029549035280169687,0.006777915340881892
0.5799689844922461,0.008090178319955843,0.008090178833377537,0.02892496049546035,0.008005068963699008
0.5804672336168084,0.009365449735014242,0.009365450268768727,0.02812878252657649,0.009266447878493652
0.5809654827413707,0.010661004309899857,0.010661004858208645,0.027176961673170696,0.01054798245282759
0.5814637318659329,0.011963818330428644,0.011963818887389788,0.026087373149284866,0.011836771939735098
0.5819619809904952,0.013262101443264673,0.013262102003103515,0.024878813384720536,0.013121119001745299
0.5824602301150575,0.014545262184484875,0.014545262741528564,0.023570528484367765,0.014390498326538614
0.5829584792396199,0.015803824356908025,0.015803824905611163,0.022181792787948695,0.01563547688799562
0.583456728364182,0.01702930554639287,0.017029306081472018,0.020731543099116935,0.016847596780638307
0.5839549774887444,0.018214044421474562,0.01821404493772788,0.01923805170023982,0.018019207537990193
0.5844532266133067,0.019351033614696755,0.019351034107196297,0.01771869606132147,0.01914330369200326
0.584951475737869,0.02043373982761859,0.02043374029156314,0.016189779425160422,0.020213349683626862
0.5854497248624312,0.02145592661213641,0.021455927043206535,0.01466641937815086,0.02122310722335307
0.5859479739869935,0.022411504358459844,0.022411504752490985,0.013162506695972543,0.02216648920538947
0.5864462231115558,0.02329438087210922,0.023294381225316685,0.011690702342401807,0.023037414506244743
0.586944472236118,0.024098376443261127,0.024098376752120954,0.010262503056534956,0.023829725990043363
0.5874427213606803,0.02481717135699657,0.024817171618187084,0.008888337493375116,0.024537140534557807
0.5879409704852426,0.02544429807720583,0.0254442982879991,0.00757768882629556,0.025153243049286816
0.5884392196098049,0.025973175790022784,0.02597317594798626,0.006339231522340138,0.025671522206340926
0.5889374687343671,0.026397186403097572,0.026397186506208203,0.005180972419556737,0.026085446960446117
0.5894357178589295,0.026709809132656692,0.0267098091793605,0.004110389812257159,0.0263886004866771
0.5899339669834918,0.02690477042411621,0.02690477041332784,0.0031345508119264348,0.02657482916538383
0.5904322161080541,0.026976237916385926,0.026976237847580575,0.0022602086818478734,0.026638434521775417
0.5909304652326163,0.02691904333503653,0.02691904320811972,0.00149386884636912,0.026574393153586666
0.5914287143571786,0.02672890795623567,0.026728907771703225,0.0008418173874472263,0.02637857879023615
0.5919269634817409,0.02640267812027358,0.02640267787930259,0.00031011251365960685,0.026047993607010964
0.5924252126063031,0.02593855225427316,0.02593855195851469,-9.546270096825684e-5,0.025580990614087758
0.5929234617308654,0.025336298900964838,0.025336298552775888,-0.0003694852108180975,0.02497748646569272
0.5934217108554277,0.024597451173797025,0.02459745077611253,-0.0005070118023768928,0.02423915041537231
0.59391995997999,0.023725468640851677,0.02372546819711774,-0.0005037286041321999,0.02336956058579731
0.5944182091045522,0.02272585621426232,0.022725855728776723,-0.0003561228861259138,0.02237431741123905
0.5949164582291145,0.021606234550295034,0.021606234027637866,-6.166868998203894e-5,0.021261108961062012
0.5954147073536769,0.020376377215459596,0.02037637666088965,0.0003809752542272313,0.020039743124936706
0.5959129564782392,0.019048181655227703,0.01904818107457288,0.0009717719205562333,0.01872211452848368
0.5964112056028014,0.01763558534981663,0.017635584749199892,0.0017091236537394652,0.017322117523204384
0.5969094547273637,0.016154428145153055,0.016154427531274797,0.002589709565579133,0.01585550636746888
0.597407703851926,0.014622266966714703,0.014622266346296188,0.003608348426537393,0.014339708805569845
0.5979059529764883,0.013058136205606807,0.013058135585820377,0.004757899114089927,0.012793586698609494
0.5984042021010505,0.011482276098248534,0.011482275486347088,0.006029195952389649,0.011237165591228955
0.5989024512256128,0.009915816902552888,0.009915816305856173,0.007411032471923474,0.009691321512349171
0.5994007003501751,0.008380430153828944,0.008380429579517366,0.008890196658311008,0.008177436171654649
0.5998989494747373,0.006897957001767596,0.006897956456963634,0.010451558986873133,0.006717030428906878
0.6003971985992996,0.005490030699819959,0.00549003019136367,0.012078206662385824,0.005331392686017292
0.6008954477238619,0.004177692049153692,0.004177691583469102,0.013751629774966254,0.004041201159203739
0.6013936968484243,0.002981009953027969,0.002981009536128036,0.015451954461542402,0.002866151900498327
0.6018919459729865,0.001918715568743068,0.0019187152061453834,0.017158218433034132,0.0018246008411142078
0.6023901950975488,0.0010078581527144803,0.0010078578492819321,0.018848683316454177,0.0009332277420868673
0.6028884442221111,0.00026349098966838014,0.00026349074957784935,0.020501174745613956,0.0002067301879819476
0.6033866933466734,-0.0003016004745413081,-0.00030160064784393037,0.022093449012049297,-0.00034244077651983173
0.6038849424712356,-0.0006771418157986431,-0.0006771419198059597,0.023603570195300454,-0.0007043161756154024
0.6043831915957979,-0.0008555526676211622,-0.0008555527006325961,0.025010300331330514,-0.0008715857924560012
0.6048814407203602,-0.0008320865225018848,-0.0008320864836596914,0.026293471524441767,-0.0008397320938492158
0.6053796898449224,-0.0006049136116427767,-0.0006049135011156198,0.02743435323922262,-0.0006071084830430539
0.6058779389694847,-0.00017515219218772193,-0.0001751520109761623,0.028416001258419237,-0.00017496698079509936
0.606376188094047,0.0004531534918724156,0.00045315374188109603,0.029223569496472163,0.00045256624799256144
0.6068744372186093,0.0012731070196498884,0.0012731073355542188,0.029844600113579995,0.0012685659143042405
0.6073726863431715,0.002275082665810335,0.0022750830439207392,0.030269248417976475,0.0022634304837861447
0.6078709354677339,0.0034468930552695176,0.00344689349111188,0.030490476960341326,0.003425048681467052
0.6083691845922962,0.0047739975375805654,0.004773998025973919,0.0305041937365224,0.004739005634682938
0.6088674337168585,0.00623974596330007,0.006239746498219678,0.030309336339243934,0.00618882343559528
0.6093656828414207,0.007825652084067047,0.007825652659053162,0.029907900769448634,0.007756230470911087
0.609863931965983,0.009511688645418459,0.00951168925343171,0.029304909745472448,0.009421451776942475
0.6103621810905453,0.011276604469976637,0.011276605103528403,0.02850834411896189,0.011163520696988533
0.6108604302151076,0.01309824813820254,0.013098248789611633,0.027529003884675683,0.012960596836138765
0.6113586793396698,0.014953899255890968,0.01495389991707985,0.026380331116869594,0.014790291273008939
0.6118569284642321,0.01682059249379264,0.016820593156633257,0.02507817829905007,0.01662998462334078
0.6123551775887944,0.018675439671296534,0.018675440327642123,0.023640550619336405,0.018457143057188957
0.6128534267133566,0.02049593602363592,0.020495936665362424,0.022087309731891467,0.02024961879790377
0.6133516758379189,0.022260256690734226,0.022260257310103726,0.020439858828742576,0.021985940923698353
0.6138499249624813,0.02394752607174172,0.023947526661107332,0.01872079944621349,0.02364557963345169
0.6143481740870436,0.02553805938862358,0.025538059940762137,0.01695357721331955,0.025209183351919958
0.6148464232116058,0.02701359411034482,0.027013594618449155,0.015162129597476346,0.026658805670184464
0.6153446723361681,0.02835747323907445,0.02835747369690772,0.013370524873480862,0.027978085415013267
0.6158429214607304,0.029554811817892213,0.029554812219828697,0.011602616224937952,0.029152410114404295
0.6163411705852927,0.030592633527300517,0.03059263386839889,0.009881705167820831,0.030169050131407582
0.6168394197098549,0.03145997367107811,0.03145997394709227,0.008230224763373824,0.031017259929321427
0.6173376688344172,0.03214795612863358,0.0321479563360465,0.006669444863378284,0.03168835374125518
0.6178359179589795,0.03264984124679954,0.0326498413829418,0.0052192041951893,0.03217575273966116
0.6183341670835417,0.03296104998457938,0.03296105004757893,0.0038976747178446495,0.03247500884637223
0.618832416208104,0.03307916329951999,0.033079163288397107,0.0027211555738404004,0.03258380418302332
0.6193306653326663,0.03300389947719984,0.033003899391748026,0.0017039013965405576,0.0325019288017234
0.6198289144572287,0.03273707160986433,0.03273707145084517,0.000857985032125896,0.03223123883335389
0.6203271635817909,0.0322825273766148,0.032282527145483436,0.0001931947364081107,0.03177559714484699
0.6208254127063532,0.03164607322812929,0.03164607292724958,-0.0002830347346079709,0.031140798553621937
0.6213236618309155,0.030835387046217133,0.030835386678690013,-0.0005656586395963684,0.030334483527434612
0.6218219109554778,0.02985991320787551,0.02985991277761879,-0.0006520273420196933,0.029366034580145098
0.62232016008004,0.028730749962757818,0.02873074947434781,-0.0005418609742106135,0.028246464925959204
0.6228184092046023,0.027460539447184906,0.02746053890594423,-0.0002372019875020254,0.026988309215965664
0.6233166583291646,0.0260633271773697,0.026063326589039856,0.0002576635051291333,0.025605484765485107
0.6238149074537268,0.024554428444178877,0.024554427815208335,0.0009363049522129997,0.024113159109234988
0.6243131565782891,0.02295030055446312,0.022950299891766474,0.0017902553974687518,0.02252762264038042
0.6248114057028514,0.02126838710944967,0.021268386420247642,0.002809148309201842,0.020866134422472597
0.6253096548274137,0.01952697012952559,0.01952696942141932,0.003980860996787803,0.019146775130601472
0.6258079039519759,0.01774501184337085,0.017745011124347135,0.005291674659635699,0.01738829003108611
0.6263061530765383,0.015941998013209557,0.01594199729123881,0.0067264349462834655,0.015609932961448575
0.6268044022011006,0.01413776971698083,0.014137769000039685,0.008268726487568231,0.013831299262383316
0.6273026513256629,0.01235235203940016,0.0123523513357921,0.00990105261622398,0.012072155641727377
0.6278009004502251,0.010605778346375716,0.010605777664000685,0.011605017279801708,0.010352265600061836
0.6282991495747874,0.00891791160585459,0.008917910952589422,0.013361511943776458,0.00869121221228071
0.6287973986993497,0.007308258944557167,0.007308258328027622,0.015150901218406149,0.007108214070620919
0.629295647823912,0.005795786126138069,0.005795785553497779,0.01695321162579582,0.0056219415791720784
0.6297938969484742,0.004398724780359076,0.00439872425844442,0.018748321116907298,0.004250326101122356
0.6302921460730365,0.0031343814056757346,0.0031343809407239835,0.020516148902742115,0.003010371227714354
0.6307903951975988,0.002018945723675003,0.0020189453214636867,0.022236844592022454,0.0019179636328047667
0.631288644322161,0.0010673008375417514,0.0010673005030773768,0.023890976510457008,0.0009876860069562346
0.6317868934467233,0.0002928372275306512,0.00029283696510124316,0.025459718697533534,0.00023263410303372005
0.6322851425712857,-0.00029272711494332526,-0.0002927273017268306,0.0269250359829694,-0.00033575981895913974
0.632783391695848,-0.0006795187308890616,-0.0006795188393453194,0.028269880082402058,-0.00070789538786116
0.6332816408204102,-0.0008596628700089926,-0.0008596628983339044,0.02947833140978005,-0.0008761548584492686
0.6337798899449725,-0.0008274367438288466,-0.0008274366910805131,0.030535803964715287,-0.0008350521641829584
0.6342781390695348,-0.0005793939879807364,-0.0005793938542078131,0.03142921285343254,-0.0005813534139340006
0.6347763881940971,-0.00011447362057781518,-0.00011447340680149909,0.032147122688099,-0.00011418186843314637
0.6352746373186593,0.0005659127937918118,0.000565913085635375,0.032679900933251266,0.0005648989582863583
0.6357728864432216,0.0014578243996903884,0.0014578247667691169,0.03301986579710314,0.0014518324586441842
0.6362711355677839,0.002554759707793064,0.0025547601462154734,0.03316140912336858,0.002540041252096096
0.6367693846923461,0.0038476565369285898,0.0038476570419404,0.033101107582042724,0.0038204305026135438
0.6372676338169084,0.005324924549668375,0.0053249251156277655,0.03283781584614185,0.005281423427380545
0.6377658829414707,0.006972517466452277,0.006972518086979185,0.032372743537757376,0.006909035899008678
0.638264132066033,0.008774023326781344,0.00877402399469232,0.03170949477815808,0.008686968745290909
0.6387623811905953,0.01071080322286061,0.010710803930193719,0.030854097957198196,0.010596747695633664
0.6392606303151576,0.012762176228937772,0.012762176967360428,0.02981501057360072,0.012617908533130029
0.6397588794397199,0.014905612299579651,0.01490561306011784,0.028603079292676126,0.014728189834582208
0.6402571285642822,0.017116978091372304,0.01711697886453567,0.027231482271463145,0.01690377741698634
0.6407553776888444,0.019370814024322502,0.019370814800660663,0.025715636870494572,0.019119579053066316
0.6412536268134067,0.021640603256677104,0.02164060402630219,0.02407306724385173,0.02134949092372608
0.641751875937969,0.023899127533248354,0.023899128286144433,0.02232325588928189,0.02356674869657386
0.6422501250625313,0.026118810218796085,0.02611881094534718,0.020487449984479645,0.025744265500230915
0.6427483741870935,0.02827205186102122,0.02827205255161236,0.018588437637377442,0.02785496211423006
0.6432466233116558,0.030331619076127914,0.03033161972139764,0.016650299619457385,0.029872148695995995
0.6437448724362181,0.03227103061689318,0.03227103120818903,0.014698128961768312,0.03176990308970409
0.6442431215607803,0.03406490894731257,0.03406490947626689,0.012757729069245927,0.03352341486741602
0.6447413706853427,0.035689360479128074,0.035689360938240766,0.010855291171173058,0.03510935668720747
0.645239619809905,0.03712234883560095,0.03712234921815932,0.009017050277480964,0.03650624813329368
0.6457378689344673,0.03834402889429167,0.03834402919438745,0.00726893097399875,0.03769478066469573
0.6462361180590295,0.03933705937938159,0.03933705959221584,0.005636187861893514,0.03865812103266538
0.6467343671835918,0.04008689846941088,0.0400868985912069,0.004143039042444433,0.03938219749876453
0.6472326163081541,0.0405820553917734,0.04058205541985044,0.0028123055650960613,0.03985594261013269
0.6477308654327164,0.040814303549286945,0.04081430348222459,0.001665059106931255,0.0400714979779727
0.6482291145572786,0.04077885090110861,0.040778850738668215,0.0007202859610085742,0.04002437697200997
0.6487273636818409,0.04047446805644972,0.040474467799596514,-5.429771060558103e-6,0.03971358583307089
0.6492256128064032,0.03990355654022698,0.03990355619123792,-0.0004981968967465041,0.03914168622707893
0.6497238619309654,0.03907216948890996,0.039072169051239086,-0.0007470741929883193,0.03831481126871295
0.6502221110555277,0.03798997749916094,0.03798997697761952,-0.000744290902765375,0.03724262801239142
0.65072036018009,0.03667017997675315,0.03667017937701639,-0.0004854253646214861,0.03593824684302297
0.6512186093046524,0.035129361281798166,0.03512936061078223,3.0462536245561204e-5,0.0344180771767429
0.6517168584292146,0.03338728669733437,0.03338728596307078,0.0008007500894101462,0.03270162473395482
0.6522151075537769,0.03146668759527682,0.03146668680655326,0.001819213724423544,0.03081127839057916
0.6527133566783392,0.029392926820302867,0.029392925986645155,0.0030760603398630906,0.028771980911044267
0.6532116058029015,0.027193691767472106,0.02719369089913158,0.004557998222527845,0.026610926779726825
0.6537098549274637,0.024898612001512554,0.024898611109615255,0.00624837046327729,0.024357187067725387
0.654208104052026,0.022538853944920445,0.022538853040568463,0.008127340225857243,0.0220413123751565
0.6547063531765883,0.02014668004086695,0.020146679135431854,0.010172130453140507,0.019694901675834268
0.6552046023011506,0.017754992995596575,0.01775499210069278,0.012357311520040897,0.017350157082345594
0.6557028514257128,0.015396862046179849,0.015396861173500764,0.014655135608424897,0.015039421593842077
0.6562011005502751,0.013105050828205067,0.01310504998899142,0.017035909953794327,0.012794718822606677
0.6566993496748375,0.010911541398112845,0.010911540603211624,0.01946840707580319,0.010647289423813888
0.6571975987993997,0.00884706594290291,0.00884706520281001,0.02192030454344782,0.008627135405837396
0.657695847923962,0.006940662288267563,0.006940661612722077,0.024358646376690187,0.006762587930116481
0.6581940970485243,0.005219248721611336,0.005219248119597039,0.02675032278212092,0.0050798942327281585
0.6586923461730866,0.0037072158862623272,0.0037072153657723554,0.029062559357206443,0.0036028214627718586
0.6591905952976488,0.0024260669161795256,0.002426066484172349,0.031263404578689674,0.0023523076305568286
0.6596888444222111,0.001394098652705733,0.0013940983149668892,0.03332221061924333,0.0013461526881933332
0.6601870935467734,0.0006261289331097597,0.0006261286943124063,0.03521009954274842,0.0005987545444383242
0.6606853426713357,0.00013327381229161217,0.00013327367566287954,0.036900402711390085,0.00012089372971022368
0.6611835917958979,-7.721474639349468e-5,-7.721477884204547e-5,0.03836908520474165,-8.042314731439294e-5
0.6616818409204602,-2.0646465656581903e-6,-2.064574245341788e-6,0.03959511445729291,-2.07463608972879e-6
0.6621800900450225,0.0003579686303294416,0.00035796880660884933,0.04056079508539568,0.0003551304273053597
0.6626783391695847,0.0009981136954631542,0.0009981139736039285,0.041252047828057095,0.0009864654943955767
0.663176588294147,0.00190964951249184,0.001909649888883605,0.041658655553846693,0.0018833518027969078
0.6636748374187094,0.003080034064277426,0.0030800345341487068,0.04177442810523779,0.0030334845212612056
0.6641730865432717,0.004493093063593856,0.004493093620919708,0.04159730431001491,0.004421017204131084
0.6646713356678339,0.0061292540106932525,0.0061292546482592525,0.041129414477029926,0.00602679013307137
0.6651695847923962,0.007965832483292856,0.007965833192818295,0.04037706874102259,0.007828609362111981
0.6656678339169585,0.009977370398012775,0.009977371170355326,0.039350663810017165,0.009801576334890412
0.6661660830415208,0.012136008449486035,0.012136009274603204,0.03806454203865356,0.011918450609694172
0.666664332166083,0.01441189155275574,0.014411892419774613,0.03653679147705675,0.014150044615275694
0.6671625812906453,0.0167736030554822,0.016773603953497085,0.034788984911635415,0.016465646388474697
0.6676608304152076,0.01918862066600774,0.01918862158334117,0.032845861502882275,0.01883346349283527
0.6681590795397699,0.021623783837141308,0.021623784761940018,0.030734971733395126,0.02122107795987431
0.6686573286643321,0.02404577287289894,0.02404577379316758,0.028486254404812124,0.02359591305492547
0.6691555777888945,0.026421581672546768,0.02642158257660876,0.026131597445397184,0.02592569372834198
0.6696538269134568,0.028718983330807968,0.028718984207126652,0.0237043626166251,0.028178900351510466
0.670152076038019,0.03090698371103845,0.030906984548569938,0.02123889933901492,0.03032521061613989
0.6706503251625813,0.032956250622393324,0.032956251410451165,0.018770021249077107,0.0323359184076934
0.6711485742871436,0.03483951055468121,0.03483951128353646,0.01633250160115345,0.03418432083686181
0.6716468234117059,0.03653193171253727,0.036531932373204345,0.013960536209715619,0.03584609266497737
0.6721450725362681,0.038011441117160205,0.03801144170149412,0.01168726092374524,0.03729959602369032
0.6726433216608304,0.039259013994439096,0.03925901449544983,0.009544259552713454,0.03852616384055374
0.6731415707853927,0.04025890803518928,0.04025890844699109,0.007561099637725847,0.039510329845373636
0.673639819909955,0.04099886221315413,0.04099886253110391,0.005764906664638545,0.040240023810092465
0.6741380690345172,0.0414702263355225,0.0414702265562058,0.004179972560396176,0.04070669990053998
0.6746363181590795,0.04166804177381772,0.04166804189512541,0.0028274122580083114,0.04090541738922028
0.6751345672836419,0.04159107665894263,0.04159107668005463,0.001724869464005512,0.040834876962869866
0.675632816408204,0.04124180086625007,0.04124180078773815,0.0008862761555274549,0.04049739852916998
0.6761310655327664,0.04062630881998264,0.040626308643664066,0.0003216702479352244,0.03989884814018977
0.6766293146573287,0.0397541808410003,0.039754180569990416,3.707401315566657e-5,0.03904850498905925
0.677127563781891,0.03863832461603883,0.038638324254654716,3.443233770612908e-5,0.037958908718753445
0.6776258129064532,0.037294741444753476,0.03729474099844249,0.00031161459192368513,0.03664563344325309
0.6781240620310155,0.035742263852430345,0.03574226332763622,0.0008624759593391755,0.035127033480688526
0.6786223111555778,0.03400227130896488,0.03400227071328485,0.0016769802143110585,0.03342396751392367
0.6791205602801401,0.032098349746474575,0.032098349088147404,0.0027413780811796793,0.03155946763068962
0.6796188094047023,0.030055942302759264,0.030055941590952123,0.004038440281490259,0.029558399440625948
0.6801170585292646,0.027901976687681407,0.02790197593203464,0.00554774124569549,0.027447099033323517
0.6806153076538269,0.02566446931070898,0.02566446852131754,0.007245981723803694,0.02525298674710459
0.6811135567783891,0.02337214135746324,0.023372140545007386,0.009107363293883257,0.023004192406175995
0.6816118059029515,0.021054008804698987,0.021054007979910846,0.011103981432877308,0.020729154424081648
0.6821100550275138,0.018738989975800147,0.018738989149378077,0.013206252800109574,0.018456235738706583
0.6826083041520761,0.01645551902238873,0.01645551820508405,0.015383360963917445,0.01621334508492205
0.6831065532766383,0.014231173459479496,0.014231172661719575,0.017603714572147593,0.014027571576879814
0.6836048024012006,0.012092321024886166,0.012092320256790023,0.019835411004132376,0.011924837777984473
0.6841030515257629,0.010063790457835509,0.01006378972912482,0.02204669839426845,0.00992957577995707
0.6846013006503252,0.008168569575460582,0.008168568895228202,0.024206424551508475,0.008064429596191624
0.6850995497748874,0.006427538267403277,0.006427537643909225,0.02628448788636054,0.00634999155782766
0.6855977988994497,0.004859230608490306,0.004859230049383783,0.028252239212727966,0.0048045666910845435
0.686096048024012,0.003479638871383639,0.003479638383306668,0.030082879206372787,0.003443978091460172
0.6865942971485743,0.0023020440105184226,0.0023020435992353277,0.031751042092499744,0.002281395242153692
0.6870925462731365,0.001336984249787121,0.0013369839199104637,0.033235413329629114,0.0013273105295500956
0.6875907953976989,0.0005920356596111342,0.0005920354148655568,0.034516898778404345,0.0005893093928986003
0.6880890445222612,7.183624643269937e-5,7.183608937502738e-5,0.03557929256460235,7.20942164847465e-5
0.6885872936468234,-0.0002219036063858537,-0.00022190367433928045,0.036409593421885954,-0.0002225077966239871
0.6890855427713857,-0.00029026450582197993,-0.0002902644843063903,0.0369978222680489,-0.00029541097814890824
0.689583791895948,-0.0001372315129045676,-0.00013723140270987047,0.0373381329460397,-0.00015038998312478388
0.6900820410205103,0.00023049573124750422,0.000230495928253336,0.03742793283432167,0.0002061043791143187
0.6905802901450725,0.0008037053963506624,0.0008037056773460352,0.03726789092105196,0.0007651434962837305
0.6910785392696348,0.0015708177159385328,0.0015708180770773461,0.03686203865000803,0.0015154596933787616
0.6915767883941971,0.0025180868596971773,0.00251808729607262,0.03621765724127549,0.0024436425395110927
0.6920750375187594,0.003629824708726803,0.0036298252147845544,0.03534512185397569,0.003534356978959831
0.6925732866433216,0.004888641084254242,0.004888641653583742,0.03425770265658728,0.004770577932788875
0.6930715357678839,0.006275703970884228,0.006275704596405876,0.03297133297073847,0.006133845030643584
0.6935697848924463,0.007771006963251337,0.007771007637254926,0.031504343680916036,0.007604524724146541
0.6940680340170085,0.009353646769229507,0.00935364748363493,0.029877172432596074,0.00916208270877308
0.6945662831415708,0.011221870506198384,0.011221871261254984,0.028494120193118956,0.010996393170178108
0.6950645322661331,0.012041200357005566,0.012041201103457522,0.025253730970373284,0.01182318057570956
0.6955627813906954,0.0135018799451731,0.01350188070158409,0.023154399167856454,0.013267537902609497
0.6960610305152576,0.015566848515318477,0.015566849291173634,0.021792755501694662,0.01529632796574501
0.6965592796398199,0.0179193373100065,0.017919338101363008,0.020574882269983826,0.017603601347890026
0.6970575287643822,0.020227440284061926,0.020227441077523556,0.019118269623424316,0.019868392680187516
0.6975557778889445,0.02224824267902953,0.02224824345758203,0.017288667053397003,0.02185582706726061
0.6980540270135067,0.02385823439561291,0.023858235142903972,0.015133385797604803,0.02344600511224738
0.698552276138069,0.02504288497174184,0.025042885674183446,0.0127966514951631,0.024623834648444375
0.6990505252626313,0.025866534249200213,0.025866534897372895,0.01044909391502546,0.02545035619939282
0.6995487743871937,0.026436604955239418,0.026436605543208258,0.008240827844776338,0.026028648879034683
0.7000470235117559,0.02687080386672208,0.02687080439130385,0.0062774095848216315,0.026472345372440628
0.7005452726363182,0.027271970172184357,0.027271970631805087,0.004613850549353752,0.026881204604017404
0.7010435217608805,0.027712157475640875,0.02771215786938419,0.00326066295855994,0.027325421091069207
0.7015417708854427,0.028225590458084926,0.02822559078510467,0.0021963325089553363,0.027838511911351678
0.702040020010005,0.028809022401230844,0.028809022660074735,0.0013817319153402242,0.028417480470673866
0.7025382691345673,0.02942751786381348,0.029427518052589363,0.0007733319924074465,0.02902837760087483
0.7030365182591296,0.0300235571366414,0.030023557253173738,0.00033334142475213805,0.029615187086191642
0.7035347673836918,0.030527615024086685,0.030527615066104297,3.600740102829533e-5,0.030110183682294026
0.7040330165082541,0.030868601915106264,0.030868601880765956,-0.00012990846640385976,0.03044414721577347
0.7045312656328164,0.03098306517789573,0.030983065066367776,-0.00016190191648768755,0.030555336356374963
0.7050295147573787,0.03082197224467975,0.030821972056223335,-4.690381619683353e-5,0.030396075895730408
0.7055277638819409,0.030354995438209575,0.030354995174550703,0.00023420227566204403,0.029936896496285587
0.7060260130065033,0.029572724495554648,0.02957272416018214,0.0007015815552450697,0.029168660284011542
0.7065242621310656,0.028486124607200236,0.0284861242051119,0.0013717332581270805,0.02810202428303092
0.7070225112556278,0.027124169214000904,0.027124168751515604,0.0022536791470898084,0.026765150815478134
0.7075207603801901,0.025530105648991108,0.02553010513370843,0.0033464027333548812,0.02520010617803566
0.7080190095047524,0.023756912666321184,0.023756912106662392,0.00463768555850894,0.023458480827371654
0.7085172586293147,0.02186249926067213,0.021862498665597363,0.006104303650579376,0.02159675305344761
0.7090155077538769,0.01990512502002678,0.019905124398524293,0.007713408897484801,0.019671853107118106
0.7095137568784392,0.017939407247763994,0.017939406608744685,0.009424811821833134,0.017737277420370585
0.7100120060030015,0.016013195143003256,0.01601319449493724,0.011193843257985876,0.015840025841285806
0.7105102551275638,0.014165437496287625,0.01416543684701145,0.01297445069092566,0.014018489880401056
0.711008504252126,0.012425069909814845,0.01242506926649685,0.0147222289683796,0.012301325308016725
0.7115067533766883,0.01081088089329596,0.010810880262203143,0.016397091494034757,0.010707278463409579
0.7120050025012507,0.009332212463408263,0.009332211850083066,0.017965401961859032,0.009245833603313136
0.712503251625813,0.007990335263066584,0.007990334672346208,0.019401410824328724,0.00791853077746805
0.7130015007503752,0.006780263412709264,0.006780262848993884,0.0206879771216378,0.006720727462205125
0.7134997498749375,0.005692823851070228,0.005692823318221643,0.021816558623878587,0.005643622413851662
0.7139979989994998,0.004716775560907327,0.004716775062606215,0.02278654543389379,0.004676338818836694
0.714496248124062,0.0038407908630151977,0.0038407904027537524,0.023604066707086382,0.0038078786746993188
0.7149944972486243,0.003055160466905571,0.0030551600481434453,0.024280412908702354,0.0030288084553254354
0.7154927463731866,0.00235312578323732,0.002353125409472715,0.024830219935966253,0.0023325775556238236
0.7159909954977489,0.0017317606830483112,0.0017317603579417775,0.02526959615901535,0.001716390625017014
0.7164892446223111,0.0011923843804031997,0.0011923841075904232,0.02561433357231946,0.0011816146513775633
0.7169874937468734,0.0007405145112685529,0.0007405142944627274,0.02587833684321203,0.0007337300137713486
0.7174857428714357,0.000385405042821807,0.00038540488559323785,0.02607236638407878,0.00038187074577492784
0.717983991995998,0.00013923418525357834,0.00013923409088496298,0.026203168063143538,0.00013802001805835194
0.7184822411205602,1.602827813385055e-5,1.6028249656867624e-5,0.026273033369471004,1.5947423262904192e-5
0.7189804902451226,3.0420151962695652e-5,3.0420191811802305e-5,0.02627976716234965,2.9986563888073578e-5
0.7194787393696849,0.0001963380959390526,0.00019633820576894084,0.02621707302476206,0.0001937484661744179
0.7199769884942471,0.0005257277372777147,0.0005257279180162569,0.026075271916359652,0.0005188715739941446
0.7204752376188094,0.0010273877656356567,0.0010273880170954541,0.025842290505212757,0.0010138872032243284
0.7209734867433717,0.0017060007939785349,0.0017060011148549298,0.0255048453559803,0.0016832791189595525
0.721471735867934,0.0025614117140856374,0.0025614121020283154,0.02504971375138264,0.002526786988135885
0.7219699849924962,0.003588186422380124,0.0035881868736713785,0.024465008262311586,0.003538984254703827
0.7224682341170585,0.004775477310762222,0.004775477820753618,0.023741378377198735,0.004709154725072092
0.7229664832416208,0.006107191398747325,0.006107191961366026,0.022873049146252142,0.006021462631832073
0.7234647323661831,0.007562433905077992,0.007562434513405214,0.021858644110336656,0.007455388821413831
0.7239629814907453,0.00911619948650838,0.00911620013264447,0.020701745715901197,0.00898640574187372
0.7244612306153076,0.01074025961841435,0.010740260294049814,0.019411176924248468,0.010586841133623756
0.72495947973987,0.012404194080262998,0.012404194776115152,0.01800098044356451,0.012226880391150528
0.7254577288644322,0.014076501148726439,0.014076501855293966,0.01649011570504007,0.013875644690031374
0.7259559779889945,0.015725728164505237,0.015725728872419686,0.014901901415463983,0.015502289010318047
0.7264542271135568,0.01732156564445847,0.017321566344133787,0.013263239938746353,0.017077065637988886
0.7269524762381191,0.018835853380149092,0.018835854062357937,0.011603670921081846,0.018572303677342902
0.7274507253626813,0.020243438546631964,0.02024343920267313,0.009954293175364682,0.019963246789412813
0.7279489744872436,0.02152287132160574,0.021522871943436772,0.008346648220991187,0.021228734894528405
0.7284472236118059,0.022656910240749673,0.022656910820896103,0.006811598353601987,0.02235170276270806
0.7289454727363682,0.023632808688303475,0.023632809220232587,0.005378252941188433,0.0233194672097778
0.7294437218609304,0.024442401280062254,0.024442401758129007,0.004073003731346017,0.0241238203240274
0.7299419709854927,0.02508198986096427,0.025081990280441058,0.002918705966637948,0.024760927634948148
0.730440220110055,0.02555205723327758,0.02555205759055096,0.0019340345205266108,0.02523105771811071
0.7309384692346174,0.02585681827718017,0.025856818569519102,0.0011330346743185415,0.025538151959400707
0.7314367183591796,0.02600365408144134,0.02600365430688306,0.0005248823588753199,0.025689278213397147
0.7319349674837419,0.026002464593665453,0.026002464751268772,0.00011384999539902236,0.025694002561305967
0.7324332166083042,0.025864973385394896,0.02586497347496014,-0.00010053252906034598,0.02556371180490368
0.7329314657328664,0.025604024546033555,0.02560402456807176,-0.00012314083016496782,0.025310925820721343
0.7334297148574287,0.025232906324693383,0.025232906280298784,3.722969626569746e-5,0.02494863387876007
0.733927963981991,0.024764722454288457,0.024764722345170853,0.00036846735753502273,0.02448967587322598
0.7344262131065533,0.024211857968861106,0.02421185779723184,0.000855830344750521,0.023946214803053867
0.7349244622311155,0.02358555607851831,0.0235855558468841,0.001482675934468301,0.023329317345855267
0.7354227113556778,0.022895602049741892,0.02289560176111549,0.0022311974353048237,0.02264863923373513
0.7359209604802401,0.02215013848152192,0.022150138139108405,0.0030831346596781437,0.021912239811378825
0.7364192096048024,0.02135561381659895,0.021355613423850478,0.00402042464387287,0.02112652799162247
0.7369174587293646,0.02051685331610914,0.020516852876818148,0.005025767200369096,0.020296329326356843
0.737415707853927,0.019637239239423898,0.01963723875766568,0.006083085403764104,0.019425061307335297
0.7379139569784893,0.01871898960310764,0.018718989083083726,0.007177867012954139,0.018515006368894086
0.7384122061030515,0.01776351167425405,0.01776351112045013,0.008297379544193129,0.017567659020283025
0.7389104552276138,0.016771805657999572,0.016771805075181084,0.009430759474863515,0.016584122765745713
0.7394087043521761,0.015744904758562495,0.01574490415187639,0.010568977386433474,0.015565542797800569
0.7399069534767384,0.014684319506878984,0.014684318881644537,0.011704692362909056,0.01451354259638549
0.7404052026013006,0.013592454906280582,0.013592454268136392,0.012832018738560007,0.013430633313729422
0.7409034517258629,0.012472989235073784,0.012472988590041478,0.01394621280795795,0.012320584715313295
0.7414017008504252,0.011331187172897605,0.01133118652709953,0.01504331553183258,0.011188730546491558
0.7418999499749875,0.010174137892736523,0.010174137252707514,0.016119760176995197,0.01004219929535612
0.7423981990995497,0.00901089122202886,0.009010890594491387,0.01717199120488211,0.008890043868833707
0.742896448224112,0.00785250104015861,0.007852500432068928,0.01819609320024045,0.007743279498840789
0.7433946973486744,0.006711958134058393,0.0067119575522948775,0.019187470718336173,0.00661481264397131
0.7438929464732367,0.005604023056844987,0.005604022508537907,0.020140583157620875,0.005519271600144154
0.7443911955977989,0.004544952022465687,0.004544951514405435,0.02104877058783744,0.004472732430606856
0.7448894447223612,0.003552139050933656,0.0035521385899264027,0.021904156694770457,0.00349236331339239
0.7453876938469235,0.002643680089290834,0.0026436796815985913,0.022697649800495278,0.0025959933022110995
0.7458859429714857,0.00183787678109959,0.001837876432733004,0.02341904017638711,0.0018016231216649021
0.746384192096048,0.0011526973209332603,0.001152697037399649,0.024057193127323642,0.0011268953017452873
0.7468824412206103,0.0006052207175257229,0.0006052205034917076,0.02460031700415173,0.0005885495020044234
0.7473806903451726,0.00021107189072633314,0.00021107175022242082,0.025036324872206944,0.00020187042171563525
0.7478789394697348,-1.6113208178680782e-5,-1.6113272155351965e-5,0.0253532312196774,-1.9833605471519128e-5
0.7483771885942971,-6.519096832863225e-5,-6.51909536452562e-5,0.025539613229516735,-6.571987360137528e-5
0.7488754377188594,7.205001036741931e-5,7.205010468538248e-5,0.02558508491365198,7.216249609362631e-5
0.7493736868434218,0.0004005235247835359,0.00040052369875007154,0.025480774180159815,0.0003985198717891045
0.749871935967984,0.000921568322858779,0.000921568575156767,0.025219783416314926,0.000914547777513795
0.7503701850925463,0.0016327715457193914,0.0016327718739690272,0.0247976105847053,0.0016177632350941552
0.7508684342171086,0.0025278943151452182,0.002527894715814369,0.024212514962225196,0.0025019366338799166
0.7513666833416708,0.003596905407099671,0.0035969058754652117,0.02346581367795145,0.0035571287019090887
0.7518649324662331,0.004826124099967077,0.004826124630306294,0.022562090588927837,0.004769833422811692
0.7523631815907954,0.0061984654804725925,0.006198466066163005,0.021509308826184292,0.006123220174578439
0.7528614307153577,0.007693780157921881,0.007693780791339033,0.020318821460788377,0.007597467164924765
0.7533596798399199,0.009289277591731482,0.009289278264530576,0.01900527851319965,0.009170175628941896
0.7538579289644822,0.010960020433321283,0.010960021136621173,0.01758642960058198,0.010816852575439661
0.7543561780890445,0.012679473577923872,0.012679474302256327,0.01608282251839425,0.012511446341169087
0.7548544272136068,0.014420092434967058,0.014420093170783077,0.01451742953354865,0.01422691984876461
0.755352676338169,0.01615393270736315,0.016153933444739255,0.01291516761635642,0.01593584480224208
0.7558509254627314,0.01785326151091765,0.017853262240026924,0.011302368244350726,0.017610997095988644
0.7563491745872937,0.019491155291533335,0.019491156002821808,0.009706195880489994,0.019225939554350625
0.756847423711856,0.02104206433262612,0.021042065016824818,0.00815403040571091,0.020755572517982872
0.7573456728364182,0.022482332292299345,0.02248233294056151,0.0066728395628174115,0.022176641068987923
0.7578439219609805,0.023790654918376786,0.02379065552265891,0.005288554944503363,0.023468183583505338
0.7583421710855428,0.024948470357641916,0.024948470910443443,0.004025472781802742,0.024611914209126288
0.758840420210105,0.025940269800811377,0.025940270295688184,0.0029056942806183466,0.025592528310547768
0.7593386693346673,0.026753818426794918,0.02675381885810668,0.0019486220669399847,0.026397921042174775
0.7598369184592296,0.02738029813193099,0.027380298495024213,0.0011705294681086569,0.02701933000633304
0.7603351675837919,0.02781435325725745,0.027814353548694104,0.0005842095056938644,0.027451383670239762
0.7608334167083541,0.028054059651503815,0.02805405986862125,0.00019871547958193368,0.027692075043719133
0.7613316658329164,0.028100800464103293,0.028100800605563137,1.919773652529235e-5,0.02774264435247115
0.7618299149574788,0.027959083342216917,0.02795908340755776,4.683971893029258e-5,0.02760740415291886
0.7623281640820411,0.0276362801192796,0.027636280109180344,0.00027889249197511027,0.02729348839793323
0.7628264132066033,0.027142325155296743,0.027142325071341844,0.0007088047394120351,0.02681056044272182
0.7633246623311656,0.026489361230711717,0.026489361075287987,0.0013264424585375742,0.026170469111243714
0.7638229114557279,0.025691360393011953,0.02569136016951301,0.0021183884602511828,0.025386879399073466
0.7643211605802901,0.024763727935434077,0.024763727647983458,0.003068313744423326,0.024474885793828734
0.7648194097048524,0.02372289986019077,0.023722899513433343,0.004157405398540375,0.023450618294499202
0.7653176588294147,0.022585949805854766,0.02258594940503375,0.005364837453049382,0.022330856781517198
0.765815907953977,0.021370209134913276,0.02137020868577358,0.006668277884143706,0.021132657495656234
0.7663141570785392,0.02009292092778253,0.020092920436298428,0.00804440251125545,0.019873011903625688
0.7668124062031015,0.018770925657839055,0.01877092513029227,0.009469414227698755,0.01856853604547398
0.7673106553276638,0.017420391456674733,0.01742039089969763,0.010919548558993346,0.01723520309784267
0.7678089044522262,0.016056591701496037,0.016056591121635433,0.012371550323955064,0.015888122007986453
0.7683071535767884,0.01469372879644476,0.014693728200390055,0.01380311922145703,0.01454136132283515
0.7688054027013507,0.013344817281529198,0.013344816675744137,0.015193297462828952,0.013207831117560685
0.769303651825913,0.012021611067640714,0.012021610458640239,0.016522809690511866,0.011899208420275042
0.7698019009504753,0.010734578641509396,0.010734578035520678,0.017774341811344133,0.010625909961967108
0.7703001500750375,0.009492928573894,0.009492927977034653,0.01893274667246268,0.00939711456420814
0.7707983991995998,0.008304671304684208,0.008304670722774722,0.019985186010269843,0.008220821556144581
0.7712966483241621,0.0071767126201306986,0.00717671205867354,0.020921207197726072,0.007103940735079541
0.7717948974487243,0.006114973028961523,0.006114972493145739,0.02173275565565134,0.006052408163968179
0.7722931465732866,0.005124524784956508,0.005124524279830386,0.02241412817680851,0.005071319681550934
0.7727913956978489,0.004209738668475238,0.00420973819852564,0.0229618719213126,0.004165074363618878
0.7732896448224112,0.0033744347206639547,0.003374434290207587,0.0233746356537149,0.0033375220438132576
0.7737878939469734,0.0026220250553353197,0.0026220246681059305,0.023652985474747167,0.0025921033027113734
0.7742861430715358,0.0019554764534079894,0.0019554761130731258,0.02379987942698171,0.0019318097007667047
0.7747843921960981,0.0013778355439895695,0.001377835253639336,0.023818896924244402,0.0013597087813452006
0.7752826413206604,0.0008921045338970424,0.0008921042961595258,0.023714814069473133,0.0008788126819032275
0.7757808904452226,0.0005010951466883906,0.000501094963960903,0.02349444608287228,0.0004919355034085546
0.7762791395697849,0.00020793703117577556,0.00020793690555272366,0.02316411990593556,0.0002021959940477693
0.7767773886943472,1.574807816534518e-5,1.5748010973166277e-5,0.0227305112065623,1.2689219656449086e-5
0.7772756378189094,-7.247356495493351e-5,-7.247357256260495e-5,0.022200999989921196,-7.361948434328587e-5
0.7777738869434717,-5.385294142840058e-5,-5.385288897002266e-5,0.021583119655164944,-5.3898293583421975e-5
0.778272136068034,7.425517935105708e-5,7.42552919735448e-5,0.020884438354542147,7.444552969459218e-5
0.7787703851925963,0.0003141802083566625,0.00031418038068010967,0.02011261873425886,0.00031368067733455644
0.7792686343171585,0.0006682364792990336,0.0006682367103555131,0.019276253642804442,0.0006660503286075095
0.7797668834417208,0.0011372962286332888,0.0011372965167710525,0.01838105271174328,0.0011323562047489122
0.7802651325662832,0.001357666849059136,0.0013576671685011227,0.016633760532176498,0.0013529423197131633
0.7807633816908455,0.002656230641295332,0.0026562310506666187,0.016962373179940215,0.0026389369067680575
0.7812616308154077,0.003820033300507286,0.0038200337739509593,0.016375502733669417,0.003790509111919342
0.78175987993997,0.004595649626145892,0.004595650133978446,0.01488496519678122,0.004560504032125069
0.7822581290645323,0.005183740342139975,0.005183740870879,0.013129829884049177,0.005146463892331306
0.7827563781890945,0.005852149037733179,0.005852149586224403,0.011548787249826857,0.005811681913499368
0.7832546273136568,0.006796421608866399,0.0067964221811262215,0.01030064474989579,0.006748665457218339
0.7837528764382191,0.008097979789632892,0.008097980388925285,0.009349544612126498,0.008037289117977497
0.7842511255627814,0.009732223095891446,0.00973222372198676,0.008571036255512272,0.00965263438923339
0.7847493746873436,0.011600340634312867,0.011600341282126336,0.007831902889924131,0.011496793988171907
0.7852476238119059,0.013567452442284467,0.013567453102855953,0.007036420224166058,0.013436873679458498
0.7857458729364682,0.015497356745657553,0.015497357407330214,0.00614300958669103,0.015339252440220745
0.7862441220610306,0.017278166521746074,0.017278167172024628,0.005160521304878757,0.017094535310018706
0.7867423711855928,0.01883687355460012,0.018836874181550445,0.004133489033639866,0.0186315200595083
0.7872406203101551,0.020143438780916956,0.020143439373667416,0.0031238794773563836,0.019920974077335705
0.7877388694347174,0.0212065374446484,0.021206537994530206,0.0021944605888726027,0.020971387007022543
0.7882371185592797,0.022063817160023258,0.022063817660196938,0.0013966422698401166,0.021819469614323066
0.7887353676838419,0.02276955858608165,0.0227695590313865,0.0007637863369693524,0.022518155257388376
0.7892336168084042,0.023382208954591033,0.0233822093412413,0.00030966253905149457,0.023124460517463082
0.7897318659329665,0.023953624168279952,0.02395362449306221,3.093496083602492e-5,0.023688976703908304
0.7902301150575287,0.024521151937413332,0.024521152197598706,-8.778856004069381e-5,0.02424810941114801
0.790728364182091,0.025103048659498528,0.025103048852430143,-6.782704848437961e-5,0.024819573603097504
0.7912266133066533,0.02569719152280825,0.02569719164562073,6.95068913239616e-5,0.02540112971471566
0.7917248624312156,0.026282653169905357,0.026282653219831476,0.00030770671049531724,0.025972147046917467
0.7922231115557778,0.026823488458370848,0.026823488432788534,0.0006381745443914404,0.026497352096238276
0.7927213606803402,0.02727394977398795,0.027273949670565845,0.0010614245900467812,0.026931979011276586
0.7932196098049025,0.02758434373006685,0.027584343547329138,0.0015864912236325133,0.027227533760491706
0.7937178589294648,0.027706812119142776,0.02770681185669563,0.0022288656260255357,0.02733745733219474
0.794216108054027,0.02760045046957299,0.02760045012844589,0.0030074238419570206,0.02722211014322907
0.7947143571785893,0.02723532681591384,0.02723532639867579,0.003940865444527281,0.026852655286404944
0.7952126063031516,0.026595147219135973,0.026595146730103436,0.005044162480941095,0.02621360476685023
0.7957108554277138,0.025678452228041937,0.025678451673217917,0.0063254399775174676,0.025303929813825135
0.7962091045522761,0.024498484502387508,0.024498483889513895,0.00778366804455921,0.0241368859415795
0.7967073536768384,0.023081751868692713,0.023081751206880358,0.009407316433113029,0.0227385836470333
0.7972056028014007,0.02146570829287653,0.021465707592288413,0.011174026632569665,0.021145720741592884
0.7977038519259629,0.019695754338745763,0.01969575361037265,0.013051320148457649,0.019402670367673635
0.7982021010505252,0.017821955724365734,0.017821954979744384,0.01499822404935939,0.01755830768479686
0.7987003501750876,0.01589574109534936,0.015895740345710563,0.01696756999338062,0.015662821541882727
0.7991985992996499,0.013966857203525973,0.013966856460082569,0.018908736297197085,0.013764774750932875
0.7996968484242121,0.01208080090481789,0.012080800177983145,0.020770580421916783,0.011908621140010841
0.8001950975487744,0.010276867835923464,0.010276867135271033,0.02250430454585288,0.01013281254820673
0.8006933466733367,0.008586885109541309,0.00858688444368744,0.024066050139957995,0.008468561287498703
0.801191595797899,0.00703465025596961,0.00703464963231842,0.025419016515781895,0.006939281749970568
0.8016898449224612,0.005636015302697306,0.005636014727432276,0.026535003332845062,0.0055606553402080365
0.8021880940470235,0.004399523699882557,0.004399523178199286,0.027395308831307873,0.004341233005403323
0.8026863431715858,0.0033274808955620627,0.003327480431618421,0.027990966358570554,0.003283462907718007
0.803184592296148,0.002417311500270969,0.00241731109713609,0.028322366662075247,0.00238500254124395
0.8036828414207103,0.0016630620911302074,0.0016630617511276089,0.028398345961402578,0.0016401791369827022
0.8041810905452726,0.0010569020100380522,0.001056901734912955,0.028234850560908777,0.0010414540259739964
0.804679339669835,0.000590508115462296,0.0005905079065174146,0.027853314545330177,0.0005807784658305829
0.8051775887943972,0.0002562379816647975,0.0002562378395937464,0.027278894532818447,0.00025074578928938393
0.8056758379189595,4.800752323280699e-5,4.800744851565786e-5,0.02653869106139612,4.545536141286827e-5
0.8061740870435218,-3.815905129089803e-5,-3.815905838915057e-5,0.02566008401826637,-3.8944793286904704e-5
0.8066723361680841,-3.921876532586577e-6,-3.921816111758514e-6,0.02466928687249604,-4.052648593030433e-6
0.8071705852926463,0.00015125349559957924,0.00015125362327805814,0.023590194755504515,0.00015066914941219662
0.8076688344172086,0.0004296834494914026,0.0004296836437281959,0.022443579241072584,0.00042748682973885215
0.8081670835417709,0.0008348179409624623,0.0008348182006992222,0.021246648234227703,0.0008297567130288288
0.8086653326663331,0.0013704252121558014,0.0013704255358754497,0.020012964891510103,0.0013611225868163826
0.8091635817908954,0.0020396840389385607,0.0020396844245935686,0.01875268987488594,0.002024623349384301
0.8096618309154577,0.002844262367983408,0.0028442628126621877,0.017473099684348882,0.0028217892057112877
0.81016008004002,0.0037834551415514284,0.003783455641659411,0.016179310075909267,0.0037517983732736878
0.8106583291645822,0.004853447235444341,0.004853447786645648,0.014875129723349836,0.004810759057085685
0.8111565782891446,0.00604675793037307,0.006046758527545215,0.013563965666842336,0.005991171661896934
0.8116548274137069,0.007351903242152236,0.007351903879031979,0.012249700474804965,0.007281606074797599
0.8121530765382692,0.00875330006293995,0.008753300732638886,0.010937473930492618,0.008666616482028912
0.8126513256628314,0.010231422865756512,0.010231423560654762,0.009634310792503657,0.01012690315873762
0.8131495747873937,0.011763202773960757,0.011763203485779167,0.008349549817556288,0.011639710203848627
0.813647823911956,0.013322642308180754,0.013322643028083558,0.0070950458759105,0.013179432282628396
0.8141460730365183,0.014881614312828972,0.014881615031722029,0.005885134158345928,0.014718399091503995
0.8146443221610805,0.016410797049631942,0.01641079775837284,0.0047363619429243884,0.016227790452674848
0.8151425712856428,0.017880693472162257,0.017880694161476418,0.003667007291220134,0.017678631464621068
0.8156408204102051,0.019262678630012686,0.019262679291144225,0.0026964196025901573,0.01904281344904424
0.8161390695347673,0.020530021759961548,0.02053002238435797,0.0018442248852380888,0.020294089212859575
0.8166373186593296,0.021658826858911906,0.02165882743881825,0.001129444612549064,0.021408988558106794
0.817135567783892,0.022628849880415636,0.022628850408841494,0.0005695858390170424,0.022367613893216065
0.8176338169084543,0.023424151315152575,0.023424151786012648,0.00017975442317458916,0.02315427632548998
0.8181320660330165,0.0240335592535042,0.024033559661791548,-2.8155725027487483e-5,0.023757948292737488
0.8186303151575788,0.024450920461077164,0.02445092080286676,-4.615181200369274e-5,0.024172510921143975
0.8191285642821411,0.02467513820632178,0.02467513847885,0.00012932904056086898,0.02439679468893
0.8196268134067034,0.024710002145267473,0.02471000234696291,0.0004970791493581207,0.02443441815048575
0.8201250625312656,0.024563821517888107,0.024563821648017514,0.0010509856813435737,0.02429343509294366
0.8206233116558279,0.02424888938915082,0.02424888944843062,0.0017801083180665961,0.02398581647252321
0.8211215607803902,0.023780807624021294,0.023780807613789423,0.0026689642285771227,0.023526795382762027
0.8216198099049524,0.023177712124668737,0.02317771204723218,0.0036980055213357618,0.02293411301471733
0.8221180590295147,0.022459430462282992,0.02245943032065012,0.004844260907840999,0.02222719647880105
0.822616308154077,0.021646631691307372,0.02164663148896634,0.006082116401081446,0.021426326691891744
0.8231145572786394,0.020759986098411398,0.020759985839452072,0.007384184940610663,0.020551813604255675
0.8236128064032016,0.019819386208126788,0.019819385896838654,0.008722242996278915,0.019623229269689724
0.8241110555277639,0.01884325406770654,0.018843253708593577,0.010068172169398688,0.018658723625917684
0.8246093046523262,0.017847974397498412,0.017847973995137628,0.0113948650155831,0.01767446239009129
0.8251075537768885,0.01684746080364813,0.01684746036266399,0.012677070494830422,0.016684194933303982
0.8256058029014507,0.01585286863740276,0.015852868162303357,0.013892137901471212,0.015698966199845867
0.826104052026013,0.014872473654153562,0.014872473149320414,0.015020617848623163,0.014726992132753691
0.8266023011505753,0.0139117005856923,0.013911700055324272,0.01604671518468672,0.013773683729329023
0.8271005502751375,0.012973294235964772,0.012973293684344689,0.016958577537609765,0.012841812924670567
0.8275987993996998,0.012057641195897972,0.012057640627010827,0.017748388344326127,0.011931828259484373
0.8280970485242621,0.011163171113522663,0.011163170531251487,0.018412323775232275,0.011042251003357614
0.8285952976488244,0.010286865753701357,0.010286865161895288,0.018950324098566066,0.010170178755511424
0.8290935467733866,0.009424820119465382,0.009424819522169899,0.019365728655111426,0.009311841591953656
0.829591795897949,0.008572833774616873,0.008572833175727212,0.01966478912729791,0.008463188618462375
0.8300900450225113,0.007727002240733527,0.0077270016442866005,0.019856089067315653,0.007620474653174706
0.8305882941470736,0.006884280029128331,0.0068842794395012185,0.0199499019687733,0.006780818328736307
0.8310865432716358,0.006042987999015925,0.006042987420678541,0.01995751750171044,0.005942704235552682
0.8315847923961981,0.005203244826449238,0.005203244264120454,0.01989056763692584,0.005106408537030889
0.8320830415207604,0.004367298122877172,0.004367297581623208,0.019760392366491696,0.004274323676376918
0.8325812906453227,0.0035397461660479634,0.003539745650926184,0.019577459846994872,0.0034511731732382663
0.8330795397698849,0.0027276397333182434,0.002727639249905061,0.01935086927298691,0.0026441060982984902
0.8335777888944472,0.0019404557775803966,0.0019404553313922513,0.019087965050643523,0.001862663379902485
0.8340760380190095,0.0011899450929139244,0.0011899446894987906,0.018794076661469202,0.0011186185707048452
0.8345742871435717,0.000489868746368971,0.0004898683914910766,0.01847236578026583,0.0004257080345681153
0.835072536268134,-0.00014437899468261461,-0.000144379295629906,0.01812382086793131,-0.00020075083898149422
0.8355707853926964,-0.0006962379066354774,-0.0006962381482923836,0.01774737024212746,-0.0007443297960675937
0.8360690345172587,-0.0011485248460671449,-0.0011485250235954772,0.01734012759691299,-0.0011880331644874638
0.8365672836418209,-0.00148402570291023,-0.0014840258119062782,0.016897721078339468,-0.0015148878395839875
0.8370655327663832,-0.0016861197284705476,-0.001686119765241731,0.016414720038475397,-0.0017085626786842276
0.8375637818909455,-0.001739410203055014,-0.0017394101646222015,0.015885123246006758,-0.0017539914400206097
0.8380620310155078,-0.0028053394807889265,-0.0028053395164816947,0.015761335693785187,-0.00284180652842681
0.83856028014007,0.010333327009435955,0.010333328065130223,0.04103505477171616,0.009910624196410579
0.8390585292646323,0.010115720892806102,0.010115721855903884,0.03129281724373965,0.009758098427410811
0.8395567783891946,0.0005522056928471963,0.0005522060034276605,0.010160721147183452,0.0005495152000810071
0.8400550275137568,-0.010287637658842774,-0.010287637955492174,-0.0053433927449904,-0.010520133527604374
0.8405532766383191,-0.017095282435446224,-0.017095282992174887,-0.009800575899387187,-0.017669305779937798
0.8410515257628814,-0.01753598452912375,-0.017535984957532558,-0.005236328760075434,-0.018031776561797063
0.8415497748874438,-0.011431613584270417,-0.011431613605846463,0.003507171956183415,-0.011589774678461815
0.842048024012006,-0.00036472820195859734,-0.0003647277020314976,0.011864374891162488,-0.00035593384811794546
0.8425462731365683,0.012858003593403278,0.012858004576989712,0.016990782213527865,0.012671453266878414
0.8430445222611306,0.025066424858895875,0.02506642618393659,0.018003958608566264,0.024457636548414787
0.8435427713856929,0.03360106106775046,0.03360106254648593,0.015544318550795034,0.03261968356671876
0.8440410205102551,0.03689956941528233,0.03689957086672985,0.011081675880972168,0.0358029563808017
0.8445392696348174,0.034689873760613776,0.03468987504656565,0.006250743340957895,0.0337698413546544
0.8450375187593797,0.027837079427762812,0.027837080469709397,0.0023659834904907287,0.02726627318999697
0.845535767883942,0.01797149363721251,0.01797149441746071,0.00016437340030974834,0.017747279380376145
0.8460340170085042,0.007048226397181612,0.007048226948191072,-0.0002422485849464572,0.007040655775084753
0.8465322661330665,-0.0030379055737127514,-0.0030379051859286132,0.0007404131865753438,-0.002985114271635727
0.8470305152576288,-0.010718577463289025,-0.010718577158191633,0.002385693371558344,-0.010701753028673143
0.847528764382191,-0.014894145001867254,-0.014894144701447398,0.003869192169747463,-0.01492154594979875
0.8480270135067534,-0.014982972742159928,-0.014982972384681714,0.004469531383362376,-0.015006441007298461
0.8485252626313157,-0.010913935470182934,-0.010913935018795395,0.0037149691534796533,-0.010889864300058857
0.849023511755878,-0.0030829294077389102,-0.0030829288537693733,0.0014611338187646228,-0.0030240394831357203
0.8495217608804402,0.0077199664576452776,0.007719967095994762,-0.002100149669085652,0.007727376888546266
0.8500200100050025,0.020411792497190773,0.020411793180062865,-0.006490304922345538,0.020228818194831938
0.8505182591295648,0.033744272866423786,0.03374427353971676,-0.011034798290688475,0.03322479126772738
0.8510165082541271,0.04644493330370575,0.046444933908118324,-0.014975467964572218,0.04548460548503759
0.8515147573786893,0.057355010363208225,0.05735501084271272,-0.017585478604774024,0.05592607218207013
0.8520130065032516,0.06554601569475094,0.06554601600480897,-0.018270810109921536,0.06370854347641607
0.8525112556278139,0.07040143116452174,0.07040143127696463,-0.016646994523762962,0.0682908904295807
0.8530095047523761,0.07165562302250683,0.07165562292925595,-0.012583657393031468,0.06945317939531767
0.8535077538769384,0.06939048146299953,0.06939048117589064,-0.006215689917795963,0.06728562689562204
0.8540060030015008,0.06399518852449582,0.06399518807337454,0.0020769910884357746,0.062150254997039085
0.8545042521260631,0.05609842907859236,0.05609842850704627,0.0117155463074909,0.05462249736782094
0.8550025012506253,0.0464841203335396,0.04648411969314406,0.021986605378924256,0.04542067756861727
0.8555007503751876,0.036001902847446754,0.03600190219192842,0.03211638803131525,0.03533112783700635
0.8559989994997499,0.025482707192149068,0.025482706571685748,0.041345954539927135,0.025136065204874887
0.8564972486243122,0.01566783256569726,0.015667832021340283,0.04900074805808589,0.0155502677360872
0.8569954977488744,0.00715582335655629,0.007155822916557475,0.05454721515335656,0.007169677265894868
0.8574937468734367,0.0003708653278589047,0.0003708650052577367,0.057633342156644576,0.00043582821480275515
0.857991995997999,-0.004448144018519451,-0.004448144226605583,0.058109563458740084,-0.004383194694447559
0.8584902451225613,-0.007240881312615799,-0.007240881424401713,0.056031459239223536,-0.007195890856502916
0.8589884942471235,-0.008105640372002954,-0.008105640419288879,0.05164475488674665,-0.008076353921399606
0.8594867433716858,-0.007270163705490884,-0.007270163729944698,0.0453550744025324,-0.0072410189835862655
0.8599849924962482,-0.005058281773262119,-0.005058281823069194,0.03768719423168282,-0.005016978950189506
0.8604832416208104,-0.001855591321808736,-0.0018555914472820068,0.029237614403786857,-0.0018051101859062769
0.8609814907453727,0.0019236368683200888,0.0019236366190852963,0.020624709618707902,0.001958730932984633
0.861479739869935,0.005867271226002446,0.005867270811053198,0.012440744788745477,0.0058416312325259975
0.8619779889944973,0.009592394356964129,0.009592393743821346,0.005209539928138296,0.009447280256846389
0.8624762381190595,0.01276860422018472,0.012768603389250878,-0.0006476383398374821,0.012443745642285469
0.8629744872436218,0.015136914235594656,0.015136913181043205,-0.0048359770975237165,0.014583822445578917
0.8634727363681841,0.01652354361781838,0.01652354234911108,-0.007199754080626544,0.01571713910524348
0.8639709854927464,0.016848273588081275,0.016848272129110362,-0.007724404329301358,0.015794291833371082
0.8644692346173086,0.016126093031826105,0.016126091420440327,-0.006527287583376614,0.01486283250436988
0.8649674837418709,0.014462296122756735,0.014462294408604076,-0.0038400694887272147,0.013056538864272932
0.8654657328664332,0.012041345601623121,0.012041343843296397,1.5643096889824e-5,0.010579407433444201
0.8659639819909954,0.009110148716238553,0.009110146977893075,0.004657336282547369,0.0076858286582314524
0.8664622311155578,0.005956662045431049,0.00595666039338308,0.00967310863311833,0.004658275896997697
0.8669604802401201,0.0028857118341718,0.0028857103334850335,0.014652922460329945,0.0017843444736018324
0.8674587293646824,0.00019509042179521874,0.00019508913219900767,0.019217091583303685,-0.0006643203087790497
0.8679569784892446,-0.0018482113990229698,-0.0018482124255704384,0.023041227690508613,-0.002451757403949091
0.8684552276138069,-0.0030278438672747265,-0.003027844590020902,0.02587518711995352,-0.003393184431636318
0.8689534767383692,-0.003193463626596005,-0.0031934640174558562,0.02755580389560898,-0.003366280177304367
0.8694517258629315,-0.0022707449548677316,-0.0022707449996754586,0.028013025935666885,-0.0023178831559808356
0.8699499749874937,-0.00026542385744304786,-0.00026542355646755333,0.02726899120272039,-0.00026583344725298843
0.870448224112056,0.0027387873992361644,0.0027387880316585705,0.02543115581960876,0.0027040060741496358
0.8709464732366183,0.006587681477955187,0.0065876824148619895,0.02268010486638924,0.006444874360117928
0.8714447223611805,0.011068673946964758,0.01106867515020489,0.019253233143966354,0.010759773899511393
0.8719429714857428,0.015926469577625724,0.01592647100080745,0.015425608174966889,0.0154148465513665
0.8724412206103052,0.020880819929342542,0.020880821519400378,0.011489657420201856,0.02015433147175105
0.8729394697348675,0.02564548925597726,0.025645490957299816,0.007734495462547905,0.02471657485073928
0.8734377188594297,0.029946625432759444,0.029946627189354258,0.004426858035068199,0.028849636317705762
0.873935967983992,0.03353928715630011,0.033539288914512605,0.0017943083415751702,0.032325656773140615
0.8744342171085543,0.03622146128628112,0.036221462996893994,1.2343460050660917e-5,0.03495313297652689
0.8749324662331166,0.037845192260916816,0.037845193881798384,-0.0008057690747184611,0.03658744574808122
0.8754307153576788,0.038326490354181175,0.038326491851448125,-0.0006142040996875445,0.03714050441765837
0.8759289644822411,0.037645561670745564,0.03764556301989738,0.0005652055970933905,0.03658260420862065
0.8764272136068034,0.03584454902187567,0.03584455020762645,0.0026461645627213664,0.03494179148964851
0.8769254627313657,0.03302881738256097,0.03302881839961924,0.005486315262111437,0.03230658080221438
0.8774237118559279,0.02935363531036539,0.02935363616194364,0.008897529774414074,0.02881548543727634
0.8779219609804902,0.02501562187897266,0.02501562257624368,0.012658807482457778,0.02465023884719632
0.8784202101050526,0.02024119661271312,0.020241197172804704,0.01653068575249957,0.020025800099327806
0.8789184592296148,0.015274993719769592,0.015274994164602484,0.020267790854568552,0.015179725618755247
0.8794167083541771,0.010366465506551792,0.010366465860651985,0.02363947635256456,0.010359055066725374
0.8799149574787394,0.005756939409121253,0.005756939698094876,0.026439063801816775,0.00580702353824215
0.8804132066033017,0.0016694387320299042,0.001669438980444693,0.02849565967408826,0.0017518686488699072
0.8809114557278639,-0.0017008421264882445,-0.0017008418966978356,0.02968368736874822,-0.0016040557664647318
0.8814097048524262,-0.004194289952254349,-0.004194289723262967,0.02992916758945933,-0.00409355799752916
0.8819079539769885,-0.0056927359636754216,-0.0056927357226317366,0.02921292632683973,-0.0055919325145316725
0.8824062031015508,-0.003966814980557343,-0.003966814718646572,0.02616584303645364,-0.003866416621955466
0.882904452226113,-0.007160659496924404,-0.0071606592189579765,0.026673416297468482,-0.007058720616759851
0.8834027013506753,-0.006213393104407994,-0.006213392805483331,0.023811062802423077,-0.006107220093505181
0.8839009504752376,-0.0017307797007120596,-0.0017307793989200793,0.018433286251495967,-0.0016253910361440185
0.8843991995997998,0.004178631126835863,0.004178631403204736,0.012542030648267172,0.004254196490750127
0.8848974487243622,0.01001279608592237,0.010012796309751437,0.007500886396561901,0.010027356664575117
0.8853956978489245,0.01511772846576509,0.015117728615192505,0.0038345367435568384,0.015052342695735464
0.8858939469734868,0.019462911788985404,0.01946291184658802,0.001463920311523719,0.019307781533492534
0.886392196098049,0.023326032033321786,0.023326031982629225,2.001102311652747e-5,0.023070929812844962
0.8868904452226113,0.027044494198803115,0.027044494021695065,-0.0009011403738196722,0.02667117830295585
0.8873886943471736,0.030851215026631962,0.030851214701516583,-0.001579307822031586,0.030330681258826618
0.8878869434717359,0.03480549164605451,0.03480549114903811,-0.0021085615211870997,0.03409976140905803
0.8883851925962981,0.03879337614135725,0.038793375448399364,-0.002409779521155112,0.037861070774579494
0.8888834417208604,0.04257044834225149,0.042570447432492636,-0.0022871670668178253,0.04137522175432897
0.8893816908454227,0.04582423145452058,0.04582423031382184,-0.0015028490608882626,0.04434444670025465
0.889879939969985,0.04823873342135393,0.0482387320454843,0.00015195788374260688,0.046476067025578764
0.8903781890945472,0.04954979367088563,0.049549792067459256,0.0028022933209455292,0.04753437403692131
0.8908764382191096,0.049584150253461634,0.049584148443025416,0.006458340287672096,0.047374659936437205
0.8913746873436719,0.04828098753983462,0.04828098555535709,0.011006698452266147,0.04595944907110316
0.8918729364682341,0.04569508002595951,0.04569507791137721,0.01622338785218513,0.043357453417446505
0.8923711855927964,0.04198425547439605,0.041984253282023834,0.021801914748118007,0.039728930804825126
0.8928694347173587,0.0373861492807096,0.037386147068104794,0.027390257035087275,0.03530263852231141
0.893367683841921,0.03218994491556243,0.032189942742510386,0.03262896181646345,0.03034961218179631
0.8938659329664832,0.026705335706781574,0.026705333631722457,0.037186944922902594,0.02515546662771245
0.8943641820910455,0.021235033648247692,0.02123503172550367,0.04079026082913045,0.019996581035813896
0.8948624312156078,0.016052607134666497,0.0160526054121628,0.0432422580853699,0.015121295819927803
0.8953606803401701,0.011386227097101687,0.011386225614676799,0.044433704452152036,0.010736270683873289
0.8958589294647323,0.007409858140918324,0.007409856929210097,0.04434379192186774,0.006999256690805865
0.8963571785892946,0.004240670597267904,0.004240669677515074,0.043033336664118224,0.0040171054211588526
0.896855427713857,0.0019416278799742615,0.0019416272639098473,0.04063207576262261,0.0018481263755239501
0.8973536768384192,0.0005277807619044061,0.0005277804527337015,0.037322532123535576,0.0005075769243530711
0.8978519259629815,-2.528588796363307e-5,-2.52858949100071e-5,0.03332176686462698,-2.5018278997708298e-5
0.8983501750875438,0.00022777564458403843,0.00022777592845114186,0.028863823144977367,0.00020216471578877283
0.8988484242121061,0.0012109547789330155,0.0012109553364930206,0.024183866133626056,0.001121028184214785
0.8993466733366683,0.0028345195130677348,0.0028345203229985863,0.01950487763073158,0.0026502949616568298
0.8998449224612306,0.005001031372148135,0.005001032409444502,0.015027738101743997,0.004700886990003575
0.9003431715857929,0.007609469027711924,0.007609470264619549,0.010924599559169978,0.0071796642644664154
0.9008414207103552,0.010557987491085385,0.010557988898073911,0.007335680300314482,0.00999198936361413
0.9013396698349174,0.013744871348183252,0.013744872894351529,0.004368328093476523,0.013042654014224433
0.9018379189594797,0.017068744385136003,0.01706874603878153,0.0020983508079372055,0.016236138703974445
0.902336168084042,0.020428617429925244,0.02042861915901814,0.0005726335334461216,0.019476715387478093
0.9028344172086044,0.023723697124842624,0.023723698897525708,-0.000187686404231903,0.022668304529229293
0.9033326663331666,0.02685307152908334,0.026853073313932913,-0.00018386381158679688,0.025714186733112127
0.9038309154577289,0.029717054872749615,0.02971705663955454,0.0005635138655483237,0.028518247608667245
0.9043291645822912,0.03221862440403678,0.032218626124102645,0.002017003846354915,0.030986293731717747
0.9048274137068534,0.03426582965148567,0.034265831298129434,0.00412415831119204,0.033028284555998225
0.9053256628314157,0.035774950760290525,0.03577495230950503,0.006818795854250281,0.03456129382122441
0.905823911955978,0.03667392342493442,0.03667392485653201,0.01002181406380898,0.03551276387559839
0.9063221610805403,0.036906201713379605,0.036906203010346916,0.013641839313751056,0.035824244466147424
0.9068204102051025,0.03643432335108737,0.03643432450105488,0.01757575478256617,0.03545492566562948
0.9073186593296648,0.03524341568393946,0.03524341667937081,0.02170958099316296,0.034385218393843994
0.9078169084542271,0.033343385571567796,0.03334338640962897,0.025920308049118414,0.03261918820377206
0.9083151575787894,0.030770651563937212,0.030770652246776498,0.030077652489339923,0.030186613722226995
0.9088134067033516,0.0275879594507642,0.027587959985230837,0.034047437731182656,0.02714329172474071
0.909311655827914,0.0238830384010294,0.023883038798455103,0.037695296481570516,0.023570227879890875
0.9098099049524763,0.019766593695584533,0.019766593971194124,0.0408908388809087,0.019572161188045663
0.9103081540770385,0.015368147244793906,0.015368147417127997,0.04351270278109492,0.015273930269067598
0.9108064032016008,0.010831683878215481,0.010831683967823247,0.0454535324851581,0.010816511665726945
0.9113046523261631,0.006309582168297967,0.006309582197279284,0.04662504376702388,0.0063512076597554736
0.9118029014507254,0.00195660092939981,0.001956600919704732,0.04696242694622917,0.0020336744898076073
0.9123011505752876,-0.0020760622740391144,-0.002076062301057946,0.04642822270206681,-0.0019821885824260663
0.9127993996998499,-0.005647098873600098,-0.00564709889852516,0.04501527994525948,-0.005550932652657181
0.9132976488244122,-0.008631040256031453,-0.008631040262416678,0.042747967840537075,-0.008542049759038113
0.9137958979489745,-0.010923048800065449,-0.010923048775279998,0.03968264861068521,-0.010845416852894547
0.9142941470735367,-0.012443289531801238,-0.012443289467624907,0.035906399727915386,-0.012376358675121605
0.914792396198099,-0.013140251057286056,-0.013140250950436194,0.0315343031339035,-0.013079620964198947
0.9152906453226614,-0.01299236658813746,-0.012992366440486125,0.026704727471671387,-0.012931520080116048
0.9157888944472237,-0.012009290164925301,-0.012009289983752336,0.021574677878869828,-0.011941567521237336
0.9162871435717859,-0.010231066569676817,-0.0102310663670524,0.016312927334371514,-0.010151750601841555
0.9167853926963482,-0.0077271551833304475,-0.007727154976102435,0.011093449800764855,-0.007635422771136492
0.9172836418209105,-0.004593085461883251,-0.004593085270555658,0.006087658907856733,-0.004493576588290466
0.9177818909454727,-0.0009471593868222716,-0.0009471592353109959,0.00145741839475528,-0.0008509681969483511
0.918280140070035,0.003073651536718791,0.0030736516227741206,-0.0026518632732295782,0.0031487113199859433
0.9187783891945973,0.007319505061959386,0.007319505055908088,-0.006117486702800358,0.007349422457159108
0.9192766383191596,0.011632825184531348,0.011632825059987056,-0.008844530502374113,0.011588685215698058
0.9197748874437218,0.01585438822484181,0.015854387956968058,-0.010769743035429649,0.01570433321750964
0.9202731365682841,0.01982941055246662,0.019829410118951743,-0.011863717904062586,0.01954109179473948
0.9207713856928464,0.0234129879406903,0.02341298732329146,-0.012132101450903357,0.022956301786833132
0.9212696348174088,0.026475826671124747,0.026475825856137433,-0.011614725082762938,0.025825666124795393
0.921767883941971,0.028909272964956545,0.028909271944288238,-0.01038384050856114,0.028048045527809845
0.9222661330665333,0.03062947235087987,0.03062947112276565,-0.008539745840970859,0.029549135674610424
0.9227643821910956,0.031580249199845645,0.03158024776929622,-0.006206003768259995,0.030283700949506522
0.9232626313156578,0.03173578443614261,0.03173578281469318,-0.0035242668537801797,0.03023745053442887
0.9237608804402201,0.031101366397635888,0.031101364603499267,-0.0006471526588107762,0.029426939391215604
0.9242591295647824,0.029713038206948095,0.02971303626527514,0.002268694794928903,0.02789838735251009
0.9247573786893447,0.027636242769073283,0.027636240710427477,0.00506953246899066,0.025725569999623863
0.9252556278139069,0.024963016204787525,0.02496301406489209,0.0076113477322166355,0.02300641498659957
0.9257538769384692,0.021809036549109817,0.02180903436794764,0.009765964246304746,0.01985958480482986
0.9262521260630315,0.01830854651218844,0.01830854433244294,0.011426694417170447,0.01641921619623141
0.9267503751875938,0.014609309752348532,0.014609307618516119,0.012512719099647924,0.01282987287075388
0.927248624312156,0.010867471520065675,0.010867469477408248,0.012972419078761172,0.009241585678436713
0.9277468734367184,0.007240900933156602,0.0072408990258499735,0.012785309409790193,0.005803647963255649
0.9282451225612807,0.0038840606752003626,0.003884058945197528,0.011962751685335957,0.0026599817526335705
0.9287433716858429,0.0009417249733617572,0.0009417234590103248,0.010547112224283273,-5.643784213374074e-5
0.9292416208104052,-0.0014560508432567842,-0.00145605210766854,0.008609720960969637,-0.0022279092205193603
0.9297398699349675,-0.0031983809303319233,-0.003198381916497791,0.0062476895759397315,-0.0037557388857760114
0.9302381190595298,-0.004196947090826797,-0.004196947776678665,0.003579815136072472,-0.0045629799085533645
0.930736368184092,-0.004389393031462463,-0.004389393401911031,0.0007413190568620238,-0.004597174783393391
0.9312346173086543,-0.003740856513779367,-0.0037408565611219274,-0.0021217088760681953,-0.003831412369165263
0.9317328664332166,-0.0022447282806987157,-0.0022447280046677676,-0.004858302913472103,-0.0022647246979244947
0.9322311155577789,7.761796159555523e-5,7.761855374577298e-5,-0.007318718936384824,7.839891329439239e-5
0.9327293646823411,0.0031781111938927187,0.00317811208778504,-0.00936034972541511,0.0031493637263919805
0.9332276138069034,0.006984097005988732,0.006984098180873782,-0.010853392243367685,0.006877506746203506
0.9337258629314658,0.01140119629095876,0.011401197719607598,-0.011685899332195765,0.01117274858180106
0.9342241120560281,0.01631701711287631,0.01631701876279243,-0.011767906586599618,0.015928986113558537
0.9347223611805903,0.021605046669107175,0.021605048504147573,-0.011034920095535802,0.0210275791575679
0.9352206103051526,0.027129224973647947,0.02712922695417208,-0.00945014737842644,0.026341463318627453
0.9357188594297149,0.0327483480702096,0.03274835015424085,-0.007005868775820629,0.031739059535135346
0.9362171085542771,0.03832069674757588,0.0383206988924685,-0.003723656426662956,0.03708841038026688
0.9367153576788394,0.04370813521780309,0.04370813738102172,0.00034661325825948027,0.0422608021935049
0.9372136068034017,0.04878041425537877,0.04878041639556141,0.005128547267183096,0.047134652963374386
0.937711855927964,0.05341885944370228,0.05341886152149955,0.010521777230643228,0.051598842446478166
0.9382101050525262,0.05751901300688267,0.057519014985977474,0.016405950587049512,0.055555070070668795
0.9387083541770885,0.06099426204973257,0.060994263897658774,0.02264344723417517,0.05892129029121372
0.9392066033016508,0.06377855879606248,0.06377856048453062,0.029082679840203737,0.061634281053786946
0.9397048524262132,0.06582067789865115,0.06582067940437047,0.03557251301826049,0.06364401301550938
0.9402031015507754,0.06709656556996979,0.06709656687439769,0.041951469401954634,0.06492586784089993
0.9407013506753377,0.06759432704175555,0.06759432813209826,0.04807203936922221,0.06546612095437021
0.9411995997999,0.06732488766442307,0.06732488853291974,0.05378983156407509,0.06527253663606165
0.9416978489244622,0.06631712895671421,0.06631712960081326,0.05897249736118043,0.06436981373147264
0.9421960980490245,0.06461719138068162,0.06461719180277209,0.06350242019042412,0.06279910808195423
0.9426943471735868,0.06228755642133982,0.062287556628091656,0.06727946460289524,0.06061732845168237
0.9431925962981491,0.05939486719518344,0.05939486719759357,0.07023108558990623,0.05788569338002106
0.9436908454227113,0.05601894017439396,0.05601893998677704,0.07230324434846556,0.05467847114560204
0.9441890945472736,0.05573379059310085,0.05573379023119407,0.07045857273760076,0.05439920666924246
0.9446873436718359,0.046993328948895075,0.04699332843769122,0.0754373410252833,0.04604363455778763
0.9451855927963982,0.04065181786756461,0.04065181723931177,0.07618378626609645,0.039942429156251055
0.9456838419209604,0.038377709313829056,0.03837770857419276,0.07224622032842604,0.037732622756787765
0.9461820910455228,0.03710364609337902,0.037103645245846806,0.06714873932055518,0.03648007902535222
0.9466803401700851,0.03470457608216487,0.03470457514402106,0.06294588529344665,0.034140336933223964
0.9471785892946474,0.030542042035260952,0.03054204103873584,0.06001409141295199,0.030093322076203976
0.9476768384192096,0.025018324349495524,0.025018323334737025,0.05775593542660339,0.024716282217465833
0.9481750875437719,0.01898884538082246,0.01898884438557713,0.05530247362960408,0.018827168297458285
0.9486733366683342,0.013311365798536312,0.01331136485091361,0.05196767576231922,0.013257575007615223
0.9491715857928964,0.008595222598332841,0.00859522171354335,0.04744364819185589,0.008609363927908734
0.9496698349174587,0.005121137998911451,0.00512113717960988,0.041805867501922944,0.0051694429138320055
0.950168084042021,0.0028772463810530224,0.0028772456210467423,0.035404684259708046,0.002937040238332526
0.9506663331665833,0.0016443750422658332,0.001644374331006837,0.028728949803206224,0.0017028807747848827
0.9511645822911455,0.0011009915461102637,0.0011009908731184764,0.02227039194218484,0.0011520926576293212
0.9516628314157078,0.0009142906196772937,0.0009142899788271014,0.016427705226783666,0.0009559118112472636
0.9521610805402702,0.000806349186932287,0.0008063485784050445,0.011455563168386843,0.0008389746999935882
0.9526593296648325,0.0005914930919781458,0.0005914925218043904,0.007454831266592408,0.0006172009808313217
0.9531575787893947,0.00018644857646493707,0.00018644805617893528,0.004394431260874754,0.00020784360577838132
0.953655827913957,-0.0004008672863917151,-0.0004008677420672957,0.0021511364652511394,-0.00038188341530994335
0.9541540770385193,-0.0010960842095807388,-0.0010960845857743012,0.0005550469522171492,-0.0010793049391444739
0.9546523261630815,-0.0017900157983291032,-0.001790016082718806,-0.0005682027860351927,-0.0017772105721689624
0.9551505752876438,-0.0023695677171986507,-0.002369567902180507,-0.001365693442081429,-0.0023638712247704063
0.9556488244122061,-0.0027427737635341565,-0.002742773847711162,-0.0019383087899477566,-0.0027474019147705813
0.9561470735367684,-0.0028560544902700435,-0.002856054479018136,-0.0023349540046610313,-0.002872864554351359
0.9566453226613306,-0.002701235801266688,-0.002701235706777239,-0.002558392503520224,-0.0027297022359826536
0.9571435717858929,-0.002313825204505404,-0.002313825043881985,-0.0025785655384166543,-0.002350817695910949
0.9576418209104552,-0.001764259574557947,-0.0017642593690288578,-0.0023502866046452467,-0.0018046959313817374
0.9581400700350176,-0.0011451024768985851,-0.0011451022488773543,-0.0018309022448645786,-0.0011832440810359216
0.9586383191595798,-0.0005561279306311451,-0.0005561277019491108,-0.0009956998498346216,-0.0005870673331246377
0.9591365682841421,-9.023506886107757e-5,-9.023485848438234e-5,0.00015159922657794291,-0.00011110672989442993
0.9596348174087044,0.00017838967124161886,0.00017838984844007963,0.0015739488206787636,0.0001678280010299261
0.9601330665332667,0.00020273671535103732,0.0002027368503473119,0.00320181769244362,0.000200283710297713
0.9606313156578289,-3.236305729009681e-5,-3.2362967617279026e-5,0.0049391707995032905,-3.0508340569322384e-5
0.9611295647823912,-0.0005095760501767632,-0.0005095760024620005,0.006673290589804403,-0.0005075961071026224
0.9616278139069535,-0.0011818852252545309,-0.0011818852105284425,0.008286658872198436,-0.0011831171737431605
0.9621260630315157,-0.001978210423176696,-0.001978210428021321,0.009669435099930132,-0.001984239571980473
0.962624312156078,-0.0028110347986037287,-0.0028110348058036916,0.010730857997002484,-0.0028213210140644114
0.9631225612806403,-0.0035851610009157153,-0.003585160991680783,0.011408346530987053,-0.0035972514265899896
0.9636208104052026,-0.004206384923868656,-0.004206384878826672,0.011673208731468312,-0.00421660849250599
0.9641190595297648,-0.004590085802575472,-0.004590085703489621,0.011533258286412627,-0.004594536104056887
0.9646173086543272,-0.0046679702003804,-0.004667970031344504,0.011031314122062793,-0.004663517757326547
0.9651155577788895,-0.004393520786155902,-0.004393520534653278,0.010240620672839812,-0.0043786371383119525
0.9656138069034518,-0.0037443700675692804,-0.0037443697252434183,0.009257560625565988,-0.0037195935947440173
0.966112056028014,-0.0027232187801941588,-0.002723218342861017,0.008192664543137341,-0.0026912113445159073
0.9666103051525763,-0.00135598947039689,-0.001355988938683217,0.007160838124613202,-0.0013212059132775887
0.9671085542771386,0.00031171988202094436,0.0003117205038545845,0.006271738310230056,0.0003436452017593931
0.9676068034017008,0.0022197428980226253,0.002219743601576646,0.005620835329179764,0.0022427499185554626
0.9681050525262631,0.0042992216405368655,0.0042992224146529145,0.005282953029353611,0.004307572288908283
0.9686033016508254,0.006478831951484465,0.006478832783227972,0.005307001005406217,0.0064677248652582195
0.9691015507753877,0.008690922793379019,0.008690923667745376,0.005713317876052427,0.0086568877865579
0.9695997998999499,0.010877285513816726,0.010877286415727716,0.00649332514199282,0.010818310630940351
0.9700980490245122,0.01299241680361568,0.012992417717912708,0.00761261211524123,0.012907844780409775
0.9705962981490746,0.015006787502155838,0.01500678841447467,0.00901430858800325,0.014896998719259221
0.9710945472736369,0.016907608154458076,0.016907609051165284,0.010625040544395899,0.016773574508233774
0.9715927963981991,0.01869806076816738,0.01869806163687915,0.012361165027092174,0.018540844466093453
0.9720910455227614,0.020395873124644803,0.02039587395399145,0.014135313795017847,0.020216114690549635
0.9725892946473237,0.022029983241899698,0.022029984021631477,0.015862636330978352,0.021827447196183538
0.9730875437718859,0.02363676792153585,0.023636768642093187,0.01746725084042938,0.023409962358308407
0.9735857928964482,0.02525508626020151,0.02525508691244932,0.018886759603826925,0.025000994589370877
0.9740840420210105,0.026922190978424687,0.026922191553174435,0.02007446811463711,0.026636093693236253
0.9745822911455728,0.028668955864845858,0.02866895635278871,0.021002284983905533,0.02834436114813261
0.975080540270135,0.030515869704004883,0.030515870095237096,0.02166054703405397,0.03014455392448317
0.9755787893946973,0.032470503703394715,0.0324705039871635,0.022056183834852066,0.03204264612235047
0.9760770385192596,0.03452616725986535,0.03452616742492637,0.022210106467397715,0.03403057616276966
0.976575287643822,0.036658936137315135,0.03665893617169147,0.02215507123521739,0.036083475292073876
0.9770735367683842,0.038828894960357185,0.03882889485178817,0.021930588903965462,0.03816102528025231
0.9775717858929465,0.04098162339614797,0.04098162313230824,0.021578613230455644,0.040209085788971824
0.9780700350175088,0.04305111810581147,0.04305111767494324,0.021139531215792165,0.04216271902522855
0.9785682841420711,0.04496160529561283,0.04496160468698254,0.02064862829270462,0.043948166038119935
0.9790665332666333,0.04663194114019337,0.04663194034509391,0.020132759626198975,0.045487281002872075
0.9795647823911956,0.04798036056074256,0.047980359573049136,0.019608455542453555,0.04670223260881328
0.9800630315157579,0.048928563095128996,0.04892856191157144,0.019080569936594485,0.04751951466008496
0.9805612806403201,0.049406593079268646,0.04940659170079012,0.018542469930560145,0.047874607345528536
0.9810595297648824,0.04935719102904612,0.04935718946102764,0.017976908780605542,0.04771604692203349
0.9815577788894447,0.04267284563951773,0.04267284406127017,0.021578186978260337,0.04135890967766598
0.982056028014007,0.05095895160643443,0.050958949622573455,0.014177197421263015,0.048925516090511566
0.9825542771385692,0.05179314286165493,0.0517931406394074,0.012774670734141534,0.04950782032759145
0.9830525262631316,0.04547839126486758,0.045478389039912775,0.01496899873958947,0.043517072234721774
0.9835507753876939,0.03810419745053323,0.03810419530776641,0.01620274387817715,0.03654951568603329
0.9840490245122562,0.03275647835789064,0.032756476266699974,0.015140069209247204,0.03144704547424499
0.9845472736368184,0.029762967832814402,0.029762965720009027,0.012439040682125044,0.028515752700604743
0.9850455227613807,0.02812266908327893,0.028122666892536993,0.009256577655955393,0.026819418297817022
0.985543771885943,0.026610354890029553,0.026610352612127863,0.006419218780542272,0.025222094732584254
0.9860420210105052,0.0243647239525161,0.024364721630804463,0.004201296489223917,0.02294826338272808
0.9865402701350675,0.02108000527338022,0.02108000299141595,0.002453058087033398,0.019746872936249753
0.9870385192596298,0.016941826402360194,0.01694182426409077,0.0008501842494021548,0.015809364280659363
0.9875367683841921,0.012438161828458028,0.012438159936441134,-0.0008830483111245635,0.01158481838072851
0.9880350175087543,0.008143243250572862,0.008143241689464365,-0.002842146878949755,0.007586334028171302
0.9885332666333166,0.004547156672662589,0.004547155498183418,-0.004910953925987771,0.004246631023625454
0.989031515757879,0.0019552883948708577,0.0019552876304041907,-0.006807619569009014,0.0018354579736262274
0.9895297648824413,0.0004639192607988618,0.0004639188998450325,-0.00817257218677417,0.0004401721621112412
0.9900280140070035,-6.619309444844124e-6,-6.61929671758564e-6,-0.008664256619628032,-6.618298083237476e-6
0.9905262631315658,0.00035239614683629794,0.0003523964887960848,-0.008037203237189481,0.00032685156546499706
0.9910245122561281,0.0013098768693621254,0.0013098774906413375,-0.006189732896936138,0.0012331690277682383
0.9915227613806904,0.0026567046653447335,0.002656705518548755,-0.0031747600878227955,0.0025208662402529235
0.9920210105052526,0.004247312921286439,0.004247313966891146,0.0008205569540252038,0.004053591483476425
0.9925192596298149,0.006018783139341843,0.0060187843488311785,0.005515749136100241,0.005769939625123667
0.9930175087543772,0.007988682837469563,0.007988684193479145,0.010590088944580564,0.00768348222388942
0.9935157578789394,0.010237079472230515,0.010237080967112955,0.015735492313678,0.009867137008180057
0.9940140070035017,0.012880192235631749,0.012880193868186993,0.02069847949611466,0.012428567475907988
0.994512256128064,0.016039011697204397,0.016039013468877872,0.025309931383178785,0.015480143441434056
0.9950105052526264,0.01980782983192997,0.019807831742683912,0.02949819511939055,0.01910876842147573
0.9955087543771886,0.02423029991710901,0.024230301961795736,0.033283402726150504,0.023353235921604713
0.9960070035017509,0.029284756740428963,0.029284758906482383,0.036759401857650933,0.028190855291138593
0.9965052526263132,0.03487384602947108,0.03487384829530163,0.04006776564458153,0.033528447081184444
0.9970035017508755,0.04083017004405204,0.040830172379098084,0.04336518557139722,0.0392083952679037
0.9975017508754377,0.04692885199642288,0.046928854361696554,0.04679345760486636,0.045020812273438494
0.998,0.05290525085522835,0.05290525320590547,0.0504511006409154,0.050719922432107004
