sin2_theta24,dm2_41,dchi2_official,dchi2_newtrinos_paper_chi2,dchi2_newtrinos_module,fc90_critical,theta23,theta34,dm2_31
0.00011063852532153239,0.00010839269140212036,0.00023856271495503734,0.0007572772091890556,12.690547902415574,3.9519652072861344,0.928781901591039,7.281703514157641e-7,0.0025055456763923623
0.00016580131664698346,0.00010839269140212036,0.0007996167419292988,0.001319680184380445,12.690823634303001,3.8443183534247596,0.9288200665746542,6.178650869524414e-7,0.0025055500941385442
0.00024846521098166813,0.00010839269140212036,0.0016438812950809734,0.0021629654382309127,12.691241427612226,3.7630020686864305,0.9288821751354792,4.179481191292182e-7,0.0025055672529909817
0.0003723378920799524,0.00010839269140212036,0.0029113049467639485,0.0034278285598219327,12.691866574470623,3.7524598187940597,0.9289690582420782,4.350157615962583e-7,0.0025055875890109955
0.0005579559825209103,0.00010839269140212036,0.004817052749856998,0.005325714514796687,12.69280525337831,3.6970798947472763,0.9291025725467307,3.643756227953799e-7,0.0025056279539574723
0.0008360827013363571,0.00010839269140212036,0.007684416043318265,0.008175239561026615,12.694219255275357,3.650704498367706,0.9293057219348302,3.210976222694806e-7,0.0025056811104685016
0.0012527904957664955,0.00010839269140212036,0.01200669203076643,0.012457587852111374,12.696346791570932,3.643032478507512,0.9296103718598441,2.7641301137424186e-7,0.0025057610513434503
0.0018770574160454304,0.00010839269140212036,0.01841913741799317,0.018902126236696404,12.699553023033218,3.733493048218293,0.9300633357407698,1.499304849148285e-7,0.00250589386824974
0.0028121050796695033,0.00010839269140212036,0.02815394476957067,0.028621229260963332,12.704404592579067,3.780736117035983,0.9307391916964914,3.180045088330896e-7,0.0025060753844608377
0.004212286548437501,0.00010839269140212036,0.042893510584363526,0.043323883207548874,12.711792277091376,3.788332464523443,0.9317665191335597,2.0625333565604042e-7,0.002506344280487637
0.006308162979393911,0.00010839269140212036,0.06528987377932083,0.06567122318725183,12.723069262102513,3.821633858093404,0.9333029911627916,9.849384439886457e-7,0.0025067777313260717
0.009443564555314523,0.00010839269140212036,0.09956382813584241,0.09987066812927026,12.740548945412229,3.849600679499621,0.9355940390059736,2.8945272984869783e-7,0.0025073446726595525
0.014129968295237355,0.00010839269140212036,0.15262664753700506,0.1527571006633508,12.768028287389825,3.8243722116620704,0.9390738619197267,6.410648416826004e-8,0.0025082405358132667
0.02112539273271365,0.00010839269140212036,0.23581401845652294,0.23580266939411842,12.812139799000079,3.779712735009295,0.9443130813250661,8.444945850381533e-8,0.002509530270080057
0.03154684409852525,0.00010839269140212036,0.3695440534600323,0.3691798474208525,12.885288354431736,3.7422650523488423,0.952251235580474,2.8638168727286042e-8,0.0025113646803118415
0.04702598565396639,0.00010839269140212036,0.5916088575546468,0.5905703215247939,13.012000657640328,3.736982121575975,0.9643214197794919,3.084793436368293e-8,0.002513870716722275
0.06991408621192984,0.00010839269140212036,0.8280120233694959,0.8276352883115266,13.245063406988379,3.7360746088236554,0.6933677142524113,4.750535842920329e-8,0.0025158812452656795
0.1035271976855583,0.00010839269140212036,1.0490659667888593,1.0480804729282198,13.709131390361222,3.6580193057665307,0.7065369618723029,3.6462493221785056e-8,0.0025213890793710646
0.15238000978862376,0.00010839269140212036,1.426442515476623,1.424367974649357,14.72970056627969,3.5886201193005354,0.727017067481206,2.9308414700742297e-8,0.002529867609674175
0.22225467472613084,0.00010839269140212036,2.1138147352590124,2.1093701820916664,14.068473950865496,3.498744118700992,0.7595227347749643,1.6225721167712467e-8,0.0025431541792775626
0.31973100640172986,0.00010839269140212036,0.671215362730365,3.4806421216064507,15.219824997465935,3.4832630861919065,0.8128678627085452,9.467123783269934e-9,0.002564713014966409
0.4503854206619554,0.00010839269140212036,1.9291605986015554,1.9107128850072854,18.06711342723952,3.579874581066394,1.57071802658437,1.5707853223151431,0.0024796528902306927
0.6142148866602788,0.00010839269140212036,0.5627632554371189,0.564193774760767,26.562165978117832,3.6967816423283337,1.567873709911689,1.5707959048035123,0.0025621249370965916
0.7962942953533506,0.00010839269140212036,35.48424909997058,35.082472403723955,53.06548882999425,3.7019896044374563,1.5701127068755676,1.569331275650347,0.003089044404878678
0.9519063728925579,0.00010839269140212036,220.0609894505085,219.16863916052586,241.4237779193361,3.7015,1.5704786220672091,0.2499762925082737,0.004113958930160675
0.00011063852532153239,0.00014962356560944336,0.00020179216271287714,0.0007346418358622486,12.690547937832093,3.9327265419383775,0.9287782574084493,1.8441936516797607e-6,0.002505543509363285
0.00016580131664698346,0.00014962356560944336,0.0007545489232541058,0.0012856262209339775,12.690837377812386,3.839491386684579,0.9288203130347997,1.2933738895382198e-6,0.0025055601082087904
0.00024846521098166813,0.00014962356560944336,0.0015790448906614074,0.002111662200036335,12.69124510547124,3.770021208809254,0.9288783306572287,4.4029667993152307e-7,0.0025055903205183933
0.0003723378920799524,0.00014962356560944336,0.0028217666730370183,0.003350816130321732,12.691872838843778,3.7625493746983816,0.9289684508235313,4.009081465063342e-7,0.002505626183658985
0.0005579559825209103,0.00014962356560944336,0.004688040344532851,0.0052118157902469875,12.692815118611747,3.712930181388996,0.9290888627745978,5.097605184158618e-6,0.002505671514554806
0.0008360827013363571,0.00014962356560944336,0.00750086589968646,0.00800184015031391,12.694231729445278,3.6659585133173755,0.9293002987542501,1.5639938692946223e-6,0.0025057638917243717
0.0012527904957664955,0.00014962356560944336,0.011689681469377433,0.012195586291070981,12.696366298435578,3.659263631001231,0.9296023045570706,2.719555187112414e-7,0.0025058765526811085
0.0018770574160454304,0.00014962356560944336,0.018203688164746268,0.018506409738463958,12.699579349219562,3.734718472663386,0.9300458285798177,1.671306286426427e-7,0.002506077623454664
0.0028121050796695033,0.00014962356560944336,0.02754731811958777,0.02802151794891472,12.704437376128567,3.7690925071291566,0.9307179425044491,3.40913010773303e-7,0.0025063707359447396
0.004212286548437501,0.00014962356560944336,0.04197168979466426,0.04240922215397802,12.711826698056598,3.7864508260740397,0.9317359136585083,1.370729362931519e-7,0.0025067679075368964
0.006308162979393911,0.00014962356560944336,0.06387188212747219,0.06426460453073446,12.723088030480312,3.8268896087945734,0.9332597651510924,1.3196442519287656e-7,0.0025073848120315905
0.009443564555314523,0.00014962356560944336,0.09739268938453449,0.09768572413230459,12.740496987900315,3.8488534931224128,0.9355484623192827,6.671598325303344e-8,0.0025083091272492747
0.014129968295237355,0.00014962356560944336,0.14920128811429834,0.14930665359217699,12.76776373059306,3.8183929484171473,0.9389888498111135,6.209432339112832e-8,0.002509651756675673
0.02112539273271365,0.00014962356560944336,0.2302451357061699,0.23023332753795955,12.81136659677486,3.7669964163734537,0.9442026686724486,2.368263964260751e-7,0.002511675716426086
0.03154684409852525,0.00014962356560944336,0.3602889545319812,0.3599316376446069,12.883232086493535,3.732999182247509,0.9520873521476114,4.3603631233849157e-8,0.002514582522668447
0.04702598565396639,0.00014962356560944336,0.5757143821487887,0.5746719148842061,13.006873291509464,3.7527601451894497,0.9640910484364014,2.2358167574159954e-8,0.0025187024161705705
0.06991408621192984,0.00014962356560944336,0.8154226797264243,0.8150076728598492,13.232692317034093,3.76879781319369,0.6932936588915387,2.9205215130599482e-8,0.0025203487779401263
0.1035271976855583,0.00014962356560944336,1.0278977856053473,1.0269244183748611,13.679957667538702,3.6766451153972923,0.706449372026642,2.2189956120729387e-8,0.0025279775868116885
0.15238000978862376,0.00014962356560944336,1.3899590394691472,1.3879075672396937,14.662878921979086,3.5910767991238433,0.7269524150050671,1.5700555216547198e-7,0.00253945908619604
0.22225467472613084,0.00014962356560944336,2.049448593247817,2.045128335824316,14.024460467411814,3.4955317788544513,0.7595477966606846,1.8799684374347778e-8,0.002556958093885647
0.31973100640172986,0.00014962356560944336,0.6868129692808935,3.367614031227035,15.131206383739709,3.479296616726753,0.8131093978640336,1.1967524453075234e-8,0.0025841788689731724
0.4503854206619554,0.00014962356560944336,1.8861470104602915,1.867662927251743,17.90770796855395,3.574814520723526,1.5707928169704493,1.57079505022852,0.002519317119736098
0.6142148866602788,0.00014962356560944336,0.5419813927206718,0.5427205309815974,26.376521603261722,3.7000022594811104,1.5683984416558854,1.5707961344938257,0.002602204453164495
0.7962942953533506,0.00014962356560944336,35.35220095056624,35.23297173824261,53.20609978034247,3.713569148095039,1.5700800029131818,1.5688787580186654,0.0031285259195477774
0.9519063728925579,0.00014962356560944336,219.57342142560452,219.67192503897945,241.93887851007844,3.714,1.5703978916956247,0.23917482022354267,0.00414327998688701
0.00011063852532153239,0.00020653801558105295,0.00017705697018755018,0.0007262257925901849,12.690575218717186,3.871134365003927,0.9287724942305227,7.041423859491227e-7,0.002505560857055045
0.00016580131664698346,0.00020653801558105295,0.0007221418268130719,0.001273099716073034,12.690862323050283,3.8168185205921894,0.9288157351892469,6.67639773296582e-7,0.002505589507964922
0.00024846521098166813,0.00020653801558105295,0.0015431439004487402,0.0020930205604940966,12.691299077741633,3.7583468445349455,0.9288742244753742,4.5358022740315025e-7,0.0025056207578252393
0.0003723378920799524,0.00020653801558105295,0.0027797954765276245,0.0033227167476894692,12.691952813402622,3.7663797581535796,0.928963320503888,4.169582827863557e-7,0.002505675741215324
0.0005579559825209103,0.00020653801558105295,0.004627460095804281,0.005167578653825444,12.692938782344072,3.748858760620887,0.9290957330952792,3.9751552620619185e-7,0.002505756774759007
0.0008360827013363571,0.00020653801558105295,0.007410324505173094,0.007937413951509598,12.694409939827096,3.7048682749212554,0.9292930327115545,1.6808132768362675e-6,0.002505879933878108
0.0012527904957664955,0.00020653801558105295,0.01164541337571734,0.012097072008870668,12.696629638965874,3.6797282933450557,0.9295896679919753,2.0689828942245328e-7,0.002506055894259483
0.0018770574160454304,0.00020653801558105295,0.018089170489545836,0.018354777467436634,12.69997026323449,3.726370356212884,0.9300354167421494,1.8774907821798858e-7,0.0025063298533945966
0.0028121050796695033,0.00020653801558105295,0.02730207015783037,0.027784670904736686,12.705014399653919,3.7369472838113706,0.9307036882196513,1.5251814755801985e-7,0.0025067354185706304
0.004212286548437501,0.00020653801558105295,0.04159056425537244,0.04203409116760781,12.712652444492733,3.7713203492152143,0.9317062434952105,8.335182966679392e-8,0.0025073437979546156
0.006308162979393911,0.00020653801558105295,0.06327410355787322,0.06365584060641538,12.724306956353189,3.8442337615667426,0.9332065580205232,1.6928422123290667e-7,0.0025082401888371518
0.009443564555314523,0.00020653801558105295,0.09637198663179447,0.09666876709347605,12.742223797949237,3.86230294345287,0.9354670554041044,5.365862246266047e-7,0.0025096013684337126
0.014129968295237355,0.00020653801558105295,0.14737679731487674,0.14754393080028194,12.770120245305407,3.806919795706655,0.9389013167485561,3.3946349409899017e-7,0.0025116293712198344
0.02112539273271365,0.00020653801558105295,0.2271049078646712,0.22705238152066443,12.814399193790905,3.7604562862485724,0.9440468217075288,3.7393979531225766e-7,0.002514590288567469
0.03154684409852525,0.00020653801558105295,0.35436019083836356,0.3539409645668741,12.886535979214386,3.7535069162268773,0.9518576578074496,7.746794374966282e-8,0.002518952217622363
0.04702598565396639,0.00020653801558105295,0.5640454994114066,0.5629090791239122,13.009076848245968,3.7929610191301704,0.9637630375581323,5.362529924006021e-8,0.002525272308060691
0.06991408621192984,0.00020653801558105295,0.8131508118707416,0.8125708728642564,13.229626411661911,3.806614287186381,0.6929018723709516,2.8724890830688e-8,0.0025266925415760267
0.1035271976855583,0.00020653801558105295,1.0205259891419018,1.0192945845967074,13.660737199513392,3.698680952681851,0.7059241543930326,3.232546763459521e-8,0.002537298865684434
0.15238000978862376,0.00020653801558105295,1.370126783852612,1.367744783052757,14.601581604119929,3.5975929771220554,0.7262986233663599,1.4049734003904436e-7,0.0025530429611217336
0.22225467472613084,0.00020653801558105295,2.0009573884741627,1.996417825384313,14.000742041373655,3.4962982951736765,0.7588579819886582,1.721829721464376e-8,0.0025764023788057617
0.31973100640172986,0.00020653801558105295,0.735995077957142,0.7857309085968893,15.053502472780224,3.475343970373529,1.4280245927242365,1.5707963267947682,0.002693894320353643
0.4503854206619554,0.00020653801558105295,1.853901602240441,1.8353479370898498,17.72969309075006,3.558710452465306,1.5707228092257397,1.570694048444851,0.00257404664329125
0.6142148866602788,0.00020653801558105295,0.537813497090923,0.5374816814295542,26.144504130799987,3.6875255998265493,1.5692057670656454,1.5707798352267477,0.0026575081224601473
0.7962942953533506,0.00020653801558105295,35.18741237059612,35.457989413696666,53.529139972041094,3.71192967266447,1.5697032664371824,1.5707448176528802,0.0031830056405945384
0.9519063728925579,0.00020653801558105295,218.9139316244541,220.38023265178782,242.66355790729222,3.7139999999999995,1.5703037699408724,0.22372772091667872,0.004183765103455938
0.00011063852532153239,0.0002851018267503909,0.00017397119282236417,0.0007553284264361082,12.690640311232414,3.860609830457722,0.9287762848066367,7.179193025569422e-7,0.002505582666759273
0.00016580131664698346,0.0002851018267503909,0.0007384051514236489,0.0013167128585820365,12.690969903174391,3.834342050598872,0.9288136734984695,7.494215254080656e-7,0.0025056126884177936
0.00024846521098166813,0.0002851018267503909,0.0015806309026089593,0.002158315756389584,12.691453684971407,3.7697443056972184,0.9288721456756,6.181013230281996e-7,0.002505664348560673
0.0003723378920799524,0.0002851018267503909,0.0028465943363187307,0.0034203028438213323,12.692185825933961,3.7670563156571557,0.9289581427522652,3.7621847130724524e-7,0.002505742607534253
0.0005579559825209103,0.0002851018267503909,0.0047534311491830294,0.005313355513621332,12.693281307486359,3.7744122149145336,0.9290889254512029,3.0244483273849325e-7,0.002505858051663842
0.0008360827013363571,0.0002851018267503909,0.007597473805006416,0.008155048514808527,12.694928317165932,3.7350168634480725,0.9292781745659809,2.0351801443963364e-6,0.002506015949174099
0.0012527904957664955,0.0002851018267503909,0.011882080164284048,0.012420732710850757,12.697400345603455,3.674753706788166,0.9295754581394815,2.1060523315568786e-7,0.0025062856840406098
0.0018770574160454304,0.0002851018267503909,0.01832539642434483,0.01883466023596725,12.701125483446276,3.669922610829144,0.9300140389906929,1.6323667979951161e-7,0.002506672059798813
0.0028121050796695033,0.0002851018267503909,0.028001993377174017,0.028492692110688722,12.7067348627196,3.6880168169142804,0.9306672887745734,6.463215358962749e-7,0.002507254254169076
0.004212286548437501,0.0002851018267503909,0.0426216669680457,0.04306856860522146,12.715214243499304,3.7448004385487277,0.9316619798708722,2.0962959018578516e-7,0.00250811647699068
0.006308162979393911,0.0002851018267503909,0.06477979254498223,0.06514699522662681,12.72807819846389,3.817544374014597,0.9331397531586633,1.0364978151249582e-7,0.0025094017115694623
0.009443564555314523,0.0002851018267503909,0.09852017139759539,0.09876978234406408,12.747750033411876,3.8224501534068076,0.935371989705465,1.2119253015704344e-7,0.002511332784938168
0.014129968295237355,0.0002851018267503909,0.15037373595686176,0.1503913505831349,12.778122300310542,3.782512023020628,0.9387275274288852,9.24150748065302e-8,0.0025141993256877623
0.02112539273271365,0.0002851018267503909,0.23079557767768222,0.23063211137676376,12.825723874741811,3.7670224032013135,0.9438104068784442,6.08334776145914e-8,0.0025184794506260344
0.03154684409852525,0.0002851018267503909,0.35832704403794935,0.35773141220677473,12.902000816099871,3.7697491832012173,0.9515229935072473,7.82089757882012e-8,0.0025248165182833377
0.04702598565396639,0.0002851018267503909,0.5662554634196795,0.5649543356186513,13.028718800658453,3.8025669831386364,0.9632874040688018,4.000732650016024e-8,0.002534088650985608
0.06991408621192984,0.0002851018267503909,0.837849077472697,0.8367851206731274,13.25081086555565,3.831278859809148,0.6918254488521987,6.254122225205059e-8,0.0025357569156264524
0.1035271976855583,0.0002851018267503909,1.050909272480368,1.0490055759762953,13.672941303862444,3.724011474644415,0.7044438276574476,2.0920836281057685e-7,0.0025505878545847615
0.15238000978862376,0.0002851018267503909,1.4004490265930798,1.3972270735498284,14.574847837492598,3.5964747886116357,0.7243308711914757,3.04258638469088e-8,0.002572375972407997
0.22225467472613084,0.0002851018267503909,2.0123483840480105,2.006807306211428,14.039914630530006,3.5041350934045763,0.7564820736569947,1.3502919092187785e-8,0.002604029861490353
0.31973100640172986,0.0002851018267503909,0.8562761024793701,0.9058368842268862,15.03496310752314,3.5003237074764737,1.4283508633260291,1.5707957390230909,0.002764939373274097
0.4503854206619554,0.0002851018267503909,1.8614389388724248,1.8425414429284928,17.568484003052617,3.5684372625610163,1.5707954702603952,1.5707960950828892,0.0026495579441788123
0.6142148866602788,0.0002851018267503909,0.5787617637627704,0.5767516897420393,25.870925922927995,3.6703151119877346,1.5699589051747656,1.5707895069475797,0.002733799428640012
0.7962942953533506,0.0002851018267503909,34.99341998653702,35.8016173199143,54.82584584983499,3.6934701536787466,1.5694064623465351,1.5699053629626243,0.0032581705883162866
0.9519063728925579,0.0002851018267503909,218.0294008334215,221.3839246389627,243.68994462124715,3.695428571428572,1.5701475479996019,0.20054208293472192,0.004239766963342098
0.00011063852532153239,0.0003935500754557775,0.00021916532345755968,0.0008614034283169758,12.690794479663964,3.816552981391753,0.9287740831892852,1.0485332577312465e-6,0.0025056085690381997
0.00016580131664698346,0.0003935500754557775,0.000835807576763159,0.0014755977088327654,12.69121501342704,3.805517458262739,0.928811270496068,9.176607512173439e-7,0.002505655104623987
0.00024846521098166813,0.0003935500754557775,0.0017593219147897798,0.002396306685000127,12.691797833012743,3.749917899307326,0.9288680771315002,6.784693152557703e-7,0.0025057263913840365
0.0003723378920799524,0.0003935500754557775,0.003146959754772638,0.0037767494323759365,12.692708772734022,3.7520118174392074,0.9289521984456259,3.976625573179813e-7,0.002505831827231837
0.0005579559825209103,0.0003935500754557775,0.005226198524454162,0.0058542285256777404,12.694052396663551,3.7726935078482158,0.9290802954049794,2.3289830210461037e-5,0.0025059801380815042
0.0008360827013363571,0.0003935500754557775,0.008352440299574937,0.00895311170980051,12.69608667428406,3.7340762226598523,0.9292676028907026,3.096511922700755e-7,0.002506230546888764
0.0012527904957664955,0.0003935500754557775,0.013133036118503583,0.013615507832525964,12.699131462806918,3.6622654318685757,0.929551821742601,2.8612671970207426e-7,0.002506582561852567
0.0018770574160454304,0.0003935500754557775,0.0200565814361795,0.020619888224047145,12.703706490089417,3.6505616720030205,0.9299793517390997,2.3370707738411248e-7,0.0025071186362888467
0.0028121050796695033,0.0003935500754557775,0.030634769760879976,0.031155670714937855,12.710599449368829,3.6787745550426076,0.9306195811318454,1.15312068300247e-7,0.0025079161492440297
0.004212286548437501,0.0003935500754557775,0.04658821113645217,0.047033089084720814,12.720981515398535,3.7356835082083255,0.9315818569752865,1.786548324667001e-7,0.0025091119960930206
0.006308162979393911,0.0003935500754557775,0.07066520103376206,0.071027351577726,12.736667770547342,3.7999607004745486,0.9330255090284768,8.955775472962929e-8,0.00251090434670982
0.009443564555314523,0.0003935500754557775,0.10726656401514845,0.10744319148670911,12.760543474521,3.804014604157383,0.9352004615053279,1.0717143277273276e-7,0.0025135860324943964
0.014129968295237355,0.0003935500754557775,0.16312501018494174,0.1630704770005167,12.796935800842903,3.779755014752834,0.9384785231708361,4.967762762379383e-8,0.0025175923795111798
0.02112539273271365,0.0003935500754557775,0.2492626251288499,0.24889439201338348,12.8532328883432,3.779806467428468,0.9434410436911421,5.971274355290537e-8,0.0025235747897525596
0.03154684409852525,0.0003935500754557775,0.38429880564453356,0.3833649092195657,12.941655062100835,3.784842721366607,0.950986571579223,8.575946386067758e-8,0.002532484656964894
0.04702598565396639,0.0003935500754557775,0.6011334322197825,0.599230614335525,13.08431104190754,3.803592796127714,0.9625285609847708,4.5226977908563223e-7,0.0025456738411715365
0.06991408621192984,0.0003935500754557775,0.9216543172990725,0.9195635164572025,13.32463503749409,3.819110293316197,0.6894136321383028,3.036714453047073e-8,0.0025486340978835152
0.1035271976855583,0.0003935500754557775,1.1674024475731812,1.1639753513780988,13.759654502229182,3.7133120235270844,0.701027553952787,5.720654253214601e-8,0.002569502919834163
0.15238000978862376,0.0003935500754557775,1.5523510252149038,1.5468516451671377,14.645028296827377,3.606471765660525,0.7197131807272517,3.167478361416563e-8,0.002599788795563802
0.22225467472613084,0.0003935500754557775,2.182935103927008,2.174534152482238,14.236178910303124,3.5321296561638986,0.7506022679210766,1.3979569984407917e-7,0.002643170399959972
0.31973100640172986,0.0003935500754557775,1.1230341695737422,1.2227346998221122,15.191849771543389,3.5243615756063535,1.4096145354386753,1.5707963267948966,0.002862762507136892
0.4503854206619554,0.0003935500754557775,1.9711557817800696,1.9513979668242172,17.52300121578878,3.5846189897497784,1.5707961189738993,1.5707944486532546,0.002753728747717509
0.6142148866602788,0.0003935500754557775,0.7241409195573425,0.7194692769750617,25.584427109713147,3.676451877612598,1.570778463408914,1.5707831236534722,0.002839021223368449
0.7962942953533506,0.0003935500754557775,34.78993542477667,36.33912252610757,55.7266076462754,3.6926570849715485,1.5690533591551794,1.570732219149674,0.003361849456370202
0.9519063728925579,0.0003935500754557775,216.85755734126576,222.81911032783216,245.15664381397198,3.6940000000000004,1.5699457537959873,0.16355493793114162,0.0043172998331712
0.00011063852532153239,0.0005432503314924332,0.0003157123014858598,0.001099028395188384,12.691082852728186,3.7674706218988576,0.9287682441574945,1.5934507506262313e-6,0.0025056386245371136
0.00016580131664698346,0.0005432503314924332,0.0010497388618091463,0.0018317837849082252,12.691632163223403,3.7541464787331718,0.9288037306681752,1.960232598493347e-6,0.0025056896300694764
0.00024846521098166813,0.0005432503314924332,0.0021528140278945784,0.0029297825158494106,12.692446277420004,3.6967262392979725,0.9288603979852067,6.25920128917735e-7,0.002505796920775717
0.0003723378920799524,0.0005432503314924332,0.003811070313574305,0.004577494633153378,12.693673842866929,3.7093660286652326,0.9289332988367262,6.140697686117262e-6,0.0025059331282765817
0.0005579559825209103,0.0005432503314924332,0.006293358759435819,0.007045046399639432,12.695514659674473,3.751575506211698,0.9290573796578546,5.88295598365008e-7,0.002506146527700069
0.0008360827013363571,0.0005432503314924332,0.010013201880795464,0.01074804040318611,12.698272105280125,3.726112900652063,0.9292403044291447,5.587202918988905e-7,0.0025064726480204676
0.0012527904957664955,0.0005432503314924332,0.01560915786215844,0.016305610745462218,12.70240472152193,3.6453808734324404,0.9295051250879147,2.5744298617492465e-6,0.0025069601377616774
0.0018770574160454304,0.0005432503314924332,0.023973231488326974,0.02464791019295376,12.708619353902122,3.6273344245766057,0.9299189453599991,2.0155274013240805e-7,0.002507665462174607
0.0028121050796695033,0.0005432503314924332,0.03657333950981467,0.03718823497462154,12.717948894587948,3.668729699526636,0.9305155780809075,1.4509298004960394e-7,0.002508731681922284
0.004212286548437501,0.0005432503314924332,0.05553537447197243,0.05606390990220689,12.73199815123894,3.725497121353493,0.9314552658146514,1.3028108025413034e-7,0.0025103464439299684
0.006308162979393911,0.0005432503314924332,0.08414610697097658,0.08453846608979632,12.753167241828123,3.7882039265107346,0.9328232256016814,1.0514054745288366e-7,0.002512753879386603
0.009443564555314523,0.0005432503314924332,0.12745052438171456,0.12763631402577857,12.785194772583054,3.806174897826554,0.9348998656093631,8.300886957881189e-8,0.0025163672650932154
0.014129968295237355,0.0005432503314924332,0.19341206038876635,0.19319525441288476,12.833868144073676,3.8039353162695004,0.9380357222836612,6.176127407725902e-8,0.002521778046905718
0.02112539273271365,0.0005432503314924332,0.29431883257551306,0.29368491923303,12.9083522710348,3.826240462207487,0.9427742037197115,1.154492402120922e-7,0.002529878161871575
0.03154684409852525,0.0005432503314924332,0.4510191207922247,0.4495290560901992,13.023596527068776,3.843884816082732,0.9500373684263383,5.722752131306868e-8,0.0025420237305056235
0.04702598565396639,0.0005432503314924332,0.6983920054798176,0.6956811000901979,13.205025094636085,3.8400546874036006,0.9611876089059918,1.9388131873777952e-7,0.002560177476512057
0.06991408621192984,0.0005432503314924332,1.1010004755315066,1.0960911112505158,13.498925893855926,3.83418939107144,0.9785206921668081,9.459352447031516e-8,0.0025871702221142052
0.1035271976855583,0.0005432503314924332,1.4601270506592527,1.4536381931811633,13.999588475255223,3.774224287194141,0.6939948587784444,8.298970985687519e-8,0.002596066989451109
0.15238000978862376,0.0005432503314924332,1.969011352951341,1.9587424502689004,14.937441755780128,3.723412817230061,0.7099046220972958,2.338564167402944e-6,0.0026385302607850516
0.22225467472613084,0.0005432503314924332,2.7314895226133444,2.7161768839660994,14.794767056754608,3.6784044093790405,0.7376978690575932,2.0798218490488942e-7,0.002698595542614155
0.31973100640172986,0.0005432503314924332,1.9205982158472636,1.9633852132900387,15.80385864161417,3.6477803628783123,1.570796286510424,1.570602822717489,0.0030470922502671737
0.4503854206619554,0.0005432503314924332,2.3130953999186517,2.28954377894172,17.857832341023595,3.664313771818541,1.5707959074867355,1.5707963223155235,0.00289742976061285
0.6142148866602788,0.0005432503314924332,1.093538807623787,1.0844867041794686,25.372403978221087,3.712188320125226,1.570795930267173,1.5707908382717033,0.0029841086605462124
0.7962942953533506,0.0005432503314924332,34.63355666887145,37.202672653573984,58.50321520478201,3.71500891048218,1.5685087523453078,1.5706596929405936,0.0035048502730686427
0.9519063728925579,0.0005432503314924332,215.33375821091374,224.89573744984074,247.27711201186946,3.71542857142857,1.5696600116001784,0.09334383107954881,0.004424676854730603
0.00011063852532153239,0.0007498942093324559,0.00040026283053862244,0.0015026441163428217,12.691537711203296,3.784450640492101,0.9287540793305163,4.713222200888537e-6,0.0025057031248728965
0.00016580131664698346,0.0007498942093324559,0.0013371351312230217,0.0024364061678596727,12.69230840128887,3.755279017775015,0.9287988898431441,9.294563047791973e-6,0.0025057592372758567
0.00024846521098166813,0.0007498942093324559,0.0027441300302797345,0.0038348892422703784,12.693469023220246,3.700324445057868,0.9288437949718927,1.026245743686953e-6,0.002505876970848601
0.0003723378920799524,0.0007498942093324559,0.004852884740273566,0.0059330122114999995,12.69520051884092,3.7118538515315587,0.9289173414539272,8.359639641339398e-7,0.0025060548668676547
0.0005579559825209103,0.0007498942093324559,0.008022441114746925,0.00907918876330882,12.697802813586122,3.7490440218499446,0.9290225696275434,5.279854964353338e-7,0.0025063239829363287
0.0008360827013363571,0.0007498942093324559,0.012766137271754019,0.013801423041343241,12.70170310970957,3.7284735319864075,0.9291881927904403,1.1102751120814538e-5,0.002506735383665588
0.0012527904957664955,0.0007498942093324559,0.020026612083825057,0.02088074603548762,12.707557929553332,3.645078876728559,0.9294311026647211,3.2434216908725666e-7,0.0025073423854093963
0.0018770574160454304,0.0007498942093324559,0.030555127408462113,0.03151640681586798,12.716350355396798,3.6193903121723325,0.9297962890905598,4.4161177584149544e-7,0.0025082523830158394
0.0028121050796695033,0.0007498942093324559,0.04661909090958716,0.04750452855191156,12.729570546515674,3.675232507949822,0.9303501940361629,3.026523077470654e-7,0.002509626581621268
0.004212286548437501,0.0007498942093324559,0.07081332137914842,0.07157588335766718,12.749463589802758,3.724002611287603,0.9311779922516349,2.06095295891069e-7,0.0025116814803275286
0.006308162979393911,0.0007498942093324559,0.10731460089940015,0.10789992180200159,12.77948301582012,3.7608676686375424,0.9324200940835169,1.4777434431645623e-7,0.0025147567698276673
0.009443564555314523,0.0007498942093324559,0.16260948585325252,0.16289910779261163,12.82492505863172,3.776293979231955,0.9343014520691548,9.804253892220967e-8,0.0025193798960220517
0.014129968295237355,0.0007498942093324559,0.24681913337975914,0.24659149503582967,12.894045148468308,3.8033121909911545,0.937145597217274,1.407898886820467e-7,0.0025263221329858434
0.02112539273271365,0.0007498942093324559,0.3756757530324961,0.3748806193664791,12.999918477992424,3.8435748856440837,0.9414776596822219,1.1174498836302929e-7,0.002536777465159761
0.03154684409852525,0.0007498942093324559,0.5755624044773668,0.5736296223298183,13.16372190927666,3.8553607494662216,0.9481246343582685,5.119739495284016e-8,0.0025525178519753724
0.04702598565396639,0.0007498942093324559,0.8900752386418276,0.8862758465165683,13.420729230744996,3.83529115417831,0.9584295092976093,5.228887187938298e-8,0.0025762922247302223
0.06991408621192984,0.0007498942093324559,1.3960501945026067,1.3889781699508035,13.83192224678885,3.830650738167468,0.9746810160177336,3.408886761502387e-8,0.002612265823071721
0.1035271976855583,0.0007498942093324559,2.071247548476009,2.059220854428929,14.50833908063862,3.801838257959398,0.6808040105247635,1.1209352025546525e-7,0.002631913015700203
0.15238000978862376,0.0007498942093324559,2.9130908394115806,2.8931459771975057,15.674210526385195,3.775635959257695,0.6910201127465332,2.531928586271687e-7,0.0026917182799566157
0.22225467472613084,0.0007498942093324559,4.126437398888228,4.095313395071386,16.150308623852425,3.746329723816782,0.7117523902042463,9.271171267002603e-8,0.002776078771955311
0.31973100640172986,0.0007498942093324559,2.9135507614820426,3.070492311412451,17.561239162568313,3.713329158262027,1.5707952790721693,1.5700852296511874,0.003241249672199968
0.4503854206619554,0.0007498942093324559,3.1372348100787377,3.109396739040747,19.312055635171873,3.71874516436702,1.5707957502106737,1.5707959367843478,0.003095683997613471
0.6142148866602788,0.0007498942093324559,1.921335069670107,1.9053836884601338,25.473830836735488,3.7677757891024877,1.5707950241068156,1.5707942386830787,0.0031841102473911483
0.7962942953533506,0.0007498942093324559,34.66150131216054,38.63115136707992,62.563352896873425,3.7783593803730793,1.5676905139119057,1.5594932736223912,0.0037019782085156378
0.9519063728925579,0.0007498942093324559,213.40983400191686,227.94741132337168,250.3894120147819,3.7797142857142854,1.5693250736769184,0.01290705879207116,0.0045743302169095595
0.00011063852532153239,0.0010351421666793437,0.0003654033580886562,0.0019502725060220882,12.692028542872208,3.7340346210752324,0.9287489432000292,2.323763118190937e-6,0.0025057011915610955
0.00016580131664698346,0.0010351421666793437,0.0015239132032718317,0.00310770883352518,12.693045388202563,3.712260219022486,0.9287757915868284,2.236767535738938e-6,0.002505793291302833
0.00024846521098166813,0.0010351421666793437,0.0032699971763605618,0.004843628411322243,12.694570737842582,3.718711819326184,0.9288084290146388,8.686217388892746e-6,0.002505949642782746
0.0003723378920799524,0.0010351421666793437,0.005882870796824591,0.007444751104813463,12.69685728166894,3.7575796644668378,0.9288660336621614,1.7518926260753574e-6,0.002506136894799453
0.0005579559825209103,0.0010351421666793437,0.009814563607918103,0.011347430656542201,12.700289819622412,3.7852135614948454,0.9289438776568709,1.4696219310455504e-6,0.00250647046092598
0.0008360827013363571,0.0010351421666793437,0.015680359662866294,0.017203172318744464,12.70543862084105,3.7662276522620632,0.9290756435832699,6.812718534033368e-7,0.0025069338459810034
0.0012527904957664955,0.0010351421666793437,0.024507019084779813,0.02599607197380749,12.713165417096434,3.691289990469267,0.9292619099902802,7.729681694723856e-7,0.0025076291149719893
0.0018770574160454304,0.0010351421666793437,0.03776967115375385,0.03921157113791196,12.724784967306846,3.6597763063541153,0.9295483382796483,8.438529656359343e-7,0.002508680491468996
0.0028121050796695033,0.0010351421666793437,0.057738783562882645,0.05910228708113152,12.742282115392186,3.7159872606930624,0.9299667494793209,3.2087749771393816e-7,0.0025102644604525493
0.004212286548437501,0.0010351421666793437,0.08786355590179085,0.08910485265987234,12.76867279363671,3.7424740559298657,0.9306003542548233,3.6506035655189097e-7,0.0025126343361350297
0.006308162979393911,0.0010351421666793437,0.13345246658374776,0.13450347901090254,12.808634659682411,3.7375671436204465,0.9315633654830282,1.9867932676348614e-7,0.0025162100394210242
0.009443564555314523,0.0010351421666793437,0.2027945164215197,0.2035231963136681,12.869407045467824,3.7357353401423947,0.9330199678833737,1.8334965586917918e-7,0.002521578795894326
0.014129968295237355,0.0010351421666793437,0.30898165729554705,0.30918322274109755,12.96253776969752,3.78622451589503,0.9352307611295682,1.1415398440017763e-6,0.0025296563642224616
0.02112539273271365,0.0010351421666793437,0.4730604915170602,0.4725681736046994,13.10672394218625,3.840542807552982,0.9386232068538085,2.2947568326378906e-7,0.002541830193675578
0.03154684409852525,0.0010351421666793437,0.7307171064353497,0.7288852276104194,13.33327172324482,3.8564299077140864,0.9438808730633372,1.0818000488167067e-7,0.0025603522361554547
0.04702598565396639,0.0010351421666793437,1.143364672674906,1.1391576887671988,13.696483278363303,3.8568724911969507,0.952177113795545,6.109062258176203e-8,0.002588562120500533
0.06991408621192984,0.0010351421666793437,1.8223015245245193,1.8136692453544754,14.294374013064044,3.8576627123736555,0.9655827481565522,6.080835205679221e-8,0.0026319578335892873
0.1035271976855583,0.0010351421666793437,2.9762308891483116,2.959117292138771,15.308817122904316,3.850644285600339,0.9881132620629282,5.4783236805251284e-8,0.002699728706860964
0.15238000978862376,0.0010351421666793437,4.688702463906836,4.6536111346226505,17.071336061847774,3.8773819360185793,0.6588617005426649,2.508304854674782e-5,0.00275739888106088
0.22225467472613084,0.0010351421666793437,7.19260044678154,7.130541870746313,19.05005251991622,3.869882549979313,0.6649661509406679,1.4413869081525858e-7,0.0028784596782858297
0.31973100640172986,0.0010351421666793437,5.220046227422472,5.250563625708409,22.118521568998517,3.8167670700714416,1.570796088268892,1.56824955348281,0.003509617583129905
0.4503854206619554,0.0010351421666793437,4.930473150107744,4.8902702446244035,24.10353595346703,3.8805439297152797,1.5707963226850175,1.5707554648916304,0.003369213141432405
0.6142148866602788,0.0010351421666793437,3.6582488472294727,3.6297251897285605,26.558647855522167,4.121029650803036,1.5707952718479476,1.5707944098768605,0.0034597008540455656
0.7962942953533506,0.0010351421666793437,35.1858631603925,41.07034550175142,63.03624018901712,4.205901734849616,1.5663391577281527,1.4869032580615265,0.003973422717447451
0.9519063728925579,0.0010351421666793437,211.09953081996002,232.52302041541253,255.04674105114657,4.213000000000001,1.5686929258873443,0.011010491503588146,0.004782375703352931
0.00011063852532153239,0.0014288939585111028,0.000693345883533425,0.0019212836061086591,12.692033577683901,3.7133473885421284,0.9287202664599062,1.1980375964612077e-5,0.00250569352586466
0.00016580131664698346,0.0014288939585111028,0.0018357068853305236,0.00306431536215257,12.693053432116244,3.707297047675326,0.9287277158710465,9.057670610822236e-6,0.002505773764749049
0.00024846521098166813,0.0014288939585111028,0.003546306246747122,0.004778053625329903,12.694582525660849,3.753554873028172,0.9287421214146625,4.733938864662173e-6,0.0025059058353232096
0.0003723378920799524,0.0014288939585111028,0.006117245218845824,0.007348221087767115,12.696875489859508,3.7917872087541293,0.9287640714861006,4.575504808627076e-6,0.0025060998854898363
0.0005579559825209103,0.0014288939585111028,0.009977763858373123,0.011203989973722628,12.700316501017141,3.8078231208644757,0.9287956342606669,4.007799246295148e-6,0.0025063919578596013
0.0008360827013363571,0.0014288939585111028,0.015781371984971315,0.01699177318015188,12.705481980697982,3.7941910040868003,0.928841753579952,5.969721116160046e-6,0.002506804903713684
0.0012527904957664955,0.0014288939585111028,0.024530067644377596,0.025685519756947883,12.713242198566604,3.7214849374445347,0.9289182050997875,2.6713449350031533e-6,0.002507489494077569
0.0018770574160454304,0.0014288939585111028,0.03774240919476313,0.03876141579719672,12.724917662996518,3.6869600109820055,0.9290249738798361,4.062783779652184e-6,0.0025084931049047005
0.0028121050796695033,0.0014288939585111028,0.05721591529477621,0.058461933525549625,12.742517452634388,3.742670688405926,0.9291952662025788,1.0105244662458557e-6,0.00250997480410547
0.004212286548437501,0.0014288939585111028,0.08696863050400339,0.08822370835933668,12.769114096561111,3.7791410874562392,0.9294427217607073,1.5923213715730387e-6,0.0025121862927204404
0.006308162979393911,0.0014288939585111028,0.13210215909083445,0.13336389830341489,12.809496300213482,3.7934360448344364,0.9298244439522665,9.356883020559652e-7,0.002515527306745555
0.009443564555314523,0.0014288939585111028,0.20096860673106676,0.2022374027349514,12.871185987367767,3.7904700454889113,0.9304048370069086,9.59241543638878e-7,0.0025205538194919093
0.014129968295237355,0.0014288939585111028,0.30701083308224497,0.3082574257048236,12.966325124743435,3.8048464591271527,0.9313016519396653,7.276003948767392e-7,0.0025281380793678405
0.02112539273271365,0.0014288939585111028,0.4724525370066175,0.4736210392337057,13.115114570562127,3.860517151376581,0.9327028202021387,4.7446740909912716e-7,0.0025396057269050708
0.03154684409852525,0.0014288939585111028,0.7357859142471028,0.7366152146692144,13.352629031949732,3.9234778331332416,0.9349308509487048,5.252855313759183e-7,0.002557024359315667
0.04702598565396639,0.0014288939585111028,1.1665050955958804,1.167009322764173,13.743261264498642,3.9911040112791856,0.9385834801156799,2.2663555135103192e-7,0.0025836410714236346
0.06991408621192984,0.0014288939585111028,1.9021469126848984,1.9011747990893753,14.413810442612316,4.020129738312425,0.9447665841504522,5.324423726479453e-7,0.0026247009762728024
0.1035271976855583,0.0014288939585111028,3.2343404926372585,3.2291172542001902,15.635461198456483,4.025156787204904,0.9557303685601034,1.7990066722110935e-7,0.002688724307098126
0.15238000978862376,0.0014288939585111028,5.84108714192304,5.82368732856348,18.19397422982604,4.050319431853159,0.9765053789605808,6.010547823916933e-8,0.0027905837801517103
0.22225467472613084,0.0014288939585111028,11.265636451538185,11.199727663130787,22.85221560130151,4.036914612269084,0.5966454031778833,0.18010512374591064,0.0029661705448228975
0.31973100640172986,0.0014288939585111028,9.388510318707333,19.92427185278673,31.246009210424518,3.9823115601926933,0.5852416564387024,0.18140377284043052,0.0032182751135007093
0.4503854206619554,0.0014288939585111028,8.56277825790771,27.156962655987982,38.05767281371345,4.205484344396747,0.6419478011421818,0.04087125610807532,0.0035181577221875746
0.6142148866602788,0.0014288939585111028,7.1449693155751675,7.093001866199629,30.506669303329772,4.779491645777746,1.5707963110676382,1.570546126134993,0.003839244261537708
0.7962942953533506,0.0014288939585111028,36.909032681837516,45.385283297205305,70.36845204503777,4.950037405721131,1.5635521368885712,1.450020869848094,0.004347306388820726
0.9519063728925579,0.0014288939585111028,208.5812393890319,239.55664545150063,262.19082613280455,4.958142857142856,1.5678436369653848,0.007325462835033954,0.005071269610008441
0.00011063852532153239,0.0019724227361148546,0.0006129647822064044,0.0006495870513134605,12.690815604086424,3.7055658746658056,0.9286719508046898,0.004202243221498637,0.0025056067995272158
0.00016580131664698346,0.0019724227361148546,0.001049009773893772,0.0011582038782336213,12.691228498125156,3.7188389695380413,0.9286586841828004,0.005141537338139506,0.0025056510756878074
0.00024846521098166813,0.0019724227361148546,0.001801161831096465,0.0019206967814824338,12.691847070244535,3.788909140785474,0.9286409519157023,0.0062777570961136215,0.002505721905887594
0.0003723378920799524,0.0019724227361148546,0.0032871953890065697,0.00306398255840179,12.692774764476667,3.821251695322499,0.9286085074111798,0.007695463134221284,0.0025058214477304943
0.0005579559825209103,0.0019724227361148546,0.004608479920392483,0.0047786957073157055,12.694166420607075,3.8256786314365114,0.9285630957119516,0.009414395130304348,0.0025059757765810175
0.0008360827013363571,0.0019724227361148546,0.0071455586922581915,0.007351458525519661,12.696254854232848,3.8083234189789508,0.9284962578254667,0.011516237714777777,0.0025062051692600895
0.0012527904957664955,0.0019724227361148546,0.010945682751824393,0.011213948203547375,12.699394469014237,3.733632444330542,0.9283957074518682,0.014102544885099025,0.002506550973349143
0.0018770574160454304,0.0019724227361148546,0.016658077531815252,0.017017884383676574,12.704105693213137,3.697623783449595,0.9282440322167178,0.017252610894740585,0.0025070675947984015
0.0028121050796695033,0.0019724227361148546,0.025262066842643094,0.025750813621655766,12.713353592195858,3.7484410148733236,0.9280171115279625,0.021092230157437036,0.0025078462474094616
0.004212286548437501,0.0019724227361148546,0.038238228671772845,0.0389172727233813,12.723273153885998,3.7833021182490434,0.9276771361615248,0.025830441319570123,0.002509008470546828
0.006308162979393911,0.0019724227361148546,0.057881951729612524,0.05882799122606741,12.738770930658234,3.8050203157184854,0.927167346031286,0.03159418046589077,0.002510759398668631
0.009443564555314523,0.0019724227361148546,0.08760068289444689,0.08907401368045953,12.762946239702046,3.809926802124678,0.9264036562112127,0.03863074560141706,0.00251339419377411
0.014129968295237355,0.0019724227361148546,0.1331374414366593,0.13533322342092902,12.800750679199837,3.8365252948995967,0.9252589150220939,0.04720258156198402,0.002517366360270688
0.02112539273271365,0.0019724227361148546,0.20349462484652747,0.20680924662781308,12.86029967735442,3.9099219439308923,0.9235421281640102,0.057625773096431035,0.0025233712949698527
0.03154684409852525,0.0019724227361148546,0.3138617614249739,0.3189579068403674,12.952313778199027,4.005227572557187,0.9209682262484999,0.07025297710241478,0.002532488962297065
0.04702598565396639,0.0019724227361148546,0.4910544115443116,0.4990469398578625,13.102735057648147,4.091439947018627,0.9170999720301118,0.0854752077914484,0.002546401878272835
0.06991408621192984,0.0019724227361148546,0.7856723662994654,0.7985275653145578,13.356079656799011,4.116170415326387,0.9112621343145227,0.1037063008672812,0.0025677678756146783
0.1035271976855583,0.0019724227361148546,1.3015442591085389,1.3234881487431238,13.807923537157876,4.126896490955067,0.9023332703973805,0.12544686900322968,0.002600727734470942
0.15238000978862376,0.0019724227361148546,2.278050746834623,2.3180731635749083,14.683993850429943,4.143307803424244,0.8880873308284637,0.15196281778363513,0.002651159704610983
0.22225467472613084,0.0019724227361148546,4.3276065156115635,4.408587363530401,16.584189189429708,4.123387255437372,0.8623918834815791,0.1893854570404529,0.0027242230035773246
0.31973100640172986,0.0019724227361148546,9.025590955656426,9.203405374693801,21.147366697108623,4.084815903355975,0.8061294027306255,0.26624295575555185,0.0028191060274912463
0.4503854206619554,0.0019724227361148546,15.576856579434931,19.68643662850765,31.67241880512597,4.307271710295826,0.6955360775073515,0.4269719548797415,0.0029988871536398313
0.6142148866602788,0.0019724227361148546,13.949526539943562,28.288038141263414,38.91247682331755,4.868235119366416,0.9148476174593339,1.5523777177041935e-8,0.004012124083587147
0.7962942953533506,0.0019724227361148546,41.31666206660685,130.97604916349883,150.55299145132835,5.041701676964019,0.007812074801278492,1.18159339627313,0.0025746867273093808
0.9519063728925579,0.0019724227361148546,206.4196668758969,279.8497226386422,304.52037173508495,5.050142857142857,0.00510051311078965,6.279392984490698e-5,0.002575193334898114
0.00011063852532153239,0.0027227013080779123,0.00013926244521655917,0.0,12.69023882078261,3.731486504218772,0.9286647090369051,0.009657168668253837,0.0025054925351292276
0.00016580131664698346,0.0027227013080779123,0.0003447423381999215,0.00018454820501290214,12.690363773213221,3.760913738849535,0.928647890984222,0.011823054175249119,0.0025054821337861756
0.00024846521098166813,0.0027227013080779123,0.0006349099590181595,0.0004611643642249419,12.690551033044244,3.8410974817130463,0.928621862241375,0.014475833615018094,0.0025054657169524893
0.0003723378920799524,0.0027227013080779123,0.0010807096113296666,0.0008758166089108954,12.690831835275958,3.850134120977793,0.9285842558849322,0.017718414910033765,0.002505441717093479
0.0005579559825209103,0.0027227013080779123,0.0017468168750554014,0.0014974715935949234,12.693725124885304,3.8341953633188397,0.9285255009928872,0.02168044328690438,0.0025054052598561948
0.0008360827013363571,0.0027227013080779123,0.002709994090054124,0.002429652964465845,12.693559790861514,3.811331681255231,0.928439986532305,0.02655196188752711,0.0025053500088933985
0.0012527904957664955,0.0027227013080779123,0.004236191491600039,0.003827898521862494,12.693742949491252,3.754954012115284,0.928310945704261,0.032507619633694494,0.00250526822927987
0.0018770574160454304,0.0027227013080779123,0.01605982651065574,0.0059261661755130035,12.694545887785807,3.741340860470511,0.9281169341540696,0.03980116211853659,0.0025051456751204117
0.0028121050796695033,0.0027227013080779123,0.009750607335732298,0.00907703714247532,12.696400310670128,3.7851829350429624,0.927826744809311,0.04878147204058839,0.002504960653573436
0.004212286548437501,0.0027227013080779123,0.014730833789826647,0.013813229410743588,12.699989897892237,3.8211029809113013,0.9273910692143753,0.059693121786700575,0.0025046852916567088
0.006308162979393911,0.0027227013080779123,0.022235137874005773,0.020942979074547452,12.706399124584436,3.8744932397013847,0.9267372780905019,0.07311229304667025,0.002504269665641376
0.009443564555314523,0.0027227013080779123,0.03357938118951154,0.03169938965670838,12.711892308668553,3.9252172167380515,0.9257543200461682,0.08958385339569411,0.0025036485012822985
0.014129968295237355,0.0027227013080779123,0.050751424312167615,0.047979326971173464,12.723158993516563,3.9902903314675773,0.9242763805605196,0.10981495005001927,0.0025027132974150346
0.02112539273271365,0.0027227013080779123,0.07684113485021271,0.07273406770757163,12.740468847512943,4.082859473581722,0.922048551040837,0.13470283271023759,0.002501304523525087
0.03154684409852525,0.0027227013080779123,0.11677560041782442,0.11062634391869608,12.767359301147621,4.197895349411458,0.918680923112165,0.16539594815416148,0.0024991775547746065
0.04702598565396639,0.0027227013080779123,0.17839577452170374,0.16916930362864946,12.809762987394038,4.259037138594123,0.9135677648508073,0.2033751988257836,0.002495954477702782
0.06991408621192984,0.0027227013080779123,0.27474075508057183,0.2607590705281382,12.877952178367423,4.23037711194224,0.9057477390832264,0.25063220858234647,0.0024910395513934804
0.1035271976855583,0.0027227013080779123,0.42762459912033535,0.406386949272715,12.990282720869686,4.272660597996708,0.8936569567178417,0.3098671027269221,0.002483473905633219
0.15238000978862376,0.0027227013080779123,0.6750913782042574,0.6425083984553766,13.180531440642767,4.323603654123712,0.8746238282164008,0.3849909801920494,0.002471638574286568
0.22225467472613084,0.0027227013080779123,1.0842096248757258,1.0338179675342047,13.512325294039897,4.287072874047382,0.8437554063863995,0.4820669898982368,0.0024525921442445924
0.31973100640172986,0.0027227013080779123,1.7763659696992136,1.6977898221474277,14.108985846402675,4.240483176640046,0.7910517432245279,0.6118037284275695,0.0024203258686696493
0.4503854206619554,0.0027227013080779123,2.9895885498276584,2.8646421430180737,15.234490450811563,4.503230820920273,0.6920199383023214,0.7974537021569561,0.0023612133516648652
0.6142148866602788,0.0027227013080779123,5.399207602634689,5.170293182772625,17.729940096666496,5.077555002872277,0.454233644226352,1.1044370870229532,0.002309360294404662
0.7962942953533506,0.0027227013080779123,40.66801113506648,42.37927315567849,59.267437820595774,5.241954829151586,0.0025620345778963436,1.5693153498244268,0.0025730594575643956
0.9519063728925579,0.0027227013080779123,205.99523966828633,243.88322359184878,267.490268558263,5.248285714285713,0.002430018846878739,0.0008379208809229439,0.0025743797451488527
0.00011063852532153239,0.0037583740428844413,0.004072692219352803,0.005562622987341115,12.695338451733392,3.7409202372881016,0.9287955620168915,0.012267307913786855,0.002505439564869452
0.00016580131664698346,0.0037583740428844413,0.007068994199599388,0.008521798683702286,12.6980074406315,3.7868471146398015,0.9288436352751797,0.015022184846924622,0.0025054026791155033
0.00024846521098166813,0.0037583740428844413,0.011576541384499706,0.012957788980301643,12.702009426511722,3.850226031117253,0.9289173879982078,0.018387647923323248,0.0025053489625326423
0.0003723378920799524,0.0037583740428844413,0.01832835843836733,0.019608600887124794,12.708009571418415,3.8304189738400662,0.9290242877689225,0.022505465070175413,0.0025052639457380332
0.0005579559825209103,0.0037583740428844413,0.02846453398142046,0.029582269588686927,12.719097874108456,3.8008683148053097,0.929187625526459,0.027552977993176717,0.0025051427104642054
0.0008360827013363571,0.0037583740428844413,0.04368387385895289,0.0445438492221939,12.731814412702875,3.7864003525150562,0.9294290244590266,0.03372252162291341,0.0025049550761107988
0.0012527904957664955,0.0037583740428844413,0.06651613010039625,0.0669987151520246,12.75138541384024,3.7521709232619136,0.9297927650158042,0.04127903853174146,0.0025046805280578006
0.0018770574160454304,0.0037583740428844413,0.10081697713020787,0.10072372883081471,12.781388521115105,3.75328852704985,0.9303377664103732,0.05057018151720184,0.00250427524640013
0.0028121050796695033,0.0037583740428844413,0.15230314034175763,0.15142756213339226,12.827281787475727,3.803300228198289,0.9311508973470348,0.06184438045928396,0.002503676520053518
0.004212286548437501,0.0037583740428844413,0.22995172851507562,0.22777021277170206,12.897439381431468,3.852315737672556,0.9323670787816014,0.0756890591480646,0.002502806273970654
0.006308162979393911,0.0037583740428844413,0.3470069572218364,0.3429501859952637,13.001258102609768,3.9334410915051854,0.9341812194597571,0.09262290880364567,0.0025015587063806173
0.009443564555314523,0.0037583740428844413,0.5241320829514109,0.517193617419295,13.160429119147011,4.02966107953871,0.9368797807082813,0.11332532870384072,0.0024998131155966946
0.014129968295237355,0.0037583740428844413,0.7930220619908539,0.7816572123603152,13.403380044054188,4.129688060665443,0.9408755251661386,0.13861959294939974,0.002497466922518855
0.02112539273271365,0.0037583740428844413,1.2025764801215928,1.184435776252883,13.776201250503277,4.208135548350385,0.9467448839117059,0.16950528378950572,0.00249452732205179
0.03154684409852525,0.0037583740428844413,1.8278309688571426,1.7992695187004273,14.350833274614388,4.3072089681623416,0.9552460332952326,0.2071957319475907,0.0024913154981608
0.04702598565396639,0.0037583740428844413,2.7803279581196136,2.7363483448514074,15.236834830254907,4.357836449567381,0.9672531873174071,0.25319510749792246,0.0024888483159389426
0.06991408621192984,0.0037583740428844413,4.217384518488785,4.150892228751218,16.59138822735497,4.319624468332033,0.983464245600139,0.30947575875566885,0.0024893692038823008
0.1035271976855583,0.0037583740428844413,6.337228785037638,6.239649043171269,18.61705048412125,4.374826227691043,1.0036518509966197,0.37875232591844177,0.0024966278619117242
0.15238000978862376,0.0037583740428844413,9.354925305809019,9.2163006965624,21.53824216716339,4.434658964098591,1.0253340013435086,0.4646514507293415,0.002514801550228147
0.22225467472613084,0.0037583740428844413,13.446656725017604,13.252977878992226,25.54541686604898,4.393545949946677,1.0422728079438892,0.5703756114149967,0.002543698323778161
0.31973100640172986,0.0037583740428844413,9.588090445623223,18.28397571926307,30.58314419957719,4.34298848567065,1.0443992578380934,0.6980461170181586,0.0025641923903817624
0.4503854206619554,0.0037583740428844413,9.122884632221485,23.449813554265702,21.42763543172839,4.608235853923329,1.0222316106220795,0.8706944125859766,0.0024979081335550833
0.6142148866602788,0.0037583740428844413,7.972254587888429,8.087978162831561,20.17052715234024,5.13803315623059,1.5707953885356105,1.5707963267948755,0.001368837212228476
0.7962942953533506,0.0037583740428844413,45.49401090113952,45.03961777149938,61.14463365346819,5.2697468478124305,1.3120491511244132,1.498793742036038,0.0009183929592800734
0.9519063728925579,0.0037583740428844413,209.65759056227313,212.21107518945593,234.56826451291408,5.271857142857141,0.001287345624695843,0.26460695449242116,0.0025731642169367214
0.00011063852532153239,0.005188000389289612,0.014789438919677877,0.015027890031888091,12.703271879127442,3.8463660006947133,0.9289225309407747,0.01060476113699313,0.002505206071452997
0.00016580131664698346,0.005188000389289612,0.022565033577023996,0.022716981130798786,12.709908821261365,3.873462350755886,0.9290367904171714,0.012986304192057527,0.0025050536372666064
0.00024846521098166813,0.005188000389289612,0.03424328926318765,0.034254227938077975,12.719872926895391,3.9038679086510055,0.9292052518708336,0.01590575303868433,0.002504824378315803
0.0003723378920799524,0.005188000389289612,0.051779403559805814,0.05157606374405077,12.73484402061331,3.851920114020779,0.9294574829312079,0.01948582255972094,0.0025044804189107627
0.0005579559825209103,0.005188000389289612,0.07813368899569184,0.0776063100339428,12.757367303010142,3.8090305396380963,0.9298372367395304,0.02387789826963682,0.002503969274059893
0.0008360827013363571,0.005188000389289612,0.11779873113319184,0.11677527124783182,12.791315841560618,3.8159064977721484,0.9304049253615106,0.029280328618200048,0.002503203693141706
0.0012527904957664955,0.005188000389289612,0.1776004324573961,0.1758299441810749,12.842624988430543,3.815240224165454,0.9312580184561047,0.03593349832266504,0.002502064481522257
0.0018770574160454304,0.005188000389289612,0.2680416435793518,0.2651182116878772,12.920479369599207,3.8210582792936183,0.9325384126158229,0.04415269466887499,0.0025003726311897253
0.0028121050796695033,0.005188000389289612,0.4053738740689994,0.4006621938033845,13.03976491629669,3.8768622150040244,0.9344624738897345,0.0543534153594056,0.0024978735779890844
0.004212286548437501,0.005188000389289612,0.6151362890775403,0.607571891982758,13.221923996937107,3.939812943248288,0.9373572581333917,0.06706916906579063,0.002494204488438123
0.006308162979393911,0.005188000389289612,0.9378068278419533,0.9257576817393556,13.50608925617098,4.045436930533954,0.9417195359564967,0.08308027051305371,0.002488886180598113
0.009443564555314523,0.005188000389289612,1.4390833179705282,1.4195324478500595,13.951475824270688,4.226649065693197,0.9483071875351671,0.10347361331835639,0.00248131906734494
0.014129968295237355,0.005188000389289612,2.225671256152893,2.1933777731031086,14.661949809807993,4.459843221404151,0.9582843321225281,0.12990328641630114,0.002470904107778913
0.02112539273271365,0.005188000389289612,3.4700885574158917,3.415596705885477,15.806795752975404,4.520161292667817,0.9734576064512538,0.16505845961816468,0.002457478204074505
0.03154684409852525,0.005188000389289612,5.437655955643834,5.343894479930043,17.65619796916576,4.551395488991193,0.9966900158105557,0.21377067756005322,0.0024427986537914684
0.04702598565396639,0.005188000389289612,8.467577830562277,8.306198219674258,20.578848512609852,4.553255260863321,1.0326015723449096,0.285575586974472,0.002435478733754844
0.06991408621192984,0.005188000389289612,12.662901452960995,12.40550412214752,24.776023444974612,4.501658231698249,1.0874569037624289,0.40111342475562556,0.0024636627643141963
0.1035271976855583,0.005188000389289612,16.645902239956598,16.337723602561752,29.03713386025288,4.565847321346091,1.1599303653921427,0.6624350388426399,0.0025548596985852257
0.15238000978862376,0.005188000389289612,16.31088714068204,16.104852751740808,29.200064933601993,4.622038302897866,1.243097931445533,1.2970104892267782,0.0026346524688569666
0.22225467472613084,0.005188000389289612,10.5088983125069,10.447074569030462,23.839156410701776,4.583259207149521,1.3471006283895544,1.501029421754456,0.0026789319442213355
0.31973100640172986,0.005188000389289612,2.278347985788429,2.2669018229184132,15.519619433540129,4.546134534629704,1.5707962987970172,1.5707675282377516,0.0027168856300081455
0.4503854206619554,0.005188000389289612,4.530507790403789,4.456216437205924,16.155217352590626,4.63537134009879,1.5707960769866618,1.5707959673173806,0.0028822022951262116
0.6142148866602788,0.005188000389289612,2.4845674244429006,2.459999559894129,14.673684914450291,4.785844227753957,1.5707963267948923,1.5707660292713983,0.00279488898190791
0.7962942953533506,0.005188000389289612,34.19295556463874,33.678550191255795,49.75362791828866,4.822714285714287,1.5707963162345648,1.5679834234985237,0.002260597323707702
0.9519063728925579,0.005188000389289612,206.25989553560754,204.72383816755757,226.37229113534102,4.822714285714287,3.6168827463400984e-5,0.7569560275594294,0.0025727184540733907
0.00011063852532153239,0.007161434102129023,0.039872141878944944,0.03925726265926244,12.723488627389429,4.0259409677693085,0.928826006172782,0.00646141769439413,0.002504805853694007
0.00016580131664698346,0.007161434102129023,0.06031372497838561,0.059127225061047284,12.74031149002144,3.9942281725036897,0.9288938338700765,0.007934375993639827,0.0025044603825715426
0.00024846521098166813,0.007161434102129023,0.09011180383105,0.089043296374129,12.765671240248139,3.97119644541589,0.9289896771274279,0.009747421845634196,0.0025039334723055916
0.0003723378920799524,0.007161434102129023,0.13568463695176547,0.134187547613692,12.804009581238802,3.9279279297626437,0.9291329470848346,0.012012287827455477,0.0025031438491410376
0.0005579559825209103,0.007161434102129023,0.20473009026775912,0.2025416880518094,12.862214170974653,3.898825868757507,0.9293589976374551,0.0148215014316757,0.002501976509946083
0.0008360827013363571,0.007161434102129023,0.30971955163450104,0.3065528134630142,12.951124865083784,3.9149238639986366,0.929697918264845,0.018385418945910743,0.0025002294243025936
0.0012527904957664955,0.007161434102129023,0.4707639268212347,0.46596744368893894,13.088153476228968,3.9324319446119866,0.9302181217184885,0.022947602186708056,0.0024976323639702884
0.0018770574160454304,0.007161434102129023,0.7253908760670811,0.7128414839099975,13.302014808902982,3.976021865756973,0.9310253270422567,0.02886409238536547,0.0024937875600034598
0.0028121050796695033,0.007161434102129023,1.1122717578143693,1.1007717312395044,13.641643076328592,4.0731647668446,0.9322975179216363,0.03673955162994914,0.002488134760062732
0.004212286548437501,0.007161434102129023,1.7412123622926998,1.7226253184501132,14.193662608486079,4.169424862204951,0.9343396482553558,0.047381630760533144,0.0024798923181597334
0.006308162979393911,0.007161434102129023,2.7769017502143214,2.745879441445055,15.117947724168857,4.286564278512427,0.9377016604024426,0.06221679851956704,0.002468055179667706
0.009443564555314523,0.007161434102129023,4.538851856914434,4.485060730504472,16.720668293001836,4.503933996414051,0.9434060010995166,0.08348145570433292,0.002451475992309037
0.014129968295237355,0.007161434102129023,7.6490040395933505,7.5518886154588785,19.610044928743946,4.800915770019925,0.9533805175903436,0.11505945930283151,0.0024291927392623616
0.02112539273271365,0.007161434102129023,13.341641249211918,13.159401631229258,25.012355373607534,4.861391516096466,0.971353138236138,0.16464193778946662,0.002401699669300366
0.03154684409852525,0.007161434102129023,24.02115964871672,23.66929664452563,35.3613027988971,4.839075282532382,1.004925651318827,0.2509738286729938,0.00237586960661809
0.04702598565396639,0.007161434102129023,43.70314791262976,43.02563214667198,54.91503752098083,4.79405923645235,1.0729809560968768,0.43846739053262207,0.002393779083523737
0.06991408621192984,0.007161434102129023,70.29165475919746,69.30332311019596,83.9459674851181,4.741444811803807,1.2498243713053763,1.366148492315986,0.0029410908814592263
0.1035271976855583,0.007161434102129023,73.0166918535244,72.31450166288333,89.4147082380423,4.801682477117273,1.3640586934002599,1.5707961356530356,0.0037912392819802864
0.15238000978862376,0.007161434102129023,58.99073584603994,59.461227279072844,76.36107537765338,4.861439066002999,1.5707963054016454,0.8853734487162438,0.00397504008743071
0.22225467472613084,0.007161434102129023,37.45912339509087,37.122949329009714,52.45538378333106,4.831976632117595,1.5707963087776131,1.1423098103133416,0.004388133667680894
0.31973100640172986,0.007161434102129023,27.40990946011135,26.93239880647927,40.76929277664715,4.787954322066172,1.5707957100072247,1.5706592062325913,0.0046852968046426765
0.4503854206619554,0.007161434102129023,29.02816326716126,28.535858219819076,40.69562483492405,4.824265294036887,1.5707961113318512,1.57078420103925,0.0048361620203458446
0.6142148866602788,0.007161434102129023,23.546367486377193,23.167322911884256,35.62723857823312,4.875260012260497,1.5707959803324145,1.570796326744736,0.004741065867671466
0.7962942953533506,0.007161434102129023,44.854425444592636,44.10360981311011,60.072616442521735,4.886428571428572,1.5707936874255297,1.5667269164181161,0.004162988539456103
0.9519063728925579,0.007161434102129023,205.22832994745738,203.65484236710518,225.41657005071534,4.886428571428572,1.5544030666276432,0.6175776111534896,0.0025106823008425234
0.00011063852532153239,0.009885530946569389,0.045674650025787855,0.045279949616954696,12.725106412790637,4.034391971457053,0.9287608475170379,0.003159648525182624,0.0025048150510195316
0.00016580131664698346,0.009885530946569389,0.06861664051776017,0.06829841908042056,12.742878865777698,4.010388534950077,0.9287925950890302,0.003881583238112658,0.002504466797582412
0.00024846521098166813,0.009885530946569389,0.10337019008886728,0.10311416035015952,12.769840920354909,3.9915699271495226,0.9288387944542837,0.004791474414173661,0.002503945018108305
0.0003723378920799524,0.009885530946569389,0.1561722780494108,0.15600817592942917,12.810983831586555,3.9429971145904856,0.9289099472770018,0.005933083431891228,0.0025031641493690896
0.0005579559825209103,0.009885530946569389,0.23693975229808473,0.23689028148135094,12.874292070894512,3.9029474545968603,0.9290220424034867,0.007414136472195573,0.0025019969679012273
0.0008360827013363571,0.009885530946569389,0.3543135775362174,0.3617283661871511,12.972880006892979,3.924848523969979,0.9291892286258977,0.009327246636179893,0.0025002500874774744
0.0012527904957664955,0.009885530946569389,0.45183893452310997,0.5569625407798071,13.128966026273133,3.9503691762001023,0.9294506532020856,0.011867256238026333,0.0024976431066984087
0.0018770574160454304,0.009885530946569389,0.6187297785882748,0.867861195780705,13.381602078418155,4.0004625791869355,0.9298616917364273,0.015338506569960731,0.0024937569732617552
0.0028121050796695033,0.009885530946569389,0.9155203449661542,1.3749632612187384,13.802293461746103,4.126520154613336,0.930521911016635,0.020202249678241253,0.0024879789639322882
0.004212286548437501,0.009885530946569389,1.4654357373494804,2.2275511320736285,14.527343634342401,4.2476290687419995,0.9316099909699755,0.02723732657361956,0.0024794184705418335
0.006308162979393911,0.009885530946569389,2.5266779136542965,3.7137210213777934,15.826669865106169,4.364628569932522,0.9334591633747682,0.03773104261506954,0.0024667975911191195
0.009443564555314523,0.009885530946569389,4.652655531957777,6.410195618949757,18.252680168430857,4.585264920068711,0.9367112433023848,0.05401973194823211,0.002448311240425368
0.014129968295237355,0.009885530946569389,9.052412725272049,11.506957420581372,22.965326227966557,4.91564451262037,0.9426301847506287,0.08083411756765098,0.002421456961586359
0.02112539273271365,0.009885530946569389,18.406049795255242,21.51155254250652,32.44396892965267,4.998657214583534,0.9537755362893507,0.13088701508013387,0.002382872550717836
0.03154684409852525,0.009885530946569389,38.731089312489274,41.71776400705299,51.98920426227346,4.975694921313004,0.9755168908208233,0.2529187238788376,0.002328247131748619
0.04702598565396639,0.009885530946569389,78.86257342915508,81.98615447807892,91.93271479284704,4.932486040429076,1.0228140402925348,0.7910491067200518,0.0022484674672125456
0.06991408621192984,0.009885530946569389,156.93819510905575,155.80389733605966,167.17107116487568,4.893845448880517,1.1106159164252638,1.4448721195614098,0.0021698851982948973
0.1035271976855583,0.009885530946569389,157.64038708858055,157.70823335679546,175.88273340671265,4.937222697196806,1.5707963267948966,0.14767635231671636,0.005999996968017911
0.15238000978862376,0.009885530946569389,137.88162729102484,166.59196245307436,187.2630596529541,4.9829700437970335,1.57079632679478,1.5698323710072346,0.005999996968017911
0.22225467472613084,0.009885530946569389,119.18334301194056,287.8688186806762,300.85071571665515,4.96309303381173,1.5707963267948966,1.5707963267948966,0.005999996968017911
0.31973100640172986,0.009885530946569389,110.06053358347705,678.0724478609505,693.8726031453837,4.927560673955716,1.5707963267809355,1.5707962424080093,0.005999994829280887
0.4503854206619554,0.009885530946569389,111.77168695269364,1305.9617373431968,1437.217225286846,4.955939989463481,1.5707963267948966,1.5707963267948966,0.005999996968017911
0.6142148866602788,0.009885530946569389,101.40549851826938,892.7617784921877,1018.1647932878489,4.998480723481088,1.5707963267948966,1.5707963267948966,0.005999996968017911
0.7962942953533506,0.009885530946569389,107.6504195870586,173.58541981788767,187.4106384526491,5.006857142857144,1.570796267773218,1.570796321857993,0.005999996968017911
0.9519063728925579,0.009885530946569389,220.17055845887342,218.6851900057962,240.1444809382723,5.006857142857143,1.5164403665263746,0.8182461471744518,0.0039248820211594095
0.00011063852532153239,0.013645831365889252,0.015822300574825476,0.015197744109357814,12.693999462439706,3.994811627040197,0.9288280080216811,0.0006816915937145407,0.002505017869112373
0.00016580131664698346,0.013645831365889252,0.02391764041347244,0.023243503775745467,12.696284793302311,3.9889359328937912,0.9288890965762967,0.00085698127500242,0.0025047806448401395
0.00024846521098166813,0.013645831365889252,0.03639339748082193,0.035654283296395306,12.70006610266239,4.018146957604544,0.9289839296475709,0.001019672017280769,0.002504413051747308
0.0003723378920799524,0.013645831365889252,0.055900120871072545,0.055046866184937926,12.706522210380058,3.998122674250817,0.929123509656215,0.001264768320770546,0.002503865048240111
0.0005579559825209103,0.013645831365889252,0.08688796429488832,0.0858918176328558,12.717995534046167,3.96233792235288,0.9293382739949037,0.0015054190612629442,0.0025030401245499994
0.0008360827013363571,0.013645831365889252,0.13730051472208515,0.136123217256511,12.73921622668206,3.9754297807548564,0.9296585049188449,0.0018228836639503606,0.0025018049838865684
0.0012527904957664955,0.013645831365889252,0.22191981208867162,0.22040710621601534,12.780072193192723,4.00581244284781,0.9301382054941019,0.0022017780691676765,0.0024999497967556853
0.0018770574160454304,0.013645831365889252,0.36908340491312686,0.36696992234571724,12.861656086465018,4.092378891932099,0.9308585228760858,0.002633331968771631,0.002497162205047218
0.0028121050796695033,0.013645831365889252,0.6353480856527227,0.6321879100154462,13.02974023057277,4.235186492831544,0.9319406597742909,0.0031208831545331958,0.0024929691114493795
0.004212286548437501,0.013645831365889252,1.1373682058651013,1.1323078462375662,13.384836971663049,4.347532757736193,0.9335705062493025,0.0036805372217117525,0.002486650924839669
0.006308162979393911,0.013645831365889252,2.1221044933000996,2.1133650234256294,14.149854114725258,4.453769342799642,0.9360306167225648,0.00416422710887687,0.0024770987223952995
0.009443564555314523,0.013645831365889252,4.122792038869235,4.10703671354824,15.822784756013561,4.682453512770849,0.9397691143732402,0.004515882793090579,0.0024626028078483433
0.014129968295237355,0.013645831365889252,8.31169107221507,8.28156682716289,19.52395887802652,5.060848990437282,0.9455086101768057,0.0043500000423704836,0.0024404575198531276
0.02112539273271365,0.013645831365889252,17.300434438849692,17.239800564851407,27.790514324777746,5.1931791726934255,0.9544761399216664,0.0021082067060630206,0.0024062681292134733
0.03154684409852525,0.013645831365889252,36.98019572352723,36.852885185787315,46.41239041629285,5.185153683466156,0.9689748201994975,2.0962138673213537e-6,0.002352478232024443
0.04702598565396639,0.013645831365889252,75.84117262049932,75.541263686819,86.43330693870064,5.152558724825399,0.5826474463290923,0.971182073563071,0.0022868581137100307
0.06991408621192984,0.013645831365889252,149.49297657447158,151.90027327775312,166.05400111904441,5.149000000000002,0.5393264510949792,1.3362481510764914,0.0021484722844789606
0.1035271976855583,0.013645831365889252,317.24867691257174,326.04586330851987,338.1606067769868,5.149000000000002,0.44811784292240336,1.4384974361838547,0.0018910474871723449
0.15238000978862376,0.013645831365889252,726.61475743815,724.5939392280362,764.1967024395872,5.149000000000002,0.0002325553784980805,1.5706774357832232,0.002575899288031273
0.22225467472613084,0.013645831365889252,306.0664963717027,1856.3402030978375,1893.2077569293697,5.149000000000002,0.00028778404807009464,1.5707593677711953,0.0025749413635024914
0.31973100640172986,0.013645831365889252,3642.743452966987,5354.720066378322,5397.8576060752075,5.149000000000002,0.0004774031054029847,1.5707473743029932,0.002571075463929155
0.4503854206619554,0.013645831365889252,7280.498862715849,15055.95057179201,15155.66274482671,5.149000000000002,0.0009814043409865178,1.5707552341538513,0.0025496455257039835
0.6142148866602788,0.013645831365889252,303.6569981119604,9703.645317480288,9695.798207941369,5.149000000000002,0.0045477039737976555,1.5702584225890874,0.002564492091815818
0.7962942953533506,0.013645831365889252,289.53160132721456,1256.0558233191207,1203.7232183277936,5.149000000000002,1.4740354954209174,1.5707963267948966,0.005999996968017911
0.9519063728925579,0.013645831365889252,243.4512612803806,243.1877098279616,264.50748644809016,5.149000000000002,0.7036253524183741,1.0109877578127147,0.0027908989531575247
0.00011063852532153239,0.018836490894898004,0.07615430573373771,0.07472023139811768,12.753686877742098,3.9914750136614945,0.9288642350711753,2.815488784871879e-6,0.0025050556610235635
0.00016580131664698346,0.018836490894898004,0.11422250194675598,0.11235771353723578,12.785645173093144,3.9849517347318604,0.9289538975109175,1.0500606192607527e-5,0.002504835011850742
0.00024846521098166813,0.018836490894898004,0.1715100302915431,0.16900525635557528,12.833784891656137,4.030375435521464,0.9290706206823304,1.7259922195597898e-6,0.0025044846428571486
0.0003723378920799524,0.018836490894898004,0.2579000273416199,0.25444787323111484,12.90648043248018,4.03717900741547,0.9292576648187731,5.124366902263842e-6,0.002503977639867882
0.0005579559825209103,0.018836490894898004,0.38866455410271783,0.3837264611271678,13.016666906504724,4.015432675388186,0.9295358297767454,4.102497700693659e-6,0.0025032142017613916
0.0008360827013363571,0.018836490894898004,0.5873296277055147,0.5802363362641927,13.184586961999798,4.017674711500426,0.9299517412494518,1.463456255602558e-6,0.002502045784189405
0.0012527904957664955,0.018836490894898004,0.8912654660532411,0.88095810542913,13.44251009563277,4.048580597367396,0.9305769113284469,5.113885535751861e-6,0.0025003178450925426
0.0018770574160454304,0.018836490894898004,1.3607900710757548,1.3456256178054105,13.843153200957545,4.1640604979333995,0.9315175385336004,6.293689387267767e-7,0.0024977225437891716
0.0028121050796695033,0.018836490894898004,2.096046318547323,2.0734806070371405,14.475313818238874,4.306503210446439,0.9329277601030019,3.9440234845499336e-7,0.0024938300339861904
0.004212286548437501,0.018836490894898004,3.268913059531428,3.235153931941042,15.494154094460896,4.406498328816555,0.9350526978590187,3.993423245616144e-7,0.0024879843050897043
0.006308162979393911,0.018836490894898004,5.186699141391301,5.1358228313406755,17.1821076802172,4.510058769150359,0.9382594718208374,2.94422570446963e-7,0.002479200057615046
0.009443564555314523,0.018836490894898004,8.421913985468649,8.344793296697588,20.075371984705725,4.737152782884435,0.9431239901819227,2.300185174390237e-7,0.0024659846788527883
0.014129968295237355,0.018836490894898004,14.087541011441104,13.969515156542684,25.234218045622697,5.118639925814246,0.9505496762455694,1.860867526906746e-7,0.0024460264100923924
0.02112539273271365,0.018836490894898004,24.432564922942973,24.249780508225868,34.83342321694306,5.278842614023744,0.9620700008192395,1.0704043191074266e-7,0.0024158106635208377
0.03154684409852525,0.018836490894898004,44.160895449711546,43.87366813390382,53.477405174532464,5.293906550229133,0.9803043070200299,1.4376570188893325e-7,0.0023694997080300506
0.04702598565396639,0.018836490894898004,83.40545146487761,80.64540311502161,91.17709943655575,5.263272320855346,1.0362188665097,1.5707962767234889,0.002317940519023569
0.06991408621192984,0.018836490894898004,150.7014420162521,145.72768397275877,170.1899445768613,5.259142857142858,1.0651672524051752,1.5707961910523587,0.002171869690166373
0.1035271976855583,0.018836490894898004,289.93231663209286,287.5904241935064,298.1634316963979,5.259142857142858,1.1153730917707363,1.5707959243120122,0.0018651888342006932
0.15238000978862376,0.018836490894898004,599.3875829387539,596.4167113922375,634.2685382502459,5.259142857142858,0.0007711713464617271,1.5705626501044452,0.002575153409726932
0.22225467472613084,0.018836490894898004,1368.0801940467777,1361.5574989992608,1393.8819042904327,5.259142857142858,0.00013327355389171943,1.5706510392340314,0.0025740346683048912
0.31973100640172986,0.018836490894898004,3360.512809273675,3418.7823525016975,3446.8014652915367,5.259142857142858,0.00032069656101921273,1.5707677403972449,0.002571145382043201
0.4503854206619554,0.018836490894898004,6957.802859432815,7404.291724919792,7395.011454499157,5.259142857142858,0.0006762277260018325,1.570758485880032,0.002563318621814573
0.6142148866602788,0.018836490894898004,5163.525004740201,5468.612020571397,5462.447191035541,5.259142857142858,0.001717412372599281,1.5706832831435733,0.002567723456772175
0.7962942953533506,0.018836490894898004,1076.738490630135,1097.4118218215976,1104.8474696220555,5.259142857142858,0.4797813487802648,1.5291821427889647,0.0034851888765379284
0.9519063728925579,0.018836490894898004,247.76521745055754,247.20810577003056,268.3339976353777,5.259142857142858,1.311155712871972,1.0153263916146131,0.0029392509893726836
0.00011063852532153239,0.02600159563165273,0.12044484989671389,0.11934702527175034,12.797746024532671,3.906392150023667,0.9288157371232366,0.0013192473506953258,0.00250506760508638
0.00016580131664698346,0.02600159563165273,0.18059643722077112,0.17924295502480447,12.851680855858717,3.9304185914851093,0.9288753673980371,0.0016058201912354745,0.002504844892005706
0.00024846521098166813,0.02600159563165273,0.2709991840283976,0.2692572540414204,12.932764112704831,4.022467911521196,0.9289619523247835,0.0019581591964371267,0.0025045106304389044
0.0003723378920799524,0.02600159563165273,0.40703155508856526,0.40472323288476275,13.054852995592682,4.050916356267153,0.9290935708075936,0.002406216884129894,0.002504010602005524
0.0005579559825209103,0.02600159563165273,0.6122348717597959,0.6090133946829042,13.239104411031235,4.0358593829366125,0.9292910207247884,0.002951170476612526,0.0025032618347709643
0.0008360827013363571,0.02600159563165273,0.9226589584091016,0.9180391705117472,13.518129811837298,4.035342289225996,0.9295875525435869,0.00369407169033175,0.0025021401021083655
0.0012527904957664955,0.02600159563165273,1.3940711413892473,1.3876075814585533,13.942801221249965,4.06783305805661,0.9300397247377862,0.00449036166363074,0.0025004667297402416
0.0018770574160454304,0.02600159563165273,2.1154084031189626,2.105827671531898,14.593877330730948,4.178928304491369,0.9307124881037646,0.0055843976722539206,0.002497956352926757
0.0028121050796695033,0.02600159563165273,3.2293408564306816,3.2148159131541263,15.60255506173121,4.3081770754082065,0.9317409064322222,0.0069898651529793545,0.0024942143069450963
0.004212286548437501,0.02600159563165273,4.972721748866448,4.9502550313916345,17.18836810884136,4.395871524114208,0.9333091572384737,0.008873561417670619,0.0024886356932132614
0.006308162979393911,0.02600159563165273,7.7523268794300435,7.716591762731397,19.73204387614203,4.510503080978528,0.935722850589399,0.011525381146353155,0.002480342366126112
0.009443564555314523,0.02600159563165273,12.294475527963911,12.2358765660981,23.921158671771877,4.7541838299400645,0.9394805402397042,0.015588034485312543,0.0024680598032427122
0.014129968295237355,0.02600159563165273,19.952723669985673,19.853273518324457,31.052209990262213,5.178083176963896,0.9454280093412014,0.022944930754150966,0.002449970702036382
0.02112539273271365,0.02600159563165273,33.367470442653996,33.18357073403682,43.66946319167016,5.369383168316344,0.9550452879366333,0.04221497567767623,0.002423527337563757
0.03154684409852525,0.02600159563165273,57.80050711250621,57.48134727756987,66.93213936821553,5.401434982449534,0.9717953266680193,0.18039269313667572,0.002385753298595213
0.04702598565396639,0.02600159563165273,102.77747500544041,102.21540191743073,110.72310250204055,5.377031887667166,1.0072002289287896,0.6706050125622013,0.0023323741900350414
0.06991408621192984,0.02600159563165273,181.86562653713713,180.79163777220083,190.7532534066262,5.373285714285714,1.061429892437525,1.5707962404113023,0.0022627132807231747
0.1035271976855583,0.02600159563165273,356.73577659045725,342.862161851237,364.149915536203,5.373285714285714,1.134280730984743,1.570795959981535,0.0021564228329234115
0.15238000978862376,0.02600159563165273,722.8873378441476,676.2100453566773,690.531038704429,5.373285714285714,1.5707951442587895,1.570331098276532,0.0034333695598769464
0.22225467472613084,0.02600159563165273,1478.8656130684744,1468.3134376312178,1476.4589569019504,5.373285714285714,1.570796321788063,1.5705970313999975,0.0033135970897528906
0.31973100640172986,0.02600159563165273,3465.6915985944047,3443.8094877632743,3443.8204955368074,5.373285714285714,1.570796326155187,1.5707049271696685,0.002989905406528478
0.4503854206619554,0.02600159563165273,6964.660607446336,6944.276218063515,6936.818334889678,5.373285714285714,1.5707963263964273,1.5707068090539373,0.0027397331038338277
0.6142148866602788,0.02600159563165273,5190.3996523507,5222.276240270009,5217.839440348086,5.373285714285714,1.5707963252192236,1.5707240246106073,0.0038652766080117034
0.7962942953533506,0.02600159563165273,1137.3304417220968,1149.3543901294104,1163.4168468478383,5.373285714285714,1.3704206922667377,1.570087245385559,0.00544496567680744
0.9519063728925579,0.02600159563165273,287.5196760120049,287.10382593271913,308.5059972302023,5.373285714285714,1.462090710764727,0.9912198181895971,0.0033532809025566416
0.00011063852532153239,0.03589219346450055,0.10069544494261606,0.10006530924169965,12.776355395849123,3.8708095284294335,0.9287920972600318,0.0027932134556417766,0.0025050033736730725
0.00016580131664698346,0.03589219346450055,0.15103702092139315,0.15039068318837678,12.819667083941454,3.892007283900411,0.9288405757968211,0.0034045628082729424,0.0025047495012917105
0.00024846521098166813,0.03589219346450055,0.22679740813674698,0.22611677230879934,12.884885507202853,4.011274579519107,0.9289049930263855,0.004239143140945056,0.0025043645793834082
0.0003723378920799524,0.03589219346450055,0.3410154126874829,0.3402919754129101,12.98331989636722,4.066458151573978,0.929017185626873,0.005082756380388377,0.0025037964593237405
0.0005579559825209103,0.03589219346450055,0.5137728012978755,0.5129493826375295,13.1323999752899,4.04567789033943,0.9291763846342574,0.006236642881832153,0.0025029376691224864
0.0008360827013363571,0.03589219346450055,0.776167903898326,0.7751847291024205,13.359329876151492,4.024924673874568,0.9294168146409097,0.007612183865628555,0.002501659208501879
0.0012527904957664955,0.03589219346450055,1.1769736679826082,1.1760133996491362,13.707310999399738,4.067770348520152,0.9297790251254128,0.009314511586099113,0.0024997403906153793
0.0018770574160454304,0.03589219346450055,1.795590919795103,1.7943207546457671,14.246557181073626,4.174895138038748,0.9303267385548315,0.011407642504516336,0.002496868325820622
0.0028121050796695033,0.03589219346450055,2.7625320895256777,2.760544609358263,15.094602032739772,4.2767009467595125,0.9311578764048429,0.014017811182063323,0.0024925739400563736
0.004212286548437501,0.03589219346450055,4.25374091046946,4.29768154964151,16.45530344904705,4.3615981774290224,0.9324297343333934,0.01730678070804473,0.0024861583855857014
0.006308162979393911,0.03589219346450055,6.625232573000957,6.801982374164169,18.696668942134465,4.5052996773393,0.9343910993626061,0.021741624308254975,0.0024765843547947704
0.009443564555314523,0.03589219346450055,10.612787261702039,11.007492371343673,22.51151656412071,4.782313586836525,0.9374617109869408,0.028404526276144128,0.002462331376087159
0.014129968295237355,0.03589219346450055,17.567879406235107,18.33166757361542,29.257266750528288,5.2512766835174105,0.942347182296161,0.04153161986759526,0.002441141303425909
0.02112539273271365,0.03589219346450055,30.206454791510993,31.61493792144303,41.68613876967754,5.440950842554206,0.9504089724472924,0.09185711386951753,0.002409761396711657
0.03154684409852525,0.03589219346450055,54.17265701270264,56.100922553710674,65.33449300225641,5.442291988772889,0.6243148741921173,0.5514298853890254,0.002371852288771319
0.04702598565396639,0.03589219346450055,99.95085292158552,99.76569843082659,110.0653879783556,5.391146461573725,0.5940390946192329,0.8843540261190865,0.0023069520905293793
0.06991408621192984,0.03589219346450055,182.10586831514786,184.1102708887285,195.16377326538475,5.384857142857143,0.5587883865098939,1.1898216457492767,0.002189101070793294
0.1035271976855583,0.03589219346450055,354.7488398213204,359.4711032025376,372.9218053733151,5.384857142857143,0.5054933987224209,1.4055839695974597,0.0019803468386052087
0.15238000978862376,0.03589219346450055,734.8138443706232,739.2167965218364,775.303444856314,5.384857142857143,0.34169554008830416,1.5248259359702427,0.00170068625621888
0.22225467472613084,0.03589219346450055,1479.526403167763,1592.57544177132,1648.552147016283,5.384857142857143,0.0005565556109924925,1.5707203372774536,0.0025728121773577715
0.31973100640172986,0.03589219346450055,3079.376526855823,3634.967664278268,3704.94206822441,5.384857142857143,0.00036938497198631717,1.570751660035635,0.002570326339582682
0.4503854206619554,0.03589219346450055,5224.190723311227,7092.878224444883,7223.190766817363,5.384857142857143,0.0004590562784786331,1.5707519262227925,0.0025660068683307823
0.6142148866602788,0.03589219346450055,4048.1628778659024,5478.2904674738675,5497.501242072647,5.384857142857143,0.0011196017331980028,1.5707133861436358,0.0025681182273636135
0.7962942953533506,0.03589219346450055,1103.855860293215,1318.977175418037,1328.2337540597732,5.384857142857143,0.2965287684835982,1.5504760032632796,0.0026746130495734974
0.9519063728925579,0.03589219346450055,277.07420143204826,287.57401756506147,308.9674128773179,5.384857142857142,4.708771693825757e-6,1.0291710193416281,0.0025744970832591845
0.00011063852532153239,0.049545019080479,0.07261070047991325,0.07187398130285771,12.749515089604529,3.872893416816428,0.9288136937130266,1.0587881594009697e-5,0.002505026553625535
0.00016580131664698346,0.049545019080479,0.10887454144064179,0.10806718069092369,12.779369319567536,3.8892365745091184,0.9288744603759854,5.954895576391519e-6,0.0025047778167876056
0.00024846521098166813,0.049545019080479,0.16342798446876827,0.16252037681849174,12.824325456627776,4.000783619318505,0.9289563888321517,5.382918184244577e-6,0.002504417728015887
0.0003723378920799524,0.049545019080479,0.24569039488318367,0.2446045129965455,12.892182878259973,4.0542728195053686,0.9290863565003143,5.1358259520551776e-6,0.0025038740846414246
0.0005579559825209103,0.049545019080479,0.369995920298436,0.3686945812528677,12.994965335018037,4.043707142821369,0.9292811534599614,3.1294668790754157e-6,0.00250306503334651
0.0008360827013363571,0.049545019080479,0.5587858585596734,0.5570790000645047,13.15144668916173,4.041956544649484,0.9295692996618292,9.0999401402127e-6,0.002501829862020521
0.0012527904957664955,0.049545019080479,0.8469187957395832,0.8448335256742894,13.391452947236075,4.0899975442748335,0.9300110746267685,2.6147162729404135e-6,0.0024999982902820534
0.0018770574160454304,0.049545019080479,1.291131339094619,1.2882909394871405,13.763494359876859,4.184552521013206,0.930669407643941,2.344360835554904e-6,0.0024972627322473054
0.0028121050796695033,0.049545019080479,1.984425100856896,1.9803412846209767,14.348826872105178,4.279326855454441,0.9316671669527873,9.840554818923198e-7,0.0024931474308855428
0.004212286548437501,0.049545019080479,3.0853483810414275,3.0792555831442883,15.288482028931412,4.372209365301121,0.9331878843126495,2.029131297578341e-6,0.002487017061241437
0.006308162979393911,0.049545019080479,4.874629237619658,4.86516893734958,16.8371725702782,4.531715467829703,0.9355136715290235,1.298077528149059e-6,0.002477856711239518
0.009443564555314523,0.049545019080479,7.8699525150411915,7.854785623084922,19.474474016715135,4.821170152692716,0.9391036045173845,4.96299254485846e-7,0.0024641836821118813
0.014129968295237355,0.049545019080479,13.066825649318474,13.041409725635376,24.140511850260282,5.312699213035009,0.9447226406424825,4.758394196584354e-7,0.002443826104061175
0.02112539273271365,0.049545019080479,22.45397868608761,22.40954716932727,32.745292414738856,5.509402648090937,0.953661394392441,2.000003205013578e-7,0.0024134984833537026
0.03154684409852525,0.049545019080479,40.13967008202616,40.05913085776088,49.289006461268855,5.508911266628179,0.9682342698373929,4.993464242572177e-6,0.002368271964461805
0.04702598565396639,0.049545019080479,69.87241990853735,69.73531084274647,82.35518241499483,5.4614328655437765,0.5893733129950871,0.8763397134442161,0.0023117239279744745
0.06991408621192984,0.049545019080479,125.2070494706818,124.89960905553649,135.70094003499025,5.4557142857142855,1.0452114446299494,1.5707962176069252,0.002193361906155036
0.1035271976855583,0.049545019080479,237.55986035828244,238.47143223821814,249.38192321137421,5.4557142857142855,0.4972941516924846,1.4118003276541564,0.0020007344340462812
0.15238000978862376,0.049545019080479,480.94821824857416,482.56890792095874,505.7345013848287,5.4557142857142855,0.3426656187435562,1.5389815619411948,0.0017444107596153225
0.22225467472613084,0.049545019080479,1004.221027016551,1026.2734680882197,1062.6051194406236,5.4557142857142855,0.0005538464498970443,1.5706727861468444,0.002573183360283646
0.31973100640172986,0.049545019080479,2244.6816880101705,2338.829467733864,2369.732751263564,5.4557142857142855,0.0004056321350153641,1.570691178982831,0.002571633781066679
0.4503854206619554,0.049545019080479,4118.595419742756,4537.22558735878,4565.165251186686,5.4557142857142855,0.0005253436331670592,1.570743134499365,0.0025691532462853257
0.6142148866602788,0.049545019080479,3170.8511456926844,3515.227061647963,3539.875484913542,5.4557142857142855,0.0009158851302002249,1.570711423286141,0.0025703468741774963
0.7962942953533506,0.049545019080479,810.6283933713696,851.3649716500735,863.7720794297024,5.4557142857142855,0.0032289096057954085,1.5705879272892147,0.0025734305631987674
0.9519063728925579,0.049545019080479,253.26490832977112,252.80379771357156,274.7180191102591,5.455714285714286,0.7488803598802526,1.040248642455159,0.0026181183087909798
0.00011063852532153239,0.06839116472814294,0.09344201911852679,0.09270779933208928,12.771305793466126,3.9136204635513194,0.9288073113392785,3.6270548806248636e-6,0.0025050281991613895
0.00016580131664698346,0.06839116472814294,0.140081728761146,0.13927667414625944,12.812008301751803,3.923304744473815,0.9288583601704892,9.152091945954849e-6,0.0025047751239929113
0.00024846521098166813,0.06839116472814294,0.21013974582167805,0.20926251213404612,12.873209863319516,4.0115622928249675,0.928942460430546,2.953296730316782e-6,0.0025044258692304413
0.0003723378920799524,0.06839116472814294,0.31565126197374127,0.31458889181182315,12.965380033673455,4.039666100505653,0.9290627867888515,1.8088383772860692e-6,0.002503881868288479
0.0005579559825209103,0.06839116472814294,0.4747443786215939,0.47343052264979235,13.104506327334093,4.027228290591112,0.929246550316159,3.6662490878038144e-6,0.002503065451581267
0.0008360827013363571,0.06839116472814294,0.7154285491503742,0.7137133729479075,13.315276746473614,4.040923753769047,0.929521678539424,1.5575801492018867e-6,0.002501858554206804
0.0012527904957664955,0.06839116472814294,1.0810878851703478,1.0788388233444266,13.636231371048893,4.08581568668419,0.9299474695588229,5.4059671126254e-6,0.0025000516671927903
0.0018770574160454304,0.06839116472814294,1.6401222919316751,1.6373246106084451,14.128662200984536,4.166825305044332,0.930559998232066,8.426452915526927e-7,0.0024973171703585287
0.0028121050796695033,0.06839116472814294,2.503713618645577,2.4996729382491907,14.892303286318793,4.286082954503976,0.9315073013195339,5.007628219362625e-7,0.0024932463858299506
0.004212286548437501,0.06839116472814294,3.855123259101944,3.849036969177945,16.0944186388665,4.434190905845804,0.9329476016834788,7.440196993682116e-7,0.002487166503848541
0.006308162979393911,0.06839116472814294,6.008917704170585,5.999327303897601,18.025552091878467,4.610092699706111,0.9351536031639507,2.414855369342923e-7,0.002478078932868438
0.009443564555314523,0.06839116472814294,9.525158383378056,9.509532403931573,21.210727875046587,4.88992978435051,0.9385784190402191,2.7465624967956304e-7,0.0024645774770073645
0.014129968295237355,0.06839116472814294,15.442833082765276,15.416094506411781,26.63787305615608,5.430982228228417,0.9439536971722724,2.1966013604002978e-7,0.0024445025727146295
0.02112539273271365,0.06839116472814294,25.61953525557979,25.71744872740051,36.23816298170391,5.684236152448235,0.9525526462359794,1.693475557527971e-7,0.0024147393958841175
0.03154684409852525,0.06839116472814294,44.010598921741376,44.401718448476075,53.91115922811923,5.730332775719557,0.9666418731318958,1.1398764072621897e-6,0.0023706357530260897
0.04702598565396639,0.06839116472814294,74.8136213040685,74.70875081221361,87.7237252342145,5.705720108217869,0.5908620977603032,0.9312490576615466,0.0023151646183330616
0.06991408621192984,0.06839116472814294,128.57578610053577,127.68150228736759,138.61163044190118,5.702657142857143,1.0417532929542277,1.5707962485174727,0.0022040493951171057
0.1035271976855583,0.06839116472814294,233.36472385420132,234.5878859984595,246.99829269400402,5.702657142857143,0.5071939987206314,1.4399913028469735,0.0020102854502682837
0.15238000978862376,0.06839116472814294,447.96883859687506,449.98442289320155,485.1518032653155,5.702657142857143,0.38236496931738173,1.5341076702283385,0.0017198926741180157
0.22225467472613084,0.06839116472814294,883.4688978908043,882.5724143112784,917.4510477437755,5.702657142857143,0.0005449722160304775,1.570669166196107,0.002573576043861962
0.31973100640172986,0.06839116472814294,1730.6357222441206,1776.669584839024,1808.9890930239858,5.702657142857143,0.0003339350504744137,1.5707021212315464,0.002572073908970067
0.4503854206619554,0.06839116472814294,2913.8858148297973,2927.061486570223,2964.2120366889903,5.702657142857143,0.0004183346979942914,1.5707197389395606,0.0025705668237493598
0.6142148866602788,0.06839116472814294,2416.949117752435,2440.325349539036,2468.3735844143584,5.702657142857143,0.000694886119675093,1.5706926011736937,0.002571143565366508
0.7962942953533506,0.06839116472814294,712.4200214322184,749.3294124516867,762.8130137385126,5.702657142857143,0.0033327269594571893,1.5706241108452568,0.002573660145916764
0.9519063728925579,0.06839116472814294,260.1720169981423,261.6632486472889,285.5333985557296,5.702657142857143,0.6881802149369411,1.1795348511334187,0.002635500519889772
0.00011063852532153239,0.09440608762859229,0.06558617083376816,0.06515349673253468,12.744252084290451,3.9083863816952666,0.9288026425398711,1.2500560441683934e-6,0.0025050285299787686
0.00016580131664698346,0.09440608762859229,0.09830934142983949,0.09796233474450844,12.771448052301366,3.9285797296639386,0.9288544250957047,1.1918473364249104e-6,0.002504787508454108
0.00024846521098166813,0.09440608762859229,0.1475231011874314,0.1473024040679718,12.812379267587858,4.013800177765047,0.9289320524487226,4.840207573555808e-6,0.0025044261416860597
0.0003723378920799524,0.09440608762859229,0.2216080192256129,0.22162895098023228,12.874109133617594,4.02538527021841,0.9290508095338411,1.0600164489767755e-6,0.002503889314007027
0.0005579559825209103,0.09440608762859229,0.33355695635046345,0.3338830227639136,12.967498236792721,3.9946358589305064,0.9292238803538112,4.716900909631456e-7,0.0025030721311181453
0.0008360827013363571,0.09440608762859229,0.5032891161811222,0.5040549508929217,13.10944634790917,4.006742011886484,0.9294869082328356,3.801882675912811e-7,0.00250185510536152
0.0012527904957664955,0.09440608762859229,0.762224940326135,0.7634473148939094,13.326552235880627,4.0637931712174264,0.9298841502520003,4.511219203738163e-7,0.0025000365503188423
0.0018770574160454304,0.09440608762859229,1.1596277351638946,1.1619884332450994,13.661891615522222,4.149803688384086,0.9304841191466722,2.9429588560564426e-7,0.002497312828263752
0.0028121050796695033,0.09440608762859229,1.7775978223935596,1.7812744041967363,14.186776075815033,4.2654220764484165,0.9313904269156301,2.6896892245081996e-7,0.0024932377893208996
0.004212286548437501,0.09440608762859229,2.7533395299988115,2.75877865683519,15.023492662975627,4.43735663562004,0.9327852267062621,2.057018951047838e-6,0.0024871802560458016
0.006308162979393911,0.09440608762859229,4.326980799810528,4.334566560910048,16.389879177449416,4.629329354231975,0.934892389971085,4.063190744402409e-7,0.002478052406097625
0.009443564555314523,0.09440608762859229,6.934756490566187,6.944620796880471,18.689661855330996,4.9022441732406055,0.9382261499925296,7.85082749891811e-7,0.0024646297509440663
0.014129968295237355,0.09440608762859229,11.399688437437774,11.41245128693005,22.700476746833715,5.451031519332636,0.9434535808101137,9.813627897929529e-8,0.002444663582763921
0.02112539273271365,0.09440608762859229,19.23048057801175,19.3502031882108,29.97138054084394,5.737142374328111,0.9518537158090505,1.0807658294068366e-7,0.002415118243813908
0.03154684409852525,0.09440608762859229,33.715863797368655,34.00584516963882,43.66827632191075,5.807244021530448,0.9656975613184725,7.899075569943315e-8,0.002371566772985354
0.04702598565396639,0.09440608762859229,60.55132185655353,60.49046129345409,70.36078506361775,5.787948499424897,0.595387204297964,0.8326492983974494,0.0023148481849015784
0.06991408621192984,0.09440608762859229,103.83408275116767,102.1239371523141,123.69808317528464,5.785200000000001,1.0412031423780714,1.5707962805353428,0.0022110707980843034
0.1035271976855583,0.09440608762859229,187.99035500351107,187.29372207011255,231.56398966768836,5.785200000000001,1.0819695855106766,1.57079564856831,0.002013464430339334
0.15238000978862376,0.09440608762859229,358.3222166269026,358.30309925953895,369.99916459580754,5.785200000000001,0.40752638588261964,1.538360273332194,0.0017093487671622114
0.22225467472613084,0.09440608762859229,692.0014763678014,690.127491694888,713.7563195729515,5.785200000000001,0.0005174353276650633,1.570564760597141,0.0025737620456511953
0.31973100640172986,0.09440608762859229,1347.5789257860417,1344.509130219127,1377.8724383405815,5.785200000000001,0.000237079232399564,1.570602241369887,0.002571514599161976
0.4503854206619554,0.09440608762859229,2109.470570243879,2110.0059405073625,2134.374102465639,5.785200000000001,0.00024415754552856855,1.570677189934911,0.002571361050392317
0.6142148866602788,0.09440608762859229,1788.539610594989,1798.3557776890966,1827.5021854328647,5.785200000000001,0.00039809197945530505,1.5706982947311057,0.0025710680975248546
0.7962942953533506,0.09440608762859229,578.1427100192186,589.6743998721217,602.8047011531521,5.785200000000001,0.003269379557280436,1.57063533706604,0.0025739345125340824
0.9519063728925579,0.09440608762859229,248.6889748446228,249.2123579098798,271.91877900308145,5.785200000000001,0.7411096424846056,1.1160097478975706,0.002623609816817067
0.00011063852532153239,0.13031667784522993,0.06941424328903167,0.06806521114343411,12.747181043895125,3.9637549616417873,0.928819935821747,4.657270558757328e-6,0.002505051351503142
0.00016580131664698346,0.13031667784522993,0.10404869293594743,0.10232798351407268,12.775840459293931,3.96880305851389,0.9288667474574589,3.584123614517651e-6,0.0025048052765824945
0.00024846521098166813,0.13031667784522993,0.15611773649648342,0.15384931287351833,12.81896887965786,4.016162586462354,0.9289507928094821,3.4178533561085423e-6,0.0025044480328021996
0.0003723378920799524,0.13031667784522993,0.23453143056993042,0.2314519227923597,12.883990344943413,3.9971110136967996,0.9290756931732221,2.182692006170083e-6,0.0025039129175297207
0.0005579559825209103,0.13031667784522993,0.3529478325030908,0.3486289089822634,12.982331458900603,3.984234525267268,0.929264257192467,2.9929884001936332e-6,0.0025031043405187394
0.0008360827013363571,0.13031667784522993,0.5324457882418301,0.526209295182781,13.131710908581226,4.044565703050678,0.9295504204515701,8.560354114795895e-6,0.002501929803350535
0.0012527904957664955,0.13031667784522993,0.8058246371365669,0.7967723525820389,13.360074588604675,4.108726073099831,0.9299787995051155,5.00972603861299e-6,0.002500147099634506
0.0018770574160454304,0.13031667784522993,1.2255698867743803,1.2122083830839614,13.712412705719089,4.189233928278788,0.9306232953547363,1.6826331822757256e-6,0.0024974757689379427
0.0028121050796695033,0.13031667784522993,1.8771114438983147,1.8571575128818552,14.263111740321847,4.290841637951554,0.9316065727285807,7.521609417835757e-7,0.0024934942513498044
0.004212286548437501,0.13031667784522993,2.904056706269344,2.873884127966079,15.139304971709635,4.47741883434362,0.9330981860480708,9.426030006564211e-7,0.0024875343141606077
0.006308162979393911,0.13031667784522993,4.556327422013524,4.510139732986374,16.566544956434768,4.694865856608281,0.9353908327008246,4.7137026253462625e-7,0.00247867699874404
0.009443564555314523,0.13031667784522993,7.286125347510691,7.2144994742438655,18.961268293816147,4.953301503640973,0.9389435076619724,5.297080364190142e-7,0.002465506132753697
0.014129968295237355,0.13031667784522993,11.944837397950181,11.831599101532731,23.12246019472127,5.479302862073601,0.9445299816609791,1.975144215022023e-7,0.0024459960413779473
0.02112539273271365,0.13031667784522993,20.192840139372947,20.009689762432004,30.635659139165455,5.81801807602524,0.9534840134981797,2.148938399190131e-7,0.002417228222940088
0.03154684409852525,0.13031667784522993,35.36273904383617,35.05868453355316,44.729697358163435,5.945144995079385,0.9681867417410609,5.121847276719338e-7,0.002374998985109374
0.04702598565396639,0.13031667784522993,63.99148846332352,63.47876538316159,72.07926133698425,5.959752886720897,1.00149408133517,0.6695816551473658,0.0023128944364309736
0.06991408621192984,0.13031667784522993,110.02838802632715,106.3352499315997,126.48714257222366,5.960171428571432,1.0468459351959056,1.5707961247990032,0.0022218277590035375
0.1035271976855583,0.13031667784522993,198.29195915766093,193.58842610289548,204.0438225091939,5.960171428571432,1.0943547181621456,1.5707961536561348,0.0020411962485769254
0.15238000978862376,0.13031667784522993,375.0580364393249,368.9534580674442,380.204781219275,5.960171428571432,1.2217398061524052,1.5707957112516524,0.0017910491931412884
0.22225467472613084,0.13031667784522993,716.6351744491074,711.2109577771884,809.2559601842415,5.960171428571432,1.570796006860291,1.570699342631562,0.0019728907156332937
0.31973100640172986,0.13031667784522993,1377.5896782393027,1370.221836466818,1378.2692013272099,5.960171428571432,0.00016414740772639224,1.5705790767897214,0.002572283457930161
0.4503854206619554,0.13031667784522993,2131.0355220203933,2125.4824566782404,2197.364725033834,5.960171428571432,0.00017074440829494952,1.5706873146191,0.002571477448980939
0.6142148866602788,0.13031667784522993,1815.430645958873,1811.52736258004,1813.5763744721771,5.960171428571432,1.5707960416401454,1.5707674775351372,0.002424580013202385
0.7962942953533506,0.13031667784522993,596.2595884188295,600.8493796473244,654.3511568835554,5.960171428571432,1.5707963267948946,1.5707963236991833,0.002909200156451865
0.9519063728925579,0.13031667784522993,251.7496874616329,250.82118565418102,272.55726935740927,5.96017142857143,1.0018054155640883,1.048224438296217,0.0026921755754017907
0.00011063852532153239,0.17988709151287885,0.07859076013004085,0.0778271125300023,12.756628033693346,4.005308158208572,0.9288051766461087,3.2027807977603457e-6,0.0025050300381994632
0.00016580131664698346,0.17988709151287885,0.11778327784931264,0.1169579281683184,12.789997898378942,4.0045779615027115,0.9288574855454659,1.8625102084892229e-6,0.0025047882147753494
0.00024846521098166813,0.17988709151287885,0.176734188092027,0.17577547331607946,12.840184611202858,4.0275021685529895,0.9289379380883875,4.482842291091519e-6,0.002504427075409355
0.0003723378920799524,0.17988709151287885,0.26546251158248424,0.26431373971449545,12.915793856162054,4.011497007148823,0.9290570288136965,2.9881154799552238e-6,0.002503882396004019
0.0005579559825209103,0.17988709151287885,0.3993273479481587,0.39788264534570317,13.029999997428376,4.0310260174250585,0.929236439328634,1.1769500397797439e-6,0.002503074327596259
0.0008360827013363571,0.17988709151287885,0.6018114643522381,0.600037127889621,13.203163872159394,4.122829997455901,0.9295068077579854,5.317396113526498e-6,0.002501861149811291
0.0012527904957664955,0.17988709151287885,0.9097779843216358,0.9074458129386755,13.46719173272993,4.1679775025402686,0.9299136930538721,1.123002854425642e-6,0.0025000420752952822
0.0018770574160454304,0.17988709151287885,1.3814124072496128,1.3781422654860762,13.873017766948351,4.238112879974912,0.9305366307445708,1.1599114792635237e-6,0.0024973643925266637
0.0028121050796695033,0.17988709151287885,2.1107814566147454,2.105997604026115,14.503973612532604,4.371687767321091,0.9314550517154232,6.477343571980442e-7,0.002493247491520983
0.004212286548437501,0.17988709151287885,3.254461575451046,3.2471730601568396,15.50065070703306,4.550349000634879,0.932883467640529,5.753913199609251e-7,0.002487197256907942
0.006308162979393911,0.17988709151287885,5.081928005330781,5.070371050462555,17.108918765024896,4.732473370460312,0.9350626983302279,2.747343068985622e-7,0.0024781539831045035
0.009443564555314523,0.17988709151287885,8.074816978721572,8.055819158606013,19.775898388808628,4.978466344353741,0.9384501844936615,2.8004080761324747e-6,0.002464693651575593
0.014129968295237355,0.17988709151287885,13.12880593528503,13.096050654539184,24.347053926435592,5.5220841129747935,0.943787495678123,1.9444983129409796e-7,0.002444751576544961
0.02112539273271365,0.17988709151287885,21.97085548897215,21.911792841495256,32.47837167237515,5.911610696709482,0.9523722367777966,1.8210633467499515e-7,0.0024152976908041715
0.03154684409852525,0.17988709151287885,38.03250978455941,37.92182056538596,47.504500941817696,6.089462737084621,0.966496550445944,6.815992657869597e-6,0.0023718932166289716
0.04702598565396639,0.17988709151287885,66.95436690183126,66.8185600484215,76.25455314828469,6.118407346373885,0.5962711646716001,0.8075637240133561,0.0023125594499349427
0.06991408621192984,0.17988709151287885,114.02568727993742,111.92007258601858,132.7346222493253,6.120314285714286,1.043077734225169,1.5707955333869303,0.002212674866663156
0.1035271976855583,0.17988709151287885,203.7364320784797,201.9368852794933,212.61281647760939,6.120314285714286,1.0864655106914312,1.5707961493524616,0.002020155695472083
0.15238000978862376,0.17988709151287885,380.3406236212831,379.9258190818744,391.68652462463035,6.120314285714286,0.4053753226408372,1.5377955290955685,0.0017027327121256865
0.22225467472613084,0.17988709151287885,716.1489032988688,714.5364177330955,734.6237849068243,6.120314285714286,0.0004983637367032317,1.5706024373642284,0.002573943774657122
0.31973100640172986,0.17988709151287885,1350.532103868754,1348.3663477081907,1370.1661694554111,6.120314285714286,0.00020808267705798181,1.5705783487539202,0.002572027094399488
0.4503854206619554,0.17988709151287885,2050.500074357756,2052.2289541897944,2111.110416100048,6.120314285714286,0.00023838974902486756,1.5706834948313095,0.0025713296301398013
0.6142148866602788,0.17988709151287885,1757.8575578943953,1770.511762759947,1798.9196617862167,6.120314285714286,0.00031282579593131866,1.5706050666957325,0.0025717316489558438
0.7962942953533506,0.17988709151287885,607.3420669615359,614.2672410868513,626.6916328500615,6.120314285714286,0.002857592512600845,1.570538765504053,0.002573774816908423
0.9519063728925579,0.17988709151287885,255.12634086359947,254.86719883961553,276.821740296297,6.120314285714285,0.819781252796971,1.091764309392218,0.002652002953720798
0.00011063852532153239,0.248313310529557,0.07485352234461118,0.07397306987432728,12.752559708529589,3.993023703366043,0.9288038621261648,3.99358646301443e-6,0.0025050325749037504
0.00016580131664698346,0.248313310529557,0.11219306289778785,0.11117610222687802,12.78389629174228,3.995410700672589,0.9288564683946609,2.6897541853452314e-6,0.0025047913791474874
0.00024846521098166813,0.248313310529557,0.16832490211938023,0.1670968477397281,12.831024156752619,4.02175660773562,0.9289352250342268,2.2935093418589516e-6,0.0025044298795536086
0.0003723378920799524,0.248313310529557,0.252821519062735,0.2512774222746543,12.902035395325697,4.01370794827671,0.9290504456955749,6.833145785156521e-6,0.002503896273472762
0.0005579559825209103,0.248313310529557,0.3802179571296165,0.3782767305362995,13.009311720264577,4.047185773571197,0.9292313976294946,2.8300120340752786e-6,0.0025030796640480237
0.0008360827013363571,0.248313310529557,0.5731245213920602,0.5704990687791991,13.172004891433403,4.154989456997596,0.9294975862550479,1.6113663702438715e-6,0.0025018767160537585
0.0012527904957664955,0.248313310529557,0.8665081390022635,0.8628305143462853,13.420146297112638,4.201571079472345,0.9298997272326577,4.695033492390428e-6,0.0025000687024918484
0.0018770574160454304,0.248313310529557,1.3158116285250117,1.3104925145720046,13.801724928066392,4.260732260740329,0.9305059942748186,5.820013573153487e-7,0.002497360012237658
0.0028121050796695033,0.248313310529557,2.010748371634847,2.0028439551105777,14.395365084206333,4.40088933961168,0.9314286929574281,6.560738064050237e-7,0.002493313860320127
0.004212286548437501,0.248313310529557,3.1006658586224063,3.088589192555247,15.333888524863596,4.572105948036378,0.9328421610218707,2.0108343904963472e-6,0.0024872850429943647
0.006308162979393911,0.248313310529557,4.842685822151111,4.823690167265852,16.84996516913452,4.73699233969231,0.9349935820185142,4.54794940905514e-7,0.002478280791674897
0.009443564555314523,0.248313310529557,7.696466210869744,7.665706904403919,19.367390979043307,4.976897032085222,0.9383549476002045,2.2970973731618335e-7,0.0024649177271378725
0.014129968295237355,0.248313310529557,12.516712101081595,12.464977572409367,23.68838698373054,5.537841409878393,0.9436542947044522,2.198986497781753e-7,0.002445113196318429
0.02112539273271365,0.248313310529557,20.95038885318958,20.859814240854575,31.38496346056138,5.946005185948388,0.9521799586779408,2.2390775544672447e-7,0.0024158919325465
0.03154684409852525,0.248313310529557,36.264949737756695,36.100000068017906,45.62039755011858,6.1311968587873,0.9662257173208434,1.5956406454932054e-7,0.002372929397951001
0.04702598565396639,0.248313310529557,63.53299828485518,63.29494905956126,72.85616417801089,6.163121812309717,0.5973209659883735,0.8329764085283313,0.0023121554037296627
0.06991408621192984,0.248313310529557,105.17884198998652,104.73812740114342,126.26905690484523,6.164714285714289,1.042163529519652,1.5707943962759336,0.002215409637764082
0.1035271976855583,0.248313310529557,190.71188742327314,187.86904390384552,198.3267878966684,6.164714285714289,1.0851277493816471,1.570796085399263,0.0020272827282625345
0.15238000978862376,0.248313310529557,353.9259239298882,351.1283476163553,363.1848723937418,6.164714285714289,1.190324618720812,1.5707930704890427,0.0017239429957825588
0.22225467472613084,0.248313310529557,656.7381845360692,653.8438041845866,669.1778321915403,6.164714285714289,0.0004940569523652068,1.5705578459768934,0.002573803101928154
0.31973100640172986,0.248313310529557,1215.2490887323224,1210.458769072591,1226.0923224070546,6.164714285714289,0.0002478156555533009,1.5706724321151444,0.002572615582828596
0.4503854206619554,0.248313310529557,1811.2614926438146,1808.2504725224223,1820.08919256419,6.164714285714289,0.00020677634086668144,1.5706772915416816,0.0025716277439068414
0.6142148866602788,0.248313310529557,1567.2258679678969,1571.8861123393212,1587.3101587232231,6.164714285714289,0.0002722385255499223,1.570591903813496,0.0025718907726686893
0.7962942953533506,0.248313310529557,558.3522492733034,563.0969311814162,575.4669771284607,6.164714285714289,1.5707923318236263,1.5707119784420573,0.0025946895832190922
0.9519063728925579,0.248313310529557,253.3989451620622,252.38499462504757,274.36538720407407,6.164714285714287,0.8797708959243964,1.124150426719442,0.0026610324182961237
0.00011063852532153239,0.3427677865464505,0.07406028468338377,0.07318669173479009,12.751301144127751,3.9845209773881676,0.9287989342226162,7.994672875744022e-6,0.0025050162210696553
0.00016580131664698346,0.3427677865464505,0.11100278615330694,0.10999706451379154,12.782010226556736,3.962358615980584,0.9288497369758068,8.666563509484492e-6,0.00250479256354056
0.00024846521098166813,0.3427677865464505,0.16654400447488626,0.16532836016526176,12.828195347422366,3.974870528048482,0.9289282763840038,2.4437797143409186e-6,0.002504432679573363
0.0003723378920799524,0.3427677865464505,0.2501022391440699,0.24862425209322225,12.897794620776722,3.9834230443689287,0.9290490280617618,2.140882657948969e-6,0.00250388805565179
0.0005579559825209103,0.3427677865464505,0.3763025177886732,0.374295085382343,13.00294703800057,4.036681301207872,0.9292143612306896,4.135714370951221e-6,0.0025030898790888417
0.0008360827013363571,0.3427677865464505,0.5672676859748975,0.5645186507329498,13.162450287522347,4.162046204008661,0.9294731737601416,2.400757560974177e-6,0.002501874867825576
0.0012527904957664955,0.3427677865464505,0.857400983236488,0.8538375927081461,13.405792265616924,4.245934670591632,0.9298586362980852,1.2480133786384415e-6,0.0025000671762682807
0.0018770574160454304,0.3427677865464505,1.30207046226775,1.2969494416520035,13.780135873703898,4.334535425221554,0.9304499208999611,4.255938037919024e-6,0.002497362135931273
0.0028121050796695033,0.3427677865464505,1.9899452860185392,1.9823971465190056,14.362835830831727,4.464170738136055,0.9313481523049946,2.1995039507345377e-6,0.002493327250051722
0.004212286548437501,0.3427677865464505,3.0690288363534535,3.0576113778478344,15.28474676712699,4.607835040828795,0.9327047329313445,2.108144498768203e-6,0.0024872845988494386
0.006308162979393911,0.3427677865464505,4.794251559903728,4.776521136176825,16.775456352271476,4.7692710656007895,0.9347986316462443,5.53921235900896e-7,0.00247828468828476
0.009443564555314523,0.3427677865464505,7.62157800603633,7.593373019631571,19.25378899068687,5.021774825596984,0.9380537600791893,5.167481881839669e-7,0.002464911717187182
0.014129968295237355,0.3427677865464505,12.399405873701127,12.35297674805068,23.51393500155575,5.577952527319429,0.9432007693762123,9.225669644373015e-7,0.002445109709187488
0.02112539273271365,0.3427677865464505,20.76344669990121,20.684208038943225,31.11441694435848,5.99467593326399,0.9515001299495209,2.1957706139481817e-7,0.002415904287078707
0.03154684409852525,0.3427677865464505,35.96067203663998,35.82049829861603,45.195712829539275,6.215570644468898,0.9651557800499221,6.304585176164953e-7,0.002372900237581826
0.04702598565396639,0.3427677865464505,63.11017446360077,62.91576425424155,72.18039805841624,6.279248134869225,0.5983279129300259,0.8230818749712017,0.002313698148920424
0.06991408621192984,0.3427677865464505,106.70684934405148,104.24288208235733,125.17792330934549,6.284542857142859,1.0399049997822607,1.5707962317335467,0.0022159289423566704
0.1035271976855583,0.3427677865464505,189.36008651094312,186.87900243245554,196.83858366355287,6.284542857142859,1.0808243709678687,1.5707962017196175,0.0020276712551156118
0.15238000978862376,0.3427677865464505,350.92678609887025,348.91985123817904,359.2652027002754,6.284542857142859,1.1752041114094396,1.570793418973018,0.001706637175829011
0.22225467472613084,0.3427677865464505,649.087068389317,646.6923663466815,662.4288502432346,6.284542857142859,0.0005281067260842582,1.5705515657984068,0.0025736687292204556
0.31973100640172986,0.3427677865464505,1193.5909630727026,1189.8451788993827,1206.1885496774921,6.284542857142859,0.00025754508954811006,1.570668559674355,0.002572550915857992
0.4503854206619554,0.3427677865464505,1771.6583747792963,1770.1669136176254,1783.2995554246354,6.284542857142859,0.00021649496912615345,1.57067633696225,0.002571658861628416
0.6142148866602788,0.3427677865464505,1535.3625217650645,1541.101814171694,1559.7169493553765,6.284542857142859,0.0003798485721437983,1.570699182549168,0.002572038170907261
0.7962942953533506,0.3427677865464505,554.1792449324075,559.3898252979169,571.1389770003793,6.284542857142859,0.0032341387431641462,1.5705772540172567,0.0025738364112954594
0.9519063728925579,0.3427677865464505,254.54020879701,253.77738960343396,275.56554583736954,6.284542857142857,0.8596824956218144,1.1173896390125904,0.002660362398717341
0.00011063852532153239,0.47315125896148086,0.07618161385322253,0.07534061777167267,12.752721161504041,3.950437300473286,0.9287932831947939,3.6709679762132964e-6,0.002505031624658698
0.00016580131664698346,0.47315125896148086,0.1141838323755735,0.1132250591896451,12.784136204032393,3.9438596823631977,0.9288402958514174,5.361673143535335e-6,0.0025047919243888855
0.00024846521098166813,0.47315125896148086,0.1713031536033469,0.17016592088063476,12.83138366000378,3.958458008140356,0.9289118406648806,2.0892086632813492e-6,0.0025044311055722477
0.0003723378920799524,0.47315125896148086,0.25724260088064455,0.255873866987514,12.902569271895686,3.977130029746183,0.9290400629892627,3.839659695183152e-6,0.002503933806054889
0.0005579559825209103,0.47315125896148086,0.38702913212519263,0.3851583396321274,13.01010104257557,4.043109899203683,0.9291771932623728,4.023596800651609e-6,0.0025030851093405275
0.0008360827013363571,0.47315125896148086,0.5832388539199087,0.5807970345891675,13.17316259111135,4.165659298580959,0.9294167647690795,2.628866313141775e-6,0.002501875902743887
0.0012527904957664955,0.47315125896148086,0.8814512007634647,0.8782295075818212,13.421825988777869,4.2591843471122,0.9297780535139888,7.0871104388274e-7,0.002500060966325658
0.0018770574160454304,0.47315125896148086,1.3381118254110476,1.333497545062997,13.804121022616982,4.37020668079396,0.930324488650333,1.5060584851390302e-6,0.0024973381410367855
0.0028121050796695033,0.47315125896148086,2.043970129901723,2.037159710747815,14.398684212700346,4.507254354621659,0.9311500369730785,3.972357860384806e-7,0.0024932883469078004
0.004212286548437501,0.47315125896148086,3.150025758415211,3.1396710829942407,15.338274200360388,4.635146305651727,0.9324325422115588,2.18581747420281e-6,0.0024872583693845074
0.006308162979393911,0.47315125896148086,4.9157402982521035,4.899517067332198,16.855265794394768,4.779794512977712,0.9343864185812476,2.769119048822907e-7,0.002478270764569655
0.009443564555314523,0.47315125896148086,7.804051207022312,7.777875966069686,19.37262122538243,5.041481713466445,0.9374344636577062,1.1089103694629443e-6,0.0024648728312006876
0.014129968295237355,0.47315125896148086,12.67414756510749,12.630326512115474,23.690749536989074,5.616399363678353,0.9422706502220097,2.5761533043146635e-7,0.002445062459526582
0.02112539273271365,0.47315125896148086,21.17947799318101,21.103281219784975,31.37811170952932,6.037961642254576,0.950089730326617,1.9093650919472255e-5,0.0024158459642406017
0.03154684409852525,0.47315125896148086,36.59855272731093,36.46115965205347,45.593237888375484,6.2756667247621785,0.9630607192235384,1.9611600248269802e-7,0.0023729279975353537
0.04702598565396639,0.47315125896148086,64.32925821041476,64.03934944930408,72.79849555635963,6.3501710145484696,0.6018657701188105,0.8095049634567799,0.0023134275980194107
0.06991408621192984,0.47315125896148086,108.905444136048,106.37129856666006,126.20907525397683,6.357014285714286,1.0353551813183302,1.5707961004543758,0.0022170269883336376
0.1035271976855583,0.47315125896148086,193.2450505292341,190.50904403460737,199.4017572823725,6.357014285714286,1.0730043847941526,1.5707962345291524,0.0020312045079072124
0.15238000978862376,0.47315125896148086,358.1114239263628,355.4617140810291,364.07939751003187,6.357014285714286,1.155589830928498,1.570795959613127,0.0017071200591517789
0.22225467472613084,0.47315125896148086,661.8342776878612,658.7668823224826,671.1149897425589,6.357014285714286,0.0005229240313623288,1.5705651504305962,0.0025739852392860293
0.31973100640172986,0.47315125896148086,1207.2399574998512,1202.449699022536,1214.0445242843828,6.357014285714286,0.000252634963689366,1.5707012213075988,0.002572764427761903
0.4503854206619554,0.47315125896148086,1785.5496446680256,1782.6224410895484,1789.8012627951994,6.357014285714286,0.0002175904856265384,1.5706810600815537,0.0025717152210162283
0.6142148866602788,0.47315125896148086,1549.2032042186597,1553.6662718847972,1566.3002957574404,6.357014285714286,0.00036816576191332567,1.5706782110946933,0.0025720454235129476
0.7962942953533506,0.47315125896148086,565.7816603346546,571.0200729215486,580.689978914839,6.357014285714286,1.5707916490675022,1.5707156012706958,0.0025322036845199557
0.9519063728925579,0.47315125896148086,259.3369793222751,258.6705334044009,280.1028468097239,6.3570142857142855,0.8531454498429476,1.1071047514792498,0.002651623798176476
0.00011063852532153239,0.653130552647472,0.07657805244436133,0.07586445290141342,12.751851754516338,3.899214937832493,0.9287804390830475,3.955861657538105e-6,0.00250503053143508
0.00016580131664698346,0.653130552647472,0.11477588921073334,0.11400966677287272,12.782831771252745,3.926087315517154,0.9288230377446034,3.0227258413623687e-6,0.0025047985485705713
0.00024846521098166813,0.653130552647472,0.17218774453851893,0.17134130585982632,12.829426143537376,3.9564428571433687,0.9288820837505017,2.99762030854657e-6,0.0025044181814408662
0.0003723378920799524,0.653130552647472,0.258607634787964,0.25763348854769674,12.899629668460989,3.9813240145570052,0.9289752663491465,4.631192096154953e-6,0.002503897577131605
0.0005579559825209103,0.653130552647472,0.3889920367478794,0.3877921840508236,13.005683454742325,4.047370953732101,0.9291095706936731,2.4550059150060056e-6,0.0025030783690852343
0.0008360827013363571,0.653130552647472,0.5860533892747242,0.5847373772645454,13.166509707087016,4.147010673446193,0.9293192118139608,5.433955655632067e-6,0.0025018745884740645
0.0012527904957664955,0.653130552647472,0.8858184563513447,0.8841188807704015,13.411785420053889,4.266247445666601,0.9296324062898692,4.737481824523755e-6,0.002500064003036533
0.0018770574160454304,0.653130552647472,1.344598009933847,1.3422890387490582,13.78892338533592,4.407354123909783,0.9301073683695326,1.1049447439514115e-6,0.0024973599461593768
0.0028121050796695033,0.653130552647472,2.053559866710117,2.0502662792590485,14.375559913489042,4.518986165694637,0.9308340072119035,2.802400776074304e-6,0.0024933226865937273
0.004212286548437501,0.653130552647472,3.1641422233790593,3.1591772742309985,15.302877282154213,4.639726698691527,0.9319310069830156,5.72402593289389e-7,0.0024872733666166233
0.006308162979393911,0.653130552647472,4.9363385651237195,4.928518580922585,16.800628280646947,4.8031971452701265,0.9336399650286575,3.376615373812256e-7,0.002478286425122919
0.009443564555314523,0.653130552647472,7.8339495897381255,7.821056216868996,19.28740092157068,5.079565686426565,0.9363151861370698,2.2097394084687429e-7,0.0024649387470731744
0.014129968295237355,0.653130552647472,12.717547991395108,12.695210979616675,23.556366812301917,5.663887843346402,0.9405830155598874,2.3411751723427118e-7,0.002445187028909503
0.02112539273271365,0.653130552647472,21.24407119689255,21.203629948296793,31.164552341622198,6.083189915855126,0.9475424394737136,9.07136868698748e-6,0.002416103227778731
0.03154684409852525,0.653130552647472,36.703703813794334,36.627815092109856,45.25548040656304,6.325785730857636,0.9591601199275367,1.1119592385819438e-7,0.0023734107162517826
0.04702598565396639,0.653130552647472,64.55691500802482,64.48223111953608,72.28509633572219,6.410758309566741,0.6069410659868292,0.7964179751811248,0.0023162837039689865
0.06991408621192984,0.653130552647472,109.66052074080659,107.46844305986018,125.53053105182744,6.4182142857142885,1.0273385975352993,1.570796265659359,0.0022206985545256425
0.1035271976855583,0.653130552647472,195.10137513953322,192.84135279464516,199.3346537733613,6.4182142857142885,1.058827914608232,1.57079620294584,0.002040190394685105
0.15238000978862376,0.653130552647472,362.6472461536885,360.7633432215274,365.22569756738744,6.4182142857142885,1.1204095613667966,1.570796326532533,0.0017138335423662393
0.22225467472613084,0.653130552647472,672.7668842506146,670.1904690486242,676.3033681463442,6.4182142857142885,0.0007112710081052511,1.5706480334289632,0.0025742399865883556
0.31973100640172986,0.653130552647472,1211.9427286659309,1208.1315626925643,1210.8019381985353,6.4182142857142885,0.00026656821332578506,1.5706572818461302,0.0025728694144293053
0.4503854206619554,0.653130552647472,1782.9672644154452,1781.4953169069704,1777.3732855163998,6.4182142857142885,0.00022401452142907554,1.5706765642581668,0.002571920205108636
0.6142148866602788,0.653130552647472,1549.642902878087,1555.2678761913614,1559.247323859865,6.4182142857142885,0.000383805892173627,1.570691211658904,0.002572039665387434
0.7962942953533506,0.653130552647472,578.3989212712875,583.3818386195234,587.4919920539551,6.4182142857142885,0.006851615294702647,1.570795784279931,0.0025739209465379096
0.9519063728925579,0.653130552647472,266.99247862107103,265.8738616112372,286.62803223156266,6.418214285714287,0.8523003489209681,1.1138000478513808,0.002661969453920456
0.00011063852532153239,0.9015711376059569,0.07826431191240601,0.07748173098693201,12.751053496471627,3.9213776191741183,0.9287603076923444,3.5263392509350823e-6,0.0025050343809309684
0.00016580131664698346,0.9015711376059569,0.1173071600568818,0.116434084093342,12.781633515009162,3.9490982690930974,0.9287908087828924,6.144445372818808e-6,0.002504797996644978
0.00024846521098166813,0.9015711376059569,0.1759855176500622,0.17497588974659095,12.827626210559515,3.9724495295973874,0.928847662961519,6.444697866995037e-6,0.0025044561447947196
0.0003723378920799524,0.9015711376059569,0.2643074756801127,0.26308298598884505,12.896922496304342,4.001795318401469,0.9289030816475518,3.935700595558302e-6,0.002503908802121949
0.0005579559825209103,0.9015711376059569,0.39752086325115954,0.39596584440636207,13.001602940798875,4.056078091446611,0.9290090763017839,3.575471464455115e-6,0.0025031118975273625
0.0008360827013363571,0.9015711376059569,0.5988480252292732,0.5970015033099401,13.160346966757743,4.136584818229127,0.9291662434706766,1.4201575452711647e-6,0.0025019060970662465
0.0012527904957664955,0.9015711376059569,0.905037218048065,0.9025340162599349,13.402442336323247,4.276971895812696,0.9294025690455624,6.559975692495222e-7,0.0025001139062285718
0.0018770574160454304,0.9015711376059569,1.3735066231491686,1.369971164774455,13.774675066290342,4.438472490601462,0.9297619385149071,4.27365905557719e-6,0.0024974307224852796
0.0028121050796695033,0.9015711376059569,2.0971336310817748,2.0919486119510537,14.353680014214092,4.506691979837846,0.9303093356215479,1.4486713601396112e-6,0.002493422550953907
0.004212286548437501,0.9015711376059569,3.2300129373881674,3.222125647462164,15.26892615771601,4.625917542556942,0.9311513535860025,7.61373736945615e-7,0.0024874484086480518
0.006308162979393911,0.9015711376059569,5.036494946901712,5.024059300118807,16.74723030574455,4.853439511182085,0.9324763434814075,5.446954274185051e-7,0.002478559141266808
0.009443564555314523,0.9015711376059569,7.987753456583022,7.967359239598096,19.20213109636893,5.174239270036835,0.9345410421917006,1.362956383410984e-6,0.0024653320875640196
0.014129968295237355,0.9015711376059569,12.9577445735177,12.922901377172877,23.418071320846707,5.764143387388629,0.9378916303184837,2.0878373466158823e-7,0.0024458184457628552
0.02112539273271365,0.9015711376059569,21.630722902157572,21.568676561721915,30.938191161364784,6.208558365277535,0.9434282272757615,8.808279959641308e-7,0.0024171021572259315
0.03154684409852525,0.9015711376059569,37.359712604912886,37.24521994668912,44.888888297412564,6.498848644381785,0.9528224669333429,1.5896429500727906e-7,0.0023750601126448895
0.04702598565396639,0.9015711376059569,65.99031308259856,65.67842425528583,71.72880075785713,6.606550614855946,0.6175201677432073,0.7736472581942747,0.0023176745458865374
0.06991408621192984,0.9015711376059569,111.76572904334012,110.54539790866464,124.8695061334729,6.617142857142857,1.0137516037666117,1.5707821612093724,0.0022285043961051605
0.1035271976855583,0.9015711376059569,202.02586739993848,199.27447060438942,200.29965284209675,6.617142857142857,1.0354869547692225,1.5707961669362245,0.0020598300312235076
0.15238000978862376,0.9015711376059569,378.05166676668284,375.29470380212854,369.4326350482405,6.617142857142857,1.0740709554631935,1.5707958164594005,0.0017620565459890375
0.22225467472613084,0.9015711376059569,713.1933966018519,709.1605390373591,739.282158210967,6.617142857142857,1.2399119952016517,1.5685392105833358,0.001432766858144073
0.31973100640172986,0.9015711376059569,1259.181399760705,1253.6616750003009,1253.623598104001,6.617142857142857,0.0003200091061956431,1.5707027029011893,0.002572904839094787
0.4503854206619554,0.9015711376059569,1835.2764308152114,1831.6715247845232,1779.6839279917972,6.617142857142857,0.00022593376592303278,1.5706280174512617,0.0025720742564208786
0.6142148866602788,0.9015711376059569,1600.0213877407898,1603.745064858753,1574.2949096829198,6.617142857142857,0.0003804796815522053,1.5706595218227208,0.002572387903953379
0.7962942953533506,0.9015711376059569,614.4206936143134,619.3391908241977,607.212806102566,6.617142857142857,0.8127056941779349,1.5707945237650798,0.0021949527402096718
0.9519063728925579,0.9015711376059569,280.0402823257054,279.5200005793996,298.82981026387984,6.617142857142857,0.8551118376315289,1.1171183448801365,0.002665614620331342
0.00011063852532153239,1.2445146117713857,0.0806178149511112,0.07964301534357787,12.74946509071981,3.9217441075377537,0.928731786210852,2.3919177516602885e-6,0.002505057047185208
0.00016580131664698346,1.2445146117713857,0.12083139028750622,0.11967397156841741,12.779249058208848,3.967875926218845,0.9287484878475666,5.533614071041903e-6,0.0025048282117635296
0.00024846521098166813,1.2445146117713857,0.18122476865787007,0.179833096835182,12.824043604206395,4.00909195691289,0.9287747384166,2.253974431096803e-6,0.0025044859391200177
0.0003723378920799524,1.2445146117713857,0.2722568775513281,0.270367104144114,12.891533686693151,4.042111753133575,0.9288108018378178,2.276659073617072e-6,0.002503974280860497
0.0005579559825209103,1.2445146117713857,0.4094328442603654,0.4068929253306379,12.993480442617965,4.076199545448999,0.9288694049989321,3.806893214160195e-6,0.0025032020309647823
0.0008360827013363571,1.2445146117713857,0.6167033716088071,0.6134018298315738,13.14807715473637,4.125088008750572,0.9289485485417753,2.3885955484904577e-6,0.0025020519663966853
0.0012527904957664955,1.2445146117713857,0.9318697393817388,0.9271693767023521,13.383816567891131,4.251044749308829,0.9290822966531201,4.9290503742699246e-6,0.0025003362314071
0.0018770574160454304,1.2445146117713857,1.4138824052228642,1.4070233939472843,13.746250828657935,4.443982506196472,0.9292801667372057,4.413364005045269e-6,0.0024977640515216628
0.0028121050796695033,1.2445146117713857,2.1580311688231006,2.1477954173470266,14.309945190501026,4.525168499058525,0.9295842041496194,1.4167899085546075e-6,0.0024939240771760644
0.004212286548437501,1.2445146117713857,3.322218221950479,3.3066004429739166,15.20085745063534,4.6502767006180585,0.9300590714364119,2.8951900448370766e-6,0.002488197315594903
0.006308162979393911,1.2445146117713857,5.177039339325688,5.15262371144938,16.639715129951696,4.894441286424483,0.9308058719212811,1.925166877519096e-6,0.0024796709127247857
0.009443564555314523,1.2445146117713857,8.204511405461176,8.165182177975339,19.02909453088489,5.224276449422365,0.9320237342164196,1.8176846939067374e-6,0.0024670396892070333
0.014129968295237355,1.2445146117713857,13.298593168552586,13.233444692366987,23.13364522600955,5.821099902536265,0.9340341266805755,3.5041732441015407e-7,0.0024483896037365426
0.02112539273271365,1.2445146117713857,22.186799975924316,22.07433254715319,30.461295703308792,6.280399180662617,0.9374670910532549,1.5053206989708796e-7,0.0024210123231992653
0.03154684409852525,1.2445146117713857,38.32605837034433,38.12346624968387,44.08074140761414,6.573207852907875,0.9434892993901717,1.2801243240669985e-7,0.002381079824467879
0.04702598565396639,1.2445146117713857,67.93006040389974,67.62474271750982,70.37993195705201,6.675670592319558,0.6322961965648745,0.7359919447509684,0.002327893219186477
0.06991408621192984,1.2445146117713857,117.6547263824576,115.40426582733402,122.79448334008077,6.6847142857142865,0.9932556077831828,1.570796266375021,0.0022467042018813038
0.1035271976855583,1.2445146117713857,213.07561804361058,209.96485301927328,199.89477101153875,6.6847142857142865,0.9998049712638348,1.5707959995469796,0.0020980528894003303
0.15238000978862376,1.2445146117713857,405.2462881039193,401.52528422180063,372.12428247766195,6.6847142857142865,1.0089495054541562,1.5707961150525318,0.0018562072149417815
0.22225467472613084,1.2445146117713857,778.4918467238085,773.4321788606275,736.32624961694,6.6847142857142865,0.9735172368697448,1.5707943472252641,0.001435809997427883
0.31973100640172986,1.2445146117713857,1411.2729494773303,1402.9255607063965,1259.7699689165834,6.6847142857142865,0.000495936647756037,1.5706967848091071,0.002574371056461708
0.4503854206619554,1.2445146117713857,2048.7577545371846,2040.2535719099005,1810.7073353963228,6.6847142857142865,0.00022623666281997807,1.5705920484926306,0.002572667184008183
0.6142148866602788,1.2445146117713857,1787.7291562738637,1788.289034649636,1593.6258276901272,6.6847142857142865,0.0004284145105428317,1.5705789363822054,0.0025730059080127346
0.7962942953533506,1.2445146117713857,697.9639708252801,701.7122308669574,658.2721427353451,6.6847142857142865,0.8206909819223168,1.5696392196129583,0.0023762224602426056
0.9519063728925579,1.2445146117713857,303.271187115719,302.89044817041594,319.619506299548,6.6847142857142865,0.875012913759977,1.1440286829893622,0.002674923921372502
0.00011063852532153239,1.7179083871575895,0.08258498888605459,0.0817545508362798,12.746843782152268,4.009335700901834,0.9286994813311926,3.69041927911449e-6,0.002505107273210512
0.00016580131664698346,1.7179083871575895,0.12378043861370713,0.12283700159930788,12.775313789577126,4.045970147630956,0.9286990775302914,2.2073844464026586e-6,0.002504905468318958
0.00024846521098166813,1.7179083871575895,0.1856914129611198,0.18457088881775974,12.818130630404994,4.055266386836012,0.928700198988419,1.7906931463487406e-6,0.0025046009247049307
0.0003723378920799524,1.7179083871575895,0.27885471200642087,0.2774616246491348,12.882636340470299,4.050835417653048,0.9287016986486664,2.832039105410985e-6,0.0025041459853415472
0.0005579559825209103,1.7179083871575895,0.4193466864039834,0.417512061358039,12.98006926678488,4.060426455940593,0.9287023857322148,1.1208760594947325e-6,0.002503462447560132
0.0008360827013363571,1.7179083871575895,0.6314828215883352,0.6292886105135267,13.127797448027422,4.121218468938091,0.928704547818882,2.3751873630804564e-6,0.0025024487074974205
0.0012527904957664955,1.7179083871575895,0.9539394862082275,0.9509174102637559,13.353038296479212,4.259715924761305,0.9287102189087217,9.88601611609284e-7,0.0025009188081782196
0.0018770574160454304,1.7179083871575895,1.4467849410830382,1.4424865649279752,13.699244737549407,4.469603175945558,0.9287210771268966,4.345079317845534e-6,0.002498641649693122
0.0028121050796695033,1.7179083871575895,2.206978202296213,2.2006812856634355,14.237526930832928,4.573310749832088,0.9287394674316277,8.855492705959486e-7,0.002495229722206861
0.004212286548437501,1.7179083871575895,3.394849542354663,3.3853572329691275,15.087956076016098,4.718363376283151,0.9287770663174997,2.986680437494421e-6,0.0024901443652056874
0.006308162979393911,1.7179083871575895,5.2845100022490215,5.269817202725349,16.460804048982027,4.978912580948395,0.9288602514538689,2.4304899989733275e-6,0.0024825932893488235
0.009443564555314523,1.7179083871575895,8.363427449373205,8.339928335896573,18.739670847004618,5.348208094242129,0.929030119490906,3.047491308664822e-7,0.0024713975632401205
0.014129968295237355,1.7179083871575895,13.535829479802231,13.496776594028063,22.65380284557216,6.050780997149847,0.9294021386205776,1.9729039698820747e-7,0.0024549074097372624
0.02112539273271365,1.7179083871575895,22.551524383118007,22.4842871087979,29.64474714616631,6.57445345355727,0.9301956828649708,1.8190027671783806e-7,0.002430764220930948
0.03154684409852525,1.7179083871575895,38.93705878914216,38.81523415194816,42.6601202518616,6.888076816545584,0.9318737665534341,1.7336075523118573e-7,0.002395746986707026
0.04702598565396639,1.7179083871575895,69.37558926887917,69.22656745246151,67.88828484427108,6.985148402324649,0.6513832867788688,0.6777011486192208,0.00235051599098666
0.06991408621192984,1.7179083871575895,122.04529183694086,120.71836538447057,118.58388134773554,6.993214285714285,0.9692004763976407,1.5707962501213628,0.0022870939339711565
0.1035271976855583,1.7179083871575895,224.4592097848539,222.15606597660837,198.36769269807178,6.993214285714285,0.9567209595139347,1.570795748490199,0.002169322345690181
0.15238000978862376,1.7179083871575895,437.553651173109,435.07307578932284,370.67667378182796,6.993214285714285,0.9287669788957194,1.5707960842022952,0.002001249277736988
0.22225467472613084,1.7179083871575895,878.2014440920168,874.7489253100481,712.1701866006606,6.993214285714285,0.8246339572209751,1.5707933947234753,0.0017800714721577715
0.31973100640172986,1.7179083871575895,1704.8992639381622,1697.2365541941406,1436.8307565605328,6.993214285714285,0.801265918659998,1.5707865249350055,0.00165253381524723
0.4503854206619554,1.7179083871575895,2673.3590047232583,2664.2284969434463,1924.9023363572105,6.993214285714285,0.8017957332162142,1.570652150457753,0.0016551680101331515
0.6142148866602788,1.7179083871575895,2310.425570290994,2314.2368086232254,1725.59850361379,6.993214285714285,0.8044050276843209,1.5705551637269473,0.0018741244056678257
0.7962942953533506,1.7179083871575895,857.5467112182725,863.4629753146852,741.3767456828957,6.993214285714285,0.8061732244761041,1.5697413449343849,0.0026405283461988613
0.9519063728925579,1.7179083871575895,337.77209723246574,337.8566094888082,351.57824590983955,6.993214285714285,0.8670151054374545,1.2392140313300528,0.0026856364664826987
0.00011063852532153239,2.371373705661658,0.08067784181478999,0.07990565830998264,12.74209605366616,4.053579273749364,0.9286816410361969,2.9926969000121553e-6,0.0025052290584468354
0.00016580131664698346,2.371373705661658,0.12091886149580944,0.12005735965891517,12.768185174747828,4.064310606084008,0.9286685368312784,8.214879436875275e-6,0.0025050734378149
0.00024846521098166813,2.371373705661658,0.18137639330804234,0.18038458412821967,12.80741698567249,4.063165156420542,0.9286571240978763,7.480597141578162e-6,0.0025048756966100944
0.0003723378920799524,2.371373705661658,0.27233274100449023,0.2711413833564933,12.86651217204394,4.052471286973851,0.9286410145351808,3.924514065423187e-6,0.002504543335959617
0.0005579559825209103,2.371373705661658,0.4094553152595637,0.4079367374346816,12.955750981725032,4.052642689114945,0.9286146738296766,2.5159661196319613e-6,0.002504078062541083
0.0008360827013363571,2.371373705661658,0.6165215200261542,0.6147065851586433,13.091008592958815,4.12229477283965,0.9285667986452553,5.705403886105848e-6,0.0025033575320377176
0.0012527904957664955,2.371373705661658,0.9309970053861747,0.92854392337577,13.297129669878473,4.2745997011037025,0.92850120871771,5.189570824046777e-6,0.0025022853765199306
0.0018770574160454304,2.371373705661658,1.4112465896714923,1.4077918153382,13.61371740008326,4.490620727009662,0.9284032555894567,4.22777221065197e-6,0.0025006822402779275
0.0028121050796695033,2.371373705661658,2.151139021698711,2.1460873010583015,14.105455396629395,4.592832127221605,0.9282580989823854,1.749609602132156e-6,0.002498294853427671
0.004212286548437501,2.371373705661658,3.305438083826644,3.2977555265281495,14.881288248151236,4.74539394408325,0.9280312247525168,1.1660669601526653e-6,0.0024947129837673064
0.006308162979393911,2.371373705661658,5.137847468159876,5.125727248497924,16.13156540372961,5.0270636242081075,0.9277144904173097,1.411435423329199e-6,0.002489404105431616
0.009443564555314523,2.371373705661658,8.11579349984818,8.095867777873693,18.20270939306863,5.4310923736860435,0.9272416322012867,4.313413554210305e-7,0.002481592946871265
0.014129968295237355,2.371373705661658,13.104386118911549,13.070114883767431,21.752373052946268,6.195732698853589,0.9265322197378804,2.6261798167821927e-7,0.0024700230172146386
0.02112539273271365,2.371373705661658,21.778207938476896,21.71618038973378,28.080635680460432,6.774429881538742,0.9254972063162988,1.9680446222977143e-7,0.002453183632442375
0.03154684409852525,2.371373705661658,37.52268877562389,37.40472862609579,39.85226913095744,7.1335396020031485,0.9239620818023103,6.314890506704865e-7,0.002428943240283523
0.04702598565396639,2.371373705661658,67.17469016964023,66.94853403896191,62.69564751543112,7.245668647243686,0.6660903846110451,0.6057486191666456,0.002399138398809459
0.06991408621192984,2.371373705661658,119.89078976257832,119.39235749667985,105.31649742238255,7.254957142857142,0.6609709552407504,0.9686863370836046,0.0023547469255405288
0.1035271976855583,2.371373705661658,223.54241570439075,220.9249273574311,185.3361518220156,7.254957142857142,0.9236165488491703,1.5707962471650851,0.0022876909833068424
0.15238000978862376,2.371373705661658,443.4223515878347,440.7995594804188,348.1883072189253,7.254957142857142,0.855275374728842,1.5707956018448233,0.0021975539823000973
0.22225467472613084,2.371373705661658,935.3837579460671,928.6513518134348,683.0061944178908,7.254957142857142,0.8030950211738372,1.5698009190878022,0.002169074269281025
0.31973100640172986,2.371373705661658,1986.3925351368491,1969.0742607397606,1301.8452885366492,7.254957142857142,0.7983271229546222,1.5690552578496475,0.0022203110021336947
0.4503854206619554,2.371373705661658,3478.2155307720873,3449.190020940463,2063.379619149745,7.254957142857142,0.7981255349966856,1.5692554675860475,0.002381593797276917
0.6142148866602788,2.371373705661658,3019.1656071801604,3013.961404504613,1956.8673601745159,7.254957142857142,0.7990117957681562,1.5693145646317674,0.0026414230554494163
0.7962942953533506,2.371373705661658,1054.2275015545529,1059.5118199370527,952.0401675594173,7.254957142857142,0.7995736330417377,1.56858828688934,0.003097191287859173
0.9519063728925579,2.371373705661658,379.2820902703859,379.91562643827194,392.2964133873751,7.254957142857142,0.7976179899426118,1.5626846502682314,0.002710855486054729
0.00011063852532153239,3.2734069487883817,0.0679074643180968,0.0674091300076185,12.734935154896789,4.05224309753197,0.9286916233472318,3.5418319450022568e-6,0.002505417801740757
0.00016580131664698346,3.2734069487883817,0.10176681175281033,0.10131663644891375,12.757432696655997,4.066268773839681,0.9286863784314157,3.5290489111446373e-6,0.002505366069968788
0.00024846521098166813,3.2734069487883817,0.15264715360302716,0.15227036303315344,12.791255038511508,4.105220107308383,0.9286825376871457,3.0347138455333738e-6,0.002505298244304347
0.0003723378920799524,3.2734069487883817,0.22921024463778394,0.2289441068104594,12.84218362633385,4.106515842483603,0.9286750378762064,6.851134229590334e-6,0.0025051761908161216
0.0005579559825209103,3.2734069487883817,0.3446515465917912,0.3445521075861535,12.91904994725894,4.069294411612028,0.9286621444980804,1.743610254391987e-6,0.00250503002106998
0.0008360827013363571,3.2734069487883817,0.5192463770169837,0.5193884098294035,13.035464361428694,4.111221119115254,0.9286433643390939,2.6229668486317715e-6,0.002504789037584328
0.0012527904957664955,3.2734069487883817,0.7844826532512883,0.7849636341048978,13.212669025637865,4.26671343128333,0.9286151006393599,5.355547146114875e-6,0.002504429350313624
0.0018770574160454304,3.2734069487883817,1.190017897264184,1.1909781703357396,13.48440302518361,4.508280704742918,0.9285738744719223,7.295726948595111e-7,0.00250389504240268
0.0028121050796695033,3.2734069487883817,1.8158789826781003,1.8175162093051114,13.90550984463971,4.632377381147985,0.9285072938979807,1.988620130871709e-6,0.002503091405085357
0.004212286548437501,3.2734069487883817,2.794363852030955,2.7972725681459707,14.567835842413047,4.814169410693807,0.928407029145781,1.431318801565222e-6,0.0025019141283596142
0.006308162979393911,3.2734069487883817,4.353734652675925,4.35795854321897,15.630823741510198,5.132275173683724,0.928239449209781,6.329462546182852e-7,0.0025001580946899366
0.009443564555314523,3.2734069487883817,6.9012546463052615,6.906876411022978,17.382769882753223,5.594219514472354,0.9279711409700011,3.082949120653896e-7,0.0024975792995063
0.014129968295237355,3.2734069487883817,11.2007579974469,11.207084294658614,20.36782567088835,6.45459516364308,0.9275261878546797,8.840402486795154e-6,0.0024938754420713105
0.02112539273271365,3.2734069487883817,18.75615873371592,18.76004245915267,25.65733017040668,7.110210656887163,0.9267563125452897,2.875140299303699e-7,0.0024886189315018094
0.03154684409852525,3.2734069487883817,32.682279645696525,32.67338614878868,35.44434863556785,7.509056128682398,0.9253310903044643,1.4545936974772055e-7,0.0024813979989075766
0.04702598565396639,3.2734069487883817,59.779700444831064,59.72614845956768,54.37334012769361,7.620624325139464,0.9225424268270203,1.680280376145234e-7,0.0024720857735202775
0.06991408621192984,3.2734069487883817,111.57819899144687,111.37885548152617,90.8079459212579,7.626614285714287,0.6647535711185304,0.7870987762854544,0.002470552051856092
0.1035271976855583,3.2734069487883817,222.25463151232168,221.5883702326463,160.09100679597555,7.626614285714287,0.6776468696132071,1.0578794619136163,0.0024576557753319826
0.15238000978862376,3.2734069487883817,486.01211786890445,483.6907193504303,302.6695633681363,7.626614285714287,0.8683820620051633,1.570795997227069,0.002453337110851679
0.22225467472613084,3.2734069487883817,1213.5498139523788,1204.6820111026143,602.1249667207014,7.626614285714287,0.8054236442375591,1.5707918369781486,0.0025657828653643283
0.31973100640172986,3.2734069487883817,3454.027864382555,3421.5225547025443,1218.7310098058122,7.626614285714287,0.7987898191309645,1.57054034256507,0.0028814173652590763
0.4503854206619554,3.2734069487883817,8420.26387193083,8362.524288416336,2245.7871032525154,7.626614285714287,0.7974915723252699,1.5703182393248194,0.003406565824337084
0.6142148866602788,3.2734069487883817,6535.232956835713,6552.333493455732,2384.038979447514,7.626614285714287,0.7978115870966039,1.5693868364308456,0.0037922801135852435
0.7962942953533506,3.2734069487883817,1472.0456724663188,1483.478776910434,1101.0718068182832,7.626614285714287,0.7967294932003991,1.570744747627239,0.003760415991724048
0.9519063728925579,3.2734069487883817,419.1372983644405,420.3903594851956,432.57517281111586,7.626614285714287,0.7873706760792754,1.5707842048894227,0.002717876148849192
0.00011063852532153239,4.518559443749226,0.04320529019898345,0.04328567933450245,12.726814785142778,4.091360104374204,0.9287153633999938,2.7693621970786594e-6,0.002505589964150436
0.00016580131664698346,4.518559443749226,0.06471928380565828,0.0651350320445232,12.745236950576668,4.075041634676845,0.9287249971139209,2.603620336466151e-6,0.0025056293762886965
0.00024846521098166813,4.518559443749226,0.09705640383367609,0.09798103735684549,12.772919230138655,4.105574042539326,0.9287365246906703,2.022523904967945e-6,0.0025056847630854687
0.0003723378920799524,4.518559443749226,0.1457598012142114,0.14743466561684215,12.81457239317615,4.11637979784045,0.9287558866760084,5.330467519179659e-6,0.002505765056354683
0.0005579559825209103,4.518559443749226,0.21925657215125227,0.222062857126744,12.877372633447635,4.082712996580091,0.9287820066875186,2.049913689888065e-6,0.0025058963268694803
0.0008360827013363571,4.518559443749226,0.3305695904503807,0.33506455135379554,12.97233628412414,4.161710909926263,0.9288250338957713,1.3681383833443247e-6,0.002506092886603172
0.0012527904957664955,4.518559443749226,0.500014277647125,0.5070276623554406,13.116555865319697,4.35241857595259,0.9288873173831296,1.49566222914537e-6,0.0025063836744850716
0.0018770574160454304,4.518559443749226,0.7598640444577853,0.7706320885766047,13.336982468365363,4.537104081206685,0.9289803930142918,1.1028440825840537e-6,0.002506820162780119
0.0028121050796695033,4.518559443749226,1.162661101769146,1.1789893613248665,13.676973891544776,4.654039559555799,0.9291219065255106,5.128433855234105e-7,0.002507501414824995
0.004212286548437501,4.518559443749226,1.7962577691941704,1.8211013381713315,14.208247488128222,4.875258608060856,0.9293184203889109,3.965611155908407e-7,0.002508493785442043
0.006308162979393911,4.518559443749226,2.814568503506109,2.8518803780816455,15.053507466210931,5.239959937743448,0.9296103711601843,4.22909309648489e-7,0.0025100294992029836
0.009443564555314523,4.518559443749226,4.497534578953363,4.55323582501417,16.431185188973473,5.772287385478833,0.9300284013264454,3.6462184964746905e-7,0.002512406593006799
0.014129968295237355,4.518559443749226,7.381727415220041,7.464282253903562,18.747415329838873,6.75118476480571,0.9306119064996281,8.850944006657887e-7,0.0025161184854673715
0.02112539273271365,4.518559443749226,12.551345019299703,12.672437027390359,22.79177544140566,7.467305398821177,0.931379283523977,1.934958557944993e-7,0.0025220371855597334
0.03154684409852525,4.518559443749226,22.32539168135615,22.49978662947335,30.167230072818825,7.891243791823023,0.932309009668244,1.647780113885811e-7,0.0025317371642334945
0.04702598565396639,4.518559443749226,41.99016266851697,42.23183189502204,44.26225207584082,7.992116693961869,0.9331911816925518,6.282689434764374e-6,0.0025481543035306064
0.06991408621192984,4.518559443749226,81.96970839618311,82.28444074670061,71.7068423431698,7.997007142857145,0.6507009934166514,0.6601636559241848,0.0025890875541482567
0.1035271976855583,4.518559443749226,174.62360221965736,174.90661266728347,126.42662906088447,7.997007142857145,0.650063824345179,0.8445087271308893,0.0026453030602377934
0.15238000978862376,4.518559443749226,425.73822905591777,425.3587163037646,240.19764444795692,7.997007142857145,0.6629235711516853,1.0457770476467432,0.0027448306107462645
0.22225467472613084,4.518559443749226,1232.062102749123,1227.469101771718,479.8633306631791,7.997007142857145,0.8821057663174455,1.5707960985617027,0.0029390683026006828
0.31973100640172986,4.518559443749226,4255.3079647879795,4230.195581185219,999.3952901688995,7.997007142857145,0.8047978528051384,1.5707873157243644,0.0035076302415301555
0.4503854206619554,4.518559443749226,12307.594567910442,12273.44927142198,2117.824788203697,7.997007142857145,0.7976171894975282,1.570702838861249,0.004640621288479607
0.6142148866602788,4.518559443749226,9288.951929169918,9369.195556846911,2755.599377820832,7.997007142857145,0.7965321585202911,1.5707955924118138,0.005202301406419906
0.7962942953533506,4.518559443749226,1676.8236076979217,1698.729406581617,1202.2824534157253,7.997007142857145,0.7947336177504972,1.5707917533930273,0.004533185431073727
0.9519063728925579,4.518559443749226,435.31063835207937,437.5007475935141,457.1740460772604,7.997007142857145,0.7843651674464739,1.5707755129472745,0.0027271916443348245
0.00011063852532153239,6.237348354824197,0.03904003763670971,0.03825102433967231,12.724149166557254,4.088880088399136,0.9287114585750692,4.43469620931275e-6,0.0025056123500647844
0.00016580131664698346,6.237348354824197,0.058455687059520756,0.057563980770112266,12.741222098445405,4.049411927059218,0.9287215372226699,4.356028042900484e-6,0.002505667858314987
0.00024846521098166813,6.237348354824197,0.087620039365504,0.0865763422579846,12.76685862886302,4.097225356493627,0.9287304749280758,2.0269772903934784e-6,0.002505741784574978
0.0003723378920799524,6.237348354824197,0.13148385632770498,0.13021194691729931,12.805394126128931,4.144127654684075,0.9287440280021243,5.532162618816331e-6,0.002505841200590884
0.0005579559825209103,6.237348354824197,0.19757738783727063,0.19595683679133913,12.86339601963357,4.116687606262901,0.9287691879359713,1.4469498969434232e-6,0.00250602610640151
0.0008360827013363571,6.237348354824197,0.2974246527518716,0.29527636737884677,12.950884951604962,4.1828190296840955,0.9288043639183047,1.5257863938708754e-6,0.0025062839124796346
0.0012527904957664955,6.237348354824197,0.4488705571151286,0.4459017776616605,13.083288030142398,4.356277127302006,0.9288579789919328,1.1928497680588473e-6,0.0025066672140784335
0.0018770574160454304,6.237348354824197,0.6798861063548713,0.6756477767848565,13.284608040970284,4.526642844536141,0.9289345065194483,8.115600519640068e-7,0.0025072428612306985
0.0028121050796695033,6.237348354824197,1.035080969185131,1.029004422634344,13.592822007932796,4.659188893998439,0.9290533418817021,5.813073130888486e-7,0.0025081336850648933
0.004212286548437501,6.237348354824197,1.5880628073703065,1.5790072079164759,14.069385411465532,4.899720629044104,0.9292228448186556,8.122854697359429e-7,0.0025094443330615944
0.006308162979393911,6.237348354824197,2.4634328179595713,2.4495973492489895,14.816690301846734,5.2814235243160255,0.9294732589428196,6.892400775972059e-7,0.0025114485252587053
0.009443564555314523,6.237348354824197,3.881431175068883,3.859742073869313,16.011511830828454,5.841529768379495,0.9298356478493259,3.073149082550237e-7,0.0025145386170245705
0.014129968295237355,6.237348354824197,6.249654818720444,6.214576907094326,17.97208576180344,6.8639510810163085,0.9303506527163687,4.5143303329379926e-7,0.002519311407285463
0.02112539273271365,6.237348354824197,10.361300924644908,10.302381623241203,21.298129052260606,7.644692396287696,0.931074574172223,9.86554472190172e-7,0.0025268211896345657
0.03154684409852525,6.237348354824197,17.844013998362556,17.74045766267068,27.174812572982773,8.125038761399614,0.9320026720493135,2.95002464244087e-7,0.00253889631475006
0.04702598565396639,6.237348354824197,32.076360511508426,31.85965138057972,38.059147192041905,8.23969644904283,0.6552993309834679,0.4350226702410789,0.0025680506408399246
0.06991408621192984,6.237348354824197,58.277320827806676,57.88750742228994,58.7494467974218,8.243364285714287,0.6459667782342994,0.6556002054498213,0.002612145460625074
0.1035271976855583,6.237348354824197,112.68081313230084,111.9381821063043,99.57887873799507,8.243364285714287,0.639025286829763,0.8520642186058972,0.002684552080989464
0.15238000978862376,6.237348354824197,237.81716385057786,236.36527393750958,181.4070447960878,8.243364285714287,0.636022934435648,1.0667304428792923,0.0028220294781040258
0.22225467472613084,6.237348354824197,548.6485498563804,546.4844288004731,369.17284820591306,8.243364285714287,0.9674498281713818,1.5707961610899617,0.0031527081901231084
0.31973100640172986,6.237348354824197,1348.0363895974228,1346.793623283841,761.2710916109922,8.243364285714287,0.9888506542333418,1.5707960286010183,0.004137462635431324
0.4503854206619554,6.237348354824197,2740.062823516585,2758.5823472249995,1275.092325137546,8.243364285714287,0.801828375279663,1.570796326392444,0.00575551377879706
0.6142148866602788,6.237348354824197,3061.268719769274,3117.6200866659815,2073.7634326981793,8.243364285714287,0.7961289084114519,1.5702605093802628,0.005999996968017911
0.7962942953533506,6.237348354824197,1167.8360730453278,1178.3038902906571,1068.6152108103242,8.243364285714287,0.7952139031686217,1.5707753902969022,0.0050417941214021735
0.9519063728925579,6.237348354824197,430.07640070701206,431.7206298313737,456.7645145212847,8.243364285714287,0.7828105618562184,1.570768088178467,0.0027324904019684153
0.00011063852532153239,8.609937521846016,0.07148646385581969,0.07048745929944289,12.732778864150987,4.009225179548752,0.9286891998834617,1.1465452043496137e-5,0.0025055485382431426
0.00016580131664698346,8.609937521846016,0.10711105114397412,0.10589778361072888,12.754120211051259,3.9749570406622663,0.9286885712980428,3.269578913255232e-6,0.0025055826990641023
0.00024846521098166813,8.609937521846016,0.16059823209641877,0.15906475869090286,12.786178342091489,4.06076681992473,0.9286852926367463,4.248365803020775e-6,0.0025056233299937344
0.0003723378920799524,8.609937521846016,0.24098151327699213,0.23896648314611468,12.8343229120037,4.159295672180652,0.9286805413609213,4.2511799631541595e-6,0.0025056667429882063
0.0005579559825209103,8.609937521846016,0.3619547938700123,0.3592141563689921,12.906700133367963,4.156304468457105,0.9286630648568537,2.2458559557495377e-6,0.002505754738267515
0.0008360827013363571,8.609937521846016,0.544395951526937,0.5405578555740504,13.015678742026353,4.215866154711848,0.9286504340494738,1.5641960213044896e-6,0.0025058611182724915
0.0012527904957664955,8.609937521846016,0.8203894649114574,0.8148877155577026,13.180148835686623,4.377572720349371,0.9286197325758233,4.92955575010112e-6,0.0025060343000498546
0.0018770574160454304,8.609937521846016,1.2398320927114668,1.231788352733048,13.429224025342705,4.560806474859152,0.928579134664839,1.5743494948568794e-6,0.0025062957735513336
0.0028121050796695033,8.609937521846016,1.8816072364811447,1.8696462155541127,13.808326738575488,4.747654097795747,0.9285144472401999,7.743463437863309e-7,0.0025066791756418834
0.004212286548437501,8.609937521846016,2.873312062014321,2.8552315328605857,14.389645713111918,5.0487988766968,0.928423448209652,1.4608765827080186e-6,0.002507294627113554
0.006308162979393911,8.609937521846016,4.4277348839317625,4.399916384613249,15.290610688596644,5.45656705760204,0.9282718271446899,7.403926689893684e-7,0.0025082072018613416
0.009443564555314523,8.609937521846016,6.91399116784028,6.870250841927216,16.708398300925865,6.0085973619458235,0.9280243532780653,3.605488564114942e-7,0.0025095877248299783
0.014129968295237355,8.609937521846016,11.004042078280435,10.933416016668758,18.98716488486434,7.066374546343842,0.9276607013775162,1.5234602176896406e-6,0.0025117939686104714
0.02112539273271365,8.609937521846016,17.99317872350197,17.875400624559433,22.755867168339478,7.8920605481914174,0.926931515152187,2.1611302018055028e-7,0.002515130001944127
0.03154684409852525,8.609937521846016,30.550967793435774,30.34383978770724,29.224897745832322,8.374299818410032,0.9256980353817441,2.584113843082885e-7,0.0025205710984752046
0.04702598565396639,8.609937521846016,54.335935225101196,53.95704757961782,40.8583426912478,8.462942857142863,0.6641042099837223,0.42048945573088353,0.0025387656086123637
0.06991408621192984,8.609937521846016,100.80996028967797,100.07325560628091,62.65489939718452,8.462942857142863,0.6582439442234893,0.6548445000506964,0.0025626391972012872
0.1035271976855583,8.609937521846016,202.86728425428828,201.24468947127644,105.38456559136534,8.462942857142863,0.6567851650450587,0.9011252107679525,0.002595383964008048
0.15238000978862376,8.609937521846016,453.4913111553661,449.46323616164057,194.03216410065545,8.462942857142863,0.9364431819185592,1.5707957374834882,0.0026532845032034087
0.22225467472613084,8.609937521846016,1181.40831807657,1169.0912738608176,406.2127633922307,8.462942857142863,0.8924931707294818,1.570796029767013,0.0027878463957741106
0.31973100640172986,8.609937521846016,3460.5954980874144,3422.606431001819,918.4591213926353,8.462942857142863,0.8499108793311593,1.5707951155572453,0.0032443042956715046
0.4503854206619554,8.609937521846016,7706.132009458242,7887.208807991153,1629.2739017715535,8.462942857142863,0.9799995592301233,1.5707959342439848,0.005999996968017911
0.6142148866602788,8.609937521846016,6040.637295400943,6216.190521134902,1768.2943733285283,8.462942857142863,0.8008407473139915,1.5707963267948861,0.005999996968017911
0.7962942953533506,8.609937521846016,1510.2096104092323,1521.8010738128696,964.3063584474401,8.462942857142863,0.8006027708961094,1.5704417980749423,0.004887499114820575
0.9519063728925579,8.609937521846016,444.75700184080387,446.71473531650327,452.6370115466584,8.462942857142862,0.7912662680813803,1.570727381787486,0.002729239551825236
0.00011063852532153239,11.885022274370204,0.05334355535313762,0.05296619882771836,12.72831621584237,4.009208827697895,0.9286888968224728,3.7688245111603877e-6,0.002505541622184261
0.00016580131664698346,11.885022274370204,0.07989764698007207,0.0796138399083759,12.747460515139323,3.9692173831768267,0.9286869404567153,2.8263813599889313e-6,0.002505595854569069
0.00024846521098166813,11.885022274370204,0.1197597028496773,0.1196157242233511,12.776191620579084,4.038221483903928,0.9286789217775314,3.724988676491137e-6,0.0025056293514230774
0.0003723378920799524,11.885022274370204,0.17964536844628753,0.17971364921385202,12.819342843889217,4.128717491884173,0.9286714396100765,2.2938830672196177e-6,0.0025056925630693584
0.0005579559825209103,11.885022274370204,0.2697313960892842,0.27011640260722913,12.884220676281302,4.1442120454561735,0.9286597289213312,4.742718595824727e-6,0.002505784278444294
0.0008360827013363571,11.885022274370204,0.4054968174739315,0.4063572772364381,12.981921023116001,4.228717170516278,0.9286381402934472,1.787964951824878e-6,0.0025059280097961367
0.0012527904957664955,11.885022274370204,0.6106745192302299,0.6122478835594052,13.129406266875208,4.412293075128545,0.928608269198184,5.156193938651718e-6,0.0025061345890280548
0.0018770574160454304,11.885022274370204,0.9220260985141522,0.9246711573184001,13.352837476665513,4.612021764286578,0.9285652259137184,1.5668929287236634e-6,0.002506472151453595
0.0028121050796695033,11.885022274370204,1.397378772406455,1.4016279057049132,13.69311723299279,4.822203561499236,0.9284915465221554,9.627695603091802e-7,0.0025069149862512593
0.004212286548437501,11.885022274370204,2.129568911722714,2.136251632580297,14.215366352539036,5.163643460731094,0.9283836824563609,8.073207618165797e-7,0.0025076214077384266
0.006308162979393911,11.885022274370204,3.2720889565118654,3.2823864299237755,15.02600100982113,5.59041651309052,0.9282081325198149,2.7945344489609053e-7,0.0025086687806826578
0.009443564555314523,11.885022274370204,5.087943597917871,5.103738598240653,16.30480772681767,6.129224617075867,0.9279455765767372,4.587733544670135e-7,0.002510329945578811
0.014129968295237355,11.885022274370204,8.049222108559718,8.0737798023262,18.368831534168066,7.184506040626651,0.927510800166774,3.1908147757759926e-7,0.0025128445179541567
0.02112539273271365,11.885022274370204,13.053561163850787,13.091383548406185,21.80706936883746,8.038326413125588,0.926778170089495,2.952967647856408e-7,0.0025167459978302207
0.03154684409852525,11.885022274370204,21.919290619968805,21.977848288733995,27.782856911925705,8.543222537069862,0.9255088827656919,2.443265932831694e-7,0.0025229327636156415
0.04702598565396639,11.885022274370204,38.559311766506255,38.663549880732376,38.76233004950325,8.63217142857143,0.9273743167592735,0.2792085323116026,0.0025359568752979776
0.06991408621192984,11.885022274370204,70.39904839773979,70.58540779085756,60.43092287882621,8.63217142857143,0.6628973553979634,0.5765682483389835,0.00256291331350025
0.1035271976855583,11.885022274370204,139.734440757776,140.06986799957014,105.99032615673616,8.63217142857143,0.6636330385792953,0.7587056472941301,0.0025972759768115965
0.15238000978862376,11.885022274370204,312.40929081056333,313.03503276566835,214.00605785181733,8.63217142857143,0.6743942873651851,0.98919250109532,0.0026547940186434794
0.22225467472613084,11.885022274370204,805.9083804838356,807.1584905592379,506.10170671984235,8.63217142857143,0.9012345304592779,1.570796173096376,0.002800944972611692
0.31973100640172986,11.885022274370204,2406.538896539205,2412.7156656965985,1365.308292887882,8.63217142857143,0.87437375916063,1.5707960104050485,0.0032854353957701274
0.4503854206619554,11.885022274370204,4419.441761097822,5754.654030939737,2902.900715525947,8.63217142857143,0.9631192250272284,1.5707961369379815,0.005999996968017911
0.6142148866602788,11.885022274370204,4062.61148194642,4616.247021872634,2672.6857271498116,8.63217142857143,0.8002310287392131,1.570795881940749,0.005999996968017911
0.7962942953533506,11.885022274370204,1224.493060624666,1240.109815840394,1037.186338076127,8.63217142857143,0.8009811212276432,1.5707701236018738,0.004766708637073885
0.9519063728925579,11.885022274370204,431.15329794464463,433.0443501223639,455.7067199789161,8.63217142857143,0.7996168198305273,1.5705799645746028,0.00272601209191593
0.00011063852532153239,16.405897731995367,0.046446960523297776,0.045606675963298926,12.70356272646427,3.9627937651275786,0.9286824298481001,9.829871443481004e-6,0.002505532472368839
0.00016580131664698346,16.405897731995367,0.06955511267206305,0.06857670443784514,12.71034337223682,3.960031376533358,0.9286776462979185,2.4000713895895463e-6,0.002505556364037963
0.00024846521098166813,16.405897731995367,0.10424603959695844,0.10305754950636015,12.720520442750285,4.01472157297696,0.9286689120338237,3.847391936077793e-6,0.0025055889470587092
0.0003723378920799524,16.405897731995367,0.15636234775459457,0.1548618322147206,12.735812201915905,4.088759530952581,0.9286468597308274,4.350865342956379e-5,0.0025056023867119992
0.0005579559825209103,16.405897731995367,0.23475495995661788,0.23277915651284786,12.758800102462033,4.1296453048914605,0.9286261759518237,4.4185449368284606e-6,0.002505644720068511
0.0008360827013363571,16.405897731995367,0.3528892210599821,0.3502003843181143,12.79342586578457,4.238000493016993,0.9285923013932661,1.0750422688842847e-6,0.002505726973231587
0.0012527904957664955,16.405897731995367,0.5314054124118286,0.527634102066088,12.845722826940687,4.438321056941926,0.9285373190631075,5.8106231399065235e-6,0.0025058437536258863
0.0018770574160454304,16.405897731995367,0.8022620195877863,0.7968378501720821,12.925001171436861,4.688902217445469,0.9284548609296708,1.3368168764114165e-6,0.002505981699762722
0.0028121050796695033,16.405897731995367,1.2156955892081385,1.207728717729637,13.045854696831611,4.932493435628831,0.9283329516684675,3.2827171163305154e-6,0.0025062374709215038
0.004212286548437501,16.405897731995367,1.852338748919152,1.840395152187611,13.231588875496413,5.331741516562711,0.9281440455240122,2.6641450193834653e-6,0.002506601487273386
0.006308162979393911,16.405897731995367,2.8452416341842053,2.826989136181055,13.520455381019246,5.804366924721636,0.927852789171755,1.9303754294314175e-6,0.0025071517273452817
0.009443564555314523,16.405897731995367,4.422246085616933,4.393671406658484,13.97742706404074,6.358998134040177,0.9273937590222596,6.621533236731535e-7,0.0025079766762354664
0.014129968295237355,16.405897731995367,6.991534089562691,6.9455422088401235,14.717853342012063,7.395125523853213,0.9266718152832227,3.6393128794932124e-7,0.0025092559712317566
0.02112539273271365,16.405897731995367,11.32567352829767,11.248851057576587,15.95762234577137,8.353213145430422,0.9254911106946179,3.9224763471349495e-7,0.0025112198891096044
0.03154684409852525,16.405897731995367,18.981772718961693,18.84674230670781,18.126700052033243,8.989551897119085,0.9234892350801561,5.375580699637108e-7,0.0025142761225030175
0.04702598565396639,16.405897731995367,32.34770029103072,32.17601376710277,22.144220161390535,9.128971428571434,0.6642529353740668,0.5140790319866507,0.0025298527221773188
0.06991408621192984,16.405897731995367,57.504257576941825,57.16395067582731,30.142842292844534,9.128971428571434,0.6626061739308169,0.6895113755957769,0.002542676907110281
0.1035271976855583,16.405897731995367,111.03837829243523,110.24106121826374,47.57606328854149,9.128971428571434,0.6675369403309956,0.8761868726385867,0.0025570155452010438
0.15238000978862376,16.405897731995367,236.34126047586926,234.27636747228104,89.1364169798801,9.128971428571434,0.6963269753464372,1.257151336962386,0.002558021831517386
0.22225467472613084,16.405897731995367,554.8823077243485,548.6796792345497,202.49726531086264,9.128971428571434,0.8468600977816151,1.5707961270829345,0.0026430460635549153
0.31973100640172986,16.405897731995367,1437.2202880018406,1418.5176247664156,512.2440568744072,9.128971428571434,0.8107491538982246,1.5707942343722898,0.002949882859488818
0.4503854206619554,16.405897731995367,3088.945389890012,3054.5812820116444,1146.5949127384536,9.128971428571434,0.8048343902962831,1.5707730884762305,0.003759786702984985
0.6142148866602788,16.405897731995367,2658.1063589745327,2652.352900584613,1217.8556494040547,9.128971428571434,0.8035063302213965,1.5707963186640035,0.005417554852666263
0.7962942953533506,16.405897731995367,985.1573475237844,990.7023555343799,734.7401008021964,9.128971428571434,0.8004151098217921,1.5707529388074435,0.004415115782608502
0.9519063728925579,16.405897731995367,417.7002249998355,419.2215115354983,433.61225685794443,9.128971428571433,0.7917909648266447,1.57076774276113,0.002722018408173906
0.00011063852532153239,22.646443075930573,0.03937948960151516,0.038976087767821355,12.683149133983761,4.030212282548998,0.9286824841040826,3.1945156606825537e-6,0.002505480422019592
0.00016580131664698346,22.646443075930573,0.058979883576895986,0.05865526040733471,12.679742590475826,4.029628368018274,0.9286762957869338,2.1749596697328754e-6,0.002505493490000086
0.00024846521098166813,22.646443075930573,0.08843125561696752,0.08822279442924241,12.674643284775811,4.015394215820491,0.9286660689512926,1.7272354768208998e-6,0.002505483799308456
0.0003723378920799524,22.646443075930573,0.1327418240431939,0.13270384487525178,12.667012242138298,4.039310681384061,0.9286473349198688,2.107398836012566e-6,0.0025054689367012
0.0005579559825209103,22.646443075930573,0.19953112493733727,0.19974787246678716,12.655602512062728,4.115059480455938,0.9286215736418441,3.539071686847577e-6,0.0025054446381798543
0.0008360827013363571,22.646443075930573,0.3004889336660739,0.301089078413014,12.638563245446676,4.266060234496413,0.9285814849365096,3.819303191298679e-5,0.002505413800645005
0.0012527904957664955,22.646443075930573,0.45374467961752885,0.45490185178992704,12.61316093079256,4.472714379139845,0.9285232182225271,1.5111866189013817e-6,0.0025053478391898437
0.0018770574160454304,22.646443075930573,0.6878452892911895,0.6898198347239202,12.575392583897951,4.753531794424965,0.9284343805816916,1.7144531341414864e-6,0.0025052669285686837
0.0028121050796695033,22.646443075930573,1.0487132456938184,1.0518580949694893,12.51947875518033,5.0043794600760005,0.9282968715883546,1.9678338867406993e-6,0.0025051250507400905
0.004212286548437501,22.646443075930573,1.6123624464885609,1.6171488474802516,12.437229558131321,5.392555932472109,0.9280912791225666,7.033595271529342e-7,0.00250494973016086
0.006308162979393911,22.646443075930573,2.509188040222085,2.5164080883745186,12.317534936821403,5.885823118088206,0.9277700659084359,4.947084894604144e-7,0.0025046723701776935
0.009443564555314523,22.646443075930573,3.974572236502837,3.984661985111771,12.146429030068134,6.51347269018641,0.9272710172224431,5.945489327078062e-7,0.0025042477412272786
0.014129968295237355,22.646443075930573,6.455356340593539,6.468318300247361,11.909480668791389,7.606208951147922,0.926465097308304,2.425487614854206e-7,0.00250360458602502
0.02112539273271365,22.646443075930573,10.856770697469543,10.870357647945909,11.601329335177297,8.490757380218845,0.9251089860578264,1.8042000998522846e-5,0.0025025844894796543
0.03154684409852525,22.646443075930573,18.548089528424214,18.539591204178322,11.256652637730781,9.03359812656193,0.9329452711701638,0.4411682292681535,0.0025088202360980996
0.04702598565396639,22.646443075930573,32.46826055946133,32.466118560236865,11.046689942254261,9.139921428571432,0.6591327678427078,0.645309205621002,0.0025137556678611946
0.06991408621192984,22.646443075930573,62.5817407661028,62.46402772070526,11.59183781534989,9.139921428571432,0.6599269300540761,0.7855470135172361,0.0025126513941668717
0.1035271976855583,22.646443075930573,136.8116246294234,136.25468876235362,15.05527639544971,9.139921428571432,0.6684161618176894,0.9650759865118289,0.00250458422378185
0.15238000978862376,22.646443075930573,334.0513428137292,331.99495784944577,29.447190316251294,9.139921428571432,0.9080283735323552,1.5707962273919116,0.002490321246985973
0.22225467472613084,22.646443075930573,947.0907986206273,939.0383923209149,89.56574930491172,9.139921428571432,0.8281412735897974,1.5707954140635543,0.0025116080699003657
0.31973100640172986,22.646443075930573,2939.2728460595004,2909.975947455086,283.5132813419947,9.139921428571432,0.8061389486275862,1.5707792514983743,0.0026915710582841837
0.4503854206619554,22.646443075930573,7030.67199345276,6981.023533869378,714.6963984663046,9.139921428571432,0.8025643336004211,1.5707044293739032,0.003097878810072705
0.6142148866602788,22.646443075930573,5324.25157686501,5342.287616251588,803.6019811024485,9.139921428571432,0.8023087279821023,1.5706613151655158,0.0038349806741095095
0.7962942953533506,22.646443075930573,1176.7417767984155,1188.2159479624493,559.3698330014852,9.139921428571432,0.8025544014368732,1.5705842107882182,0.003972320194786981
0.9519063728925579,22.646443075930573,403.2142136307354,404.6453280010825,413.4882220275417,9.13992142857143,0.801505823313425,1.570546904825203,0.002716451960801514
0.00011063852532153239,31.260793671239533,0.01485512964174518,0.014414934286946846,12.668527453308457,4.04755160341868,0.9286934356663705,4.592289123743674e-6,0.0025055184044957385
0.00016580131664698346,31.260793671239533,0.022218749271587512,0.021836452645999316,12.657830331852892,4.045686137295959,0.9286804305755725,3.902927011064653e-6,0.0025055084340983246
0.00024846521098166813,31.260793671239533,0.033310169645247356,0.033020097338678056,12.64180544258761,4.0134830110299475,0.9286866281562693,2.5805031285183033e-6,0.0025055236599872007
0.0003723378920799524,31.260793671239533,0.05007532853088037,0.04991922785042391,12.617801178507193,4.028154667004768,0.9286804708306273,2.205950065648593e-6,0.0025055283718228363
0.0005579559825209103,31.260793671239533,0.0755079800221381,0.07555761423313356,12.581854698487177,4.123589914013196,0.9286698573816012,2.641015434545721e-6,0.0025055156787847036
0.0008360827013363571,31.260793671239533,0.1143307084262517,0.11468457902375917,12.52804625564454,4.285352813996759,0.9286571088640425,1.4179262911365732e-6,0.002505546068366314
0.0012527904957664955,31.260793671239533,0.17409985212825063,0.17491304732651258,12.447541450915082,4.481427707063174,0.9286343108649276,1.0461132202693238e-6,0.002505559818926017
0.0018770574160454304,31.260793671239533,0.2672623179734046,0.26877520447469294,12.327226797452,4.760509983600721,0.9286034594348166,1.8217601035915556e-6,0.0025055734439931162
0.0028121050796695033,31.260793671239533,0.415055774847346,0.41762171893932987,12.147581328538422,5.005198255019339,0.928535385844696,9.985983069995133e-7,0.002505605117302685
0.004212286548437501,31.260793671239533,0.6552006446518419,0.6593788615539893,11.880014447550252,5.383246611540816,0.9284719405058952,8.108518486709108e-7,0.0025056726075903726
0.006308162979393911,31.260793671239533,1.0580913247209054,1.0647400111748908,11.482825658702154,5.895293495459614,0.9283419661246165,6.77409075166755e-7,0.002505755587032896
0.009443564555314523,31.260793671239533,1.762161040510776,1.7726440523771458,10.896635191453242,6.556010109300099,0.928128551653082,4.547880276221509e-7,0.0025058880025213394
0.014129968295237355,31.260793671239533,3.055421569970008,3.0720487121941176,10.04017016441992,7.682175295018437,0.9277600781427334,6.009321807811036e-7,0.0025060550843987403
0.02112539273271365,31.260793671239533,5.575035420219123,5.464983038853276,8.812286649927614,8.584354235019124,0.932993493460255,0.32488184386131475,0.002511462041347285
0.03154684409852525,31.260793671239533,9.637921799155635,9.664576040479758,7.119554590901885,9.133544455407874,0.9378765231005697,0.4947869726203147,0.002515929892787408
0.04702598565396639,31.260793671239533,17.918286077963785,17.98823155624912,4.999016034898091,9.247314285714285,0.6550427384803876,0.65661134922424,0.0025217308562959107
0.06991408621192984,31.260793671239533,39.06950283119218,39.18719838400396,3.0948593247209146,9.247314285714285,0.6557486090945445,0.7576264123799671,0.002524092951443142
0.1035271976855583,31.260793671239533,100.47606459976856,100.65596284567864,4.549553666348288,9.247314285714285,0.6623374840641655,0.8817472912607824,0.0025242664618084646
0.15238000978862376,31.260793671239533,291.9102377415897,289.16550543266436,23.12220370433556,9.247314285714285,0.925312603663528,1.5707960996882726,0.0025215342942040307
0.22225467472613084,31.260793671239533,966.2976322090299,966.0869760978862,117.5018079337724,9.247314285714285,0.8473834420658058,1.5707958162646132,0.0025363321266160524
0.31973100640172986,31.260793671239533,3675.6381453701674,3674.24504526316,421.09193373049106,9.247314285714285,0.8084034878397528,1.5707865069134883,0.002735278904094332
0.4503854206619554,31.260793671239533,10638.370523962983,10683.58619357169,1180.9225844723683,9.247314285714285,0.8017185077101254,1.5707377509105753,0.0032058045092785534
0.6142148866602788,31.260793671239533,7332.5802171071255,7453.990662375308,1237.6085888427042,9.247314285714285,0.8002167007827203,1.5698087334686777,0.004005642220241506
0.7962942953533506,31.260793671239533,1152.646121197026,1172.0372217546453,562.3348375331859,9.247314285714285,0.8001567879702388,1.5706724568897932,0.004054657090995557
0.9519063728925579,31.260793671239533,388.12019800010665,389.303568258139,407.6961558428243,9.247314285714285,0.7939420668289127,1.570729637815102,0.002710108192712576
0.00011063852532153239,43.15190768277652,0.020791163594651607,0.020183909817774293,12.66412894534767,4.029103528807105,0.928709930907496,7.528621597106703e-6,0.002505539052553587
0.00016580131664698346,43.15190768277652,0.031102313844002083,0.030464871464985777,12.651237588799859,4.054101076349312,0.9287090558103251,2.3581081794418243e-6,0.0025055559193420595
0.00024846521098166813,43.15190768277652,0.04658546829953991,0.045915736101591165,12.631923257298695,4.0587453882732385,0.9287137698726066,4.869113571892142e-5,0.002505597395413086
0.0003723378920799524,43.15190768277652,0.06988691554330728,0.06915655047858138,12.602987907718898,4.075265246601806,0.9287210171506567,2.4795780408411913e-6,0.0025056097488133865
0.0005579559825209103,43.15190768277652,0.10501499560969307,0.1041962752523915,12.559647029749044,4.152761027968429,0.9287337607429691,1.3960946700430568e-6,0.002505655539049222
0.0008360827013363571,43.15190768277652,0.1581229560979267,0.15717409222733636,12.494741179879497,4.294215008236388,0.9287503376931433,1.5821606731611641e-6,0.0025057251973937796
0.0012527904957664955,43.15190768277652,0.23877032272248755,0.23762028296933124,12.397583219312196,4.4431618649123825,0.9287756618118029,1.1410402781681049e-6,0.002505833268655365
0.0018770574160454304,43.15190768277652,0.3620211298320015,0.3605593488697707,12.252229271181932,4.655282829327448,0.9288134997794847,7.145623337592535e-7,0.002505994966813745
0.0028121050796695033,43.15190768277652,0.5521496461213218,0.5502014031417843,12.034972564516238,4.8873151835280355,0.9288670090977225,5.03036220902528e-7,0.0025062317670358062
0.004212286548437501,43.15190768277652,0.8494399084141122,0.8467279804078345,11.710724911965372,5.259158856050581,0.9289591027575852,5.761865389369067e-7,0.0025066087184228026
0.006308162979393911,43.15190768277652,1.3234632686150292,1.3194402475743345,11.22793955354075,5.809241796099423,0.9290557478597232,3.570457944253112e-7,0.002507135464338033
0.009443564555314523,43.15190768277652,2.099976322121421,2.093735546376095,10.512054393049311,6.512834783586026,0.9292143250091998,7.498454017692382e-7,0.002507983127745393
0.014129968295237355,43.15190768277652,3.419662068491249,3.409936882561439,9.45823123905086,7.689070040866898,0.9294092133257729,4.215872136075643e-7,0.002509247673368554
0.02112539273271365,43.15190768277652,5.777137094791925,5.706747248460502,7.928461114386437,8.616930611344188,0.9341618099808379,0.28018407921909694,0.002515340957999711
0.03154684409852525,43.15190768277652,9.518548122666928,9.41687910899303,5.772304868206561,9.161334377967723,0.939901535307901,0.44892220373943975,0.0025227034247497712
0.04702598565396639,43.15190768277652,16.163064576020815,16.089441340734652,2.9436244359014836,9.266064285714288,0.651785707115946,0.604324089386884,0.002532852414685475
0.06991408621192984,43.15190768277652,31.782064229372764,31.615947956632724,0.0,9.266064285714288,0.6500089057746311,0.6850860493818247,0.0025431938244130916
0.1035271976855583,43.15190768277652,75.02604613283128,74.60771156025332,0.21858808865431456,9.266064285714288,0.6517924776176226,0.758814319902062,0.002558728942343637
0.15238000978862376,43.15190768277652,212.24932346567255,211.1373763343447,19.281618142291222,9.266064285714288,0.6567155558788708,1.033915232620397,0.002581594159719567
0.22225467472613084,43.15190768277652,681.8724987222481,679.1689271254829,114.79742930825012,9.266064285714288,0.9146134726877492,1.5707961946643125,0.002637287075226442
0.31973100640172986,43.15190768277652,2673.8517818782893,2672.878117518667,437.9773516063434,9.266064285714288,0.849555310953466,1.5707953805074217,0.002863779513143448
0.4503854206619554,43.15190768277652,8368.705946996804,8457.218172108778,1385.637905638251,9.266064285714288,0.8266137297656687,1.5707961002513149,0.003737493539481703
0.6142148866602788,43.15190768277652,5544.6080627748315,5662.369916043137,1078.8542157969368,9.266064285714288,0.8053095484826043,1.5707942159218125,0.00537506195610549
0.7962942953533506,43.15190768277652,937.74113244672,949.1565495599109,563.4498818744339,9.266064285714288,0.8012004170898656,1.5703967056810395,0.004344623795276175
0.9519063728925579,43.15190768277652,387.1438848945331,388.0358793634843,403.09865343839954,9.266064285714288,0.7956512464897411,1.5695288857545886,0.002714997140689938
0.00011063852532153239,59.56621435290106,0.03257107059505415,0.03091967343863189,12.675554677711602,4.077598308865002,0.9287156404256046,2.838030592055586e-5,0.002505542479409323
0.00016580131664698346,59.56621435290106,0.04876210601400999,0.04659354775559166,12.668386445407123,4.076177374778537,0.9287244485949017,2.3814056312467377e-5,0.0025055593633988376
0.00024846521098166813,59.56621435290106,0.07308587995227356,0.07017298133912675,12.657676876546816,4.0743564220197825,0.928736676320626,1.628724736272123e-5,0.002505578709155953
0.0003723378920799524,59.56621435290106,0.10965521655450061,0.10571270059497806,12.64170670235967,4.093003714196525,0.9287553217305661,1.2695472193524268e-5,0.002505609692162648
0.0005579559825209103,59.56621435290106,0.1647366417760736,0.15943029476274262,12.617949063093533,4.161022921287218,0.9287841893404972,1.0849890608657307e-5,0.002505657407210588
0.0008360827013363571,59.56621435290106,0.2479192395789056,0.24096202861848326,12.582740663977688,4.282488723582784,0.9288252346226268,9.003231627651614e-6,0.0025057282505869874
0.0012527904957664955,59.56621435290106,0.37399945962982883,0.365469027833214,12.53086767137097,4.406361519246403,0.928888398054693,6.8841936669695e-6,0.0025058356285413558
0.0018770574160454304,59.56621435290106,0.5661687330003957,0.557305322375683,12.455140700272523,4.608030987108299,0.9289802705287857,1.02664240163045e-5,0.002505994132079107
0.0028121050796695033,59.56621435290106,0.8614773623022103,0.8566905641136202,12.346205218093814,4.847911520910318,0.9291173402674061,4.961883962827382e-6,0.002506232428484615
0.004212286548437501,59.56621435290106,1.3207261226648939,1.3324458958173437,12.19328822236912,5.20150985867749,0.9293212531224853,1.0941060205503337e-5,0.002506581389733268
0.006308162979393911,59.56621435290106,2.0473558473641873,2.10753883246997,11.987730890210628,5.735398620687512,0.9296132266258605,7.667625224901697e-6,0.0025071223862835734
0.009443564555314523,59.56621435290106,3.2255915617829913,3.412995413069254,11.73622958821477,6.441768686423779,0.9300345791855904,1.054241136722168e-5,0.002507927851208792
0.014129968295237355,59.56621435290106,5.202340153577495,5.7077308435899425,11.482033941951045,7.664206865507424,0.9306139128844688,1.6561519395524375e-5,0.002509078048722253
0.02112539273271365,59.56621435290106,8.677609071048167,9.783307760563474,11.402190944946597,8.573551941463764,0.9366585703444629,0.3091495719259062,0.0025156275622752514
0.03154684409852525,59.56621435290106,14.901857835142593,17.309038864601746,12.015132567662363,9.066573412913296,0.9427134507559932,0.463638831064858,0.0025218871389698885
0.04702598565396639,59.56621435290106,25.998569336588034,32.45870329216923,14.780812993842233,9.14692142857143,0.6487154001682537,0.6281206743635025,0.0025294683909300765
0.06991408621192984,59.56621435290106,50.450804088464366,67.06086288455408,23.810437365225994,9.14692142857143,0.6441734179548139,0.7444138037464915,0.0025372560129001223
0.1035271976855583,59.56621435290106,111.96963980732633,155.5437005945068,51.02482486584415,9.14692142857143,0.639702939893194,0.9431099871896022,0.0025450788886592205
0.15238000978862376,59.56621435290106,276.4399609490236,392.46977063651764,132.6117865805204,9.14692142857143,0.9541485460134601,1.5707962447626507,0.002536807864113605
0.22225467472613084,59.56621435290106,786.758667822731,1129.814630163238,370.44254996414975,9.14692142857143,0.6853726579343542,1.5522588476862962,0.0025324378127507463
0.31973100640172986,59.56621435290106,2545.1280390828006,3559.1881978946763,1044.6143997911252,9.14692142857143,0.6699942303843728,1.5648669988714146,0.002706004847433035
0.4503854206619554,59.56621435290106,6354.981054890885,8846.887516678547,2488.053947557313,9.14692142857143,0.5977411894338344,1.5665966425529378,0.0033027915506379023
0.6142148866602788,59.56621435290106,4636.484714932712,6372.398186660672,1869.0926105004373,9.14692142857143,0.6520383942326385,1.570795459696024,0.005510931236175705
0.7962942953533506,59.56621435290106,1001.4260106179577,1233.9269982153705,676.7181749093966,9.14692142857143,0.790037972006016,1.5648793867528523,0.004858923526514982
0.9519063728925579,59.56621435290106,392.6138987840073,395.4706547583201,404.4688710160224,9.146921428571428,0.9455923255111519,1.5567785351845784,0.0027975455063657863
0.00011063852532153239,82.22426499470703,0.037495798331846686,0.0365786756697446,12.693478177533962,4.052044500731297,0.9286937272092829,4.131784056205415e-6,0.0025054991422823174
0.00016580131664698346,82.22426499470703,0.05613480872348475,0.05502929143413837,12.695220911302158,4.059411963573603,0.9286911499669666,3.1269185236532526e-6,0.002505491630067747
0.00024846521098166813,82.22426499470703,0.08409025445899942,0.08271403818197598,12.697836966290765,4.086156548579084,0.9286865305509948,2.7587746896634493e-6,0.002505480219409986
0.0003723378920799524,82.22426499470703,0.12605524546177094,0.12428006035592887,12.701764994221321,4.124905029054786,0.9286882680992171,2.2854871782190023e-6,0.0025054671795309673
0.0005579559825209103,82.22426499470703,0.1891253789281393,0.18674541612246287,12.707670584459493,4.182759759470012,0.9286726261785452,5.4954041871434586e-6,0.0025054389347550503
0.0008360827013363571,82.22426499470703,0.28402975585389356,0.28074729529578235,12.71656464568514,4.27794837390008,0.928657378793958,3.38529520087769e-6,0.0025053873173376266
0.0012527904957664955,82.22426499470703,0.42713249089162275,0.4225001004854221,12.7299904661769,4.389209725279972,0.928640312600491,2.346692149221015e-6,0.002505339952091223
0.0018770574160454304,82.22426499470703,0.6435414919535702,0.6369190037084138,12.750325480722609,4.581868116118446,0.9286089096460618,1.0645850630736385e-5,0.002505256359387474
0.0028121050796695033,82.22426499470703,0.9723294984277686,0.9627311857087193,12.781294313275339,4.8208643033800564,0.9285602774589178,1.0734200902901041e-6,0.0025051370109305405
0.004212286548437501,82.22426499470703,1.4751124523594399,1.4611610667128332,12.82879043272817,5.17330179741469,0.9284780118335427,7.606002785374203e-7,0.0025049222630784767
0.006308162979393911,82.22426499470703,2.251521121830578,2.2312407942482224,12.902446591801208,5.680974079283548,0.9283624005551252,4.899404955877575e-7,0.0025046542031957027
0.009443564555314523,82.22426499470703,3.467420713394489,3.438268342505438,13.018400108274477,6.330629107989701,0.9281610129915475,2.661108344201406e-7,0.0025042197786912983
0.014129968295237355,82.22426499470703,5.411072310271123,5.369657216326161,13.204732329601256,7.580330899679364,0.9278175091396376,6.307940272253239e-7,0.00250357100841575
0.02112539273271365,82.22426499470703,8.608448404170161,8.551419293431067,13.512345730927791,8.605824198949719,0.9272131979915338,2.70927576935337e-7,0.0025026058520606267
0.03154684409852525,82.22426499470703,14.080797611107485,13.927440411059578,14.037699584892493,9.186383662045762,0.9309758754532423,0.3059401608621118,0.002504926226610171
0.04702598565396639,82.22426499470703,22.728442071481794,22.666888613611164,14.971185302488607,9.294221428571428,0.6605850656021158,0.5333881833605745,0.0025093001520507512
0.06991408621192984,82.22426499470703,38.61726797997858,38.60792773095871,16.70262085716206,9.294221428571428,0.6602220685723393,0.6541349475397218,0.0025088039670759263
0.1035271976855583,82.22426499470703,71.87004493409495,72.05598981709339,20.050339620937393,9.294221428571428,0.6663762461898364,0.762876123136591,0.0025041028436306556
0.15238000978862376,82.22426499470703,148.09204988111497,148.86522407011728,26.742188838430934,9.294221428571428,0.6861037320597052,0.9442643800687768,0.002492563907925086
0.22225467472613084,82.22426499470703,323.3908728441099,325.56673793166505,41.069735194380314,9.294221428571428,0.8470249031919012,1.5707961824709764,0.002481315339820499
0.31973100640172986,82.22426499470703,722.1833521574654,728.6120941371445,80.75704120802152,9.294221428571428,0.808134649720774,1.5707949679617184,0.0026299738378804936
0.4503854206619554,82.22426499470703,1306.8063158581283,1322.2843327070598,202.5144882105053,9.294221428571428,0.802284206041375,1.5707865280400355,0.0030213303435571164
0.6142148866602788,82.22426499470703,1266.7214422728018,1284.538125010113,397.67015544152946,9.294221428571428,0.8016060110666356,1.5707889048125492,0.003822356171129089
0.7962942953533506,82.22426499470703,676.8665083449962,682.6190365067487,496.60742201299104,9.294221428571428,0.8016540807617263,1.5707185539730522,0.003977244622808348
0.9519063728925579,82.22426499470703,388.65482618851144,389.5321930612231,408.8881600797158,9.294221428571428,0.7961916729329226,1.5706365852549107,0.002716612811245271
0.00011063852532153239,113.50108156723144,0.03816192233209392,0.03761143411294654,12.691249592671397,3.968945739181777,0.9286981835192313,5.349211327551415e-6,0.002505508732017365
0.00016580131664698346,113.50108156723144,0.05713310049060283,0.05657939602140516,12.691880461957226,4.009665458908151,0.9287004122540778,2.228400451238896e-6,0.002505520346026893
0.00024846521098166813,113.50108156723144,0.08558490542054642,0.08504275778673787,12.692828463275873,4.098519697702129,0.9287005571759724,3.0879612989466312e-6,0.00250552026624331
0.0003723378920799524,113.50108156723144,0.12831627709790894,0.1277825652481539,12.69425438016333,4.157068205448532,0.9286981258891527,2.6321931652402123e-6,0.0025055180188538135
0.0005579559825209103,113.50108156723144,0.192534366437755,0.19202267343386836,12.696404641478921,4.203773642559212,0.9286970986129672,2.9255443037984498e-6,0.0025055298558903775
0.0008360827013363571,113.50108156723144,0.28918719020312267,0.28872021879276133,12.699654478291677,4.2863689004055985,0.9287179917921459,8.716420680538114e-7,0.0025055546915998847
0.0012527904957664955,113.50108156723144,0.4349736059608631,0.4345936475014156,12.704590285237373,4.388024054470134,0.9287036019951996,2.8054143649431715e-6,0.00250553765043065
0.0018770574160454304,113.50108156723144,0.6555455967033623,0.6553687031852746,12.71213557908277,4.560965821893848,0.9287058997840705,2.287476077172041e-6,0.0025055564169623023
0.0028121050796695033,113.50108156723144,0.9908672164881978,0.9911243216994592,12.723765988710852,4.806730994617225,0.9287100331556805,1.6768235894565706e-6,0.002505600917930548
0.004212286548437501,113.50108156723144,1.5041725619356754,1.5054017598738767,12.74193113071874,5.1652152909149045,0.9287082790371644,1.3653915136321482e-6,0.0025056363804562233
0.006308162979393911,113.50108156723144,2.2980144377868896,2.30141667808536,12.770805605046007,5.622115940231694,0.928699196496205,3.705502486389385e-7,0.00250569973178579
0.009443564555314523,113.50108156723144,3.5440874005497705,3.552415812875907,12.81779263930025,6.20404910145769,0.9286687880395247,5.295855370492337e-7,0.002505822543086938
0.014129968295237355,113.50108156723144,5.5422232845406825,5.561844754159367,12.896555391900165,7.43724410039597,0.9285796973888666,2.9518312560107494e-7,0.0025059387063358623
0.02112539273271365,113.50108156723144,8.844306634491929,8.890254199469737,13.03330266947728,8.483622668589437,0.92835831373541,1.3664211961814503e-7,0.002506181111007538
0.03154684409852525,113.50108156723144,14.532830735537416,14.584294918751894,13.280361088269046,9.073990337464046,0.9324579760691201,0.29652057791484077,0.002510305061330987
0.04702598565396639,113.50108156723144,23.77928156185351,24.048653072053796,13.745046622315158,9.167000000000002,0.6579838487747705,0.5409480516885602,0.0025174455162707333
0.06991408621192984,113.50108156723144,40.96759474410604,41.63169330347638,14.652301843251053,9.167000000000002,0.6560755528323056,0.6702907017806295,0.0025213599774749243
0.1035271976855583,113.50108156723144,77.92727512847924,79.63301001401565,16.47731667337098,9.167000000000002,0.6604057426882175,0.778331680879821,0.0025228823329153816
0.15238000978862376,113.50108156723144,166.4427541923207,171.03604296238598,20.214497087183076,9.167000000000002,0.6773682105805999,0.9259414408570186,0.002521539869986335
0.22225467472613084,113.50108156723144,385.9720219701844,398.57873927966176,28.272395019529654,9.167000000000002,0.865236214564939,1.5707962058645277,0.0025193991477225424
0.31973100640172986,113.50108156723144,915.3194338141841,950.0963390870252,54.34252064768043,9.167000000000002,0.8113096752916396,1.570793838615057,0.0026789424177036023
0.4503854206619554,113.50108156723144,1719.6971906664296,1793.7252700609997,156.7305938118127,9.167000000000002,0.8030294188313675,1.5707840063321903,0.003122327832671336
0.6142148866602788,113.50108156723144,1581.1706209656563,1648.4906351535665,355.82323124367997,9.167000000000002,0.8017731379909638,1.57078868059272,0.004010284024676385
0.7962942953533506,113.50108156723144,730.3338302491702,746.3945227579518,489.2983800645309,9.167000000000002,0.8015307931373079,1.5706015020268742,0.004079677318290509
0.9519063728925579,113.50108156723144,390.63314232566097,392.02194647151623,408.47744562764706,9.167000000000002,0.7923636371704217,1.5706621088730497,0.0027164958895728687
0.00011063852532153239,156.67510701081488,0.036369643671434915,0.03557519324488112,12.687421241512084,3.979012909627992,0.9287001012151306,4.434329408134172e-6,0.002505513655716497
0.00016580131664698346,156.67510701081488,0.05441739867185902,0.053514983910389446,12.686142570913148,4.01563411331816,0.9287007163804492,2.835776251738654e-6,0.002505513212342192
0.00024846521098166813,156.67510701081488,0.081502735246886,0.0804211909033512,12.684227158319345,4.087659650246097,0.9287018353128531,2.4584340535355148e-6,0.002505512994250479
0.0003723378920799524,156.67510701081488,0.12212760970757586,0.12079141975138441,12.68136065197018,4.146839162950593,0.9287124241738229,5.914445884980537e-6,0.002505525838303737
0.0005579559825209103,156.67510701081488,0.18311632384994425,0.1813979421307863,12.677071744320642,4.193391232347544,0.9287078530812592,1.9448037955832532e-6,0.002505512037272571
0.0008360827013363571,156.67510701081488,0.27474559997558856,0.27246686271621456,12.67066230667865,4.2742647287745505,0.9287075640957744,5.391171891744718e-6,0.0025055100512921757
0.0012527904957664955,156.67510701081488,0.4126032040209111,0.40948882745264825,12.66109441021581,4.398032383342445,0.9287113508191521,1.5217001273141714e-6,0.0025055084128330187
0.0018770574160454304,156.67510701081488,0.6203957492465264,0.6160619187985219,12.646846242248898,4.603173843327023,0.9287165095608256,3.781869283824487e-6,0.002505505287509624
0.0028121050796695033,156.67510701081488,0.9345042300654569,0.9284079088631074,12.625679375997379,4.84361325645723,0.928721411633409,8.669040031669532e-7,0.0025054957977715497
0.004212286548437501,156.67510701081488,1.4113458966856172,1.4027669293698182,12.594393933932565,5.183173921203161,0.9287299464142535,6.297204646217616e-7,0.002505486606780444
0.006308162979393911,156.67510701081488,2.1398138375698323,2.12788181857114,12.54848437337182,5.605221417682422,0.9287289377441078,5.523792136523868e-7,0.0025054853716930544
0.009443564555314523,156.67510701081488,3.26311788403261,3.247016301043388,12.481868660633722,6.163711435941878,0.9287134391331239,4.527394058164617e-7,0.002505476607412344
0.014129968295237355,156.67510701081488,5.019090891724517,4.998792962601527,12.38692695796783,7.388235387560036,0.9286428036415147,3.5720419220419705e-7,0.0025054404146747627
0.02112539273271365,156.67510701081488,7.81910788154218,7.7975207831887445,12.25552902435129,8.481067628635259,0.9284669550052839,2.530693144291991e-7,0.002505422411485704
0.03154684409852525,156.67510701081488,12.41238567334318,12.336974461123688,12.082941897633077,9.130389302538452,0.9326252028194171,0.2989564056824499,0.0025089699717384508
0.04702598565396639,156.67510701081488,19.104220624044473,19.16774100096525,11.878166654843994,9.249178571428573,0.6580313770842361,0.5386502929130127,0.002515269598840429
0.06991408621192984,156.67510701081488,30.127090412346433,30.389711413985907,11.689600468725189,9.249178571428573,0.6560540626350151,0.6673404122803263,0.0025180652316788357
0.1035271976855583,156.67510701081488,51.08327647122567,51.931808727821746,11.663100673946701,9.249178571428573,0.6600181165309995,0.7780839804421558,0.002517922304964572
0.15238000978862376,156.67510701081488,95.37235837770643,97.98882939415624,12.17067763079092,9.249178571428573,0.6763953611937892,0.9270309039960801,0.002513601111029771
0.22225467472613084,156.67510701081488,190.6857938630888,198.36923013754767,14.481478169687534,9.249178571428573,0.8692284903516032,1.5707962216818694,0.0025065664768711715
0.31973100640172986,156.67510701081488,400.1106812155782,422.39742600867993,30.290578000013966,9.249178571428573,0.8131917334088882,1.5707957238010157,0.0026526190006807278
0.4503854206619554,156.67510701081488,724.0445629081426,771.0014289591628,114.82474585042746,9.249178571428573,0.8049396667579578,1.5707934594085757,0.003086665240920463
0.6142148866602788,156.67510701081488,784.5508683615581,822.7991452775718,307.9607878582194,9.249178571428573,0.8033641578720039,1.5707763411598554,0.004023411736444243
0.7962942953533506,156.67510701081488,568.6407626281803,576.1934343602694,466.2741847709656,9.249178571428573,0.8027531656519161,1.5706035989619773,0.004080047268312689
0.9519063728925579,156.67510701081488,384.5052834115148,385.32285262997357,408.0470345422998,9.249178571428573,0.8012001438441588,1.5704687124504908,0.0027178609739265903
0.00011063852532153239,216.27185237270209,0.03589613966252614,0.03531278989879638,12.690148591521279,4.025085493362124,0.9286986635656869,3.6326804629751933e-6,0.002505514206235763
0.00016580131664698346,216.27185237270209,0.05371983602749708,0.05311821338949585,12.690230144673478,4.042962314810224,0.92869395277054,7.811692153214125e-6,0.0025055047990919193
0.00024846521098166813,216.27185237270209,0.0804464549763253,0.07981782052745245,12.690354563237179,4.055597498525385,0.9286981010457405,2.6991311687937746e-6,0.0025055108506436617
0.0003723378920799524,216.27185237270209,0.12052655691115888,0.11986791255857554,12.690546520258067,4.098525225784761,0.9286969709265211,3.2669246446577194e-6,0.0025055113678458564
0.0005579559825209103,216.27185237270209,0.1806826568854376,0.1799713098910729,12.690845318299239,4.177995909675635,0.9286943532090011,1.1036135171338229e-6,0.002505516580393341
0.0008360827013363571,216.27185237270209,0.2710136593911585,0.27023204145088187,12.691318889239255,4.263692974362964,0.9286972486156316,2.550570918935355e-6,0.0025055071910622183
0.0012527904957664955,216.27185237270209,0.4068081022143559,0.405921916300386,12.692088193270934,4.379264290738121,0.9286927897371006,9.868523683757659e-7,0.0025055080714094127
0.0018770574160454304,216.27185237270209,0.6112611597766886,0.6102231135052847,12.693372263699644,4.646560885154591,0.9286899589867935,1.3766563983441104e-6,0.0025054954102035364
0.0028121050796695033,216.27185237270209,0.919762015067974,0.9185393821368422,12.695593685215272,4.903678690636536,0.9286792178655405,1.3557956032292537e-6,0.00250549688586484
0.004212286548437501,216.27185237270209,1.3868709386493947,1.3854264954547801,12.69958825475726,5.215088923024888,0.9286655769551445,2.0251716462372132e-6,0.0025054949033268895
0.006308162979393911,216.27185237270209,2.0976889467510063,2.096033611554944,12.707069199862644,5.585586111886933,0.928635777096049,5.921556902599327e-7,0.0025054815113946948
0.009443564555314523,216.27185237270209,3.1873132678977925,3.1856761455135825,12.72164015219471,6.140668350593695,0.9285765522178118,9.783556051531527e-7,0.0025054772858629656
0.014129968295237355,216.27185237270209,4.875612722653159,4.874747712573992,12.751011505720498,7.415289812581901,0.9284335081915575,3.7593931978079675e-7,0.0025054347779977235
0.02112539273271365,216.27185237270209,7.53199449823876,7.534077150336941,12.81196144783155,8.53191957282807,0.9281408723302325,2.415320570650198e-7,0.0025054061413559816
0.03154684409852525,216.27185237270209,11.802811026038825,11.755009414806679,12.941255729612863,9.192328196692708,0.9320652573709783,0.2945147369369631,0.0025089894995069784
0.04702598565396639,216.27185237270209,17.793593564034992,17.818559697016426,13.219952379663482,9.31367857142857,0.6586015950702349,0.5375802366860587,0.002515498589105424
0.06991408621192984,216.27185237270209,26.99608045501043,27.09372186133038,13.82648383025321,9.31367857142857,0.6570710679819901,0.6639111392862297,0.0025182830590528196
0.1035271976855583,216.27185237270209,43.1029670290371,43.3993959943778,15.149767180370986,9.31367857142857,0.662267491036501,0.7599425117045918,0.002518023632969354
0.15238000978862376,216.27185237270209,73.74586915963567,74.60364703783883,18.017877846193983,9.31367857142857,0.6814455002694637,0.8436542904475479,0.0025155820147535666
0.22225467472613084,216.27185237270209,133.93922973154628,136.4069245029271,24.585108021992596,9.31367857142857,0.7343799604344811,0.9796161125215743,0.002525184353270531
0.31973100640172986,216.27185237270209,246.84764359360793,253.42398732500766,48.40278740644101,9.31367857142857,0.8108745959010507,1.5707956157408298,0.002662046706556613
0.4503854206619554,216.27185237270209,420.748695529303,433.86578067107666,146.9845691123105,9.31367857142857,0.8035833113790889,1.570643068049102,0.003090420416634437
0.6142148866602788,216.27185237270209,558.0156968561098,570.7255484634779,343.58958788322013,9.31367857142857,0.8024300533286628,1.5695693193873261,0.003972158907624905
0.7962942953533506,216.27185237270209,532.251564571367,536.9993020573276,482.10510596143126,9.31367857142857,0.8021266902026092,1.5694238342133842,0.004059611191970479
0.9519063728925579,216.27185237270209,383.9695226904298,385.06875070761026,409.4209413520533,9.313678571428571,0.7958633271231658,1.57047628611102,0.0027186759424773256
0.00011063852532153239,298.53826189179614,0.03627012926062889,0.03566280959830692,12.689504545984278,3.9734781391829426,0.9286965810795178,7.197196513270301e-6,0.0025054990635919885
0.00016580131664698346,298.53826189179614,0.05426909792429058,0.05364133319828568,12.689264811932958,4.007775186802629,0.9286992178902987,2.1566479193660496e-6,0.002505512663761575
0.00024846521098166813,298.53826189179614,0.08126251289098718,0.08059994387909342,12.688907515006463,4.031696119356187,0.9287000135974072,2.0259835463318116e-6,0.0025055124756173303
0.0003723378920799524,298.53826189179614,0.12176028913874859,0.12103518052744278,12.688377221370502,4.073964579115862,0.928700524724549,1.7952793657555576e-6,0.0025055079511120586
0.0005579559825209103,298.53826189179614,0.18250951912348512,0.18171028439191161,12.687593144722314,4.1623454228263705,0.9287026642693819,5.70076764334446e-6,0.002505504060042898
0.0008360827013363571,298.53826189179614,0.2737286201301714,0.27281334339726016,12.68644057840504,4.2562593943788185,0.9287013442231028,3.232582763400396e-6,0.0025055013133001712
0.0012527904957664955,298.53826189179614,0.4108351586635024,0.40973558726814474,12.684768963962483,4.360493551360653,0.9287056070703604,1.1973004196315815e-6,0.002505530292806024
0.0018770574160454304,298.53826189179614,0.617187874783383,0.6158149033205831,12.682386568509173,4.613523872265204,0.9287000737129338,1.4768357677958546e-6,0.0025055270677775913
0.0028121050796695033,298.53826189179614,0.9284212727060037,0.9266396774012691,12.679080665053675,4.882094464515276,0.9286984837953147,6.23689131494986e-7,0.002505493306561539
0.004212286548437501,298.53826189179614,1.3993433349984628,1.3969318985141683,12.674736790958946,5.206604871128798,0.9286918077668836,5.797765935587978e-7,0.002505479680539964
0.006308162979393911,298.53826189179614,2.1151804461332517,2.1118304342530934,12.669596344459592,5.573909991247576,0.928676572633962,7.396281754695521e-7,0.0025054590803636374
0.009443564555314523,298.53826189179614,3.2108006605304524,3.206025149096021,12.664966720589405,6.120611300146935,0.9286275521408425,3.978348134067398e-7,0.002505429912631759
0.014129968295237355,298.53826189179614,4.904467633002895,4.897514868745134,12.664906947076474,7.3995468564565146,0.9285217879987374,4.4206963887427104e-7,0.002505391440002075
0.02112539273271365,298.53826189179614,7.560224581170544,7.549936281373604,12.68026308730498,8.506923486315623,0.9282612924693483,1.3689685722615924e-6,0.002505232630660323
0.03154684409852525,298.53826189179614,11.8087170589166,11.75333219874318,12.737839986583595,9.149886948766769,0.9322148659132853,0.2895529987403769,0.0025089940710876575
0.04702598565396639,298.53826189179614,17.697773459838345,17.687866011817604,12.90123120735359,9.25760714285714,0.6579228415740092,0.5372630873861513,0.0025162617319641136
0.06991408621192984,298.53826189179614,26.599847721185427,26.594142792812505,13.316813875861953,9.25760714285714,0.6559768780719749,0.6650113470188209,0.0025195059025877103
0.1035271976855583,298.53826189179614,41.81893218106555,41.8280407126458,14.311451297300323,9.25760714285714,0.66050268547956,0.763181637477182,0.0025198319906420004
0.15238000978862376,298.53826189179614,69.85217316370995,69.93683939736478,16.586536998365887,9.25760714285714,0.6784801948850323,0.8503397100823478,0.0025179567822474535
0.22225467472613084,298.53826189179614,122.50559715090267,122.91642029855517,21.975611448326845,9.25760714285714,0.7298101229860525,0.9895483924065278,0.0025260395918880922
0.31973100640172986,298.53826189179614,216.70651102928485,217.99411603056802,43.24604243214003,9.25760714285714,0.8106047118203906,1.5707959061390264,0.002658798687600941
0.4503854206619554,298.53826189179614,364.75702932665484,367.1435203554284,137.17886876976968,9.25760714285714,0.8029892927530782,1.5707947081708746,0.0030904924088998942
0.6142148866602788,298.53826189179614,512.3835585578065,513.8901857239471,332.00376597630725,9.25760714285714,0.801604045595484,1.5707939461970766,0.003990641290390811
0.7962942953533506,298.53826189179614,523.0940591937265,523.8213017655784,477.24355566270947,9.25760714285714,0.8004832581478948,1.5707667136486276,0.004061271234970807
0.9519063728925579,298.53826189179614,383.8480269044686,384.4169322772709,406.7420243881435,9.25760714285714,0.7942436511414864,1.5707626676745847,0.002712128667469177
0.00011063852532153239,412.09751909732995,0.036272301650868144,0.03531329430400376,12.689067956224449,3.9757634374441024,0.9286956128867807,3.5223959014585114e-6,0.0025055061494860514
0.00016580131664698346,412.09751909732995,0.05426308063505303,0.05311749583438541,12.6886100179197,3.9875237314552554,0.9286979114733509,2.6925166975636343e-6,0.00250551004544014
0.00024846521098166813,412.09751909732995,0.08125500404024422,0.07981424250877467,12.687926063596024,3.991276691590541,0.9287015653974431,3.076086546524175e-6,0.002505512437748863
0.0003723378920799524,412.09751909732995,0.1217478604312987,0.11985605082631423,12.686906574875252,4.0303529926896156,0.9286967199976982,1.8762458313217574e-6,0.00250550839550783
0.0005579559825209103,412.09751909732995,0.18249941046433094,0.1799395203286167,12.685386240691287,4.115678295921203,0.928698344052467,4.1246695786905005e-6,0.002505511059079107
0.0008360827013363571,412.09751909732995,0.2737052719715791,0.2701520895118392,12.683132594032713,4.226129347333675,0.9286976137745793,5.100686787049469e-6,0.0025054973797788405
0.0012527904957664955,412.09751909732995,0.4107746101666976,0.40572921147952457,12.679806558225891,4.357679754260467,0.9286895505853476,1.8444982241227003e-6,0.0025054780398887306
0.0018770574160454304,412.09751909732995,0.6170701661678635,0.6097701758353651,12.6749348445328,4.5928389301431025,0.9286897675615553,1.2833687260302875e-6,0.002505491886986372
0.0028121050796695033,412.09751909732995,0.9281774634016955,0.9174904424525749,12.667893892212533,4.854755734823802,0.9286797801607829,2.8903595846030343e-6,0.002505473334015395
0.004212286548437501,412.09751909732995,1.3988212557448776,1.3830138253546664,12.657923131934467,5.19980303744327,0.9286641057714702,1.4264802699619265e-6,0.002505452854659838
0.006308162979393911,412.09751909732995,2.1140420857528426,2.090503459628607,12.644271140290812,5.582969249480812,0.9286347186703113,5.985953066914547e-7,0.0025054243561519374
0.009443564555314523,412.09751909732995,3.208298602607101,3.1729942320686604,12.626737155548653,6.136586688688377,0.9285675313829398,4.3886739440701043e-7,0.002505375942946171
0.014129968295237355,412.09751909732995,4.898861988995577,4.845552999105209,12.606995597642936,7.411033395248347,0.9284309004364141,1.392771137035906e-6,0.002505303872958981
0.02112539273271365,412.09751909732995,7.547474682150451,7.466338439370205,12.59208148433197,8.577288029788715,0.9281597577936788,4.066980183159177e-6,0.002505326159449368
0.03154684409852525,412.09751909732995,11.779207650004764,11.60202065323891,12.602553076548475,9.297344668308316,0.9321320023871515,0.29328816510975464,0.00250883471008051
0.04702598565396639,412.09751909732995,17.62443707796507,17.442328506798162,12.691468642979771,9.443535714285714,0.6581950350981665,0.5368686718544484,0.0025157317755573373
0.06991408621192984,412.09751909732995,26.429263828962107,26.15211028822243,12.986865508611913,9.443535714285714,0.6564609024746489,0.6631763858356041,0.0025186129548306724
0.1035271976855583,412.09751909732995,41.40381618788268,40.963850778334674,13.783302550541293,9.443535714285714,0.6613151564836108,0.7598228157282195,0.0025184173831321885
0.15238000978862376,412.09751909732995,68.78720680339947,68.06524604299214,15.728941466409651,9.443535714285714,0.6799106681327132,0.8449400749055003,0.002515804944905019
0.22225467472613084,412.09751909732995,119.73432552690363,118.55452327107544,20.641666197663426,9.443535714285714,0.732189627542013,0.9780817759336206,0.0025240038770126343
0.31973100640172986,412.09751909732995,210.20645242177198,208.5603104629896,41.61162782970325,9.443535714285714,0.8098596218607698,1.5707957329014544,0.002657175214602077
0.4503854206619554,412.09751909732995,352.81111842958876,351.2764041111055,136.43941730923382,9.443535714285714,0.8018837453058625,1.569488066201424,0.0030851192605035795
0.6142148866602788,412.09751909732995,502.57940974367654,502.2530123685192,334.36985142173216,9.443535714285714,0.800097976188584,1.569461360696318,0.003977400206739177
0.7962942953533506,412.09751909732995,520.6746725865994,521.6299672786256,478.04132924201883,9.443535714285714,0.7982217247116888,1.5697087668808618,0.004059522380537936
0.9519063728925579,412.09751909732995,383.7446726949454,384.4702208785671,406.864218187524,9.443535714285716,0.7823119204578203,1.5707431979000914,0.0027097172066318574
0.00011063852532153239,568.8529308438414,0.03625054208059453,0.035551704698775666,12.689170200758895,4.042946686527181,0.9287144235350892,1.3874063662372707e-6,0.0025055357710860237
0.00016580131664698346,568.8529308438414,0.054245021292388174,0.05347482142539661,12.688762948237354,4.01514808125925,0.9287002256892629,2.3007017346672176e-6,0.002505516516810208
0.00024846521098166813,568.8529308438414,0.08122869605486471,0.08034995629289199,12.688155092180068,3.9897700327379004,0.9287007191880396,3.047321335316196e-6,0.0025055145499643743
0.0003723378920799524,568.8529308438414,0.12169898176875904,0.1206594563056882,12.687251653181306,4.024073966387061,0.9286948918113314,3.014084970486343e-6,0.0025055156044344515
0.0005579559825209103,568.8529308438414,0.18243377207582512,0.18114459270400118,12.68590121007935,4.1142703382596135,0.9287018954784455,6.623919185201068e-6,0.0025055180396044855
0.0008360827013363571,568.8529308438414,0.2736098733246166,0.27195972683780667,12.683905556271384,4.225322800124409,0.9287032184549573,1.5342248180413268e-6,0.002505519828067443
0.0012527904957664955,568.8529308438414,0.4106380723376901,0.408443799384699,12.680963104869193,4.336047954565923,0.9287026108803255,1.0233540609376771e-6,0.0025055215494073978
0.0018770574160454304,568.8529308438414,0.6168659498431026,0.6138504676305843,12.676672965920716,4.553610873219886,0.9287076713364425,2.1285820170017717e-6,0.0025055327837575935
0.0028121050796695033,568.8529308438414,0.9278951696723823,0.9236315579182133,12.670499659080747,4.829195518466763,0.9287085291120262,1.9025968859476912e-6,0.002505529600493041
0.004212286548437501,568.8529308438414,1.3984160817640685,1.3922772304352122,12.661829309669997,5.188672714401965,0.9287059420337236,6.156438758017088e-7,0.0025055425283001414
0.006308162979393911,568.8529308438414,2.113498131202462,2.10452210272949,12.650144680777316,5.59115445198174,0.9286974521279598,5.715347696403724e-7,0.002505558881719251
0.009443564555314523,568.8529308438414,3.207624199552356,3.194311722948086,12.635571613516277,6.197792670451127,0.9286615446362562,3.645381809898016e-7,0.002505576876860322
0.014129968295237355,568.8529308438414,4.898177512411962,4.878204147597316,12.620306653554394,7.525213697524392,0.9285738532767198,2.396897303679971e-7,0.0025056169392926745
0.02112539273271365,568.8529308438414,7.547208418614389,7.516887133015743,12.612187113904838,8.613702706386517,0.9283539242951653,8.152145950147449e-7,0.002505673306031905
0.03154684409852525,568.8529308438414,11.780446579991661,11.686018707922315,12.633031769040599,9.237793959162913,0.9323221401872289,0.29121826658225486,0.0025094513776488217
0.04702598565396639,568.8529308438414,17.639014773470976,17.611415208350834,12.73789293386892,9.343833333333336,0.6584795618576199,0.5336390996202065,0.0025157696366862672
0.06991408621192984,568.8529308438414,26.488442147683898,26.477234715668686,13.058029267008806,9.343833333333336,0.6569245910540221,0.6573620955368733,0.0025186743860433976
0.1035271976855583,568.8529308438414,41.58731781055246,41.631556038211656,13.893168539327348,9.343833333333336,0.6619911319492012,0.7498517306442849,0.002518658329800841
0.15238000978862376,568.8529308438414,69.28240933912255,69.49636656510917,15.899989849353233,9.343833333333336,0.680773808267532,0.827812298598769,0.002516688708368583
0.22225467472613084,568.8529308438414,120.98787002410182,121.74914945353008,20.873728187015786,9.343833333333336,0.7323726564933876,0.9421391481785267,0.0025273420206872515
0.31973100640172986,568.8529308438414,213.14795072919765,215.67380615035842,41.6415613572716,9.343833333333336,0.8126348056821093,1.5707955031534055,0.0026598980042528042
0.4503854206619554,568.8529308438414,357.31373743510835,361.9759823011612,135.95875342591557,9.343833333333336,0.804408572983589,1.5707938191496218,0.0030893702134613416
0.6142148866602788,568.8529308438414,506.35457404888786,510.61517698427315,333.03166534220225,9.343833333333336,0.8024014147102173,1.5707926871200362,0.003984932571523906
0.7962942953533506,568.8529308438414,522.0479537433416,524.2146635604158,477.7051160269624,9.343833333333336,0.8011780643292223,1.5705568750809393,0.004060697290970788
0.9519063728925579,568.8529308438414,383.84488198726103,384.65257728048726,406.86060061120213,9.343833333333336,0.795448279752846,1.57069695557881,0.0027143609115826274
0.00011063852532153239,785.235634610072,0.036229598312502276,0.035712343633619525,12.687910345906403,4.043824732977287,0.9286997553156301,4.902922360707672e-6,0.0025055150892629246
0.00016580131664698346,785.235634610072,0.05421121768006287,0.053716180339648645,12.686875557045255,4.007068800395234,0.9286998823573303,4.481747767525327e-6,0.0025055163925296856
0.00024846521098166813,785.235634610072,0.08118000674937775,0.08071276484805878,12.685325890824402,3.98533582945611,0.9287016996162921,2.6162504833013725e-6,0.0025055176708860733
0.0003723378920799524,785.235634610072,0.12162356915844441,0.12120596372027137,12.683007480227843,4.026693415022398,0.9287016441061323,2.763931211307345e-6,0.0025055158695661893
0.0005579559825209103,785.235634610072,0.18231210058615943,0.18196964067770693,12.679541458699987,4.120975529029674,0.9287035264294797,1.9381327092335923e-6,0.002505518776210053
0.0008360827013363571,785.235634610072,0.273436356558733,0.2732109654082251,12.674367755500725,4.234903904525315,0.9287054648446177,1.7493414128414879e-6,0.002505523793939219
0.0012527904957664955,785.235634610072,0.41036989057171525,0.4103511678931113,12.66665425452777,4.337043780620694,0.9287074852534805,1.9830228412335944e-6,0.0025055246312185946
0.0018770574160454304,785.235634610072,0.6164442867596875,0.6167814924961164,12.655190438479735,4.534297569912697,0.9287092176091608,1.361011529661329e-6,0.0025055151555839626
0.0028121050796695033,785.235634610072,0.9272228906560827,0.9281894716600192,12.638223911220848,4.812669019285555,0.9287134405432813,5.99515753328835e-7,0.0025055409095070466
0.004212286548437501,785.235634610072,1.397336227909392,1.3994880087851698,12.61327819181497,5.181198610853586,0.9287097084839135,7.352189742006684e-6,0.0025055560333847667
0.006308162979393911,785.235634610072,2.111695672896616,2.1161993177843073,12.576967305935,5.590474298305033,0.9287093968006834,5.102661280768471e-7,0.002505568696028968
0.009443564555314523,785.235634610072,3.2045077944469966,3.2138509706111478,12.524966639611762,6.210481388447099,0.9286877176338753,5.641617475689795e-7,0.0025056013889742518
0.014129968295237355,785.235634610072,4.892562151281183,4.912338864981521,12.45244488178514,7.544099719597666,0.9286055876585904,6.76891542714679e-7,0.002505637510987158
0.02112539273271365,785.235634610072,7.5366175327932865,7.579895305240655,12.355857197334558,8.614812729891248,0.9283963942056905,1.386052527789236e-7,0.002505695832157807
0.03154684409852525,785.235634610072,11.759532034591388,11.777533156401915,12.238102613707838,9.222159489450114,0.9327412191556246,0.30458375705718627,0.002509661364429988
0.04702598565396639,785.235634610072,17.58068064232593,17.784834264549616,12.121598721194346,9.323600000000003,0.6583830811915318,0.5401845054589755,0.0025155584537069893
0.06991408621192984,785.235634610072,26.34725353790435,26.892727672621632,12.07909805034842,9.323600000000003,0.6568063586794013,0.6646098096253031,0.0025183529221866137
0.1035271976855583,785.235634610072,41.24235292320546,42.75691238548062,12.302032503899568,9.323600000000003,0.6616923510778435,0.7616681585993108,0.002518272637587864
0.15238000978862376,785.235634610072,68.4252053882266,72.80736841455511,13.247279439928548,9.323600000000003,0.6799672287083927,0.8554559964334809,0.002515948949578275
0.22225467472613084,785.235634610072,118.77915428867325,131.63830482589907,16.37144352729024,9.323600000000003,0.7347704682437324,1.0537699780853382,0.002519449959194958
0.31973100640172986,785.235634610072,207.23275214193126,240.69483860340108,33.82797680194619,9.323600000000003,0.814282252932325,1.570795508154602,0.002660302671235825
0.4503854206619554,785.235634610072,346.90357352603274,413.16849634422863,121.77859636605172,9.323600000000003,0.8059762485760839,1.5707908676065474,0.003096513692617873
0.6142148866602788,785.235634610072,497.0216667168036,546.1143854507316,316.59358950192905,9.323600000000003,0.804061042067542,1.5704757459067882,0.0040216668102151885
0.7962942953533506,785.235634610072,519.5685795593329,528.3506011289563,471.30006791927394,9.323600000000003,0.8035148468280403,1.569739496464255,0.00408025875403562
0.9519063728925579,785.235634610072,383.7114688218559,384.5439492999497,405.97464444736977,9.323600000000003,0.8050692676605637,1.5700565849774517,0.002717259680054287
