sin2_theta23,dcp,dchi2,log_likelihood,log_posterior,dm2_21,sin2_theta12,theta12,theta23
0.57,1.0,58.09451764223218,-196.57916629636117,-196.57916629636117,7.53e-5,0.30699999999999994,0.5872523687443223,0.8556288707523761
0.57,1.0,54.151026488564014,-194.60742071952708,-194.60742071952708,7.53e-5,0.30699999999999994,0.5872523687443223,0.8556288707523761
0.57,1.0,50.354535267675715,-192.70917510908293,-192.70917510908293,7.53e-5,0.30699999999999994,0.5872523687443223,0.8556288707523761
0.57,1.0,46.70962950895938,-190.88672222972477,-190.88672222972477,7.53e-5,0.30699999999999994,0.5872523687443223,0.8556288707523761
0.57,1.0,43.22095099915873,-189.14238297482444,-189.14238297482444,7.53e-5,0.30699999999999994,0.5872523687443223,0.8556288707523761
0.57,1.0,39.893198343098845,-187.4785066467945,-187.4785066467945,7.53e-5,0.30699999999999994,0.5872523687443223,0.8556288707523761
0.57,1.0,36.731127531723985,-185.89747124110707,-185.89747124110707,7.53e-5,0.30699999999999994,0.5872523687443223,0.8556288707523761
0.57,1.0,33.73955251749885,-184.4016837339945,-184.4016837339945,7.53e-5,0.30699999999999994,0.5872523687443223,0.8556288707523761
0.57,1.0,30.92334579725474,-182.99358037387245,-182.99358037387245,7.53e-5,0.30699999999999994,0.5872523687443223,0.8556288707523761
0.57,1.0,28.28743900258786,-181.675626976539,-181.675626976539,7.53e-5,0.30699999999999994,0.5872523687443223,0.8556288707523761
0.57,1.0,25.836823497872047,-180.4503192241811,-180.4503192241811,7.53e-5,0.30699999999999994,0.5872523687443223,0.8556288707523761
0.57,1.0,23.576550985989456,-179.3201829682398,-179.3201829682398,7.53e-5,0.30699999999999994,0.5872523687443223,0.8556288707523761
0.57,1.0,21.511734121852328,-178.28777453617124,-178.28777453617124,7.53e-5,0.30699999999999994,0.5872523687443223,0.8556288707523761
0.57,1.0,19.64754713381859,-177.35568104215437,-177.35568104215437,7.53e-5,0.30699999999999994,0.5872523687443223,0.8556288707523761
0.57,1.0,17.989226453084143,-176.52652070178715,-176.52652070178715,7.53e-5,0.30699999999999994,0.5872523687443223,0.8556288707523761
0.57,1.0,16.542071351145523,-175.80294315081784,-175.80294315081784,7.53e-5,0.30699999999999994,0.5872523687443223,0.8556288707523761
0.57,1.0,15.311444585429172,-175.18762976795966,-175.18762976795966,7.53e-5,0.30699999999999994,0.5872523687443223,0.8556288707523761
0.57,1.0,14.302773053174349,-174.68329400183225,-174.68329400183225,7.53e-5,0.30699999999999994,0.5872523687443223,0.8556288707523761
0.57,1.0,13.52154845367562,-174.2926817020829,-174.2926817020829,7.53e-5,0.30699999999999994,0.5872523687443223,0.8556288707523761
0.57,1.0,12.973327958969946,-174.01857145473005,-174.01857145473005,7.53e-5,0.30699999999999994,0.5872523687443223,0.8556288707523761
0.57,1.0,12.663734893082392,-173.86377492178627,-173.86377492178627,7.53e-5,0.30699999999999994,0.5872523687443223,0.8556288707523761
0.57,1.0,12.598459419914036,-173.8311371852021,-173.8311371852021,7.53e-5,0.30699999999999994,0.5872523687443223,0.8556288707523761
0.57,1.0,12.78325923988234,-173.92353709518625,-173.92353709518625,7.53e-5,0.30699999999999994,0.5872523687443223,0.8556288707523761
0.57,1.0,13.223960295419147,-174.14388762295465,-174.14388762295465,7.53e-5,0.30699999999999994,0.5872523687443223,0.8556288707523761
0.57,1.0,13.926457485421679,-174.49513621795592,-174.49513621795592,7.53e-5,0.30699999999999994,0.5872523687443223,0.8556288707523761
0.57,1.0,14.896715388767745,-174.98026516962895,-174.98026516962895,7.53e-5,0.30699999999999994,0.5872523687443223,0.8556288707523761
0.57,1.0,16.1407689970045,-175.60229197374733,-175.60229197374733,7.53e-5,0.30699999999999994,0.5872523687443223,0.8556288707523761
0.57,1.0,17.664724456311603,-176.36426970340088,-176.36426970340088,7.53e-5,0.30699999999999994,0.5872523687443223,0.8556288707523761
0.57,1.0,19.474759818856967,-177.26928738467356,-177.26928738467356,7.53e-5,0.30699999999999994,0.5872523687443223,0.8556288707523761
0.57,1.0,21.577125803649892,-178.32047037707002,-178.32047037707002,7.53e-5,0.30699999999999994,0.5872523687443223,0.8556288707523761
0.57,1.0,23.978146567008764,-179.52098075874946,-179.52098075874946,7.53e-5,0.30699999999999994,0.5872523687443223,0.8556288707523761
0.57,1.0,55.99491126972026,-195.5293631101052,-195.5293631101052,7.53e-5,0.30699999999999994,0.5872523687443223,0.8556288707523761
0.57,1.0,52.059428353784256,-193.5616216521372,-193.5616216521372,7.53e-5,0.30699999999999994,0.5872523687443223,0.8556288707523761
0.57,1.0,48.272365906404445,-191.6680904284473,-191.6680904284473,7.53e-5,0.30699999999999994,0.5872523687443223,0.8556288707523761
0.57,1.0,44.63834613751021,-189.85108054400018,-189.85108054400018,7.53e-5,0.30699999999999994,0.5872523687443223,0.8556288707523761
0.57,1.0,41.162048021206544,-188.11293148584835,-188.11293148584835,7.53e-5,0.30699999999999994,0.5872523687443223,0.8556288707523761
0.57,1.0,37.84820786262077,-186.45601140655546,-186.45601140655546,7.53e-5,0.30699999999999994,0.5872523687443223,0.8556288707523761
0.57,1.0,34.70161987212305,-184.8827174113066,-184.8827174113066,7.53e-5,0.30699999999999994,0.5872523687443223,0.8556288707523761
0.57,1.0,31.72713674702061,-183.39547584875538,-183.39547584875538,7.53e-5,0.30699999999999994,0.5872523687443223,0.8556288707523761
0.57,1.0,28.929670260759508,-181.99674260562483,-181.99674260562483,7.53e-5,0.30699999999999994,0.5872523687443223,0.8556288707523761
0.57,1.0,26.314191859783932,-180.68900340513704,-180.68900340513704,7.53e-5,0.30699999999999994,0.5872523687443223,0.8556288707523761
0.57,1.0,23.885733268092793,-179.47477410929147,-179.47477410929147,7.53e-5,0.30699999999999994,0.5872523687443223,0.8556288707523761
0.57,1.0,21.64938709959756,-178.35660102504386,-178.35660102504386,7.53e-5,0.30699999999999994,0.5872523687443223,0.8556288707523761
0.57,1.0,19.610307478370885,-177.33706121443052,-177.33706121443052,7.53e-5,0.30699999999999994,0.5872523687443223,0.8556288707523761
0.57,1.0,17.77371066688039,-176.41876280868527,-176.41876280868527,7.53e-5,0.30699999999999994,0.5872523687443223,0.8556288707523761
0.57,1.0,16.144875702285333,-175.60434532638774,-175.60434532638774,7.53e-5,0.30699999999999994,0.5872523687443223,0.8556288707523761
0.57,1.0,14.72914504090761,-174.89647999569888,-174.89647999569888,7.53e-5,0.30699999999999994,0.5872523687443223,0.8556288707523761
0.57,1.0,13.531925210959173,-174.29787008072466,-174.29787008072466,7.53e-5,0.30699999999999994,0.5872523687443223,0.8556288707523761
0.57,1.0,12.558687473616033,-173.8112512120531,-173.8112512120531,7.53e-5,0.30699999999999994,0.5872523687443223,0.8556288707523761
0.57,1.0,11.814968492565129,-173.43939172152764,-173.43939172152764,7.53e-5,0.30699999999999994,0.5872523687443223,0.8556288707523761
0.57,1.0,11.306371012075374,-173.18509298128276,-173.18509298128276,7.53e-5,0.30699999999999994,0.5872523687443223,0.8556288707523761
0.57,1.0,11.038564543743234,-173.0511897471167,-173.0511897471167,7.53e-5,0.30699999999999994,0.5872523687443223,0.8556288707523761
0.57,1.0,11.017286061973095,-173.04055050623163,-173.04055050623163,7.53e-5,0.30699999999999994,0.5872523687443223,0.8556288707523761
0.57,1.0,11.248340708322417,-173.15607782940629,-173.15607782940629,7.53e-5,0.30699999999999994,0.5872523687443223,0.8556288707523761
0.57,1.0,11.73760250479478,-173.40070872764247,-173.40070872764247,7.53e-5,0.30699999999999994,0.5872523687443223,0.8556288707523761
0.57,1.0,12.491015076209806,-173.77741501334998,-173.77741501334998,7.53e-5,0.30699999999999994,0.5872523687443223,0.8556288707523761
0.57,1.0,13.514592381728164,-174.28920366610916,-174.28920366610916,7.53e-5,0.30699999999999994,0.5872523687443223,0.8556288707523761
0.57,1.0,14.814419455669452,-174.9391172030798,-174.9391172030798,7.53e-5,0.30699999999999994,0.5872523687443223,0.8556288707523761
0.57,1.0,16.39665315770833,-175.73023405409924,-175.73023405409924,7.53e-5,0.30699999999999994,0.5872523687443223,0.8556288707523761
0.57,1.0,18.26752293257863,-176.6656689415344,-176.6656689415344,7.53e-5,0.30699999999999994,0.5872523687443223,0.8556288707523761
0.57,1.0,20.433331579384685,-177.74857326493742,-177.74857326493742,7.53e-5,0.30699999999999994,0.5872523687443223,0.8556288707523761
0.57,1.0,22.90045603064209,-178.98213549056612,-178.98213549056612,7.53e-5,0.30699999999999994,0.5872523687443223,0.8556288707523761
0.57,1.0,54.00056129519561,-194.53218812284288,-194.53218812284288,7.53e-5,0.30699999999999994,0.5872523687443223,0.8556288707523761
0.57,1.0,50.07365795988818,-192.56873645518917,-192.56873645518917,7.53e-5,0.30699999999999994,0.5872523687443223,0.8556288707523761
0.57,1.0,46.29656496699454,-190.68018995874235,-190.68018995874235,7.53e-5,0.30699999999999994,0.5872523687443223,0.8556288707523761
0.57,1.0,42.67394028070862,-188.8688776155994,-188.8688776155994,7.53e-5,0.30699999999999994,0.5872523687443223,0.8556288707523761
0.57,1.0,39.210499124223986,-187.13715703735707,-187.13715703735707,7.53e-5,0.30699999999999994,0.5872523687443223,0.8556288707523761
0.57,1.0,35.91101455254619,-185.48741475151817,-185.48741475151817,7.53e-5,0.30699999999999994,0.5872523687443223,0.8556288707523761
0.57,1.0,32.780318032797936,-183.92206649164405,-183.92206649164405,7.53e-5,0.30699999999999994,0.5872523687443223,0.8556288707523761
0.57,1.0,29.82330003204845,-182.4435574912693,-182.4435574912693,7.53e-5,0.30699999999999994,0.5872523687443223,0.8556288707523761
0.57,1.0,27.044910612763772,-181.05436278162696,-181.05436278162696,7.53e-5,0.30699999999999994,0.5872523687443223,0.8556288707523761
0.57,1.0,24.45016003597317,-179.75698749323166,-179.75698749323166,7.53e-5,0.30699999999999994,0.5872523687443223,0.8556288707523761
0.57,1.0,22.04411937224677,-178.55396716136846,-178.55396716136846,7.53e-5,0.30699999999999994,0.5872523687443223,0.8556288707523761
0.57,1.0,19.83192112054087,-177.4478680355155,-177.4478680355155,7.53e-5,0.30699999999999994,0.5872523687443223,0.8556288707523761
0.57,1.0,17.81875983503727,-176.4412873927637,-176.4412873927637,7.53e-5,0.30699999999999994,0.5872523687443223,0.8556288707523761
0.57,1.0,16.009892760052992,-175.53685385527157,-175.53685385527157,7.53e-5,0.30699999999999994,0.5872523687443223,0.8556288707523761
0.57,1.0,14.410640473105104,-174.73722771179763,-174.73722771179763,7.53e-5,0.30699999999999994,0.5872523687443223,0.8556288707523761
0.57,1.0,13.026387536241657,-174.0451012433659,-174.0451012433659,7.53e-5,0.30699999999999994,0.5872523687443223,0.8556288707523761
0.57,1.0,11.862583155723314,-173.46319905310673,-173.46319905310673,7.53e-5,0.30699999999999994,0.5872523687443223,0.8556288707523761
0.57,1.0,10.924741850151861,-172.994278400321,-172.994278400321,7.53e-5,0.30699999999999994,0.5872523687443223,0.8556288707523761
0.57,1.0,10.218444127156033,-172.6411295388231,-172.6411295388231,7.53e-5,0.30699999999999994,0.5872523687443223,0.8556288707523761
0.57,1.0,9.74933716871584,-172.406576059603,-172.406576059603,7.53e-5,0.30699999999999994,0.5872523687443223,0.8556288707523761
0.57,1.0,9.523135525242992,-172.29347523786657,-172.29347523786657,7.53e-5,0.30699999999999994,0.5872523687443223,0.8556288707523761
0.57,1.0,9.54562181851037,-172.30471838450026,-172.30471838450026,7.53e-5,0.30699999999999994,0.5872523687443223,0.8556288707523761
0.57,1.0,9.82264745353524,-172.4432312020127,-172.4432312020127,7.53e-5,0.30699999999999994,0.5872523687443223,0.8556288707523761
0.57,1.0,10.360133339527465,-172.7119741450088,-172.7119741450088,7.53e-5,0.30699999999999994,0.5872523687443223,0.8556288707523761
0.57,1.0,11.164070620003884,-173.11394278524702,-173.11394278524702,7.53e-5,0.30699999999999994,0.5872523687443223,0.8556288707523761
0.57,1.0,12.240521412172939,-173.65216818133155,-173.65216818133155,7.53e-5,0.30699999999999994,0.5872523687443223,0.8556288707523761
0.57,1.0,13.59561955571553,-174.32971725310284,-174.32971725310284,7.53e-5,0.30699999999999994,0.5872523687443223,0.8556288707523761
0.57,1.0,15.235571371052174,-175.14969316077116,-175.14969316077116,7.53e-5,0.30699999999999994,0.5872523687443223,0.8556288707523761
0.57,1.0,17.166656427227622,-176.1152356888589,-176.1152356888589,7.53e-5,0.30699999999999994,0.5872523687443223,0.8556288707523761
0.57,1.0,19.395228319514956,-177.22952163500256,-177.22952163500256,7.53e-5,0.30699999999999994,0.5872523687443223,0.8556288707523761
0.57,1.0,21.92771545686054,-178.49576520367535,-178.49576520367535,7.53e-5,0.30699999999999994,0.5872523687443223,0.8556288707523761
0.57,1.0,52.11230924579144,-193.5880620981408,-193.5880620981408,7.53e-5,0.30699999999999994,0.5872523687443223,0.8556288707523761
0.57,1.0,48.19456694346826,-191.6291909469792,-191.6291909469792,7.53e-5,0.30699999999999994,0.5872523687443223,0.8556288707523761
0.57,1.0,44.42799422742826,-189.7459045889592,-189.7459045889592,7.53e-5,0.30699999999999994,0.5872523687443223,0.8556288707523761
0.57,1.0,40.81728389097981,-187.94054942073498,-187.94054942073498,7.53e-5,0.30699999999999994,0.5872523687443223,0.8556288707523761
0.57,1.0,37.367186469335365,-186.21550070991276,-186.21550070991276,7.53e-5,0.30699999999999994,0.5872523687443223,0.8556288707523761
0.57,1.0,34.08251081829036,-184.57316288439026,-184.57316288439026,7.53e-5,0.30699999999999994,0.5872523687443223,0.8556288707523761
0.57,1.0,30.96812470046399,-183.01596982547707,-183.01596982547707,7.53e-5,0.30699999999999994,0.5872523687443223,0.8556288707523761
0.57,1.0,28.028955379151398,-181.54638516482078,-181.54638516482078,7.53e-5,0.30699999999999994,0.5872523687443223,0.8556288707523761
0.57,1.0,25.26999021988138,-180.16690258518577,-180.16690258518577,7.53e-5,0.30699999999999994,0.5872523687443223,0.8556288707523761
0.57,1.0,22.69627729977526,-178.8800461251327,-178.8800461251327,7.53e-5,0.30699999999999994,0.5872523687443223,0.8556288707523761
0.57,1.0,20.31292602479766,-177.6883704876439,-177.6883704876439,7.53e-5,0.30699999999999994,0.5872523687443223,0.8556288707523761
0.57,1.0,18.12510775496753,-176.59446135272884,-176.59446135272884,7.53e-5,0.30699999999999994,0.5872523687443223,0.8556288707523761
0.57,1.0,16.138056437650448,-175.6009356940703,-175.6009356940703,7.53e-5,0.30699999999999994,0.5872523687443223,0.8556288707523761
0.57,1.0,14.357069249003871,-174.710442099747,-174.710442099747,7.53e-5,0.30699999999999994,0.5872523687443223,0.8556288707523761
0.57,1.0,12.787507243673872,-173.925661097082,-173.925661097082,7.53e-5,0.30699999999999994,0.5872523687443223,0.8556288707523761
0.57,1.0,11.434796012849915,-173.24930548167004,-173.24930548167004,7.53e-5,0.30699999999999994,0.5872523687443223,0.8556288707523761
0.57,1.0,10.304426350756444,-172.6841206506233,-172.6841206506233,7.53e-5,0.30699999999999994,0.5872523687443223,0.8556288707523761
0.57,1.0,9.401954929691215,-172.23288494009068,-172.23288494009068,7.53e-5,0.30699999999999994,0.5872523687443223,0.8556288707523761
0.57,1.0,8.733004983713158,-171.89840996710166,-171.89840996710166,7.53e-5,0.30699999999999994,0.5872523687443223,0.8556288707523761
0.57,1.0,8.303267001061101,-171.68354097577563,-171.68354097577563,7.53e-5,0.30699999999999994,0.5872523687443223,0.8556288707523761
0.57,1.0,8.118499425433527,-171.59115718796184,-171.59115718796184,7.53e-5,0.30699999999999994,0.5872523687443223,0.8556288707523761
0.57,1.0,8.184529366209574,-171.62417215834986,-171.62417215834986,7.53e-5,0.30699999999999994,0.5872523687443223,0.8556288707523761
0.57,1.0,8.507253317725485,-171.78553413410782,-171.78553413410782,7.53e-5,0.30699999999999994,0.5872523687443223,0.8556288707523761
0.57,1.0,9.092637887717729,-172.07822641910394,-172.07822641910394,7.53e-5,0.30699999999999994,0.5872523687443223,0.8556288707523761
0.57,1.0,9.946720535031716,-172.50526774276094,-172.50526774276094,7.53e-5,0.30699999999999994,0.5872523687443223,0.8556288707523761
0.57,1.0,11.075610316708207,-173.06971263359918,-173.06971263359918,7.53e-5,0.30699999999999994,0.5872523687443223,0.8556288707523761
0.57,1.0,12.485488644569386,-173.77465179752977,-173.77465179752977,7.53e-5,0.30699999999999994,0.5872523687443223,0.8556288707523761
0.57,1.0,14.182610051397148,-174.62321250094365,-174.62321250094365,7.53e-5,0.30699999999999994,0.5872523687443223,0.8556288707523761
0.57,1.0,16.173302966833774,-175.61855895866196,-175.61855895866196,7.53e-5,0.30699999999999994,0.5872523687443223,0.8556288707523761
0.57,1.0,18.463970503118787,-176.76389272680447,-176.76389272680447,7.53e-5,0.30699999999999994,0.5872523687443223,0.8556288707523761
0.57,1.0,21.061091250767618,-178.0624531006289,-178.0624531006289,7.53e-5,0.30699999999999994,0.5872523687443223,0.8556288707523761
0.57,1.0,50.33099786932678,-192.69740640990847,-192.69740640990847,7.53e-5,0.30699999999999994,0.5872523687443223,0.8556288707523761
0.57,1.0,46.42300982130831,-190.74341238589923,-190.74341238589923,7.53e-5,0.30699999999999994,0.5872523687443223,0.8556288707523761
0.57,1.0,42.667520071897,-188.86566751119358,-188.86566751119358,7.53e-5,0.30699999999999994,0.5872523687443223,0.8556288707523761
0.57,1.0,39.06925532084159,-187.06653513566587,-187.06653513566587,7.53e-5,0.30699999999999994,0.5872523687443223,0.8556288707523761
0.57,1.0,35.633000480909914,-185.34840771570003,-185.34840771570003,7.53e-5,0.30699999999999994,0.5872523687443223,0.8556288707523761
0.57,1.0,32.36359926230466,-183.7137071063974,-183.7137071063974,7.53e-5,0.30699999999999994,0.5872523687443223,0.8556288707523761
0.57,1.0,29.265954764722494,-182.16488485760632,-182.16488485760632,7.53e-5,0.30699999999999994,0.5872523687443223,0.8556288707523761
0.57,1.0,26.345030077105434,-180.7044225137978,-180.7044225137978,7.53e-5,0.30699999999999994,0.5872523687443223,0.8556288707523761
0.57,1.0,23.605848885173884,-179.33483191783202,-179.33483191783202,7.53e-5,0.30699999999999994,0.5872523687443223,0.8556288707523761
0.57,1.0,21.053496086858956,-178.05865551867456,-178.05865551867456,7.53e-5,0.30699999999999994,0.5872523687443223,0.8556288707523761
0.57,1.0,18.693118415688673,-176.8784666830894,-176.8784666830894,7.53e-5,0.30699999999999994,0.5872523687443223,0.8556288707523761
0.57,1.0,16.52992507224286,-175.7968700113665,-175.7968700113665,7.53e-5,0.30699999999999994,0.5872523687443223,0.8556288707523761
0.57,1.0,14.569188363758315,-174.81650165712423,-174.81650165712423,7.53e-5,0.30699999999999994,0.5872523687443223,0.8556288707523761
0.57,1.0,12.816244351981823,-173.940029651236,-173.940029651236,7.53e-5,0.30699999999999994,0.5872523687443223,0.8556288707523761
0.57,1.0,11.276493509363377,-173.17015422992677,-173.17015422992677,7.53e-5,0.30699999999999994,0.5872523687443223,0.8556288707523761
0.57,1.0,9.955401383695857,-172.509608167093,-172.509608167093,7.53e-5,0.30699999999999994,0.5872523687443223,0.8556288707523761
0.57,1.0,8.858499271280152,-171.96115711088515,-171.96115711088515,7.53e-5,0.30699999999999994,0.5872523687443223,0.8556288707523761
0.57,1.0,7.991384898732065,-171.5275999246111,-171.5275999246111,7.53e-5,0.30699999999999994,0.5872523687443223,0.8556288707523761
0.57,1.0,7.35972311353072,-171.21176903201044,-171.21176903201044,7.53e-5,0.30699999999999994,0.5872523687443223,0.8556288707523761
0.57,1.0,6.969246583394124,-171.01653076694214,-171.01653076694214,7.53e-5,0.30699999999999994,0.5872523687443223,0.8556288707523761
0.57,1.0,6.825756504605124,-170.94478572754764,-170.94478572754764,7.53e-5,0.30699999999999994,0.5872523687443223,0.8556288707523761
0.57,1.0,6.935123319383365,-170.99946913493676,-170.99946913493676,7.53e-5,0.30699999999999994,0.5872523687443223,0.8556288707523761
0.57,1.0,7.303287442405178,-171.18355119644767,-171.18355119644767,7.53e-5,0.30699999999999994,0.5872523687443223,0.8556288707523761
0.57,1.0,7.936259996592412,-171.50003747354128,-171.50003747354128,7.53e-5,0.30699999999999994,0.5872523687443223,0.8556288707523761
0.57,1.0,8.840123558263713,-171.95196925437693,-171.95196925437693,7.53e-5,0.30699999999999994,0.5872523687443223,0.8556288707523761
0.57,1.0,10.02103291177201,-172.54242393113108,-172.54242393113108,7.53e-5,0.30699999999999994,0.5872523687443223,0.8556288707523761
0.57,1.0,11.485215813737966,-173.27451538211406,-173.27451538211406,7.53e-5,0.30699999999999994,0.5872523687443223,0.8556288707523761
0.57,1.0,13.238973766980394,-174.15139435873527,-174.15139435873527,7.53e-5,0.30699999999999994,0.5872523687443223,0.8556288707523761
0.57,1.0,15.288682804284235,-175.1762488773872,-175.1762488773872,7.53e-5,0.30699999999999994,0.5872523687443223,0.8556288707523761
0.57,1.0,17.640794282099478,-176.35230461629482,-176.35230461629482,7.53e-5,0.30699999999999994,0.5872523687443223,0.8556288707523761
0.57,1.0,20.301835684299647,-177.6828253173949,-177.6828253173949,7.53e-5,0.30699999999999994,0.5872523687443223,0.8556288707523761
0.57,1.0,48.65747113199228,-191.86064304124122,-191.86064304124122,7.53e-5,0.30699999999999994,0.5872523687443223,0.8556288707523761
0.57,1.0,44.75984396606617,-189.91182945827816,-189.91182945827816,7.53e-5,0.30699999999999994,0.5872523687443223,0.8556288707523761
0.57,1.0,41.01601344268744,-188.0399141965888,-188.0399141965888,7.53e-5,0.30699999999999994,0.5872523687443223,0.8556288707523761
0.57,1.0,37.430739249134035,-186.2472770998121,-186.2472770998121,7.53e-5,0.30699999999999994,0.5872523687443223,0.8556288707523761
0.57,1.0,34.008839745154035,-184.5363273478221,-184.5363273478221,7.53e-5,0.30699999999999994,0.5872523687443223,0.8556288707523761
0.57,1.0,30.755192552995197,-182.90950375174268,-182.90950375174268,7.53e-5,0.30699999999999994,0.5872523687443223,0.8556288707523761
0.57,1.0,27.674735155163148,-181.36927505282665,-181.36927505282665,7.53e-5,0.30699999999999994,0.5872523687443223,0.8556288707523761
0.57,1.0,24.772465499950954,-179.91814022522055,-179.91814022522055,7.53e-5,0.30699999999999994,0.5872523687443223,0.8556288707523761
0.57,1.0,22.053442614829464,-178.5586287826598,-178.5586287826598,7.53e-5,0.30699999999999994,0.5872523687443223,0.8556288707523761
0.57,1.0,19.522787227812216,-177.29330108915119,-177.29330108915119,7.53e-5,0.30699999999999994,0.5872523687443223,0.8556288707523761
0.57,1.0,17.185682396873403,-176.12474867368178,-176.12474867368178,7.53e-5,0.30699999999999994,0.5872523687443223,0.8556288707523761
0.57,1.0,15.047374147500364,-175.05559454899526,-175.05559454899526,7.53e-5,0.30699999999999994,0.5872523687443223,0.8556288707523761
0.57,1.0,13.113172118490752,-174.08849353449045,-174.08849353449045,7.53e-5,0.30699999999999994,0.5872523687443223,0.8556288707523761
0.57,1.0,11.388450216085403,-173.22613258328778,-173.22613258328778,7.53e-5,0.30699999999999994,0.5872523687443223,0.8556288707523761
0.57,1.0,9.878647276519814,-172.47123111350498,-172.47123111350498,7.53e-5,0.30699999999999994,0.5872523687443223,0.8556288707523761
0.57,1.0,8.589267737116415,-171.82654134380329,-171.82654134380329,7.53e-5,0.30699999999999994,0.5872523687443223,0.8556288707523761
0.57,1.0,7.525882315991282,-171.29484863324072,-171.29484863324072,7.53e-5,0.30699999999999994,0.5872523687443223,0.8556288707523761
0.57,1.0,6.6941287004930246,-170.8789718254916,-170.8789718254916,7.53e-5,0.30699999999999994,0.5872523687443223,0.8556288707523761
0.57,1.0,6.0997122444686624,-170.5817635974794,-170.5817635974794,7.53e-5,0.30699999999999994,0.5872523687443223,0.8556288707523761
0.57,1.0,5.7484066744576126,-170.40611081247388,-170.40611081247388,7.53e-5,0.30699999999999994,0.5872523687443223,0.8556288707523761
0.57,1.0,5.64605480492861,-170.35493487770938,-170.35493487770938,7.53e-5,0.30699999999999994,0.5872523687443223,0.8556288707523761
0.57,1.0,5.798569262651711,-170.43119210657093,-170.43119210657093,7.53e-5,0.30699999999999994,0.5872523687443223,0.8556288707523761
0.57,1.0,6.211933220321896,-170.63787408540603,-170.63787408540603,7.53e-5,0.30699999999999994,0.5872523687443223,0.8556288707523761
0.57,1.0,6.892201139543715,-170.97800804501694,-170.97800804501694,7.53e-5,0.30699999999999994,0.5872523687443223,0.8556288707523761
0.57,1.0,7.845499523281319,-171.45465723688574,-171.45465723688574,7.53e-5,0.30699999999999994,0.5872523687443223,0.8556288707523761
0.57,1.0,9.078027677892464,-172.0709213141913,-172.0709213141913,7.53e-5,0.30699999999999994,0.5872523687443223,0.8556288707523761
0.57,1.0,10.59605848486035,-172.82993671767525,-172.82993671767525,7.53e-5,0.30699999999999994,0.5872523687443223,0.8556288707523761
0.57,1.0,12.405939182327302,-173.73487706640873,-173.73487706640873,7.53e-5,0.30699999999999994,0.5872523687443223,0.8556288707523761
0.57,1.0,14.514092156566676,-174.78895355352842,-174.78895355352842,7.53e-5,0.30699999999999994,0.5872523687443223,0.8556288707523761
0.57,1.0,16.92701574349394,-175.99541534699205,-175.99541534699205,7.53e-5,0.30699999999999994,0.5872523687443223,0.8556288707523761
0.57,1.0,19.65128504034118,-177.35754999541567,-177.35754999541567,7.53e-5,0.30699999999999994,0.5872523687443223,0.8556288707523761
0.57,1.0,47.09257388792366,-191.0781944192069,-191.0781944192069,7.53e-5,0.30699999999999994,0.5872523687443223,0.8556288707523761
0.57,1.0,43.20592924232352,-189.13487209640684,-189.13487209640684,7.53e-5,0.30699999999999994,0.5872523687443223,0.8556288707523761
0.57,1.0,39.47434944063764,-187.2690821955639,-187.2690821955639,7.53e-5,0.30699999999999994,0.5872523687443223,0.8556288707523761
0.57,1.0,35.902626243726104,-185.48322059710813,-185.48322059710813,7.53e-5,0.30699999999999994,0.5872523687443223,0.8556288707523761
0.57,1.0,32.49561053282912,-183.77971274165964,-183.77971274165964,7.53e-5,0.30699999999999994,0.5872523687443223,0.8556288707523761
0.57,1.0,29.258212905113567,-182.16101392780186,-182.16101392780186,7.53e-5,0.30699999999999994,0.5872523687443223,0.8556288707523761
0.57,1.0,26.195404277001273,-180.6296096137457,-180.6296096137457,7.53e-5,0.30699999999999994,0.5872523687443223,0.8556288707523761
0.57,1.0,23.31221649535712,-179.18801572292364,-179.18801572292364,7.53e-5,0.30699999999999994,0.5872523687443223,0.8556288707523761
0.57,1.0,20.613742956618182,-177.83877895355417,-177.83877895355417,7.53e-5,0.30699999999999994,0.5872523687443223,0.8556288707523761
0.57,1.0,18.10513923397582,-176.584477092233,-176.584477092233,7.53e-5,0.30699999999999994,0.5872523687443223,0.8556288707523761
0.57,1.0,15.791623712690011,-175.42771933159008,-175.42771933159008,7.53e-5,0.30699999999999994,0.5872523687443223,0.8556288707523761
0.57,1.0,13.67847823362274,-174.37114659205645,-174.37114659205645,7.53e-5,0.30699999999999994,0.5872523687443223,0.8556288707523761
0.57,1.0,11.771048745102973,-173.41743184779656,-173.41743184779656,7.53e-5,0.30699999999999994,0.5872523687443223,0.8556288707523761
0.57,1.0,10.074745963199177,-172.56928045684467,-172.56928045684467,7.53e-5,0.30699999999999994,0.5872523687443223,0.8556288707523761
0.57,1.0,8.595046040515342,-171.82943049550275,-171.82943049550275,7.53e-5,0.30699999999999994,0.5872523687443223,0.8556288707523761
0.57,1.0,7.337491243595082,-171.20065309704262,-171.20065309704262,7.53e-5,0.30699999999999994,0.5872523687443223,0.8556288707523761
0.57,1.0,6.307690639041027,-170.6857527947656,-170.6857527947656,7.53e-5,0.30699999999999994,0.5872523687443223,0.8556288707523761
0.57,1.0,5.51132078845086,-170.2875678694705,-170.2875678694705,7.53e-5,0.30699999999999994,0.5872523687443223,0.8556288707523761
0.57,1.0,4.9541264522661095,-170.00897070137813,-170.00897070137813,7.53e-5,0.30699999999999994,0.5872523687443223,0.8556288707523761
0.57,1.0,4.641921302651724,-169.85286812657094,-169.85286812657094,7.53e-5,0.30699999999999994,0.5872523687443223,0.8556288707523761
0.57,1.0,4.580588645495425,-169.8222017979928,-169.8222017979928,7.53e-5,0.30699999999999994,0.5872523687443223,0.8556288707523761
0.57,1.0,4.776082151649234,-169.9199485510697,-169.9199485510697,7.53e-5,0.30699999999999994,0.5872523687443223,0.8556288707523761
0.57,1.0,5.234426597509753,-170.14912077399995,-170.14912077399995,7.53e-5,0.30699999999999994,0.5872523687443223,0.8556288707523761
0.57,1.0,5.961718615059851,-170.512766782775,-170.512766782775,7.53e-5,0.30699999999999994,0.5872523687443223,0.8556288707523761
0.57,1.0,6.964127451468926,-171.01397120097954,-171.01397120097954,7.53e-5,0.30699999999999994,0.5872523687443223,0.8556288707523761
0.57,1.0,8.247895738378247,-171.6558553444342,-171.6558553444342,7.53e-5,0.30699999999999994,0.5872523687443223,0.8556288707523761
0.57,1.0,9.819340270982764,-172.44157761073646,-172.44157761073646,7.53e-5,0.30699999999999994,0.5872523687443223,0.8556288707523761
0.57,1.0,11.684852797018948,-173.37433387375455,-173.37433387375455,7.53e-5,0.30699999999999994,0.5872523687443223,0.8556288707523761
0.57,1.0,13.850900815788293,-174.45735788313922,-174.45735788313922,7.53e-5,0.30699999999999994,0.5872523687443223,0.8556288707523761
0.57,1.0,16.324028387324972,-175.69392166890756,-175.69392166890756,7.53e-5,0.30699999999999994,0.5872523687443223,0.8556288707523761
0.57,1.0,19.110856951842663,-177.0873359511664,-177.0873359511664,7.53e-5,0.30699999999999994,0.5872523687443223,0.8556288707523761
0.57,1.0,45.63715121951549,-190.35048308500282,-190.35048308500282,7.53e-5,0.30699999999999994,0.5872523687443223,0.8556288707523761
0.57,1.0,41.76212730213888,-188.41297112631452,-188.41297112631452,7.53e-5,0.30699999999999994,0.5872523687443223,0.8556288707523761
0.57,1.0,38.04340657361854,-186.55361076205435,-186.55361076205435,7.53e-5,0.30699999999999994,0.5872523687443223,0.8556288707523761
0.57,1.0,34.48581196050338,-184.77481345549677,-184.77481345549677,7.53e-5,0.30699999999999994,0.5872523687443223,0.8556288707523761
0.57,1.0,31.094225946256245,-183.0790204483732,-183.0790204483732,7.53e-5,0.30699999999999994,0.5872523687443223,0.8556288707523761
0.57,1.0,27.87359117218392,-181.46870306133704,-181.46870306133704,7.53e-5,0.30699999999999994,0.5872523687443223,0.8556288707523761
0.57,1.0,24.828911046231212,-179.94636299836068,-179.94636299836068,7.53e-5,0.30699999999999994,0.5872523687443223,0.8556288707523761
0.57,1.0,21.965250359706886,-178.51453265509852,-178.51453265509852,7.53e-5,0.30699999999999994,0.5872523687443223,0.8556288707523761
0.57,1.0,19.28773591203577,-177.17577543126296,-177.17577543126296,7.53e-5,0.30699999999999994,0.5872523687443223,0.8556288707523761
0.57,1.0,16.80155714363741,-175.93268604706378,-175.93268604706378,7.53e-5,0.30699999999999994,0.5872523687443223,0.8556288707523761
0.57,1.0,14.511966777013072,-174.7878908637516,-174.7878908637516,7.53e-5,0.30699999999999994,0.5872523687443223,0.8556288707523761
0.57,1.0,12.424281466145715,-173.74404820831793,-173.74404820831793,7.53e-5,0.30699999999999994,0.5872523687443223,0.8556288707523761
0.57,1.0,10.543882454296977,-172.80384870239357,-172.80384870239357,7.53e-5,0.30699999999999994,0.5872523687443223,0.8556288707523761
0.57,1.0,8.876216240308906,-171.97001559539953,-171.97001559539953,7.53e-5,0.30699999999999994,0.5872523687443223,0.8556288707523761
0.57,1.0,7.426795253503542,-171.24530510199685,-171.24530510199685,7.53e-5,0.30699999999999994,0.5872523687443223,0.8556288707523761
0.57,1.0,6.201198537282039,-170.6325067438861,-170.6325067438861,7.53e-5,0.30699999999999994,0.5872523687443223,0.8556288707523761
0.57,1.0,5.205072441521054,-170.1344436960056,-170.1344436960056,7.53e-5,0.30699999999999994,0.5872523687443223,0.8556288707523761
0.57,1.0,4.444131323874558,-169.75397313718236,-169.75397313718236,7.53e-5,0.30699999999999994,0.5872523687443223,0.8556288707523761
0.57,1.0,3.9241582600807874,-169.49398660528547,-169.49398660528547,7.53e-5,0.30699999999999994,0.5872523687443223,0.8556288707523761
0.57,1.0,3.6510057633794304,-169.3574103569348,-169.3574103569348,7.53e-5,0.30699999999999994,0.5872523687443223,0.8556288707523761
0.57,1.0,3.630596513152909,-169.34720573182153,-169.34720573182153,7.53e-5,0.30699999999999994,0.5872523687443223,0.8556288707523761
0.57,1.0,3.8689240928896993,-169.46636952168993,-169.46636952168993,7.53e-5,0.30699999999999994,0.5872523687443223,0.8556288707523761
0.57,1.0,4.372053737588203,-169.71793434403918,-169.71793434403918,7.53e-5,0.30699999999999994,0.5872523687443223,0.8556288707523761
0.57,1.0,5.146123090711569,-170.10496902060086,-170.10496902060086,7.53e-5,0.30699999999999994,0.5872523687443223,0.8556288707523761
0.57,1.0,6.197342970797308,-170.63057896064373,-170.63057896064373,7.53e-5,0.30699999999999994,0.5872523687443223,0.8556288707523761
0.57,1.0,7.53199814785205,-171.2979065491711,-171.2979065491711,7.53e-5,0.30699999999999994,0.5872523687443223,0.8556288707523761
0.57,1.0,9.156448129638193,-172.11013154006417,-172.11013154006417,7.53e-5,0.30699999999999994,0.5872523687443223,0.8556288707523761
0.57,1.0,11.07712795796408,-173.07047145422712,-173.07047145422712,7.53e-5,0.30699999999999994,0.5872523687443223,0.8556288707523761
0.57,1.0,13.300549015116644,-174.1821819828034,-174.1821819828034,7.53e-5,0.30699999999999994,0.5872523687443223,0.8556288707523761
0.57,1.0,15.833299840537165,-175.44855739551366,-175.44855739551366,7.53e-5,0.30699999999999994,0.5872523687443223,0.8556288707523761
0.57,1.0,18.6820469578725,-176.87293095418133,-176.87293095418133,7.53e-5,0.30699999999999994,0.5872523687443223,0.8556288707523761
0.57,1.0,44.29204744959901,-189.67793120004458,-189.67793120004458,7.53e-5,0.30699999999999994,0.5872523687443223,0.8556288707523761
0.57,1.0,40.42930054160121,-187.74655774604568,-187.74655774604568,7.53e-5,0.30699999999999994,0.5872523687443223,0.8556288707523761
0.57,1.0,36.72406565489388,-185.89394030269202,-185.89394030269202,7.53e-5,0.30699999999999994,0.5872523687443223,0.8556288707523761
0.57,1.0,33.18119598091221,-184.12250546570118,-184.12250546570118,7.53e-5,0.30699999999999994,0.5872523687443223,0.8556288707523761
0.57,1.0,29.80560469329629,-182.43470982189322,-182.43470982189322,7.53e-5,0.30699999999999994,0.5872523687443223,0.8556288707523761
0.57,1.0,26.60226555409224,-180.8330402522912,-180.8330402522912,7.53e-5,0.30699999999999994,0.5872523687443223,0.8556288707523761
0.57,1.0,23.576213527903633,-179.3200142391969,-179.3200142391969,7.53e-5,0.30699999999999994,0.5872523687443223,0.8556288707523761
0.57,1.0,20.732545404042924,-177.89818017726654,-177.89818017726654,7.53e-5,0.30699999999999994,0.5872523687443223,0.8556288707523761
0.57,1.0,18.076420426781908,-176.57011768863603,-176.57011768863603,7.53e-5,0.30699999999999994,0.5872523687443223,0.8556288707523761
0.57,1.0,15.613060933815063,-175.3384379421526,-175.3384379421526,7.53e-5,0.30699999999999994,0.5872523687443223,0.8556288707523761
0.57,1.0,13.347753003005721,-174.20578397674794,-174.20578397674794,7.53e-5,0.30699999999999994,0.5872523687443223,0.8556288707523761
0.57,1.0,11.28584710752125,-173.1748310290057,-173.1748310290057,7.53e-5,0.30699999999999994,0.5872523687443223,0.8556288707523761
0.57,1.0,9.432758779451888,-172.24828686497102,-172.24828686497102,7.53e-5,0.30699999999999994,0.5872523687443223,0.8556288707523761
0.57,1.0,7.793969282011346,-171.42889211625075,-171.42889211625075,7.53e-5,0.30699999999999994,0.5872523687443223,0.8556288707523761
0.57,1.0,6.375026290421033,-170.7194206204556,-170.7194206204556,7.53e-5,0.30699999999999994,0.5872523687443223,0.8556288707523761
0.57,1.0,5.181544581574087,-170.12267976603212,-170.12267976603212,7.53e-5,0.30699999999999994,0.5872523687443223,0.8556288707523761
0.57,1.0,4.219206732586258,-169.6415108415382,-169.6415108415382,7.53e-5,0.30699999999999994,0.5872523687443223,0.8556288707523761
0.57,1.0,3.493763828330998,-169.27878938941058,-169.27878938941058,7.53e-5,0.30699999999999994,0.5872523687443223,0.8556288707523761
0.57,1.0,3.0110361780750736,-169.03742556428261,-169.03742556428261,7.53e-5,0.30699999999999994,0.5872523687443223,0.8556288707523761
0.57,1.0,2.7769140413072364,-168.9203644958987,-168.9203644958987,7.53e-5,0.30699999999999994,0.5872523687443223,0.8556288707523761
0.57,1.0,2.7973583628788674,-168.9305866566845,-168.9305866566845,7.53e-5,0.30699999999999994,0.5872523687443223,0.8556288707523761
0.57,1.0,3.078401517563975,-169.07110823402707,-169.07110823402707,7.53e-5,0.30699999999999994,0.5872523687443223,0.8556288707523761
0.57,1.0,3.626148064144843,-169.3449815073175,-169.3449815073175,7.53e-5,0.30699999999999994,0.5872523687443223,0.8556288707523761
0.57,1.0,4.446775509140139,-169.75529522981515,-169.75529522981515,7.53e-5,0.30699999999999994,0.5872523687443223,0.8556288707523761
0.57,1.0,5.5465350802940065,-170.30517501539208,-170.30517501539208,7.53e-5,0.30699999999999994,0.5872523687443223,0.8556288707523761
0.57,1.0,6.931752509930789,-170.99778373021047,-170.99778373021047,7.53e-5,0.30699999999999994,0.5872523687443223,0.8556288707523761
0.57,1.0,8.608828828304866,-171.8363218893975,-171.8363218893975,7.53e-5,0.30699999999999994,0.5872523687443223,0.8556288707523761
0.57,1.0,10.584241167054017,-172.8240280587721,-172.8240280587721,7.53e-5,0.30699999999999994,0.5872523687443223,0.8556288707523761
0.57,1.0,12.864543572890511,-173.96417926169033,-173.96417926169033,7.53e-5,0.30699999999999994,0.5872523687443223,0.8556288707523761
0.57,1.0,15.456367831636896,-175.26009139106353,-175.26009139106353,7.53e-5,0.30699999999999994,0.5872523687443223,0.8556288707523761
0.57,1.0,18.3664243027402,-176.71511962661518,-176.71511962661518,7.53e-5,0.30699999999999994,0.5872523687443223,0.8556288707523761
0.57,1.0,43.05810482874904,-189.0609598896196,-189.0609598896196,7.53e-5,0.30699999999999994,0.5872523687443223,0.8556288707523761
0.57,1.0,39.208310722032024,-187.1360628362611,-187.1360628362611,7.53e-5,0.30699999999999994,0.5872523687443223,0.8556288707523761
0.57,1.0,35.51720835547803,-185.2905116529841,-185.2905116529841,7.53e-5,0.30699999999999994,0.5872523687443223,0.8556288707523761
0.57,1.0,31.989680292610046,-183.5267476215501,-183.5267476215501,7.53e-5,0.30699999999999994,0.5872523687443223,0.8556288707523761
0.57,1.0,28.630669493354276,-181.84724222192222,-181.84724222192222,7.53e-5,0.30699999999999994,0.5872523687443223,0.8556288707523761
0.57,1.0,25.44517992541097,-180.25449743795056,-180.25449743795056,7.53e-5,0.30699999999999994,0.5872523687443223,0.8556288707523761
0.57,1.0,22.43827718363889,-178.75104606706452,-178.75104606706452,7.53e-5,0.30699999999999994,0.5872523687443223,0.8556288707523761
0.57,1.0,19.615089117526736,-177.33945203400845,-177.33945203400845,7.53e-5,0.30699999999999994,0.5872523687443223,0.8556288707523761
0.57,1.0,16.980806466832178,-176.02231070866117,-176.02231070866117,7.53e-5,0.30699999999999994,0.5872523687443223,0.8556288707523761
0.57,1.0,14.540683505508525,-174.80224922799934,-174.80224922799934,7.53e-5,0.30699999999999994,0.5872523687443223,0.8556288707523761
0.57,1.0,12.300038693995191,-173.68192682224267,-173.68192682224267,7.53e-5,0.30699999999999994,0.5872523687443223,0.8556288707523761
0.57,1.0,10.264255339972635,-172.6640351452314,-172.6640351452314,7.53e-5,0.30699999999999994,0.5872523687443223,0.8556288707523761
0.57,1.0,8.438782267680608,-171.75129860908538,-171.75129860908538,7.53e-5,0.30699999999999994,0.5872523687443223,0.8556288707523761
0.57,1.0,6.829134495902281,-170.94647472319622,-170.94647472319622,7.53e-5,0.30699999999999994,0.5872523687443223,0.8556288707523761
0.57,1.0,5.44089392470471,-170.25235443759743,-170.25235443759743,7.53e-5,0.30699999999999994,0.5872523687443223,0.8556288707523761
0.57,1.0,4.27971003104841,-169.67176249076928,-169.67176249076928,7.53e-5,0.30699999999999994,0.5872523687443223,0.8556288707523761
0.57,1.0,3.3513005733661885,-169.20755776192817,-169.20755776192817,7.53e-5,0.30699999999999994,0.5872523687443223,0.8556288707523761
0.57,1.0,2.661452305208968,-168.86263362784956,-168.86263362784956,7.53e-5,0.30699999999999994,0.5872523687443223,0.8556288707523761
0.57,1.0,2.2160216980757355,-168.63991832428295,-168.63991832428295,7.53e-5,0.30699999999999994,0.5872523687443223,0.8556288707523761
0.57,1.0,2.020935673528925,-168.54237531200954,-168.54237531200954,7.53e-5,0.30699999999999994,0.5872523687443223,0.8556288707523761
0.57,1.0,2.0821923447050494,-168.5730036475976,-168.5730036475976,7.53e-5,0.30699999999999994,0.5872523687443223,0.8556288707523761
0.57,1.0,2.405861767332965,-168.73483835891156,-168.73483835891156,7.53e-5,0.30699999999999994,0.5872523687443223,0.8556288707523761
0.57,1.0,2.998086700371857,-169.030950825431,-169.030950825431,7.53e-5,0.30699999999999994,0.5872523687443223,0.8556288707523761
0.57,1.0,3.865083376382131,-169.46444916343614,-169.46444916343614,7.53e-5,0.30699999999999994,0.5872523687443223,0.8556288707523761
0.57,1.0,5.01314228174374,-170.03847861611695,-170.03847861611695,7.53e-5,0.30699999999999994,0.5872523687443223,0.8556288707523761
0.57,1.0,6.4486289468421205,-170.75622194866614,-170.75622194866614,7.53e-5,0.30699999999999994,0.5872523687443223,0.8556288707523761
0.57,1.0,8.17798474634111,-171.62089984841563,-171.62089984841563,7.53e-5,0.30699999999999994,0.5872523687443223,0.8556288707523761
0.57,1.0,10.207727709654591,-172.63577133007237,-172.63577133007237,7.53e-5,0.30699999999999994,0.5872523687443223,0.8556288707523761
0.57,1.0,12.544453341749715,-173.80413414611994,-173.80413414611994,7.53e-5,0.30699999999999994,0.5872523687443223,0.8556288707523761
0.57,1.0,15.194835454406984,-175.12932520244857,-175.12932520244857,7.53e-5,0.30699999999999994,0.5872523687443223,0.8556288707523761
0.57,1.0,18.1656270080407,-176.61472097926543,-176.61472097926543,7.53e-5,0.30699999999999994,0.5872523687443223,0.8556288707523761
0.57,1.0,41.93616190305363,-188.4999884267719,-188.4999884267719,7.53e-5,0.30699999999999994,0.5872523687443223,0.8556288707523761
0.57,1.0,38.100017261655466,-186.5819161060728,-186.5819161060728,7.53e-5,0.30699999999999994,0.5872523687443223,0.8556288707523761
0.57,1.0,34.423715416752714,-184.74376518362143,-184.74376518362143,7.53e-5,0.30699999999999994,0.5872523687443223,0.8556288707523761
0.57,1.0,30.91216742000205,-182.9879911852461,-182.9879911852461,7.53e-5,0.30699999999999994,0.5872523687443223,0.8556288707523761
0.57,1.0,27.57034512272122,-181.3170800366057,-181.3170800366057,7.53e-5,0.30699999999999994,0.5872523687443223,0.8556288707523761
0.57,1.0,24.403281792316193,-179.73354837140317,-179.73354837140317,7.53e-5,0.30699999999999994,0.5872523687443223,0.8556288707523761
0.57,1.0,21.41607273680006,-178.2399438436451,-178.2399438436451,7.53e-5,0.30699999999999994,0.5872523687443223,0.8556288707523761
0.57,1.0,18.613875937465423,-176.8388454439778,-176.8388454439778,7.53e-5,0.30699999999999994,0.5872523687443223,0.8556288707523761
0.57,1.0,16.001912689802623,-175.5328638201464,-175.5328638201464,7.53e-5,0.30699999999999994,0.5872523687443223,0.8556288707523761
0.57,1.0,13.585468252776252,-174.3246416016332,-174.3246416016332,7.53e-5,0.30699999999999994,0.5872523687443223,0.8556288707523761
0.57,1.0,11.369892506547103,-173.21685372851863,-173.21685372851863,7.53e-5,0.30699999999999994,0.5872523687443223,0.8556288707523761
0.57,1.0,9.36060061872962,-172.2122077846099,-172.2122077846099,7.53e-5,0.30699999999999994,0.5872523687443223,0.8556288707523761
0.57,1.0,7.563073719294152,-171.31344433489215,-171.31344433489215,7.53e-5,0.30699999999999994,0.5872523687443223,0.8556288707523761
0.57,1.0,5.98285958420945,-170.5233372673498,-170.5233372673498,7.53e-5,0.30699999999999994,0.5872523687443223,0.8556288707523761
0.57,1.0,4.6255733279286915,-169.84469413920942,-169.84469413920942,7.53e-5,0.30699999999999994,0.5872523687443223,0.8556288707523761
0.57,1.0,3.4968981048193086,-169.28035652765473,-169.28035652765473,7.53e-5,0.30699999999999994,0.5872523687443223,0.8556288707523761
0.57,1.0,2.60258581964257,-168.83320038506636,-168.83320038506636,7.53e-5,0.30699999999999994,0.5872523687443223,0.8556288707523761
0.57,1.0,1.9484578471906389,-168.5061363988404,-168.5061363988404,7.53e-5,0.30699999999999994,0.5872523687443223,0.8556288707523761
0.57,1.0,1.5404057611870599,-168.3021103558386,-168.3021103558386,7.53e-5,0.30699999999999994,0.5872523687443223,0.8556288707523761
0.57,1.0,1.3843920725531689,-168.22410351152166,-168.22410351152166,7.53e-5,0.30699999999999994,0.5872523687443223,0.8556288707523761
0.57,1.0,1.4864509771678058,-168.27513296382898,-168.27513296382898,7.53e-5,0.30699999999999994,0.5872523687443223,0.8556288707523761
0.57,1.0,1.8526891132090668,-168.4582520318496,-168.4582520318496,7.53e-5,0.30699999999999994,0.5872523687443223,0.8556288707523761
0.57,1.0,2.4892863282163376,-168.77655063935325,-168.77655063935325,7.53e-5,0.30699999999999994,0.5872523687443223,0.8556288707523761
0.57,1.0,3.4024964559655473,-169.23315570322785,-169.23315570322785,7.53e-5,0.30699999999999994,0.5872523687443223,0.8556288707523761
0.57,1.0,4.598648103288326,-169.83123152688924,-169.83123152688924,7.53e-5,0.30699999999999994,0.5872523687443223,0.8556288707523761
0.57,1.0,6.084145446945399,-170.57398019871778,-170.57398019871778,7.53e-5,0.30699999999999994,0.5872523687443223,0.8556288707523761
0.57,1.0,7.865469040688595,-171.46464199558937,-171.46464199558937,7.53e-5,0.30699999999999994,0.5872523687443223,0.8556288707523761
0.57,1.0,9.949176632608442,-172.5064957915493,-172.5064957915493,7.53e-5,0.30699999999999994,0.5872523687443223,0.8556288707523761
0.57,1.0,12.341903992915604,-173.70285947170288,-173.70285947170288,7.53e-5,0.30699999999999994,0.5872523687443223,0.8556288707523761
0.57,1.0,15.050365752267169,-175.05709035137866,-175.05709035137866,7.53e-5,0.30699999999999994,0.5872523687443223,0.8556288707523761
0.57,1.0,18.08135625076403,-176.5725856006271,-176.5725856006271,7.53e-5,0.30699999999999994,0.5872523687443223,0.8556288707523761
0.57,1.0,40.927051569633704,-187.99543326006193,-187.99543326006193,7.53e-5,0.30699999999999994,0.5872523687443223,0.8556288707523761
0.57,1.0,37.105275205501584,-186.08454507799587,-186.08454507799587,7.53e-5,0.30699999999999994,0.5872523687443223,0.8556288707523761
0.57,1.0,33.444464531658014,-184.25413974107408,-184.25413974107408,7.53e-5,0.30699999999999994,0.5872523687443223,0.8556288707523761
0.57,1.0,29.94955821352721,-182.50668658200868,-182.50668658200868,7.53e-5,0.30699999999999994,0.5872523687443223,0.8556288707523761
0.57,1.0,26.625556108660987,-180.84468552957557,-180.84468552957557,7.53e-5,0.30699999999999994,0.5872523687443223,0.8556288707523761
0.57,1.0,23.477519888114614,-179.27066741930238,-179.27066741930238,7.53e-5,0.30699999999999994,0.5872523687443223,0.8556288707523761
0.57,1.0,20.5105736659915,-177.78719430824083,-177.78719430824083,7.53e-5,0.30699999999999994,0.5872523687443223,0.8556288707523761
0.57,1.0,17.729904637207085,-176.39685979384862,-176.39685979384862,7.53e-5,0.30699999999999994,0.5872523687443223,0.8556288707523761
0.57,1.0,15.140763723575674,-175.10228933703291,-175.10228933703291,7.53e-5,0.30699999999999994,0.5872523687443223,0.8556288707523761
0.57,1.0,12.748466228330756,-173.90614058941046,-173.90614058941046,7.53e-5,0.30699999999999994,0.5872523687443223,0.8556288707523761
0.57,1.0,10.558392499158458,-172.8111037248243,-172.8111037248243,7.53e-5,0.30699999999999994,0.5872523687443223,0.8556288707523761
0.57,1.0,8.575988599846141,-171.81990177516815,-171.81990177516815,7.53e-5,0.30699999999999994,0.5872523687443223,0.8556288707523761
0.57,1.0,6.806766990651681,-170.93529097057092,-170.93529097057092,7.53e-5,0.30699999999999994,0.5872523687443223,0.8556288707523761
0.57,1.0,5.256307217493315,-170.16006108399174,-170.16006108399174,7.53e-5,0.30699999999999994,0.5872523687443223,0.8556288707523761
0.57,1.0,3.9302566100546983,-169.49703578027243,-169.49703578027243,7.53e-5,0.30699999999999994,0.5872523687443223,0.8556288707523761
0.57,1.0,2.8343309889162356,-168.9490729697032,-168.9490729697032,7.53e-5,0.30699999999999994,0.5872523687443223,0.8556288707523761
0.57,1.0,1.9743153818211567,-168.51906516615566,-168.51906516615566,7.53e-5,0.30699999999999994,0.5872523687443223,0.8556288707523761
0.57,1.0,1.356064749173811,-168.20993984983198,-168.20993984983198,7.53e-5,0.30699999999999994,0.5872523687443223,0.8556288707523761
0.57,1.0,0.9855047188863182,-168.02465983468824,-168.02465983468824,7.53e-5,0.30699999999999994,0.5872523687443223,0.8556288707523761
0.57,1.0,0.8686323306781105,-167.96622364058413,-167.96622364058413,7.53e-5,0.30699999999999994,0.5872523687443223,0.8556288707523761
0.57,1.0,1.0115167899469952,-168.03766587021858,-168.03766587021858,7.53e-5,0.30699999999999994,0.5872523687443223,0.8556288707523761
0.57,1.0,1.4203002313163324,-168.24205759090324,-168.24205759090324,7.53e-5,0.30699999999999994,0.5872523687443223,0.8556288707523761
0.57,1.0,2.1011984919791757,-168.58250672123467,-168.58250672123467,7.53e-5,0.30699999999999994,0.5872523687443223,0.8556288707523761
0.57,1.0,3.0605018949547116,-169.06215842272243,-169.06215842272243,7.53e-5,0.30699999999999994,0.5872523687443223,0.8556288707523761
0.57,1.0,4.304576042369661,-169.6841954964299,-169.6841954964299,7.53e-5,0.30699999999999994,0.5872523687443223,0.8556288707523761
0.57,1.0,5.839862618892312,-170.45183878469123,-170.45183878469123,7.53e-5,0.30699999999999994,0.5872523687443223,0.8556288707523761
0.57,1.0,7.6728802054364,-171.36834757796328,-171.36834757796328,7.53e-5,0.30699999999999994,0.5872523687443223,0.8556288707523761
0.57,1.0,9.810225103251412,-172.43702002687078,-172.43702002687078,7.53e-5,0.30699999999999994,0.5872523687443223,0.8556288707523761
0.57,1.0,12.258572168542628,-173.6611935595164,-173.6611935595164,7.53e-5,0.30699999999999994,0.5872523687443223,0.8556288707523761
0.57,1.0,15.024675657722184,-175.04424530410617,-175.04424530410617,7.53e-5,0.30699999999999994,0.5872523687443223,0.8556288707523761
0.57,1.0,18.11537008343811,-176.58959251696413,-176.58959251696413,7.53e-5,0.30699999999999994,0.5872523687443223,0.8556288707523761
0.57,1.0,40.031598829025086,-187.54770688975762,-187.54770688975762,7.53e-5,0.30699999999999994,0.5872523687443223,0.8556288707523761
0.57,1.0,36.224932883201404,-185.64437391684578,-185.64437391684578,7.53e-5,0.30699999999999994,0.5872523687443223,0.8556288707523761
0.57,1.0,32.580327904656315,-183.82207142757323,-183.82207142757323,7.53e-5,0.30699999999999994,0.5872523687443223,0.8556288707523761
0.57,1.0,29.102749308468447,-182.0832821294793,-182.0832821294793,7.53e-5,0.30699999999999994,0.5872523687443223,0.8556288707523761
0.57,1.0,25.797224083659728,-180.43051951707494,-180.43051951707494,7.53e-5,0.30699999999999994,0.5872523687443223,0.8556288707523761
0.57,1.0,22.66884141941813,-178.86632818495414,-178.86632818495414,7.53e-5,0.30699999999999994,0.5872523687443223,0.8556288707523761
0.57,1.0,19.722753339557073,-177.3932841450236,-177.3932841450236,7.53e-5,0.30699999999999994,0.5872523687443223,0.8556288707523761
0.57,1.0,16.964175345271315,-176.01399514788073,-176.01399514788073,7.53e-5,0.30699999999999994,0.5872523687443223,0.8556288707523761
0.57,1.0,14.398387066279327,-174.73110100838474,-174.73110100838474,7.53e-5,0.30699999999999994,0.5872523687443223,0.8556288707523761
0.57,1.0,12.030732920473667,-173.5472739354819,-173.5472739354819,7.53e-5,0.30699999999999994,0.5872523687443223,0.8556288707523761
0.57,1.0,9.866622782158174,-172.46521886632416,-172.46521886632416,7.53e-5,0.30699999999999994,0.5872523687443223,0.8556288707523761
0.57,1.0,7.911532658975602,-171.48767380473288,-171.48767380473288,7.53e-5,0.30699999999999994,0.5872523687443223,0.8556288707523761
0.57,1.0,6.1710053776295695,-170.61741016405986,-170.61741016405986,7.53e-5,0.30699999999999994,0.5872523687443223,0.8556288707523761
0.57,1.0,4.6506512785015275,-169.85723311449584,-169.85723311449584,7.53e-5,0.30699999999999994,0.5872523687443223,0.8556288707523761
0.57,1.0,3.3561489192586578,-169.2099819348744,-169.2099819348744,7.53e-5,0.30699999999999994,0.5872523687443223,0.8556288707523761
0.57,1.0,2.293245787576211,-168.67853036903318,-168.67853036903318,7.53e-5,0.30699999999999994,0.5872523687443223,0.8556288707523761
0.57,1.0,1.4677590230601822,-168.26578698677517,-168.26578698677517,7.53e-5,0.30699999999999994,0.5872523687443223,0.8556288707523761
0.57,1.0,0.8855761484887807,-167.97469554948947,-167.97469554948947,7.53e-5,0.30699999999999994,0.5872523687443223,0.8556288707523761
0.57,1.0,0.552655810483202,-167.80823538048668,-167.80823538048668,7.53e-5,0.30699999999999994,0.5872523687443223,0.8556288707523761
0.57,1.0,0.47502852971479115,-167.76942174010247,-167.76942174010247,7.53e-5,0.30699999999999994,0.5872523687443223,0.8556288707523761
0.57,1.0,0.65879746076223,-167.8613062056262,-167.8613062056262,7.53e-5,0.30699999999999994,0.5872523687443223,0.8556288707523761
0.57,1.0,1.110139161733457,-168.0869770561118,-168.0869770561118,7.53e-5,0.30699999999999994,0.5872523687443223,0.8556288707523761
0.57,1.0,1.8353043737703842,-168.44955966213027,-168.44955966213027,7.53e-5,0.30699999999999994,0.5872523687443223,0.8556288707523761
0.57,1.0,2.840618810545891,-168.95221688051802,-168.95221688051802,7.53e-5,0.30699999999999994,0.5872523687443223,0.8556288707523761
0.57,1.0,4.132483957883949,-169.59814945418705,-169.59814945418705,7.53e-5,0.30699999999999994,0.5872523687443223,0.8556288707523761
0.57,1.0,5.717377883612073,-170.3905964170511,-170.3905964170511,7.53e-5,0.30699999999999994,0.5872523687443223,0.8556288707523761
0.57,1.0,7.601856057779116,-171.33283550413464,-171.33283550413464,7.53e-5,0.30699999999999994,0.5872523687443223,0.8556288707523761
0.57,1.0,9.792552183349983,-172.42818356692007,-172.42818356692007,7.53e-5,0.30699999999999994,0.5872523687443223,0.8556288707523761
0.57,1.0,12.296179037518982,-173.67999699400457,-173.67999699400457,7.53e-5,0.30699999999999994,0.5872523687443223,0.8556288707523761
0.57,1.0,15.119529323754705,-175.09167213712243,-175.09167213712243,7.53e-5,0.30699999999999994,0.5872523687443223,0.8556288707523761
0.57,1.0,18.26947653470961,-176.66664574259988,-176.66664574259988,7.53e-5,0.30699999999999994,0.5872523687443223,0.8556288707523761
0.57,1.0,39.25061824527711,-187.15721659788363,-187.15721659788363,7.53e-5,0.30699999999999994,0.5872523687443223,0.8556288707523761
0.57,1.0,35.45982926608423,-185.2618221082872,-185.2618221082872,7.53e-5,0.30699999999999994,0.5872523687443223,0.8556288707523761
0.57,1.0,31.83216950248095,-183.44799222648555,-183.44799222648555,7.53e-5,0.30699999999999994,0.5872523687443223,0.8556288707523761
0.57,1.0,28.37263026591205,-181.7182226082011,-181.7182226082011,7.53e-5,0.30699999999999994,0.5872523687443223,0.8556288707523761
0.57,1.0,25.08626481306686,-180.0750398817785,-180.0750398817785,7.53e-5,0.30699999999999994,0.5872523687443223,0.8556288707523761
0.57,1.0,21.978188976852607,-178.52100196367138,-178.52100196367138,7.53e-5,0.30699999999999994,0.5872523687443223,0.8556288707523761
0.57,1.0,19.05358180566168,-177.05869837807592,-177.05869837807592,7.53e-5,0.30699999999999994,0.5872523687443223,0.8556288707523761
0.57,1.0,16.317686211011164,-175.69075058075066,-175.69075058075066,7.53e-5,0.30699999999999994,0.5872523687443223,0.8556288707523761
0.57,1.0,13.775809623632995,-174.41981228706157,-174.41981228706157,7.53e-5,0.30699999999999994,0.5872523687443223,0.8556288707523761
0.57,1.0,11.433324658147058,-173.2485698043186,-173.2485698043186,7.53e-5,0.30699999999999994,0.5872523687443223,0.8556288707523761
0.57,1.0,9.295669786391386,-172.17974236844077,-172.17974236844077,7.53e-5,0.30699999999999994,0.5872523687443223,0.8556288707523761
0.57,1.0,7.368350019514651,-171.2160824850024,-171.2160824850024,7.53e-5,0.30699999999999994,0.5872523687443223,0.8556288707523761
0.57,1.0,5.656937598937532,-170.36037627471384,-170.36037627471384,7.53e-5,0.30699999999999994,0.5872523687443223,0.8556288707523761
0.57,1.0,4.167072696282048,-169.6154438233861,-169.6154438233861,7.53e-5,0.30699999999999994,0.5872523687443223,0.8556288707523761
0.57,1.0,2.9044641223736676,-168.9841395364319,-168.9841395364319,7.53e-5,0.30699999999999994,0.5872523687443223,0.8556288707523761
0.57,1.0,1.8748900454227737,-168.46935249795646,-168.46935249795646,7.53e-5,0.30699999999999994,0.5872523687443223,0.8556288707523761
0.57,1.0,1.0841987184953155,-168.07400683449274,-168.07400683449274,7.53e-5,0.30699999999999994,0.5872523687443223,0.8556288707523761
0.57,1.0,0.5383092163724541,-167.8010620834313,-167.8010620834313,7.53e-5,0.30699999999999994,0.5872523687443223,0.8556288707523761
0.57,1.0,0.2432121819273334,-167.65351356620874,-167.65351356620874,7.53e-5,0.30699999999999994,0.5872523687443223,0.8556288707523761
0.57,1.0,0.20497058211014973,-167.63439276630015,-167.63439276630015,7.53e-5,0.30699999999999994,0.5872523687443223,0.8556288707523761
0.57,1.0,0.4297204736727167,-167.74676771208144,-167.74676771208144,7.53e-5,0.30699999999999994,0.5872523687443223,0.8556288707523761
0.57,1.0,0.9236717787327962,-167.99374336461148,-167.99374336461148,7.53e-5,0.30699999999999994,0.5872523687443223,0.8556288707523761
0.57,1.0,1.6931090703140512,-168.3784620104021,-168.3784620104021,7.53e-5,0.30699999999999994,0.5872523687443223,0.8556288707523761
0.57,1.0,2.7443923679542763,-168.90410365922222,-168.90410365922222,7.53e-5,0.30699999999999994,0.5872523687443223,0.8556288707523761
0.57,1.0,4.083957943531857,-169.573886447011,-169.573886447011,7.53e-5,0.30699999999999994,0.5872523687443223,0.8556288707523761
0.57,1.0,5.718319137401693,-170.39106704394592,-170.39106704394592,7.53e-5,0.30699999999999994,0.5872523687443223,0.8556288707523761
0.57,1.0,7.6540671849975865,-171.35894106774387,-171.35894106774387,7.53e-5,0.30699999999999994,0.5872523687443223,0.8556288707523761
0.57,1.0,9.897872053987271,-172.4808435022387,-172.4808435022387,7.53e-5,0.30699999999999994,0.5872523687443223,0.8556288707523761
0.57,1.0,12.456483292147652,-173.7601491213189,-173.7601491213189,7.53e-5,0.30699999999999994,0.5872523687443223,0.8556288707523761
0.57,1.0,15.336730886060195,-175.20027291827518,-175.20027291827518,7.53e-5,0.30699999999999994,0.5872523687443223,0.8556288707523761
0.57,1.0,18.545526130760834,-176.8046705406255,-176.8046705406255,7.53e-5,0.30699999999999994,0.5872523687443223,0.8556288707523761
0.57,1.0,38.58491112622221,-186.82436303835618,-186.82436303835618,7.53e-5,0.30699999999999994,0.5872523687443223,0.8556288707523761
0.57,1.0,34.810791036620856,-184.9373029935555,-184.9373029935555,7.53e-5,0.30699999999999994,0.5872523687443223,0.8556288707523761
0.57,1.0,31.200842009311543,-183.13232847990085,-183.13232847990085,7.53e-5,0.30699999999999994,0.5872523687443223,0.8556288707523761
0.57,1.0,27.76008041012392,-181.41194768030704,-181.41194768030704,7.53e-5,0.30699999999999994,0.5872523687443223,0.8556288707523761
0.57,1.0,24.493584911066137,-179.77869993077815,-179.77869993077815,7.53e-5,0.30699999999999994,0.5872523687443223,0.8556288707523761
0.57,1.0,21.406497125930287,-178.23515603821022,-178.23515603821022,7.53e-5,0.30699999999999994,0.5872523687443223,0.8556288707523761
0.57,1.0,18.504022254276947,-176.78391860238355,-176.78391860238355,7.53e-5,0.30699999999999994,0.5872523687443223,0.8556288707523761
0.57,1.0,15.79142973383864,-175.4276223421644,-175.4276223421644,7.53e-5,0.30699999999999994,0.5872523687443223,0.8556288707523761
0.57,1.0,13.274053901462366,-174.16893442597626,-174.16893442597626,7.53e-5,0.30699999999999994,0.5872523687443223,0.8556288707523761
0.57,1.0,10.957294662687616,-173.01055480658889,-173.01055480658889,7.53e-5,0.30699999999999994,0.5872523687443223,0.8556288707523761
0.57,1.0,8.84661817006554,-171.95521656027785,-171.95521656027785,7.53e-5,0.30699999999999994,0.5872523687443223,0.8556288707523761
0.57,1.0,6.9475575103030565,-171.0056862303966,-171.0056862303966,7.53e-5,0.30699999999999994,0.5872523687443223,0.8556288707523761
0.57,1.0,5.26571340035008,-170.16476417542012,-170.16476417542012,7.53e-5,0.30699999999999994,0.5872523687443223,0.8556288707523761
0.57,1.0,3.806754892529341,-169.43528492150975,-169.43528492150975,7.53e-5,0.30699999999999994,0.5872523687443223,0.8556288707523761
0.57,1.0,2.5764200888110054,-168.82011751965058,-168.82011751965058,7.53e-5,0.30699999999999994,0.5872523687443223,0.8556288707523761
0.57,1.0,1.5805168643447018,-168.32216590741743,-168.32216590741743,7.53e-5,0.30699999999999994,0.5872523687443223,0.8556288707523761
0.57,1.0,0.8249236003513829,-167.94436927542077,-167.94436927542077,7.53e-5,0.30699999999999994,0.5872523687443223,0.8556288707523761
0.57,1.0,0.31558992649001993,-167.6897024384901,-167.6897024384901,7.53e-5,0.30699999999999994,0.5872523687443223,0.8556288707523761
0.57,1.0,0.05853747280849575,-167.56117621164933,-167.56117621164933,7.53e-5,0.30699999999999994,0.5872523687443223,0.8556288707523761
0.57,1.0,0.05986063139118869,-167.56183779094067,-167.56183779094067,7.53e-5,0.30699999999999994,0.5872523687443223,0.8556288707523761
0.57,1.0,0.3257273278225057,-167.69477113915633,-167.69477113915633,7.53e-5,0.30699999999999994,0.5872523687443223,0.8556288707523761
0.57,1.0,0.8623798025687961,-167.96309737652948,-167.96309737652948,7.53e-5,0.30699999999999994,0.5872523687443223,0.8556288707523761
0.57,1.0,1.6761354024252455,-168.3699751764577,-168.3699751764577,7.53e-5,0.30699999999999994,0.5872523687443223,0.8556288707523761
0.57,1.0,2.7733873821072734,-168.9186011662987,-168.9186011662987,7.53e-5,0.30699999999999994,0.5872523687443223,0.8556288707523761
0.57,1.0,4.160605716147359,-169.61221033331876,-169.61221033331876,7.53e-5,0.30699999999999994,0.5872523687443223,0.8556288707523761
0.57,1.0,5.844337921190288,-170.45407643584022,-170.45407643584022,7.53e-5,0.30699999999999994,0.5872523687443223,0.8556288707523761
0.57,1.0,7.831209888834167,-171.44751241966216,-171.44751241966216,7.53e-5,0.30699999999999994,0.5872523687443223,0.8556288707523761
0.57,1.0,10.12792672912235,-172.59587083980625,-172.59587083980625,7.53e-5,0.30699999999999994,0.5872523687443223,0.8556288707523761
0.57,1.0,12.74127362483415,-173.90254428766215,-173.90254428766215,7.53e-5,0.30699999999999994,0.5872523687443223,0.8556288707523761
0.57,1.0,15.678116696691234,-175.3709658235907,-175.3709658235907,7.53e-5,0.30699999999999994,0.5872523687443223,0.8556288707523761
0.57,1.0,18.945403879614105,-177.00460941505213,-177.00460941505213,7.53e-5,0.30699999999999994,0.5872523687443223,0.8556288707523761
0.57,1.0,38.03526243784404,-186.5495386941671,-186.5495386941671,7.53e-5,0.30699999999999994,0.5872523687443223,0.8556288707523761
0.57,1.0,34.27862938476261,-184.67122216762638,-184.67122216762638,7.53e-5,0.30699999999999994,0.5872523687443223,0.8556288707523761
0.57,1.0,30.68718350155052,-182.87549922602034,-182.87549922602034,7.53e-5,0.30699999999999994,0.5872523687443223,0.8556288707523761
0.57,1.0,27.26596537817676,-181.16489016433346,-181.16489016433346,7.53e-5,0.30699999999999994,0.5872523687443223,0.8556288707523761
0.57,1.0,24.020078261468143,-179.54194660597915,-179.54194660597915,7.53e-5,0.30699999999999994,0.5872523687443223,0.8556288707523761
0.57,1.0,20.95468869525729,-178.00925182287372,-178.00925182287372,7.53e-5,0.30699999999999994,0.5872523687443223,0.8556288707523761
0.57,1.0,18.075027168960844,-176.5694210597255,-176.5694210597255,7.53e-5,0.30699999999999994,0.5872523687443223,0.8556288707523761
0.57,1.0,15.386388774660588,-175.22510186257537,-175.22510186257537,7.53e-5,0.30699999999999994,0.5872523687443223,0.8556288707523761
0.57,1.0,12.89413387277716,-173.97897441163366,-173.97897441163366,7.53e-5,0.30699999999999994,0.5872523687443223,0.8556288707523761
0.57,1.0,10.603688766454866,-172.8337518584725,-172.8337518584725,7.53e-5,0.30699999999999994,0.5872523687443223,0.8556288707523761
0.57,1.0,8.520546384754141,-171.79218066762215,-171.79218066762215,7.53e-5,0.30699999999999994,0.5872523687443223,0.8556288707523761
0.57,1.0,6.650266974736667,-170.8570409626134,-170.8570409626134,7.53e-5,0.30699999999999994,0.5872523687443223,0.8556288707523761
0.57,1.0,4.998478802568059,-170.0311468765291,-170.0311468765291,7.53e-5,0.30699999999999994,0.5872523687443223,0.8556288707523761
0.57,1.0,3.5708788637332987,-169.31734690711173,-169.31734690711173,7.53e-5,0.30699999999999994,0.5872523687443223,0.8556288707523761
0.57,1.0,2.373233602468929,-168.71852427647954,-168.71852427647954,7.53e-5,0.30699999999999994,0.5872523687443223,0.8556288707523761
0.57,1.0,1.411379640525979,-168.23759729550807,-168.23759729550807,7.53e-5,0.30699999999999994,0.5872523687443223,0.8556288707523761
0.57,1.0,0.6912245153706635,-167.8775197329304,-167.8775197329304,7.53e-5,0.30699999999999994,0.5872523687443223,0.8556288707523761
0.57,1.0,0.2187474279284629,-167.6412811892093,-167.6412811892093,7.53e-5,0.30699999999999994,0.5872523687443223,0.8556288707523761
0.57,1.0,0.0,-167.53190747524508,-167.53190747524508,7.53e-5,0.30699999999999994,0.5872523687443223,0.8556288707523761
0.57,1.0,0.04110704143579369,-167.55246099596297,-167.55246099596297,7.53e-5,0.30699999999999994,0.5872523687443223,0.8556288707523761
0.57,1.0,0.3482673272217198,-167.70604113885594,-167.70604113885594,7.53e-5,0.30699999999999994,0.5872523687443223,0.8556288707523761
0.57,1.0,0.9277543845531682,-167.99578466752166,-167.99578466752166,7.53e-5,0.30699999999999994,0.5872523687443223,0.8556288707523761
0.57,1.0,1.7859172900539875,-168.42486612027207,-168.42486612027207,7.53e-5,0.30699999999999994,0.5872523687443223,0.8556288707523761
0.57,1.0,2.9291814772284965,-168.99649821385933,-168.99649821385933,7.53e-5,0.30699999999999994,0.5872523687443223,0.8556288707523761
0.57,1.0,4.364049554294297,-169.71393225239223,-169.71393225239223,7.53e-5,0.30699999999999994,0.5872523687443223,0.8556288707523761
0.57,1.0,6.097102132504006,-170.58045854149708,-170.58045854149708,7.53e-5,0.30699999999999994,0.5872523687443223,0.8556288707523761
0.57,1.0,8.134998665094088,-171.59940680779212,-171.59940680779212,7.53e-5,0.30699999999999994,0.5872523687443223,0.8556288707523761
0.57,1.0,10.484478296970337,-172.77414662373025,-172.77414662373025,7.53e-5,0.30699999999999994,0.5872523687443223,0.8556288707523761
0.57,1.0,13.15236072528188,-174.10808783788602,-174.10808783788602,7.53e-5,0.30699999999999994,0.5872523687443223,0.8556288707523761
0.57,1.0,16.145547071000465,-175.6046810107453,-175.6046810107453,7.53e-5,0.30699999999999994,0.5872523687443223,0.8556288707523761
0.57,1.0,19.471020761634918,-177.26741785606254,-177.26741785606254,7.53e-5,0.30699999999999994,0.5872523687443223,0.8556288707523761
0.57,1.0,37.60243746808595,-186.33312620928805,-186.33312620928805,7.53e-5,0.30699999999999994,0.5872523687443223,0.8556288707523761
0.57,1.0,33.86413654710026,-184.4639757487952,-184.4639757487952,7.53e-5,0.30699999999999994,0.5872523687443223,0.8556288707523761
0.57,1.0,30.292013858779683,-182.67791440463492,-182.67791440463492,7.53e-5,0.30699999999999994,0.5872523687443223,0.8556288707523761
0.57,1.0,26.891133399052023,-180.9774741747711,-180.9774741747711,7.53e-5,0.30699999999999994,0.5872523687443223,0.8556288707523761
0.57,1.0,23.666622161251667,-179.3652185558709,-179.3652185558709,7.53e-5,0.30699999999999994,0.5872523687443223,0.8556288707523761
0.57,1.0,20.62367078070031,-177.84374286559523,-177.84374286559523,7.53e-5,0.30699999999999994,0.5872523687443223,0.8556288707523761
0.57,1.0,17.767534187786282,-176.41567456913822,-176.41567456913822,7.53e-5,0.30699999999999994,0.5872523687443223,0.8556288707523761
0.57,1.0,15.103532269607399,-175.08367361004878,-175.08367361004878,7.53e-5,0.30699999999999994,0.5872523687443223,0.8556288707523761
0.57,1.0,12.637050540274174,-173.85043274538216,-173.85043274538216,7.53e-5,0.30699999999999994,0.5872523687443223,0.8556288707523761
0.57,1.0,10.373540819992172,-172.71867788524116,-172.71867788524116,7.53e-5,0.30699999999999994,0.5872523687443223,0.8556288707523761
0.57,1.0,8.318521923015055,-171.6911684367526,-171.6911684367526,7.53e-5,0.30699999999999994,0.5872523687443223,0.8556288707523761
0.57,1.0,6.477580354565589,-170.77069765252787,-170.77069765252787,7.53e-5,0.30699999999999994,0.5872523687443223,0.8556288707523761
0.57,1.0,4.85637101683534,-169.96009298366275,-169.96009298366275,7.53e-5,0.30699999999999994,0.5872523687443223,0.8556288707523761
0.57,1.0,3.4606179241766313,-169.2622164373334,-169.2622164373334,7.53e-5,0.30699999999999994,0.5872523687443223,0.8556288707523761
0.57,1.0,2.296114927570329,-168.67996493903024,-168.67996493903024,7.53e-5,0.30699999999999994,0.5872523687443223,0.8556288707523761
0.57,1.0,1.3687264485106994,-168.21627069950043,-168.21627069950043,7.53e-5,0.30699999999999994,0.5872523687443223,0.8556288707523761
0.57,1.0,0.6843882223870992,-167.87410158643863,-167.87410158643863,7.53e-5,0.30699999999999994,0.5872523687443223,0.8556288707523761
0.57,1.0,0.24910805149664839,-167.6564615009934,-167.6564615009934,7.53e-5,0.30699999999999994,0.5872523687443223,0.8556288707523761
0.57,1.0,0.06896656778832266,-167.56639075913924,-167.56639075913924,7.53e-5,0.30699999999999994,0.5872523687443223,0.8556288707523761
0.57,1.0,0.15011800545994447,-167.60696647797505,-167.60696647797505,7.53e-5,0.30699999999999994,0.5872523687443223,0.8556288707523761
0.57,1.0,0.4987909835234632,-167.7813029670068,-167.7813029670068,7.53e-5,0.30699999999999994,0.5872523687443223,0.8556288707523761
0.57,1.0,1.1212892984553378,-168.09255212447275,-168.09255212447275,7.53e-5,0.30699999999999994,0.5872523687443223,0.8556288707523761
0.57,1.0,2.0239927270559406,-168.54390383877305,-168.54390383877305,7.53e-5,0.30699999999999994,0.5872523687443223,0.8556288707523761
0.57,1.0,3.213357839630703,-169.13858639506043,-169.13858639506043,7.53e-5,0.30699999999999994,0.5872523687443223,0.8556288707523761
0.57,1.0,4.695918823633292,-169.87986688706172,-169.87986688706172,7.53e-5,0.30699999999999994,0.5872523687443223,0.8556288707523761
0.57,1.0,6.478288317873478,-170.77105163418182,-170.77105163418182,7.53e-5,0.30699999999999994,0.5872523687443223,0.8556288707523761
0.57,1.0,8.567158257441122,-171.81548660396564,-171.81548660396564,7.53e-5,0.30699999999999994,0.5872523687443223,0.8556288707523761
0.57,1.0,10.969300729451845,-173.016557839971,-173.016557839971,7.53e-5,0.30699999999999994,0.5872523687443223,0.8556288707523761
0.57,1.0,13.691568839763192,-174.37769189512667,-174.37769189512667,7.53e-5,0.30699999999999994,0.5872523687443223,0.8556288707523761
0.57,1.0,16.740897590782936,-175.90235627063655,-175.90235627063655,7.53e-5,0.30699999999999994,0.5872523687443223,0.8556288707523761
0.57,1.0,20.124304770506512,-177.59405986049833,-177.59405986049833,7.53e-5,0.30699999999999994,0.5872523687443223,0.8556288707523761
0.57,1.0,37.28717825663057,-186.17549660356036,-186.17549660356036,7.53e-5,0.30699999999999994,0.5872523687443223,0.8556288707523761
0.57,1.0,33.56808210605175,-184.31594852827095,-184.31594852827095,7.53e-5,0.30699999999999994,0.5872523687443223,0.8556288707523761
0.57,1.0,30.016130928741063,-182.5399729396156,-182.5399729396156,7.53e-5,0.30699999999999994,0.5872523687443223,0.8556288707523761
0.57,1.0,26.636411320742525,-180.85011313561634,-180.85011313561634,7.53e-5,0.30699999999999994,0.5872523687443223,0.8556288707523761
0.57,1.0,23.434073206028415,-179.24894407825929,-179.24894407825929,7.53e-5,0.30699999999999994,0.5872523687443223,0.8556288707523761
0.57,1.0,20.41433048541421,-177.73907271795218,-177.73907271795218,7.53e-5,0.30699999999999994,0.5872523687443223,0.8556288707523761
0.57,1.0,17.58246169403128,-176.32313832226072,-176.32313832226072,7.53e-5,0.30699999999999994,0.5872523687443223,0.8556288707523761
0.57,1.0,14.94381066742767,-175.0038128089589,-175.0038128089589,7.53e-5,0.30699999999999994,0.5872523687443223,0.8556288707523761
0.57,1.0,12.503787216392823,-173.7838010834415,-173.7838010834415,7.53e-5,0.30699999999999994,0.5872523687443223,0.8556288707523761
0.57,1.0,10.267867810629582,-172.66584138055987,-172.66584138055987,7.53e-5,0.30699999999999994,0.5872523687443223,0.8556288707523761
0.57,1.0,8.241596271356798,-171.65270561092348,-171.65270561092348,7.53e-5,0.30699999999999994,0.5872523687443223,0.8556288707523761
0.57,1.0,6.430584472955047,-170.7471997117226,-170.7471997117226,7.53e-5,0.30699999999999994,0.5872523687443223,0.8556288707523761
0.57,1.0,4.840513053752659,-169.9521640021214,-169.9521640021214,7.53e-5,0.30699999999999994,0.5872523687443223,0.8556288707523761
0.57,1.0,3.477132136070054,-169.2704735432801,-169.2704735432801,7.53e-5,0.30699999999999994,0.5872523687443223,0.8556288707523761
0.57,1.0,2.3462620556245497,-168.70503850305735,-168.70503850305735,7.53e-5,0.30699999999999994,0.5872523687443223,0.8556288707523761
0.57,1.0,1.4537941004016375,-168.2588045254459,-168.2588045254459,7.53e-5,0.30699999999999994,0.5872523687443223,0.8556288707523761
0.57,1.0,0.8056912591114838,-167.93475310480082,-167.93475310480082,7.53e-5,0.30699999999999994,0.5872523687443223,0.8556288707523761
0.57,1.0,0.40798897933848366,-167.73590196491432,-167.73590196491432,7.53e-5,0.30699999999999994,0.5872523687443223,0.8556288707523761
0.57,1.0,0.26679593550403524,-167.6653054429971,-167.6653054429971,7.53e-5,0.30699999999999994,0.5872523687443223,0.8556288707523761
0.57,1.0,0.3882948067474672,-167.7260548786188,-167.7260548786188,7.53e-5,0.30699999999999994,0.5872523687443223,0.8556288707523761
0.57,1.0,0.7787430648599525,-167.92127900767505,-167.92127900767505,7.53e-5,0.30699999999999994,0.5872523687443223,0.8556288707523761
0.57,1.0,1.4444737723707703,-168.25414436143046,-168.25414436143046,7.53e-5,0.30699999999999994,0.5872523687443223,0.8556288707523761
0.57,1.0,2.3918963909274567,-168.7278556707088,-168.7278556707088,7.53e-5,0.30699999999999994,0.5872523687443223,0.8556288707523761
0.57,1.0,3.6274976000730135,-169.34565627528158,-169.34565627528158,7.53e-5,0.30699999999999994,0.5872523687443223,0.8556288707523761
0.57,1.0,5.157842126563025,-170.1108285385266,-170.1108285385266,7.53e-5,0.30699999999999994,0.5872523687443223,0.8556288707523761
0.57,1.0,6.989573584330458,-171.0266942674103,-171.0266942674103,7.53e-5,0.30699999999999994,0.5872523687443223,0.8556288707523761
0.57,1.0,9.12941532524951,-172.09661513786983,-172.09661513786983,7.53e-5,0.30699999999999994,0.5872523687443223,0.8556288707523761
0.57,1.0,11.584171300796527,-173.32399312564334,-173.32399312564334,7.53e-5,0.30699999999999994,0.5872523687443223,0.8556288707523761
0.57,1.0,14.360726934777006,-174.71227094263358,-174.71227094263358,7.53e-5,0.30699999999999994,0.5872523687443223,0.8556288707523761
0.57,1.0,17.46605000722036,-176.26493247885526,-176.26493247885526,7.53e-5,0.30699999999999994,0.5872523687443223,0.8556288707523761
0.57,1.0,20.907191549588617,-177.9855032500394,-177.9855032500394,7.53e-5,0.30699999999999994,0.5872523687443223,0.8556288707523761
0.57,1.0,37.090199808394914,-186.07700737944253,-186.07700737944253,7.53e-5,0.30699999999999994,0.5872523687443223,0.8556288707523761
0.57,1.0,33.39120906741857,-184.22751200895436,-184.22751200895436,7.53e-5,0.30699999999999994,0.5872523687443223,0.8556288707523761
0.57,1.0,29.860306465338056,-182.4620607079141,-182.4620607079141,7.53e-5,0.30699999999999994,0.5872523687443223,0.8556288707523761
0.57,1.0,26.50260040500973,-180.78320767774994,-180.78320767774994,7.53e-5,0.30699999999999994,0.5872523687443223,0.8556288707523761
0.57,1.0,23.32326293781159,-179.19353894415087,-179.19353894415087,7.53e-5,0.30699999999999994,0.5872523687443223,0.8556288707523761
0.57,1.0,20.32753041679132,-177.69567268364074,-177.69567268364074,7.53e-5,0.30699999999999994,0.5872523687443223,0.8556288707523761
0.57,1.0,17.520704158425872,-176.292259554458,-176.292259554458,7.53e-5,0.30699999999999994,0.5872523687443223,0.8556288707523761
0.57,1.0,14.908151113074382,-174.98598303178227,-174.98598303178227,7.53e-5,0.30699999999999994,0.5872523687443223,0.8556288707523761
0.57,1.0,12.495304544218584,-173.77955974735437,-173.77955974735437,7.53e-5,0.30699999999999994,0.5872523687443223,0.8556288707523761
0.57,1.0,10.287664716610266,-172.6757398335502,-172.6757398335502,7.53e-5,0.30699999999999994,0.5872523687443223,0.8556288707523761
0.57,1.0,8.290799593420672,-171.6773072719554,-171.6773072719554,7.53e-5,0.30699999999999994,0.5872523687443223,0.8556288707523761
0.57,1.0,6.510345542488778,-170.78708024648947,-170.78708024648947,7.53e-5,0.30699999999999994,0.5872523687443223,0.8556288707523761
0.57,1.0,4.9520080517868905,-170.00791150113852,-170.00791150113852,7.53e-5,0.30699999999999994,0.5872523687443223,0.8556288707523761
0.57,1.0,3.6215624542061846,-169.34268870234817,-169.34268870234817,7.53e-5,0.30699999999999994,0.5872523687443223,0.8556288707523761
0.57,1.0,2.52485466176455,-168.79433480612735,-168.79433480612735,7.53e-5,0.30699999999999994,0.5872523687443223,0.8556288707523761
0.57,1.0,1.6678019093649823,-168.36580842992757,-168.36580842992757,7.53e-5,0.30699999999999994,0.5872523687443223,0.8556288707523761
0.57,1.0,1.0563935081958107,-168.06010422934298,-168.06010422934298,7.53e-5,0.30699999999999994,0.5872523687443223,0.8556288707523761
0.57,1.0,0.6966916089007213,-167.88025327969544,-167.88025327969544,7.53e-5,0.30699999999999994,0.5872523687443223,0.8556288707523761
0.57,1.0,0.5948319746308925,-167.82932346256052,-167.82932346256052,7.53e-5,0.30699999999999994,0.5872523687443223,0.8556288707523761
0.57,1.0,0.7570247640940124,-167.91041985729208,-167.91041985729208,7.53e-5,0.30699999999999994,0.5872523687443223,0.8556288707523761
0.57,1.0,1.189555324719663,-168.1266851376049,-168.1266851376049,7.53e-5,0.30699999999999994,0.5872523687443223,0.8556288707523761
0.57,1.0,1.8987849960616359,-168.4812999732759,-168.4812999732759,7.53e-5,0.30699999999999994,0.5872523687443223,0.8556288707523761
0.57,1.0,2.891151923564223,-168.9774834370272,-168.9774834370272,7.53e-5,0.30699999999999994,0.5872523687443223,0.8556288707523761
0.57,1.0,4.1731718828064,-169.61849341664828,-169.61849341664828,7.53e-5,0.30699999999999994,0.5872523687443223,0.8556288707523761
0.57,1.0,5.751439114353786,-170.40762703242197,-170.40762703242197,7.53e-5,0.30699999999999994,0.5872523687443223,0.8556288707523761
0.57,1.0,7.63262716935543,-171.3482210599228,-171.3482210599228,7.53e-5,0.30699999999999994,0.5872523687443223,0.8556288707523761
0.57,1.0,9.823489765995873,-172.443652358243,-172.443652358243,7.53e-5,0.30699999999999994,0.5872523687443223,0.8556288707523761
0.57,1.0,12.330861656949196,-173.69733830371968,-173.69733830371968,7.53e-5,0.30699999999999994,0.5872523687443223,0.8556288707523761
0.57,1.0,15.161659507961303,-175.11273722922573,-175.11273722922573,7.53e-5,0.30699999999999994,0.5872523687443223,0.8556288707523761
0.57,1.0,18.322882787693686,-176.69334886909192,-176.69334886909192,7.53e-5,0.30699999999999994,0.5872523687443223,0.8556288707523761
0.57,1.0,21.82161466896548,-178.44271480972782,-178.44271480972782,7.53e-5,0.30699999999999994,0.5872523687443223,0.8556288707523761
0.57,1.0,37.01218610946779,-186.03800052997897,-186.03800052997897,7.53e-5,0.30699999999999994,0.5872523687443223,0.8556288707523761
0.57,1.0,33.33422973568793,-184.19902234308904,-184.19902234308904,7.53e-5,0.30699999999999994,0.5872523687443223,0.8556288707523761
0.57,1.0,29.82528185968573,-182.44454840508794,-182.44454840508794,7.53e-5,0.30699999999999994,0.5872523687443223,0.8556288707523761
0.57,1.0,26.490471910501867,-180.777143430496,-180.777143430496,7.53e-5,0.30699999999999994,0.5872523687443223,0.8556288707523761
0.57,1.0,23.334993276454384,-179.19940411347227,-179.19940411347227,7.53e-5,0.30699999999999994,0.5872523687443223,0.8556288707523761
0.57,1.0,20.364103962416664,-177.7139594564534,-177.7139594564534,7.53e-5,0.30699999999999994,0.5872523687443223,0.8556288707523761
0.57,1.0,17.583127255753254,-176.3234711031217,-176.3234711031217,7.53e-5,0.30699999999999994,0.5872523687443223,0.8556288707523761
0.57,1.0,14.997452401021917,-175.03063367575604,-175.03063367575604,7.53e-5,0.30699999999999994,0.5872523687443223,0.8556288707523761
0.57,1.0,12.612535283516706,-173.83817511700343,-173.83817511700343,7.53e-5,0.30699999999999994,0.5872523687443223,0.8556288707523761
0.57,1.0,10.433899121787306,-172.74885703613873,-172.74885703613873,7.53e-5,0.30699999999999994,0.5872523687443223,0.8556288707523761
0.57,1.0,8.467135169214373,-171.76547505985226,-171.76547505985226,7.53e-5,0.30699999999999994,0.5872523687443223,0.8556288707523761
0.57,1.0,6.717903424756628,-170.8908591876234,-170.8908591876234,7.53e-5,0.30699999999999994,0.5872523687443223,0.8556288707523761
0.57,1.0,5.191933352973649,-170.1278741517319,-170.1278741517319,7.53e-5,0.30699999999999994,0.5872523687443223,0.8556288707523761
0.57,1.0,3.8950246134370445,-169.4794197819636,-169.4794197819636,7.53e-5,0.30699999999999994,0.5872523687443223,0.8556288707523761
0.57,1.0,2.833047799632368,-168.94843137506126,-168.94843137506126,7.53e-5,0.30699999999999994,0.5872523687443223,0.8556288707523761
0.57,1.0,2.011945187471099,-168.53788006898063,-168.53788006898063,7.53e-5,0.30699999999999994,0.5872523687443223,0.8556288707523761
0.57,1.0,1.4377314935236427,-168.2507732220069,-168.2507732220069,7.53e-5,0.30699999999999994,0.5872523687443223,0.8556288707523761
0.57,1.0,1.1164946430839109,-168.09015479678703,-168.09015479678703,7.53e-5,0.30699999999999994,0.5872523687443223,0.8556288707523761
0.57,1.0,1.0543965481849682,-168.05910574933756,-168.05910574933756,7.53e-5,0.30699999999999994,0.5872523687443223,0.8556288707523761
0.57,1.0,1.2576738956892655,-168.1607444230897,-168.1607444230897,7.53e-5,0.30699999999999994,0.5872523687443223,0.8556288707523761
0.57,1.0,1.732638945561007,-168.39822694802558,-168.39822694802558,7.53e-5,0.30699999999999994,0.5872523687443223,0.8556288707523761
0.57,1.0,2.485680339452074,-168.77474764497111,-168.77474764497111,7.53e-5,0.30699999999999994,0.5872523687443223,0.8556288707523761
0.57,1.0,3.5232639197238313,-169.293539435107,-169.293539435107,7.53e-5,0.30699999999999994,0.5872523687443223,0.8556288707523761
0.57,1.0,4.851933559021859,-169.957874254756,-169.957874254756,7.53e-5,0.30699999999999994,0.5872523687443223,0.8556288707523761
0.57,1.0,6.478312000537073,-170.7710634755136,-170.7710634755136,7.53e-5,0.30699999999999994,0.5872523687443223,0.8556288707523761
0.57,1.0,8.409101709080858,-171.7364583297855,-171.7364583297855,7.53e-5,0.30699999999999994,0.5872523687443223,0.8556288707523761
0.57,1.0,10.651085733107607,-172.85745034179888,-172.85745034179888,7.53e-5,0.30699999999999994,0.5872523687443223,0.8556288707523761
0.57,1.0,13.21112857780031,-174.13747176414523,-174.13747176414523,7.53e-5,0.30699999999999994,0.5872523687443223,0.8556288707523761
0.57,1.0,16.096177089379978,-175.57999601993507,-175.57999601993507,7.53e-5,0.30699999999999994,0.5872523687443223,0.8556288707523761
0.57,1.0,19.313261350747837,-177.188538150619,-177.188538150619,7.53e-5,0.30699999999999994,0.5872523687443223,0.8556288707523761
0.57,1.0,22.869495588613802,-178.96665526955198,-178.96665526955198,7.53e-5,0.30699999999999994,0.5872523687443223,0.8556288707523761
0.57,1.0,37.0537859651422,-186.05880045781618,-186.05880045781618,7.53e-5,0.30699999999999994,0.5872523687443223,0.8556288707523761
0.57,1.0,33.397821407388335,-184.23081817893924,-184.23081817893924,7.53e-5,0.30699999999999994,0.5872523687443223,0.8556288707523761
0.57,1.0,29.91176368516892,-182.48778931782954,-182.48778931782954,7.53e-5,0.30699999999999994,0.5872523687443223,0.8556288707523761
0.57,1.0,26.600762485845735,-180.83228871816794,-180.83228871816794,7.53e-5,0.30699999999999994,0.5872523687443223,0.8556288707523761
0.57,1.0,23.470031757059473,-179.2669233537748,-179.2669233537748,7.53e-5,0.30699999999999994,0.5872523687443223,0.8556288707523761
0.57,1.0,20.524850368014484,-177.79433265925232,-177.79433265925232,7.53e-5,0.30699999999999994,0.5872523687443223,0.8556288707523761
0.57,1.0,17.770562779499983,-176.41718886499507,-176.41718886499507,7.53e-5,0.30699999999999994,0.5872523687443223,0.8556288707523761
0.57,1.0,15.212579722726616,-175.13819733660839,-175.13819733660839,7.53e-5,0.30699999999999994,0.5872523687443223,0.8556288707523761
0.57,1.0,12.856378887061283,-173.96009691877572,-173.96009691877572,7.53e-5,0.30699999999999994,0.5872523687443223,0.8556288707523761
0.57,1.0,10.70750561680643,-172.8856602836483,-172.8856602836483,7.53e-5,0.30699999999999994,0.5872523687443223,0.8556288707523761
0.57,1.0,8.771573617090837,-171.9176942837905,-171.9176942837905,7.53e-5,0.30699999999999994,0.5872523687443223,0.8556288707523761
0.57,1.0,7.05426566900104,-171.0590403097456,-171.0590403097456,7.53e-5,0.30699999999999994,0.5872523687443223,0.8556288707523761
0.57,1.0,5.561334354043254,-170.3125746522667,-170.3125746522667,7.53e-5,0.30699999999999994,0.5872523687443223,0.8556288707523761
0.57,1.0,4.298602788062681,-169.68120886927642,-169.68120886927642,7.53e-5,0.30699999999999994,0.5872523687443223,0.8556288707523761
0.57,1.0,3.271965364719506,-169.16789015760483,-169.16789015760483,7.53e-5,0.30699999999999994,0.5872523687443223,0.8556288707523761
0.57,1.0,2.487388508637707,-168.77560172956393,-168.77560172956393,7.53e-5,0.30699999999999994,0.5872523687443223,0.8556288707523761
0.57,1.0,1.950911438341052,-168.5073631944156,-168.5073631944156,7.53e-5,0.30699999999999994,0.5872523687443223,0.8556288707523761
0.57,1.0,1.6686469390916159,-168.36623094479089,-168.36623094479089,7.53e-5,0.30699999999999994,0.5872523687443223,0.8556288707523761
0.57,1.0,1.6467821457449077,-168.35529854811753,-168.35529854811753,7.53e-5,0.30699999999999994,0.5872523687443223,0.8556288707523761
0.57,1.0,1.8915793357472808,-168.47769714311872,-168.47769714311872,7.53e-5,0.30699999999999994,0.5872523687443223,0.8556288707523761
0.57,1.0,2.409376732392559,-168.73659584144136,-168.73659584144136,7.53e-5,0.30699999999999994,0.5872523687443223,0.8556288707523761
0.57,1.0,3.2065893184546894,-169.13520213447242,-169.13520213447242,7.53e-5,0.30699999999999994,0.5872523687443223,0.8556288707523761
0.57,1.0,4.289709660333131,-169.67676230541164,-169.67676230541164,7.53e-5,0.30699999999999994,0.5872523687443223,0.8556288707523761
0.57,1.0,5.665308742823925,-170.36456184665704,-170.36456184665704,7.53e-5,0.30699999999999994,0.5872523687443223,0.8556288707523761
0.57,1.0,7.3400368146520805,-171.20192588257112,-171.20192588257112,7.53e-5,0.30699999999999994,0.5872523687443223,0.8556288707523761
0.57,1.0,9.320624244887654,-172.1922195976889,-172.1922195976889,7.53e-5,0.30699999999999994,0.5872523687443223,0.8556288707523761
0.57,1.0,11.613882390393258,-173.3388486704417,-173.3388486704417,7.53e-5,0.30699999999999994,0.5872523687443223,0.8556288707523761
0.57,1.0,14.226704474404698,-174.64525971244743,-174.64525971244743,7.53e-5,0.30699999999999994,0.5872523687443223,0.8556288707523761
0.57,1.0,17.16606647641737,-176.11494071345376,-176.11494071345376,7.53e-5,0.30699999999999994,0.5872523687443223,0.8556288707523761
0.57,1.0,20.439028033484533,-177.75142149198734,-177.75142149198734,7.53e-5,0.30699999999999994,0.5872523687443223,0.8556288707523761
0.57,1.0,24.052733353078906,-179.55827415178453,-179.55827415178453,7.53e-5,0.30699999999999994,0.5872523687443223,0.8556288707523761
0.57,1.0,37.215608680559626,-186.1397118155249,-186.1397118155249,7.53e-5,0.30699999999999994,0.5872523687443223,0.8556288707523761
0.57,1.0,33.582621903607674,-184.32321842704891,-184.32321842704891,7.53e-5,0.30699999999999994,0.5872523687443223,0.8556288707523761
0.57,1.0,30.120419078257783,-182.59211701437397,-182.59211701437397,7.53e-5,0.30699999999999994,0.5872523687443223,0.8556288707523761
0.57,1.0,26.834169395136314,-180.94899217281323,-180.94899217281323,7.53e-5,0.30699999999999994,0.5872523687443223,0.8556288707523761
0.57,1.0,23.72910659644515,-179.39646077346765,-179.39646077346765,7.53e-5,0.30699999999999994,0.5872523687443223,0.8556288707523761
0.57,1.0,20.81052964116219,-177.93717229582617,-177.93717229582617,7.53e-5,0.30699999999999994,0.5872523687443223,0.8556288707523761
0.57,1.0,18.083803379032247,-176.5738091647612,-176.5738091647612,7.53e-5,0.30699999999999994,0.5872523687443223,0.8556288707523761
0.57,1.0,15.55435923342418,-175.30908709195717,-175.30908709195717,7.53e-5,0.30699999999999994,0.5872523687443223,0.8556288707523761
0.57,1.0,13.227695893156067,-174.1457554218231,-174.1457554218231,7.53e-5,0.30699999999999994,0.5872523687443223,0.8556288707523761
0.57,1.0,11.109380013414125,-173.08659748195214,-173.08659748195214,7.53e-5,0.30699999999999994,0.5872523687443223,0.8556288707523761
0.57,1.0,9.205046925850468,-172.1344309381703,-172.1344309381703,7.53e-5,0.30699999999999994,0.5872523687443223,0.8556288707523761
0.57,1.0,7.520401357971025,-171.2921081542306,-171.2921081542306,7.53e-5,0.30699999999999994,0.5872523687443223,0.8556288707523761
0.57,1.0,6.061218161932516,-170.56251655621134,-170.56251655621134,7.53e-5,0.30699999999999994,0.5872523687443223,0.8556288707523761
0.57,1.0,4.833343052843247,-169.9485790016667,-169.9485790016667,7.53e-5,0.30699999999999994,0.5872523687443223,0.8556288707523761
0.57,1.0,3.842693356691939,-169.45325415359105,-169.45325415359105,7.53e-5,0.30699999999999994,0.5872523687443223,0.8556288707523761
0.57,1.0,3.095258768012002,-169.07953685925108,-169.07953685925108,7.53e-5,0.30699999999999994,0.5872523687443223,0.8556288707523761
0.57,1.0,2.5971021173954796,-168.83045853394282,-168.83045853394282,7.53e-5,0.30699999999999994,0.5872523687443223,0.8556288707523761
0.57,1.0,2.3543601489791968,-168.70908754973468,-168.70908754973468,7.53e-5,0.30699999999999994,0.5872523687443223,0.8556288707523761
0.57,1.0,2.373244308009589,-168.71852962924987,-168.71852962924987,7.53e-5,0.30699999999999994,0.5872523687443223,0.8556288707523761
0.57,1.0,2.660041538622238,-168.8619282445562,-168.8619282445562,7.53e-5,0.30699999999999994,0.5872523687443223,0.8556288707523761
0.57,1.0,3.221115091944057,-169.1424650212171,-169.1424650212171,7.53e-5,0.30699999999999994,0.5872523687443223,0.8556288707523761
0.57,1.0,4.062905344644207,-169.56336014756718,-169.56336014756718,7.53e-5,0.30699999999999994,0.5872523687443223,0.8556288707523761
0.57,1.0,5.19193062806562,-170.1278727892779,-170.1278727892779,7.53e-5,0.30699999999999994,0.5872523687443223,0.8556288707523761
0.57,1.0,6.614788068055361,-170.83930150927276,-170.83930150927276,7.53e-5,0.30699999999999994,0.5872523687443223,0.8556288707523761
0.57,1.0,8.338154435627132,-171.70098469305864,-171.70098469305864,7.53e-5,0.30699999999999994,0.5872523687443223,0.8556288707523761
0.57,1.0,10.36878700858307,-172.7163009795366,-172.7163009795366,7.53e-5,0.30699999999999994,0.5872523687443223,0.8556288707523761
0.57,1.0,12.713524444233599,-173.88866969736188,-173.88866969736188,7.53e-5,0.30699999999999994,0.5872523687443223,0.8556288707523761
0.57,1.0,15.379287663335674,-175.22155130691291,-175.22155130691291,7.53e-5,0.30699999999999994,0.5872523687443223,0.8556288707523761
0.57,1.0,18.373080745406412,-176.71844784794828,-176.71844784794828,7.53e-5,0.30699999999999994,0.5872523687443223,0.8556288707523761
0.57,1.0,21.701991835526144,-178.38290339300815,-178.38290339300815,7.53e-5,0.30699999999999994,0.5872523687443223,0.8556288707523761
0.57,1.0,25.373194062785046,-180.2185045066376,-180.2185045066376,7.53e-5,0.30699999999999994,0.5872523687443223,0.8556288707523761
0.57,1.0,37.498219605144186,-186.28101727781717,-186.28101727781717,7.53e-5,0.30699999999999994,0.5872523687443223,0.8556288707523761
0.57,1.0,33.889224963507786,-184.47651995699897,-184.47651995699897,7.53e-5,0.30699999999999994,0.5872523687443223,0.8556288707523761
0.57,1.0,30.451870977566898,-182.75784296402853,-182.75784296402853,7.53e-5,0.30699999999999994,0.5872523687443223,0.8556288707523761
0.57,1.0,27.19134559893314,-181.12758027471165,-181.12758027471165,7.53e-5,0.30699999999999994,0.5872523687443223,0.8556288707523761
0.57,1.0,24.11290161245654,-179.58835828147335,-179.58835828147335,7.53e-5,0.30699999999999994,0.5872523687443223,0.8556288707523761
0.57,1.0,21.221857305227047,-178.1428361278586,-178.1428361278586,7.53e-5,0.30699999999999994,0.5872523687443223,0.8556288707523761
0.57,1.0,18.523597144420478,-176.79370604745532,-176.79370604745532,7.53e-5,0.30699999999999994,0.5872523687443223,0.8556288707523761
0.57,1.0,16.02357246407547,-175.5436937072828,-175.5436937072828,7.53e-5,0.30699999999999994,0.5872523687443223,0.8556288707523761
0.57,1.0,13.727302160885131,-174.39555855568764,-174.39555855568764,7.53e-5,0.30699999999999994,0.5872523687443223,0.8556288707523761
0.57,1.0,11.640373399147848,-173.352094174819,-173.352094174819,7.53e-5,0.30699999999999994,0.5872523687443223,0.8556288707523761
0.57,1.0,9.768442324949376,-172.41612863771977,-172.41612863771977,7.53e-5,0.30699999999999994,0.5872523687443223,0.8556288707523761
0.57,1.0,8.117234789699864,-171.590524870095,-171.590524870095,7.53e-5,0.30699999999999994,0.5872523687443223,0.8556288707523761
0.57,1.0,6.692547083131842,-170.878181016811,-170.878181016811,7.53e-5,0.30699999999999994,0.5872523687443223,0.8556288707523761
0.57,1.0,5.50024667587229,-170.28203081318122,-170.28203081318122,7.53e-5,0.30699999999999994,0.5872523687443223,0.8556288707523761
0.57,1.0,4.546272971696055,-169.8050439610931,-169.8050439610931,7.53e-5,0.30699999999999994,0.5872523687443223,0.8556288707523761
0.57,1.0,3.8366380695806583,-169.4502265100354,-169.4502265100354,7.53e-5,0.30699999999999994,0.5872523687443223,0.8556288707523761
0.57,1.0,3.377427535674599,-169.22062124308238,-169.22062124308238,7.53e-5,0.30699999999999994,0.5872523687443223,0.8556288707523761
0.57,1.0,3.1748011852977243,-169.11930806789394,-169.11930806789394,7.53e-5,0.30699999999999994,0.5872523687443223,0.8556288707523761
0.57,1.0,3.2349938750896854,-169.14940441278992,-169.14940441278992,7.53e-5,0.30699999999999994,0.5872523687443223,0.8556288707523761
0.57,1.0,3.5643163054394336,-169.3140656279648,-169.3140656279648,7.53e-5,0.30699999999999994,0.5872523687443223,0.8556288707523761
0.57,1.0,4.169155833292166,-169.61648539189116,-169.61648539189116,7.53e-5,0.30699999999999994,0.5872523687443223,0.8556288707523761
0.57,1.0,5.055977295491061,-170.0598961229906,-170.0598961229906,7.53e-5,0.30699999999999994,0.5872523687443223,0.8556288707523761
0.57,1.0,6.231323842753113,-170.64756939662163,-170.64756939662163,7.53e-5,0.30699999999999994,0.5872523687443223,0.8556288707523761
0.57,1.0,7.701817784419006,-171.38281636745458,-171.38281636745458,7.53e-5,0.30699999999999994,0.5872523687443223,0.8556288707523761
0.57,1.0,9.474161444104595,-172.26898819729738,-172.26898819729738,7.53e-5,0.30699999999999994,0.5872523687443223,0.8556288707523761
0.57,1.0,11.555138026380689,-173.30947648843542,-173.30947648843542,7.53e-5,0.30699999999999994,0.5872523687443223,0.8556288707523761
0.57,1.0,13.951612494627625,-174.5077137225589,-174.5077137225589,7.53e-5,0.30699999999999994,0.5872523687443223,0.8556288707523761
0.57,1.0,16.670532460175423,-175.8671737053328,-175.8671737053328,7.53e-5,0.30699999999999994,0.5872523687443223,0.8556288707523761
0.57,1.0,19.718929082896977,-177.39137201669357,-177.39137201669357,7.53e-5,0.30699999999999994,0.5872523687443223,0.8556288707523761
0.57,1.0,23.103917983364056,-179.0838664669271,-179.0838664669271,7.53e-5,0.30699999999999994,0.5872523687443223,0.8556288707523761
0.57,1.0,26.83270016672691,-180.94825755860853,-180.94825755860853,7.53e-5,0.30699999999999994,0.5872523687443223,0.8556288707523761
0.57,1.0,37.90213556268054,-186.48297525658535,-186.48297525658535,7.53e-5,0.30699999999999994,0.5872523687443223,0.8556288707523761
0.57,1.0,34.31817552130417,-184.69099523589716,-184.69099523589716,7.53e-5,0.30699999999999994,0.5872523687443223,0.8556288707523761
0.57,1.0,30.906693244222197,-182.98525409735618,-182.98525409735618,7.53e-5,0.30699999999999994,0.5872523687443223,0.8556288707523761
0.57,1.0,27.672894714492543,-181.36835483249135,-181.36835483249135,7.53e-5,0.30699999999999994,0.5872523687443223,0.8556288707523761
0.57,1.0,24.62205102047659,-179.84293298548337,-179.84293298548337,7.53e-5,0.30699999999999994,0.5872523687443223,0.8556288707523761
0.57,1.0,21.759499028534037,-178.4116569895121,-178.4116569895121,7.53e-5,0.30699999999999994,0.5872523687443223,0.8556288707523761
0.57,1.0,19.09064206461602,-177.0772285075531,-177.0772285075531,7.53e-5,0.30699999999999994,0.5872523687443223,0.8556288707523761
0.57,1.0,16.620950604840914,-175.84238277766553,-175.84238277766553,7.53e-5,0.30699999999999994,0.5872523687443223,0.8556288707523761
0.57,1.0,14.355962975146213,-174.70988896281818,-174.70988896281818,7.53e-5,0.30699999999999994,0.5872523687443223,0.8556288707523761
0.57,1.0,12.301286060143866,-173.682550505317,-173.682550505317,7.53e-5,0.30699999999999994,0.5872523687443223,0.8556288707523761
0.57,1.0,10.46259602127759,-172.76320548588387,-172.76320548588387,7.53e-5,0.30699999999999994,0.5872523687443223,0.8556288707523761
0.57,1.0,8.845639024383217,-171.9547269874367,-171.9547269874367,7.53e-5,0.30699999999999994,0.5872523687443223,0.8556288707523761
0.57,1.0,7.456231976770482,-171.26002346363032,-171.26002346363032,7.53e-5,0.30699999999999994,0.5872523687443223,0.8556288707523761
0.57,1.0,6.3002632739351725,-170.68203911221266,-170.68203911221266,7.53e-5,0.30699999999999994,0.5872523687443223,0.8556288707523761
0.57,1.0,5.383693556019637,-170.2237542532549,-170.2237542532549,7.53e-5,0.30699999999999994,0.5872523687443223,0.8556288707523761
0.57,1.0,4.712556474127041,-169.8881857123086,-169.8881857123086,7.53e-5,0.30699999999999994,0.5872523687443223,0.8556288707523761
0.57,1.0,4.2929594666135245,-169.67838720855184,-169.67838720855184,7.53e-5,0.30699999999999994,0.5872523687443223,0.8556288707523761
0.57,1.0,4.1310845454748915,-169.59744974798252,-169.59744974798252,7.53e-5,0.30699999999999994,0.5872523687443223,0.8556288707523761
0.57,1.0,4.233189092946702,-169.64850202171843,-169.64850202171843,7.53e-5,0.30699999999999994,0.5872523687443223,0.8556288707523761
0.57,1.0,4.605606668438895,-169.83471080946453,-169.83471080946453,7.53e-5,0.30699999999999994,0.5872523687443223,0.8556288707523761
0.57,1.0,5.2547478259292575,-170.1592813882097,-170.1592813882097,7.53e-5,0.30699999999999994,0.5872523687443223,0.8556288707523761
0.57,1.0,6.187100941940173,-170.62545794621516,-170.62545794621516,7.53e-5,0.30699999999999994,0.5872523687443223,0.8556288707523761
0.57,1.0,7.409233054226775,-171.23652400235846,-171.23652400235846,7.53e-5,0.30699999999999994,0.5872523687443223,0.8556288707523761
0.57,1.0,8.927790711300531,-171.99580283089534,-171.99580283089534,7.53e-5,0.30699999999999994,0.5872523687443223,0.8556288707523761
0.57,1.0,10.749500832926344,-172.90665789170825,-172.90665789170825,7.53e-5,0.30699999999999994,0.5872523687443223,0.8556288707523761
0.57,1.0,12.881171581715876,-173.97249326610302,-173.97249326610302,7.53e-5,0.30699999999999994,0.5872523687443223,0.8556288707523761
0.57,1.0,15.329693245961494,-175.19675409822582,-175.19675409822582,7.53e-5,0.30699999999999994,0.5872523687443223,0.8556288707523761
0.57,1.0,18.102039133835774,-176.58292704216296,-176.58292704216296,7.53e-5,0.30699999999999994,0.5872523687443223,0.8556288707523761
0.57,1.0,21.20526647910293,-178.13454071479654,-178.13454071479654,7.53e-5,0.30699999999999994,0.5872523687443223,0.8556288707523761
0.57,1.0,24.64651735848122,-179.8551661544857,-179.8551661544857,7.53e-5,0.30699999999999994,0.5872523687443223,0.8556288707523761
0.57,1.0,28.433019620785615,-181.74841728563788,-181.74841728563788,7.53e-5,0.30699999999999994,0.5872523687443223,0.8556288707523761
0.57,1.0,38.42782018940824,-186.7458175699492,-186.7458175699492,7.53e-5,0.30699999999999994,0.5872523687443223,0.8556288707523761
0.57,1.0,34.869964889671394,-184.96688992008077,-184.96688992008077,7.53e-5,0.30699999999999994,0.5872523687443223,0.8556288707523761
0.57,1.0,31.485405687152934,-183.27461031882154,-183.27461031882154,7.53e-5,0.30699999999999994,0.5872523687443223,0.8556288707523761
0.57,1.0,28.27936587945885,-181.6715904149745,-181.6715904149745,7.53e-5,0.30699999999999994,0.5872523687443223,0.8556288707523761
0.57,1.0,25.25713413200367,-180.1604745412469,-180.1604745412469,7.53e-5,0.30699999999999994,0.5872523687443223,0.8556288707523761
0.57,1.0,22.42406515428837,-178.74394005238926,-178.74394005238926,7.53e-5,0.30699999999999994,0.5872523687443223,0.8556288707523761
0.57,1.0,19.785580385124547,-177.42469766780735,-177.42469766780735,7.53e-5,0.30699999999999994,0.5872523687443223,0.8556288707523761
0.57,1.0,17.347168686895202,-176.20549181869268,-176.20549181869268,7.53e-5,0.30699999999999994,0.5872523687443223,0.8556288707523761
0.57,1.0,15.114387048946014,-175.08910099971808,-175.08910099971808,7.53e-5,0.30699999999999994,0.5872523687443223,0.8556288707523761
0.57,1.0,13.092861300232869,-174.0783381253615,-174.0783381253615,7.53e-5,0.30699999999999994,0.5872523687443223,0.8556288707523761
0.57,1.0,11.2882868313269,-173.17605089090853,-173.17605089090853,7.53e-5,0.30699999999999994,0.5872523687443223,0.8556288707523761
0.57,1.0,9.706429325878105,-172.38512213818413,-172.38512213818413,7.53e-5,0.30699999999999994,0.5872523687443223,0.8556288707523761
0.57,1.0,8.353125501654574,-171.70847022607236,-171.70847022607236,7.53e-5,0.30699999999999994,0.5872523687443223,0.8556288707523761
0.57,1.0,7.2342838612747755,-171.14904940588247,-171.14904940588247,7.53e-5,0.30699999999999994,0.5872523687443223,0.8556288707523761
0.57,1.0,6.355885452740665,-170.7098502016154,-170.7098502016154,7.53e-5,0.30699999999999994,0.5872523687443223,0.8556288707523761
0.57,1.0,5.723984639881849,-170.393899795186,-170.393899795186,7.53e-5,0.30699999999999994,0.5872523687443223,0.8556288707523761
0.57,1.0,5.344709882845677,-170.20426241666792,-170.20426241666792,7.53e-5,0.30699999999999994,0.5872523687443223,0.8556288707523761
0.57,1.0,5.22426452873151,-170.14403973961083,-170.14403973961083,7.53e-5,0.30699999999999994,0.5872523687443223,0.8556288707523761
0.57,1.0,5.368927612505672,-170.2163712814979,-170.2163712814979,7.53e-5,0.30699999999999994,0.5872523687443223,0.8556288707523761
0.57,1.0,5.785054668311773,-170.42443480940096,-170.42443480940096,7.53e-5,0.30699999999999994,0.5872523687443223,0.8556288707523761
0.57,1.0,6.479078551298983,-170.77144675089457,-170.77144675089457,7.53e-5,0.30699999999999994,0.5872523687443223,0.8556288707523761
0.57,1.0,7.457510270104194,-171.26066261029717,-171.26066261029717,7.53e-5,0.30699999999999994,0.5872523687443223,0.8556288707523761
0.57,1.0,8.726939830100093,-171.89537739029512,-171.89537739029512,7.53e-5,0.30699999999999994,0.5872523687443223,0.8556288707523761
0.57,1.0,10.294037087554727,-172.67892601902244,-172.67892601902244,7.53e-5,0.30699999999999994,0.5872523687443223,0.8556288707523761
0.57,1.0,12.165552614819319,-173.61468378265474,-173.61468378265474,7.53e-5,0.30699999999999994,0.5872523687443223,0.8556288707523761
0.57,1.0,14.348318576686268,-174.7060667635882,-174.7060667635882,7.53e-5,0.30699999999999994,0.5872523687443223,0.8556288707523761
0.57,1.0,16.8492496180599,-175.95653228427503,-175.95653228427503,7.53e-5,0.30699999999999994,0.5872523687443223,0.8556288707523761
0.57,1.0,19.67534376304377,-177.36957935676696,-177.36957935676696,7.53e-5,0.30699999999999994,0.5872523687443223,0.8556288707523761
0.57,1.0,22.83368332563282,-178.9487491380615,-178.9487491380615,7.53e-5,0.30699999999999994,0.5872523687443223,0.8556288707523761
0.57,1.0,26.331435832107786,-180.69762539129897,-180.69762539129897,7.53e-5,0.30699999999999994,0.5872523687443223,0.8556288707523761
0.57,1.0,30.175854955292493,-182.61983495289132,-182.61983495289132,7.53e-5,0.30699999999999994,0.5872523687443223,0.8556288707523761
0.57,1.0,39.075679202960146,-187.06974707672515,-187.06974707672515,7.53e-5,0.30699999999999994,0.5872523687443223,0.8556288707523761
0.57,1.0,35.54502587302511,-185.30442041175763,-185.30442041175763,7.53e-5,0.30699999999999994,0.5872523687443223,0.8556288707523761
0.57,1.0,32.18846901733241,-183.62614198391128,-183.62614198391128,7.53e-5,0.30699999999999994,0.5872523687443223,0.8556288707523761
0.57,1.0,29.011248543657643,-182.0375317470739,-182.0375317470739,7.53e-5,0.30699999999999994,0.5872523687443223,0.8556288707523761
0.57,1.0,26.018669980560333,-180.54124246552524,-180.54124246552524,7.53e-5,0.30699999999999994,0.5872523687443223,0.8556288707523761
0.57,1.0,23.21610515712416,-179.13996005380716,-179.13996005380716,7.53e-5,0.30699999999999994,0.5872523687443223,0.8556288707523761
0.57,1.0,20.608992891699927,-177.83640392109504,-177.83640392109504,7.53e-5,0.30699999999999994,0.5872523687443223,0.8556288707523761
0.57,1.0,18.20283968973166,-176.6333273201109,-176.6333273201109,7.53e-5,0.30699999999999994,0.5872523687443223,0.8556288707523761
0.57,1.0,16.003220450766378,-175.53351770062827,-175.53351770062827,7.53e-5,0.30699999999999994,0.5872523687443223,0.8556288707523761
0.57,1.0,14.015779184774942,-174.53979706763255,-174.53979706763255,7.53e-5,0.30699999999999994,0.5872523687443223,0.8556288707523761
0.57,1.0,12.246229737880867,-173.6550223441855,-173.6550223441855,7.53e-5,0.30699999999999994,0.5872523687443223,0.8556288707523761
0.57,1.0,10.700356527599922,-172.88208573904504,-172.88208573904504,7.53e-5,0.30699999999999994,0.5872523687443223,0.8556288707523761
0.57,1.0,9.384015287713623,-172.2239151191019,-172.2239151191019,7.53e-5,0.30699999999999994,0.5872523687443223,0.8556288707523761
0.57,1.0,8.303133822890914,-171.68347438669053,-171.68347438669053,7.53e-5,0.30699999999999994,0.5872523687443223,0.8556288707523761
0.57,1.0,7.463712773158477,-171.26376386182432,-171.26376386182432,7.53e-5,0.30699999999999994,0.5872523687443223,0.8556288707523761
0.57,1.0,6.871826388353611,-170.96782066942188,-170.96782066942188,7.53e-5,0.30699999999999994,0.5872523687443223,0.8556288707523761
0.57,1.0,6.533623312665668,-170.7987191315779,-170.7987191315779,7.53e-5,0.30699999999999994,0.5872523687443223,0.8556288707523761
0.57,1.0,6.455327379389587,-170.75957116493987,-170.75957116493987,7.53e-5,0.30699999999999994,0.5872523687443223,0.8556288707523761
0.57,1.0,6.643238416013048,-170.8535266832516,-170.8535266832516,7.53e-5,0.30699999999999994,0.5872523687443223,0.8556288707523761
0.57,1.0,7.1037330597640675,-171.0837740051271,-171.0837740051271,7.53e-5,0.30699999999999994,0.5872523687443223,0.8556288707523761
0.57,1.0,7.843265583732375,-171.45354026711126,-171.45354026711126,7.53e-5,0.30699999999999994,0.5872523687443223,0.8556288707523761
0.57,1.0,8.868368733707086,-171.96609184209862,-171.96609184209862,7.53e-5,0.30699999999999994,0.5872523687443223,0.8556288707523761
0.57,1.0,10.18565457584748,-172.62473476316882,-172.62473476316882,7.53e-5,0.30699999999999994,0.5872523687443223,0.8556288707523761
0.57,1.0,11.801815355318013,-173.43281515290408,-173.43281515290408,7.53e-5,0.30699999999999994,0.5872523687443223,0.8556288707523761
0.57,1.0,13.72362436602674,-174.39371965825845,-174.39371965825845,7.53e-5,0.30699999999999994,0.5872523687443223,0.8556288707523761
0.57,1.0,15.957936831591951,-175.51087589104105,-175.51087589104105,7.53e-5,0.30699999999999994,0.5872523687443223,0.8556288707523761
0.57,1.0,18.51169079768266,-176.7877528740864,-176.7877528740864,7.53e-5,0.30699999999999994,0.5872523687443223,0.8556288707523761
0.57,1.0,21.39190803585859,-178.22786149317437,-178.22786149317437,7.53e-5,0.30699999999999994,0.5872523687443223,0.8556288707523761
0.57,1.0,24.605694959062475,-179.83475495477632,-179.83475495477632,7.53e-5,0.30699999999999994,0.5872523687443223,0.8556288707523761
0.57,1.0,28.16024354889555,-181.61202924969285,-181.61202924969285,7.53e-5,0.30699999999999994,0.5872523687443223,0.8556288707523761
0.57,1.0,32.06283229482062,-183.5633236226554,-183.5633236226554,7.53e-5,0.30699999999999994,0.5872523687443223,0.8556288707523761
0.57,1.0,39.84605562534921,-187.45493528791968,-187.45493528791968,7.53e-5,0.30699999999999994,0.5872523687443223,0.8556288707523761
0.57,1.0,36.34372783445133,-185.70377139247074,-185.70377139247074,7.53e-5,0.30699999999999994,0.5872523687443223,0.8556288707523761
0.57,1.0,33.01627975534541,-184.04004735291778,-184.04004735291778,7.53e-5,0.30699999999999994,0.5872523687443223,0.8556288707523761
0.57,1.0,29.868967213973235,-182.4663910822317,-182.4663910822317,7.53e-5,0.30699999999999994,0.5872523687443223,0.8556288707523761
0.57,1.0,26.907111900516952,-180.98546342550355,-180.98546342550355,7.53e-5,0.30699999999999994,0.5872523687443223,0.8556288707523761
0.57,1.0,24.13610205248989,-179.59995850149002,-179.59995850149002,7.53e-5,0.30699999999999994,0.5872523687443223,0.8556288707523761
0.57,1.0,21.56139314687732,-178.31260404868374,-178.31260404868374,7.53e-5,0.30699999999999994,0.5872523687443223,0.8556288707523761
0.57,1.0,19.188508601406056,-177.1261617759481,-177.1261617759481,7.53e-5,0.30699999999999994,0.5872523687443223,0.8556288707523761
0.57,1.0,17.023040485053684,-176.04342771777192,-176.04342771777192,7.53e-5,0.30699999999999994,0.5872523687443223,0.8556288707523761
0.57,1.0,15.070650237917562,-175.06723259420386,-175.06723259420386,7.53e-5,0.30699999999999994,0.5872523687443223,0.8556288707523761
0.57,1.0,13.337069400536052,-174.2004421755131,-174.2004421755131,7.53e-5,0.30699999999999994,0.5872523687443223,0.8556288707523761
0.57,1.0,11.828100352784986,-173.44595765163757,-173.44595765163757,7.53e-5,0.30699999999999994,0.5872523687443223,0.8556288707523761
0.57,1.0,10.549617062451716,-172.80671600647094,-172.80671600647094,7.53e-5,0.30699999999999994,0.5872523687443223,0.8556288707523761
0.57,1.0,9.507565843611019,-172.2856903970506,-172.2856903970506,7.53e-5,0.30699999999999994,0.5872523687443223,0.8556288707523761
0.57,1.0,8.707966124908694,-171.88589053769942,-171.88589053769942,7.53e-5,0.30699999999999994,0.5872523687443223,0.8556288707523761
0.57,1.0,8.156911227876094,-171.61036308918312,-171.61036308918312,7.53e-5,0.30699999999999994,0.5872523687443223,0.8556288707523761
0.57,1.0,7.860569155393591,-171.46219205294187,-171.46219205294187,7.53e-5,0.30699999999999994,0.5872523687443223,0.8556288707523761
0.57,1.0,7.825183390420818,-171.4444991704555,-171.4444991704555,7.53e-5,0.30699999999999994,0.5872523687443223,0.8556288707523761
0.57,1.0,8.057073705116522,-171.56044432780334,-171.56044432780334,7.53e-5,0.30699999999999994,0.5872523687443223,0.8556288707523761
0.57,1.0,8.562636980475133,-171.81322596548264,-171.81322596548264,7.53e-5,0.30699999999999994,0.5872523687443223,0.8556288707523761
0.57,1.0,9.348348036602204,-172.20608149354618,-172.20608149354618,7.53e-5,0.30699999999999994,0.5872523687443223,0.8556288707523761
0.57,1.0,10.420760473756104,-172.74228771212313,-172.74228771212313,7.53e-5,0.30699999999999994,0.5872523687443223,0.8556288707523761
0.57,1.0,11.786507524288595,-173.42516123738937,-173.42516123738937,7.53e-5,0.30699999999999994,0.5872523687443223,0.8556288707523761
0.57,1.0,13.452302915610403,-174.25805893305028,-174.25805893305028,7.53e-5,0.30699999999999994,0.5872523687443223,0.8556288707523761
0.57,1.0,15.424941744320222,-175.2443783474052,-175.2443783474052,7.53e-5,0.30699999999999994,0.5872523687443223,0.8556288707523761
0.57,1.0,17.711301361622418,-176.3875581560563,-176.3875581560563,7.53e-5,0.30699999999999994,0.5872523687443223,0.8556288707523761
0.57,1.0,20.318342270188907,-177.69107861033953,-177.69107861033953,7.53e-5,0.30699999999999994,0.5872523687443223,0.8556288707523761
0.57,1.0,23.253109032573377,-179.15846199153177,-179.15846199153177,7.53e-5,0.30699999999999994,0.5872523687443223,0.8556288707523761
0.57,1.0,26.522731191355376,-180.79327307092277,-180.79327307092277,7.53e-5,0.30699999999999994,0.5872523687443223,0.8556288707523761
0.57,1.0,30.134424201123068,-182.5991195758066,-182.5991195758066,7.53e-5,0.30699999999999994,0.5872523687443223,0.8556288707523761
0.57,1.0,34.095490372457675,-184.57965266147392,-184.57965266147392,7.53e-5,0.30699999999999994,0.5872523687443223,0.8556288707523761
0.57,1.0,40.739224983498616,-187.90151996699439,-187.90151996699439,7.53e-5,0.30699999999999994,0.5872523687443223,0.8556288707523761
0.57,1.0,37.26637174036773,-186.16509334542894,-186.16509334542894,7.53e-5,0.30699999999999994,0.5872523687443223,0.8556288707523761
0.57,1.0,33.96916511695059,-184.51649003372037,-184.51649003372037,7.53e-5,0.30699999999999994,0.5872523687443223,0.8556288707523761
0.57,1.0,30.85287617755091,-182.95834556402053,-182.95834556402053,7.53e-5,0.30699999999999994,0.5872523687443223,0.8556288707523761
0.57,1.0,27.92284208466026,-181.4933285175752,-181.4933285175752,7.53e-5,0.30699999999999994,0.5872523687443223,0.8556288707523761
0.57,1.0,25.184466785285395,-180.12414086788777,-180.12414086788777,7.53e-5,0.30699999999999994,0.5872523687443223,0.8556288707523761
0.57,1.0,22.64322170635893,-178.85351832842454,-178.85351832842454,7.53e-5,0.30699999999999994,0.5872523687443223,0.8556288707523761
0.57,1.0,20.304646459335515,-177.68423070491284,-177.68423070491284,7.53e-5,0.30699999999999994,0.5872523687443223,0.8556288707523761
0.57,1.0,18.174349554074695,-176.61908225228242,-176.61908225228242,7.53e-5,0.30699999999999994,0.5872523687443223,0.8556288707523761
0.57,1.0,16.258009122121507,-175.66091203630583,-175.66091203630583,7.53e-5,0.30699999999999994,0.5872523687443223,0.8556288707523761
0.57,1.0,14.561373649510585,-174.81259430000037,-174.81259430000037,7.53e-5,0.30699999999999994,0.5872523687443223,0.8556288707523761
0.57,1.0,13.090262719170823,-174.0770388348305,-174.0770388348305,7.53e-5,0.30699999999999994,0.5872523687443223,0.8556288707523761
0.57,1.0,11.850567763074423,-173.4571913567823,-173.4571913567823,7.53e-5,0.30699999999999994,0.5872523687443223,0.8556288707523761
0.57,1.0,10.848252824233441,-172.9560338873618,-172.9560338873618,7.53e-5,0.30699999999999994,0.5872523687443223,0.8556288707523761
0.57,1.0,10.089355328659622,-172.5765851395749,-172.5765851395749,7.53e-5,0.30699999999999994,0.5872523687443223,0.8556288707523761
0.57,1.0,9.579986867401487,-172.32190090894582,-172.32190090894582,7.53e-5,0.30699999999999994,0.5872523687443223,0.8556288707523761
0.57,1.0,9.326333988789713,-172.19507446963993,-172.19507446963993,7.53e-5,0.30699999999999994,0.5872523687443223,0.8556288707523761
0.57,1.0,9.334659000999466,-172.1992369757448,-172.1992369757448,7.53e-5,0.30699999999999994,0.5872523687443223,0.8556288707523761
0.57,1.0,9.611300785060394,-172.33755786777527,-172.33755786777527,7.53e-5,0.30699999999999994,0.5872523687443223,0.8556288707523761
0.57,1.0,10.162675618437675,-172.61324528446391,-172.61324528446391,7.53e-5,0.30699999999999994,0.5872523687443223,0.8556288707523761
0.57,1.0,10.99527800930565,-173.0295464798979,-173.0295464798979,7.53e-5,0.30699999999999994,0.5872523687443223,0.8556288707523761
0.57,1.0,12.115681541647916,-173.58974824606904,-173.58974824606904,7.53e-5,0.30699999999999994,0.5872523687443223,0.8556288707523761
0.57,1.0,13.53053973131557,-174.29717734090286,-174.29717734090286,7.53e-5,0.30699999999999994,0.5872523687443223,0.8556288707523761
0.57,1.0,15.246586893162203,-175.15520092182618,-175.15520092182618,7.53e-5,0.30699999999999994,0.5872523687443223,0.8556288707523761
0.57,1.0,17.27063901940761,-176.16722698494888,-176.16722698494888,7.53e-5,0.30699999999999994,0.5872523687443223,0.8556288707523761
0.57,1.0,19.609594669350713,-177.33670480992043,-177.33670480992043,7.53e-5,0.30699999999999994,0.5872523687443223,0.8556288707523761
0.57,1.0,22.27043587058199,-178.66712541053607,-178.66712541053607,7.53e-5,0.30699999999999994,0.5872523687443223,0.8556288707523761
0.57,1.0,25.260229031816266,-180.1620219911532,-180.1620219911532,7.53e-5,0.30699999999999994,0.5872523687443223,0.8556288707523761
0.57,1.0,28.586125867513204,-181.82497040900168,-181.82497040900168,7.53e-5,0.30699999999999994,0.5872523687443223,0.8556288707523761
0.57,1.0,32.255364334404135,-183.65958964244714,-183.65958964244714,7.53e-5,0.30699999999999994,0.5872523687443223,0.8556288707523761
0.57,1.0,36.27526958007854,-185.66954226528435,-185.66954226528435,7.53e-5,0.30699999999999994,0.5872523687443223,0.8556288707523761
0.57,1.0,41.755390511041696,-188.40960273076593,-188.40960273076593,7.53e-5,0.30699999999999994,0.5872523687443223,0.8556288707523761
0.57,1.0,38.313185207197364,-186.68850007884376,-186.68850007884376,7.53e-5,0.30699999999999994,0.5872523687443223,0.8556288707523761
0.57,1.0,35.04737790147817,-185.05559642598416,-185.05559642598416,7.53e-5,0.30699999999999994,0.5872523687443223,0.8556288707523761
0.57,1.0,31.96325422874787,-183.513534589619,-183.513534589619,7.53e-5,0.30699999999999994,0.5872523687443223,0.8556288707523761
0.57,1.0,29.066166146509943,-182.06499054850005,-182.06499054850005,7.53e-5,0.30699999999999994,0.5872523687443223,0.8556288707523761
0.57,1.0,26.361532624332256,-180.7126737874112,-180.7126737874112,7.53e-5,0.30699999999999994,0.5872523687443223,0.8556288707523761
0.57,1.0,23.85484034241756,-179.45932764645386,-179.45932764645386,7.53e-5,0.30699999999999994,0.5872523687443223,0.8556288707523761
0.57,1.0,21.5516443993954,-178.30772967494278,-178.30772967494278,7.53e-5,0.30699999999999994,0.5872523687443223,0.8556288707523761
0.57,1.0,19.457569029444585,-177.26069198996737,-177.26069198996737,7.53e-5,0.30699999999999994,0.5872523687443223,0.8556288707523761
0.57,1.0,17.57830832887197,-176.32106163968106,-176.32106163968106,7.53e-5,0.30699999999999994,0.5872523687443223,0.8556288707523761
0.57,1.0,15.919626992247174,-175.49172097136866,-175.49172097136866,7.53e-5,0.30699999999999994,0.5872523687443223,0.8556288707523761
0.57,1.0,14.487361058196427,-174.7755880043433,-174.7755880043433,7.53e-5,0.30699999999999994,0.5872523687443223,0.8556288707523761
0.57,1.0,13.287418664988138,-174.17561680773915,-174.17561680773915,7.53e-5,0.30699999999999994,0.5872523687443223,0.8556288707523761
0.57,1.0,12.325780816010365,-173.69479788325026,-173.69479788325026,7.53e-5,0.30699999999999994,0.5872523687443223,0.8556288707523761
0.57,1.0,11.608502155266706,-173.33615855287843,-173.33615855287843,7.53e-5,0.30699999999999994,0.5872523687443223,0.8556288707523761
0.57,1.0,11.14171175299714,-173.10276335174365,-173.10276335174365,7.53e-5,0.30699999999999994,0.5872523687443223,0.8556288707523761
0.57,1.0,10.931613901559217,-172.9977144260247,-172.9977144260247,7.53e-5,0.30699999999999994,0.5872523687443223,0.8556288707523761
0.57,1.0,10.98448892167977,-173.02415193608496,-173.02415193608496,7.53e-5,0.30699999999999994,0.5872523687443223,0.8556288707523761
0.57,1.0,11.306693979203942,-173.18525446484705,-173.18525446484705,7.53e-5,0.30699999999999994,0.5872523687443223,0.8556288707523761
0.57,1.0,11.904663912469687,-173.48423943147992,-173.48423943147992,7.53e-5,0.30699999999999994,0.5872523687443223,0.8556288707523761
0.57,1.0,12.784912070431062,-173.9243635104606,-173.9243635104606,7.53e-5,0.30699999999999994,0.5872523687443223,0.8556288707523761
0.57,1.0,13.954031161661305,-174.50892305607573,-174.50892305607573,7.53e-5,0.30699999999999994,0.5872523687443223,0.8556288707523761
0.57,1.0,15.418694114365167,-175.24125453242766,-175.24125453242766,7.53e-5,0.30699999999999994,0.5872523687443223,0.8556288707523761
0.57,1.0,17.185654947536364,-176.12473494901326,-176.12473494901326,7.53e-5,0.30699999999999994,0.5872523687443223,0.8556288707523761
0.57,1.0,19.26174965338373,-177.16278230193694,-177.16278230193694,7.53e-5,0.30699999999999994,0.5872523687443223,0.8556288707523761
0.57,1.0,21.653897091178976,-178.35885602083457,-178.35885602083457,7.53e-5,0.30699999999999994,0.5872523687443223,0.8556288707523761
0.57,1.0,24.36909989265655,-179.71645742157335,-179.71645742157335,7.53e-5,0.30699999999999994,0.5872523687443223,0.8556288707523761
0.57,1.0,27.414445379090807,-181.23913016479048,-181.23913016479048,7.53e-5,0.30699999999999994,0.5872523687443223,0.8556288707523761
0.57,1.0,30.797106490226156,-182.93046072035816,-182.93046072035816,7.53e-5,0.30699999999999994,0.5872523687443223,0.8556288707523761
0.57,1.0,34.52434272516848,-184.79407883782932,-184.79407883782932,7.53e-5,0.30699999999999994,0.5872523687443223,0.8556288707523761
0.57,1.0,38.60350109540724,-186.8336580229487,-186.8336580229487,7.53e-5,0.30699999999999994,0.5872523687443223,0.8556288707523761
0.57,1.0,42.89467837526587,-188.979246662878,-188.979246662878,7.53e-5,0.30699999999999994,0.5872523687443223,0.8556288707523761
0.57,1.0,39.484317574489296,-187.27406626248973,-187.27406626248973,7.53e-5,0.30699999999999994,0.5872523687443223,0.8556288707523761
0.57,1.0,36.2510914080525,-185.65745317927133,-185.65745317927133,7.53e-5,0.30699999999999994,0.5872523687443223,0.8556288707523761
0.57,1.0,33.20029942538184,-184.132057187936,-184.132057187936,7.53e-5,0.30699999999999994,0.5872523687443223,0.8556288707523761
0.57,1.0,30.33730771348337,-182.70056133198676,-182.70056133198676,7.53e-5,0.30699999999999994,0.5872523687443223,0.8556288707523761
0.57,1.0,27.667549589349562,-181.36568226991986,-181.36568226991986,7.53e-5,0.30699999999999994,0.5872523687443223,0.8556288707523761
0.57,1.0,25.196526301555537,-180.13017062602285,-180.13017062602285,7.53e-5,0.30699999999999994,0.5872523687443223,0.8556288707523761
0.57,1.0,22.929807741116747,-178.99681134580345,-178.99681134580345,7.53e-5,0.30699999999999994,0.5872523687443223,0.8556288707523761
0.57,1.0,20.873033161729666,-177.9684240561099,-177.9684240561099,7.53e-5,0.30699999999999994,0.5872523687443223,0.8556288707523761
0.57,1.0,19.03191190950497,-177.04786342999756,-177.04786342999756,7.53e-5,0.30699999999999994,0.5872523687443223,0.8556288707523761
0.57,1.0,17.412224162305847,-176.238019556398,-176.238019556398,7.53e-5,0.30699999999999994,0.5872523687443223,0.8556288707523761
0.57,1.0,16.01982167879271,-175.54181831464143,-175.54181831464143,7.53e-5,0.30699999999999994,0.5872523687443223,0.8556288707523761
0.57,1.0,14.860628557304835,-174.9622217538975,-174.9622217538975,7.53e-5,0.30699999999999994,0.5872523687443223,0.8556288707523761
0.57,1.0,13.940642004680456,-174.5022284775853,-174.5022284775853,7.53e-5,0.30699999999999994,0.5872523687443223,0.8556288707523761
0.57,1.0,13.265933115142843,-174.1648740328165,-174.1648740328165,7.53e-5,0.30699999999999994,0.5872523687443223,0.8556288707523761
0.57,1.0,12.842647659364445,-173.9532313049273,-173.9532313049273,7.53e-5,0.30699999999999994,0.5872523687443223,0.8556288707523761
0.57,1.0,12.677006883834167,-173.87041091716216,-173.87041091716216,7.53e-5,0.30699999999999994,0.5872523687443223,0.8556288707523761
0.57,1.0,12.77530832064798,-173.91956163556907,-173.91956163556907,7.53e-5,0.30699999999999994,0.5872523687443223,0.8556288707523761
0.57,1.0,13.143926607848016,-174.10387077916909,-174.10387077916909,7.53e-5,0.30699999999999994,0.5872523687443223,0.8556288707523761
0.57,1.0,13.78931432043828,-174.42656463546422,-174.42656463546422,7.53e-5,0.30699999999999994,0.5872523687443223,0.8556288707523761
0.57,1.0,14.718002812198108,-174.89090888134413,-174.89090888134413,7.53e-5,0.30699999999999994,0.5872523687443223,0.8556288707523761
0.57,1.0,15.936603068429577,-175.50020900945987,-175.50020900945987,7.53e-5,0.30699999999999994,0.5872523687443223,0.8556288707523761
0.57,1.0,17.45180656977135,-176.25781076013075,-176.25781076013075,7.53e-5,0.30699999999999994,0.5872523687443223,0.8556288707523761
0.57,1.0,19.27038616720108,-177.16710055884562,-177.16710055884562,7.53e-5,0.30699999999999994,0.5872523687443223,0.8556288707523761
0.57,1.0,21.399196968374667,-178.2315059594324,-178.2315059594324,7.53e-5,0.30699999999999994,0.5872523687443223,0.8556288707523761
0.57,1.0,23.845177235432402,-179.45449609296128,-179.45449609296128,7.53e-5,0.30699999999999994,0.5872523687443223,0.8556288707523761
0.57,1.0,26.615349294415807,-180.83958212245298,-180.83958212245298,7.53e-5,0.30699999999999994,0.5872523687443223,0.8556288707523761
0.57,1.0,29.716820456419896,-182.39031770345503,-182.39031770345503,7.53e-5,0.30699999999999994,0.5872523687443223,0.8556288707523761
0.57,1.0,33.15678395065606,-184.1102994505731,-184.1102994505731,7.53e-5,0.30699999999999994,0.5872523687443223,0.8556288707523761
0.57,1.0,36.942519869532134,-186.00316741001114,-186.00316741001114,7.53e-5,0.30699999999999994,0.5872523687443223,0.8556288707523761
0.57,1.0,41.0813961259239,-188.07260553820703,-188.07260553820703,7.53e-5,0.30699999999999994,0.5872523687443223,0.8556288707523761
0.57,1.0,44.15713295315231,-189.61047395182123,-189.61047395182123,7.53e-5,0.30699999999999994,0.5872523687443223,0.8556288707523761
0.57,1.0,40.77983502897678,-187.92182498973347,-187.92182498973347,7.53e-5,0.30699999999999994,0.5872523687443223,0.8556288707523761
0.57,1.0,37.58039440469008,-186.32210467759012,-186.32210467759012,7.53e-5,0.30699999999999994,0.5872523687443223,0.8556288707523761
0.57,1.0,34.56412389986025,-184.8139694251752,-184.8139694251752,7.53e-5,0.30699999999999994,0.5872523687443223,0.8556288707523761
0.57,1.0,31.73640307705989,-183.40010901377502,-183.40010901377502,7.53e-5,0.30699999999999994,0.5872523687443223,0.8556288707523761
0.57,1.0,29.10267893712694,-182.08324694380855,-182.08324694380855,7.53e-5,0.30699999999999994,0.5872523687443223,0.8556288707523761
0.57,1.0,26.66846662365151,-180.86614078707083,-180.86614078707083,7.53e-5,0.30699999999999994,0.5872523687443223,0.8556288707523761
0.57,1.0,24.439350136782195,-179.75158254363618,-179.75158254363618,7.53e-5,0.30699999999999994,0.5872523687443223,0.8556288707523761
0.57,1.0,22.420983056433556,-178.74239900346186,-178.74239900346186,7.53e-5,0.30699999999999994,0.5872523687443223,0.8556288707523761
0.57,1.0,20.61908927504811,-177.84145211276913,-177.84145211276913,7.53e-5,0.30699999999999994,0.5872523687443223,0.8556288707523761
0.57,1.0,19.039463740000997,-177.05163934524558,-177.05163934524558,7.53e-5,0.30699999999999994,0.5872523687443223,0.8556288707523761
0.57,1.0,17.687973205752883,-176.37589407812152,-176.37589407812152,7.53e-5,0.30699999999999994,0.5872523687443223,0.8556288707523761
0.57,1.0,16.570556995887387,-175.81718597318877,-175.81718597318877,7.53e-5,0.30699999999999994,0.5872523687443223,0.8556288707523761
0.57,1.0,15.693227775128207,-175.37852136280918,-175.37852136280918,7.53e-5,0.30699999999999994,0.5872523687443223,0.8556288707523761
0.57,1.0,15.062072331474269,-175.0629436409822,-175.0629436409822,7.53e-5,0.30699999999999994,0.5872523687443223,0.8556288707523761
0.57,1.0,14.683252368551052,-174.8735336595206,-174.8735336595206,7.53e-5,0.30699999999999994,0.5872523687443223,0.8556288707523761
0.57,1.0,14.563005308321863,-174.813410129406,-174.813410129406,7.53e-5,0.30699999999999994,0.5872523687443223,0.8556288707523761
0.57,1.0,14.707645104259313,-174.88573002737473,-174.88573002737473,7.53e-5,0.30699999999999994,0.5872523687443223,0.8556288707523761
0.57,1.0,15.123563065124586,-175.09368900780737,-175.09368900780737,7.53e-5,0.30699999999999994,0.5872523687443223,0.8556288707523761
0.57,1.0,15.817228689458261,-175.4405218199742,-175.4405218199742,7.53e-5,0.30699999999999994,0.5872523687443223,0.8556288707523761
0.57,1.0,16.795190510936607,-175.92950273071338,-175.92950273071338,7.53e-5,0.30699999999999994,0.5872523687443223,0.8556288707523761
0.57,1.0,18.064076954694542,-176.56394595259235,-176.56394595259235,7.53e-5,0.30699999999999994,0.5872523687443223,0.8556288707523761
0.57,1.0,19.630597204774176,-177.34720607763217,-177.34720607763217,7.53e-5,0.30699999999999994,0.5872523687443223,0.8556288707523761
0.57,1.0,21.501542082814865,-178.2826785166525,-178.2826785166525,7.53e-5,0.30699999999999994,0.5872523687443223,0.8556288707523761
0.57,1.0,23.68378493812878,-179.37379994430947,-179.37379994430947,7.53e-5,0.30699999999999994,0.5872523687443223,0.8556288707523761
0.57,1.0,26.184282549294778,-180.62404874989247,-180.62404874989247,7.53e-5,0.30699999999999994,0.5872523687443223,0.8556288707523761
0.57,1.0,29.01007603742005,-182.0369454939551,-182.0369454939551,7.53e-5,0.30699999999999994,0.5872523687443223,0.8556288707523761
0.57,1.0,32.16829179119361,-183.61605337084188,-183.61605337084188,7.53e-5,0.30699999999999994,0.5872523687443223,0.8556288707523761
0.57,1.0,35.66614240389504,-185.3649786771926,-185.3649786771926,7.53e-5,0.30699999999999994,0.5872523687443223,0.8556288707523761
0.57,1.0,39.51092762249277,-187.28737128649146,-187.28737128649146,7.53e-5,0.30699999999999994,0.5872523687443223,0.8556288707523761
0.57,1.0,43.71003530896775,-189.38692512972895,-189.38692512972895,7.53e-5,0.30699999999999994,0.5872523687443223,0.8556288707523761
