sin2_theta23,dm2_32,dcp,dchi2,log_likelihood,log_posterior,nova_hadronic_energy_scale,nova_muon_energy_scale,nova_nue_bkg_norm,nova_nue_signal_norm,nova_nue_xsec_ratio_nu,nova_nue_xsec_ratio_nubar,nova_numu_norm,nova_rhc_hadronic_energy_scale,nova_rhc_norm,t2k_cc1pi_norm,t2k_energy_scale,t2k_fhc1re1de_norm,t2k_fhc1re_norm,t2k_fhc1rmu_norm,t2k_flux_xsec_norm,t2k_nc_norm,t2k_nonqe_norm,t2k_nue_xsec_ratio_nu,t2k_nue_xsec_ratio_nubar,t2k_rhc1re_norm,t2k_rhc1rmu_norm,t2k_rhc_norm,dm2_21,dm2_31,sin2_theta12,theta12,sin2_theta13,theta13,theta23
0.35,-0.0026216442282933883,0.0,187.6829327427779,-748.4349799390081,-695.6762990137166,0.9887299142183053,0.9997286759652213,1.1121612365088924,1.0483380357521013,1.0127854527188844,0.9997196256961159,0.8819282629376055,1.0000141552684647,0.9966810168970186,1.0187319811164774,1.0086118878666561,1.1169757591690543,1.0291132759216084,0.952045883384919,0.9538799527785722,1.1395458831871879,0.8556430063896888,1.0241069069179425,1.0011538277451433,1.0017083270174079,0.9919853527248196,0.986763214376556,7.53e-5,-0.0025463442282933884,0.30699999999999994,0.5872523687443223,0.022822433418041695,0.15165157236877141,0.6330518363897495
0.35,-0.002623480136084708,0.2617993877991494,200.37710266533782,-754.180160088756,-702.0233839749966,0.9905668070897763,0.9997533368711877,1.1314760352595272,1.0490670195363312,1.0134399123309934,0.9992472978206008,0.8821216788832087,1.0001358115900658,0.9957030197120309,1.0185261517626107,1.0094994038307354,1.1200328774871193,1.0313311212514358,0.9518397004409447,0.9548414199275173,1.1707668389971873,0.8547318269305275,1.0251569085454346,1.000814459723725,1.0008924640765897,0.9919406254884313,0.9863395437418077,7.53e-5,-0.002548180136084708,0.30699999999999994,0.5872523687443223,0.02291890298505693,0.15197423236145835,0.6330518363897495
0.35,-0.002624886603391353,0.5235987755982988,214.0232697464487,-760.3380130529583,-708.846467515552,0.993614073366217,0.9997531241510106,1.1512398320395156,1.0489516006752142,1.0138493360090153,0.9987944299307594,0.8821180109399893,1.0002455861646142,0.9947442687932462,1.0183064023978095,1.0105912303738624,1.1225813117571706,1.0333531233426403,0.9516564459082447,0.9556877748149439,1.205493766919623,0.8534651227289347,1.0259552301164194,1.000482559537518,1.000126585708313,0.9918961741890517,0.9859376814685238,7.53e-5,-0.002549586603391353,0.30699999999999994,0.5872523687443223,0.023012885062395256,0.1522879354020208,0.6330518363897495
0.35,-0.002625454693643942,0.7853981633974483,227.23582764752018,-766.2550441226573,-715.4527464660878,0.9977104859078708,0.9997165536499717,1.1693806532937945,1.0481487078302079,1.0140157846407483,0.9984014661771788,0.8818245261407626,1.0003262897423768,0.9938790944422855,1.0180902798046507,1.011765098067475,1.1244552808046562,1.0350349867750326,0.9515130331832866,0.9563494909291864,1.2415330856378342,0.8520127139017397,1.02645122458612,1.0001869470352083,0.9994675694803723,0.9918558854530317,0.9855890527491401,7.53e-5,-0.002550154693643942,0.30699999999999994,0.5872523687443223,0.02309592493468081,0.15256459433760564,0.6330518363897495
0.35,-0.002624779213379343,1.0471975511965976,238.33630299386732,-771.1581830802533,-721.0029841392613,1.0023566816684253,0.999640298977627,1.1834452540564662,1.0470190975143616,1.0140104832340302,0.9980971374123669,0.8812014793403942,1.0003693742340676,0.9931725793201732,1.0178755951854839,1.0128741369842122,1.1255611434370747,1.0362552294281246,0.9514047336049011,0.956770536903319,1.2759161742967706,0.8505855365269639,1.026656231840893,0.9999520759702777,0.9989614832989546,0.9918185531677344,0.985309173054172,7.53e-5,-0.002549479213379343,0.30699999999999994,0.5872523687443223,0.02315928305788648,0.15277535432729208,0.6330518363897495
0.35,-0.0026225545710559946,1.3089969389957472,245.69445743498045,-774.3326974935867,-724.6820613598179,1.0068018880542133,0.999526958233404,1.1912479143731554,1.045977655849554,1.013919962362312,0.9979046206340494,0.8803006035691612,1.0003708282519344,0.9926700066918821,1.0176777495364329,1.0137510978013247,1.1258316911668511,1.0369655714069617,0.9513411963121013,0.9569165462891582,1.3049716577751447,0.8494219581581897,1.026638281117955,0.9997983975281519,0.9986468301602561,0.9917865152971996,0.9851200819807646,7.53e-5,-0.0025472545710559947,0.30699999999999994,0.5872523687443223,0.023195153567126203,0.15289455234496968,0.6330518363897495
0.35,-0.002618832571246379,1.5707963267948966,248.14379865624505,-775.2964506533124,-725.9067319704502,1.010250869795819,0.9993927941172549,1.1914970998591008,1.0453633874402275,1.013829130356121,0.9978304803102891,0.8792285418291627,1.0003350131525848,0.9923983073843511,1.0174970881657088,1.0142512121890885,1.1252652822824691,1.0371568830581295,0.9513153006418901,0.956805397870859,1.3250465994299305,0.8487835003267548,1.026503353690432,0.9997365940442156,0.998543361933359,0.9917587725788737,0.9850272318848573,7.53e-5,-0.002543532571246379,0.30699999999999994,0.5872523687443223,0.02319933826908197,0.1529084522836943,0.6330518363897495
0.35,-0.002614014108144954,1.8325957145940461,245.30859771720975,-773.9289028563296,-724.4891315009326,1.0121585075400499,0.9992584919099781,1.1841983184769989,1.0452526742970287,1.0137521310758915,0.9978797307004754,0.8781635526763449,1.0002701712983872,0.9923790127639857,1.0173596511229752,1.014306532303851,1.12390818970742,1.0368693257827486,0.9513292732618652,0.9564770986147679,1.3330488232520188,0.8488131402870263,1.026338111541537,0.9997698141047994,0.9986580930671011,0.9917380415877575,0.9850392720335673,7.53e-5,-0.002538714108144954,0.30699999999999994,0.5872523687443223,0.02317161034387556,0.15281632816410576,0.6330518363897495
0.35,-0.0026087661175038784,2.0943951023931953,237.6998554463264,-770.4818619868631,-720.6847603654909,1.0123560324952336,0.9991437639496026,1.1705063660987207,1.0454745296503538,1.0136460480371805,0.998049595605389,0.877259968261502,1.00018782405056,0.9926227125532187,1.0172982208689,1.0139289466303594,1.121868616807696,1.036150587256935,0.9513798822458857,0.9559857401472628,1.3274280196052197,0.8495149393179812,1.0261728196174802,0.9998914664220386,0.9989803327031357,0.9917272388352247,0.985156682685567,7.53e-5,-0.0025334661175038784,0.30699999999999994,0.5872523687443223,0.023115854511398505,0.15263092021371968,0.6330518363897495
0.35,-0.0026038159601258185,2.356194490192345,226.54915420393422,-765.5001532681249,-715.1094097442948,1.011057035071741,0.9990616444448609,1.1524414871572943,1.0457168033911888,1.0134390191488416,0.9983292213392405,0.8766505483025808,1.0001007384443181,0.99311974800145,1.0173178849311622,1.0132184045683152,1.1192454583078697,1.0350378551670698,0.9514723685514811,0.9553796906594842,1.3090178520729538,0.8506905501413913,1.025964953789103,1.000086833774348,0.9994841536430111,0.9917289336109341,0.9853728237263316,7.53e-5,-0.0025285159601258185,0.30699999999999994,0.5872523687443223,0.023038923252279155,0.15237473764360196,0.6330518363897495
0.35,-0.0025997788731558836,2.6179938779914944,213.46557712009303,-759.6794197820143,-708.5676212023742,1.0087391657529554,0.999019476241262,1.132239934594774,1.0456599417679704,1.0130644550586765,0.9986995726154474,0.8763753131254124,1.00002225406812,0.993837922509248,1.0174249382903975,1.0123127395815126,1.116218481715019,1.0335644334454355,0.9516035952611301,0.9546838804302077,1.2807838091720785,0.8520674776683865,1.0256246092496526,1.000335901322779,1.0001317517637613,0.9917445427074184,0.9856739191009615,7.53e-5,-0.0025244788731558837,0.30699999999999994,0.5872523687443223,0.022948761141862114,0.15207396394611195,0.6330518363897495
0.35,-0.002597039376652471,2.8797932657906435,200.05516182216888,-753.7181301010355,-701.8624135534121,1.0059359009132047,0.9990134466564292,1.1120418247988955,1.0451071859413823,1.01249351619958,0.9991350689131823,0.8764075443086421,0.9999620523820764,0.9947242428911947,1.017611280223978,1.011372849731054,1.1129483582504007,1.0317816176177368,0.9517793244934387,0.9539174623214904,1.246719299919212,0.8534043177465928,1.0250656750816114,1.0006160507896389,1.0008761559256272,0.9917762002428984,0.9860447507399248,7.53e-5,-0.002521739376652471,0.30699999999999994,0.5872523687443223,0.022853365298089776,0.15175510207020929,0.6330518363897495
0.35,-0.0025957224682988606,3.141592653589793,187.62397547719388,-748.1900354505684,-695.6468203809246,1.0031223860956617,0.9990382790583414,1.093533810311878,1.044015007140201,1.011752099201992,0.9995980343877112,0.876676708081966,0.9999261605099901,0.9956990958977371,1.0178492569709219,1.0105055064724207,1.1096755386076427,1.029768702842477,0.9519811107615817,0.9531014517070262,1.2111181591258713,0.8544989915505693,1.024257840071599,1.000905613618123,1.0016652418170293,0.9918196248750019,0.9864548786505524,7.53e-5,-0.0025204224682988607,0.30699999999999994,0.5872523687443223,0.02275983967428945,0.1514418598567022,0.6330518363897495
0.35,-0.0025957488342980258,3.4033920413889422,177.0252407935077,-743.4784742080519,-690.3474530390815,1.0006062896187622,0.9990827472068387,1.0778835974653491,1.042502420950825,1.0109057485307078,1.0000526020152252,0.8770958402380067,0.9999132831004532,0.9966810438258256,1.0181283568772947,1.00976867442225,1.106627497350249,1.0276544795498046,0.9521990599156281,0.9522761557720051,1.1771647022405323,0.8552776849814056,1.0232411414253373,1.0011866312893964,1.0024463654740448,0.9918731191477966,0.9868797480442916,7.53e-5,-0.002520448834298026,0.30699999999999994,0.5872523687443223,0.022674140771282627,0.15115427905670326,0.6330518363897495
0.35,-0.0025969377894267485,3.6651914291880923,168.6487695477706,-739.7606835249121,-686.159217416213,0.9985220659281524,0.9991419110458013,1.0657516856849993,1.0407977628279108,1.0100544546984755,1.0004612098434063,0.8775885302679484,0.9999150644980997,0.997587521160314,1.0183943333116765,1.0091885159872307,1.1040084444731726,1.0255869530228428,0.9524094816991829,0.9514955946798254,1.1470460129212021,0.8557498480582073,1.0221179867220243,1.0014479032273504,1.0031724775836193,0.9919282769429215,0.9872839010945904,7.53e-5,-0.0025216377894267485,0.30699999999999994,0.5872523687443223,0.022600937573966546,0.15090820957198747,0.6330518363897495
0.35,-0.0025990018450106895,3.9269908169872414,162.51268628173693,-737.0492448354769,-683.0911757831961,0.996846382023722,0.9992062165733036,1.0572384283593368,1.039191174477945,1.0092952068762029,1.000800260596128,0.8781174702523282,0.9999186540379391,0.9983623042903252,1.0186703831443156,1.0087395553899279,1.102018762631725,1.0237350260922826,0.9526025006357559,0.9508217162183932,1.1214765215379936,0.8559713835361636,1.0210198254561587,1.0016784819471947,1.0037954613125792,0.9919854135400731,0.9876483969529046,7.53e-5,-0.0025237018450106896,0.30699999999999994,0.5872523687443223,0.02254332200452171,0.15071426335115065,0.6330518363897495
0.35,-0.0026016523630433795,4.1887902047863905,158.40804242777676,-735.2459922377983,-681.0388538562161,0.9954378383926579,0.9992741962046413,1.052196766943564,1.0379771446108417,1.00872618772064,1.001051466849923,0.8786443797825149,0.9999105203651034,0.9989647911221032,1.0189103621863063,1.0083865017868892,1.100786788685165,1.0222444365890986,0.9527575336551901,0.9503112622494689,1.1009472821460533,0.8560493801543075,1.0200854550568592,1.0018722506765738,1.0042795482811433,0.9920366948625271,0.9879435883588377,7.53e-5,-0.0025263523630433796,0.30699999999999994,0.5872523687443223,0.022503368487752577,0.1505796291446352,0.6330518363897495
0.35,-0.002604590142988666,4.4505895925855405,156.05408871798295,-734.2182248267538,-679.8618770013192,0.9941398366615128,0.9993423635132618,1.0502673792665809,1.0373978338168668,1.0084189081618657,1.0012084879091692,0.8791490660109118,0.9998824955541319,0.9993734936628075,1.0190887899794063,1.0080953693254346,1.1004060728170437,1.0212356588470841,0.9528567761627605,0.9500069207297475,1.085630455759102,0.8560841232840792,1.0194334873115178,1.002021859251956,1.0045963235719484,0.9920757737391099,0.9881463669633649,7.53e-5,-0.002529290142988666,0.30699999999999994,0.5872523687443223,0.02248200395054131,0.15050758762983543,0.6330518363897495
0.35,-0.0026075609144412034,4.71238898038469,155.23221943636804,-733.8638042984273,-679.4509423605117,0.9928254786328053,0.9994093206988874,1.051056069356582,1.0376038742854448,1.008411468299043,1.0012707750401952,0.8796286962308448,0.9998386298674465,0.9995871582181428,1.0192180602836565,1.00784605190655,1.1009019693091076,1.020795131507252,0.9528986809927974,0.9499370890210097,1.075506641220604,0.8561310945651781,1.0191437072079463,1.0021139065279294,1.004718877221335,0.9921035415753934,0.9882468765169717,7.53e-5,-0.0025322609144412035,0.30699999999999994,0.5872523687443223,0.022479378272419758,0.15049873149972512,0.6330518363897495
0.35,-0.002610393963228277,4.974188368183839,155.87512333232212,-734.1492416735059,-679.7723943084887,0.9914726702705305,0.9994727536641278,1.054363564415153,1.0386155531088295,1.0087108063037047,1.0012385251644575,0.8800735014752001,0.9997917408031759,0.9995985962002655,1.0192806113602182,1.0076386665486443,1.1022592336429509,1.0209612822949266,0.9528732684972867,0.950110630378383,1.0709306166195542,0.8562229815066998,1.0192568627463965,1.002138933983334,1.004639005665708,0.9921154745311317,0.9882337679621482,7.53e-5,-0.002535093963228277,0.30699999999999994,0.5872523687443223,0.022495339023067145,0.15055255759915867,0.6330518363897495
0.35,-0.0026129899214350437,5.235987755982989,158.09533422790332,-735.1308643024593,-680.8824997562793,0.9901256898670869,0.999532390094659,1.0601979025484165,1.0403197317665696,1.0092884852812705,1.00111046488816,0.8804831216513918,0.999761663602188,0.9994027402971478,1.019272808719812,1.0075048280285337,1.1043622029730977,1.021725228805816,0.9527912406709482,0.9505283222052958,1.072176097621471,0.8563798349209578,1.0197615647825409,1.0020870800629387,1.004356341058887,0.9921130000544444,0.9881094043405734,7.53e-5,-0.002537689921435044,0.30699999999999994,0.5872523687443223,0.022529501578334634,0.150667704874069,0.6330518363897495
0.35,-0.00261535550523649,5.497787143782138,162.14759961290633,-736.9323791241488,-682.9086324487808,0.9889617294846196,0.9995886266938971,1.0687509887548445,1.0424770716005376,1.0100819311652762,1.0008859560878405,0.8808861247249402,0.9997659532047203,0.9989974067749582,1.0192053881684926,1.007475542025593,1.1070993539050475,1.0230363602563395,0.952651607130115,0.9511563233356627,1.079582832643555,0.8564667606891705,1.0206061612943407,1.0019549090243798,1.0038867167141328,0.9920957693988085,0.9878799569839074,7.53e-5,-0.00254005550523649,0.30699999999999994,0.5872523687443223,0.022581148445138095,0.150841622427374,0.6330518363897495
0.35,-0.0026175438961574147,5.759586531581287,168.332243946041,-739.6999804482659,-686.0009546153482,0.9881718095416351,0.9996410488181413,1.0802605883166738,1.0447679026732173,1.0110027603197707,1.000568779221146,0.8812635416397012,0.9998131662232018,0.998388211452471,1.0190821447535878,1.0076205452909757,1.1102534609387564,1.0247975632256423,0.9524697346897634,0.9519602372779565,1.0932656917145158,0.8564355862184385,1.0216962081843837,1.0017461799280845,1.003259450949156,0.9920663874443146,0.9875625195929187,7.53e-5,-0.002542243896157415,0.30699999999999994,0.5872523687443223,0.02264899821030376,0.15106980719762692,0.6330518363897495
0.35,-0.0026196359029686113,6.021385919380437,176.85730092996482,-743.5396874887653,-690.2634831073101,0.9880063581448064,0.999688617248771,1.0948204076705228,1.046828553636383,1.011941260895421,1.0001715438720074,0.881622613755116,0.9999002108455203,0.9975979250225355,1.018921173776311,1.0079865479898733,1.113639761082171,1.0268777773642377,0.9522616530037061,0.9528938595897513,1.1134653470463682,0.8561992973690514,1.0229100986612758,1.0014728973376854,1.002516647049869,0.9920283559823504,0.9871809891893406,7.53e-5,-0.0025443359029686113,0.30699999999999994,0.5872523687443223,0.022730665345515395,0.15134401868985514,0.6330518363897495
0.35,-0.002621644228293405,6.283185307179586,187.68293274279768,-748.4349799390194,-695.6762990137265,0.9887299142183028,0.9997286759652213,1.1121612365089093,1.048338035752105,1.0127854527188858,0.9997196256961158,0.8819282629376018,1.0000141552684647,0.9966810168970176,1.0187319811164746,1.008611887866674,1.116975759169037,1.0291132759216068,0.9520458833849257,0.9538799527785806,1.1395458831871437,0.855643006389739,1.0241069069179416,1.0011538277451437,1.0017083270174088,0.991985352724821,0.9867632143765591,7.53e-5,-0.002546344228293405,0.30699999999999994,0.5872523687443223,0.022822433418041688,0.1516515723687714,0.6330518363897495
0.36613096413650886,-0.002607330625072458,0.0,141.65049944866928,-729.7020586830115,-672.6600823666623,0.9909244376984906,0.9998122237656974,1.1037387154168143,1.0468710448708543,1.0125743849523636,0.999534480851388,0.9102976460564236,1.0001018741366998,0.9985690026244055,1.0185512810172221,1.0062977257390875,1.114434376835571,1.0275244771957,0.9579609536705546,0.9624861350184227,1.1358749930307268,0.8785438303854616,1.023178628891866,1.0008431752141282,1.0009498632606038,0.9930797604406837,0.9883568918883632,7.53e-5,-0.002532030625072458,0.30699999999999994,0.5872523687443223,0.022814099807633215,0.15162366787137668,0.6498758500760504
0.36613096413650886,-0.0026090197764074285,0.2617993877991494,153.77588433695269,-735.1655078555891,-678.722774810804,0.9927341126803296,0.9998349136291286,1.1224283809657156,1.0477969307301032,1.0132940730036317,0.9990489803280727,0.9104767835046012,1.0002277443759886,0.9975670537107798,1.0183343360321908,1.0071370485902225,1.1175689188621274,1.029834147901696,0.9577486295378471,0.9634653199239565,1.1658274961477604,0.8778343142919787,1.0243714697372515,1.0004825341243553,1.0001060418880514,0.9930326934960128,0.9879189547923504,7.53e-5,-0.0025337197764074286,0.30699999999999994,0.5872523687443223,0.02291407157720084,0.15195808863317015,0.6498758500760504
0.36613096413650886,-0.0026102922015362943,0.5235987755982988,166.81251204816522,-741.0260385896828,-685.2410886664103,0.9957004783054315,0.9998328426243485,1.1414638836418756,1.047895113662704,1.0137721165430307,0.9985835947748455,0.9104526836515617,1.000340728502623,0.9965846145777024,1.0181130348644636,1.0081791918120164,1.1201957888503793,1.0319543850014186,0.9575572838079356,0.9643348513033058,1.1992064906147164,0.8767960857525816,1.025319901268105,1.0001319955336117,0.9993150180810334,0.9929864616773082,0.9875051000389581,7.53e-5,-0.0025349922015362944,0.30699999999999994,0.5872523687443223,0.02301137871436173,0.15228291229632546,0.6498758500760504
0.36613096413650886,-0.0026107924575992413,0.7853981633974483,179.4235406205928,-746.658229962952,-691.5466029526241,0.9996536489573988,0.9997971002711302,1.1588178632348902,1.0473008894103746,1.014007484649429,0.998177674214654,0.9101490208587837,1.0004244511562186,0.9956978889695488,1.0178909392071427,1.009322895935679,1.1221384684121738,1.033724203338316,0.9573995961659902,0.9650189759394517,1.2339260429068892,0.8755372356972789,1.0259597340299869,0.9998209646554912,0.9986342529672577,0.9929431366128512,0.987142783767657,7.53e-5,-0.0025354924575992414,0.30699999999999994,0.5872523687443223,0.023097183578039977,0.15256878394450352,0.6498758500760504
0.36613096413650886,-0.00261012536629923,1.0471975511965976,189.99528439384062,-751.3249569685843,-696.832474839248,1.0040957771479482,0.9997218904724526,1.1721577508071297,1.0463349478132928,1.0140561123323748,0.9978625976366532,0.9095252258860914,1.0004694260465719,0.9949693368850758,1.0176723496543327,1.0104120753158328,1.1232742806525162,1.0350246486013703,0.957282031812945,0.9654584013019881,1.267096820434754,0.8742526052731743,1.026289171850245,0.9995756801800847,0.9981133699706985,0.992903837797376,0.9868546278027118,7.53e-5,-0.00253482536629923,0.30699999999999994,0.5872523687443223,0.023162294619037304,0.1527853652354024,0.6498758500760504
0.36613096413650886,-0.0026080092653813307,1.3089969389957472,196.96827122958985,-754.3434604321255,-700.3189682571226,1.0083047463278907,0.9996125643114583,1.1794162143711715,1.045387864209698,1.0139997330161747,0.9976611401195752,0.9086279968608926,1.0004716021195037,0.9944502305856464,1.0174702651641407,1.0112717628090788,1.1235386116447603,1.0357937674379971,0.957208511722806,0.9656238028404733,1.2951492628359789,0.873199572705251,1.0263632522254706,0.9994166463250928,0.9977905433328706,0.9928699481210972,0.9866595653247378,7.53e-5,-0.002532709265381331,0.30699999999999994,0.5872523687443223,0.02319888457240664,0.15290694534042612,0.6498758500760504
0.36613096413650886,-0.0026044887099029063,1.5707963267948966,199.23469618348258,-755.2543689909753,-701.452180734069,1.0115383208406497,0.9994843659751457,1.1794084594712226,1.0447586767524957,1.0139090119318181,0.9975824810249326,0.9075726596004586,1.000434853706333,0.9941687386146758,1.0172991308814598,1.0117727179354339,1.1229468324541059,1.0360209101769156,0.9571751908929425,0.965524540870416,1.314575824498767,0.8725973239351629,1.026271650296722,0.999355536705531,0.9976875166742337,0.9928418978987563,0.986567178772018,7.53e-5,-0.0025291887099029063,0.30699999999999994,0.5872523687443223,0.02320247155716125,0.15291885903663982,0.6498758500760504
0.36613096413650886,-0.0025999571661171035,1.8325957145940461,196.44721131508618,-753.9425562984437,-700.0584382998708,1.0132784484514576,0.9993562659108484,1.1721552928117498,1.0445232233780384,1.0138006781185158,0.9976297520803606,0.9065328505504229,1.0003676273339752,0.9941464211210944,1.0171760550591942,1.0118493912430153,1.121546892898071,1.035732964384609,0.9571826493732762,0.9651997782136806,1.322438068741455,0.872593531055048,1.026092487471908,0.999394897816955,0.9978100264123042,0.9928216395753068,0.9865831986915996,7.53e-5,-0.0025246571661171036,0.30699999999999994,0.5872523687443223,0.023172856185374954,0.15282046854078493,0.6498758500760504
0.36613096413650886,-0.0025949984971682994,2.0943951023931953,189.10683740442028,-750.649563119863,-696.3882513445378,1.0133736112381722,0.9992475389157321,1.1588034518391201,1.0445337147348401,1.0136383758430847,0.9978001364818173,0.9056718469303814,1.0002810558887623,0.9943934212198442,1.0171230653206362,1.0115075975788808,1.1194276539856256,1.0349768640535415,0.9572326885289048,0.9647048061486185,1.3172710860333436,0.873172614540403,1.0258582331450161,0.9995278517673577,0.9981467905876545,0.9928119825589985,0.9867079181848787,7.53e-5,-0.0025196984971682995,0.30699999999999994,0.5872523687443223,0.023114218825918836,0.15262547768415322,0.6498758500760504
0.36613096413650886,-0.0025902975055937904,2.356194490192345,178.40198860915348,-745.8957811000098,-691.0358269469044,1.012045800906589,0.9991707614442854,1.141253797944388,1.0445072057982723,1.013356024025258,0.998083991867541,0.9050955315584718,1.0001879395655644,0.9949006725594094,1.0171561268858162,1.0108350247444706,1.1167221677636678,1.033796781731084,0.9573272415008967,0.9640829956449241,1.2997850260780952,0.8741662815190021,1.0255351330304199,0.9997394584077912,0.9986714342443188,0.9928157176284043,0.9869352509848318,7.53e-5,-0.0025149975055937905,0.30699999999999994,0.5872523687443223,0.023033599123579628,0.1523569927528133,0.6498758500760504
0.36613096413650886,-0.0025864344407887695,2.6179938779914944,165.87936354043427,-740.3482709625057,-684.7745144125448,1.0097507259663907,0.9991317448621905,1.121690505235276,1.0441727582057982,1.0129004192945683,0.9984619567650423,0.9048423098078835,1.000101678913137,0.9956360517134226,1.0172734326169801,1.0099718779307703,1.1135854309061026,1.0322353310847787,0.957467699523968,0.9633683735431848,1.272758964615277,0.8753561632757786,1.0250503138208693,1.0000086577419458,0.9993442645676615,0.9928345687416302,0.987251450396831,7.53e-5,-0.0025111344407887696,0.30699999999999994,0.5872523687443223,0.02293949247311045,0.1520430117191712,0.6498758500760504
0.36613096413650886,-0.0025837782791821653,2.8797932657906435,153.07879424874864,-734.6760189706947,-678.374229766702,1.0070156172266889,0.9991270210951853,1.1021288846618764,1.0433556612502684,1.0122506306931676,0.9989069333409153,0.9048945782260431,1.0000324271672958,0.9965437217255483,1.017471190330715,1.0090574890911685,1.110229637887226,1.030351052575039,0.9576499870392545,0.9625780536707782,1.240113490552705,0.8764829108707431,1.0243342218104894,1.0003117113250939,1.0001166405846291,0.9928689044010851,0.9876370230433498,7.53e-5,-0.0025084782791821654,0.30699999999999994,0.5872523687443223,0.022840128413060126,0.151710806297747,0.6498758500760504
0.36613096413650886,-0.002582478094362637,3.141592653589793,141.24801996356973,-729.4261086596057,-672.4588426241125,1.0042885420280978,0.9991538697050139,1.0842283253901235,1.0420494790769566,1.0114412490016955,0.9993822049854094,0.9051676572488031,0.9999873965796423,0.9975460814786921,1.0177134550578701,1.0082177505170093,1.106860831070872,1.0282358722944918,0.957860341729234,0.9617375286647956,1.2058732767321392,0.8773740870041321,1.0233725473992663,1.0006255761434835,1.0009346410406232,0.992914796626824,0.988062039947056,7.53e-5,-0.002507178094362637,0.30699999999999994,0.5872523687443223,0.02274311302597948,0.151385771639748,0.6498758500760504
0.36613096413650886,-0.0025824839490909807,3.4033920413889422,131.1961173083928,-724.9644053455077,-667.4328912965241,1.0018865916679964,0.9991972489961329,1.0691076139945137,1.0403734971150231,1.010538566358983,0.9998510277758701,0.9055884911761741,0.9999648798221024,0.9985561294763671,1.0179999073051493,1.0075189066285108,1.1037391083599866,1.026024447997563,0.9580890633274214,0.9608950292246728,1.173198051113215,0.8779930133698916,1.0222140545297576,1.000930442080274,1.0017437466039993,0.9929713058843328,0.988502338709743,7.53e-5,-0.002507183949090981,0.30699999999999994,0.5872523687443223,0.022654462999354315,0.15108817122955429,0.6498758500760504
0.36613096413650886,-0.0025835998539628516,3.6651914291880923,123.284426574588,-721.455189870423,-663.4770459296217,0.9999046054987943,0.9992555986135545,1.0573788174328567,1.038563152362683,1.0096446081997976,1.0002752195129199,0.9060861985888864,0.9999591230614822,0.9994957947760699,1.018274002812662,1.0069581994200987,1.1010651706332248,1.0238711337339559,0.9583066040134028,0.9600909365861606,1.144075188491451,0.8782735119296454,1.020968433162885,1.0012124207109754,1.0024931147210923,0.9930286371207264,0.9889187302230202,7.53e-5,-0.0025082998539628517,0.30699999999999994,0.5872523687443223,0.022578971571147972,0.15083429586668212,0.6498758500760504
0.36613096413650886,-0.002585579483520382,3.9269908169872414,117.51666629105034,-718.9033603621214,-660.5931657878529,0.9983344419726613,0.9993177436359907,1.0491894644774613,1.0369067303039343,1.0088598770525157,1.000628678043748,0.906598169762527,0.9999571669882568,1.0002994539218257,1.0185456367389265,1.006527281253569,1.0990444702397568,1.0219488884854084,0.9585015270431317,0.9594014805047744,1.119426211450921,0.878385922129032,1.0197753560700398,1.0014606101197898,1.0031367872578771,0.9930857731722166,0.9892904121609865,7.53e-5,-0.002510279483520382,0.30699999999999994,0.5872523687443223,0.022519937390202888,0.15063547671267702,0.6498758500760504
0.36613096413650886,-0.0025881264680826872,4.1887902047863905,113.68003594045172,-717.2124357446667,-658.6748506125535,0.9970321476984698,0.9993835410406129,1.0443908716759798,1.035688077107546,1.0082783205013703,1.0008930903518134,0.9071078768027386,0.9999470814027155,1.0009262153028011,1.0187773679736545,1.0061886473911525,1.097802544680091,1.0204046564901474,0.9586581023395409,0.9588794681848742,1.0996271264261694,0.8783875257466658,1.0187716392085786,1.001666391657987,1.0036357154385116,0.9931363655449198,0.9895895270361919,7.53e-5,-0.0025128264680826873,0.30699999999999994,0.5872523687443223,0.022479293431376803,0.15049844533157797,0.6498758500760504
0.36613096413650886,-0.0025909627160740074,4.4505895925855405,111.4958797542065,-716.2525140376442,-657.5827725194309,0.9958356785464749,0.9994486727832294,1.0426434163144656,1.0351402981304625,1.0079689728576138,1.0010606003603695,0.9076025092802148,0.9999214599125965,1.001353551221881,1.018953546854315,1.0059039333739401,1.0974237704892897,1.019360731704741,0.9587638489686934,0.9585653380851786,1.0847609840424897,0.8783459350930559,1.0180743985928618,1.001819839693175,1.0039576822172396,0.9931763356644019,0.9897953374814572,7.53e-5,-0.0025156627160740075,0.30699999999999994,0.5872523687443223,0.022457892271851215,0.15042624253425463,0.6498758500760504
0.36613096413650886,-0.002593844957184178,4.71238898038469,110.74913846422533,-715.9222809935654,-657.2094018744403,0.9946295862195402,0.9995117942630967,1.0435576149408985,1.035402052306617,1.007970653690042,1.0011290409789464,0.9080680936281459,0.9998830202931029,1.0015757312676992,1.0190730031871504,1.0056564230579617,1.0979454339861017,1.0189048549716255,0.9588065650948473,0.9584901155306448,1.0749339009520171,0.8783809364225568,1.0177692560260927,1.0019102688978365,1.0040807240590153,0.9932028026707523,0.9898935103542009,7.53e-5,-0.002518544957184178,0.30699999999999994,0.5872523687443223,0.022455938742855744,0.15041965008402444,0.6498758500760504
0.36613096413650886,-0.0025965878435899327,4.974188368183839,111.37425737364106,-716.1902822873044,-657.5219613291482,0.9933745857563011,0.9995713519192734,1.0469449175581165,1.036491409350826,1.008288005237255,1.0010981165657638,0.9084955520299348,0.999844240377886,1.0015856436544444,1.0191345569475403,1.0054490387285206,1.0993427633476427,1.0190776081842445,0.9587862340074668,0.9586664588800802,1.0704153058330785,0.8785107438539252,1.0178939248410386,1.0019262118438037,1.003992562183797,0.99321522126246,0.9898778815648026,7.53e-5,-0.002521287843589933,0.30699999999999994,0.5872523687443223,0.02247322079369769,0.15047796100353475,0.6498758500760504
0.36613096413650886,-0.0025991030400484075,5.235987755982989,113.48261587655816,-717.1109322176344,-658.5761405806068,0.9921256220388887,0.9996277038695605,1.0528007099802554,1.0382871448748048,1.0088920690179424,1.0009667039386425,0.9089018599622761,0.9998229226374934,1.0013804128658423,1.0191209729763897,1.0052995490039898,1.1015128281753812,1.0198671334782343,0.9587043079489189,0.9590836503516722,1.0715191791349548,0.878696342829143,1.0184375315866296,1.0018603803049821,1.0036959623260635,0.9932115694793658,0.9897461180974987,7.53e-5,-0.0025238030400484075,0.30699999999999994,0.5872523687443223,0.02250925662373435,0.1505994781469665,0.6498758500760504
0.36613096413650886,-0.002601381365894033,5.497787143782138,117.32598825431296,-718.8052603720862,-660.4978267694842,0.99103790733101,0.9996809179013898,1.0612846059720988,1.0405544781299916,1.0097204276883713,1.000734983369657,0.9092878646402486,0.9998355899916408,1.0009580349425582,1.01904682387594,1.0052551745107727,1.1043171701708516,1.0212226084162714,0.9585668747122815,0.9597202033050986,1.078522199428957,0.8788878518645273,1.019347022876674,1.0017100555953398,1.003206897190012,0.9931936083443937,0.9895081140514634,7.53e-5,-0.002526081365894033,0.30699999999999994,0.5872523687443223,0.022563320923385782,0.1507816113569526,0.6498758500760504
0.36613096413650886,-0.002603477484761488,5.759586531581287,123.2024162077646,-721.4185864612066,-663.43604074621,0.9903049959831194,0.9997306772539322,1.0726207296131767,1.0429743235498328,1.0106862594061514,1.0004069696929552,0.9096556932838529,0.9998899948950982,1.0003272918782262,1.018905595755989,1.0053790208658564,1.1075431848830597,1.023042455391756,0.9583854008802584,0.9605400131301038,1.0916393911439626,0.8790223926908783,1.0205268249260537,1.0014809978555057,1.002556589308468,0.9931621307188362,0.9891783441999675,7.53e-5,-0.0025281774847614883,0.30699999999999994,0.5872523687443223,0.022634081638162468,0.1510196701075677,0.6498758500760504
0.36613096413650886,-0.002605456707508496,6.021385919380437,131.32124842156577,-725.0546968980823,-667.4954568531106,0.9901880364536277,0.9997748124240217,1.086867005671416,1.0451863910575594,1.0116716988960501,0.9999992832043912,0.9100026900643974,0.9999829881981311,0.9995112508201702,1.0187499926146277,1.005712312056436,1.1110118668510116,1.0252012831953083,0.9581802849789085,0.9614838521970908,1.1108566749911204,0.8789106624453654,1.0218507524257436,1.0011844893583508,1.0017859923432146,0.9931246920530862,0.9887880362845378,7.53e-5,-0.0025301567075084962,0.30699999999999994,0.5872523687443223,0.022718861018604646,0.1513044134081991,0.6498758500760504
0.36613096413650886,-0.00260733062507245,6.283185307179586,141.65049944866223,-729.702058683006,-672.6600823666588,0.9909244376984907,0.9998122237656972,1.1037387154168223,1.0468710448708554,1.0125743849523627,0.9995344808513885,0.910297646056422,1.0001018741366996,0.9985690026244053,1.0185512810172268,1.0062977257390842,1.1144343768355827,1.0275244771957077,0.9579609536705515,0.9624861350184193,1.1358749930307719,0.8785438303854398,1.02317862889187,1.0008431752141278,1.0009498632606029,0.9930797604406832,0.9883568918883622,7.53e-5,-0.00253203062507245,0.30699999999999994,0.5872523687443223,0.02281409980763339,0.1516236678713773,0.6498758500760504
0.38241347912323564,-0.002590921171826372,0.0,104.2865492199553,-714.0581461510285,-653.9781072523053,0.993385713916986,0.9999150010233538,1.0955401263821596,1.0453045076013645,1.0123358167121719,0.999352691707407,0.9348268466240535,1.0002047812105033,1.0003229891435594,1.0182524744731174,1.0035384055049297,1.111876351617871,1.025897677107638,0.9634261149323196,0.9701715917537833,1.1358832699137174,0.8997570998284928,1.0221877800556887,1.0005217519802443,1.0001850939780053,0.9940818714855981,0.9897859353725655,7.53e-5,-0.002515621171826372,0.30699999999999994,0.5872523687443223,0.022805701820132817,0.15159554277608314,0.6666998637623514
0.38241347912323564,-0.0025924782923041744,0.2617993877991494,115.83750975675571,-719.2382300561496,-659.7535875207055,0.9951668053314945,0.9999340450234369,1.1135834337031758,1.0464062040597726,1.0131111220418065,0.9988564442471565,0.9349901176767752,1.0003344223411805,0.999296964016747,1.0180406922417913,1.0043253306976512,1.1151092266714624,1.0282995495851104,0.9632077150496261,0.9711665104987468,1.1646145922489288,0.8992322161140457,1.023517064102944,1.0001411605615755,0.9993157914160159,0.9940335890188391,0.9893370737666641,7.53e-5,-0.0025171782923041745,0.30699999999999994,0.5872523687443223,0.022908570622701453,0.15193970564950884,0.6666998637623514
0.38241347912323564,-0.0025936133867730158,0.5235987755982988,128.25620609207817,-724.7983144122646,-665.9629356883668,0.9980440734338989,0.9999300095988763,1.131880563090902,1.0466971764996866,1.0136510005170256,0.9983798736232113,0.9349489894154878,1.0004507884521987,0.998292998290235,1.0178167897955275,1.0053197988198825,1.1178039913847315,1.0305091286936632,0.963009688194551,0.9720558816427708,1.1966679566184575,0.8984029229972388,1.024605099993854,0.9997728999894382,0.998500965256643,0.993985724570764,0.9889119531799054,7.53e-5,-0.002518313386773016,0.30699999999999994,0.5872523687443223,0.02300855780950041,0.15227350520483923,0.6666998637623514
0.38241347912323564,-0.002594012713054929,0.7853981633974483,140.25532300385657,-730.1412216952167,-671.962494144256,1.0018334116287604,0.9998932161098363,1.1484330445333635,1.0462884449556364,1.0139465329643904,0.997962860737134,0.9346311924742914,1.000537742315513,0.9973862026895435,1.0175915975066618,1.006413089564874,1.1197945295363694,1.0323638419332135,0.9628430111616872,0.9727597265895292,1.2300445817133823,0.8973408282879736,1.025379782028025,0.9994475120941643,0.9978001634349201,0.9939404981986556,0.9885393230698745,7.53e-5,-0.002518712713054929,0.30699999999999994,0.5872523687443223,0.023096453125286718,0.15256635252277587,0.6666998637623514
0.38241347912323564,-0.002593315264016413,1.0471975511965976,150.2873539297252,-734.5646292105762,-676.9785096071903,1.0060588715386423,0.9998193127170416,1.161049403489615,1.045472178639184,1.0140439565909594,0.9976384182902265,0.9340109716556343,1.0005845977988714,0.9966420303458686,1.0173721944198606,1.007463068242899,1.1209543902906527,1.0337385758418332,0.9627158368271633,0.9732159055666173,1.261983142192871,0.8962059351412993,1.0258255264768632,0.9991923647632902,0.9972651594447813,0.9938994615670542,0.988243512284549,7.53e-5,-0.002518015264016413,0.30699999999999994,0.5872523687443223,0.02316281358675322,0.15278709030242588,0.6666998637623514
0.38241347912323564,-0.0025912900010949843,1.3089969389957472,156.86500132956053,-737.4184286617359,-680.267333307108,1.0100308842234265,0.9997156491312618,1.1677400189053395,1.044607086565274,1.0140196218121076,0.9974271296108665,0.9331320257264579,1.000588498080462,0.9961094886522639,1.0171683284191269,1.0083136728818565,1.1212253243735435,1.0345618715963105,0.9626290816408472,0.9733969687103178,1.289147847825905,0.8952507254180554,1.0259866207962018,0.9990280121380636,0.9969338727255498,0.9938634140158086,0.9880415087164643,7.53e-5,-0.0025159900010949844,0.30699999999999994,0.5872523687443223,0.023199708157642603,0.15290968084955614,0.6666998637623514
0.38241347912323564,-0.002587962229772449,1.5707963267948966,158.9406769421737,-738.2691317142203,-681.3051711134145,1.0130470882828249,0.9995924486827102,1.167461866332248,1.043950718266749,1.0139266526953359,0.9973430280870434,0.9321016614989015,1.000551123128698,0.9958179047851219,1.017006589763316,1.0088226097734514,1.1206121047510278,1.0348174288620486,0.9625882676411966,0.9733065906189248,1.3079550248187384,0.8946825875437052,1.025932362906291,0.9989675898589413,0.9968312409357016,0.9938351697061172,0.9879493871259393,7.53e-5,-0.002512662229772449,0.30699999999999994,0.5872523687443223,0.02320231599916318,0.15291834238993968,0.6666998637623514
0.38241347912323564,-0.00258365508072906,1.8325957145940461,156.19685757510297,-737.0076151804444,-679.9332614298792,1.014613678281668,0.9994707208262597,1.160231095741222,1.0435894182463126,1.0137872263064318,0.9973882065596502,0.931094013923388,1.000481585100941,0.9957933485090807,1.0168976367497353,1.0089148006441095,1.119163101924186,1.0345292024382753,0.9625908482927922,0.9729841599764578,1.3156527144202619,0.8946366386521973,1.025740078242198,0.9990129533845568,0.996961167347178,0.9938156356391528,0.987969878525335,7.53e-5,-0.00250835508072906,0.30699999999999994,0.5872523687443223,0.023170800461548492,0.1528136365773271,0.6666998637623514
0.38241347912323564,-0.0025789488909043422,2.0943951023931953,149.1254296779823,-733.8646043915548,-676.3975474813188,1.0146053717006334,0.9993659017433217,1.1471970738699373,1.0433908255438529,1.0135704856853063,0.9975576504192256,0.9302709009001101,1.000390685245296,0.9960431619677137,1.0168538726009577,1.0086090641522447,1.1169683256987784,1.033737239328429,0.9626380706195825,0.972480244382681,1.3108443224664743,0.8950969137272095,1.0254402597038956,0.9991564798827663,0.9973109800831972,0.9938070436477371,0.988101206904232,7.53e-5,-0.0025036488909043423,0.30699999999999994,0.5872523687443223,0.02310944246812852,0.1526095839019185,0.6666998637623514
0.38241347912323564,-0.0025744603646715085,2.356194490192345,138.87153054444116,-729.3384669758832,-671.2705979145483,1.0132583251498708,0.9992963744243745,1.1301579590006403,1.0431102841303426,1.0132188132337852,0.9978439030692459,0.9297220406534327,1.0002924726298712,0.9965585571619816,1.016894865087525,1.007969634454048,1.1141733515455294,1.0324942492312221,0.962737123229462,0.971851212138984,1.2943200869091442,0.8959607223952922,1.0250104790688632,0.9993837180452199,0.9978554025158437,0.9938131683693665,0.9883398064285468,7.53e-5,-0.0024991603646715085,0.30699999999999994,0.5872523687443223,0.023025581003193435,0.15233026522625678,0.6666998637623514
0.38241347912323564,-0.0025707627201830355,2.6179938779914944,126.91841723077323,-724.0664380565327,-665.2940412577143,1.0110019469856228,0.9992608304726487,1.1112049931448769,1.0425038948884295,1.012685221095826,0.9982281139453901,0.929492330007497,1.000198542522345,0.9973088365622045,1.0170270254214988,1.0071480089942764,1.1109547960753168,1.030850667734632,0.9628833196442419,0.9711166088500197,1.2685085905093547,0.8969618274965975,1.0243892517260211,0.9996723202117433,0.9985523429310993,0.9938349954887087,0.988670148177208,7.53e-5,-0.0024954627201830355,0.30699999999999994,0.5872523687443223,0.02292791465350241,0.15200433962659538,0.6666998637623514
0.38241347912323564,-0.0025682406687494424,2.8797932657906435,114.73806210891212,-718.6855813657608,-659.2038636967837,1.008368813736912,0.9992627107089683,1.092204236451893,1.0414198532298105,1.011951650738332,0.998685804880021,0.9295489493093354,1.0001212863576787,0.9982334814244617,1.017258282153584,1.0062872443229112,1.1075775938701482,1.0288777008533523,0.9630699948227868,0.9702931004123596,1.2373471955612314,0.8978331735684191,1.0235234733588472,0.9999980511211053,0.9993534674797866,0.9938729057847329,0.9890731933584265,7.53e-5,-0.0024929406687494425,0.30699999999999994,0.5872523687443223,0.022824807354067386,0.15165952041286243,0.6666998637623514
0.38241347912323564,-0.0025669647671168927,3.141592653589793,103.51798462032025,-713.719345990042,-653.5938249524878,1.005747702181532,0.9992881081299593,1.074910956351583,1.039905845432616,1.0110786204720958,0.9991705589242934,0.9298294196236674,1.0000666026965075,0.9992566954765669,1.017510648792276,1.0054867838010122,1.104131567555908,1.0266669777798658,0.9632890687450165,0.9694328028123915,1.2044755081056984,0.8985347737986553,1.0224167043604113,1.0003343671565348,1.0001973739952148,0.9939219548917216,0.989512927682127,7.53e-5,-0.0024916647671168928,0.30699999999999994,0.5872523687443223,0.022724739726125747,0.15132413860674715,0.6666998637623514
0.38241347912323564,-0.0025669468237934407,3.4033920413889422,94.0216161296139,-709.5106203394341,-648.8456407071346,1.0034543046816846,0.9993323974126954,1.0603268811139772,1.0380795545224348,1.0101275728821857,0.9996499077351026,0.930251253739034,1.0000352162675619,1.0002914284805235,1.0177913432044023,1.0048112595980585,1.100942871595087,1.024364359161051,0.9635206922942221,0.968565370229313,1.1730818329284967,0.8989410025563053,1.0211268877187396,1.0006615168696769,1.0010316626704363,0.9939789814234895,0.9899627816119309,7.53e-5,-0.0024916468237934407,0.30699999999999994,0.5872523687443223,0.02263364645076272,0.15101820712779462,0.6666998637623514
0.38241347912323564,-0.002567976986522574,3.6651914291880923,86.58115903201042,-706.2136460174182,-645.1254121583329,1.001579357788281,0.9993846955583525,1.0490921211713107,1.0361914047030876,1.0092050855320909,1.000085033774651,0.9307321910456617,1.0000201412441374,1.0012583728594426,1.0180492518038653,1.004277907929689,1.0981707305766895,1.0221281821134236,0.963745637947118,0.9677537993595281,1.1449206030590708,0.8991472165234395,1.0197690870633471,1.0009639354380495,1.0018039824060383,0.9940369700008553,0.9903880777870744,7.53e-5,-0.0024926769865225742,0.30699999999999994,0.5872523687443223,0.022556527806091225,0.1507587382464194,0.6666998637623514
0.38241347912323564,-0.0025698908776657452,3.9269908169872414,81.18601756025714,-703.8264230995335,-642.4278414224563,1.0001172879436253,0.9994440402349533,1.041232881796494,1.034489855089306,1.0083947232252808,1.0004528254027616,0.93124734026514,1.0000127334809903,1.0020872507229768,1.0183300369949675,1.0038672815671652,1.0961459499488715,1.0201416351279966,0.9639466471158946,0.9670476818683336,1.1211987098846725,0.8990936824745428,1.0184842269945678,1.0012274628068383,1.0024651658874828,0.9940959391540125,0.9907690677560447,7.53e-5,-0.0024945908776657453,0.30699999999999994,0.5872523687443223,0.022496253560591623,0.15055564122397358,0.6666998637623514
0.38241347912323564,-0.002572341260824848,4.1887902047863905,77.61998196503555,-702.2511389645592,-640.6448236248455,0.9989273477689615,0.9995069603936709,1.0367241808573242,1.0332856636673036,1.007808154043313,1.0007288399527834,0.9317320612958025,1.0000000074393762,1.002735326780459,1.0185344661219802,1.00353379155516,1.0948566760694707,1.0185438256017276,0.9641057113383226,0.9665149740952989,1.1020131996089635,0.8990316609070148,1.0174144493562451,1.001444942477404,1.0029785492630274,0.994144442488685,0.9910694408787738,7.53e-5,-0.002497041260824848,0.30699999999999994,0.5872523687443223,0.022455248148231015,0.15041731951117862,0.6666998637623514
0.38241347912323564,-0.0025751006297354616,4.4505895925855405,75.60708432967795,-701.3607798352475,-639.6383748071667,0.9978440106025163,0.9995707200513633,1.03515306667872,1.0327811222493273,1.0075005113591022,1.000906349507326,0.9321927366672461,0.9999766733440894,1.0031775484490297,1.018710126353116,1.0032524952677868,1.0944794245078806,1.0174696988354777,0.96421562887767,0.9661963316128054,1.0875672121826012,0.898960712595469,1.0166773898261303,1.0016022948952736,1.0033062249328655,0.9941848910927947,0.9912778309686151,7.53e-5,-0.0024998006297354616,0.30699999999999994,0.5872523687443223,0.022434071678356697,0.15034583756138611,0.6666998637623514
0.38241347912323564,-0.0025779012543363134,4.71238898038469,74.93634612210008,-701.0571918143135,-639.3030057033777,0.9967331703631922,0.9996286996607747,1.0362190818524588,1.0331103941642628,1.0075130167124657,1.0009813522556221,0.9326549084185628,0.9999432141650281,1.0034100373861137,1.018831089785766,1.0030107743358008,1.0950517519949652,1.0170043503975366,0.964259426401005,0.9661185378795183,1.0780935005970396,0.8989743855114452,1.016360570947035,1.00169045458929,1.0034291899549201,0.9942110559127917,0.9913751506934534,7.53e-5,-0.0025026012543363134,0.30699999999999994,0.5872523687443223,0.022433027115264164,0.15034231074750998,0.6666998637623514
0.38241347912323564,-0.0025805859448018355,4.974188368183839,75.5443663598669,-701.3103196183215,-639.6070158222611,0.9955734320971596,0.999685269763987,1.0397138651560793,1.0342828070318348,1.007849658461452,1.0009524701003514,0.9330765813613844,0.9999119300052751,1.0034191420148517,1.018880932775005,1.0028002781678163,1.096488666614558,1.017181910182757,0.9642429181338439,0.9662942120119264,1.0736614722695192,0.8991043539966656,1.0164960972423167,1.0016981596697256,1.0033340845759657,0.9942224772109586,0.9913549984455262,7.53e-5,-0.0025052859448018356,0.30699999999999994,0.5872523687443223,0.0224517241317189,0.1504054263491935,0.6666998637623514
0.38241347912323564,-0.0025830475406408916,5.235987755982989,77.54156679654079,-702.1725096032369,-640.6056160405981,0.9944182968341521,0.9997394643791983,1.0456029021805269,1.0361761231310485,1.008480093960863,1.0008190089023554,0.9334650555619278,0.9998992491726796,1.0032039567165594,1.0188605639806503,1.0026497677470774,1.0987005498907334,1.0179949346667323,0.964165276766798,0.9667164723064818,1.074555241293901,0.8993446482342131,1.0170755783145515,1.001618733329987,1.0030240432905781,0.9942184226048362,0.991217427300723,7.53e-5,-0.0025077475406408917,0.30699999999999994,0.5872523687443223,0.022489670519918913,0.1505334432533568,0.6666998637623514
0.38241347912323564,-0.002585268020666095,5.497787143782138,81.17667726815989,-703.7627715554771,-642.4231712764076,0.9934017680517764,0.9997893396112651,1.054033318961407,1.03855277658022,1.0093408982283105,1.0005818508855524,0.9338428386514308,0.9999198911758748,1.0027662064175988,1.0187816835885328,1.0025942819076743,1.101570999798594,1.0193925364334506,0.9640308778235431,0.9673627389445233,1.0811685616042865,0.8996322196096955,1.018046492661047,1.0014511119768186,1.002516817263564,0.994199887301861,0.9909717397012986,7.53e-5,-0.002509968020666095,0.30699999999999994,0.5872523687443223,0.022546071475055312,0.15072352414937182,0.6666998637623514
0.38241347912323564,-0.002587285615881726,5.759586531581287,86.7450565030756,-706.2224389966616,-645.2073608938655,0.9927331120202972,0.9998352826040177,1.0651791203999608,1.0410955441397811,1.0103428160534946,1.0002466213047374,0.9342004128174098,0.9999811912264853,1.002115340699651,1.0186536084372684,1.0026875664233594,1.1048987312482221,1.02127617672907,0.9638484364030362,0.9681893797910827,1.0936331276876996,0.8998554224317608,1.0193127174633514,1.0012016508601929,1.0018437728505836,0.9941686117725281,0.990634250999066,7.53e-5,-0.0025119856158817263,0.30699999999999994,0.5872523687443223,0.022619463353348974,0.15097051995110308,0.6666998637623514
0.38241347912323564,-0.002589167271707682,6.021385919380437,94.4566684996089,-709.6577920404004,-649.0631668921321,0.9926446840333217,0.9998784051106282,1.079129230542844,1.0434530952561647,1.0113779964296028,0.9998284646899445,0.9345406541054819,1.0000803077345828,1.001282246358019,1.018471330277014,1.0029905137105763,1.1084122306061746,1.0234993286168284,0.9636455660039487,0.9691531138804579,1.112001205503905,0.8999410293833949,1.0207398377788452,1.0008846006409484,1.0010486333306108,0.994128794545389,0.9902306490208262,7.53e-5,-0.002513867271707682,0.30699999999999994,0.5872523687443223,0.022707304782865943,0.1512656307730256,0.6666998637623514
0.38241347912323564,-0.0025909211718263664,6.283185307179586,104.28654921995667,-714.0581461510293,-653.978107252306,0.9933857139169828,0.9999150010233537,1.095540126382164,1.0453045076013625,1.0123358167121717,0.9993526917074068,0.9348268466240527,1.0002047812105033,1.0003229891435577,1.0182524744731158,1.003538405504931,1.11187635161787,1.025897677107637,0.9634261149323208,0.9701715917537838,1.1358832699136923,0.8997570998284903,1.0221877800556878,1.0005217519802443,1.0001850939780055,0.9940818714855986,0.9897859353725663,7.53e-5,-0.0025156211718263665,0.30699999999999994,0.5872523687443223,0.022805701820132834,0.1515955427760832,0.6666998637623514
0.3988291118029232,-0.002572897808800886,0.0,75.51604547737975,-701.7229370014086,-639.5928553810176,0.9960623804787032,1.0000242366356211,1.0875231512868169,1.043631535609348,1.0120586089500139,0.9991782925986504,0.9551323553975354,1.0003186433786768,1.0018313822446159,1.0179040883767816,1.0004422602054281,1.1094399801311576,1.024275045458051,0.9683564122860445,0.9768415590714012,1.1394299872576488,0.9189876074989262,1.021157205432177,1.000194970455007,0.9994267477603653,0.994980870263485,0.9910384651616371,7.53e-5,-0.002497597808800886,0.30699999999999994,0.5872523687443223,0.02279513782380246,0.15156015647314228,0.6835238774486523
0.3988291118029232,-0.0025743204877442696,0.2617993877991494,86.49073757561541,-706.6210525641543,-645.0802014301354,0.9977991827880937,1.0000425995686586,1.1049629840305624,1.044903976819693,1.012889268633289,0.9986723201786841,0.955283246725371,1.0004529911279043,1.0007917007494855,1.0176753879937532,1.0011856158785177,1.1127030831550602,1.0267525133828368,0.9681364271629822,0.9778553909864983,1.166879843191525,0.9186681119288149,1.0226098546675098,0.9997955336575647,0.9985325768621302,0.9949306611464336,0.9905772640649415,7.53e-5,-0.0024990204877442697,0.30699999999999994,0.5872523687443223,0.02290064225455532,0.15191320698943261,0.6835238774486523
0.3988291118029232,-0.002575330772474306,0.5235987755982988,98.28822159055971,-711.8806576741247,-650.9789434376075,1.000576007558734,1.0000378643858507,1.1225211864226332,1.0453701748748834,1.0134863415024797,0.9981853641786282,0.9552358232538636,1.0005737096863927,0.9997725568168511,1.0174386108681805,1.0021266596141407,1.1154363751204475,1.0290401414156354,0.9679332618639929,0.9787626935193506,1.1976353273477864,0.9180305543555014,1.0238266644162048,0.9994104546311501,0.9976947862201112,0.9948807167156022,0.9901402242645432,7.53e-5,-0.002500030772474306,0.30699999999999994,0.5872523687443223,0.023002806111425,0.1522543228239198,0.6835238774486523
0.3988291118029232,-0.0025756306137963646,0.7853981633974483,109.67143857930319,-716.9326500207028,-656.6705519319793,1.0041958111211304,1.0000009414317372,1.1382892682693049,1.0451282087397458,1.0138363149528238,0.9977583057654897,0.9549182896552634,1.000664333239635,0.9988509224133916,1.0172030583585354,1.0031718706279205,1.1174502457688196,1.0309677868675717,0.9677596848157088,0.9794813183596898,1.2296939096447543,0.9171322170877685,1.0247239246077415,0.999071426456605,0.9969748374379356,0.994833480754282,0.9897572607264941,7.53e-5,-0.0025003306137963647,0.30699999999999994,0.5872523687443223,0.023092186757710007,0.15255215052734689,0.6835238774486523
0.3988291118029232,-0.0025749298672209514,1.0471975511965976,119.15981987554665,-721.1090717210375,-661.414742580101,1.0082134850178355,0.9999307321372656,1.1501305199381018,1.044440347809179,1.01397635393924,0.9974252913602165,0.9542990185664617,1.0007138676105156,0.9980937695862712,1.0169931018882046,1.0041953431412296,1.1186458972161477,1.032413406225278,0.9676204496165046,0.9799539423698308,1.260368223311828,0.9161743541879995,1.0252796824760444,0.9988070158964429,0.996426375221507,0.9947911125121309,0.9894547054845946,7.53e-5,-0.0024996298672209515,0.30699999999999994,0.5872523687443223,0.023159296744316056,0.1527753998245975,0.6835238774486523
0.3988291118029232,-0.00257293418333063,1.3089969389957472,125.3392803665181,-723.7950837272026,-664.5044728255867,1.0119382909220183,0.9998292720884623,1.156285588379915,1.0436339084251196,1.0139761430152716,0.9972051570629904,0.9534415470519335,1.0007187778058702,0.9975476621621735,1.0167895896847743,1.0050137738350051,1.1189077016583528,1.0332835884176161,0.9675270716124903,0.9801491092635012,1.2866096994432374,0.9153155877175865,1.0255164656836564,0.9986379661946392,0.9960877894295325,0.9947543637115125,0.9892491017522391,7.53e-5,-0.00249763418333063,0.30699999999999994,0.5872523687443223,0.02319593218856674,0.15289713871271698,0.6835238774486523
0.3988291118029232,-0.002569718734159701,1.5707963267948966,127.22301438061731,-724.5805588881162,-665.4463398326363,1.0147125054643027,0.999710680919025,1.1556993067154488,1.0429450032546224,1.0138802833958118,0.997115660848639,0.9524390038398338,1.0006811927799204,0.9972497551035497,1.0166376214763562,1.0055126021597593,1.1182897193950343,1.0335661208167268,0.9674747986916107,0.98006223220995,1.304861566765119,0.9147596592474063,1.025498870028425,0.9985782324291754,0.9959853963038688,0.9947251022773261,0.9891555898308582,7.53e-5,-0.002494418734159701,0.30699999999999994,0.5872523687443223,0.023197428447132042,0.15290210875600996,0.6835238774486523
0.3988291118029232,-0.0025656270366355084,1.8325957145940461,124.52360066467463,-723.3627114055259,-664.096632974665,1.0161190604482315,0.9995981173486875,1.1485239843184303,1.0424748218761635,1.0137200380541516,0.997153329561545,0.951481547729126,1.0006114424543577,0.9972224491152639,1.016521122409239,1.0056376241225142,1.1167727335348316,1.0332700629667684,0.9674703765041767,0.9797443683165926,1.3125857327182826,0.9146837573599818,1.025297277771684,0.9986280903905346,0.9961196019410754,0.9947049853753339,0.9891758827550537,7.53e-5,-0.0024903270366355085,0.30699999999999994,0.5872523687443223,0.023164294495757045,0.152792012792545,0.6835238774486523
0.3988291118029232,-0.002561137542496062,2.0943951023931953,117.72387094678265,-720.3689736349,-660.696768115719,1.0160191619547239,0.9995007995846363,1.1357481505456808,1.0420636731928743,1.0134466259242843,0.9973234719652199,0.9506978238124801,1.000517022423819,0.9974758354625387,1.0164932324108977,1.0053567574139621,1.1145229605106013,1.0324456772990054,0.9675192833405353,0.9792376586374089,1.308241555309279,0.9150594775719392,1.0249342574984777,0.9987828106836181,0.9964841684976651,0.9946985926985409,0.9893168379338346,7.53e-5,-0.0024858375424960623,0.30699999999999994,0.5872523687443223,0.02310022435592892,0.15257890522716644,0.6835238774486523
0.3988291118029232,-0.0025568632316515017,2.356194490192345,107.92546342553487,-716.0715148518212,-655.7975643550951,1.0146491955025938,0.999433870628442,1.119191274563077,1.0415258528296663,1.013026591720539,0.9976105478543565,0.950192961194669,1.0004129932669013,0.9979993011173599,1.0165399531493757,1.0047585203703906,1.1116304557411227,1.031139117890169,0.9676234178142594,0.9785945571264113,1.2925033828673367,0.9157664286037536,1.0243996284778882,0.9990244068210455,0.9970460797944414,0.9947071633900263,0.9895660337564295,7.53e-5,-0.002481563231651502,0.30699999999999994,0.5872523687443223,0.023013259386158967,0.1522891836064709,0.6835238774486523
0.3988291118029232,-0.002553300296677716,2.6179938779914944,96.54742128195517,-711.0735679621688,-650.1085432833053,1.0124416503292673,0.9994017015827265,1.1008228302205505,1.0406511030031194,1.012414228475302,0.9980026121341521,0.9499684207156958,1.0003113387611142,0.9987597137539167,1.0166974246997742,1.0039922238144796,1.10838462625825,1.0294241853034316,0.9677706639144067,0.9778325565299313,1.2679756885576285,0.9165445536339656,1.0236504805791904,0.999332216105922,0.9977677430529379,0.9947313308574567,0.989910084380727,7.53e-5,-0.002478000296677716,0.30699999999999994,0.5872523687443223,0.022912375690384873,0.15195242158109332,0.6835238774486523
0.3988291118029232,-0.0025507997347971713,2.8797932657906435,84.99261968948758,-705.9867432955822,-644.3311424870715,1.009869349774591,0.9994006574990013,1.082552896452526,1.0393508761335106,1.011625112876505,0.9984613775781259,0.9500339812707479,1.0002249437494042,0.9997000828440817,1.0169063085058763,1.0031631619809758,1.1048605184833775,1.0273586233911531,0.9679656660098949,0.9769986225000417,1.2380858882339532,0.9172578028441097,1.0226493649337698,0.9996775359900858,0.99859038907394,0.9947704438365077,0.9903219171724008,7.53e-5,-0.0024754997347971714,0.30699999999999994,0.5872523687443223,0.02280669886528774,0.15159888217277714,0.6835238774486523
0.3988291118029232,-0.00254956622860812,3.141592653589793,74.38730099269856,-701.3056218041232,-639.028483138677,1.007373198800126,0.9994278472615087,1.0658578043181097,1.037640111329118,1.010692526908677,0.9989552662316897,0.9503127381867504,1.0001611298363469,1.0007410763383369,1.017164619230625,1.0024039295096172,1.101354211603753,1.025060221000199,0.9681916374483915,0.9761183170018356,1.2066047265736088,0.9177810590414666,1.0214063115116094,1.0000360071815855,0.9994603782133558,0.9948217894470213,0.9907751345640925,7.53e-5,-0.00247426622860812,0.30699999999999994,0.5872523687443223,0.022703992118726153,0.15125451172100798,0.6835238774486523
0.3988291118029232,-0.002549561468163442,3.4033920413889422,65.44858958234431,-697.3516678677672,-634.5591274334998,1.0052147592553577,0.9994726371173833,1.0517960784155875,1.0356769298945045,1.0096981879395852,0.9994438811582597,0.9507254482077945,1.0001207207533562,1.001797303483011,1.0174403758657506,1.001766971315984,1.0981015854982017,1.0226752066153886,0.9684237828035728,0.9752272452489411,1.1763824996044938,0.9180381653079392,1.0199944759809136,1.0003846079452774,1.0003187639460993,0.9948789851454297,0.9912338893020568,7.53e-5,-0.002474261468163442,0.30699999999999994,0.5872523687443223,0.022610862494321097,0.15094159456420359,0.6835238774486523
0.3988291118029232,-0.0025505774315438697,3.6651914291880923,58.47948394140644,-694.2664918075208,-631.0745746130309,1.0034784880830618,0.9995259263595341,1.0409488003568983,1.0336963414506413,1.0087369407499607,0.9998934771905356,0.9511914271440446,1.0000982176869027,1.002782744686322,1.0177244820257967,1.0012586447527847,1.09535531871288,1.0203736817585338,0.9686526798435362,0.9743945287472068,1.1494080317343325,0.9180525268978654,1.0185321875957114,1.0007056567144523,1.0011126008478184,0.9949396636214721,0.9916719527087204,7.53e-5,-0.0024752774315438698,0.30699999999999994,0.5872523687443223,0.02253213687446203,0.15067658377888427,0.6835238774486523
0.3988291118029232,-0.0025524158057679664,3.9269908169872414,53.45548775627549,-692.0431631805484,-628.5625765204654,1.002135227985841,0.9995835594724816,1.0334670901974141,1.031977423282097,1.0079136699067148,1.0002724325670511,0.9516731696682093,1.0000846100143597,1.0036317941589774,1.0179867959119837,1.0008632459163762,1.0932834925348027,1.0183263995390537,0.968856374273116,0.9736784883041639,1.1265089235773558,0.9179220420797324,1.0171652325083478,1.0009849875381935,1.001792013119942,0.9949975727746616,0.9920573731507969,7.53e-5,-0.0024771158057679665,0.30699999999999994,0.5872523687443223,0.022471178965816303,0.15047107286645817,0.6835238774486523
0.3988291118029232,-0.0025548186606235606,4.1887902047863905,50.157695937452445,-690.5840731732783,-626.9136806110539,1.0010552704044169,0.9996431031658568,1.0291845905154444,1.0307797210907952,1.0073150835296787,1.0005610215493046,0.9521454894467318,1.0000699768470298,1.004295372279482,1.018218093408311,1.0005496140328625,1.0920431430042918,1.0166911807279726,0.9690212120197482,0.9731361594984597,1.108055488707745,0.9177339743291999,1.0160358121103366,1.0012103376314274,1.0023145675224476,0.9950491827879301,0.9923662402303655,7.53e-5,-0.0024795186606235606,0.30699999999999994,0.5872523687443223,0.022429830195285997,0.15033151631817498,0.6835238774486523
0.3988291118029232,-0.002557505048413493,4.4505895925855405,48.313516291504584,-689.7643111176524,-625.99159078808,1.0000733371021087,0.9997004672518809,1.0278558557969066,1.030339249173004,1.0070166969931171,1.000747917520635,0.9526015428392152,1.0000469536859593,1.0047577785916653,1.0183777633327267,1.0002774408917914,1.0916629221460492,1.0155889803553995,0.9691295369545716,0.9728123171986484,1.0940644703269287,0.9176457396025108,1.015265272163993,1.0013728489645932,1.0026504389457684,0.9950874117320583,0.9925734660203006,7.53e-5,-0.002482205048413493,0.30699999999999994,0.5872523687443223,0.022409275053424892,0.15026209373498262,0.6835238774486523
0.3988291118029232,-0.0025602630171239994,4.71238898038469,47.716647977387765,-689.4883422099801,-625.6931566310216,0.9990722694620259,0.9997569247523165,1.0290685441810763,1.030742557773413,1.0070415182526404,1.0008292917415926,0.9530295310970619,1.000018705610678,1.0049932931713335,1.0184930025599161,1.0000347105491585,1.092240464755746,1.0151115204796248,0.9691795682453259,0.9727317947876204,1.0847561474934482,0.9176361078395526,1.0149338506738539,1.0014579556133612,1.002771675726096,0.9951138370681534,0.9926702848368048,7.53e-5,-0.0024849630171239995,0.30699999999999994,0.5872523687443223,0.022409140606963956,0.15026163955543265,0.6835238774486523
0.3988291118029232,-0.00256289970317793,4.974188368183839,48.306252156221944,-689.7278769976879,-625.9879587204387,0.9980148818097292,0.9998108550442689,1.032640337955242,1.0319992548125416,1.007396114420305,1.0008031571895755,0.9534380132311169,0.9999946730891708,1.005001211041827,1.018543569422207,0.9998189070110612,1.093723053678807,1.0152972705010554,0.9691654707340382,0.9729085535964707,1.0803624644757086,0.9177802516983452,1.0150816817249753,1.0014574168275185,1.0026698210052214,0.9951250486574166,0.9926471046332105,7.53e-5,-0.00248759970317793,0.30699999999999994,0.5872523687443223,0.022429262576574464,0.150329599669871,0.6835238774486523
0.3988291118029232,-0.0025653096981084283,5.235987755982989,50.19197846487532,-690.5338257966594,-626.9308218747653,0.9969350158937497,0.9998597398344967,1.0385887635894118,1.0339962185747025,1.0080532493797996,1.0006690691380398,0.9538182283042427,0.9999891040250254,1.004780019234612,1.0185139649281083,0.9996532635142447,1.0959818636969072,1.0161335966722287,0.9690902651306379,0.9733375181875334,1.081107446782089,0.9180827968602434,1.0156971272661766,1.0013660718520419,1.0023491257977861,0.9951197532198561,0.9925034356029828,7.53e-5,-0.0024900096981084283,0.30699999999999994,0.5872523687443223,0.022469173069956837,0.15046430564886626,0.6835238774486523
0.3988291118029232,-0.0025674842776118065,5.497787143782138,53.61940185071671,-692.0221185105104,-628.644533567686,0.9959892468393162,0.9999069404745696,1.0469755790401871,1.0364842322182863,1.0089449752115112,1.000428234971615,0.9541804780029629,1.0000172722688148,1.004329102511257,1.0184325163857775,0.9995864674719869,1.098908806890519,1.0175710342274282,0.9689589926865728,0.9739933265104292,1.0872984134294184,0.918456179144248,1.016725762687677,1.0011822069559817,1.0018252253022941,0.9951007988075566,0.9922509324139933,7.53e-5,-0.0024921842776118065,0.30699999999999994,0.5872523687443223,0.02252785140256917,0.15066214480281462,0.6835238774486523
0.3988291118029232,-0.0025694732620391283,5.759586531581287,58.880747151285505,-694.332780490189,-631.2752062179704,0.9953871691700132,0.9999535896298704,1.0579255454713543,1.0391310176392985,1.0099739283731641,1.000089188374405,0.9545272070998241,1.00008581859788,1.003657910165654,1.0183139173131355,0.9996663104473571,1.1023350076004603,1.019510843870354,0.9687839791520558,0.974830655690565,1.0991972306917117,0.9187516707762788,1.018068290709806,1.0009133865753417,1.0011315244824188,0.9950706998503074,0.9919083485880665,7.53e-5,-0.0024941732620391284,0.30699999999999994,0.5872523687443223,0.02260351791296484,0.15091688988677582,0.6835238774486523
0.3988291118029232,-0.00257127665392231,6.021385919380437,66.18586571032301,-697.5682599350814,-634.9277654974892,0.9953319522248432,0.9999937442312735,1.0715480719567287,1.0416176252244955,1.0110466094824426,0.9996651936005345,0.9548576076702421,1.0001899923019448,1.0028081944062026,1.0181350015292105,0.999935287591672,1.1059423726709499,1.0218034030762662,0.9685783555876474,0.975802638313746,1.1167214783625319,0.9189529299475069,1.0195943210838438,1.000577332931864,1.0003151695828625,0.9950295625153378,0.9914952450011817,7.53e-5,-0.00249597665392231,0.30699999999999994,0.5872523687443223,0.022693930494136483,0.1512207347311224,0.6835238774486523
0.3988291118029232,-0.002572897808800895,6.283185307179586,75.51604547738634,-701.7229370014113,-639.5928553810209,0.9960623804787064,1.0000242366356216,1.087523151286827,1.0436315356093517,1.012058608950015,0.9991782925986504,0.9551323553975349,1.0003186433786768,1.0018313822446159,1.017904088376787,1.000442260205429,1.1094399801311758,1.0242750454580551,0.9683564122860437,0.976841559071406,1.1394299872577072,0.9189876074989523,1.0211572054321798,1.0001949704550073,0.9994267477603657,0.9949808702634854,0.9910384651616378,7.53e-5,-0.002497597808800895,0.30699999999999994,0.5872523687443223,0.02279513782380258,0.15156015647314267,0.6835238774486523
0.4153592783180469,-0.0025540071000351404,0.0,54.80218819324068,-692.6865354839094,-629.235926738948,0.9988091121450011,1.0001387515170082,1.0797336496230703,1.0418810415404756,1.0117634655481844,0.999005924377549,0.9711121045289579,1.000441934262283,1.0030411369762025,1.0174533411478939,0.9971537476641906,1.1070005896249553,1.022647605828025,0.9726844022011748,0.9824318605960825,1.1459745308841716,0.9360702578547478,1.020096863643452,0.9998660924650806,0.9986783704917352,0.9957612098889087,0.9920875778654721,7.53e-5,-0.0024787071000351405,0.30699999999999994,0.5872523687443223,0.022780765231004318,0.15151199962207212,0.7003478911349532
0.4153592783180469,-0.0025553053564375287,0.2617993877991494,65.20330238602696,-697.3034721137071,-634.4364838353412,1.0004949189345336,1.0001551658140233,1.0965851107628102,1.0433167836959194,1.0126443601325064,0.9984917519162642,0.9712417485282935,1.0005810227433165,1.0019877292503399,1.0172275262326185,0.9978624164290644,1.1103429028627776,1.0252037195444013,0.9724559789770345,0.9834607783359701,1.1722816882379719,0.9359246204871737,1.0216702350510545,0.9994490137805567,0.9977612198959666,0.9957092323730646,0.9916151321984029,7.53e-5,-0.0024800053564375288,0.30699999999999994,0.5872523687443223,0.02288862404269233,0.15187303046911463,0.7003478911349532
0.4153592783180469,-0.0025562078824844436,0.5235987755982988,76.3824598260569,-702.2691623794167,-640.0260625553561,1.0031659480687305,1.0001495566016718,1.1133675427614769,1.0439181851553727,1.0132826719695236,0.9979984276275493,0.9711985264578774,1.0007055546944266,1.0009538366309663,1.0169840608592704,0.9987613017797703,1.1131018093103926,1.0275563674611499,0.9722564846966867,0.9843839404925296,1.2017576677055077,0.9354467579101168,1.0229974216044928,0.9990493050146775,0.9969052783023062,0.9956591291554311,0.9911717288411438,7.53e-5,-0.0024809078824844437,0.30699999999999994,0.5872523687443223,0.02299187860718113,0.15221787225649505,0.7003478911349532
0.4153592783180469,-0.002556422183027692,0.7853981633974483,87.15332755496638,-707.0321976205676,-645.4114964198109,1.006623601078428,1.0001135990128949,1.128351406781147,1.043823264572515,1.0136795986267406,0.9975630924737361,0.9708851337870883,1.0007996169697218,1.0000202855017157,1.016750174644158,0.9997731392212398,1.115154226612694,1.029554125769233,0.9720765663649136,0.9851202367064261,1.232579015616723,0.9347305095849867,1.024009266385644,0.9986981608091602,0.9961688261388978,0.9956108589293003,0.9907813188642041,7.53e-5,-0.002481122183027692,0.30699999999999994,0.5872523687443223,0.02308225897289031,0.15251909769964683,0.7003478911349532
0.4153592783180469,-0.0025556408304928803,1.0471975511965976,96.10288536114786,-710.9629618069368,-649.8862753229016,1.0104099696013817,1.0000445343995408,1.139468036107845,1.0432379574334012,1.0138520702552638,0.9972251338583595,0.9702697927863299,1.000850390483606,0.9992498944404482,1.0165510083775309,1.0007602046458504,1.1164059864271008,1.0310618356265153,0.9719306727089343,0.9856073300315996,1.2622481099178948,0.9338950638364224,1.0246616093805503,0.9984268214819116,0.9956120649322153,0.9955675709707228,0.9904748415255792,7.53e-5,-0.0024803408304928803,0.30699999999999994,0.5872523687443223,0.023149465981035722,0.15274271639007322,0.7003478911349532
0.4153592783180469,-0.002553718456455951,1.3089969389957472,101.89025403487153,-713.4805743390709,-652.7799596597634,1.0139190086205423,0.9999515521452171,1.1450379298126707,1.0424842576996782,1.0138745335836261,0.9969966459028079,0.9694433886169925,1.0008587820312942,0.9986968736566665,1.0163514477871356,1.001569370340206,1.1166502658437345,1.0319745676361973,0.9718248796087271,0.9858077558099329,1.2873557902277628,0.9331380417660505,1.0249701999464702,0.9982526972631555,0.9952647316382219,0.9955295120441433,0.9902639479947026,7.53e-5,-0.002478418456455951,0.30699999999999994,0.5872523687443223,0.02318566461161808,0.1528630292206749,0.7003478911349532
0.4153592783180469,-0.002550632673214165,1.5707963267948966,103.58871312677616,-714.1995415253577,-653.6291892057158,1.0164636111869232,0.9998380188434827,1.1442336713762362,1.0417756430180924,1.013785422596678,0.9968951337243261,0.9685056285495635,1.0008227532715401,0.9983947866987275,1.0161792518768091,1.002070183039606,1.115944441323005,1.0322690426920833,0.9717695915018848,0.9857346741539902,1.3051583588071574,0.9326367646277403,1.0249859894660949,0.9981916853316809,0.9951581402012818,0.9954999381897331,0.9901675621444694,7.53e-5,-0.002475332673214165,0.30699999999999994,0.5872523687443223,0.023186181437258677,0.1528647463219324,0.7003478911349532
0.4153592783180469,-0.002546691667470987,1.8325957145940461,100.94004476273267,-713.0281740924031,-652.304855023694,1.0176961141776815,0.9997291429053925,1.1370192254326696,1.041161393167695,1.0135888154935162,0.9969310958268819,0.9675929758965267,1.0007505048951595,0.9983674774522672,1.0160864436917767,1.0021982976036157,1.1144102814154335,1.0319726754781378,0.971761123827366,0.98541743768538,1.3127174338907102,0.9325413089409745,1.024769787237139,0.998247637099842,0.9953003730912078,0.9954813291847997,0.9901941369052515,7.53e-5,-0.002471391667470987,0.30699999999999994,0.5872523687443223,0.02315100637334453,0.1527478380382851,0.7003478911349532
0.4153592783180469,-0.002542383399596995,2.0943951023931953,94.41728719882667,-710.177422229398,-649.043476241741,1.01751211970211,0.9996378589445731,1.1245719985988307,1.040564384835863,1.0132709947313587,0.9970969133519629,0.9668489871883373,1.0006536943342308,0.9986234017094456,1.0160569971329738,1.0019483501548478,1.112089588901735,1.0311170222846777,0.971805374597883,0.9849014743770242,1.308826267467309,0.9328006306586403,1.0243524492911187,0.9984111267496711,0.9956745790743915,0.9954752123439,0.9903386962201485,7.53e-5,-0.002467083399596995,0.30699999999999994,0.5872523687443223,0.02308490204661406,0.1525278980303063,0.7003478911349532
0.4153592783180469,-0.002538258177175112,2.356194490192345,85.07804052700794,-706.1021995191186,-644.3738529058317,1.016136084475014,0.9995744905520426,1.1085050367127447,1.0397922031161224,1.012788034337901,0.9973854843019794,0.9663692400307006,1.0005444772937993,0.9991554988025245,1.0161221143133852,1.0013933672963333,1.1091554291445531,1.029764074133355,0.9719035814012186,0.9842373360462423,1.2938795223289332,0.9333467256214859,1.0237274527404416,0.9986662985714929,0.9962527538379291,0.9954847972762587,0.9905958458572722,7.53e-5,-0.002462958177175112,0.30699999999999994,0.5872523687443223,0.0229955625730949,0.15223016170249198,0.7003478911349532
0.4153592783180469,-0.0025348332748356774,2.6179938779914944,74.27666703041336,-701.3800075553377,-638.9731661575344,1.0139852107563765,0.999545360074302,1.0907496560226042,1.038678203356311,1.0121164482622007,0.9977753729439238,0.9661760082772791,1.0004370323470277,0.9999257121713159,1.0162643312338424,1.0006594263751494,1.105782299155541,1.0279712565047103,0.972058426451871,0.9834666286035075,1.2705026901690606,0.9339910744806124,1.022860359609773,0.9989899066666404,0.9969917075245431,0.9955109114151309,0.9909486809915459,7.53e-5,-0.0024595332748356775,0.30699999999999994,0.5872523687443223,0.022892141572389554,0.15188479053095835,0.7003478911349532
0.4153592783180469,-0.0025324238697410056,2.8797932657906435,63.34658192407778,-696.5852901461254,-633.5081236043666,1.0115208941255158,0.9995462548851216,1.0731141356753315,1.0371561294942053,1.0112647290864558,0.9982394053684635,0.9662467201037279,1.0003423780837495,1.0008792347129254,1.016479609817848,0.9998717504288693,1.1021953511025993,1.0258287183399877,0.9722569599202384,0.9826127922815836,1.2419358162065839,0.934549279477288,1.0217318357018101,0.9993548359891202,0.997837470017447,0.9955519554631448,0.9913723710942491,7.53e-5,-0.0024571238697410056,0.30699999999999994,0.5872523687443223,0.02278400798423456,0.15152286609627916,0.7003478911349532
0.4153592783180469,-0.002531211229110384,3.141592653589793,53.35257196046359,-692.185975392234,-628.5111186225595,1.0091397473437866,0.9995717874706826,1.0570037914527768,1.0352638065908617,1.0102783803951996,0.9987409905548316,0.9665080317740836,1.000268980602993,1.001934117116317,1.0167446927869135,0.9991433591232936,1.0986551521231342,1.0234540705357764,0.9724834912609162,0.9817078098026868,1.2118074142517739,0.9348836776632794,1.020365195041434,0.9997340254694042,0.9987315283757352,0.9956041812361759,0.9918359415779263,7.53e-5,-0.002455911229110384,0.30699999999999994,0.5872523687443223,0.022679145530109385,0.15117108816352923,0.7003478911349532
0.4153592783180469,-0.0025311621325796157,3.4033920413889422,44.965757846052156,-688.4842692275814,-624.3177115653538,1.0071000418353555,0.9996143774271896,1.0434774539023786,1.033173782229122,1.0092414921544766,0.9992406331915819,0.9668930778834686,1.0002188646213424,1.00300411242586,1.017028308033156,0.9985286930574576,1.0953826076578888,1.0209967294530702,0.9727237941928186,0.9808026609052902,1.1828892792863976,0.9349722057769692,1.018839202334366,1.0001030584294424,0.9996139420785156,0.9956635401209429,0.9923072702611052,7.53e-5,-0.0024558621325796158,0.30699999999999994,0.5872523687443223,0.022584308292836155,0.1508522567038021,0.7003478911349532
0.4153592783180469,-0.0025321411311247832,3.6651914291880923,38.460604783286726,-685.6085016444238,-621.065135033971,1.0054898882767913,0.9996657572481602,1.033062271683708,1.0311259613073098,1.0082542548082243,0.9997006589031641,0.9673342262246216,1.0001881113034425,1.0040063535821029,1.0173114484526908,0.9980421740275184,1.092612457100603,1.0186321325218712,0.972955478612692,0.979955347242503,1.156946296066519,0.934862926685191,1.0172820929866464,1.000442004779248,1.0004279441647939,0.9957246807816743,0.9927533345455837,7.53e-5,-0.0024568411311247833,0.30699999999999994,0.5872523687443223,0.022504485273446492,0.15058339404234908,0.7003478911349532
0.4153592783180469,-0.002533937897193353,3.9269908169872414,33.799601331938675,-683.5466587444957,-618.734633308297,1.0042640376524352,0.999721076401242,1.0259182237299362,1.0293891366844368,1.0074160909457595,1.000091230161851,0.9677898142411282,1.0001684995129045,1.0048708497276626,1.0175730027158394,0.9976658329827889,1.0905326715156949,1.0165335418694323,0.9731625067436536,0.979225862260018,1.134863012595691,0.9346172693172098,1.0158392430709022,1.0007352387750892,1.0011233441103664,0.9957828816085503,0.9931449580891346,7.53e-5,-0.002458637897193353,0.30699999999999994,0.5872523687443223,0.022442933510617113,0.15037575500988076,0.7003478911349532
0.4153592783180469,-0.002536285559429037,4.1887902047863905,30.762030184160267,-682.2007577873492,-617.2158477344078,1.0032912107694494,0.9997768023143065,1.021928802354653,1.0282317733887811,1.006820077403606,1.0003900942747797,0.9682353949530412,1.0001505353209055,1.0055535095266919,1.0177906153986316,0.9973612499006106,1.0892750358122743,1.0148597560139314,0.9733266055835887,0.9786764810620968,1.1170167229354633,0.9343911828619325,1.0146581754140445,1.0009706123661302,1.0016581661546358,0.9958328524167869,0.9934551741438259,7.53e-5,-0.002460985559429037,0.30699999999999994,0.5872523687443223,0.022401803466896734,0.1502368516183193,0.7003478911349532
0.4153592783180469,-0.002538924612592114,4.4505895925855405,29.07947279115865,-681.4496504154962,-616.374569037907,1.0024099483272877,0.9998314134716214,1.0207651457360076,1.0278382319355313,1.00652345440693,1.0005865283996538,0.968664044487689,1.0001286934671285,1.006021764436734,1.0179615671598226,0.9970926112829483,1.0889402356125562,1.0137377930656204,0.9734395947724219,0.9783474278521882,1.1035168998554563,0.9342272161006038,1.0138556787800983,1.0011353464614625,1.0019979010989684,0.9958723086505156,0.9936657314162219,7.53e-5,-0.002463624612592114,0.30699999999999994,0.5872523687443223,0.022381639389898005,0.15016870847140903,0.7003478911349532
0.4153592783180469,-0.002541630486649036,4.71238898038469,28.55091208345948,-681.2006894486392,-616.1102886840574,1.0014984138026959,0.9998835603401471,1.0221331631834636,1.028320994611966,1.0065619518954465,1.0006745328126812,0.9690705398188535,1.000104159801594,1.0062623550413983,1.0180734153147828,0.9968477367483546,1.0895475528803815,1.0132531121184787,0.973492881479054,0.9782673701383535,1.094475720525059,0.9342070600602785,1.0135148799044706,1.0012182420147837,1.0021191768440296,0.9958982914685317,0.9937615985797142,7.53e-5,-0.0024663304866490363,0.30699999999999994,0.5872523687443223,0.022382556226527246,0.15017180751005915,0.7003478911349532
0.4153592783180469,-0.0025442484441614423,4.974188368183839,29.118492797354293,-681.4268100010302,-616.3940790410048,1.0005315637054288,0.9999346666140547,1.025820537623737,1.0296695976006247,1.0069360585005556,1.0006517866310054,0.9694560967935744,1.0000863005677687,1.0062671605165712,1.0181172389588795,0.9966369796386919,1.0910656403088275,1.0134457925597238,0.9734836203293302,0.9784479229083909,1.090143967069598,0.9343660798632102,1.0136740646121256,1.0012102157325484,1.0020116296983665,0.9959089967593463,0.9937352969405263,7.53e-5,-0.0024689484441614423,0.30699999999999994,0.5872523687443223,0.02240415747423417,0.15024480487469186,0.7003478911349532
0.4153592783180469,-0.0025466349271985483,5.235987755982989,30.89125854479653,-682.1782789369998,-617.280461914726,0.9995398658037822,0.9999832328887397,1.0317520116217433,1.0317422377812284,1.007607673681082,1.00051857526576,0.9698148571845912,1.0000889806879596,1.0060293241200808,1.01810603265906,0.9964661663353404,1.0934193550698383,1.0143098801657264,0.9734163035985974,0.9788817658294761,1.090792937253341,0.9346492256885586,1.014321767092766,1.0011050987743129,1.0016782064142202,0.9959057535621615,0.9935905175366777,7.53e-5,-0.0024713349271985484,0.30699999999999994,0.5872523687443223,0.02244558322148113,0.15038469928389694,0.7003478911349532
0.4153592783180469,-0.002548807221998416,5.497787143782138,34.11143975167829,-683.5680900933394,-618.8905525181668,0.9986744231089363,1.0000289157897275,1.0400827585265193,1.0343469900722557,1.008533110234971,1.0002746915276381,0.9701789234782202,1.0001241324552193,1.0055768138281735,1.0180085264351912,0.9963955263693935,1.0963463039420556,1.0157766220426807,0.9732828141888225,0.9795426870249091,1.0964264249569464,0.9351357307187382,1.0154019000633328,1.0009072722403716,1.0011397284798307,0.9958843035580114,0.9933282788406762,7.53e-5,-0.002473507221998416,0.30699999999999994,0.5872523687443223,0.022506499982791972,0.15059018578123382,0.7003478911349532
0.4153592783180469,-0.0025507237632434827,5.759586531581287,39.067630629448104,-685.7334014364721,-621.3686479570517,0.998097081029914,1.0000698856203882,1.0509269065343787,1.0371239768757627,1.0096046637140377,0.9999285135781789,0.9705285453056622,1.0001982012988324,1.0048982790410157,1.017852506083521,0.9964407293706282,1.099738813964819,1.0177521250159252,0.9731119281740545,0.9803942299680524,1.1075507417652488,0.9355774265248196,1.016812244100852,1.0006219778339398,1.000427068404032,0.9958514869991267,0.9929737228431672,7.53e-5,-0.0024754237632434828,0.30699999999999994,0.5872523687443223,0.022584575199582933,0.1508531549290377,0.7003478911349532
0.4153592783180469,-0.0025524434463107077,6.021385919380437,45.9688994213484,-688.7729577038668,-624.8192823530019,0.9980635084038347,1.0001072504678383,1.0642657424029969,1.0397440895221493,1.010719287832418,0.9994965188588428,0.9708484074754897,1.000308188826023,1.0040341311951522,1.0176674624979152,0.9966802043824781,1.103402098082005,1.0201036880428436,0.9729060433473536,0.9813837846593549,1.124263110254232,0.9359310407042949,1.018430415232551,1.0002670953593307,0.9995882458453923,0.9958093848407412,0.9925505704036357,7.53e-5,-0.002477143446310708,0.30699999999999994,0.5872523687443223,0.022677504101267603,0.15116557541967696,0.7003478911349532
0.4153592783180469,-0.0025540071000351404,6.283185307179586,54.80218819323659,-692.6865354839081,-629.235926738946,0.9988091121450005,1.0001387515170086,1.079733649623067,1.0418810415404716,1.0117634655481829,0.9990059243775494,0.971112104528962,1.000441934262283,1.0030411369762033,1.0174533411478919,0.9971537476641895,1.1070005896249435,1.022647605828023,0.9726844022011775,0.9824318605960847,1.1459745308841764,0.9360702578547495,1.0200968636434504,0.9998660924650811,0.9986783704917364,0.9957612098889094,0.9920875778654737,7.53e-5,-0.0024787071000351405,0.30699999999999994,0.5872523687443223,0.0227807652310043,0.15151199962207207,0.7003478911349532
0.43198526514928176,-0.0025353213555969665,0.0,41.152701822551535,-686.6827245466352,-622.4111835536035,1.0014850410628675,1.000246082410765,1.0721056627606127,1.0400293689556164,1.0114349723927099,0.9988401520433239,0.982928242787129,1.0005646933186108,1.0039114108563973,1.016976882933433,0.9939310144357191,1.1046955079593537,1.0210582672514739,0.9763537498959359,0.9869021884405274,1.154904215394612,0.9507975917936089,1.0190311982663502,0.9995421067060861,0.9979558311367164,0.9964178375246522,0.9929323770181313,7.53e-5,-0.0024600213555969665,0.30699999999999994,0.5872523687443223,0.022759778673152906,0.15144165534273993,0.7171719048212541
0.43198526514928176,-0.0025365163775082685,0.2617993877991494,50.987587170918005,-691.0317611726184,-627.3286262277867,1.0031140986817564,1.0002608152725105,1.0883148169187955,1.0415875838471482,1.0123544731367606,0.9983192028335613,0.9830641834105347,1.0007080950827891,1.0028470515983077,1.016738282724571,0.9945904306546512,1.1080275943014615,1.023665135421637,0.9761306781354452,0.9879453654549042,1.1799493560666532,0.9508077845397275,1.0206989173671415,0.9991091407539019,0.9970186437427172,0.996365806867688,0.9924526910544782,7.53e-5,-0.0024612163775082686,0.30699999999999994,0.5872523687443223,0.022868799502632504,0.1518067351121394,0.7171719048212541
0.43198526514928176,-0.002537287137159806,0.5235987755982988,61.55769319096112,-695.7042516896653,-632.6136792378082,1.005669598952618,1.0002539845636085,1.1044184818650873,1.0423510123367734,1.0130439854901354,0.9978172474339708,0.9830105438350207,1.0008369446150256,1.001804820087975,1.016497496656919,0.9954443784192166,1.1108238113693296,1.026086170870651,0.9759206833913449,0.9888830907949427,1.2081253672074226,0.9505176669300603,1.0221392973432981,0.9986947509009754,0.9961421423820959,0.9963140627842776,0.9919990015131888,7.53e-5,-0.002461987137159806,0.30699999999999994,0.5872523687443223,0.022973618050586963,0.15215694215144285,0.7171719048212541
0.43198526514928176,-0.0025373915431409024,0.7853981633974483,71.72810316604046,-700.185822452607,-637.6988842253479,1.0089499878957922,1.0002178786924463,1.1186385910544507,1.0423873034458946,1.0134829115354473,0.9973743847801924,0.9827034188881251,1.0009343037702514,1.000861830667827,1.0162643535873612,0.9964089051097634,1.1128926853001888,1.028143430878436,0.9757337088250815,0.9896301754095279,1.2375974633570876,0.9499535359055197,1.0232538447740505,0.9983321131217816,0.9953897604743464,0.9962646192413587,0.9916010214279732,7.53e-5,-0.0024620915431409025,0.30699999999999994,0.5872523687443223,0.02306454616784556,0.1524601087631705,0.7171719048212541
0.43198526514928176,-0.002536579216830132,1.0471975511965976,80.15331036599423,-703.877620194548,-641.9114878253248,1.0125285319280735,1.0001527307427311,1.1290932675269831,1.0419128471033792,1.013697616200052,0.9970233365202045,0.9821326418776678,1.0009901836650734,1.0000852334911057,1.0160430326232348,0.9973611376450912,1.114090279555348,1.029692680204489,0.9755836861951136,0.9901319252420094,1.2661053526926405,0.9492659292164729,1.0239948266539018,0.9980510175904828,0.9948172612791771,0.9962203332150591,0.9912865180821803,7.53e-5,-0.0024612792168301322,0.30699999999999994,0.5872523687443223,0.023131833061302357,0.15268407686404417,0.7171719048212541
0.43198526514928176,-0.0025346612707765883,1.3089969389957472,85.5643371125193,-706.2315311124971,-644.6170011985873,1.0157865309486431,1.0000618930763217,1.1341796527113712,1.0411931256695386,1.013734648037021,0.9967889619373911,0.981341865463886,1.0009995777882732,0.9995261438314014,1.0158488945148572,0.998156119392985,1.1143471608400066,1.0306444129455175,0.975473074650245,0.9903451906746282,1.2905171192503992,0.9485914023502453,1.024366815527742,0.9978741129226608,0.9944665518629149,0.9961821804121614,0.9910746168255878,7.53e-5,-0.0024593612707765884,0.30699999999999994,0.5872523687443223,0.023167330784137602,0.15280210482938145,0.7171719048212541
0.43198526514928176,-0.002531659901613339,1.5707963267948966,87.0924952972598,-706.8869149731039,-645.3810802909576,1.0181467325320097,0.9999572600711488,1.133012413587565,1.0404178460325764,1.0136283043172356,0.9966884974620684,0.980440759994747,1.0009630233250726,0.9992207209808134,1.0157162659658432,0.9986674849779501,1.1137239536962338,1.0309721358132864,0.9754023246011587,0.9902680511747856,1.3077652110014797,0.9480958352382837,1.0244139119310838,0.9978160352146881,0.9943654468199905,0.9961516261939448,0.9909797229941287,7.53e-5,-0.002456359901613339,0.30699999999999994,0.5872523687443223,0.02316644216483451,0.1527991512970761,0.7171719048212541
0.43198526514928176,-0.0025278684356741963,1.8325957145940461,84.50658707564799,-705.7590148032103,-644.0881261801517,1.019229089847355,0.9998562878467918,1.12589993342456,1.0396968496313652,1.0134104964937873,0.9967171221501885,0.9795793515692293,1.000891446672527,0.9991952298559209,1.0156081075690646,0.998813866938561,1.112097309226041,1.0306607361310434,0.9753936414605916,0.989951143013031,1.3152999645882901,0.9479586620049929,1.024183195673869,0.9978757155783351,0.9945106976552073,0.9961337854546948,0.9910082335130528,7.53e-5,-0.0024525684356741964,0.30699999999999994,0.5872523687443223,0.023129748702949315,0.1526771437404875,0.7171719048212541
0.43198526514928176,-0.0025237147741221863,2.0943951023931953,78.26830224779633,-703.0526109491707,-640.9689837662258,1.0189766481195972,0.9997711220805274,1.1137168344388344,1.0389078416963486,1.0130440193136667,0.9968816113906983,0.9788803303319178,1.0007922067721398,0.9994561073847236,1.0155936936688537,0.9985913108518204,1.1097359543330634,1.0297799066956115,0.9754370719336792,0.9894330814815362,1.311794109381808,0.9481614575907689,1.023713934778719,0.9980482893294589,0.9948960091836777,0.9961295946680904,0.9911603917963525,7.53e-5,-0.0024484147741221864,0.30699999999999994,0.5872523687443223,0.02306170285863365,0.1524506376337016,0.7171719048212541
0.43198526514928176,-0.002519741713717183,2.356194490192345,69.39042988914707,-699.1984396484245,-636.5300475869012,1.0176095497487765,0.9997131449055737,1.0981325175713201,1.037910290297259,1.012503134907692,0.9971694998692581,0.9784279762181819,1.00067921272921,0.9999933375044325,1.0156619635975042,0.9980747734427007,1.1067427561082057,1.0283771182097965,0.9755375797550869,0.9887582952144387,1.2977539040776804,0.9485762173351227,1.0230021222528927,0.9983158411296631,0.9954889590385346,0.9961409735797387,0.9914258824029153,7.53e-5,-0.002444441713717183,0.30699999999999994,0.5872523687443223,0.0229702281802156,0.15214562854944544,0.7171719048212541
0.43198526514928176,-0.0025164240090235473,2.6179938779914944,59.162589257020954,-694.7447235893874,-631.4161272708382,1.0155283792505445,0.9996863660386723,1.08097083747606,1.036569932662834,1.011770946049679,0.9975614850621003,0.9782491054809065,1.000565803136811,1.0007723635651575,1.01581248673584,0.9973789613232217,1.1033160961570843,1.0265239060040263,0.975693270073179,0.9879684686030843,1.2754663718296828,0.9490578707383677,1.0220280893377323,0.9986546440754286,0.9962454837366653,0.9961687560465063,0.9917880153167263,7.53e-5,-0.0024411240090235473,0.30699999999999994,0.5872523687443223,0.02286475101328383,0.1517931930858115,0.7171719048212541
0.43198526514928176,-0.0025140923826714383,2.8797932657906435,48.84924791793469,-690.235540757943,-626.259456601295,1.0131754321126099,0.9996885555524712,1.0639434516571076,1.0348404091648984,1.0108631204320035,0.9980285982589796,0.9783150785286348,1.0004639145651903,1.0017337840544345,1.0160304773953344,0.996632282012399,1.0996839938461085,1.0243130070521183,0.9758942380554413,0.9870950758731644,1.2482209571422866,0.9494434169321662,1.0207842634966582,0.9990368767664571,0.9971108317833332,0.9962112235309083,0.9922211381238457,7.53e-5,-0.0024387923826714383,0.30699999999999994,0.5872523687443223,0.022754638128752027,0.15142442006094137,0.7171719048212541
0.43198526514928176,-0.002512903133955204,3.141592653589793,39.4547855045555,-686.1114461666139,-621.5622253946054,1.0109246794849962,0.9997135901155308,1.0484374371590428,1.0327903801505807,1.0098324668605156,0.998535056244683,0.9785633295041108,1.0003819064407329,1.002798971536753,1.0162943476968989,0.9959385266325904,1.0960948407915023,1.0218697596646962,0.976124764711684,0.9861735527510529,1.2193696678201154,0.9496243617044997,1.0193055898196182,0.9994343195187492,0.9980249128810011,0.9962647673519153,0.9926940712261478,7.53e-5,-0.002437603133955204,0.30699999999999994,0.5872523687443223,0.02264819340258826,0.15106710251616542,0.7171719048212541
0.43198526514928176,-0.0025128510365137286,3.4033920413889422,31.60563518083063,-682.6542277072515,-617.637650232743,1.0090137978357872,0.9997539139771954,1.0354185633609694,1.0305927805135544,1.008762741358244,0.9990415353902256,0.9789230512130277,1.0003229581270987,1.003880462977391,1.0165796845168662,0.9953550722097817,1.092796728996001,1.0193513677574835,0.9763662462679314,0.9852525929919894,1.1916058306836834,0.9495766925223562,1.0176805064405263,0.9998212568967626,0.9989266745507885,0.9963247406796004,0.993173339052657,7.53e-5,-0.0024375510365137287,0.30699999999999994,0.5872523687443223,0.022552161353603443,0.15074403418433252,0.7171719048212541
0.43198526514928176,-0.0025138078182871146,3.6651914291880923,25.549133224303887,-679.9803639580648,-614.6093992544796,1.0075256108692736,0.9998024372070691,1.0254279603317458,1.0284917423531659,1.007755309102872,0.9995099425156001,0.97933518730948,1.0002841048064328,1.0048951531542496,1.016860426826174,0.9948931649793387,1.0900100263701458,1.0169334602443953,0.9765993497257435,0.9843918069144505,1.1666499722275816,0.9493492665692732,1.016039721555652,1.000176227002218,0.9997579480508001,0.9963859658327986,0.99362563874095,7.53e-5,-0.0024385078182871146,0.30699999999999994,0.5872523687443223,0.022471588012944747,0.1504724528175897,0.7171719048212541
0.43198526514928176,-0.0025155665072586226,3.9269908169872414,21.236077651299638,-678.0729592914445,-612.4528714679775,1.0064107081047784,0.9998541957390406,1.0186238640330956,1.0267546487864911,1.0069102431617822,0.9999094558546133,0.9797595311383628,1.0002581891938183,1.0057736655642,1.0171163923949513,0.9945326827106962,1.0879242586342477,1.014792839212412,0.9768065406013514,0.9836541253875286,1.1453858273737865,0.9490309088060517,1.0145330996251913,1.0004823826323608,1.000467504642638,0.9964435521510316,0.9940210941955525,7.53e-5,-0.0024402665072586227,0.30699999999999994,0.5872523687443223,0.022409841827329927,0.15026400836440287,0.7171719048212541
0.43198526514928176,-0.0025178809140031146,4.1887902047863905,18.445045317086624,-676.8351942147984,-611.057355300871,1.0055362583944616,0.9999064090003885,1.0148791413406555,1.0256277266849747,1.0063128061016167,1.000218327051663,0.980175173663279,1.0002369711787094,1.0064658980851624,1.0173336904070185,0.9942402566889013,1.0866823809073936,1.0130890764200422,0.9769733145939359,0.9830969160005257,1.1281605135019008,0.9487230808576154,1.0133053777294387,1.000725673066017,1.0010118803554497,0.9964934232026041,0.9943344772539567,7.53e-5,-0.0024425809140031147,0.30699999999999994,0.5872523687443223,0.022368828064133563,0.15012539787189016,0.7171719048212541
0.43198526514928176,-0.002520496876532744,4.4505895925855405,16.912619029818416,-676.1487174423844,-610.2911421572369,1.004745306922395,0.9999574232053124,1.0138945771573245,1.0252943629255715,1.006023113880768,1.0004234257091138,0.9805752973654495,1.0002153297334881,1.0069413271545682,1.0175079838920185,0.993983897578643,1.0863768884099907,1.0119508650928768,0.9770878622772253,0.9827644123359126,1.1150900511496233,0.9485152665226649,1.012476844413426,1.0008931436888469,1.001356323051823,0.9965326698258204,0.9945462017863205,7.53e-5,-0.002445196876532744,0.30699999999999994,0.5872523687443223,0.022349264382988603,0.1500592365367697,0.7171719048212541
0.43198526514928176,-0.0025231873888405024,4.71238898038469,16.443644117766553,-675.9246494904862,-610.056654701211,1.003924484267065,1.0000064133278148,1.0154038866954522,1.0258566844536485,1.0060760952292445,1.0005174754600503,0.9809616299507753,1.0001939392777721,1.0071857754995053,1.0176105358356826,0.9937434125722084,1.0870005258714914,1.0114592584682423,0.9771437466873416,0.9826831538956907,1.1062816877242792,0.9484807796288256,1.0121278763609334,1.0009740306454131,1.0014774792799552,0.9965575685354249,0.9946399484627083,7.53e-5,-0.0024478873888405025,0.30699999999999994,0.5872523687443223,0.02235120295868303,0.15006579376172952,0.7171719048212541
0.43198526514928176,-0.002525759997816129,4.974188368183839,16.983586757980675,-676.1370748267077,-610.326626021318,1.0030127840432543,1.0000519909384125,1.0191374242952098,1.027277732070499,1.0064623938077113,1.0004987889590748,0.9813208902487403,1.0001812560314858,1.0071838328203147,1.0176639492666577,0.9935223409649687,1.0885819527146203,1.0116625028861723,0.9771387145592794,0.982864710897097,1.1019977978961848,0.9486044555243354,1.0122981656855965,1.000958274042569,1.0013646749518668,0.9965686161655061,0.9946122793728253,7.53e-5,-0.002450459997816129,0.30699999999999994,0.5872523687443223,0.022373920270584862,0.1501426142868691,0.7171719048212541
0.43198526514928176,-0.0025282104317449574,5.235987755982989,18.640934597533033,-676.8364417547632,-611.1552999410942,1.0021129050547475,1.000098888823361,1.025153869333933,1.0294698390128705,1.0071665707324,1.0003653477098136,0.9816834531042435,1.0001900219361108,1.006951761594578,1.0176224578640944,0.9933601746598802,1.090881356240673,1.0125361282474876,0.9770753297902193,0.9833127624787972,1.102381317643597,0.9490527045946093,1.012973002481655,1.0008443074620024,1.0010230017011794,0.9965633034170751,0.9944607088149148,7.53e-5,-0.0024529104317449575,0.30699999999999994,0.5872523687443223,0.02241735056810181,0.15028937154820313,0.7171719048212541
0.43198526514928176,-0.0025303446770721452,5.497787143782138,21.654367156771514,-678.1290700853804,-612.6620162207134,1.0013089163913507,1.0001435929717262,1.0334373743640177,1.0321562942644276,1.0081070536900896,1.0001221692701936,0.9820301416442375,1.0002318877247678,1.0064785921358022,1.0175377622909945,0.9932590299110808,1.093936966061452,1.0140434129208193,0.9769474114837375,0.9839746447954297,1.1078458087903784,0.9494767924598948,1.0141024946029369,1.0006316906357549,1.0004718852627592,0.9965423646445914,0.9941950652338224,7.53e-5,-0.0024550446770721453,0.30699999999999994,0.5872523687443223,0.02247991861163366,0.15050055404711413,0.7171719048212541
0.43198526514928176,-0.0025322025494528117,5.759586531581287,26.308297888039306,-680.1520847365165,-614.9889815863473,1.000776310958698,1.0001822083609582,1.0440935545486438,1.0350485660029205,1.0092118446512774,0.9997717975045927,0.9823685772302998,1.0003118337335841,1.0057944390988072,1.0173829409945243,0.9932901607711379,1.0973550002870696,1.016058928900184,0.9767735654007372,0.9848353811031167,1.1182781897743395,0.9500442993275798,1.0155781517305864,1.0003307239842996,0.9997415019361315,0.9965085893880079,0.9938323141386042,7.53e-5,-0.0024569025494528118,0.30699999999999994,0.5872523687443223,0.022560123696779837,0.1507708463918359,0.7171719048212541
0.43198526514928176,-0.0025338616642303097,6.021385919380437,32.810358094289995,-683.0035153031562,-618.2400116894727,1.0007589153293746,1.0002174495227343,1.0571049853299506,1.0377743864773226,1.0103563120468828,0.999335735795098,0.9826786741667562,1.0004267391381647,1.0049179225225957,1.017193857520677,0.9934991551611878,1.1010456028368443,1.0184576389165758,0.9765737971981782,0.9858398487333617,1.1341383497815296,0.950524877158643,1.0172728154996231,0.9999592657015028,0.9988843040240236,0.9964666513999557,0.9934029737804578,7.53e-5,-0.00245856166423031,0.30699999999999994,0.5872523687443223,0.02265483339141626,0.15108941582723617,0.7171719048212541
0.43198526514928176,-0.0025353213555969647,6.283185307179586,41.15270182255426,-686.6827245466362,-622.4111835536048,1.0014850410628675,1.000246082410765,1.0721056627606147,1.0400293689556186,1.0114349723927112,0.9988401520433233,0.9829282427871288,1.000564693318611,1.0039114108563973,1.0169768829334322,0.9939310144357172,1.1046955079593528,1.0210582672514736,0.9763537498959352,0.986902188440528,1.1549042153946174,0.9507975917936137,1.0190311982663507,0.9995421067060861,0.9979558311367164,0.9964178375246523,0.9929323770181314,7.53e-5,-0.002460021355596965,0.30699999999999994,0.5872523687443223,0.022759778673153007,0.15144165534274026,0.7171719048212541
0.4486882503007592,-0.002518081745618985,0.0,33.178797903754685,-683.2051239540967,-618.424231594205,1.0039682144027064,1.0003402027718917,1.0646147715431276,1.0380881314384047,1.011086936012069,0.9986730404686431,0.9910436859304524,1.0006783682608704,1.0044544215355262,1.0164949783947135,0.991022224332997,1.102457353602536,1.019520279965303,0.9793239019150312,0.9902439976520591,1.1646618736597119,0.9630164914812922,1.0179788693052763,0.9992259737258868,0.9972621211075335,0.9969465590784282,0.9935664038940195,7.53e-5,-0.002442781745618985,0.30699999999999994,0.5872523687443223,0.02273011643811032,0.15134217724615576,0.7339959185075552
0.4486882503007592,-0.0025191727579740755,0.2617993877991494,42.45975805193439,-687.2935204309248,-623.0647116682949,1.0055390467504353,1.0003546032583233,1.0802316660582056,1.0397646789838746,1.0120396651294907,0.9981484344481285,0.9911719403274503,1.0008254855998662,1.0033810671354955,1.0162569432408493,0.9916414736564838,1.1058242657604838,1.0221768167788088,0.979102093677622,0.9912997811970581,1.1886544297334942,0.9631628523764804,1.019734391255749,0.9987798553204126,0.9963100234112411,0.996894330529976,0.9930813389090101,7.53e-5,-0.0024438727579740756,0.30699999999999994,0.5872523687443223,0.022840088494557827,0.15171067269593577,0.7339959185075552
0.4486882503007592,-0.002519830489748709,0.5235987755982988,52.436599597077475,-691.6874124368292,-628.0531324408664,1.0079815806275254,1.0003482560095598,1.0956348466493397,1.040651188353314,1.012766177031654,0.997641252867479,0.9911173701039206,1.0009580386142167,1.0023306586841874,1.0160147805522726,0.992451670178048,1.1086481490644093,1.024647810338774,0.978890729769912,0.9922499006342188,1.215707363676745,0.9630175858950984,1.0212668382776569,0.9983538178250423,0.9954193228297294,0.9968420877063877,0.9926219076502595,7.53e-5,-0.002444530489748709,0.30699999999999994,0.5872523687443223,0.022945454036509935,0.15206292074397965,0.7339959185075552
0.4486882503007592,-0.0025198341962246133,0.7853981633974483,62.02634226822556,-695.8990578770711,-632.8480037764405,1.0110957603737298,1.0003146305338118,1.1091390135858425,1.0408050505412232,1.0132421584242044,0.997192197147261,0.9908243032093869,1.0010591995604567,1.001381281101469,1.015779375370779,0.9933747579665452,1.1107302895499123,1.0267519709457271,0.9787016626812491,0.9930112809721249,1.2440808656616769,0.9626039036266709,1.0224706528292538,0.9979818491675231,0.9946550140468642,0.9967923296002684,0.9922192560984489,7.53e-5,-0.0024445341962246133,0.30699999999999994,0.5872523687443223,0.023036508756606146,0.1523666905727192,0.7339959185075552
0.4486882503007592,-0.0025189442273206705,1.0471975511965976,69.9504085653482,-699.3631302339593,-636.8100369250018,1.014451702996584,1.0002518548271493,1.1189452069832582,1.0404165518025361,1.01348529662728,0.9968354485692374,0.9902792473831773,1.0011180690887465,1.000599954200378,1.0155611163590013,0.9942913231228626,1.1119311559837617,1.0283436338135796,0.9785441281074748,0.9935184554577476,1.271410538179097,0.9620177478760266,1.0232894704610762,0.9976941803923889,0.9940736135714952,0.9967470745973267,0.9919001432591362,7.53e-5,-0.0024436442273206706,0.30699999999999994,0.5872523687443223,0.023103448311726973,0.1525896355103942,0.7339959185075552
0.4486882503007592,-0.002517008739950022,1.3089969389957472,75.00956718805628,-701.563320521668,-639.3396162363558,1.0174807994317452,1.0001651040233164,1.123567476109209,1.0397278295958179,1.013536642293251,0.9965951921280624,0.9895313193890606,1.0011294250414504,1.0000386764358737,1.0153725853062534,0.9950618463667545,1.1121797289889557,1.0293273325937842,0.978426296321537,0.9937383679144679,1.2948735908086368,0.9614238349241951,1.023718328784988,0.9975139874814548,0.9937179171614875,0.9967085280530111,0.9916859683275653,7.53e-5,-0.002441708739950022,0.30699999999999994,0.5872523687443223,0.023138247054755586,0.15270540957867812,0.7339959185075552
0.4486882503007592,-0.002514060863088736,1.5707963267948966,76.3897732313003,-702.1614568813184,-640.0297192579778,1.0196407295711971,1.0000660330066087,1.1222426755932724,1.038926674855803,1.013432299422111,0.9964855380668911,0.9886855430134267,1.0010951226990854,0.9997343334447988,1.0152283689056496,0.995561833497217,1.1114727026222504,1.0296624185456935,0.9783551341738851,0.9936725422445297,1.3115330748263372,0.9609883860084512,1.0237904518763798,0.9974548087034901,0.9936129772773821,0.9966790696845246,0.9915911440179003,7.53e-5,-0.0024387608630887362,0.30699999999999994,0.5872523687443223,0.023136493772916815,0.15269957851222202,0.7339959185075552
0.4486882503007592,-0.0025103575191692167,1.8325957145940461,73.88348050376362,-701.0806974145621,-638.7765728942095,1.0205922685235391,0.9999696229757715,1.115135977324615,1.0380752798859239,1.0131822909588821,0.9965132444484334,0.9878739972374051,1.0010220205963867,0.9997110245596726,1.0151469444180778,0.9957174171036739,1.109866715452464,1.0293581549326547,0.9783367939279457,0.9933522137233307,1.3188905166336897,0.960822335406965,1.0235523046715278,0.997519442067367,0.9937646663481275,0.9966613386427355,0.991622770724734,7.53e-5,-0.0024350575191692168,0.30699999999999994,0.5872523687443223,0.023098475585902695,0.15257308449486065,0.7339959185075552
0.4486882503007592,-0.002506337704683931,2.0943951023931953,67.93867936296965,-698.5164078931566,-635.8041723238125,1.0202904912318829,0.9998900954456109,1.1032286208673818,1.0371052913064065,1.0127685451068678,0.9966785749695872,0.9872130319775994,1.0009202561526926,0.9999761086708324,1.0151507983567154,0.9955219422112647,1.1074952561914828,1.0284590994697924,0.9783753044120598,0.9928250364228781,1.3157068610357368,0.9609371729293906,1.0230370102866828,0.997700714809215,0.994161340248373,0.9966577933322546,0.9917805628315746,7.53e-5,-0.002431037704683931,0.30699999999999994,0.5872523687443223,0.023028911680513627,0.1523413682261305,0.7339959185075552
0.4486882503007592,-0.0025024877206513488,2.356194490192345,59.522457527094275,-694.8782987039936,-631.5960614058748,1.01893987769962,0.9998358466475995,1.0881502580661921,1.035907040114838,1.0121785096624887,0.9969631985600093,0.9867939152747544,1.0008045824463714,1.0005203877831415,1.0152162594249035,0.9950441172857057,1.1044293224023436,1.0270108414569,0.9784791554094169,0.9921434162671013,1.302491379677666,0.9612483373466625,1.022247134487127,0.9979781789736865,0.9947644760207169,0.9966714368603895,0.9920533473239769,7.53e-5,-0.002427187720651349,0.30699999999999994,0.5872523687443223,0.022935894556313445,0.1520309950219611,0.7339959185075552
0.4486882503007592,-0.0024992674736402857,2.6179938779914944,49.86012394330373,-690.684767756113,-626.7648946139795,1.0169382640306088,0.999811488138073,1.071563809286556,1.0343594612439642,1.0113922997944118,0.9973559691254962,0.9866268702664801,1.0006862525721463,1.0013062170148233,1.0153726142388642,0.9943877826647808,1.1009657663597165,1.0251065498387661,0.9786357709460678,0.9913396037791146,1.2813384686507965,0.9615896661361263,1.0211783787468909,0.9983303840197437,0.9955360238261644,0.9967007704020189,0.9924235455088718,7.53e-5,-0.002423967473640286,0.30699999999999994,0.5872523687443223,0.022828881545412513,0.15167316004705889,0.7339959185075552
0.4486882503007592,-0.002496990667580933,2.8797932657906435,40.14861682777382,-686.4513861723296,-621.9091410562146,1.0146986221548355,0.9998145996056769,1.055140240671449,1.032443345764908,1.0104349278588332,0.9978253260147325,0.9866926437987378,1.0005779833436619,1.002274830176595,1.0155871237575518,0.9936780864377062,1.0972781084526055,1.022833964761142,0.9788416062432911,0.9904497318198433,1.2553197101908316,0.9618157238505659,1.0198291240318944,0.9987279153671624,0.9964181764081868,0.9967448433274635,0.992865382928315,7.53e-5,-0.002421690667580933,0.30699999999999994,0.5872523687443223,0.022717222154747273,0.15129891398050616,0.7339959185075552
0.4486882503007592,-0.0024958485516901802,3.141592653589793,31.333899437670425,-682.5895487879795,-617.5017823611629,1.0125758900833939,0.9998385212564728,1.0401907358581268,1.0302532242859743,1.009366686400451,0.9983347537933999,0.9869148380038666,1.0004884886144165,1.0033466461246368,1.0158547564723586,0.9930270699504984,1.0936791391863783,1.0203387054606974,0.9790697966805414,0.9895116450551037,1.227750655018464,0.9618539539705309,1.0182562737580265,0.9991410662205719,0.9973482605710222,0.9967987320802845,0.9933444930959239,7.53e-5,-0.0024205485516901803,0.30699999999999994,0.5872523687443223,0.022609722865489176,0.15093776149676924,0.7339959185075552
0.4486882503007592,-0.0024958072026643983,3.4033920413889422,23.999978620866386,-679.3644823171404,-613.8348219527609,1.0107925267283486,0.9998769597851467,1.0276650724673166,1.0279643267941916,1.0082694555328886,0.9988469884979261,0.987247521955336,1.0004213653802962,1.004436727289886,1.0161405342864798,0.992475277712022,1.0903610085094444,1.0177695267799827,0.9793115941462219,0.9885756326338959,1.2010683448361117,0.9616793264160579,1.0165440244153114,0.9995437544042821,0.9982663585020858,0.9968589871743934,0.9938300398908559,7.53e-5,-0.0024205072026643984,0.30699999999999994,0.5872523687443223,0.02251284865189063,0.15061158568682542,0.7339959185075552
0.4486882503007592,-0.0024967541511087274,3.6651914291880923,18.369226908204382,-676.8807104539317,-611.0194460964299,1.009421717596861,0.9999229858291676,1.0180752448021142,1.0258181128668487,1.0072455818318924,0.9993221443008319,0.9876280360452802,1.0003750279436145,1.0054592545961945,1.0164169443652389,0.992038628020561,1.087571593799116,1.015308849333232,0.9795458416942676,0.9877037566226866,1.1770998355989075,0.9613408480947392,1.0148313334063175,0.9999128857817573,0.9991123356001207,0.9969200502286295,0.9942871976650343,7.53e-5,-0.0024214541511087275,0.30699999999999994,0.5872523687443223,0.02243176643219262,0.15033805412942086,0.7339959185075552
0.4486882503007592,-0.0024984980025449977,3.9269908169872414,14.382541547409573,-675.1174160793828,-609.0261034160325,1.008409723056745,0.9999722818003903,1.011564189334391,1.0240759179355634,1.0063911130154788,0.9997307951610797,0.9880183348902286,1.0003433025021953,1.0063437258802783,1.0166768229972627,0.9917007494804194,1.0855092128922577,1.0131374868627452,0.979752951216913,0.9869545647205387,1.1566100047062349,0.9609122791354586,1.013269635859098,1.0002301420579833,0.9998344003798676,0.9969772100477581,0.9946864427472119,7.53e-5,-0.0024231980025449977,0.30699999999999994,0.5872523687443223,0.022369817988585824,0.15012874489125763,0.7339959185075552
0.4486882503007592,-0.0025008035039367806,4.1887902047863905,11.819093529441034,-673.9792442641783,-607.7443794070482,1.0076287557336956,1.000021518725034,1.0080469160028729,1.0229828528025855,1.0057955103314369,1.0000474276999365,0.9884051926349195,1.0003188775313314,1.007042599986249,1.0168917410014817,0.9914215143850972,1.0842822540640538,1.0114110537321992,0.979921309693838,0.9863924554907064,1.1399809772311744,0.9605427906560164,1.0120036932057581,1.0004801798602458,1.0003863624218852,0.9970266876287498,0.9950016633302322,7.53e-5,-0.0024255035039367806,0.30699999999999994,0.5872523687443223,0.022329025566408596,0.14999076221438581,0.7339959185075552
0.4486882503007592,-0.0025034119658460005,4.4505895925855405,10.421323447186978,-673.3512080249939,-607.0454943659212,1.0069272523190547,1.0000688382896479,1.0072669344147311,1.0227230866629575,1.0055198703248676,1.0002587175174882,0.9887799812986815,1.0002966048609603,1.0075277478198996,1.0170500133634286,0.9911714799633263,1.0839709293856608,1.0102567188097842,0.9800377170591864,0.9860613357129805,1.12734328880943,0.9603414789281557,1.0111539996775118,1.0006505630567952,1.0007342174262568,0.9970647073358173,0.9952121333451922,7.53e-5,-0.0024281119658460006,0.30699999999999994,0.5872523687443223,0.022310265436639297,0.1499272636712248,0.7339959185075552
0.4486882503007592,-0.002506111460672313,4.71238898038469,10.00045924806841,-673.1480277796561,-606.8350622663619,1.0061856571488093,1.0001152852548714,1.0088760881490004,1.0233541993067856,1.0055836286197886,1.0003586427500326,0.9891388971236732,1.000277993594743,1.0077706484644904,1.0171550553862603,0.9909398655527631,1.0846366730633537,1.0097646051771416,0.9800951716400124,0.9859787038181133,1.1187915945781486,0.9602773528067186,1.010800488948846,1.0007290895217325,1.0008552118760174,0.997089026768065,0.995304713943467,7.53e-5,-0.002430811460672313,0.30699999999999994,0.5872523687443223,0.022313054024192,0.14993670402200898,0.7339959185075552
0.4486882503007592,-0.0025087060264030636,4.974188368183839,10.505528066196348,-673.3453122832083,-607.0875966754259,1.0053664522528933,1.0001585503432804,1.0127384088458835,1.0248861211774722,1.0059972601867728,1.000342475760013,0.9894929450969294,1.0002695687051086,1.0077789041677467,1.0171835810033718,0.9907167452326762,1.0861771420032975,1.0099666349707412,0.9800914070933686,0.9861673451673441,1.1145156111640415,0.9604999651846561,1.0109802876489307,1.0007086363649462,1.000738149802751,0.9970980693224973,0.9952717009677498,7.53e-5,-0.0024334060264030637,0.30699999999999994,0.5872523687443223,0.022337403975074586,0.15001911269947618,0.7339959185075552
0.4486882503007592,-0.00251110770248319,5.235987755982989,12.044469308060343,-673.9914248745731,-607.8570672963579,1.0045104245962193,1.0002017484214996,1.0186913948209582,1.0271367591541458,1.0067093101605153,1.0002116893838107,0.989827667243659,1.000284118250515,1.0075304410985855,1.0171658853482874,0.9905382345252408,1.0885995915591489,1.0108672515105406,0.9800263841884522,0.9866087037577973,1.1148229059735169,0.9608574042996063,1.0116844451752842,1.0005839669930139,1.0003894020799655,0.997092323536425,0.9951170444358289,7.53e-5,-0.00243580770248319,0.30699999999999994,0.5872523687443223,0.02238188149853751,0.15016952683918866,0.7339959185075552
0.4486882503007592,-0.002513225812289152,5.497787143782138,14.852057451237897,-675.1936572929618,-609.2608613679466,1.003744064822273,1.0002411694946216,1.0269122015474483,1.0299201363133286,1.0076774866259122,0.999965917764452,0.9901698105541424,1.0003309297618104,1.0070548066530425,1.0170624621203246,0.9904256769567565,1.091598843566456,1.012388096185493,0.9799072449480699,0.9872856412336684,1.1197928096722607,0.961414718386388,1.0128486241755268,1.000359285866903,0.99982520794878,0.9970714604996003,0.9948464840831834,7.53e-5,-0.0024379258122891522,0.30699999999999994,0.5872523687443223,0.022446008267925203,0.15038613400823106,0.7339959185075552
0.4486882503007592,-0.0025150809034081077,5.759586531581287,19.20798607367351,-677.0811199337886,-611.4388256791644,1.0032538481764988,1.0002784110918104,1.0373854021629625,1.0328962467161096,1.008803097946526,0.999613449844572,0.9904983190685271,1.0004161758697951,1.0063566979715954,1.0169099011292742,0.9904377430458255,1.0950794164967068,1.0144398230324743,0.9797409671195436,0.9881613140030885,1.1298228573743243,0.962059423045086,1.014380373614009,1.0000443484441333,0.9990814767858375,0.9970384193960999,0.9944803163082285,7.53e-5,-0.0024397809034081078,0.30699999999999994,0.5872523687443223,0.022527698893837145,0.15066163093271243,0.7339959185075552
0.4486882503007592,-0.0025166991706212765,6.021385919380437,25.317865688092752,-679.7511621653339,-614.4937654863741,1.0032569087689907,1.000312712414425,1.0500702848574435,1.0357215511121722,1.009975625925045,0.999173451781804,0.9908005205666696,1.000536031014347,1.0054703800452003,1.0167163646805613,0.9906243879010287,1.0987875279680615,1.0168759863118395,0.9795419978212876,0.9891703446081499,1.1448515145397424,0.9626201212461449,1.0161415555644375,0.9996579013072038,0.9982076875776298,0.9969957033070104,0.9940436754919422,7.53e-5,-0.0024413991706212766,0.30699999999999994,0.5872523687443223,0.022623859688972407,0.15098530310982666,0.7339959185075552
0.4486882503007592,-0.002518081745618988,6.283185307179586,33.17879790375423,-683.2051239540968,-618.4242315942048,1.0039682144027056,1.0003402027718917,1.0646147715431098,1.0380881314384005,1.0110869360120678,0.9986730404686432,0.991043685930453,1.0006783682608704,1.0044544215355267,1.016494978394713,0.9910222243329984,1.1024573536025282,1.0195202799653025,0.9793239019150312,0.9902439976520576,1.1646618736596992,0.9630164914812857,1.0179788693052758,0.9992259737258866,0.997262121107533,0.996946559078428,0.9935664038940188,7.53e-5,-0.002442781745618988,0.30699999999999994,0.5872523687443223,0.02273011643811032,0.15134217724615576,0.7339959185075552
0.4654493246081264,-0.0025034894289648053,0.0,29.19845423662059,-681.5525726641791,-616.434059760638,1.006120696987312,1.0004120615699204,1.0571724083404401,1.0360262350023772,1.01070619429558,0.9985072382600254,0.9960842188507977,1.0007720142360546,1.0047057351893935,1.016085256561268,0.9886280939837422,1.1003572085356903,1.018069929910096,0.9815834136027131,0.9925015086090325,1.173588207115087,0.9725525067410108,1.0169636974726748,0.9989249115992255,0.9966127503083734,0.9973507795676267,0.9940026039458305,7.53e-5,-0.0024281894289648054,0.30699999999999994,0.5872523687443223,0.02268958392297222,0.15120614097936982,0.7508199321938561
0.4654493246081264,-0.0025044792190318825,0.2617993877991494,37.942718560121875,-685.394117623862,-620.8061919223886,1.0076212503439477,1.0004251316267543,1.0722178896275627,1.0378163435500458,1.0116934473404438,0.9979771494338476,0.9962064714267668,1.0009227279245916,1.0036252413719995,1.0158401754538349,0.9892138821368301,1.1037211572225603,1.020759295079678,0.9813605850937408,0.99356049095871,1.196487602534427,0.9727944096301955,1.0187918020882116,0.9984665114398991,0.9956455350794721,0.9972979303117427,0.9935109963828573,7.53e-5,-0.0024291792190318825,0.30699999999999994,0.5872523687443223,0.02280012981426681,0.151576879181289,0.7508199321938561
0.4654493246081264,-0.002505014719117246,0.5235987755982988,47.348333232921505,-689.5247395130166,-625.5089992587884,1.009942859793446,1.000418968919833,1.0869711163672457,1.0388193494894515,1.0124537513680265,0.9974661490996255,0.9961557659265833,1.0010582998885726,1.0025693758079455,1.0155986494550744,0.9899808196632143,1.1065540777164995,1.023268522435557,0.9811492658332612,0.9945215202154323,1.2224086450454204,0.9727859181200844,1.0204023205596031,0.998030790512843,0.9947438246272771,0.9972456424557454,0.9930477876425137,7.53e-5,-0.002429714719117246,0.30699999999999994,0.5872523687443223,0.022905719731074956,0.15193017774688183,0.7508199321938561
0.4654493246081264,-0.0025049090827301695,0.7853981633974483,56.384512120095906,-693.4831761923151,-630.0270887023756,1.0128843713521136,1.0003867892005294,1.0998037792340642,1.0390797709378523,1.012963587171757,0.9970111914547282,0.99587727077456,1.0011631798484477,1.0016149035046942,1.015359614208591,0.9908627321669911,1.1086359203280907,1.0254076505013692,0.9809569563507753,0.9952889562207211,1.2496205987585065,0.9724799971519218,1.021682067200331,0.9976505001873843,0.9939688425443429,0.9971953876488272,0.9926405369840571,7.53e-5,-0.0024296090827301696,0.30699999999999994,0.5872523687443223,0.022996611068211496,0.15223365923125723,0.7508199321938561
0.4654493246081264,-0.0025039313804761927,1.0471975511965976,63.83840156221777,-696.7351455877567,-633.7540334234366,1.0160337094517375,1.0003271602876165,1.1090270923338106,1.038769986301742,1.0132337643901002,0.9966481835688259,0.9953613969160184,1.0012251139019988,1.000830324884296,1.0151422499466114,0.9917416869445715,1.1098396532592059,1.0270323510507968,0.9807957481584895,0.9958068710258388,1.2759246643249227,0.9720066031455569,1.0225692056142592,0.9973571215990282,0.9933797736401605,0.9971501186452759,0.9923187428344572,7.53e-5,-0.0024286313804761928,0.30699999999999994,0.5872523687443223,0.023063149499811173,0.1524554565005226,0.7508199321938561
0.4654493246081264,-0.0025019616041330457,1.3089969389957472,68.57739030394555,-698.7952566152844,-636.1235277943005,1.0188545692524473,1.0002450935954466,1.113247140032337,1.038107511599059,1.0132975611291581,0.996402708716163,0.9946575046246772,1.0012387089406862,1.0002686607556608,1.014957816016172,0.9924862410343857,1.11007904284346,1.028041583017055,0.980673643836343,0.996035731999689,1.2985081872073896,0.971493642145988,1.023047830276104,0.9971742209286263,0.9930202297146011,0.9971117555585503,0.992103635724715,7.53e-5,-0.0024266616041330458,0.30699999999999994,0.5872523687443223,0.023097309725212192,0.1525692038405166,0.7508199321938561
0.4654493246081264,-0.002499034848373192,1.5707963267948966,69.83773908553621,-699.3457481628104,-636.7537021850958,1.020841920803703,1.0001516641550006,1.1117638440189268,1.0372618661905226,1.0131843612704852,0.9962910707773555,0.9938591014577021,1.0012049836626213,0.9999659944511969,1.014824591268529,0.99297867098804,1.1093756137013664,1.028393921329056,0.9805963536119843,0.9959727930416695,1.3146026070102423,0.9710769787975986,1.0231436184190998,0.9971163206637844,0.9929174685253516,0.9970821026552577,0.992009595820292,7.53e-5,-0.002423734848373192,0.30699999999999994,0.5872523687443223,0.02309474947900207,0.1525606815342907,0.7508199321938561
0.4654493246081264,-0.0024953983987333547,1.8325957145940461,67.43132028685864,-698.3163109326792,-635.550492785757,1.0216819483507418,1.0000608869355447,1.1047578459794516,1.0363043407947239,1.0129117691467275,0.9963138522714762,0.9931012901434703,1.0011325210320705,0.999947424290729,1.0147465327635317,0.9931376455115107,1.1077347199956746,1.028085621926352,0.9805770783278513,0.9956586081729596,1.3218716233975532,0.9709087474259208,1.022896538574441,0.997183940373263,0.993071571914855,0.9970658967726836,0.9920446497692513,7.53e-5,-0.002420098398733355,0.30699999999999994,0.5872523687443223,0.023055854234956135,0.1524311539389596,0.7508199321938561
0.4654493246081264,-0.002491470039742952,2.0943951023931953,61.789542409091155,-695.8931070945737,-632.7296038468733,1.0213371158509839,0.9999859619087127,1.093205540606296,1.035182985865636,1.012464336163291,0.9964731946618746,0.9924860529884071,1.0010306718164295,1.0002197582609695,1.0147423340085675,0.992966694074099,1.1052942940113242,1.027161547015995,0.9806162984109585,0.9951290429126105,1.319020930509612,0.9709517509007902,1.0223390515012645,0.997370017440725,0.9934713422504735,0.9970640514738799,0.9922060374746454,7.53e-5,-0.002416170039742952,0.30699999999999994,0.5872523687443223,0.022985371802705674,0.15219616367470226,0.7508199321938561
0.4654493246081264,-0.0024877232405237206,2.356194490192345,53.83280806983703,-692.4634712885672,-628.7512366772462,1.020024038875309,0.9999358518216682,1.0785763194842906,1.0337941971823452,1.01182468821148,0.9967591625186233,0.9920875421712891,1.000911926213243,1.0007696552383631,1.014822805747269,0.9925193004135971,1.1022321241829511,1.0256875167032913,0.9807150327065521,0.9944344909085069,1.3065413676104662,0.9711386191187711,1.0214851132777514,0.9976571199768252,0.9940857193052368,0.9970781394622151,0.9924838570382156,7.53e-5,-0.0024124232405237206,0.30699999999999994,0.5872523687443223,0.022891356022719,0.1518821643005291,0.7508199321938561
0.4654493246081264,-0.0024845957099961244,2.6179938779914944,44.72295117225622,-688.5195089191996,-624.1963082284558,1.0181031995824148,0.9999135101093933,1.0625526970652075,1.032058983021942,1.01098966636474,0.997153199441615,0.9919263674554835,1.0007892586470775,1.001561342386995,1.0149832342631802,0.9919050868285371,1.098742559811023,1.0237413454597952,0.9808731506005836,0.9936198165324667,1.2864433743306816,0.9713556632516146,1.0203327191449099,0.9980210421735476,0.9948702794796165,0.9971088461724816,0.9928611174401271,7.53e-5,-0.0024092957099961245,0.30699999999999994,0.5872523687443223,0.022783275237018005,0.15152041072457162,0.7508199321938561
0.4654493246081264,-0.0024823970333304876,2.8797932657906435,35.591600853155796,-684.5454852896206,-619.6306330689056,1.0159774367130079,0.9999169448336851,1.0467007337433674,1.0299834508427865,1.0099913742735012,0.9976237554312088,0.9919781747491077,1.0006755939022185,1.0025353671794168,1.0152043711269896,0.9912396658927005,1.0950524279386054,1.0214284748680647,0.9810761176374004,0.9927170727158572,1.261647524785951,0.9714583247507508,1.018899787773265,0.9984311845094116,0.995764865574306,0.9971535478163196,0.993308387891911,7.53e-5,-0.0024070970333304876,0.30699999999999994,0.5872523687443223,0.022670827828885593,0.15114315112961527,0.7508199321938561
0.4654493246081264,-0.0024812829635976665,3.141592653589793,27.329301900451355,-680.9310155007047,-615.4994835925534,1.0139797349150967,0.999940297786974,1.0322964584570307,1.0276671737241123,1.0088891703216125,0.9981364536678359,0.9921873319013074,1.000579459833218,1.0036135482793829,1.0154669858789336,0.9906196434724819,1.091421048223686,1.0188858416279731,0.9813072935192584,0.9917654238328835,1.2352052648333405,0.9713642570020039,1.017240395705699,0.998858175993811,0.9967088934896273,0.9972082087338788,0.9937937294789275,7.53e-5,-0.0024059829635976666,0.30699999999999994,0.5872523687443223,0.022562471084722747,0.15077875004862895,0.7508199321938561
0.4654493246081264,-0.0024812602925016716,3.4033920413889422,20.48077247976562,-677.9211941034266,-612.0752188822105,1.0123171402356843,0.9999769034800197,1.020226242511492,1.0252953125673772,1.0077677084360908,0.9986536897629815,0.9924946432523664,1.0005049139565565,1.0047087600605293,1.0157528741052302,0.9900949407812623,1.0881070943629378,1.0162799095705903,0.9815507373303807,0.9908226572471046,1.209652949386899,0.9710932856178075,1.0154561698326876,0.9992748740686835,0.9976413821690194,0.9972687745290617,0.9942849435772766,7.53e-5,-0.0024059602925016717,0.30699999999999994,0.5872523687443223,0.02246504243307759,0.15045036934044237,0.7508199321938561
0.4654493246081264,-0.002482218628695302,3.6651914291880923,15.246221986090404,-675.6114343073084,-609.4579436353729,1.0110570375857975,1.000020286905654,1.0110186372067613,1.0231199702964366,1.006733219984951,0.9991341080818292,0.9928471020590325,1.0004516819920157,1.0057395498899024,1.0160265588548152,0.989680262052342,1.0853114191853481,1.0137875369159854,0.9817841732477468,0.9899427626798635,1.186549009731234,0.9706786075339222,1.0136846026825095,0.9996558630745468,0.9984980858829361,0.9973295724036696,0.994745285879535,7.53e-5,-0.002406918628695302,0.30699999999999994,0.5872523687443223,0.02238377208492078,0.1501759171892907,0.7508199321938561
0.4654493246081264,-0.002483969605836367,3.9269908169872414,11.558784979363963,-673.9785843725473,-607.6142251320097,1.0101397185718042,1.0000660604802456,1.0048021067967787,1.0213878805396612,1.005877497248906,0.9995487397754484,0.9932070611898755,1.000414180075632,1.0066327089474751,1.0162781713924418,0.9893598024541651,1.0832436600230586,1.0115908465873988,0.9819915660771138,0.9891896058672598,1.166772775483198,0.9702022066048324,1.0120782525639604,0.9999827238880841,0.9992288691750348,0.9973860217754328,0.9951461668884257,7.53e-5,-0.002408669605836367,0.30699999999999994,0.5872523687443223,0.02232190383646591,0.1499666599358352,0.7508199321938561
0.4654493246081264,-0.002486275926271332,4.1887902047863905,9.199658129724412,-672.928662750651,-606.4346617071899,1.0094418206640345,1.000111733693954,1.0014900280678298,1.0203336098819602,1.0052858972166585,0.9998725566298732,0.9935645528194315,1.000386110224805,1.0073392247877724,1.0164888654740636,0.9890936403489106,1.082026614806962,1.0098479655110706,0.9821592517532638,0.9886233852628961,1.150691193046278,0.9697952837473055,1.0107822110263474,1.000239088368245,0.9997872157496445,0.9974344583006302,0.9954617359921502,7.53e-5,-0.002410975926271332,0.30699999999999994,0.5872523687443223,0.02228143582928509,0.1498296314877855,0.7508199321938561
0.4654493246081264,-0.002488897070228055,4.4505895925855405,7.917974926833267,-672.3510695208815,-605.7938201057443,1.00881561181672,1.0001561244504118,1.000830372855919,1.0201220080055766,1.005015548766646,1.0000907672488324,0.993913780511582,1.0003631101930937,1.0078257730377482,1.0166455792513807,0.9888539168960401,1.0817374834186402,1.008685318409206,0.9822764928911996,0.9882867334239477,1.138429970781549,0.9695415629956665,1.0099148744010862,1.0004114641252766,1.0001381747205285,0.9974715320268349,0.9956716214399671,7.53e-5,-0.002413597070228055,0.30699999999999994,0.5872523687443223,0.022263074940524877,0.14976741970537316,0.7508199321938561
0.4654493246081264,-0.0024916068149846904,4.71238898038469,7.531761658435244,-672.1637961143299,-605.6007134715453,1.00814547552329,1.0001990748654705,1.0025336777957632,1.020824405220243,1.0050923532424716,1.0001956748004273,0.9942538340413601,1.000346148092513,1.0080718428024384,1.0167456629287284,0.9886241495727578,1.082410686304308,1.008190847160626,0.9823360149138868,0.9882067520872717,1.1301156437958526,0.9694929822144328,1.0095577163491751,1.0004884620437193,1.0002589175784782,0.9974950509266084,0.995762578526451,7.53e-5,-0.0024163068149846904,0.30699999999999994,0.5872523687443223,0.02226668328147302,0.14977964774374775,0.7508199321938561
0.4654493246081264,-0.0024942238618394902,4.974188368183839,7.993755914219719,-672.3442862385051,-605.8317105994375,1.0073905549397,1.00024038763111,1.0064018241066204,1.0224119033834305,1.0055138998005595,1.0001831915995743,0.9945861407202926,1.0003419356836862,1.0080698044163343,1.0167811524057973,0.9884051439982524,1.0840040254994125,1.008402987506344,0.982334777300509,0.9883939457733413,1.1259338926371247,0.9696818356850694,1.0097470382146103,1.0004620976005054,1.0001390567155555,0.9975036213934,0.9957278328040529,7.53e-5,-0.0024189238618394903,0.30699999999999994,0.5872523687443223,0.02229174624417403,0.14986455505045862,0.7508199321938561
0.4654493246081264,-0.0024966271663346045,5.235987755982989,9.411215219033693,-672.9397708772858,-606.5404402518445,1.0065942441648663,1.0002801475185898,1.0123620297467193,1.024745603591616,1.0062457839645838,1.0000529398445877,0.9949134807045668,1.0003609142233676,1.007819695315994,1.016751450210448,0.9882165757456899,1.0864149073933569,1.0093117182185611,0.9822741570473525,0.9888422710128726,1.1261192527425876,0.9701024237149958,1.010471153543388,1.0003296090429046,0.9997837133224033,0.997497108627341,0.995569323414792,7.53e-5,-0.0024213271663346045,0.30699999999999994,0.5872523687443223,0.022337435152943536,0.15001921818805325,0.7508199321938561
0.4654493246081264,-0.0024987667063564403,5.497787143782138,12.014654929457492,-674.0546385727594,-607.8421601070564,1.0058787432874645,1.0003191236187612,1.0204353440125216,1.0275743128849821,1.0072191082356516,0.9998091120683122,0.9952359475458165,1.0004127278473811,1.0073244955601588,1.0166591850783828,0.9880952785291218,1.0895067581806115,1.0108605137048121,0.9821601553077917,0.9895242407188335,1.130951700364005,0.9706608793130795,1.0116714876493522,1.000095264367706,0.9992153768867873,0.9974759743945337,0.9952973577820802,7.53e-5,-0.0024234667063564403,0.30699999999999994,0.5872523687443223,0.0224023374163879,0.15023865565750025,0.7508199321938561
0.4654493246081264,-0.0025006022360476044,5.759586531581287,16.078464006783406,-675.8135813273575,-609.8740646457194,1.005421380453211,1.0003532991710853,1.0307234552254882,1.0306485777086534,1.0083727310026984,0.9994527948784007,0.9955556956821409,1.0005026413018618,1.0066246978930593,1.0165009618144196,0.9880969001498914,1.092951329359603,1.0129281472595406,0.9819952178633743,0.9904038869762619,1.1403374845181578,0.9714012911408911,1.0132445351193582,0.9997674946615017,0.9984563899210763,0.9974429414667005,0.994925385563458,7.53e-5,-0.0024253022360476045,0.30699999999999994,0.5872523687443223,0.02248536093871122,0.1505189096542268,0.7508199321938561
0.4654493246081264,-0.0025021762285826776,6.021385919380437,21.805752842508355,-678.3120412199698,-612.7377090635819,1.0054348361933072,1.0003865175071198,1.0430816277152466,1.0335564965080046,1.0095644110291793,0.9990122705608038,0.9958496893654597,1.000626019091729,1.0057288587001418,1.0163116282680347,0.9882580045944049,1.0966885632617023,1.015395507993629,0.9818009434573876,0.991422640343635,1.1547089474859158,0.9720551997324304,1.01506151356951,0.9993696615541717,0.9975732361198933,0.9974003120244179,0.9944859448253873,7.53e-5,-0.0024268762285826776,0.30699999999999994,0.5872523687443223,0.02258245811010727,0.15084603011385628,0.7508199321938561
0.4654493246081264,-0.002503489428964807,6.283185307179586,29.198454236625594,-681.5525726641811,-616.4340597606405,1.0061206969873122,1.0004120615699204,1.0571724083404452,1.0360262350023792,1.0107061942955788,0.9985072382600266,0.996084218850796,1.0007720142360543,1.0047057351893938,1.0160852565612746,0.9886280939837404,1.10035720853572,1.0180699299100993,0.9815834136027124,0.9925015086090356,1.1735882071151569,0.9725525067410261,1.016963697472677,0.9989249115992263,0.9966127503083753,0.9973507795676267,0.9940026039458316,7.53e-5,-0.002428189428964807,0.30699999999999994,0.5872523687443223,0.022689583922972236,0.15120614097936988,0.7508199321938561
0.4822495131452888,-0.0024926949807212353,0.0,27.39377759829722,-680.9103571395802,-615.5317214414763,1.007836786581919,1.000454198769107,1.0497239392382582,1.0338290577973004,1.010303164242011,0.9983308968402635,0.9987794534537214,1.0008451077833669,1.0047210942634777,1.0157795704153576,0.9869315394128696,1.0983510728858465,1.0167172487570697,0.9831372584857034,0.9937360058369388,1.1795202358502057,0.9791199535894777,1.0160018582299875,0.9986398406174536,0.9960056720078084,0.9976365761401099,0.9942501341277934,7.53e-5,-0.0024173949807212354,0.30699999999999994,0.5872523687443223,0.0226372629324591,0.15103036432255873,0.767643945880157
0.4822495131452888,-0.0024935835926485957,0.2617993877991494,35.622749956032294,-684.5215245819,-619.6462076203438,1.0092647861255049,1.000466856222663,1.0642138908101946,1.0357186559495528,1.0113171078127419,0.9977984519037105,0.9988990678546178,1.000998246565759,1.0036341925518768,1.015537419149211,0.9874786066411805,1.1017226017379105,1.0194304684753863,0.9829174548308963,0.994803514741899,1.201518894023361,0.9794804673566899,1.0178888505579164,0.9981728996826255,0.9950309958150894,0.9975842070240053,0.9937570323838385,7.53e-5,-0.002418283592648596,0.30699999999999994,0.5872523687443223,0.022747903856358796,0.15140183843049615,0.767643945880157
0.4822495131452888,-0.0024940073855883238,0.5235987755982988,44.48431216396307,-688.4084867887082,-624.0769887243092,1.0114647647963457,1.0004612901541097,1.078319411732385,1.036817678098856,1.0121029727885482,0.9972862722060247,0.9988527900529216,1.001135781771382,1.002572357211069,1.0152983191271736,0.9882005374675568,1.1045664825468609,1.0219652690606713,0.9827070148558897,0.9957692834924775,1.2264074161038958,0.979570248749519,1.0195614556045802,0.9977308451952819,0.9941250119717698,0.9975316244837719,0.9932922770442532,7.53e-5,-0.002418707385588324,0.30699999999999994,0.5872523687443223,0.02285314358827852,0.15175436024601405,0.767643945880157
0.4822495131452888,-0.002493769954622738,0.7853981633974483,52.99984304121449,-692.1323774937296,-628.3347541629349,1.014234609900762,1.0004305707996053,1.090572751891276,1.0371930654084691,1.0126503685626678,0.9968236410435651,0.9985899753132191,1.0012445229048434,1.001615684490356,1.015055482340212,0.9890449690365262,1.1066360134136417,1.024128072989365,0.9825128285837084,0.9965452625608318,1.2525336566105663,0.9793806422326667,1.0209061680579588,0.9973424465825748,0.9933384218956359,0.9974819622259095,0.9928817288783858,7.53e-5,-0.002418469954622738,0.30699999999999994,0.5872523687443223,0.022943972092158454,0.15205797193130324,0.767643945880157
0.4822495131452888,-0.002492699087599048,1.0471975511965976,60.02043643138177,-695.1919712481313,-631.8450508580186,1.017191050553763,1.0003743693532487,1.0992724227705004,1.0369477863592576,1.0129370786511533,0.9964617073961092,0.9980993433851021,1.0013071700717338,1.0008287808540621,1.0148534755229817,0.9898878658836812,1.1078790285846822,1.0257862582260049,0.9823468964447475,0.9970704349555997,1.2778088462912962,0.9789990053027406,1.0218527626971419,0.9970471221473213,0.9927503533675348,0.9974358122771372,0.9925594215110922,7.53e-5,-0.002417399087599048,0.30699999999999994,0.5872523687443223,0.023010000314504064,0.15227831570914263,0.767643945880157
0.4822495131452888,-0.0024906734832370464,1.3089969389957472,64.47630239059868,-697.1288874423708,-634.072983837627,1.0198213263336202,1.0002971446752371,1.1031809682336686,1.0363213738167094,1.013018944666414,0.9962074102977462,0.9974456868003425,1.0013245109777689,1.0002705830146368,1.014660167314768,0.990601341406531,1.108067105223117,1.0268064871280191,0.9822250979455924,0.9973094934832046,1.2995075828899498,0.9785599144863611,1.0223714907069499,0.9968600528270519,0.9923829652695262,0.9973990789154038,0.9923440256004906,7.53e-5,-0.0024153734832370465,0.30699999999999994,0.5872523687443223,0.023043756138332185,0.15239084352897084,0.767643945880157
0.4822495131452888,-0.0024877437605488524,1.5707963267948966,65.64892981497883,-697.6439574635997,-634.6592975498171,1.0216556582899319,1.0002093462935715,1.1016111995610003,1.0354458164075442,1.0129040909429257,0.9960897303670486,0.9967006799322272,1.001293088135478,0.9999728251925485,1.0145262162908535,0.9910770073075056,1.1073315491495026,1.0271666869419225,0.9821474149524059,0.9972578125547069,1.3150522166698497,0.9781878645004328,1.022487557578294,0.9968014434274746,0.9922777054313339,0.9973709307976323,0.9922515293619342,7.53e-5,-0.0024124437605488524,0.30699999999999994,0.5872523687443223,0.023040802341821418,0.15238100001923197,0.767643945880157
0.4822495131452888,-0.002484153407602323,1.8325957145940461,63.364764223836346,-696.6715054538568,-633.5172147542459,1.0224107452076396,1.0001242748257844,1.0947409212432286,1.0343828566183237,1.0126022855344023,0.9961154965179237,0.9959886990477718,1.0012195256757765,0.9999603029220585,1.0144668671885788,0.9912384553547587,1.1057163695004193,1.0268666169232286,0.9821236403974948,0.9969453858086498,1.3221532986349822,0.9779986664538035,1.022234785788919,0.9968740965996155,0.9924402489916682,0.9973547076869439,0.9922901059354109,7.53e-5,-0.0024088534076023233,0.30699999999999994,0.5872523687443223,0.023001404043739036,0.15224964645916172,0.767643945880157
0.4822495131452888,-0.0024802994365098327,2.0943951023931953,58.035380264067726,-694.387750991954,-630.8525227743615,1.022042415596415,1.0000541452091503,1.0835568153930961,1.0331244781884548,1.0121208030376385,0.9962741496870439,0.9954065941344021,1.0011168666848513,1.0002396617650204,1.0144665913736322,0.9910910419220663,1.103259528288382,1.0259302582465744,0.9821604806538935,0.9964117332253761,1.319569702367716,0.9779578326883717,1.021643208617304,0.9970652871665242,0.9928453642108006,0.9973535938513827,0.9924547086999574,7.53e-5,-0.0024049994365098327,0.30699999999999994,0.5872523687443223,0.022930554960152102,0.15201315958594766,0.767643945880157
0.4822495131452888,-0.00247663888186747,2.356194490192345,50.53351776694126,-691.1594001479812,-627.1015915257983,1.0207677138386833,1.0000075074761903,1.0694249752027136,1.0315775912009877,1.0114439402625626,0.9965570453094517,0.995032744210543,1.0009971230134862,1.0007975096830495,1.014547263659333,0.990674968993579,1.100157787085421,1.0244299994068837,0.9822611932137777,0.9957176775858799,1.3077572174582777,0.9780806361811036,1.0207330220859487,0.9973583294821975,0.9934637870302143,0.9973699134796294,0.9927375332849884,7.53e-5,-0.00240133888186747,0.30699999999999994,0.5872523687443223,0.022836168701493277,0.15169755312501457,0.767643945880157
0.4822495131452888,-0.0024735890153199987,2.6179938779914944,41.9587780256752,-687.4505574696964,-622.8142216551653,1.0189326624220434,0.9999871056966,1.0539532898676336,1.029681456990548,1.0105684497229672,0.9969512938130392,0.9948785350654982,1.00087135602114,1.0015958891205332,1.0147097379416594,0.9900975810739759,1.0966567597890473,1.0224550775149308,0.9824171504699412,0.9948921916743886,1.2886198197477685,0.9781747429702267,1.019512510289889,0.997730963729687,0.9942563268537232,0.9974012146317396,0.9931185323710137,7.53e-5,-0.002398289015319999,0.30699999999999994,0.5872523687443223,0.02272767062620322,0.1513339719099056,0.767643945880157
0.4822495131452888,-0.0024714522976036503,2.8797932657906435,33.38037560848397,-683.7186950013344,-618.5250204465697,1.0169163218067203,0.9999908085649937,1.038658288085727,1.027466934295546,1.0095344849354106,0.9974234164225116,0.9949225928242235,1.0007531572505415,1.0025758503565692,1.0149307541340002,0.9894705231237481,1.09295917132522,1.0201107981325845,0.9826167041025854,0.9939734055249141,1.2648785658309314,0.9781336245055536,1.0180073938631293,0.9981512268382529,0.9951599388383942,0.9974458155537335,0.9935687233073823,7.53e-5,-0.0023961522976036504,0.30699999999999994,0.5872523687443223,0.022614806998156996,0.1509548609177546,0.767643945880157
0.4822495131452888,-0.0024703837791220417,3.141592653589793,25.637186081863092,-680.3306901318813,-614.6534256832592,1.0150334062031872,1.0000132700569342,1.0247625002582532,1.0250434930440835,1.0084035245254646,0.9979393090207661,0.9951142572775186,1.0006512834425527,1.0036590713360543,1.0151943158551988,0.9888845418276614,1.0893294004588878,1.0175390667010575,0.9828481197380973,0.9930147156884949,1.239554057432145,0.9779426334017773,1.016280363218201,0.9985897502831078,0.9961148745964562,0.9975008700705148,0.9940586005165057,7.53e-5,-0.0023950837791220417,0.30699999999999994,0.5872523687443223,0.022506078414983154,0.15058876466856413,0.767643945880157
0.4822495131452888,-0.0024703935629239917,3.4033920413889422,19.238452807537215,-677.5155575645996,-611.4540590460963,1.0134797750123548,1.0000478238799955,1.0131315322739403,1.0226079961427486,1.0072655024691937,0.9984590669396203,0.9953953841040155,1.0005706999313515,1.0047597466720641,1.0154735721981358,0.9883922191432646,1.0860119463478362,1.0149067984339313,0.9830889949614616,0.9920611942715423,1.2149651324855868,0.9775705270812802,1.0144382613762915,0.9990170486405628,0.9970555288680012,0.9975608330146849,0.9945514030044025,7.53e-5,-0.0023950935629239918,0.30699999999999994,0.5872523687443223,0.022408456204757007,0.15025932752535962,0.767643945880157
0.4822495131452888,-0.0024713757640874396,3.6651914291880923,14.365475359019683,-675.3610441436421,-609.0175703218375,1.0123146958859874,1.0000890251625234,1.0042368415996965,1.0203959677514611,1.0062164652682213,0.9989464630923665,0.9957212713136707,1.000511011573369,1.0057934744661434,1.0157534766885181,0.9879993669750932,1.0832448332735378,1.0123983527357128,0.9833237786193314,0.9911816608460541,1.1927605774329098,0.9771035189515148,1.0126215690356801,0.9994090504020129,0.9979236902114462,0.997621529817717,0.995015856123634,7.53e-5,-0.0023960757640874397,0.30699999999999994,0.5872523687443223,0.022326992866122185,0.14998388327053128,0.767643945880157
0.4822495131452888,-0.0024731474210719635,3.9269908169872414,10.94602295161394,-673.8418799707588,-607.3078441181347,1.0114838420823333,1.0001314081245174,0.9982794780748601,1.0186750515713106,1.005361903386449,0.9993648216031539,0.9960538841801528,1.0004684847898466,1.0066942139084447,1.015993278449958,0.9876982328499547,1.0811681601067413,1.0101840528235666,0.9835272811310276,0.990417706506847,1.1735831335516078,0.9765563160005272,1.0109803518260583,0.9997429994925,0.9986582924215364,0.9976765132217571,0.9954151274162488,7.53e-5,-0.0023978474210719636,0.30699999999999994,0.5872523687443223,0.022265248894535527,0.14977478697244764,0.767643945880157
0.4822495131452888,-0.002475476478222073,4.1887902047863905,8.764818744308286,-672.8670585872666,-606.2172420144818,1.010860045194013,1.0001741505387434,0.9951248622239929,1.0176465211364292,1.0047718498147857,0.9996946833630665,0.996386670340361,1.0004370288042839,1.0074040555618273,1.0162014591750894,0.9874429910152105,1.0799692674887387,1.0084334581128802,0.9836966116094386,0.989853667589367,1.158068068153742,0.9761331207953261,1.0096626653764984,1.0000046929929263,0.9992216375344785,0.9977243896077511,0.9957314137349168,7.53e-5,-0.002400176478222073,0.30699999999999994,0.5872523687443223,0.022224964910976582,0.1496382122864645,0.767643945880157
0.4822495131452888,-0.00247812406622831,4.4505895925855405,7.578486594654805,-672.330082181176,-605.6240759396551,1.010300535892207,1.0002154452986722,0.9945555909751856,1.0174772016474414,1.0045068337200436,0.9999184218760325,0.996710850176105,1.000413024375447,1.0078917844626858,1.0163562769042394,0.9872140992609859,1.079698001274643,1.0072672771789193,0.9838139011469519,0.9895148881615822,1.1461837420806498,0.975853524500068,1.0087836093950182,1.00017880783441,0.9995746020478149,0.9977604102300563,0.9959400918539683,7.53e-5,-0.00240282406622831,0.30699999999999994,0.5872523687443223,0.022206920283854768,0.1495769964092785,0.767643945880157
0.4822495131452888,-0.002480862584844054,4.71238898038469,7.212183651338137,-672.152675796731,-605.4409244679968,1.0096951771355482,1.000255196693871,0.9962963424348442,1.0182310428834442,1.00459219832127,1.0000272845455405,0.9970291214996307,1.0003973644309139,1.0081370168576271,1.0164536456804174,0.9869908203563452,1.0803834300583228,1.006772327641895,0.9838738991838709,0.9894335539449891,1.1380991214417304,0.9757983048575511,1.0084241089780974,1.0002542130361973,0.9996945588153788,0.9977828731768208,0.9960288050823098,7.53e-5,-0.0024055625848440542,0.30699999999999994,0.5872523687443223,0.022210994218854082,0.14959081923997902,0.767643945880157
0.4822495131452888,-0.002483511842318639,4.974188368183839,7.622388901178965,-672.3139920897634,-605.6460270929172,1.0090048672722716,1.0002930623524902,1.000171551085237,1.0198801582728554,1.0050273721831868,1.0000161432913957,0.9973426473200572,1.000396148585818,1.0081334188952715,1.016478710370135,0.9867760177280359,1.0819702911050442,1.0069848300156576,0.9838741735922013,0.989620331772773,1.1339937775454632,0.9760059931425039,1.0086197956918936,1.0002231744691266,0.9995701816757757,0.9977904488740684,0.9959904447855928,7.53e-5,-0.0024082118423186393,0.30699999999999994,0.5872523687443223,0.022236747119688264,0.14967816998471195,0.767643945880157
0.4822495131452888,-0.00248594001969886,5.235987755982989,8.915483095193167,-672.8602277021478,-606.2925741899243,1.0082643842657282,1.0003296708889728,1.0060733730910105,1.0222734853137332,1.005773260232043,0.9998855293081031,0.9976544005407717,1.0004192968848373,1.0078773219085357,1.0164437314346024,0.9865883477593362,1.0843748206462085,1.0078976909414172,0.983814876709768,0.9900666447341082,1.1340655582783066,0.9764429685152806,1.0093582890251236,1.0000833468589658,0.9992084530640557,0.9977830940226918,0.9958280146462956,7.53e-5,-0.00241064001969886,0.30699999999999994,0.5872523687443223,0.022283126813647414,0.14983535975180146,0.767643945880157
0.4822495131452888,-0.002488081986511564,5.497787143782138,11.317292607369382,-673.8921764202184,-607.4934789460124,1.007592505693247,1.000364933463457,1.014029709098178,1.0251784333574814,1.006768759132998,0.9996379714366126,0.9979648981682363,1.0004757238912239,1.0073787173813205,1.0163462271892598,0.9864642480029052,1.0874311777614858,1.0094505520569081,0.983701360113905,0.9907492524300868,1.1385496993124653,0.9770669994904108,1.0105813495029887,0.9998390874361358,0.9986289779213019,0.9977617090956619,0.9955511974024859,7.53e-5,-0.002412781986511564,0.30699999999999994,0.5872523687443223,0.022348930950113102,0.15005810867332042,0.767643945880157
0.4822495131452888,-0.0024899182951857246,5.759586531581287,15.096391393867407,-675.531331367115,-609.3830283392614,1.0071631248552049,1.0003991190895003,1.0240499826544127,1.028282481624061,1.007922053459979,0.9992842045649281,0.9982697053357359,1.0005691759888367,1.0066564664580409,1.016201714427295,0.9864462650734459,1.0909606832494803,1.0115433094872408,0.9835437726818652,0.9916327570728655,1.1476889838514972,0.9778067166965013,1.01219053816008,0.9995033196240284,0.9978700448887188,0.9977285104902073,0.9951798906149558,7.53e-5,-0.0024146182951857247,0.30699999999999994,0.5872523687443223,0.02243211691741814,0.1503392375327446,0.767643945880157
0.4822495131452888,-0.0024914577859742313,6.021385919380437,20.452954168837095,-677.8695577052983,-612.0613097267462,1.0071794025745973,1.0004304355736298,1.0360655560230139,1.0312598497997638,1.009131192014408,0.9988417314059458,0.9985513795538762,1.0006955553837786,1.0057500374398507,1.0160096910898648,0.9865864883990825,1.0947029639526842,1.014026557290031,0.9833524104950306,0.9926515752899853,1.1614516431885105,0.9785107256309559,1.014049013491392,0.9990959031118187,0.9969794804860956,0.9976853729178985,0.9947371440081816,7.53e-5,-0.0024161577859742314,0.30699999999999994,0.5872523687443223,0.02252962974570137,0.15066813671046358,0.767643945880157
0.4822495131452888,-0.002492694980721224,6.283185307179586,27.393777598297902,-680.910357139581,-615.5317214414766,1.0078367865819144,1.000454198769107,1.0497239392382445,1.0338290577972977,1.010303164242011,0.998330896840263,0.9987794534537251,1.000845107783367,1.0047210942634788,1.015779570415354,0.9869315394128675,1.0983510728858294,1.0167172487570664,0.9831372584857039,0.9937360058369372,1.179520235850161,0.9791199535894701,1.0160018582299852,0.9986398406174535,0.9960056720078079,0.9976365761401103,0.9942501341277936,7.53e-5,-0.002417394980721224,0.30699999999999994,0.5872523687443223,0.022637262932459067,0.15103036432255862,0.767643945880157
0.4990697967056002,-0.002486689047798693,0.0,26.071218300549617,-680.4866775974901,-614.8704417926025,1.0090416260803468,1.0004641404673416,1.0421855346748021,1.0314569418273722,1.0098672339024846,0.9981433693704131,0.9998429127135507,1.000906243470297,1.004561779951338,1.015642919202546,0.9860573826479652,1.0964533431834844,1.0154844052642076,0.98401158136586,0.9940406751128807,1.1804720151717312,0.9825315062145838,1.0151091313079874,0.9983754388193196,0.9954502790900439,0.9978143373114811,0.9943311169361831,7.53e-5,-0.0024113890477986933,0.30699999999999994,0.5872523687443223,0.022573983350263803,0.15081750604060332,0.784467959566458
0.4990697967056002,-0.0024874759739563377,0.2617993877991494,33.80903620172171,-683.8854062699058,-618.7393507431885,1.0103920665389137,1.000476148628085,1.0561366376805037,1.0334386258252912,1.0109055433367167,0.9976088439133939,0.999958306971309,1.0010608163814987,1.0034680738810013,1.0154033014115655,0.9865710773176422,1.0998254592814158,1.018207340280854,0.9837939952347321,0.9951097934654651,1.2016615479158848,0.9829789625761127,1.0170396920880702,0.9979024428650648,0.9944722496231723,0.9977622115194025,0.9938376057498182,7.53e-5,-0.002412175973956338,0.30699999999999994,0.5872523687443223,0.022684313458062762,0.15118844339312007,0.784467959566458
0.4990697967056002,-0.002487774733147009,0.5235987755982988,42.157103025998595,-687.5473171564182,-622.913384155327,1.0124669011094578,1.0004704712677055,1.0696955501024112,1.0346571128902018,1.0117301555496783,0.9970883868135723,0.9999180240520211,1.001201816676829,1.0024030698750097,1.0151574290327214,0.987259907437459,1.1026383301655072,1.02074957002284,0.9835836118808181,0.9960784850757068,1.2255624591106689,0.9831705972847975,1.018761631641461,0.997452043768115,0.9935549563457339,0.9977106498030952,0.9933702844475846,7.53e-5,-0.002412474733147009,0.30699999999999994,0.5872523687443223,0.02278943708132232,0.15154105732363016,0.784467959566458
0.4990697967056002,-0.002487420484602981,0.7853981633974483,50.188679552163876,-691.06045411729,-626.9291724184096,1.015074410637348,1.0004419438961802,1.081380689326924,1.035120471494783,1.0122994290157319,0.9966264745705297,0.999673665435998,1.0013111615737933,1.0014439287105958,1.0149235103711092,0.988057477023306,1.104721169170401,1.022930555687689,0.983391170867174,0.9968623569826918,1.2506855753083836,0.9830834138053431,1.0201566511958726,0.9970613371177187,0.9927701487840249,0.9976613070350348,0.9929615820011275,7.53e-5,-0.0024121204846029812,0.30699999999999994,0.5872523687443223,0.022879646213194823,0.15184301113355242,0.784467959566458
0.4990697967056002,-0.0024862439853297158,1.0471975511965976,56.816637916575246,-693.9493531370767,-630.2431516006153,1.017849224487202,1.000389243311665,1.0896604028563859,1.0349592159436478,1.0126152666116106,0.9962570799311328,0.9992213906375924,1.001377146410143,1.0006594430404563,1.014712834147544,0.9888583864192129,1.105920531726216,1.0245971893810255,0.9832264217176487,0.9973950071846068,1.2749168849624704,0.982782334216221,1.0211481442263737,0.9967609575525064,0.9921744647464973,0.9976165892786308,0.9926388036550162,7.53e-5,-0.002410943985329716,0.30699999999999994,0.5872523687443223,0.02294539004550188,0.15206270705529837,0.784467959566458
0.4990697967056002,-0.0024841548940878985,1.3089969389957472,61.02977391199852,-695.7827229213933,-632.3497195983269,1.0203102300503248,1.0003168418533668,1.0932809615124457,1.0343415234172724,1.0126956342964917,0.9960079973430944,0.9986000891414407,1.0013934539312885,1.0001014639193302,1.0145461271329237,0.9895456993417694,1.1061786990349807,1.025645751328055,0.9831037286947464,0.9976513301837704,1.2958811404434227,0.9824401337911112,1.0217060980403583,0.9965767506604633,0.9918164368591141,0.9975798538408179,0.992427652175048,7.53e-5,-0.0024088548940878985,0.30699999999999994,0.5872523687443223,0.022978730138667115,0.15217400206785886,0.784467959566458
0.4990697967056002,-0.0024812073505613478,1.5707963267948966,62.14930565927284,-696.2756731526944,-632.9094854719641,1.0220142286671272,1.000234552067886,1.0917254256310298,1.033453356721342,1.012583275100747,0.9958847639897312,0.9979053915746,1.001364595668448,0.999811382456547,1.0144063043399236,0.9900034639459356,1.1054099090664191,1.0260111542232715,0.9830241867163187,0.9976041893637053,1.3107899940262902,0.9820655371213176,1.021839734860795,0.9965164375925111,0.9917066526920445,0.9975528110416941,0.9923352170497607,7.53e-5,-0.002405907350561348,0.30699999999999994,0.5872523687443223,0.022975907393187642,0.15216458231025068,0.784467959566458
0.4990697967056002,-0.0024776435751825447,1.8325957145940461,60.01107988978856,-695.3671683292201,-631.840372587222,1.0226959823396116,1.000154923738843,1.0850852839380827,1.0323228319910909,1.012269335923421,0.9959055132063936,0.997237898112988,1.001293105966973,0.9998077784905686,1.0143423508415335,0.9901691020263865,1.1037553902869266,1.0257090488998497,0.9830004829948765,0.9972991124047882,1.3176305701978859,0.9818595388882188,1.0215828276589387,0.9965890194222121,0.9918660575621175,0.9975383128395217,0.9923752834768309,7.53e-5,-0.0024023435751825447,0.30699999999999994,0.5872523687443223,0.022936777625476547,0.15203394447353877,0.784467959566458
0.4990697967056002,-0.0024738468309135316,2.0943951023931953,55.00340735647296,-693.2224181502839,-629.3365363205642,1.0223236655415013,1.0000894563751346,1.0742658100026237,1.0309393785562608,1.011756472695079,0.996064246921446,0.9966948921345846,1.0011899704619445,1.000096135397024,1.0143514362463155,0.9900325415361756,1.1013058458166785,1.0247702634255365,0.9830365673546964,0.9967716979771513,1.315288810782602,0.9817845057507618,1.0209659560582665,0.9967841679157927,0.9922751213886575,0.9975384459457295,0.9925434879056868,7.53e-5,-0.0023985468309135317,0.30699999999999994,0.5872523687443223,0.02286608689119089,0.15179766167055683,0.784467959566458
0.4990697967056002,-0.0024702575277141085,2.356194490192345,47.9504038917878,-690.1868881484716,-625.8100345882216,1.0210978104841806,1.0000462743125698,1.060624482529597,1.0292438051694959,1.011036419460015,0.9963537422264315,0.996343721262149,1.001067082003025,1.000662500932823,1.014446614614371,0.9896429650728181,1.09823990674377,1.0232631787313367,0.9831354599343562,0.9960742145345928,1.304127664134184,0.9818082675856016,1.020010937100304,0.9970853503970141,0.9929052323051005,0.997554662202836,0.9928307976297739,7.53e-5,-0.0023949575277141086,0.30699999999999994,0.5872523687443223,0.022771732236853484,0.15148172605262888,0.784467959566458
0.4990697967056002,-0.0024672773926349215,2.6179938779914944,39.890921103165056,-686.6989527330891,-621.7802931939102,1.0193427747517263,1.0000275069932862,1.0457230175193089,1.027216669259876,1.010129693743688,0.9967466408856926,0.9961974133207597,1.0009397051622404,1.001469791096556,1.0146038989697,0.9891043913467743,1.094711212810406,1.0212666776939119,0.9832925364673402,0.995246650987891,1.2858246505038218,0.9818220651390016,1.0187340887532834,0.9974635944695474,0.9937004001735006,0.9975874788528186,0.9932149986057592,7.53e-5,-0.0023919773926349215,0.30699999999999994,0.5872523687443223,0.022663396930468798,0.15111818840563396,0.784467959566458
0.4990697967056002,-0.0024652036620040727,2.8797932657906435,31.835062208932413,-683.1900610188611,-617.7523637467939,1.017427574219386,1.0000325021934748,1.0309133150308862,1.0248638964434387,1.0090520720379061,0.9972292492983308,0.9962375816315956,1.0008158524197572,1.002452860983387,1.0148457225650398,0.9885075183665161,1.0910783526895125,1.0189134416120704,0.9834960745009222,0.994334968298844,1.2632984780050163,0.9817161495607576,1.0171736832422638,0.9978962625382026,0.9946218895706607,0.997632419125648,0.9936729890839123,7.53e-5,-0.0023899036620040727,0.30699999999999994,0.5872523687443223,0.02255033245914593,0.15073787495507274,0.784467959566458
0.4990697967056002,-0.0024641847086844045,3.141592653589793,24.574220936403663,-680.0060133494003,-614.1219431105295,1.0156486257102528,1.0000539782378628,1.0175017272092062,1.022356964057872,1.0079020630262576,0.9977447473281753,0.996414084616088,1.0007104077451052,1.0035420602494118,1.0151062674949318,0.9879586672392687,1.0874481578617,1.0163260347007088,0.9837227643518196,0.9933682438705194,1.2389242660116382,0.981430753582097,1.015396834045741,0.9983414838178193,0.9955786792458434,0.9976872838043822,0.994162735848202,7.53e-5,-0.0023888847086844045,0.30699999999999994,0.5872523687443223,0.022441744543862965,0.15037174140640375,0.784467959566458
0.4990697967056002,-0.0024642405932056607,3.4033920413889422,18.586350267594298,-677.3622723420159,-611.1280077761248,1.0141967152894282,1.0000859268145823,1.0062614753929708,1.0198758630512499,1.006757866453155,0.9982613128568153,0.9966749804059518,1.000626159218936,1.0046516869758184,1.015378249178252,0.9874965249815569,1.0841294273013842,1.013680251036162,0.9839510820296622,0.992398038515988,1.2151458491514453,0.980968196353429,1.0135149095025318,0.9987738313367862,0.9965158750078432,0.997745824080525,0.9946509344274076,7.53e-5,-0.002388940593205661,0.30699999999999994,0.5872523687443223,0.02234432957264872,0.15004254330529226,0.784467959566458
0.4990697967056002,-0.0024652570719237133,3.6651914291880923,14.037346554080159,-675.3426409764928,-608.8535059193678,1.0131112363195487,1.000124756684277,0.9977187770306117,1.0176453176109013,1.0057022677566263,0.9987527542276746,0.9969768116111047,1.0005612503334644,1.0056898375120367,1.0156408206176122,0.9871280576709995,1.0813413776512817,1.0111587010748877,0.9841878133405668,0.9915132591410141,1.1936320676453163,0.9804199016273705,1.0116613278542237,0.9991738134096279,0.9973893135030107,0.997805851042407,0.9951158669120493,7.53e-5,-0.0023899570719237134,0.30699999999999994,0.5872523687443223,0.022262902704435743,0.14976683600308172,0.784467959566458
0.4990697967056002,-0.002467062343487578,3.9269908169872414,10.852127504136206,-673.9191903217027,-607.2608963943958,1.0123514409765608,1.0001649131321975,0.9919503871388876,1.0159170565598938,1.00484168901692,0.9991767447716722,0.9972864987883372,1.000514244994216,1.006592100366999,1.0158809155970638,0.9868396504413799,1.0792914919592604,1.0089425833042212,0.9843925487917479,0.9907531875731972,1.1751361852802404,0.9798478887304746,1.0099979239393542,0.9995146060701997,0.9981295975040081,0.9978603175447811,0.9955162831152257,7.53e-5,-0.002391762343487578,0.30699999999999994,0.5872523687443223,0.022201127525491724,0.1495573394900931,0.784467959566458
0.4990697967056002,-0.0024694256568661647,4.1887902047863905,8.820481432823726,-673.0046734685309,-606.2450733587395,1.0117891159594026,1.0002046946980094,0.9889106620754373,1.01490713047176,1.0042519497322833,0.9995118879900883,0.9975926278964711,1.0004798280009335,1.0073041027262892,1.0160876501448788,0.9866006018249044,1.0781035255901235,1.0071897832146135,0.9845576468164938,0.9901803837191222,1.1600315674936852,0.9793651704856513,1.0086646284596263,0.9997800828082855,0.9986951111898039,0.997906353008268,0.9958300471895088,7.53e-5,-0.0023941256568661647,0.30699999999999994,0.5872523687443223,0.02216088867534568,0.14942072532384237,0.784467959566458
0.4990697967056002,-0.0024720918083035214,4.4505895925855405,7.707297507601879,-672.4977901101897,-605.6884813961286,1.011277455143494,1.0002445103535167,0.9883351921547525,1.014735553874191,1.0039786526067054,0.9997425533990012,0.9978877607580712,1.0004549525525082,1.0077777275834572,1.0162523665119831,0.986387628873496,1.0778911792383614,1.0060299518831368,0.9846740149653237,0.989834033914577,1.1485210619168924,0.9789965598474376,1.0077780325665973,0.9999562761698307,0.9990539755528147,0.9979402255486454,0.9960375436397323,7.53e-5,-0.0023967918083035215,0.30699999999999994,0.5872523687443223,0.022142541445245332,0.14935839475307566,0.784467959566458
0.4990697967056002,-0.002474886455802742,4.71238898038469,7.345126567956868,-672.3225874222032,-605.5073959263061,1.0107454656265151,1.0002796795156006,0.9901303939678364,1.0155564952022251,1.0040818047833124,0.9998508793093686,0.9981889200799638,1.0004403474903827,1.0080349687937578,1.0163306668861525,0.9861619694246581,1.078531482455075,1.0055285205735993,0.9847339389425004,0.9897550454282509,1.1406586766200741,0.9790089120578991,1.007417705422822,1.0000293295116787,0.9991665947409747,0.9979624715527233,0.9961224682227283,7.53e-5,-0.002399586455802742,0.30699999999999994,0.5872523687443223,0.022147200902501506,0.1493742265969683,0.784467959566458
0.4990697967056002,-0.002477571697870958,4.974188368183839,7.694190892443885,-672.4618089635646,-605.6819280885496,1.0101135201344569,1.000314431710782,0.9939521391673745,1.017240845864363,1.004523354987067,0.9998406475752771,0.9984807035019885,1.0004418615271282,1.0080248686821338,1.0163516631886487,0.9859523767698186,1.080115755736812,1.0057413786512202,0.9847357402349174,0.9899390723381916,1.1366535936303475,0.9792209133180569,1.007617350514769,0.9999943663137741,0.9990391984399095,0.997969264130619,0.9960815514970756,7.53e-5,-0.002402271697870958,0.30699999999999994,0.5872523687443223,0.022173116969119184,0.14946225418671216,0.784467959566458
0.4990697967056002,-0.002480030219998927,5.235987755982989,8.859768216774,-672.9596199672828,-606.2647167507147,1.0094291022549842,1.0003481518298314,0.9997513814901987,1.0196726367439444,1.005277645729098,0.9997092272357353,0.998774393470967,1.0004686689051079,1.0077604438524517,1.0163138692621472,0.9857648638835687,1.0825123207433096,1.0066544827847803,0.9846785571525939,0.9903833168750462,1.1367034343613454,0.979681932871375,1.008365229452455,0.9998487742522624,0.9986732918763153,0.9979614011907412,0.9959166733966621,7.53e-5,-0.002404730219998927,0.30699999999999994,0.5872523687443223,0.02221971481375935,0.14962040398894916,0.784467959566458
0.4990697967056002,-0.002482188029719504,5.497787143782138,11.062610225942535,-673.9135829759148,-607.366137755299,1.0088032065450185,1.0003808175664286,1.0075356848445822,1.022618031201213,1.0062829578569565,0.9994595035379755,0.9990682458044592,1.0005289148192178,1.0072509951786552,1.0162150540466042,0.9856371420961398,1.0855612249373165,1.0082083036058542,0.984567689233475,0.9910637275046014,1.1410215446829537,0.980338887762629,1.0096035031398927,0.9995974511361079,0.9980889729768424,0.9979397403543001,0.9956376591616172,7.53e-5,-0.002406888029719504,0.30699999999999994,0.5872523687443223,0.02228569606342876,0.1498440627617272,0.784467959566458
0.4990697967056002,-0.002484017631710973,5.759586531581287,14.565014006367619,-675.4408156446937,-609.1173396455115,1.0084007719540014,1.0004122877512265,1.0173226318084039,1.025777034944087,1.0074519374324735,0.9991017582718817,0.9993568585318857,1.000625836826359,1.0065182182275039,1.0160630058792368,0.9856142593588423,1.0890670355729968,1.0102998911327896,0.9844117410389375,0.9919399687846004,1.1497805442902267,0.9810997414675929,1.0112329724537086,0.9992534091126963,0.9973229611539013,0.9979060594234651,0.9952628924930781,7.53e-5,-0.002408717631710973,0.30699999999999994,0.5872523687443223,0.02236906542156296,0.15012620040428576,0.784467959566458
0.4990697967056002,-0.002485520510488369,6.021385919380437,19.563949213919614,-677.6300277316898,-611.6168072492875,1.0084188136136092,1.0004410950872482,1.028997318584303,1.0288252105131759,1.0086830924059584,0.9986534387593334,0.9996259943088192,1.000755531765625,1.005602797979227,1.0158676107076792,0.9857422880618609,1.0927820230899978,1.0127836384759146,0.9842221225897311,0.9929565813757985,1.163000690565008,0.981872259379834,1.0131198822411074,0.99883681395918,0.99642312855484,0.9978633151338869,0.994817336475204,7.53e-5,-0.0024102205104883693,0.30699999999999994,0.5872523687443223,0.02246672331069836,0.15045604058522072,0.784467959566458
0.4990697967056002,-0.0024866890477986906,6.283185307179586,26.071218300548026,-680.4866775974891,-614.8704417926017,1.0090416260803454,1.0004641404673413,1.0421855346748066,1.0314569418273722,1.0098672339024843,0.9981433693704134,0.99984291271355,1.000906243470297,1.0045617799513376,1.0156429192025458,0.9860573826479654,1.0964533431834846,1.0154844052642102,0.9840115813658598,0.9940406751128809,1.1804720151717352,0.9825315062145795,1.0151091313079892,0.9983754388193192,0.9954502790900432,0.9978143373114806,0.9943311169361821,7.53e-5,-0.0024113890477986907,0.30699999999999994,0.5872523687443223,0.02257398335026385,0.15081750604060348,0.784467959566458
0.5158911333331818,-0.002486096757026137,0.0,24.085723156085805,-679.7281097364203,-613.8776942203706,1.009681664970901,1.0004398335380282,1.034475890279172,1.0288738369005188,1.0093951397049814,0.9979390983317051,0.9997606709964313,1.0009703459236252,1.0042701259431814,1.0157137644675414,0.9860776940345785,1.0946488313019342,1.0143796210877853,0.9842284176966586,0.993483159159223,1.1749931599648942,0.9826685181905309,1.0142949167214406,0.9981324158794463,0.9949463787838794,0.997892359909391,0.9942597235346092,7.53e-5,-0.002410796757026137,0.30699999999999994,0.5872523687443223,0.022504015211209486,0.1505818093839593,0.8012919732527589
0.5158911333331818,-0.0024867864732386878,0.2617993877991494,31.35714399192807,-682.9316849987217,-617.5134046382917,1.010953485991348,1.0004509573849718,1.0479144352193852,1.0309457423478507,1.0104583848545963,0.9974012730462657,0.9998725575571078,1.00112575745486,1.003169297653536,1.0154742611770502,0.9865637360780971,1.0980052345276434,1.0170968477891937,0.9840131978335142,0.9945484469749798,1.195459567866859,0.9831824793258525,1.0162536503595903,0.9976551557124,0.9939673896156866,0.9978407346616052,0.9937670123759806,7.53e-5,-0.002411486473238688,0.30699999999999994,0.5872523687443223,0.02261372552081446,0.15095122375126505,0.8012919732527589
0.5158911333331818,-0.0024869671879904458,0.5235987755982988,39.22324387966637,-686.3897583970756,-621.4464545821609,1.0129048755512036,1.0004456217553066,1.0609419364742443,1.0322669766427757,1.0113118135826673,0.9968776124941494,0.9998390893854471,1.0012675537194815,1.0021002362499307,1.0152291078867974,0.9872174066089432,1.1008063618241926,1.0196376453395877,0.9838050833655345,0.9955175127313464,1.2185026777595016,0.9834536485057391,1.0180099865402994,0.9972012324394119,0.9930492581787557,0.9977899809607693,0.9933010674434332,7.53e-5,-0.002411667187990446,0.30699999999999994,0.5872523687443223,0.022718240924577943,0.15130233262222972,0.8012919732527589
0.5158911333331818,-0.0024864936934565858,0.7853981633974483,46.80859287421026,-689.7136407602488,-625.2391290794328,1.015356898887939,1.0004189174176514,1.0721367183634611,1.0328286970301648,1.011908135770289,0.9964141298152461,0.9996147368769681,1.0013773105360788,1.0011395653694173,1.0150014843380133,0.987975494695245,1.1028871640921822,1.0218240790496602,0.9836142971987447,0.9963069611980235,1.2426542851462237,0.9834585825999724,1.0194437207539242,0.9968082719447019,0.992265129700542,0.9977414566682322,0.9928943379315277,7.53e-5,-0.002411193693456586,0.30699999999999994,0.5872523687443223,0.022807949592015903,0.15160307112266905,0.8012919732527589
0.5158911333331818,-0.002485207813043525,1.0471975511965976,53.085463900175455,-692.4540219290823,-628.3775645924154,1.0179618121800837,1.0003697746062012,1.0800689573827933,1.032746689269041,1.012247459514231,0.9960418950938206,0.9991936060953983,1.0014445304712944,1.0003571326207876,1.0147898858256226,0.9887380565833492,1.1040837553244383,1.0234966544432427,0.9834518046682863,0.9968478544094306,1.2659767874925056,0.9832219209548798,1.0204714596279378,0.9965063421958947,0.9916695067717498,0.9976978546792404,0.9925737312696717,7.53e-5,-0.002409907813043525,0.30699999999999994,0.5872523687443223,0.022873446498908025,0.15182227767599996,0.8012919732527589
0.5158911333331818,-0.002483021869561049,1.3089969389957472,57.09687638497917,-694.2018917036457,-630.3832708348173,1.020275443418987,1.0003023410291194,1.0835474037640858,1.0321850732619664,1.01235018451137,0.9957850852132656,0.9986240885641923,1.0014641926357328,0.9998070073134421,1.0146165605797353,0.9893886472273166,1.104297403412915,1.0245499390811392,0.9833282636406548,0.9971116784429217,1.2859689245966444,0.9829243120791245,1.021060260873697,0.9963175589400024,0.9913025226083593,0.9976629085322473,0.9923620247532077,7.53e-5,-0.002407721869561049,0.30699999999999994,0.5872523687443223,0.022907138780076282,0.15193492039192277,0.8012919732527589
0.5158911333331818,-0.0024800703565390414,1.5707963267948966,58.19831204497768,-694.6893135802543,-630.9339886648165,1.021867071356469,1.0002254308442764,1.08202814967771,1.031266659342551,1.012225009356277,0.9956683382370031,0.9979659345502834,1.0014338165256536,0.9995227714006583,1.0144939610023374,0.989833434844962,1.1035846103789457,1.0249331250979739,0.9832506153928805,0.9970798408422634,1.3003918774646568,0.9825776990118676,1.0212107964128394,0.9962616512049196,0.9912035572000457,0.9976361506992898,0.9922746879288824,7.53e-5,-0.0024047703565390414,0.30699999999999994,0.5872523687443223,0.02290450483565446,0.15192611729548555,0.8012919732527589
0.5158911333331818,-0.0024765196666792543,1.8325957145940461,56.22990971159379,-693.8533188282911,-629.9497874981246,1.022494946254208,1.000151108839763,1.0756454246706721,1.0300757551571458,1.011897787354893,0.9956874874321031,0.9973418066650758,1.0013635299961663,0.9995294907565906,1.014431903883522,0.9899963860997023,1.1019282656546114,1.024636113123937,0.9832281576491889,0.9967873409318051,1.3069909371304564,0.9823652316654926,1.0209531782375572,0.996334799930674,0.9913622173399104,0.997623305058113,0.992317262919092,7.53e-5,-0.0024012196666792543,0.30699999999999994,0.5872523687443223,0.02286605303938033,0.1517975484359712,0.8012919732527589
0.5158911333331818,-0.002472768253089158,2.0943951023931953,51.55334422344936,-691.8476335432404,-627.6115047540524,1.0221282585708773,1.000090151576105,1.0652638553708051,1.0285988642299124,1.0113609435250859,0.9958473353307834,0.996835918662702,1.0012604048385225,0.9998301586671486,1.0144483912572415,0.9898722217806656,1.0994860679326837,1.023700847868999,0.9832658855468659,0.9962736716090407,1.3048172289861009,0.9822774648200683,1.0203185159651498,0.9965323085275785,0.9917728376893675,0.9976251718763289,0.9924889689204285,7.53e-5,-0.002397468253089158,0.30699999999999994,0.5872523687443223,0.022796240529176733,0.15156385058843158,0.8012919732527589
0.5158911333331818,-0.0024692369235740303,2.356194490192345,44.94321560406706,-688.997829547362,-624.3064404443612,1.0209512900844646,1.0000500607602978,1.052152439600035,1.0267934207494729,1.010614539532181,0.9961360001265114,0.9965066142938297,1.0011375216337717,1.0004082466887994,1.0145395823566559,0.989510478171937,1.0964111992596484,1.0221884445878378,0.9833639651897051,0.9955780665985422,1.2941364775190336,0.9822308739596646,1.0193297888517223,0.9968357614687249,0.9924019950487406,0.9976424556611937,0.9927774553379278,7.53e-5,-0.0023939369235740303,0.30699999999999994,0.5872523687443223,0.022702700671605527,0.1512501767271234,0.8012919732527589
0.5158911333331818,-0.002466319723533548,2.6179938779914944,37.37916538999093,-685.7161638238344,-620.5244153373231,1.019278823557114,1.0000336224011637,1.0377411807182564,1.0246332863397563,1.0096647425383698,0.9965408793170564,0.9963675600977682,1.0010055066673327,1.0012213652540904,1.0147222457032068,0.9890010621393529,1.0929791576664005,1.0202003294221558,0.9835181981260067,0.9947534040867642,1.2768023044740509,0.9821539433238573,1.0180157672122794,0.9972232244778853,0.993211800075445,0.9976738948404521,0.9931652934700747,7.53e-5,-0.002391019723533548,0.30699999999999994,0.5872523687443223,0.022594826402943587,0.15088764953285144,0.8012919732527589
0.5158911333331818,-0.002464310342791674,2.8797932657906435,29.815497169984155,-682.411697085673,-616.7425812273198,1.0174544382469735,1.0000385425725198,1.0235039902525196,1.0222017035983788,1.0085746720406719,0.9970172456945781,0.9964105361360527,1.0008815151802466,1.0022169175511317,1.0149430119562441,0.9884422830922522,1.0892851914785637,1.0178319484111311,0.9837184261130372,0.9938343469596963,1.254971779020491,0.9819604455921367,1.0164112458084429,0.9976567007041425,0.9941242058936014,0.9977198262310074,0.993620637094289,7.53e-5,-0.002389010342791674,0.30699999999999994,0.5872523687443223,0.022482458287417767,0.15050912000801075,0.8012919732527589
0.5158911333331818,-0.0024633465860992142,3.141592653589793,23.00033435269097,-679.4109935324884,-613.3349998186732,1.0157645685774899,1.0000594181803542,1.010548872169349,1.0196184649920481,1.0074037320398657,0.9975365776303405,0.9965773821352544,1.0007723869464884,1.0033125530145695,1.0152008097919432,0.9879239611671865,1.0856712601263447,1.0152421636866304,0.9839433786032409,0.9928654356679327,1.231506843331044,0.9815967039701703,1.0145969515829283,0.9981084312604142,0.995084917649022,0.9977741974901148,0.9941108454192334,7.53e-5,-0.0023880465860992143,0.30699999999999994,0.5872523687443223,0.02237415613056873,0.15014341166756626,0.8012919732527589
0.5158911333331818,-0.0024634472598166687,3.4033920413889422,17.384483726980307,-676.9192104183355,-610.5270745058178,1.0143866376001414,1.0000909469537274,0.9996711786094006,1.0170741769357596,1.0062367756937447,0.9980621189914708,0.9968244505082235,1.000683054984649,1.0044223654038655,1.0154707004998158,0.9874841482884543,1.0823661046485356,1.012597012639917,0.984179854981267,0.9919037559642045,1.208571807274224,0.9810745208750933,1.0126818305458984,0.9985498798036506,0.9960327209691417,0.9978328491332413,0.9946034937284997,7.53e-5,-0.002388147259816669,0.30699999999999994,0.5872523687443223,0.022276676792885447,0.14981350895841594,0.8012919732527589
0.5158911333331818,-0.00246451227947495,3.6651914291880923,13.12188989831293,-675.0122103417152,-608.3957775914841,1.013376958450779,1.0001268116496325,0.9913623165552766,1.0148241764347017,1.005179598582074,0.9985524776413837,0.9971030495297319,1.0006150627706922,1.0054682113412976,1.0157315230163224,0.9871393800337798,1.0795992427248533,1.0100804635459404,0.9844035458890773,0.9910091572996697,1.1877028789356407,0.9804812572989908,1.0108123713660546,0.9989528314377504,0.9969006144230055,0.9978909619102351,0.995062384631074,7.53e-5,-0.00238921227947495,0.30699999999999994,0.5872523687443223,0.022195490403252627,0.14953820829415204,0.8012919732527589
0.5158911333331818,-0.002466357695438349,3.9269908169872414,10.137077043607405,-673.6653168799521,-606.9033711641314,1.012672895106261,1.0001654175184649,0.9857218872615177,1.0130789309305033,1.0043089569072408,0.9989837049027318,0.9973876083827843,1.0005642827588948,1.006368812983191,1.015984309952147,0.9868614691257395,1.0776162650965226,1.0078759201763718,0.9846011864678227,0.9902443482024542,1.16982576219623,0.979831559232399,1.009138984435649,0.9992992073343866,0.9976458798205843,0.9979428479009669,0.9954603606132989,7.53e-5,-0.002391057695438349,0.30699999999999994,0.5872523687443223,0.022133677625103022,0.14932827288409745,0.8012919732527589
0.5158911333331818,-0.0024687654821998217,4.1887902047863905,8.226377438036707,-672.7964469549044,-605.948021361346,1.01217130601345,1.0002015215932234,0.9827883448930117,1.0120860149490087,1.0037253002454278,0.9993183593089143,0.997670212127363,1.0005279890669398,1.0070868709028629,1.0161695813486087,0.9866351293650015,1.0763973402797518,1.0061229639190774,0.9847659212289728,0.9896719394746113,1.155130177824017,0.9793654434184266,1.007798009786541,0.9995661513362787,0.9982061054539285,0.9979884105987534,0.995770652943859,7.53e-5,-0.0023934654821998217,0.30699999999999994,0.5872523687443223,0.022093471579326687,0.1491915668365392,0.8012919732527589
0.5158911333331818,-0.00247149556854553,4.4505895925855405,7.163679882733277,-672.3071767203953,-605.4166725836943,1.0117231177393344,1.0002370552026325,0.9822576462572024,1.0119543346035667,1.003462051468831,0.9995499001391082,0.9979460527684804,1.0005024221196985,1.007572385429098,1.016325870089626,0.9864237405404839,1.0761479613978813,1.004960976932634,0.9848803724069347,0.9893291786941201,1.1439344301357246,0.9790636290146739,1.0069079827147296,0.9997424321351264,0.9985593468184587,0.99802207779728,0.9959751437426221,7.53e-5,-0.00239619556854553,0.30699999999999994,0.5872523687443223,0.02207534293029327,0.14912988718728123,0.8012919732527589
0.5158911333331818,-0.002474313223490172,4.71238898038469,6.789231350919636,-672.1276500351141,-605.2294483177875,1.011234303865669,1.0002707062661569,0.9839560315704836,1.0127600927567033,1.0035552279781372,0.9996626033063617,0.9982178163390405,1.0004889791256701,1.0078103170488257,1.0164090249496671,0.9862121650072928,1.0768231576814657,1.0044657745045524,0.9849407630249188,0.9892399003466469,1.1362987042719332,0.9789895639587939,1.0065459436497484,0.9998150154384232,0.9986753812013089,0.9980421996609212,0.9960580298012426,7.53e-5,-0.002399013223490172,0.30699999999999994,0.5872523687443223,0.022079402448228688,0.14914370115787784,0.8012919732527589
0.5158911333331818,-0.0024770397722704593,4.974188368183839,7.066974122588817,-672.2403360845685,-605.3683197036221,1.0106599666063745,1.0003024928820574,0.9876783310557221,1.0144612875574572,1.003999032537685,0.9996524106018823,0.9984871629503629,1.000493175904024,1.0077926511462543,1.0164297502957678,0.9860052160272239,1.0784002453141022,1.0046771200656734,0.9849424480708808,0.9894186929163475,1.1324365144324124,0.979210577130357,1.0067471886337203,0.999776985605705,0.9985457707175339,0.9980481736027857,0.9960148359332266,7.53e-5,-0.0024017397722704593,0.30699999999999994,0.5872523687443223,0.02210510407328595,0.14923113139499877,0.8012919732527589
0.5158911333331818,-0.00247952943571682,5.235987755982989,8.100940877719495,-672.6893063569395,-605.8853030811874,1.010029773423855,1.0003332373140945,0.9933310046864277,1.0169099679916629,1.004756792210158,0.9995192400790649,0.9987571239906694,1.000523354381843,1.0075164219115542,1.016389139991546,0.9858209665278703,1.0807871555850104,1.0055851931992796,0.9848857776961947,0.9898546726718475,1.1325123746534083,0.9796717403781373,1.0074986957360004,0.9996269704174388,0.9981773294467976,0.998039408725961,0.9958474649563057,7.53e-5,-0.00240422943571682,0.30699999999999994,0.5872523687443223,0.02215144189596736,0.14938863517506842,0.8012919732527589
0.5158911333331818,-0.0024817038022851025,5.497787143782138,10.10654515855299,-673.5686395312737,-606.8881052216042,1.0094494682666997,1.000363110288191,1.0009096946132858,1.0198781331461977,1.0057676802375823,0.9992666590806281,0.9990302403921603,1.000586976339769,1.006993922665385,1.0162893951483978,0.9856929432743138,1.0838186611600193,1.0071314087629144,0.9847768000336141,0.9905275984187764,1.1367333611676573,0.980348520909561,1.0087430413214613,0.9993704322009788,0.9975907153791636,0.9980173686467515,0.9955670465838274,7.53e-5,-0.0024064038022851026,0.30699999999999994,0.5872523687443223,0.02221711221381136,0.1496115752236581,0.8012919732527589
0.5158911333331818,-0.002483528542057935,5.759586531581287,13.339531232084028,-674.9909728139733,-608.5045982583697,1.0090765652911706,1.0003918714351223,1.0104234020209961,1.023073800324102,1.0069475680899296,0.998904395727164,0.9993013827360555,1.0006868672297689,1.0062489085467086,1.016133846400063,0.9856648605562925,1.0872965067805818,1.009212592332871,0.9846234565375123,0.9913965767145002,1.1452525405941747,0.981146772827812,1.0103822852215674,0.9990205079594306,0.9968213724848782,0.997983775590618,0.9951912657093205,7.53e-5,-0.002408228542057935,0.30699999999999994,0.5872523687443223,0.022300138387441742,0.14989297519423989,0.8012919732527589
0.5158911333331818,-0.002484995416335554,6.021385919380437,17.993566378029072,-677.0419921615155,-610.8316158313422,1.0090943707375528,1.0004185258335774,1.0217340933032304,1.0261710005540996,1.0081912956068677,0.9984529722539781,0.9995543421007368,1.0008183739481549,1.0053208218554375,1.0159391802123332,0.9857818084692536,1.0909972479890615,1.0116874845983694,0.9844362111420071,0.9924049125971778,1.1580790838413964,0.9819529387589394,1.0122843468973528,0.998598795649269,0.995920768505231,0.99794093893268,0.99474556659972,7.53e-5,-0.002409695416335554,0.30699999999999994,0.5872523687443223,0.02239730962902739,0.15022166759019995,0.8012919732527589
0.5158911333331818,-0.0024860967570261377,6.283185307179586,24.085723156096265,-679.7281097364256,-613.8776942203758,1.0096816649709015,1.000439833538028,1.0344758902791655,1.0288738369005168,1.0093951397049807,0.9979390983317051,0.9997606709964308,1.0009703459236252,1.0042701259431808,1.0157137644675425,0.9860776940345776,1.0946488313019385,1.0143796210877851,0.9842284176966586,0.9934831591592231,1.174993159964888,0.9826685181905337,1.0142949167214403,0.9981324158794466,0.9949463787838798,0.9978923599093911,0.9942597235346095,7.53e-5,-0.0024107967570261377,0.30699999999999994,0.5872523687443223,0.022504015211209445,0.15058180938395915,0.8012919732527589
0.5326944798799947,-0.0024909102621713123,0.0,21.285468917960088,-678.5464684813478,-612.4775671013077,1.009753719935196,1.0003835776915635,1.0265132611973908,1.0260345313359587,1.008876204722595,0.9977176992464956,0.9985595291319707,1.0010386210259108,1.0038439928479386,1.0160039926966689,0.9869697644001311,1.0929465792169768,1.013403657635074,0.9837950060538116,0.9920728223486749,1.1627331233775922,0.979497714211411,1.0135609219760027,0.9979118000109262,0.994496252916902,0.9978721518662326,0.9940393998008714,7.53e-5,-0.0024156102621713123,0.30699999999999994,0.5872523687443223,0.022434236687972963,0.15034639468478453,0.8181159869390598
0.5326944798799947,-0.0024915077728007427,0.2617993877991494,28.113841957142995,-681.5700056434541,-615.8917536208992,1.0109478647829666,1.0003935753123607,1.039469256390665,1.0281965038662098,1.0099657730183167,0.9971748779977333,0.9986715854825671,1.0011942523793331,1.002736613020109,1.0157593265468536,0.9874318703721522,1.0962624443335705,1.0160994585638514,0.983583565461583,0.9931302644271527,1.1825549272533538,0.9800635942254176,1.0155324635211262,0.9974320102726182,0.9935183795976071,0.9978216202595654,0.9935491389786201,7.53e-5,-0.0024162077728007427,0.30699999999999994,0.5872523687443223,0.022543031740043448,0.15071328564680575,0.8181159869390598
0.5326944798799947,-0.0024915738486180564,0.5235987755982988,35.52759951162102,-684.842181391379,-619.5986323981382,1.0127779426881023,1.0003885369569254,1.0519901533799323,1.0296149056582509,1.0108437961039998,0.9966507750091358,0.998642694283533,1.0013348105735915,1.0016621314317415,1.0155202015656515,0.9880551965405682,1.0990681188559313,1.0186299886478887,0.9833765115192963,0.9940937006288848,1.2048282436555469,0.980380947544578,1.0173109074552062,0.9969778360384389,0.9926061433321244,0.9977709735934372,0.9930859823173337,7.53e-5,-0.0024162738486180565,0.30699999999999994,0.5872523687443223,0.02264667886319212,0.1510620125437471,0.8181159869390598
0.5326944798799947,-0.0024909723576322334,0.7853981633974483,42.70181748344589,-687.9959596763731,-623.1857413840506,1.0150793401362945,1.0003636678638141,1.0627916119279215,1.0302910945003756,1.011475077591547,0.9961811364571321,0.9984391275798103,1.0014457107586123,1.0007028094446664,1.0152831220861336,0.9887794351772687,1.1011178365614924,1.0208043324118568,0.9831886457371922,0.9948830755819748,1.2280950010550795,0.9804327515342781,1.018769602427778,0.9965823009201389,0.9918200272446018,0.9977240878270154,0.9926813563897237,7.53e-5,-0.0024156723576322335,0.30699999999999994,0.5872523687443223,0.02273598657983927,0.15136186894198364,0.8181159869390598
0.5326944798799947,-0.0024895814104176944,1.0471975511965976,48.6657561964912,-690.6076977468183,-626.1677107405733,1.0175283198572918,1.0003180155412044,1.0704345398728359,1.0302984106775779,1.0118413976759555,0.9958050182268304,0.9980518097657374,1.0015138905847256,0.9999241585063919,1.0150739650886271,0.9895055200277101,1.102300528480207,1.0224758460835028,0.9830302068683718,0.995436945985629,1.2504889672233301,0.9802862576297793,1.0198261307802086,0.9962786499644224,0.9912234803640002,0.9976827336164988,0.9923643510782957,7.53e-5,-0.0024142814104176945,0.30699999999999994,0.5872523687443223,0.02280142201896055,0.15158120765663938,0.8181159869390598
0.5326944798799947,-0.002487341598697009,1.3089969389957472,52.51259835296992,-692.2898611684514,-628.0911318188126,1.019700403893694,1.0002552971162404,1.0738241574408505,1.0297798767168334,1.0119539636541426,0.9955502153757932,0.9975179009726797,1.0015330531090136,0.9993801327319095,1.0149057685456844,0.9901273360792204,1.102529671371652,1.0235357141173622,0.9829118671346271,0.995716220220583,1.2697106894213241,0.9800379531716426,1.02043830499512,0.9960915753585697,0.9908624438998076,0.9976492475022564,0.9921577273403321,7.53e-5,-0.0024120415986970093,0.30699999999999994,0.5872523687443223,0.02283534948380862,0.151694811059581,0.8181159869390598
0.5326944798799947,-0.002484320087782577,1.5707963267948966,53.62720821793755,-692.7840502314905,-628.6484367512965,1.0212047063620786,1.0001842263787448,1.0724166645203175,1.0288672043281093,1.0118328794170544,0.9954317997300541,0.9969106823020429,1.001504061573919,0.9991067903103348,1.014788618006956,0.9905440383106399,1.101820676223414,1.0239293328720347,0.9828349753860189,0.9956999848215022,1.2834574475142229,0.9797243668223621,1.0206066976776564,0.9960343781864408,0.9907609037749809,0.9976241671186296,0.9920722340980236,7.53e-5,-0.002409020087782577,0.30699999999999994,0.5872523687443223,0.0228336381360491,0.15168908272314932,0.8181159869390598
0.5326944798799947,-0.0024807658628732553,1.8325957145940461,51.84957069068423,-692.028476237108,-627.7596179876698,1.0217916761915915,1.000115042901628,1.0663546846859622,1.0276331221001946,1.0114934455907434,0.9954533410311998,0.9963251771113588,1.0014336732843059,0.9991258757130719,1.0147325641502494,0.9907029221501,1.100185973321293,1.0236442082983261,0.9828140660467171,0.9954225384868082,1.289768349508421,0.9795049852256305,1.0203520680192468,0.9961085726031246,0.9909210094866661,0.9976125243815585,0.9921174744674179,7.53e-5,-0.0024054658628732553,0.30699999999999994,0.5872523687443223,0.022796354940808557,0.15156423386782641,0.8181159869390598
0.5326944798799947,-0.0024770420557345216,2.0943951023931953,47.51189094261986,-690.1636948743037,-625.5907781136376,1.0214381149838467,1.0000587762855682,1.0564362978814437,1.0260809957514254,1.0109361091205347,0.9956156375061033,0.9958518971417963,1.0013307822702961,0.9994406453998895,1.0147501124752056,0.990587484301254,1.0977582202822718,1.0227169826716231,0.9828526901754927,0.9949191413205881,1.2876636805214683,0.9793754897258936,1.019705109089385,0.9963073887208593,0.991331962581767,0.9976153798480448,0.9922909761523137,7.53e-5,-0.0024017420557345217,0.30699999999999994,0.5872523687443223,0.022727834265064684,0.1513345209074797,0.8181159869390598
0.5326944798799947,-0.002473557167033718,2.356194490192345,41.33862495444373,-687.4937994963489,-622.5041451195495,1.020312797144401,1.000021800060143,1.043862976206426,1.0241847678094862,1.0101651008695953,0.995907542068042,0.9955427671774638,1.001207207931458,1.0000317690170153,1.014845804487183,0.9902499547228835,1.0947109342901948,1.0212138074388464,0.9829497543739397,0.9942322057841392,1.2774301928418348,0.9792749418209753,1.0186948728302143,0.9966126092932988,0.9919609367145602,0.9976332324599742,0.9925802656566456,7.53e-5,-0.002398257167033718,0.30699999999999994,0.5872523687443223,0.022635619254838073,0.15102483903988492,0.8181159869390598
0.5326944798799947,-0.002470700272224167,2.6179938779914944,34.25169057326161,-684.4074773006736,-618.9606779289585,1.0187156406751252,1.000006917815116,1.0300402220919065,1.0219482923356396,1.0092003052651575,0.9963094730699412,0.9954190241801495,1.0010758113308573,1.000860355817775,1.0150174214465906,0.9897700587664144,1.0912506690786365,1.0192266357888722,0.9831022798396946,0.9934115326523515,1.2606596820502842,0.9791481015187682,1.0173518766981915,0.9969991719761127,0.9927617998288022,0.997666045600791,0.9929664732760762,7.53e-5,-0.002395400272224167,0.30699999999999994,0.5872523687443223,0.022529044469621326,0.1506661647204701,0.8181159869390598
0.5326944798799947,-0.002468745066829946,2.8797932657906435,27.1526362249856,-681.2909388633972,-615.4111507548205,1.0169732758803427,1.000012063701683,1.0163211757284092,1.0194398314047275,1.0080903309190279,0.9967885175231848,0.9954555669422427,1.0009498641101746,1.0018656249461104,1.0152345940786236,0.989245504465984,1.087598133867861,1.0168691453254244,0.9832959601531965,0.992489318504857,1.2396851407499918,0.9788702241784187,1.0157222026562631,0.9974355546822133,0.9936728695693298,0.9977107737110447,0.9934189916369487,7.53e-5,-0.002393445066829946,0.30699999999999994,0.5872523687443223,0.022417645127823183,0.15029036643366947,0.8181159869390598
0.5326944798799947,-0.002467839481879573,3.141592653589793,20.75004518781725,-678.455209433244,-612.2098552362363,1.0153621433970288,1.0000325933466023,1.0037835943768334,1.016790287898749,1.0069003192686528,0.9973130032122292,0.9956134324875907,1.000837584960679,1.0029685263393984,1.0154926121299268,0.9887535975416486,1.08402351180029,1.0142924576397985,0.9835171654353516,0.9915217535081764,1.2170688168381203,0.9784434593838641,1.0138864726812138,0.9978918064629275,0.9946349982535904,0.9977639531980028,0.9939075668069448,7.53e-5,-0.002392539481879573,0.30699999999999994,0.5872523687443223,0.022309921596181444,0.14992609961027709,0.8181159869390598
0.5326944798799947,-0.0024679939576841147,3.4033920413889422,15.471245411679547,-676.0949572244715,-609.5704553481675,1.0140529656988364,1.000062820875764,0.9932205274331813,1.014201009506124,1.0057203920442046,0.9978429718600061,0.9958438685393152,1.0007449403030972,1.0040841806170728,1.0157651800210674,0.9883380604974219,1.080764258860263,1.0116643364893911,0.9837476908315292,0.9905621153619815,1.194921400113756,0.977878258784747,1.0119590555182882,0.9983374325268318,0.995582532161015,0.9978210643954387,0.9943972868943671,7.53e-5,-0.0023926939576841147,0.30699999999999994,0.5872523687443223,0.02221285845997504,0.1495971441828558,0.8181159869390598
0.5326944798799947,-0.0024691102974888322,3.6651914291880923,11.461259718257452,-674.2839427093745,-607.5654625014564,1.013098004993193,1.0000975177404618,0.9851063566612505,1.011911387574817,1.004648924984865,0.9983400457586366,0.9961054576049179,1.0006732770401334,1.005130799611802,1.016028234929309,0.9880079276088874,1.0780362168418853,1.0091645298951772,0.9839696016834021,0.989670823344854,1.17470425593904,0.9772351429855356,1.0100810962107762,0.9987455275128806,0.9964533534562656,0.9978775145482868,0.9948544790847756,7.53e-5,-0.0023938102974888323,0.30699999999999994,0.5872523687443223,0.02213168690202258,0.14932150701071978,0.8181159869390598
0.5326944798799947,-0.0024710102995393335,3.9269908169872414,8.646355524120509,-672.9993987756782,-606.1580104043879,1.0124457198024237,1.000133333558154,0.97960342208334,1.0101561531110785,1.0037758856383348,0.9987731708742418,0.9963740827856582,1.0006200199270627,1.006037006591935,1.0162709766413536,0.9877462323762991,1.07602214225703,1.0069689893022653,0.9841675666063477,0.9889110220365837,1.1572513519385548,0.9766102006012016,1.008401434462941,0.99909407374663,0.9971942771968941,0.9979292177559539,0.9952501194534272,7.53e-5,-0.0023957102995393336,0.30699999999999994,0.5872523687443223,0.02206983043334034,0.14911112694504242,0.8181159869390598
0.5326944798799947,-0.002473470400596189,4.1887902047863905,6.830707533075611,-672.1619652560835,-605.2501864088655,1.0119861474822929,1.0001676130611545,0.9766723356202864,1.0091432864060275,1.00318211527709,0.9991136742930338,0.9966331057887728,1.0005819127449649,1.006750309758745,1.0164629592970125,0.9875270552346308,1.074841050036869,1.0052299899307617,0.9843256946910008,0.9883291215363869,1.1429379898355245,0.9760614690337814,1.0070596383009156,0.9993635644744961,0.9977557230235237,0.9979719095054016,0.9955560397754735,7.53e-5,-0.0023981704005961893,0.30699999999999994,0.5872523687443223,0.022029274149127812,0.14897303450780552,0.8181159869390598
0.5326944798799947,-0.002476252422574258,4.4505895925855405,5.797844577314208,-671.680306308514,-604.7337549309848,1.0115891305919262,1.0002001823917002,0.9761059100094861,1.0090062692637989,1.0029166589631835,0.9993462200892833,0.9968866521209867,1.0005562896959939,1.0072332499813945,1.0166107735481096,0.9873213159633901,1.0745825400126214,1.0040737569496156,0.9844393357206306,0.9879849200264971,1.13206672885509,0.9757633515807821,1.0061700666600435,0.9995400189006682,0.9981056649412292,0.998004449917842,0.9957570956625867,7.53e-5,-0.002400952422574258,0.30699999999999994,0.5872523687443223,0.02201077416682658,0.14891000158439233,0.8181159869390598
0.5326944798799947,-0.0024791251291798305,4.71238898038469,5.395942321943494,-671.4880906049254,-604.5328038032994,1.0111523700085159,1.0002307450581154,0.9777032465147575,1.009806096824059,1.0030066207199988,0.9994595740838593,0.9971330739372941,1.0005443194246773,1.007464322497974,1.016695359079251,0.9871169084749476,1.0752564120665768,1.0035806240348757,0.9844980678084376,0.9878914743146715,1.1246913616967955,0.97569707689826,1.005808336671366,0.9996115444869745,0.9982196949446377,0.9980235044729406,0.9958373005359296,7.53e-5,-0.0024038251291798305,0.30699999999999994,0.5872523687443223,0.022014341669513583,0.14892215875240272,0.8181159869390598
0.5326944798799947,-0.002481896772819798,4.974188368183839,5.592715995416938,-671.5698669905792,-604.6311906400362,1.010632683763797,1.0002596038262093,0.981276815618307,1.0114991091735317,1.0034468283437414,0.9994487416253559,0.9973782429255467,1.0005512881603482,1.0074350388385829,1.0167179958270467,0.98691604961008,1.0768195252088735,1.0037872992856387,0.9844990626857236,0.9880609887879217,1.1209716534125782,0.9759081703287913,1.0060072615149598,0.9995711951753657,0.9980888967149295,0.9980284314237448,0.9957918859755643,7.53e-5,-0.002406596772819798,0.30699999999999994,0.5872523687443223,0.022039398068913352,0.14900751765644446,0.8181159869390598
0.5326944798799947,-0.002484423814648568,5.235987755982989,6.490880738509077,-671.9687020965716,-605.0802730115822,1.0100596129489847,1.000287058859223,0.9867497212627576,1.0139483559115714,1.0042053089097094,0.9993122270658726,0.9976244643967372,1.0005848788498193,1.0071462513481568,1.0166725903700373,0.986736344988825,1.0791775206735947,1.0046842677542513,0.9844435211883358,0.9884878616442307,1.1211290546182617,0.9763836969535015,1.0067567036499847,0.9994178683424944,0.9977186083532568,0.9980191609771205,0.9956229050532596,7.53e-5,-0.002409123814648568,0.30699999999999994,0.5872523687443223,0.022085102981145008,0.14916309717733922,0.8181159869390598
0.5326944798799947,-0.0024866184775736997,5.497787143782138,8.300391484436204,-672.7752496873687,-605.9850283845458,1.0095267724002908,1.0003137883690125,0.9940969063397613,1.0169237803908184,1.0052190133220942,0.9990553469891116,0.9978752627046495,1.0006517591687443,1.0066088169291723,1.0165700775638091,0.9866108976696767,1.0821802090026873,1.0062145075769262,0.9843362506002042,0.9891497299297453,1.1253311491738145,0.9770743779019898,1.0079988694533975,0.999157684897057,0.9971314508647151,0.9979968313772735,0.9953418401690237,7.53e-5,-0.0024113184775736997,0.30699999999999994,0.5872523687443223,0.022150063724530593,0.14938395304956262,0.8181159869390598
0.5326944798799947,-0.002488439462936209,5.759586531581287,11.270341953653542,-674.097871690503,-607.4700036191545,1.009182527258413,1.000339728798938,1.0033037462547223,1.020137659551918,1.0064039770795778,0.9986889829685701,0.9981262124043168,1.0007540362706693,1.0058482688737156,1.0164158317913723,0.9865821391688258,1.0856314076744475,1.0082763286478804,0.9841846587544615,0.9900059053740424,1.1336980228486107,0.9778898160452885,1.0096370349796675,0.9988043678771201,0.9963634883100336,0.9979630818774222,0.9949665153092819,7.53e-5,-0.0024131394629362092,0.30699999999999994,0.5872523687443223,0.022232254972437974,0.1496629367217119,0.8181159869390598
0.5326944798799947,-0.002489875831598664,6.021385919380437,15.591149843957737,-676.0191427782892,-609.6304075643066,1.0092033661253506,1.0003638050590469,1.0142398481983848,1.0232773567142457,1.0076605181859304,0.9982323824860125,0.9983661009021952,1.0008871464203066,1.0049079271042074,1.0162207924296782,0.98669113108508,1.0892905064725464,1.0107283380436116,0.9840001726772906,0.991003197524212,1.1462123870244478,0.9787400790453477,1.0115409024501383,0.9983790787668113,0.9954634428405976,0.997920830283064,0.9945221831537369,7.53e-5,-0.002414575831598664,0.30699999999999994,0.5872523687443223,0.02232855415625987,0.14998916692334655,0.8181159869390598
0.5326944798799947,-0.002490910262171311,6.283185307179586,21.285468917960088,-678.5464684813479,-612.4775671013077,1.0097537199351947,1.0003835776915633,1.0265132611973862,1.0260345313359591,1.0088762047225948,0.9977176992464959,0.9985595291319688,1.0010386210259106,1.0038439928479392,1.0160039926966706,0.9869697644001312,1.0929465792169806,1.0134036576350716,0.9837950060538109,0.9920728223486728,1.162733123377573,0.9794977142114064,1.0135609219760007,0.9979118000109265,0.9944962529169027,0.9978721518662326,0.9940393998008716,7.53e-5,-0.002415610262171311,0.30699999999999994,0.5872523687443223,0.02243423668797293,0.15034639468478442,0.8181159869390598
0.5494608135642645,-0.0025005508617447414,0.0,18.567898786767955,-677.3522654567896,-611.1187820357117,1.0093202275098558,1.0002994658091386,1.0183246610180667,1.0229295345302565,1.0083111939171385,0.9974772021643542,0.9958300247655851,1.001095320632949,1.0032444496751858,1.0164760856709323,0.9886451715929825,1.091311533467317,1.0125440350474804,0.9827031632601296,0.9897591590897001,1.1444397224020129,0.9731186166778526,1.0129012959185242,0.9977122629582079,0.9940960324849947,0.9977493887817963,0.9936607223511756,7.53e-5,-0.0024252508617447414,0.30699999999999994,0.5872523687443223,0.02237146152707299,0.15013430167586395,0.8349400006253608
0.5494608135642645,-0.0025010469706749023,0.2617993877991494,24.97435058091878,-680.207136312608,-614.3220079327871,1.010435875213235,1.0003073885647362,1.0308242255436866,1.0251898364021101,1.0094321783065776,0.9969257690780347,0.995939702683717,1.0012512801829212,1.0021321165983792,1.0162281454697824,0.9890955994008802,1.0945816135974376,1.0152077660129422,0.9824917978559746,0.9908051412531547,1.1636817653327678,0.9737406984441471,1.0148758382704701,0.9972299282306157,0.993117238006728,0.9977004272129594,0.9931726333242319,7.53e-5,-0.0024257469706749023,0.30699999999999994,0.5872523687443223,0.022479272952076988,0.15049837625498735,0.8349400006253608
0.5494608135642645,-0.0025009898553179522,0.5235987755982988,31.96155356372833,-683.3071804723936,-617.8156094241918,1.012150359198291,1.0003030957901389,1.0428917062536553,1.0267078580665674,1.010334809355015,0.9964013933387927,0.9959217053205134,1.0013897200309843,1.0010531433992138,1.015994297690071,0.9896869326447895,1.0973833164779216,1.017716385385738,0.9822904262392212,0.9917681167572191,1.1853379776631383,0.9741195469948145,1.0166641944397665,0.996778011883181,0.9922154279877478,0.9976510098209336,0.9927159265212047,7.53e-5,-0.0024256898553179523,0.30699999999999994,0.5872523687443223,0.02258193424725088,0.1508442670647851,0.8349400006253608
0.5494608135642645,-0.0025002644179915145,0.7853981633974483,38.75404900230251,-686.3068899194714,-621.2118571434789,1.0143067467332745,1.0002799369048396,1.0533048400014993,1.0274889530806974,1.0109942354639636,0.9959302022516096,0.995739688732793,1.0014992330255594,1.0000940340689295,1.0157602067604263,0.9903736484747127,1.099419333034141,1.0198745005493561,0.9821062007244878,0.9925580591574492,1.2077380697754838,0.9742203257830837,1.0181384084986853,0.9963832633813829,0.9914350160233221,0.997605498675072,0.992315982772834,7.53e-5,-0.0024249644179915146,0.30699999999999994,0.5872523687443223,0.022670595954412804,0.15114237225077043,0.8349400006253608
0.5494608135642645,-0.0024987651045031267,1.0471975511965976,44.43583158194497,-688.8055385190961,-624.0527484333002,1.016606517386038,1.0002376132143649,1.060711895716263,1.0275883896867366,1.011385846146102,0.9955527863091798,0.9953829100172564,1.0015667140255042,0.9993196642542259,1.0155530999055102,0.9910643658589452,1.1005971750458454,1.0215388509182,0.9819497135342761,0.993115559605389,1.2291841740860543,0.9741044552807925,1.0192149308030551,0.9960796940602045,0.9908414526720135,0.9975653768076753,0.9920022972052042,7.53e-5,-0.0024234651045031267,0.30699999999999994,0.5872523687443223,0.022735957940436553,0.151361772875645,0.8349400006253608
0.5494608135642645,-0.002496437006557264,1.3089969389957472,48.14688395865278,-690.4353138181767,-625.9082746216541,1.0186532116125884,1.0001800364382438,1.064046273166639,1.0271210878915396,1.0115107257771112,0.9952998711520421,0.9948859877895486,1.0015849570837876,0.9987824592162673,1.0153889853561704,0.9916482601450515,1.1008488005394745,1.0226011579332137,0.9818347829252904,0.993405578667927,1.2476034196239865,0.9738696359191654,1.0198463693396824,0.9958942532981305,0.9904859975146781,0.9975328745018778,0.9917996926205843,7.53e-5,-0.002421137006557264,0.30699999999999994,0.5872523687443223,0.02277029669703811,0.15147691438204447,0.8349400006253608
0.5494608135642645,-0.0024933533675783226,1.5707963267948966,49.29765904464125,-690.946843149125,-626.4836621646483,1.0200745995338478,1.0001142657087534,1.062831184616135,1.0262343805733336,1.01139809284409,0.9951804372873279,0.9943193274385885,1.001556840965173,0.9985222084629817,1.0152752064284913,0.9920455605086086,1.100142728054796,1.0230032435990553,0.9817623749373273,0.9934118314860333,1.2606952725402405,0.9736091961085406,1.0200307768533154,0.9958357457993325,0.9903818911266189,0.9975104674174113,0.9917177610066984,7.53e-5,-0.0024180533675783227,0.30699999999999994,0.5872523687443223,0.02276986582337419,0.15147547014231955,0.8349400006253608
0.5494608135642645,-0.0024897778909586826,1.8325957145940461,47.72477264179042,-690.2774302668943,-625.6972189632229,1.0206292114626059,1.0000505964849802,1.0571239155855394,1.024976872671321,1.0110528254118725,0.9952023911262142,0.9937682118719697,1.0014873298453397,0.9985561051107418,1.0152165158012083,0.9921948359004938,1.0985242865614948,1.0227289349392705,0.9817447047008924,0.9931522857969266,1.266705779835444,0.9733789427029067,1.019781172773926,0.9959094586809124,0.9905399669312884,0.9975005441577802,0.9917651916126542,7.53e-5,-0.0024144778909586826,0.30699999999999994,0.5872523687443223,0.022734110228755697,0.15135557489466803,0.8349400006253608
0.5494608135642645,-0.0024860605234673936,2.0943951023931953,43.72912593497472,-688.5538819406135,-623.699395609815,1.0202925425939777,0.9999987757583279,1.0476825249748256,1.023367089348229,1.010477974868232,0.9953695911190854,0.9933217275693891,1.0013837640225873,0.9988853623984434,1.0152400848908887,0.992087140698764,1.0961329230193857,1.021818869080085,0.9817826509632882,0.9926603390484524,1.2645884629336193,0.9732062768567705,1.0191299621658854,0.996108618371582,0.990950449599767,0.9975037703294963,0.9919391537781427,7.53e-5,-0.0024107605234673936,0.30699999999999994,0.5872523687443223,0.022667309675465472,0.15113133304439832,0.8349400006253608
0.5494608135642645,-0.002482610348301836,2.356194490192345,37.98492660551824,-686.059206682467,-620.8272959450868,1.0192184061097649,0.9999653847007426,1.0356709677313265,1.0214038750727985,1.0096884893911553,0.9956645750003975,0.9930319921711982,1.001260145294107,0.9994925230724546,1.0153353470394892,0.9917661571177139,1.0931125259030448,1.020331538054315,0.9818812483689068,0.9919894786577356,1.2547613950388357,0.9730819796778026,1.0181072015724455,0.99641394787692,0.991576444836573,0.9975227550527879,0.9922291814119759,7.53e-5,-0.002407310348301836,0.30699999999999994,0.5872523687443223,0.022576873382248626,0.15082723380464222,0.8349400006253608
0.5494608135642645,-0.002479798548327815,2.6179938779914944,31.35785864784043,-683.1589602195653,-617.5137619662479,1.0176900180690458,0.9999525691847992,1.0224067793653622,1.0190980094213982,1.0087048199380657,0.9960699052980138,0.9929148805212857,1.0011281017829556,1.000334841056491,1.0155029547637207,0.991313346756436,1.0896849364609347,1.0183617221000738,0.9820301553026085,0.9911724523826653,1.238589047060597,0.9728836951537739,1.0167482524965405,0.9968006650575529,0.9923731030596791,0.9975550824760432,0.9926128134137816,7.53e-5,-0.002404498548327815,0.30699999999999994,0.5872523687443223,0.022471866254694203,0.1504733914799637,0.8349400006253608
0.5494608135642645,-0.002477899434248227,2.8797932657906435,24.699286992638235,-680.2185259056284,-614.1844761386468,1.0160208092050207,0.999958723525396,1.0091737712006672,1.0165230739269842,1.0075744545966177,0.9965557122694475,0.9929510791352463,1.0009999970755383,1.001350299911497,1.0157272717286807,0.9908187638857221,1.0860828940571876,1.0160280101797055,0.9822201210886891,0.990257356828159,1.218366270401141,0.9725602985873651,1.0151056077407754,0.9972388401278622,0.9932829146975051,0.997598894785948,0.9930632860614336,7.53e-5,-0.0024025994342482273,0.30699999999999994,0.5872523687443223,0.022361696804891345,0.15010128433484168,0.8349400006253608
0.5494608135642645,-0.002477055043966009,3.141592653589793,18.681281729844386,-677.5337667280739,-611.1754735072499,1.0144770451583185,0.9999790661279834,0.9970370667652755,1.0138203764448268,1.0063708746191258,0.9970830940473248,0.9931028297948683,1.000886236147174,1.0024622352339534,1.015982907877925,0.9903527068779086,1.0825389098890243,1.0134742801014263,0.9824366289858597,0.9892944946587467,1.1964847809498418,0.9720941874645816,1.0132612197412738,0.9976958847938046,0.9942394938745781,0.9976511435058375,0.9935479542965524,7.53e-5,-0.002401755043966009,0.30699999999999994,0.5872523687443223,0.022254854931891995,0.14973955991297758,0.8349400006253608
0.5494608135642645,-0.0024772673400191036,3.4033920413889422,13.710591912085874,-675.2911111370847,-608.6901285983706,1.0132226184072375,1.0000080727291212,0.9867768272534778,1.0111898309699467,1.005180418244105,0.9976158844357045,0.9933196564871671,1.0007916608152787,1.0035835011124004,1.016248842388365,0.9899591221312563,1.0793078568618353,1.010870401915827,0.9826628238932088,0.9883380163389677,1.175008518165606,0.9714877612234855,1.0113309363816299,0.9981429476386442,0.9951820007857916,0.9977068387633095,0.9940331227022359,7.53e-5,-0.0024019673400191037,0.30699999999999994,0.5872523687443223,0.022158329405007584,0.14941203229471897,0.8349400006253608
0.5494608135642645,-0.002478447794548783,3.6651914291880923,9.925688057054685,-673.562207190871,-606.797676670855,1.0123142488804011,1.0000413352706368,0.9788436515165981,1.0088675029523901,1.00409865857497,0.9981176546153258,0.9935693955808392,1.0007177254417963,1.0046340661162192,1.0165157155679674,0.9896443082258829,1.0766033822993615,1.0083953389160363,0.982879286846913,0.9874488820584951,1.155326837753491,0.9708219193423218,1.0094544936769907,0.9985527880700401,0.9960490143395134,0.9977616334799513,0.9944859828351184,7.53e-5,-0.002403147794548783,0.30699999999999994,0.5872523687443223,0.0220773475533198,0.1491367087936411,0.8349400006253608
0.5494608135642645,-0.0024804135989042377,3.9269908169872414,7.256250119006381,-672.3270786138835,-605.4629577018309,1.0117045384973293,1.0000748952443403,0.9734281165562557,1.0070865086411889,1.0032194429216241,0.9985523339850215,0.9938185369759254,1.0006631053807864,1.0055414604895503,1.0167504097673064,0.9893945573027195,1.0746008137413245,1.0062204952152747,0.9830731545529394,0.986689293198006,1.1383274659041875,0.9701752337634539,1.0077798206532256,0.9989022980212517,0.9967842438204269,0.9978117211192672,0.9948763921097357,7.53e-5,-0.002405113598904238,0.30699999999999994,0.5872523687443223,0.02201539734618908,0.14892575605314187,0.8349400006253608
0.5494608135642645,-0.002482940169365883,4.1887902047863905,5.515281325397154,-671.5114182017387,-604.5924733050263,1.0112872867812102,1.0001068911048632,0.9704902961968808,1.0060491736560702,1.0026184938998832,0.9988948815764402,0.9940588076630446,1.0006243837026303,1.0062528495181418,1.0169412714305743,0.9891825315656997,1.0734293264719403,1.0044994433932941,0.9832298187712253,0.9861122925796518,1.1244325521230243,0.9696461455894,1.0064442834702096,0.9991726360604186,0.9973419611467493,0.9978533806907033,0.9951790020448839,7.53e-5,-0.0024076401693658833,0.30699999999999994,0.5872523687443223,0.021974499850107854,0.1487863329497475,0.8349400006253608
0.5494608135642645,-0.002485786087618744,4.4505895925855405,4.496427402197014,-671.0292183435423,-604.0830463434262,1.0109360135542511,1.0001366232827122,0.9698554625462484,1.0058909609164628,1.002346773485524,0.9991283763384587,0.9942899073172144,1.0005993589776931,1.0067307133693053,1.0170835971505132,0.9889835146420713,1.0731629800491231,1.003352691072396,0.9833402835548929,0.9857613912146067,1.113842471704208,0.9693250682081307,1.0055578563802232,0.9993487810756285,0.9976880418502163,0.9978842238667776,0.9953755280189275,7.53e-5,-0.002410486087618744,0.30699999999999994,0.5872523687443223,0.02195544657858049,0.14872133539362234,0.8349400006253608
0.5494608135642645,-0.0024887214905042897,4.71238898038469,4.055938139556929,-670.818583943382,-603.8628017121061,1.0105526778647065,1.000164058294814,0.9713215071679301,1.006667276864498,1.0024304045480548,0.9992410391142389,0.9945146886354348,1.0005894091893142,1.006953723064825,1.017166240858956,0.9887843903025425,1.073819212615399,1.0028610115385532,0.9833975790333758,0.9856619196575591,1.1067125092758503,0.9692645852023846,1.005196106678494,0.9994191696354701,0.9977991708386958,0.9979022235646408,0.9954527149752811,7.53e-5,-0.0024134214905042898,0.30699999999999994,0.5872523687443223,0.02195826900508839,0.1487309654437149,0.8349400006253608
0.5494608135642645,-0.0024915488274232273,4.974188368183839,4.165289281708738,-670.8659824164907,-603.917477283182,1.0100909181020694,1.0001895363853586,0.9747261030237596,1.0083382845718263,1.0028654285846101,0.999227699004424,0.9947363460235351,1.00059943381663,1.0069122615321229,1.0171855721287386,0.9885898367235788,1.0753577567831514,1.0030607546154082,0.9833982249583039,0.9858222903586473,1.1031875373541842,0.9694788197643034,1.005391598853842,0.9993770408647905,0.997666712516853,0.9979062778352589,0.9954050916203208,7.53e-5,-0.0024162488274232273,0.30699999999999994,0.5872523687443223,0.021982473016426,0.14881352410972196,0.8349400006253608
0.5494608135642645,-0.002494119766919233,5.235987755982989,4.925801402691832,-671.2136680867393,-604.2977333436736,1.0095739641555466,1.000213591015439,0.979980040437427,1.0107671167618686,1.003619038823738,0.9990877524464709,0.9949595321197388,1.0006364944598525,1.0066081022545676,1.0171418164780521,0.9884186766568606,1.0776816163079146,1.0039415858716456,0.9833424969032319,0.9862353995055272,1.103439003511656,0.9699530744678242,1.0061324947600674,0.9992215814038958,0.9972968036146013,0.9978963576015432,0.9952351807729382,7.53e-5,-0.002418819766919233,0.30699999999999994,0.5872523687443223,0.02202716576123657,0.14896585213979008,0.8349400006253608
0.5494608135642645,-0.0024963395676833844,5.497787143782138,6.541881949987555,-671.9489315377889,-605.1057736173215,1.0090905840903164,1.0002367912933423,0.9870639088519606,1.013733491616814,1.0046319325271422,0.9988257115476322,0.9951876320963908,1.0007065873966343,1.0060543442545289,1.017036861738234,0.9883015464879955,1.0806415104134006,1.005447315924965,0.9832349167683674,0.9868787216419695,1.1076356069634854,0.9706351389731189,1.007363743693924,0.9989591029639131,0.9967107979344618,0.9978734138935991,0.9949535144265155,7.53e-5,-0.0024210395676833845,0.30699999999999994,0.5872523687443223,0.022091032750437202,0.14918327057573888,0.8349400006253608
0.5494608135642645,-0.0024981626071913293,5.759586531581287,9.255919575169173,-673.1759267876175,-606.4627924299123,1.0087780963592887,1.0002597548860224,0.9959449698898224,1.016952366192916,1.0058186267343667,0.9984549582334475,0.9954209129716581,1.0008109038617414,1.0052769972799716,1.0168853017347714,0.9882743815115067,1.0840528347775997,1.0074800987094743,0.9830851713672103,0.9877187513339343,1.1159118751233628,0.9714614623702336,1.0089905780310822,0.9986043424648842,0.9959472887949886,0.997839624220962,0.9945799982346032,7.53e-5,-0.0024228626071913294,0.30699999999999994,0.5872523687443223,0.02217202917501259,0.1494585603512084,0.8349400006253608
0.5494608135642645,-0.0024995720494871724,6.021385919380437,13.25512522404324,-674.9743267189523,-608.4623952543493,1.0088017432768601,1.0002815398445433,1.006480657154878,1.0201116530737442,1.0070789426921412,0.9979958357896258,0.995643173712029,1.0009442214218895,1.0043187946605914,1.0166923467416928,0.9883783064470534,1.0876933279390852,1.00990168572591,0.9829043191286161,0.9887006685573004,1.128259920862473,0.9723144871796097,1.010885848137156,0.9981795006332493,0.9950564373644566,0.9977971373999437,0.9941391254996964,7.53e-5,-0.0024242720494871725,0.30699999999999994,0.5872523687443223,0.022266988135474487,0.1497806807964512,0.8349400006253608
0.5494608135642645,-0.0025005508617447474,6.283185307179586,18.56789878676591,-677.3522654567889,-611.1187820357106,1.0093202275098565,1.0002994658091384,1.0183246610180632,1.0229295345302563,1.0083111939171392,0.9974772021643533,0.9958300247655869,1.001095320632949,1.0032444496751867,1.0164760856709296,0.9886451715929828,1.0913115334673016,1.012544035047478,0.9827031632601299,0.9897591590896989,1.144439722401985,0.9731186166778523,1.0129012959185224,0.9977122629582074,0.9940960324849933,0.9977493887817964,0.9936607223511755,7.53e-5,-0.0024252508617447475,0.30699999999999994,0.5872523687443223,0.02237146152707292,0.1501343016758637,0.8349400006253608
0.5661711535058455,-0.002514122639407769,0.0,17.48202134392409,-676.8570783162115,-610.5758433142897,1.008471273250355,1.0001881672771409,1.0099446858365482,1.0195846036468197,1.00771552741689,0.9972097164834384,0.9909320239135553,1.0011256884212882,1.0024175055547395,1.0170704935838575,0.9910106025486085,1.089714308720059,1.0117866299921099,0.9809244800715516,0.9864483060010982,1.121531823247726,0.9637348707931552,1.012312956585004,0.9975274892169392,0.9937288898202444,0.9975155396701797,0.9931012726495811,7.53e-5,-0.002438822639407769,0.30699999999999994,0.5872523687443223,0.022320260654453413,0.14996109833356694,0.8517640143116617
0.5661711535058455,-0.002514524372477064,0.2617993877991494,23.48578779476975,-679.5532394259021,-613.5777265397126,1.0095120049262318,1.0001949925882936,1.0220017025967414,1.0219234573907667,1.0088571449354566,0.996654439095466,0.9910488285080727,1.001279904324828,1.0012981008065083,1.0168187022081272,0.9914316245828855,1.0929515494905815,1.0144105188831647,0.980721141566679,0.9874896303766675,1.1404141508153671,0.9644037426108777,1.0142785773439074,0.9970481827321144,0.9927617537878018,0.9974683908641713,0.9926209122818935,7.53e-5,-0.002439224372477064,0.30699999999999994,0.5872523687443223,0.022426688879494783,0.15032090890473945,0.8517640143116617
0.5661711535058455,-0.00251435672660679,0.5235987755982988,30.068145240772765,-682.4918865806844,-616.8689052627141,1.011109132944816,1.0001904908274635,1.0336425614743916,1.0235500674646891,1.0097905837045213,0.9961251288520142,0.9910406397955028,1.001416763796545,1.0002168929784006,1.0165824293274361,0.9920004158755137,1.0957052430600946,1.0168811360568601,0.9805216392906274,0.9884401421722115,1.161318988518455,0.9647959588924655,1.0160639674773964,0.9965968163750539,0.9918648989304092,0.9974204321008416,0.9921685564876133,7.53e-5,-0.00243905672660679,0.30699999999999994,0.5872523687443223,0.022528263892481904,0.15066353465723414,0.8517640143116617
0.5661711535058455,-0.0025135061899606136,0.7853981633974483,36.50182542420566,-685.3483120978714,-620.0857453544305,1.0131277449950078,1.0001697707724742,1.0436915415387014,1.024433143205136,1.01047412247117,0.9956554637103594,0.9908792359052341,1.0015232710298931,0.999257194198895,1.0163596958906844,0.9926509931104618,1.0977523483693572,1.0190186193962378,0.9803419151876063,0.9892333544150815,1.1829853447906369,0.9649506498522186,1.017546568528762,0.9962058004782599,0.991096599207288,0.9973762568010507,0.9917758208347612,7.53e-5,-0.0024382061899606137,0.30699999999999994,0.5872523687443223,0.022616179399426003,0.15095947638165474,0.8517640143116617
0.5661711535058455,-0.0025118703358406247,1.0471975511965976,41.92351743337099,-687.7440915246173,-622.7965913590132,1.0152861203348094,1.0001315379451161,1.05090186519979,1.0246247021813535,1.0108878111721011,0.9952795088418832,0.9905542505990613,1.0015885285718586,0.998487536681635,1.016156533026633,0.9933010571841081,1.0989460980144892,1.0206711729820397,0.9801921788189252,0.9898024500750802,1.2036908485930398,0.9648789226974458,1.0186363154886813,0.9959057048530203,0.9905131756205823,0.9973379020573961,0.9914693044972314,7.53e-5,-0.0024365703358406247,0.30699999999999994,0.5872523687443223,0.02268141076950857,0.15117869565705763,0.8517640143116617
0.5661711535058455,-0.002509431733427338,1.3089969389957472,45.51745191077612,-689.3288688126061,-624.5935585977157,1.0172150947898648,1.0000789297410615,1.054257711390611,1.024234342289234,1.0110327595362738,0.9950269497284738,0.9900950297912802,1.0016059939890574,0.9979610084982753,1.0160003383081555,0.9938527965054579,1.0992099200206067,1.021734087102716,0.9800806227698184,0.9901089738921599,1.2212597836196075,0.9646973587585547,1.019285793035138,0.995720366929595,0.990159504680736,0.9973075551708489,0.9912710862499557,7.53e-5,-0.002434131733427338,0.30699999999999994,0.5872523687443223,0.022716574434738193,0.1512967404156368,0.8517640143116617
0.5661711535058455,-0.002506284002505348,1.5707963267948966,46.71718172645819,-689.8645509282111,-625.1934235055568,1.0185590774054898,1.0000189205896302,1.0532289002311677,1.0233701205551642,1.0109231387247786,0.9949116401465107,0.9895656462878982,1.0015766076421295,0.9977131664049684,1.0158924606203024,0.9942221806583893,1.0985286572191995,1.022143885718684,0.9800148180774988,0.9901365394539842,1.2337152356665946,0.9644642128841737,1.019482571571207,0.9956634978867582,0.9900600764957277,0.9972870575845221,0.991194396730138,7.53e-5,-0.002430984002505348,0.30699999999999994,0.5872523687443223,0.022717305478699587,0.15129919358988955,0.8517640143116617
0.5661711535058455,-0.002502669430646794,1.8325957145940461,45.35416126468158,-689.283132075202,-624.5119132746685,1.0190887753339015,0.9999608185958906,1.0479096281238733,1.0221037268354676,1.0105716837661733,0.9949396859617227,0.989049136295633,1.0015058458774222,0.9977625042115031,1.015841642566003,0.9943586899826062,1.0969499128251525,1.0218873484339384,0.9799997599075276,0.9898953018366085,1.2393363128723778,0.9642285561855878,1.0192413856986358,0.9957377772709206,0.990219964811558,0.9972781003672747,0.9912442759758828,7.53e-5,-0.0024273694306467942,0.30699999999999994,0.5872523687443223,0.02268337092613811,0.1511852782727904,0.8517640143116617
0.5661711535058455,-0.002498945553292066,2.0943951023931953,41.69733250212198,-687.6990295914889,-622.6834988933887,1.0187693230544757,0.9999137460326986,1.0389757671140092,1.0204598100083944,1.009986331394936,0.9951102646224141,0.9886273134351072,1.0014023157588074,0.9981088753714317,1.0158660375456436,0.9942530492106079,1.0945933949301014,1.0209970176192282,0.9800408015135533,0.9894249153192772,1.2372345605679949,0.9640517183049657,1.018591581210088,0.9959358924738073,0.9906270018323533,0.9972828118202135,0.991419492674704,7.53e-5,-0.002423645553292066,0.30699999999999994,0.5872523687443223,0.02261868337502311,0.15096789704221625,0.8517640143116617
0.5661711535058455,-0.0024955129600283763,2.356194490192345,36.37121437796009,-685.3750022864797,-620.0204398313077,1.0177460346056604,0.9998840494068922,1.0275194869843944,1.0184443836962935,1.0091791039592615,0.9954126808593416,0.988358455246396,1.001277433527606,0.9987324354406905,1.0159673963656624,0.9939439424105234,1.0916130132294524,1.0195339044548481,0.9801388260423148,0.9887657528881819,1.2276245552154625,0.9638887214393728,1.0175635535631968,0.9962407307448967,0.9912505815707057,0.9973018028884156,0.9917086959454458,7.53e-5,-0.0024202129600283764,0.30699999999999994,0.5872523687443223,0.022530284086707705,0.1506703413735631,0.8517640143116617
0.5661711535058455,-0.0024927340070434157,2.6179938779914944,30.18679245822159,-682.6531061848023,-616.9282288714385,1.0162791268860847,0.9998732927421342,1.0147975251027792,1.0160832258513441,1.0081807893627026,0.9958207467150758,0.988243422820456,1.001145365482021,0.999588680583829,1.0161289016932034,0.9935179807207528,1.0882297777102463,1.017590926647238,0.9802850048635481,0.9879586166584028,1.2120477582614178,0.9636404826555268,1.0161997757537997,0.9966255742560702,0.9920395285354833,0.9973338155896716,0.9920887593779077,7.53e-5,-0.0024174340070434158,0.30699999999999994,0.5872523687443223,0.022427170480444708,0.15032253519407413,0.8517640143116617
0.5661711535058455,-0.0024908898800517156,2.8797932657906435,23.947368908940916,-679.87921569834,-613.8085170967981,1.014672042813908,0.9998805138885676,1.0020081301468884,1.0134464206295597,1.0070311322903471,0.9963137225752356,0.9882752452124139,1.0010154696733111,1.0006120596888228,1.0163609413754164,0.9930491474755049,1.0846968444014722,1.0152908443228126,0.9804697550199463,0.9870501497111095,1.192523876896159,0.963264883401236,1.0145553797058688,0.9970636988121245,0.9929454602797342,0.9973759776622192,0.9925351043314393,7.53e-5,-0.0024155898800517156,0.30699999999999994,0.5872523687443223,0.022318414175169922,0.1499548484017091,0.8517640143116617
0.5661711535058455,-0.002490103719391265,3.141592653589793,18.29078549691576,-677.3349913574602,-610.9802253907856,1.013185032087331,0.9999005269541209,0.9902897882927157,1.0107078280377815,1.0058193596219747,0.9968428842453285,0.9884172147585369,1.0009013178129715,1.001734577185533,1.0166077168893701,0.9926117013295277,1.0811840839600904,1.0127699861639539,0.9806811751257262,0.9860935163888771,1.1713200244494149,0.9627690914569933,1.0127138062562053,0.9975189148051481,0.993891761462881,0.9974272023195475,0.993013865026715,7.53e-5,-0.002414803719391265,0.30699999999999994,0.5872523687443223,0.022212821694787704,0.14959701944950834,0.8517640143116617
0.5661711535058455,-0.0024903876162631886,3.4033920413889422,13.60531974052492,-675.1995041486653,-608.6374925125901,1.0119805472496155,0.9999289149946368,0.9803134054299036,1.0080422402799392,1.0046199978889243,0.9973787464674461,0.9886236064409011,1.0008058061574199,1.0028626486229613,1.0168714998565718,0.9922382304776918,1.0779881411172767,1.010201393475774,0.980901565026188,0.9851427316348561,1.1504650411756043,0.9621466990081008,1.0107919059762867,0.9979651487841514,0.9948256870910672,0.9974813866251204,0.9934930604075451,7.53e-5,-0.0024150876162631887,0.30699999999999994,0.5872523687443223,0.02211704083392694,0.14927172025235716,0.8517640143116617
0.5661711535058455,-0.0024916404979078606,3.6651914291880923,10.02457992926702,-673.5434132410022,-606.8471226069612,1.0111124781557865,0.9999607021052339,0.9725520300954313,1.0056866190918787,1.0035309658421283,0.9978819565215936,0.9888565273141777,1.0007311555441003,1.003915877652929,1.0171291289413835,0.991938967852459,1.0753106303196078,1.0077594632750635,0.9811138096552132,0.984258398951634,1.1313300538773603,0.9614661405319627,1.0089276193782157,0.998374494427471,0.9956841503426659,0.9975345604029714,0.9939396728822696,7.53e-5,-0.0024163404979078607,0.30699999999999994,0.5872523687443223,0.02203636475504505,0.14899718667888778,0.8517640143116617
0.5661711535058455,-0.0024936827176988423,3.9269908169872414,7.48283509798398,-672.3495807043071,-605.5762501913197,1.010540126887197,0.9999924189390551,0.9671974417328626,1.0038734648978058,1.0026435256564765,0.9983188616127036,0.9890912081878618,1.000676016035583,1.0048240434661173,1.0173612752826238,0.9916991973988696,1.0733235927883233,1.0056137740870799,0.98130287627863,0.9835010626797941,1.114760238804462,0.9608164586706471,1.0072655512157078,0.9987237100293918,0.9964121833979506,0.9975829033910806,0.9943242651213781,7.53e-5,-0.0024183827176988424,0.30699999999999994,0.5872523687443223,0.021974333640245352,0.14878576606730184,0.8517640143116617
0.5661711535058455,-0.0024962870442815075,4.1887902047863905,5.802595941515392,-671.5491614429188,-604.7361306130854,1.010160641944766,1.0000220890814444,0.9642276190755551,1.0028008785673375,1.002033148173405,0.9986631615134594,0.9893152240909915,1.0006374967785374,1.0055325480572892,1.0175523126813037,0.9914948599783779,1.0721540818381894,1.0039142663755956,0.981455960967947,0.9829236819937156,1.10120172222759,0.9602878429970472,1.0059397741129419,0.9989936364899921,0.9969640662643349,0.9976230368476466,0.994621970735887,7.53e-5,-0.0024209870442815076,0.30699999999999994,0.5872523687443223,0.021932991552000625,0.14864469782560677,0.8517640143116617
0.5661711535058455,-0.0024992096541099477,4.4505895925855405,4.78790462120287,-671.0616319898334,-604.2287849529291,1.0098536684735995,1.000048984760314,0.9634918440792315,1.0026053488362652,1.0017522465044828,0.9988965298502582,0.9895264739832377,1.000613867081104,1.0060040043704224,1.01769156517297,0.9913039313730677,1.0718766822743264,1.0027796406721334,0.9815631791933159,0.9825673499550099,1.0908881349434543,0.9599605394738846,1.0050591498762063,0.9991688888091529,0.9973050621694994,0.9976523225415496,0.9948137690546447,7.53e-5,-0.0024239096541099478,0.30699999999999994,0.5872523687443223,0.02191322150364005,0.1485771921636538,0.8517640143116617
0.5661711535058455,-0.0025022170688068844,4.71238898038469,4.303104080127241,-670.8294861753516,-603.9863846823913,1.0095220343494307,1.0000731697789325,0.9648028081431048,1.0033421927129582,1.0018264247914734,0.9990076146311527,0.9897286507521453,1.000606454055958,1.0062166831746502,1.0177717185914261,0.991114398124095,1.0725095532292226,1.002289517684197,0.9816179534420166,0.9824582169189195,1.083983651550535,0.95989092902273,1.004697288378152,0.9992380368230513,0.9974128432893442,0.9976689645932695,0.9948872565681973,7.53e-5,-0.0024269170688068845,0.30699999999999994,0.5872523687443223,0.02191510649430548,0.14858362982711779,0.8517640143116617
0.5661711535058455,-0.0025051082336509352,4.974188368183839,4.323314271878189,-670.84114028115,-603.9964897782668,1.0091197361945397,1.0000951340606579,0.9680079608283662,1.004973617456725,1.0022526196673183,0.9989908886260902,0.9899273424272537,1.0006199358904466,1.006161631767066,1.0177889152814192,0.9909290033002259,1.0740143033858789,1.0024798654485578,0.9816172349056913,0.9826063193508122,1.0806507957402467,0.9601018188382479,1.004886591720482,0.9991945172294552,0.997279015547568,0.9976720566578429,0.9948373779762717,7.53e-5,-0.0024298082336509353,0.30699999999999994,0.5872523687443223,0.021938203214519697,0.14866248831236636,0.8517640143116617
0.5661711535058455,-0.0025077298727703853,5.235987755982989,4.9482996311789975,-671.1380314041285,-604.3089824579172,1.0086644911944682,1.000115582490127,0.9730257554796428,1.007368044501352,1.002999275215594,0.9988459894245304,0.9901282836440317,1.0006607418912414,1.0058412089318407,1.0177429031674623,0.9907656567049413,1.0762972354769058,1.0033410168700914,0.9815616678932427,0.9830055990440277,1.0810591449737639,0.9605787840042928,1.005615892531306,0.9990378565544521,0.9969101188319935,0.9976616317489215,0.9946669290831592,7.53e-5,-0.0024324298727703853,0.30699999999999994,0.5872523687443223,0.021981673488295255,0.14881079766924973,0.8517640143116617
0.5661711535058455,-0.0025099820067313247,5.497787143782138,6.376760776845003,-671.8042310418175,-605.0232130307502,1.0082352804025039,1.0001352757064368,0.9798295338470209,1.0103107755102452,1.004007871689284,0.9985783322749504,0.9903359994463875,1.0007340484245153,1.0052697318820665,1.017638238974605,0.990654875532738,1.0792134838199385,1.004817963507729,0.9814555947742142,0.9836343705946469,1.0853553703897274,0.9612720883522382,1.0068310901543849,0.9987747444893681,0.9963279887812534,0.9976386835828747,0.9943867456270886,7.53e-5,-0.0024346820067313248,0.30699999999999994,0.5872523687443223,0.022044211656374726,0.14902391053231676,0.8517640143116617
0.5661711535058455,-0.0025118114584667065,5.759586531581287,8.84424656803526,-672.9396019014872,-606.2569559263453,1.0079589916709915,1.0001546453380827,0.9883817697644205,1.0135265493137016,1.005196514938457,0.99820067773424,0.9905493175188329,1.0008406285819778,1.0044755574685185,1.017483697314891,0.990635141959894,1.0825750920009347,1.006813142813982,0.9813067482975498,0.9844552744312698,1.093614202227931,0.9620996739616563,1.0084391816874958,0.9984196283399277,0.9955692234291187,0.9976049996840599,0.9940151730860197,7.53e-5,-0.0024365114584667066,0.30699999999999994,0.5872523687443223,0.022123792957890877,0.14929467492318854,0.8517640143116617
0.5661711535058455,-0.0025131952121787153,6.021385919380437,12.534654426271345,-674.6207377292903,-608.1021598554634,1.0079891461460877,1.0001726569316611,0.9985594379989017,1.016720430267769,1.0064709347578087,0.9977321425340987,0.9907592947386599,1.0009755747050906,1.0035060419207278,1.0172828756530536,0.990742506707976,1.0861432449525277,1.009189829409178,0.981126421317823,0.9854167700673402,1.1057741259685843,0.9629672110539166,1.0103153747958897,0.9979936956472684,0.9946807009326766,0.9975634652110491,0.9935765689226952,7.53e-5,-0.0024378952121787154,0.30699999999999994,0.5872523687443223,0.022217400937994042,0.14961255468379556,0.8517640143116617
0.5661711535058455,-0.002514122639407769,6.283185307179586,17.482021343922725,-676.8570783162106,-610.575843314289,1.0084712732503536,1.000188167277141,1.0099446858365464,1.0195846036468197,1.0077155274168887,0.9972097164834397,0.9909320239135517,1.001125688421288,1.0024175055547395,1.0170704935838621,0.9910106025486098,1.0897143087200778,1.0117866299921094,0.9809244800715502,0.9864483060010968,1.1215318232477607,0.9637348707931492,1.0123129565850038,0.99752748921694,0.9937288898202461,0.9975155396701794,0.9931012726495814,7.53e-5,-0.002438822639407769,0.30699999999999994,0.5872523687443223,0.022320260654453403,0.1499610983335669,0.8517640143116617
0.5828065822141525,-0.0025305411573465337,0.0,19.775645055250607,-677.8424235117694,-611.722655169953,1.0073072470833226,1.0000548171790833,1.001409414294899,1.0159979333040137,1.007075975230088,0.9969287230147122,0.9832094367911732,1.001120945619925,1.0013022095479653,1.0177525947794932,0.9938663381872439,1.0882535272578786,1.0111393068835675,0.9784619834099932,0.9820997122331107,1.096386525835979,0.9517563145182196,1.0117997905375475,0.99736440558133,0.9934124472930699,0.9971638422359529,0.9923564758383567,7.53e-5,-0.0024552411573465337,0.30699999999999994,0.5872523687443223,0.022282743688238762,0.1498340619207443,0.8685880279979626
0.5828065822141525,-0.002530865440432968,0.2617993877991494,25.39471285188324,-680.3888376507027,-614.5321890682693,1.008277220934675,1.0000615397760366,1.0130210285746357,1.0184027131474176,1.0082300075349016,0.9963750272172037,0.9833279617132131,1.0012713847902042,1.000173762795096,1.0174983393099588,0.9942889889115851,1.0914265765264772,1.013709647710262,0.9782656556869062,0.9831203939395468,1.1147198330467212,0.9523928466192544,1.013740273156072,0.996891215861873,0.9924639226184226,0.997117158318838,0.9918842563218413,7.53e-5,-0.002455565440432968,0.30699999999999994,0.5872523687443223,0.022387319169496333,0.15018790593915782,0.8685880279979626
0.5828065822141525,-0.0025305858953773397,0.5235987755982988,31.59060085248848,-683.1724253742522,-617.6301330685719,1.0097679628305818,1.000056725980306,1.024277102755171,1.0201449814273533,1.009198483247979,0.9958375974995711,0.9833264051227361,1.0014068743947089,0.9990923861039802,1.0172714138299095,0.9948464735377123,1.0941733875433632,1.0161437489176162,0.9780644812090264,0.9840701668283507,1.135139773425569,0.9528806268338491,1.0155227599846581,0.996440759201258,0.991571021557665,0.9970717427303829,0.9914374116501603,7.53e-5,-0.0024552858953773397,0.30699999999999994,0.5872523687443223,0.022488036583556605,0.1505279331388393,0.8685880279979626
0.5828065822141525,-0.0025295768307696523,0.7853981633974483,37.682708453160785,-685.8940155296136,-620.6761868689081,1.0116355552210645,1.0000364478860835,1.0339620362491364,1.0211149112703373,1.0098980224270802,0.9953745242884883,0.9831877344277917,1.0015070714695251,0.9981300573718014,1.0170524562753112,0.995452018447264,1.0962110398229492,1.0182461404178995,0.9778909393901231,0.9848498694980449,1.155960872889415,0.9529519527942626,1.0169977262498942,0.9960571176573251,0.9908228539662582,0.9970273096678213,0.9910522994368218,7.53e-5,-0.0024542768307696523,0.30699999999999994,0.5872523687443223,0.022574683936070962,0.15081986424801488,0.8685880279979626
0.5828065822141525,-0.0025278412477653086,1.0471975511965976,42.85853651304387,-688.1925348934445,-623.2641008988496,1.0136736112798526,1.0000040571914284,1.041042030989787,1.0214211601896412,1.010342764853325,0.994995747793088,0.9829028683983481,1.0015717761180842,0.9973718945354978,1.0168462436075236,0.9960663858946107,1.0973803238372384,1.0198774599554024,0.9777492015762368,0.9854349148842296,1.1758740096812446,0.9529699598210116,1.0180940115898183,0.9957586060594449,0.9902439289704693,0.9969924327771361,0.9907533453108069,7.53e-5,-0.0024525412477653086,0.30699999999999994,0.5872523687443223,0.022639995980246744,0.15103955112928039,0.8685880279979626
0.5828065822141525,-0.002525290002293324,1.3089969389957472,46.344755794468256,-689.7366845403124,-625.0072105395618,1.0154870058034484,0.9999565727210907,1.0444164669315366,1.0211060672455066,1.0105062262926379,0.9947441599827065,0.9824778742955214,1.001587710682535,0.9968559033594592,1.0166902111497498,0.9965858633749498,1.0976593124158254,1.0209335811108455,0.9776427622373711,0.9857549606150989,1.1926815633710521,0.9528017183457268,1.0187546845516158,0.9955750335060964,0.9898951898864932,0.996963954491697,0.9905602699011248,7.53e-5,-0.002449990002293324,0.30699999999999994,0.5872523687443223,0.022675798635178553,0.15115984740009408,0.8685880279979626
0.5828065822141525,-0.0025220571663571736,1.5707963267948966,47.596692973851304,-690.2967310886714,-625.6331791292533,1.016756329933144,0.9999023019048771,1.0436067714431596,1.0202837009199075,1.0104060250630238,0.9946308164027232,0.9819838130748759,1.00155754133966,0.9966227736535551,1.0165819778674055,0.9969313112767786,1.0969999654766762,1.0213484561730153,0.9775810303772675,0.9857995351556207,1.2044794181149616,0.9525719199888036,1.0189635016690572,0.9955182989712837,0.989796627435005,0.9969451382674136,0.9904868321650413,7.53e-5,-0.0024467571663571736,0.30699999999999994,0.5872523687443223,0.022677924752522255,0.15116698819679064,0.8685880279979626
0.5828065822141525,-0.0025183926853673236,1.8325957145940461,46.44017660825216,-689.8017915065466,-625.0549209464538,1.0172626687622042,0.9998499568348312,1.0386860003738816,1.0190259136300037,1.010053308762662,0.9946645515367312,0.9815019175275141,1.0014855955924498,0.99668934581261,1.016541146270481,0.9970531921398161,1.095462309966814,1.021110925426318,0.9775705378735202,0.985583498580291,1.2096907265138783,0.952368761755448,1.0187334458583455,0.9955922277066631,0.98995642757875,0.996938025129191,0.9905399260339711,7.53e-5,-0.0024430926853673237,0.30699999999999994,0.5872523687443223,0.022646040187637623,0.15105986607172692,0.8685880279979626
0.5828065822141525,-0.0025146581126605618,2.0943951023931953,43.11266036141751,-688.3530619135789,-623.3911628230364,1.0169631649203628,0.9998079958638463,1.0302347277457764,1.0173570014046052,1.0094582120814428,0.9948412657580881,0.9811033017169126,1.001381181988847,0.9970515966376315,1.0165738414303802,0.9969491251403337,1.0931609790599004,1.0202465198319648,0.977611095129981,0.9851290850490707,1.2074726548307633,0.9521724255345417,1.0180904484821767,0.9957887238926936,0.9903600189540619,0.9969431088917332,0.9907145620105609,7.53e-5,-0.002439358112660562,0.30699999999999994,0.5872523687443223,0.022583606353139846,0.1508498944309764,0.8685880279979626
0.5828065822141525,-0.0025112326232918105,2.356194490192345,38.19019574566619,-686.1935509010398,-620.9299305151608,1.0159772442818926,0.9997816909750697,1.0193505996470438,1.0153084950343845,1.0086378424905054,0.9951509692552846,0.9808381528722077,1.0012552663973153,0.9976902088945783,1.01667039427695,0.9966672434662648,1.090232694893876,1.0188124065292818,0.9777097113198387,0.9844818647237263,1.198135118937303,0.9519458868000197,1.017064185787807,0.9960923446078768,0.9909799579732786,0.9969616566398048,0.991001841657534,7.53e-5,-0.0024359326232918106,0.30699999999999994,0.5872523687443223,0.022497561660050444,0.1505600517489723,0.8685880279979626
0.5828065822141525,-0.0025084868995201132,2.6179938779914944,32.43071461145132,-683.6425928108747,-618.0501899480533,1.0145743991025002,0.9997731301648495,1.0071673668731533,1.0129097100561895,1.0076298380819952,0.995561922464574,0.9807324951567973,1.0011234106040974,0.9985624808995242,1.0168347434230973,0.9962532131732884,1.0869085483870544,1.0169075775061083,0.9778524288641645,0.9836920430414842,1.1830913465393258,0.9517090215234806,1.0157071446140626,0.9964731342553449,0.9917575685186759,0.9969937880173323,0.9913777123512826,7.53e-5,-0.0024331868995201133,0.30699999999999994,0.5872523687443223,0.022396740327238707,0.15021974389558956,0.8685880279979626
0.5828065822141525,-0.0025066918364377174,2.8797932657906435,26.591206491834782,-681.0279187839642,-615.1304358882451,1.0130267097499666,0.9997815278778117,0.9948599168003105,1.0102369417536197,1.0064710618189978,0.9960579732593652,0.9807610478560068,1.000993660702368,0.9995983124709611,1.0170613482013704,0.9958122492974693,1.0834161268211604,1.0146454809953374,0.9780334750827558,0.9827934962789489,1.1641528756812232,0.9513128636171206,1.014069259264054,0.9969075819904465,0.9926517020424492,0.997035268077081,0.9918183548200246,7.53e-5,-0.0024313918364377175,0.30699999999999994,0.5872523687443223,0.02228979920462709,0.14985796061900575,0.8685880279979626
0.5828065822141525,-0.00250595993867227,3.141592653589793,21.276915793636135,-678.6170013898643,-612.4732905391458,1.0115902418560807,0.9998019264341013,0.9835060352854341,1.0074576912073432,1.0052466737610668,0.9965931644985794,0.9808958619809343,1.0008784839510758,1.0007274527349117,1.017308702380466,0.9953928321919749,1.0799634153538635,1.0121685922642516,0.9782407404617454,0.9818453486615674,1.1436066155945812,0.9507902551016978,1.0122398979839622,0.9973610380035757,0.9935900852136197,0.997084676598668,0.9922911741957228,7.53e-5,-0.00243065993867227,0.30699999999999994,0.5872523687443223,0.022185498641865944,0.1495042925427429,0.8685880279979626
0.5828065822141525,-0.0025063198909642975,3.4033920413889422,16.859025209429774,-676.5820597706795,-610.2643452470426,1.0104287126636882,0.9998295525803386,0.973796839371281,1.0047593189085289,1.004040064248461,0.9971311872566306,0.9810915856411142,1.0007829528716592,1.0018615984985404,1.0175682234192172,0.9950347132440183,1.0768072236111175,1.009643698295207,0.9784556359274756,0.9809022000775001,1.1233387558605488,0.9501672182623987,1.0103355136920729,0.9978044522090743,0.9945120826484886,0.9971373033530672,0.9927630863416382,7.53e-5,-0.0024310198909642975,0.30699999999999994,0.5872523687443223,0.022090609113046892,0.14918182942602642,0.8685880279979626
0.5828065822141525,-0.0025076507646719197,3.6651914291880923,13.467350935358809,-674.9929339058533,-608.5685081100071,1.0095960063625669,0.9998600570783012,0.9661899485231477,1.0023710362309592,1.0029434434755895,0.9976366795057,0.981309913229251,1.000708355994304,1.0029172630815204,1.017823277655146,0.9947483151963911,1.0741608659766102,1.0072432224544972,0.9786625301428225,0.9800234182870171,1.1046997904701867,0.9494876159840687,1.008491054538409,0.9982116831221598,0.9953598852050785,0.9971887090921542,0.9932025858013723,7.53e-5,-0.0024323507646719198,0.30699999999999994,0.5872523687443223,0.022010346436202963,0.14890854391942088,0.8685880279979626
0.5828065822141525,-0.002509776355455983,3.9269908169872414,11.041473340776975,-673.8358627902148,-607.3555693127162,1.0090558437858346,0.9998897405313911,0.960884764259788,1.000521406563811,1.0020483504769238,0.9980742545942315,0.9815249995323722,1.0006536494805476,1.0038242484581303,1.0180484871393738,0.9945187406804974,1.072190950898113,1.0051331757107766,0.9788470056478732,0.9792686613234326,1.0885479026382132,0.9488402206368456,1.0068485805055365,0.9985590302756803,0.9960778480273993,0.9972352316968237,0.993580107446947,7.53e-5,-0.002434476355455983,0.30699999999999994,0.5872523687443223,0.021948282818215585,0.1486968901014553,0.8685880279979626
0.5828065822141525,-0.0025124653562272853,4.1887902047863905,9.413802475218972,-673.0474426129933,-606.5417338799372,1.0087130831316446,0.999917131162504,0.9578715353554242,0.9994067570289571,1.0014285147661202,0.9984187703318473,0.9817319642738482,1.0006162446896667,1.0045287331329036,1.0182352792133644,0.9943191374082924,1.071023449802544,1.0034605237309762,0.9789965979278386,0.9786915169865239,1.0753343466076037,0.9483195493182979,1.0055383381666687,0.9988274229534914,0.996621635050412,0.9972737648259168,0.9938719063950534,7.53e-5,-0.0024371653562272853,0.30699999999999994,0.5872523687443223,0.021906497968393904,0.1485542275865437,0.8685880279979626
0.5828065822141525,-0.0025154718591669776,4.4505895925855405,8.398889921846603,-672.5527014487825,-606.034277603251,1.0084500113872334,0.9999411466091979,0.9570212114931056,0.9991635569329365,1.0011370814155889,0.9986508850026635,0.9819228833364663,1.0005947056460875,1.004992245923477,1.0183693827785505,0.9941339811500893,1.0707337069361609,1.002341623167874,0.9791010608211174,0.9783311635804386,1.0653141000918966,0.9479971883095306,1.0046671232412339,0.9990012512087593,0.9969564462548286,0.9973015526035885,0.9940586666765426,7.53e-5,-0.0024401718591669777,0.30699999999999994,0.5872523687443223,0.02188595549210304,0.1484840423605535,0.8685880279979626
0.5828065822141525,-0.0025185588060549872,4.71238898038469,7.869081988846574,-672.2984481385743,-605.769373636751,1.0081698295408084,0.9999621527667858,0.9581653137739531,0.9998495449757301,1.0011993817179505,0.9987600710290092,0.9821037855550663,1.0005903286579305,1.0051932112210538,1.018449882018495,0.9939523178543545,1.0713412500901422,1.0018546201832823,0.9791538662081614,0.9782141864879105,1.0586522037446229,0.9479262026198761,1.0043060517785802,0.999069188313086,0.9970610185671795,0.9973170787266566,0.9941289880120496,7.53e-5,-0.0024432588060549873,0.30699999999999994,0.5872523687443223,0.021886806457447342,0.14848695039969526,0.8685880279979626
0.5828065822141525,-0.0025215197628335735,4.974188368183839,7.802941035987487,-672.2750875470581,-605.7363031603214,1.0078310349751256,0.9999805265777091,0.9611611936666913,1.0014290767300125,1.001615058767151,0.9987385305610019,0.9822820447011369,1.0006077236103803,1.0051242747794833,1.0184613375902196,0.993772409289893,1.0728042004239715,1.0020345836268558,0.9791520678026957,0.9783503482759991,1.0555422961462149,0.9481420334224515,1.0044883782585035,0.9990246376611115,0.9969258251730942,0.9973193063141058,0.9940769382487116,7.53e-5,-0.0024462197628335736,0.30699999999999994,0.5872523687443223,0.021908664757692087,0.14856162874194997,0.8685880279979626
0.5828065822141525,-0.0025241967628486265,5.235987755982989,8.298440234512782,-672.5231456473473,-605.9840527595841,1.0074378033657747,0.9999971477039613,0.9659332712031096,1.0037765990527994,1.0023518537698364,0.9985883634048817,0.9824614322620716,1.0006523764847575,1.0047868454134568,1.0184155191214994,0.9936181718254633,1.0750394930752118,1.002872670101958,0.9790961039109722,0.9787343447296089,1.0561200871206216,0.9486153874557185,1.0052020517842188,0.9988676006510325,0.9965592306751601,0.9973084428135177,0.9939065482931576,7.53e-5,-0.0024488967628486266,0.30699999999999994,0.5872523687443223,0.021950737049661488,0.14870526524904923,0.8685880279979626
0.5828065822141525,-0.002526485231575619,5.497787143782138,9.54834700847141,-673.1235451404643,-606.6090061465634,1.0070627284986222,1.0000128400587691,0.9724519578595315,1.00668455378633,1.003353596481869,0.9983146845801241,0.9826500616217178,1.0007287866393997,1.0041977183037645,1.0183115180422195,0.9935172404052018,1.077898418197235,1.0043145371294848,0.9789903880695945,0.979344467894344,1.0605095081213234,0.9493016422053976,1.0063945520876298,0.9986048981409167,0.9959823724895188,0.9972854091171485,0.993628175888936,7.53e-5,-0.002451185231575619,0.30699999999999994,0.5872523687443223,0.02201173677010215,0.14891328199346263,0.8685880279979626
0.5828065822141525,-0.0025283246761069198,5.759586531581287,11.78114776916118,-674.1718217378238,-607.7254065269083,1.00681853408679,1.0000278201601946,0.980655180230283,1.009881863151686,1.004538560937996,0.9979316716046251,0.9828494546780243,1.0008368114046062,1.00338698349138,1.0181654778906852,0.9935052566119965,1.0812062612225108,1.0062654114110048,0.9788414882593793,0.980144853578282,1.0687582238491407,0.9501252668578709,1.0079754014545703,0.9982511987526484,0.9952319989329541,0.9972519902333956,0.9932603004107488,7.53e-5,-0.00245302467610692,0.30699999999999994,0.5872523687443223,0.022089610681853823,0.1491784328621397,0.8685880279979626
0.5828065822141525,-0.002529666140147891,6.021385919380437,15.177159254137678,-675.7419314570757,-609.4234122693965,1.006852839704434,1.0000424610633891,0.990412322335842,1.0130733030695462,1.0058103283392692,0.9974610723616482,0.9830508277885803,1.0009707183400116,1.0023992041264387,1.017973102102478,0.9936060596590328,1.0847320325630905,1.0085931845133964,0.9786651351385525,0.981086728779532,1.0808119600681023,0.9509679843222218,1.009823022687892,0.997829228012777,0.9943584093768743,0.9972106113702406,0.9928279396235795,7.53e-5,-0.002454366140147891,0.30699999999999994,0.5872523687443223,0.02218129345838569,0.1494900163555397,0.8685880279979626
0.5828065822141525,-0.0025305411573465337,6.283185307179586,19.775645055251744,-677.8424235117701,-611.7226551699536,1.007307247083324,1.0000548171790833,1.0014094142949217,1.0159979333040203,1.0070759752300902,0.9969287230147117,0.9832094367911722,1.0011209456199253,1.0013022095479656,1.0177525947794912,0.9938663381872483,1.0882535272578773,1.0111393068835628,0.9784619834099935,0.9820997122331081,1.0963865258359495,0.9517563145182161,1.0117997905375442,0.9973644055813301,0.9934124472930698,0.9971638422359531,0.992356475838357,7.53e-5,-0.0024552411573465337,0.30699999999999994,0.5872523687443223,0.022282743688238654,0.14983406192074394,0.8685880279979626
0.5993482670043292,-0.002548670965679636,0.0,27.10306124109684,-681.0077594448499,-615.3863632628761,1.0059684951751395,0.9999113144087908,0.992855977210608,1.0122286424914892,1.006405144264105,0.9966374900643974,0.9720464716320348,1.0010889766829896,0.9998610239501252,1.0184336117852042,0.997070429442745,1.086838565122647,1.0105808528800204,0.9753311909666253,0.9766603844066107,1.0705278442965902,0.9374274586861611,1.011348435796823,0.9972218283995511,0.9931429026017956,0.9966908207147149,0.9914179091078225,7.53e-5,-0.002473370965679636,0.30699999999999994,0.5872523687443223,0.022259724052437698,0.149756063262624,0.8854120416842637
0.5993482670043292,-0.0025489074559111166,0.2617993877991494,32.35468907918312,-683.4081332806854,-618.0121771819192,1.006866029355583,0.9999159208108029,1.0040072746535575,1.014696599488455,1.0075734661647973,0.9960824926619657,0.9721603237781659,1.0012356936084768,0.9987249643343457,1.0181990437974535,0.9974739775687153,1.0900140349855454,1.0131006784905676,0.9751312629855617,0.9776633548603173,1.0885362204539,0.938057769503821,1.0132664666893836,0.9967543289456274,0.9922102932415553,0.9966444715051815,0.9909523594856249,7.53e-5,-0.0024736074559111166,0.30699999999999994,0.5872523687443223,0.022362580041590217,0.15010427110248836,0.8854120416842637
0.5993482670043292,-0.0025485099971889343,0.5235987755982988,38.18012313659074,-686.0457136482812,-620.924894210623,1.0082416808149348,0.9999109917911494,1.0148350955732135,1.0165135325811374,1.0085549014242357,0.995549342515118,0.9721778524306963,1.0013654865720807,0.9976403378155132,1.01796844008262,0.9979995240368118,1.0927054456292584,1.015478329473883,0.9749389059894273,0.978595413962369,1.1082830532826813,0.9384752249926033,1.0150219667772356,0.9963125879534269,0.9913399197567382,0.9965996063391156,0.9905153276778288,7.53e-5,-0.0024732099971889344,0.30699999999999994,0.5872523687443223,0.02246135353448643,0.1504379223495865,0.8854120416842637
0.5993482670043292,-0.002547390309972972,0.7853981633974483,43.943647893856905,-688.6348297195836,-623.8066565892561,1.0099886291838014,0.9998932615083732,1.0242594602462605,1.0176118687002538,1.0092927765172477,0.995077846154571,0.9720649813037404,1.0014647906231136,0.9966870641997932,1.017749866014788,0.9985943703238085,1.094709340515766,1.0175429002277239,0.9747669804919868,0.9793822086230679,1.1284384415676474,0.9386572044012401,1.016492642038559,0.9959297488907541,0.9905936385111249,0.9965588876642667,0.9901368118608496,7.53e-5,-0.002472090309972972,0.30699999999999994,0.5872523687443223,0.022547492918518784,0.15072831165524786,0.8854120416842637
0.5993482670043292,-0.002545497105763147,1.0471975511965976,48.88180390095113,-690.8390652827595,-626.2757345928032,1.0118782428561417,0.9998622549358914,1.0311475423818504,1.01800715433626,1.0097555288310085,0.994704798015935,0.971808373486423,1.001523828233472,0.9959324212503975,1.017560204238254,0.9991687434978213,1.095906942579233,1.0191536280971607,0.9746272838483699,0.9799671983295666,1.1475029717176632,0.9386484157990009,1.0175901999097041,0.9956368110875347,0.9900293727537873,0.9965245044886732,0.9898444462134877,7.53e-5,-0.002470197105763147,0.30699999999999994,0.5872523687443223,0.02261241946802597,0.15094683119144553,0.8854120416842637
0.5993482670043292,-0.002542820271251744,1.3089969389957472,52.26237457231173,-692.3427297541939,-627.9660199284835,1.0135731585722476,0.9998187483402464,1.034551664532711,1.017772548699345,1.0099373708555803,0.9944561589238337,0.9714228753899624,1.001536839764819,0.9954281635847239,1.0174110411171664,0.9996567458799809,1.0961988609307642,1.0202004385407482,0.9745250184954095,0.9802988501076115,1.1634624037544223,0.9384936571223764,1.0182581852097727,0.9954555299193311,0.9896869124273091,0.9964978151115006,0.9896568543546342,7.53e-5,-0.002467520271251744,0.30699999999999994,0.5872523687443223,0.022648820217833012,0.15106920903029702,0.8854120416842637
0.5993482670043292,-0.0025395161462070212,1.5707963267948966,53.562073129380224,-692.9245057627763,-628.6158692070178,1.0147790726655315,0.9997718309641268,1.033985282561478,1.0170043147989443,1.009847442719351,0.9943470707208608,0.9709676916142923,1.0015052784554446,0.9952113451055767,1.0173020807655302,0.999987489785876,1.0955694855160067,1.0206187051514553,0.9744706665492349,0.9803651177141293,1.174680127807764,0.9382811264946767,1.0184770796546438,0.9954004640807501,0.989592568182072,0.9964809971650944,0.989588526674288,7.53e-5,-0.0024642161462070213,0.30699999999999994,0.5872523687443223,0.02265238326125688,0.15108118267378362,0.8854120416842637
0.5993482670043292,-0.0025357826692158202,1.8325957145940461,52.60172606307174,-692.5112094341232,-628.1356956738636,1.0152523171832564,0.9997238567069158,1.029441245124144,1.0157632457575154,1.0094965643464622,0.9943852635477887,0.9705148357580317,1.0014319222855235,0.9952937712862662,1.0172693459199733,1.0000945916902784,1.0940816716396036,1.0204002575301372,0.9744619329170966,0.9801690861728264,1.1794666924326247,0.9380853921055832,1.0182598868004535,0.9954730375090601,0.9897500748490823,0.9964751405844663,0.989643007581284,7.53e-5,-0.0024604826692158203,0.30699999999999994,0.5872523687443223,0.022622592160532678,0.15098104105096477,0.8854120416842637
0.5993482670043292,-0.0025320177699124967,2.0943951023931953,49.58872922405362,-691.1917022122213,-626.6291972543545,1.0149651705705516,0.9996866056414208,1.021514241209327,1.014093803412273,1.0088987412297215,0.9945661598921605,0.9701395366741374,1.0013272616197626,0.9956752558073769,1.017297289491066,0.999992109648341,1.091825479359181,1.0195614310776948,0.9745065143537694,0.9797373198788202,1.177219575062214,0.9378870148900135,1.0176265944688447,0.9956671521803279,0.9901481310638363,0.9964814661415231,0.9898177648876847,7.53e-5,-0.002456717769912497,0.30699999999999994,0.5872523687443223,0.022562704611824243,0.1507795363125706,0.8854120416842637
0.5993482670043292,-0.0025286001202030704,2.356194490192345,45.05249602404774,-689.1891312649445,-624.3610806543516,1.0140300658553467,0.9996639341983278,1.0111494854992178,1.0120207982811598,1.0080729694830668,0.9948775539624514,0.9698943668822146,1.001201986501661,0.996331134423615,1.017396788128748,0.9997130457644615,1.088964220539344,1.018164467669082,0.9746014029784378,0.9791070153249953,1.1681147395325833,0.937661888514868,1.0166129881448556,0.9959652738305554,0.9907550850058922,0.9965002961906236,0.9901004789166157,7.53e-5,-0.0024533001202030704,0.30699999999999994,0.5872523687443223,0.022479261877110614,0.15049833889916037,0.8854120416842637
0.5993482670043292,-0.0025258801319963924,2.6179938779914944,39.699702642852344,-686.8032652188663,-621.6846839637539,1.012675093275514,0.999657689825982,0.9994794321849609,1.0095887871148188,1.0070513306344302,0.9952978856944208,0.9697868510729934,1.0010686365179924,0.9972146591277186,1.0175655639013588,0.9993275740101752,1.0857051482573534,1.016300217414627,0.9747423397000305,0.9783260862383736,1.1534382398911827,0.9373754175274989,1.015264494760753,0.9963434613248029,0.991526434073394,0.9965311600607922,0.9904721679067394,7.53e-5,-0.0024505801319963925,0.30699999999999994,0.5872523687443223,0.022380669647855553,0.15016543053741874,0.8854120416842637
0.5993482670043292,-0.0025241289642497235,2.8797932657906435,34.24250056657206,-684.3414044527185,-618.9560829256137,1.0111856664745498,0.9996673507596925,0.9876781146757287,1.006897920553154,1.0058904579782242,0.9957939096771296,0.9698088111169632,1.000940350894044,0.9982645855655403,1.0177745665892297,0.998905990789437,1.0822558886631373,1.0140834032304402,0.9749210870641662,0.9774415236134844,1.1351315979256447,0.9369826906503886,1.0136425454289248,0.996772032706722,0.9924041805526836,0.9965722183686073,0.9909056656336955,7.53e-5,-0.0024488289642497236,0.30699999999999994,0.5872523687443223,0.022275947196060436,0.14981103710208457,0.8854120416842637
0.5993482670043292,-0.002523467234084209,3.141592653589793,29.25463705717948,-682.0583215314228,-616.4621511709174,1.0097983166537203,0.9996880754026876,0.9766786459374754,1.0040874971020803,1.004658167634156,0.9963330052005378,0.9699294018887943,1.0008254505011565,0.9993996141020215,1.0180208027247335,0.9985083333520056,1.0788681988448328,1.0116581517016103,0.9751226736814513,0.9765021793469695,1.1152008594192568,0.9364541937643488,1.0118345972927578,0.9972212242888328,0.9933297267881257,0.9966198080993341,0.9913706368820524,7.53e-5,-0.0024481672340842093,0.30699999999999994,0.5872523687443223,0.022173176516826855,0.1494624563910213,0.8854120416842637
0.5993482670043292,-0.0025238981016050964,3.4033920413889422,25.09096408911614,-680.1196420925291,-614.3803146868858,1.0086748570024968,0.9997153710786059,0.9672171400288189,1.0013581302912875,1.0034433400513763,0.9968752482012171,0.9701086562928704,1.0007300212090804,1.0005359149100044,1.018280724545454,0.9981674235972683,1.075768510310758,1.0091853164051297,0.9753319876026434,0.9755661474206447,1.0954920968496955,0.9358236958726006,1.0099553378923953,0.9976611243762994,0.9942398483541064,0.9966702987542765,0.9918346097683074,7.53e-5,-0.0024485981016050965,0.30699999999999994,0.5872523687443223,0.022079296994009928,0.14914334232765464,0.8854120416842637
0.5993482670043292,-0.002525313820120737,3.6651914291880923,21.878004765685773,-678.5945375288604,-612.7738350251706,1.0078744681530987,0.9997448299210806,0.9597540072649009,0.9989362715118634,1.002340285125533,0.9973818201827798,0.9703059850496569,1.0006561322640928,1.0015908119201815,1.0185267785639491,0.9978944363301129,1.0731550324027208,1.0068327805790627,0.9755347326331815,0.9746934550076185,1.0773385867284202,0.9351502740141622,1.0081376252002159,0.998064796906325,0.9950746624084729,0.9967197579482597,0.9922658575549863,7.53e-5,-0.002450013820120737,0.30699999999999994,0.5872523687443223,0.021999542242428866,0.14887171966983165,0.8854120416842637
0.5993482670043292,-0.0025275368025617197,3.9269908169872414,19.56096943200282,-677.4722815754873,-611.6153173583291,1.0073695099881628,0.9997741681300119,0.9544883862089694,0.9970513527935411,1.0014367709307597,0.997821533499472,0.970506664865671,1.0006027316572785,1.002496757650761,1.0187560601282288,0.9976742933371167,1.071204834086945,1.004763826355763,0.9757134973370662,0.9739417393454387,1.061547501934943,0.9345174384529211,1.0065191159255602,0.998409198818078,0.9957816011536448,0.9967644763644689,0.9926362539941953,7.53e-5,-0.0024522368025617198,0.30699999999999994,0.5872523687443223,0.021937514400105697,0.14866013709983333,0.8854120416842637
0.5993482670043292,-0.0025303162284006364,4.1887902047863905,17.982309581799655,-676.6953106818191,-610.8259874332275,1.007060917554557,0.9997994096916081,0.9514258919098759,0.9958895638001041,1.0008070045050523,0.9981656475589895,0.970695008634117,1.000567107462773,1.0031947016696363,1.0189378935420155,0.9974810685522901,1.070041086523116,1.0031227952689499,0.9758604476379729,0.9733661196083279,1.0486805162815724,0.9340084148450984,1.0052287346289968,0.9986751788966348,0.9963161520737999,0.9968014077240995,0.9929218001902669,7.53e-5,-0.0024550162284006365,0.30699999999999994,0.5872523687443223,0.021895309750736773,0.14851600602147275,0.8854120416842637
0.5993482670043292,-0.0025334073022422795,4.4505895925855405,16.967061724151108,-676.1937248338945,-610.3183635044032,1.006835934827928,0.9998205766731553,0.9504619821013702,0.9955950259117199,1.0005037308576525,0.998397116218208,0.9708637578696732,1.000548095283305,1.003648534000955,1.0190749238881507,0.9972994204224995,1.0697444924794073,1.0020233912468404,0.9759621833783999,0.9730040941442165,1.0389590411772267,0.9336949209592715,1.004369387682148,0.9988471897856305,0.996644851943961,0.9968279313340679,0.993104141516754,7.53e-5,-0.0024581073022422796,0.30699999999999994,0.5872523687443223,0.021874023068249607,0.148443259371244,0.8854120416842637
0.5993482670043292,-0.0025365747931160813,4.71238898038469,16.3954163198282,-675.9187115244481,-610.0325408022418,1.0066085149255766,0.9998377444240314,0.9514295484214238,0.9962193267300946,1.0005540552239913,0.9985018330388353,0.9710227042426793,1.0005472823137354,1.0038379899908245,1.0191467602265243,0.9971193785602086,1.0703204615493849,1.001540368831613,0.976012652201176,0.9728784169205563,1.0325654954691623,0.9336347890277266,1.0040110648351268,0.9989135581935041,0.9967446988382289,0.9968422001669657,0.993170286820169,7.53e-5,-0.0024612747931160813,0.30699999999999994,0.5872523687443223,0.021873780842007227,0.14844243137066124,0.8854120416842637
0.5993482670043292,-0.0025396075796095523,4.974188368183839,16.249142046171983,-675.8626228940993,-609.9594036654137,1.006327986449756,0.9998523088879946,0.9542116187709436,0.9977374142676854,1.000956310185704,0.9984761194560577,0.9711789812860807,1.0005686207711324,1.003754276774159,1.0191589104736236,0.9969469192752599,1.0717383473191895,1.0017092428709355,0.9760093251607901,0.9730020174443462,1.0296607118243584,0.9338479678527024,1.0041844040510337,0.9988683464784668,0.9966092894674039,0.9968437059355358,0.9931168434589273,7.53e-5,-0.0024643075796095524,0.30699999999999994,0.5872523687443223,0.02189431177506663,0.1485125962397497,0.8854120416842637
0.5993482670043292,-0.0025423484525758603,5.235987755982989,16.624168058049236,-676.0651686242593,-610.1469166713523,1.0060052033957791,0.9998659309838244,0.9587390055011104,1.0000277801098332,1.0016812824882784,0.9983200330717503,0.9713385153096427,1.0006173201356543,1.0033985981082056,1.0191079971614703,0.996800824002034,1.0739218585566626,1.0025227074228318,0.9759540770794575,0.9733711830674279,1.0304465512205134,0.9343123980311115,1.004880724435845,0.9987118322964552,0.9962463004168524,0.9968323057401764,0.9929467531371766,7.53e-5,-0.0024670484525758604,0.30699999999999994,0.5872523687443223,0.02193489076571081,0.14865118120460818,0.8854120416842637
0.5993482670043292,-0.0025446694677672957,5.497787143782138,17.707088195785218,-676.6039145295786,-610.6883767402203,1.00567840641286,0.9998771289638453,0.9649705160615597,1.0028922683712356,1.0026719555797414,0.9980424444133941,0.9715162217520172,1.0006961979140216,1.002794076747132,1.0190155828302803,0.9967037611697187,1.076721626508869,1.0039255556473967,0.9758479737253748,0.9739631775192964,1.0349244669592979,0.9349868303559824,1.006045061886912,0.9984509728655406,0.9956777183186045,0.9968093756200876,0.9926718202683887,7.53e-5,-0.0024693694677672957,0.30699999999999994,0.5872523687443223,0.021994204258299278,0.14885352280012012,0.8854120416842637
0.5993482670043292,-0.0025465180535700787,5.759586531581287,19.71905900603997,-677.5702343911089,-611.6943621453477,1.0054845024832286,0.9998893043195035,0.9728604397406714,1.0060679478146366,1.0038544685021393,0.997651631074474,0.9716961235004096,1.0008062903992883,1.00196661012246,1.0188562981412406,0.996698288513384,1.0799509360276782,1.005826997934207,0.9757020217606732,0.9747430650954904,1.0432306958700386,0.9357994030787969,1.007594465905805,0.9980999655064733,0.9949365325887443,0.9967763205817081,0.9923077494559457,7.53e-5,-0.0024712180535700788,0.30699999999999994,0.5872523687443223,0.02207034055292189,0.1491128630905694,0.8854120416842637
0.5993482670043292,-0.0025478651831616858,6.021385919380437,22.836431437051033,-679.0345859370331,-613.2530483608532,1.0055372599477173,0.9999013562486986,0.9822676108447043,1.009272077370066,1.0051316657402551,0.9971739435059813,0.9718790987900958,1.0009407023574113,1.0009663119769636,1.018659805843464,0.9968152889366636,1.0834076311407659,1.0080983120457172,0.9755261211438678,0.9756633652353544,1.0552184482801683,0.936641824821915,1.009408618792886,0.9976813540794185,0.9940735819018123,0.9967357244155644,0.9918804895741551,7.53e-5,-0.002472565183161686,0.30699999999999994,0.5872523687443223,0.022160293702686643,0.1494187044343112,0.8854120416842637
0.5993482670043292,-0.0025486709656796277,6.283185307179586,27.103061241093656,-681.007759444848,-615.3863632628745,1.0059684951751369,0.9999113144087907,0.9928559772105998,1.012228642491487,1.0064051442641047,0.9966374900643973,0.9720464716320327,1.0010889766829896,0.9998610239501247,1.018433611785206,0.9970704294427435,1.0868385651226482,1.010580852880023,0.975331190966624,0.9766603844066111,1.0705278442966226,0.9374274586861615,1.011348435796825,0.9972218283995508,0.9931429026017949,0.9966908207147147,0.9914179091078219,7.53e-5,-0.0024733709656796278,0.30699999999999994,0.5872523687443223,0.02225972405243777,0.14975606326262425,0.8854120416842637
0.6157774813174082,-0.002567302493200366,0.0,40.852880589377946,-686.8722073689573,-622.2612729370167,1.0045628645147682,0.9997641928335512,0.9842513336673807,1.0083089468386193,1.0057035174345046,0.996345459476636,0.9569653946672627,1.0010391690553904,0.9980740953071848,1.0190985450354455,1.0003805148027227,1.0855935313369034,1.0101173194941186,0.9715517534998259,0.97012241031266,1.0455394948549424,0.9209506905568496,1.0109659366556634,0.997100896247188,0.9929231252238927,0.9960950903660712,0.9902841780545114,7.53e-5,-0.002492002493200366,0.30699999999999994,0.5872523687443223,0.0222508109863296,0.14972585206219097,0.9022360553705646
0.6157774813174082,-0.0025674489363025853,0.2617993877991494,45.75402840095262,-689.1340865551037,-624.711846842804,1.005397568366434,0.9997677548560978,0.9949782709856909,1.010833392646176,1.0068819191507952,0.9957915328503409,0.95708621888633,1.0011815669031756,0.9969343017221307,1.0188734420616823,1.0007709457348033,1.0887167943283251,1.012574248616536,0.9713549486682884,0.9711087606562315,1.0631377376728108,0.9215607026033484,1.0128485274430734,0.9966413315083611,0.9920104431328519,0.9960499092155045,0.9898282550471276,7.53e-5,-0.0024921489363025854,0.30699999999999994,0.5872523687443223,0.022351643824542515,0.150067284950052,0.9022360553705646
0.6157774813174082,-0.002566929214275202,0.5235987755982988,51.223690896480775,-691.6291320493746,-627.4466780905681,1.0066674909675313,0.9997624789969753,1.0054446981175738,1.0127404850255377,1.0078837019877736,0.9952581506768311,0.957113990747251,1.001307036604702,0.9958515000015392,1.0186415421098338,1.0012742663039658,1.091360376212029,1.0148949206623994,0.9711672573283473,0.9720303223337842,1.0823411665163287,0.9219737440878027,1.0145773269963152,0.996206803697283,0.991157227721415,0.9960067431390776,0.9894004328323858,7.53e-5,-0.002491629214275202,0.30699999999999994,0.5872523687443223,0.02244882635250447,0.15039564598484967,0.9022360553705646
0.6157774813174082,-0.0025656755633281696,0.7853981633974483,56.66898994978351,-694.0900952315176,-630.1693276172194,1.0082864906707394,0.9997467387059892,1.0145621566826877,1.0139351365935692,1.0086414401475456,0.9947901754622808,0.957021175580486,1.0014013682453196,0.9949014538377596,1.0184328025985077,1.0018394743122745,1.0933576180219076,1.0169167444407303,0.9710007712284475,0.9728168235600735,1.1018533073676784,0.9221645262600389,1.016032726531896,0.995831741802299,0.9904293404976526,0.9959676967190286,0.9890318793937358,7.53e-5,-0.0024903755633281697,0.30699999999999994,0.5872523687443223,0.022533768581379808,0.15068208111186776,0.9022360553705646
0.6157774813174082,-0.002563643193495567,1.0471975511965976,61.373709680185584,-696.2006708369981,-632.5216874824205,1.0100343411795776,0.9997183570683935,1.021297118703723,1.0144293578315595,1.009126846629258,0.9944190326513878,0.9567977016756671,1.0014559651692014,0.9941563220844097,1.0182442455691507,1.0023841040926862,1.0945422514478491,1.018495526105866,0.970865057447477,0.9734023286673944,1.1200813887094874,0.9221486279658638,1.0171233673993867,0.9955435898249743,0.9898763310501091,0.9959349244212952,0.9887464275444131,7.53e-5,-0.002488343193495567,0.30699999999999994,0.5872523687443223,0.02259824136116748,0.15089913893812507,0.9022360553705646
0.6157774813174082,-0.0025608487817038858,1.3089969389957472,64.6457504446596,-697.6610860292535,-634.1577078646575,1.0116163340064699,0.9996794153215488,1.0247172942788705,1.014274996628127,1.009325721242909,0.994174459077775,0.9564502266385424,1.0014656516359464,0.9936635994258428,1.0181044975834077,1.0028450527989725,1.0948626692206713,1.0195306573000205,0.9707662576594235,0.9737453216752118,1.1352900885704211,0.9220051356468507,1.0177957651423224,0.9953658705837688,0.9895425098520834,0.9959097713527675,0.9885648582447253,7.53e-5,-0.002485548781703886,0.30699999999999994,0.5872523687443223,0.022635089199043237,0.1510230571960823,0.9022360553705646
0.6157774813174082,-0.002557433770672727,1.5707963267948966,65.98339171342582,-698.2595314950015,-634.8265284990406,1.0127367143918893,0.9996361461662369,1.0243174956309284,1.0135531159126474,1.0092439046930979,0.9940718831269765,0.9560314344749313,1.0014306774712263,0.9934584618461776,1.0180177386770368,1.0031439039292378,1.0942854126408181,1.0199565879440964,0.9707121209542332,0.9738256007513493,1.1457611989343677,0.9218037706272448,1.0180262621867733,0.9953118266118127,0.9894519911358425,0.9958940182387739,0.9885000457560541,7.53e-5,-0.002482133770672727,0.30699999999999994,0.5872523687443223,0.02263990623975161,0.1510392494861549,0.9022360553705646
0.6157774813174082,-0.0025536445345246423,1.8325957145940461,65.20383862085009,-697.9217096157427,-634.4367519527527,1.013187815317421,0.999594901240164,1.0201748653769227,1.0123482555879955,1.0089019425513939,0.9941103042294933,0.9556214837542755,1.0013581422608748,0.9935634509359198,1.0179699602155718,1.0032438331064493,1.0928081088006842,1.0197483787101478,0.9707093066283511,0.973650433665415,1.1501279935945417,0.9216226718684478,1.0178185462352662,0.9953816651980267,0.9896031825503889,0.9958903273643775,0.9885555425460822,7.53e-5,-0.0024783445345246424,0.30699999999999994,0.5872523687443223,0.02261223478736192,0.15094621005734432,0.9022360553705646
0.6157774813174082,-0.002549837351368079,2.0943951023931953,62.48660955067635,-696.7235812374518,-633.0781374176659,1.0129085271430316,0.9995619844414159,1.012722091486686,1.010682705363991,1.0083034367642332,0.9942952248896644,0.9552732129199836,1.0012531913932965,0.9939626948666697,1.018000917794182,1.0031420971473144,1.0906049516568566,1.0189380122406622,0.9707542921039032,0.9732363614524197,1.1477136527290022,0.9214198638114235,1.017198632717541,0.9955718169712091,0.9899929497439491,0.9958974283653632,0.9887285201629054,7.53e-5,-0.002474537351368079,0.30699999999999994,0.5872523687443223,0.022554877115155456,0.1507531796955592,0.9022360553705646
0.6157774813174082,-0.0025464133337305306,2.356194490192345,58.31683029783085,-694.8706403585784,-630.9932477912431,1.0120097209258105,0.9995431869133036,1.0028553932032023,1.008592388606806,1.0074690087696245,0.994614441528701,0.9550308471525005,1.0011269613191132,0.9946290980920311,1.0181112449992997,1.0028839128510125,1.087829478491958,1.0175820874770811,0.9708505312294549,0.9726279186631386,1.1388536381553336,0.9211972751395228,1.01620035390676,0.9958669271319655,0.9905937125148456,0.9959163371261187,0.9890095816620627,7.53e-5,-0.0024711133337305307,0.30699999999999994,0.5872523687443223,0.022474019585932693,0.15048065565796048,0.9022360553705646
0.6157774813174082,-0.0025437214823347356,2.6179938779914944,53.3519090609725,-692.6419510403296,-628.5107871728139,1.0107015091554863,0.9995377119818954,0.9917434061882977,1.0061517855463664,1.0064474769514924,0.995034565261646,0.9549225856711462,1.0009947782478141,0.9955267755472729,1.0182653246756994,1.0025123715961328,1.0846311229373578,1.015764180412273,0.9709889162466935,0.9718626428658068,1.1246824405374996,0.9209123880433472,1.014871121204919,0.9962380479969664,0.9913480516124301,0.9959468457584809,0.9893741020147355,7.53e-5,-0.0024684214823347357,0.30699999999999994,0.5872523687443223,0.022378242927009653,0.15015722740163878,0.9022360553705646
0.6157774813174082,-0.0025420128000481815,2.8797932657906435,48.260526203484915,-690.3272625995738,-625.9650957440701,1.009262861697769,0.9995479431976186,0.9803711527620312,1.0034361920198882,1.0052794758979284,0.9955355745778361,0.9549399701206707,1.0008668546113777,0.9965842749194956,1.0184805295082169,1.0021140077629782,1.081261413601097,1.0136013234519372,0.9711625940580493,0.9709890232903489,1.1069024717970708,0.9205075143700618,1.0132718161264218,0.9966607772750807,0.9922117028890312,0.9959864538351454,0.9898001423110876,7.53e-5,-0.0024667128000481816,0.30699999999999994,0.5872523687443223,0.02227567506168249,0.1498101151072894,0.9022360553705646
0.6157774813174082,-0.0025414182756315845,3.141592653589793,43.5856363667117,-688.1679555251105,-623.6276508256835,1.0079245045606267,0.9995692052731218,0.9697357008989007,1.000606203717421,1.004044039464449,0.9960764339344699,0.9550474090169114,1.0007531472029398,0.9977250093607075,1.0187216898363582,1.0017384104246374,1.0779365854512242,1.0112325791686163,0.9713592590192102,0.970059946251503,1.0875615324859824,0.9199823195659279,1.0114917291621546,0.9971035633271661,0.9931203554746809,0.9960324977126136,0.990256199918636,7.53e-5,-0.0024661182756315846,0.30699999999999994,0.5872523687443223,0.022174694865937917,0.1494676121124937,0.9022360553705646
0.6157774813174082,-0.002541920727735909,3.4033920413889422,39.66601485356091,-686.3230726780237,-621.6678400691081,1.0068422271235964,0.9995973381290667,0.9605260521046414,0.9978557562011109,1.0028238896788837,0.9966224081775372,0.9552153243351109,1.0006586612054735,0.9988625240386513,1.018983719758988,1.0014142526837908,1.0748975955164086,1.0088173051721157,0.9715641210687473,0.9691333121900795,1.0683943204142918,0.9193405918619804,1.0096435747503787,0.9975383851483297,0.9940160906167543,0.9960810493193173,0.9907118016579184,7.53e-5,-0.002466620727735909,0.30699999999999994,0.5872523687443223,0.022082019396077995,0.14915260560666213,0.9022360553705646
0.6157774813174082,-0.0025434365693095254,3.6651914291880923,36.62494332627102,-684.8603282814195,-620.1473043054632,1.0060807555039488,0.9996259451659342,0.9532152995621033,0.9954058547314018,1.001720187467133,0.9971254728370093,0.9553859410986918,1.0005869876911693,0.9999181788343752,1.019214303634793,1.0011547521346431,1.0723152299415224,1.0065178443117448,0.9717602596990291,0.9682648460417497,1.0507234043510028,0.9187058808507319,1.007859338147958,0.9979356932166444,0.994832039409421,0.9961287037847067,0.991132492619707,7.53e-5,-0.0024681365693095254,0.30699999999999994,0.5872523687443223,0.02200302892044193,0.1488836043822326,0.9022360553705646
0.6157774813174082,-0.0025457493703771312,3.9269908169872414,34.41322832846572,-683.7734842925054,-619.0414468065605,1.0056066760609919,0.9996538748787699,0.9480063654485189,0.9934903943692983,1.0008119897689511,0.9975647630169169,0.9555738882505412,1.0005355224258636,1.0008239274949855,1.0194406605328437,1.0009447897800217,1.070379900859539,1.0044942224148816,0.9719349157191138,0.9675183078224807,1.0353003568189687,0.9181058390984891,1.0062698179524947,0.9982755450975263,0.9955247642737691,0.9961719872328253,0.9914950921479995,7.53e-5,-0.0024704493703771313,0.30699999999999994,0.5872523687443223,0.02194120522804764,0.1486727350225014,0.9022360553705646
0.6157774813174082,-0.0025486224907176444,4.1887902047863905,32.88327729177763,-683.0084176265752,-618.2764712882165,1.005325642483157,0.999676346536495,0.9448933732559733,0.9922795322999772,1.000172483375664,0.9979079723680883,0.9557349926657512,1.0005018907739949,1.0015109105471776,1.019619263371691,1.0007497698019217,1.069233811483142,1.0028900524981694,0.9720791437784781,0.9669442685048105,1.0228100795434485,0.917590331217299,1.0050041290562024,0.9985384494163924,0.9960494282842405,0.9962071816695307,0.9917739870969877,7.53e-5,-0.0024733224907176445,0.30699999999999994,0.5872523687443223,0.021898667156815325,0.1485274767072828,0.9022360553705646
0.6157774813174082,-0.002551805554366348,4.4505895925855405,31.870479519030596,-682.5018323846069,-617.770072401843,1.005145475588123,0.999694466101233,0.943803101283233,0.991922163502078,0.999858421199701,0.9981349429564313,0.9558788809999758,1.0004860845177581,1.0019537192917705,1.0197405840153042,1.0005718505033978,1.0689169007783519,1.0018112661684178,0.9721786685139328,0.9665779970195281,1.0133951448324796,0.9173003261690352,1.004159391685105,0.9987075983015377,0.9963692698981178,0.9962320449976573,0.9919499168956354,7.53e-5,-0.002476505554366348,0.30699999999999994,0.5872523687443223,0.021876592315180736,0.14845204153749908,0.9022360553705646
0.6157774813174082,-0.0025550676560260814,4.71238898038469,31.262678483261197,-682.2085933806325,-617.4661718839583,1.004973189349772,0.9997101423186985,0.9446248060597807,0.9924933862036642,0.9998952879913628,0.9982390833954333,0.9560214298353393,1.0004890568752571,1.0021295268012376,1.0198239061609267,1.000398280092607,1.069479472774553,1.0013359908331085,0.9722263072601307,0.9664468601317422,1.0072682967345516,0.9172194699228275,1.0038044245346134,0.9987728569963953,0.9964671118911138,0.9962451775181796,0.992013627040825,7.53e-5,-0.0024797676560260815,0.30699999999999994,0.5872523687443223,0.02187539054904388,0.14844793373897108,0.9022360553705646
0.6157774813174082,-0.0025581822374475993,4.974188368183839,31.044624368182212,-682.1237276524711,-617.3571448264188,1.0047590176266206,0.9997213761371556,0.9471941533573924,0.9939397759624452,1.0002837291146285,0.9982071274522968,0.9561564618392999,1.000514617035063,1.00203051659761,1.0198243956769169,1.000233811856471,1.0708413112512667,1.0014939823223383,0.9722247071315443,0.9665612278915539,1.0046098088678366,0.9174558795065654,1.0039695258291466,0.9987272394582485,0.9963313820303398,0.9962462323931723,0.9919589907609074,7.53e-5,-0.0024828822374475994,0.30699999999999994,0.5872523687443223,0.02189456061638308,0.14851344646254927,0.9022360553705646
0.6157774813174082,-0.002560984782639043,5.235987755982989,31.309991349668735,-682.284807942422,-617.489828317162,1.0044994387700126,0.9997313528540535,0.9514863410927608,0.9961704478426296,1.000995064094744,0.9980464883754415,0.9563015369184946,1.0005669686051788,1.0016607700243658,1.0197765717974743,1.0000940994877088,1.072960588602806,1.0022799839398542,0.9721683869834534,0.9669141644617578,1.0055507701579598,0.9179079711395175,1.0046445892861897,0.9985717768317381,0.9959730590398405,0.9962345427921918,0.9917901064808623,7.53e-5,-0.002485684782639043,0.30699999999999994,0.5872523687443223,0.021933609437178286,0.14864680714113987,0.9022360553705646
0.6157774813174082,-0.002563356762873458,5.497787143782138,32.23899969614604,-682.7666493296726,-617.9543324904007,1.0042460917798341,0.9997401732351188,0.9574453881870367,0.998982303392062,1.001975814585447,0.997761246654927,0.9564569586348993,1.0006491298979885,1.0010384529586942,1.019670493430179,1.0000092586631693,1.0756884552035226,1.0036422579131359,0.9720641647955094,0.9674877143428448,1.010200876019352,0.9185693750561685,1.0057808144551468,0.9983134286115088,0.9954122203163089,0.9962114744614005,0.9915174731812257,7.53e-5,-0.002488056762873458,0.30699999999999994,0.5872523687443223,0.021991230206429964,0.1488433834982401,0.9022360553705646
0.6157774813174082,-0.0025652245261811356,5.759586531581287,34.045234108057684,-683.6563655887721,-618.8574496963565,1.0040919871031666,0.9997486355329079,0.965022091150591,1.0021269989320072,1.0031503601253575,0.9973658612578982,0.956625180530858,1.0007601241019828,1.0001972238166519,1.0195138068125913,1.0000106940570013,1.0788468319392255,1.0054904559761861,0.9719195155110496,0.9682476013142691,1.0185550366914295,0.9193622387572039,1.0072929345359967,0.9979667841146357,0.9946839982751703,0.996178838096211,0.9911589066099518,7.53e-5,-0.0024899245261811357,0.30699999999999994,0.5872523687443223,0.022065497592829015,0.14909637972625972,0.9022360553705646
0.6157774813174082,-0.002566547483365271,6.021385919380437,36.900643947261415,-685.0211014271446,-620.2851546159584,1.0041572747798457,0.9997569130346254,0.9740700029779895,1.005327140980262,1.0044268121245905,0.9968829636212998,0.9568002435809749,1.0008938918366337,0.9991871302709731,1.0193164519221627,1.0001267227539594,1.082225717418859,1.0076996431081002,0.9717445128312043,0.9691454328359498,1.0304669797392447,0.9201880477083181,1.0090665024292935,0.9975533601188098,0.9938352331083682,0.9961390310179428,0.9907380739213231,7.53e-5,-0.0024912474833652712,0.30699999999999994,0.5872523687443223,0.02215346831264818,0.149395519355569,0.9022360553705646
0.6157774813174082,-0.002567302493200366,6.283185307179586,40.85288058937613,-686.8722073689564,-622.2612729370157,1.0045628645147675,0.9997641928335511,0.9842513336673813,1.0083089468386195,1.0057035174345048,0.9963454594766361,0.9569653946672632,1.0010391690553904,0.9980740953071854,1.0190985450354437,1.0003805148027227,1.085593531336898,1.0101173194941189,0.9715517534998259,0.9701224103126594,1.0455394948549395,0.9209506905568455,1.0109659366556638,0.9971008962471878,0.9929231252238925,0.9960950903660712,0.9902841780545112,7.53e-5,-0.002492002493200366,0.30699999999999994,0.5872523687443223,0.022250810986329618,0.14972585206219102,0.9022360553705646
0.6320756259203292,-0.0025852753550100562,0.0,62.038953058359084,-695.731736661747,-632.8543091715072,1.0031953897444985,0.9996198958854807,0.975668941005543,1.004296390059356,1.0049833597269964,0.996054917705095,0.9377384025568701,1.0009835801164015,0.9959660050948673,1.0196914274613935,1.0035380997486034,1.0845018825690855,1.0097398878055708,0.9671816513556306,0.9625286940989308,1.0224688864921465,0.9025905957772725,1.010649363473549,0.9970012921500093,0.9927506757021458,0.9953836760980741,0.9889656170826476,7.53e-5,-0.0025099753550100563,0.30699999999999994,0.5872523687443223,0.022254706179299796,0.14973905570462223,0.9190600690568655
0.6320756259203292,-0.0025853397107133266,0.2617993877991494,66.60666675614425,-697.8611745059203,-635.1381660203998,1.0039686892547928,0.9996213368264988,0.9860116638979107,1.0068733017587466,1.0061723179759072,0.9954994478195742,0.9378669965648385,1.0011221206512704,0.9948265664903907,1.0194653528907311,1.0039217973166783,1.0875605604301317,1.0121288423781918,0.9669869180462878,0.9634978870738281,1.0397170429783766,0.9031792906943849,1.0124920779908235,0.9965498277554194,0.9918566645313438,0.9953398393760439,0.9885186726340851,7.53e-5,-0.0025100397107133267,0.30699999999999994,0.5872523687443223,0.022353517823723953,0.1500736234199951,0.9190600690568655
0.6320756259203292,-0.002584705187987005,0.5235987755982988,71.73477520909933,-700.2186363307637,-637.7022202468773,1.0051479300489776,0.999617247759901,0.9960900035826752,1.0088554197857456,1.0071883747559027,0.9949679930170892,0.9379068283725502,1.00124327243833,0.9937474647719352,1.0192414737905928,1.004409002962109,1.0901569461594507,1.0143883293247864,0.9668021802245952,0.9644091617389048,1.0583648851965133,0.9035895166704804,1.0141884079065449,0.9961236233776422,0.9910225595600115,0.9952983475615096,0.9881008100015162,7.53e-5,-0.002509405187987005,0.30699999999999994,0.5872523687443223,0.022448850282387873,0.1503957267537003,0.9190600690568655
0.6320756259203292,-0.0025833229001017703,0.7853981633974483,76.87096250681248,-702.5539851955765,-640.2703138957339,1.0066415747495872,0.9996016432219541,1.0049231705740975,1.0101432697008192,1.0079671517552014,0.9945006539118387,0.9378448999262122,1.0013329838299112,0.9928045250507185,1.0190368517479538,1.0049516769357127,1.0921158569207186,1.0163599922949504,0.9666373467554736,0.9651876979160644,1.0771313860071412,0.9037673384430631,1.0156219471587626,0.9957551167162408,0.9903093985288969,0.995260898496849,0.987740331827378,7.53e-5,-0.0025080229001017704,0.30699999999999994,0.5872523687443223,0.022532471439507592,0.15067771096741267,0.9190600690568655
0.6320756259203292,-0.0025811469766039764,1.0471975511965976,81.3443409892734,-704.5711241625086,-642.5070031369644,1.0082531662909,0.9995750595034549,1.0115077860563277,1.0107311527143799,1.0084717144826991,0.9941338672082701,0.9376654714466776,1.0013827732265095,0.9920692801231838,1.018855038165219,1.0054777010367653,1.0932863434680853,1.0179045192209697,0.9665070002472681,0.9657759202276459,1.0945466969285094,0.9037426486714868,1.0167013180004336,0.995473179096004,0.989770667571548,0.9952299189033931,0.9874634356313781,7.53e-5,-0.0025058469766039764,0.30699999999999994,0.5872523687443223,0.022596288713455526,0.15089256948547666,0.9190600690568655
0.6320756259203292,-0.0025782467596261547,1.3089969389957472,84.50207215893329,-705.9853598259754,-644.0858687217943,1.0097188177497842,0.9995403423601189,1.0149176589881181,1.0106552616084914,1.0086885537753776,0.9938914729776256,0.9373618328104374,1.001389317932491,0.9915911869401008,1.0187246980226161,1.005909620187752,1.0936160130775736,1.0189231012499305,0.9664105353280534,0.966129156000871,1.1089452230444432,0.9036220560909127,1.0173743786474632,0.99529794169216,0.9894426081995789,0.9952068113338823,0.9872874160233016,7.53e-5,-0.0025029467596261548,0.30699999999999994,0.5872523687443223,0.02263340892448899,0.1510174086243074,0.9190600690568655
0.6320756259203292,-0.0025747267001458036,1.5707963267948966,85.86457917297889,-706.5942864730944,-644.7671222288171,1.0107646176343938,0.9995039057102926,1.0147318498699258,1.009998525063321,1.008618609292621,0.9937941807347618,0.9369807508246263,1.0013524031947107,0.9914023689389095,1.018634277977635,1.0061932140896166,1.0930592889694974,1.0193466643487077,0.9663633763881262,0.9662259630968371,1.1188120537227122,0.9034128133274226,1.0176103110523476,0.9952458584637623,0.9893566726812251,0.9951926469620943,0.9872271989556793,7.53e-5,-0.0024994267001458037,0.30699999999999994,0.5872523687443223,0.022639440446762946,0.15103768381510901,0.9190600690568655
0.6320756259203292,-0.0025708852756851203,1.8325957145940461,85.24734851135145,-706.3222899246867,-644.4585068980034,1.0111858796019684,0.9994691275019473,1.0108563106409458,1.0088089671597626,1.0082731942489334,0.9938442203681065,0.9365985543993551,1.0012766753386293,0.9915159243787984,1.0186187246028913,1.0062864219950953,1.0916848883115644,1.019161819147642,0.966359629477086,0.9660665752715973,1.1227780115511297,0.9032164949863839,1.0174172920605293,0.995317139658611,0.9895128280124973,0.9951887756286348,0.9872851956032078,7.53e-5,-0.0024955852756851204,0.30699999999999994,0.5872523687443223,0.02261348325429417,0.15095040896187348,0.9190600690568655
0.6320756259203292,-0.0025670386863103304,2.0943951023931953,82.80468360142868,-705.2362400280801,-643.237174443042,1.0109066580933668,0.9994398321837266,1.0038887456430592,1.007160341580427,1.0076785150387602,0.994031032545185,0.9362702684517187,1.0011718966483119,0.9919318937902767,1.0186404472633708,1.0061854183914787,1.089531772252884,1.0183794548339489,0.9664064371887515,0.9656704504757148,1.1202821789573307,0.9030171118613047,1.0168127947026904,0.9955029080188874,0.9898932113435047,0.9951966365382234,0.9874558449407916,7.53e-5,-0.0024917386863103305,0.30699999999999994,0.5872523687443223,0.022558769798846696,0.15076628763391972,0.9190600690568655
0.6320756259203292,-0.0025635867856119805,2.356194490192345,78.98013865964481,-703.5246784439511,-641.3249019721501,1.0100326323098197,0.999421803601429,0.9945752048165358,1.0050750636749741,1.006850217551286,0.9943463529639337,0.9360396212376577,1.001047647625172,0.992616114592633,1.0187274069434182,1.005928300061734,1.086794711133938,1.0170603371516904,0.9665027150085541,0.9650784129683504,1.1116088173879246,0.902811679379801,1.0158328883472147,0.9957896083050096,0.990474753510829,0.9952162822201465,0.9877303173746819,7.53e-5,-0.0024882867856119806,0.30699999999999994,0.5872523687443223,0.02248088790669161,0.15050382339561857,0.9190600690568655
0.6320756259203292,-0.002560915137226473,2.6179938779914944,74.38400364961149,-701.4462379616677,-639.0268344671334,1.0087856554483128,0.9994203418524791,0.9839247011351968,1.0026168999439404,1.0058230528710435,0.9947718111718492,0.9359289207919529,1.0009164316886263,0.9935220414723029,1.0188858797893672,1.0055824788458192,1.0836789293125488,1.015292554508654,0.9666392302285046,0.9643263175438382,1.097795410838646,0.9025222891164562,1.0145254194941231,0.9961548146322421,0.9912162413058229,0.9952459418047519,0.9880889440649393,7.53e-5,-0.002485615137226473,0.30699999999999994,0.5872523687443223,0.022387629917637934,0.15018895618897174,0.9190600690568655
0.6320756259203292,-0.0025592495632390955,2.8797932657906435,69.64273221599865,-699.2731265722019,-636.656198750327,1.0074025768257338,0.9994320036334562,0.97299956009588,0.9998888585747833,1.0046546174362627,0.9952737069349694,0.9359296427982683,1.000789805387597,0.9945851750078412,1.019092202404799,1.0052043461756865,1.080382720489738,1.0131868181660952,0.9668099874575804,0.963465181814616,1.0805675301407147,0.902127558059441,1.0129545016718908,0.9965699190803958,0.992061864635981,0.9952844193739715,0.9885063578309474,7.53e-5,-0.0024839495632390956,0.30699999999999994,0.5872523687443223,0.022287493868211765,0.14985015230738372,0.9190600690568655
0.6320756259203292,-0.002558711011127339,3.141592653589793,65.26894594854048,-697.2340381178105,-634.4693056165979,1.0061098548739824,0.999453293518165,0.9627096706300325,0.9970416341217804,1.0034177651518725,0.9958157099837955,0.9360148192766413,1.0006770871932622,0.99572680546847,1.019328940369302,1.0048453587767394,1.0771319571287536,1.0108801455360596,0.9670028475444427,0.9625476276535306,1.0618045582827325,0.9016188158349994,1.0112082250916747,0.9970053880707205,0.9929524673901787,0.9953288719400151,0.9889531377172447,7.53e-5,-0.002483411011127339,0.30699999999999994,0.5872523687443223,0.02218842963396612,0.14951424219266427,0.9190600690568655
0.6320756259203292,-0.002559293950247556,3.4033920413889422,61.5852968891686,-695.481014135727,-632.627481086912,1.005064489023517,0.9994800853965861,0.9537496367303957,0.9942712033812884,1.0021983131688794,0.9963597011047662,0.9361520010802591,1.000584102034504,0.9968629085745807,1.0195794063232984,1.0045350736405987,1.0741468985590719,1.0085267454672786,0.967203196401272,0.9616306848061541,1.0431743144320127,0.9010167397422797,1.0093976719747682,0.9974325366486458,0.9938280986775004,0.9953757907875844,0.9893983872141017,7.53e-5,-0.002483993950247556,0.30699999999999994,0.5872523687443223,0.02209716967093564,0.14920414592739253,0.9190600690568655
0.6320756259203292,-0.002560882752266684,3.6651914291880923,58.71155334212517,-694.0809781501889,-631.1906093133903,1.004327641463852,0.9995075185556198,0.9465711044533935,0.9917968822590062,1.001088842024211,0.9968662334720352,0.9363082126959316,1.0005131663795763,0.9979138015589195,1.0198200680560932,1.0042804613633058,1.0716240381037136,1.006286962048905,0.9673960362602256,0.9607734182721702,1.0259635582594526,0.9003946077849001,1.0076504505281676,0.9978247214340092,0.9946302149309693,0.995421664918037,0.9898114324832842,7.53e-5,-0.002485582752266684,0.30699999999999994,0.5872523687443223,0.02201894334668278,0.14893783870967284,0.9190600690568655
0.6320756259203292,-0.002563304233136535,3.9269908169872414,56.603810912438576,-693.0295533983794,-630.136738098547,1.0038855556938662,0.9995348341148877,0.9413977432086298,0.9898488736630464,1.0001745884621727,0.997306121130116,0.9364706633204934,1.0004636800695854,0.9988106891120773,1.020052205780719,1.0040752270370195,1.069742333788791,1.0043170749913484,0.9675658916205553,0.9600359644646269,1.0109985098243957,0.8998094078298806,1.0060972275483655,0.9981598185636151,0.9953095885531607,0.9954630898099699,0.9901662273349023,7.53e-5,-0.002488004233136535,0.30699999999999994,0.5872523687443223,0.021957425552685674,0.1487280876681707,0.9190600690568655
0.6320756259203292,-0.0025662642344107933,4.1887902047863905,55.12418573266723,-692.2784694479833,-629.3969255086613,1.003642139422598,0.9995550745369141,0.9382516059884386,0.9885934225481909,0.9995301043809007,0.9976449900282413,0.9366052624253594,1.0004329511982777,0.9994917320289586,1.0202182012993009,1.0038858965965167,1.0685902770064457,1.0027498261603378,0.9677062368621777,0.9594613088629614,0.9988229775452524,0.8993480361111317,1.0048577767560158,0.9984178021103568,0.9958203111790686,0.9954967133652507,0.9904369490262812,7.53e-5,-0.0024909642344107933,0.30699999999999994,0.5872523687443223,0.0219147085689989,0.14858227084599906,0.9190600690568655
0.6320756259203292,-0.0025695579108648493,4.4505895925855405,54.11820150813901,-691.7697113861111,-628.8939333963972,1.003508659384685,0.9995722751697744,0.9370795259008134,0.9881939730958745,0.9992057261123388,0.9978723934116905,0.9367404487409539,1.0004203819050121,0.9999246333002159,1.020353203848207,1.003711402399021,1.0682748348931803,1.0016967195964643,0.9678026452707192,0.9590952479290865,0.9896917999775696,0.899040351151328,1.0040296241804016,0.9985843931938319,0.9961337056285334,0.9955204671301972,0.9906088964559776,7.53e-5,-0.0024942579108648494,0.30699999999999994,0.5872523687443223,0.021892085639717628,0.1485049899332494,0.9190600690568655
0.6320756259203292,-0.0025728946216307964,4.71238898038469,53.48115147179033,-691.4622529477859,-628.5754083782228,1.0033743254141745,0.9995814714255759,0.9377327198347447,0.9886915681245801,0.9992314160378398,0.9979687700619457,0.9368639412143319,1.00042683844137,1.00009497791441,1.0204180797630586,1.0035331872280175,1.0687824821093979,1.0012255013944238,0.9678481658611193,0.9589533830315286,0.9837936878453126,0.8990247279416497,1.0036782584240735,0.9986473221315453,0.9962249046275216,0.9955328446966375,0.9906681995232013,7.53e-5,-0.0024975946216307964,0.30699999999999994,0.5872523687443223,0.021889836256848032,0.1484973038101002,0.9190600690568655
0.6320756259203292,-0.002576087493619373,4.974188368183839,53.200593691963604,-691.3518678110859,-628.4351294883095,1.0032313605465115,0.9995919133460129,0.9401245859546057,0.9900755639603559,0.9996052744349333,0.9979338213802522,0.9369782386693055,1.000456575118881,0.9999757617404732,1.0204139564323886,1.0033726759388484,1.0700994257657013,1.0013743986980628,0.9678488105764221,0.95905802904525,0.9813724745072441,0.8992169030276456,1.0038345830258506,0.9986019750944174,0.9960914673013332,0.9955329242241513,0.9906128083606929,7.53e-5,-0.002500787493619373,0.30699999999999994,0.5872523687443223,0.02190776028967107,0.14855853937182975,0.9190600690568655
0.6320756259203292,-0.002578962498433404,5.235987755982989,53.36781447729618,-691.4757975981688,-628.5187398809758,1.0030425873294908,0.9996013437221855,0.9442016093072458,0.9922482024140653,1.0003035299763012,0.9977684342632225,0.937078392530751,1.0005132718148189,0.9995864027057217,1.0203523401719599,1.0032375379569913,1.0721317529447094,1.002131618500994,0.9677994711354632,0.9594016366278149,0.9824850590330961,0.8996615618204999,1.0044866836210427,0.9984480477508435,0.9957385414625094,0.9955215166641261,0.990446225162847,7.53e-5,-0.002503662498433404,0.30699999999999994,0.5872523687443223,0.021945367361793564,0.14868694041318958,0.9190600690568655
0.6320756259203292,-0.0025813767940186254,5.497787143782138,54.156555100961214,-691.9059010614333,-628.9131101928083,1.0028393754428637,0.999604073158448,0.9498873303644199,0.994996621849888,1.0012696855436687,0.9974777357371123,0.9372434336172686,1.000597028367639,0.998953901106429,1.0202555462173333,1.0031606688856647,1.0748176162973173,1.0034533791626967,0.967689719104563,0.9599541049817487,0.9873249029736781,0.9003030084734482,1.0055935731879853,0.9981933683678264,0.9951880244222706,0.9954979829833143,0.9901764379373789,7.53e-5,-0.0025060767940186255,0.30699999999999994,0.5872523687443223,0.02200120455258127,0.14887738594539374,0.9190600690568655
0.6320756259203292,-0.0025832522438245203,5.759586531581287,55.77266275977786,-692.7242818717577,-629.7211640222166,1.002733208462295,0.9996099963218427,0.9571627931012103,0.9981067517461261,1.0024350991515372,0.9970779786060462,0.9374039211486639,1.0007090750905896,0.9981036465269928,1.020102347826237,1.0031626200010455,1.0779045808540175,1.005246322224142,0.9675428008351138,0.9606911328368352,0.9957307270909044,0.9010707113373781,1.0070660951616281,0.9978516809170501,0.9944731174541411,0.9954654845378814,0.9898228396897247,7.53e-5,-0.0025079522438245204,0.30699999999999994,0.5872523687443223,0.02207362026827746,0.14912402483468315,0.9190600690568655
0.6320756259203292,-0.0025845586344873227,6.021385919380437,58.383270393683915,-693.9955991837147,-631.0264678391696,1.0028161970026817,0.9996155142580483,0.9658684610848753,1.001297430212736,1.0037065449322986,0.9965928429990846,0.9375736511466498,1.0008415877470946,0.9970856639992977,1.0199101692402222,1.003281268511822,1.0812023537362538,1.0073904361868742,0.9673684629640222,0.9615672334261366,1.007540561099692,0.9018644281639896,1.008794346945901,0.9974450192482156,0.9936416405799255,0.9954264059724736,0.9894096003234057,7.53e-5,-0.002509258634487323,0.30699999999999994,0.5872523687443223,0.02215953512277125,0.1494161277964354,0.9190600690568655
0.6320756259203292,-0.0025852753550100467,6.283185307179586,62.03895305835795,-695.7317366617461,-632.8543091715067,1.0031953897444952,0.9996198958854802,0.9756689410055458,1.0042963900593562,1.0049833597269966,0.9960549177050948,0.9377384025568699,1.0009835801164013,0.9959660050948669,1.0196914274613937,1.003538099748601,1.0845018825690886,1.0097398878055763,0.9671816513556294,0.9625286940989325,1.0224688864921667,0.9025905957772729,1.0106493634735534,0.997001292150009,0.9927506757021453,0.9953836760980738,0.988965617082647,7.53e-5,-0.0025099753550100468,0.30699999999999994,0.5872523687443223,0.022254706179299977,0.14973905570462284,0.9190600690568655
0.6482242499618136,-0.002601776460878267,0.0,91.23791408596344,-707.6368931510438,-647.4537896853094,1.0019992834401514,0.9994880220438468,0.967136050748131,1.0002422033079246,1.0042519940988797,0.9957724547612218,0.9144312530607469,1.0009309605697498,0.9935977468633338,1.0201962895905827,1.0064013068945932,1.083558498096894,1.0094439067062293,0.962285819648645,0.953944406431017,1.0018021503643078,0.8825904065047543,1.010395851120916,0.9969233377908286,0.9926257425272608,0.994566289051906,0.987478974065732,7.53e-5,-0.002526476460878267,0.30699999999999994,0.5872523687443223,0.022269154454457717,0.14978802155956242,0.9358840827431665
0.6482242499618136,-0.0026017619793903372,0.2617993877991494,95.48930518125962,-709.6406181595804,-649.5794852329575,1.002718045167449,0.9994882781931095,0.9770963998098547,1.0028591815739432,1.005445010089944,0.9952191577072167,0.9145652295346566,1.001065091244033,0.9924595933201947,1.0199715597763266,1.0067790178225509,1.0865370643054368,1.0117600648011358,0.9620950374968941,0.9548965056891867,1.018624421961724,0.8831383339009656,1.012191976911983,0.9964817036688065,0.9917538711737606,0.9945237730134248,0.9870424054748675,7.53e-5,-0.0025264619793903373,0.30699999999999994,0.5872523687443223,0.022365711387377477,0.15011485964820412,0.9358840827431665
0.6482242499618136,-0.002601021173774525,0.5235987755982988,100.29004522155014,-711.8661288953961,-651.9798552531028,1.0038019757729524,0.9994835053811097,0.9868087061812147,1.0049044480883265,1.006471240681232,0.9946904471525112,0.9146311998412822,1.0011812935725812,0.991386661912602,1.0197509154619042,1.0072518993835322,1.0890913515524316,1.01395612592069,0.9619122804127975,0.9557937171169536,1.0367851414944584,0.883507572960881,1.0138523845503895,0.9960652378006497,0.9909412011832833,0.9944833102826429,0.9866341129838523,7.53e-5,-0.002525721173774525,0.30699999999999994,0.5872523687443223,0.02245903742844315,0.150430106891235,0.9358840827431665
0.6482242499618136,-0.0025995105431548607,0.7853981633974483,105.1259998795374,-714.0792723716356,-654.3978325820964,1.0051781342352406,0.9994701686630031,0.9953458742487922,1.0062757509302211,1.007264622372038,0.99422784143291,0.914593599813118,1.0012664781371012,0.9904528088341137,1.0195522987799204,1.0077733869437442,1.0910194397124977,1.0158750123345375,0.9617519055118732,0.9565687194423407,1.0549050622996974,0.8836700331377363,1.015259565758173,0.9957056496437899,0.9902474372558365,0.9944474939011076,0.9862836844607368,7.53e-5,-0.0025242105431548608,0.30699999999999994,0.5872523687443223,0.02254113272162363,0.15070688898879417,0.9358840827431665
0.6482242499618136,-0.0025972105384690857,1.0471975511965976,109.3696111458055,-716.0014392368957,-656.5196382152304,1.0066660278190125,0.9994478652696671,1.0017352845255267,1.0069476984766246,1.007786450747652,0.993863914284585,0.9144380793733118,1.001313326981716,0.9897288055448368,1.019379334733401,1.0082767398035728,1.0921926459981781,1.0173837182546497,0.9616227006865565,0.9571599118735407,1.0716282621248998,0.8836649459894819,1.0163266335620382,0.9954298096251181,0.9897216517931138,0.9944181219876418,0.9860141692196722,7.53e-5,-0.0025219105384690858,0.30699999999999994,0.5872523687443223,0.02260417629241899,0.15091910461163663,0.9358840827431665
0.6482242499618136,-0.0025941672334599607,1.3089969389957472,112.40639529778628,-717.3660583197632,-658.0380302912208,1.0080157832085295,0.9994170505481328,1.005158621969228,1.0069518173298342,1.0080186772612507,0.9936263475426089,0.914176637670725,1.0013165167262623,0.989263631085584,1.0192469706798288,1.0086902360870913,1.0925193452127386,1.018379945431289,0.9615324969487873,0.9575208092624072,1.0852903044753026,0.8835235870801064,1.0169939214575219,0.995259405383759,0.9894041469120428,0.9943965030991939,0.9858447646189007,7.53e-5,-0.0025188672334599607,0.30699999999999994,0.5872523687443223,0.02264133356170718,0.15104404704876503,0.9358840827431665
0.6482242499618136,-0.002590537384329445,1.5707963267948966,113.77955538386595,-717.9768611471638,-658.7246103342607,1.0089754990385256,0.9993840713515624,1.0050967213776327,1.0063453204997217,1.0079650499855886,0.9935255726132409,0.913829078815537,1.0012794959364102,0.9890914165268989,1.0191672898535256,1.0089478080709509,1.0920061185116534,1.0188056955145055,0.9614776087281441,0.9576263481405959,1.0945116983424439,0.8833723640967989,1.0172414432765895,0.9952045221860938,0.9893119374974592,0.9943837153314293,0.9857838517229588,7.53e-5,-0.002515237384329445,0.30699999999999994,0.5872523687443223,0.02264854993508617,0.15106830070485064,0.9358840827431665
0.6482242499618136,-0.002586603887235789,1.8325957145940461,113.30492810179908,-717.7648023807451,-658.4872966932272,1.0093342794769808,0.9993513892239543,1.001604783269591,1.0052012124044447,1.00762841319644,0.9935789107150231,0.9134932393269493,1.0012022151664492,0.9892224995957939,1.0191304005996176,1.0090364368970184,1.0906448622040588,1.0186289512692341,0.9614845646642669,0.9574849039969018,1.0981252293858048,0.8831436963811106,1.0170555574740778,0.9952749547618054,0.9894664164491295,0.9943812955840641,0.9858436571075674,7.53e-5,-0.002511303887235789,0.30699999999999994,0.5872523687443223,0.022624449041372605,0.15098728476498594,0.9358840827431665
0.6482242499618136,-0.0025827193070716292,2.0943951023931953,111.11452482664049,-716.7812280671749,-657.3920950556479,1.0090597221422006,0.9993262355114725,0.9950172993735238,1.0035565675785376,1.0070324419365262,0.9937715096733578,0.9131855621315177,1.0010963688498664,0.9896474123780775,1.0191668903091298,1.0089421547882647,1.0885725514298117,1.01787818402466,0.9615315796486887,0.9571054707836169,1.0954773941152829,0.8829457476939548,1.0164680696608892,0.9954575601458732,0.9898410451040568,0.9943894315648354,0.9860131936210133,7.53e-5,-0.0025074193070716293,0.30699999999999994,0.5872523687443223,0.022571993868578135,0.15081080914929287,0.9358840827431665
0.6482242499618136,-0.0025792727722840974,2.356194490192345,107.61325948654621,-715.2007772357005,-655.6414623856008,1.0082285873429857,0.9993132639369713,0.9861481496253498,1.0014683572479823,1.0062022920725695,0.9940918874818447,0.9129620710703464,1.000972682482444,0.9903409528377716,1.0192666760407554,1.0087022153863312,1.0859255344101773,1.0166038065797152,0.9616246545621524,0.9565276982399814,1.0869195749534093,0.8827493705687679,1.0155106376690974,0.9957384747942586,0.9904108839266522,0.9944087126495894,0.9862831976933442,7.53e-5,-0.0025039727722840975,0.30699999999999994,0.5872523687443223,0.022496784271962944,0.15055743064106283,0.9358840827431665
0.6482242499618136,-0.0025766185220504095,2.6179938779914944,103.3665680084082,-713.2650917425902,-653.5181166465318,1.0070277568356467,0.9993138427095677,0.9759755516988912,0.9990056975705136,1.0051750316294588,0.9945198323804361,0.9128469554621063,1.0008422309695115,0.991253173647542,1.0194220271148027,1.0083734307881729,1.0828887900535082,1.0148880819086454,0.9617613672936018,0.955791510470737,1.0735010826803433,0.8824634293639196,1.014229164168222,0.9960964103434156,0.9911366128849523,0.9944379053194522,0.9866354749859321,7.53e-5,-0.0025013185220504096,0.30699999999999994,0.5872523687443223,0.022406258483921488,0.1502519030076467,0.9358840827431665
0.6482242499618136,-0.0025749882756904013,2.8797932657906435,98.95998629096562,-711.2278319618422,-651.3148257878105,1.0056981727790137,0.9993264675431258,0.9654766149643162,0.9962692765757705,1.0040078481134735,0.9950221236544432,0.912832560436352,1.000716852081804,0.9923187275684289,1.0196243151701478,1.0080124798372978,1.079674006732651,1.0128426874917995,0.96192935626077,0.9549433666759582,1.056793176569132,0.8820828870505933,1.0126908087799935,0.9965029538170896,0.9919628928719533,0.9944753030155578,0.9870440640188994,7.53e-5,-0.0024996882756904014,0.30699999999999994,0.5872523687443223,0.022308627486434682,0.14992171836425666,0.9358840827431665
0.6482242499618136,-0.002574507449655052,3.141592653589793,94.87619035847956,-709.305145126955,-649.2729278215675,1.004453523242373,0.9993479749302207,0.9555304832141321,0.9934124120793787,1.0027730981583016,0.9955634894956451,0.9128937552498863,1.0006057389740084,0.9934597386056505,1.0198587203045193,1.007672746548381,1.076505139452446,1.0106020644985227,0.962118318681108,0.9540394440359999,1.0386128650546655,0.881610642575309,1.010983504682062,0.9969296786797949,0.9928329044381893,0.9945184569554635,0.9874811576260507,7.53e-5,-0.002499207449655052,0.30699999999999994,0.5872523687443223,0.02221167596990034,0.14959313229512067,0.9358840827431665
0.6482242499618136,-0.0025751622875553187,3.4033920413889422,91.42148113984877,-707.6423920929592,-647.5455732122521,1.0034525450992653,0.9993737898274593,0.9468281406541222,0.9906290486302041,1.001556683637729,0.9961049397536039,0.9130091766646893,1.00051425874252,0.9945921236733127,1.020098049885696,1.0073672211921316,1.0735790608737972,1.0083130819441921,0.9623148470257465,0.9531301646994775,1.0204913502047723,0.8810314811935636,1.0092136066968826,0.997348281128661,0.9936875183521061,0.9945635912403005,0.9879155583450812,7.53e-5,-0.002499862287555319,0.30699999999999994,0.5872523687443223,0.022121976779767672,0.14928850094027013,0.9358840827431665
0.6482242499618136,-0.0025768322979077755,3.6651914291880923,88.71163373401578,-706.304383226166,-646.1906495093356,1.0027495386641485,0.9994006982495969,0.9397987874019927,0.9881368556118226,1.0004479128772834,0.9966097724562522,0.9131345718131795,1.000445355906129,0.9956360128324915,1.0203318933082908,1.0071190928623395,1.0711097037365744,1.0061357849545243,0.96250551278676,0.9522833786615463,1.0037743000297918,0.8804438934024953,1.007508244725773,0.9977332112753899,0.9944711989952809,0.9946078756294044,0.9883191582336098,7.53e-5,-0.0025015322979077756,0.30699999999999994,0.5872523687443223,0.022044774432558197,0.14902582697620517,0.9358840827431665
0.6482242499618136,-0.002579326615736045,3.9269908169872414,86.70755993374019,-705.289438714594,-645.1886126091978,1.0023357707529386,0.999424903728432,0.9346833410861501,0.9861551117847339,0.9995331612525209,0.9970445811755577,0.9132633156674322,1.0003977123027148,0.9965222644081844,1.0205426651262055,1.0069047854481257,1.069248937901707,1.0042184593504324,0.9626740160449061,0.9515487995965715,0.98922182607711,0.879888634298509,1.00599239211862,0.9980617003268566,0.9951331614934914,0.9946474230837958,0.9886640172883194,7.53e-5,-0.002504026615736045,0.30699999999999994,0.5872523687443223,0.02198369040898312,0.1488176754007013,0.9358840827431665
0.6482242499618136,-0.0025823994266163126,4.1887902047863905,85.28071431072476,-704.5549032359601,-644.4751897976901,1.0021294359442956,0.9994442154703214,0.9315234624172395,0.9848700317975208,0.9988837528166414,0.9973828871119739,0.9133819173948069,1.0003696255315453,0.9971958164907984,1.020717106915779,1.0067236175061458,1.0681163024989837,1.002693894550551,0.962811318823565,0.9509812652251545,0.9773718159724288,0.8794640369902257,1.0047827576521022,0.9983149898522881,0.995631971259377,0.994679971727793,0.98892878595633,7.53e-5,-0.0025070994266163126,0.30699999999999994,0.5872523687443223,0.021940982036690124,0.1486719732316784,0.9358840827431665
0.6482242499618136,-0.00258578463196466,4.4505895925855405,84.28648074511989,-704.04665032858,-643.9780730148876,1.002040295000231,0.9994590791329152,0.9302634987531104,0.9844197740012728,0.9985523636269176,0.9976054488072772,0.9134951141441926,1.0003604737549836,0.9976203448283818,1.0208386550369017,1.0065437910885238,1.0677784558640144,1.0016654686417006,0.9629057560956734,0.9506103634237241,0.9685083274525309,0.8791881427492392,1.0039726323098235,0.998477734970337,0.9959354971731608,0.9947023650504252,0.9890944665235095,7.53e-5,-0.00251048463196466,0.30699999999999994,0.5872523687443223,0.021917876914055737,0.14859309093715045,0.9358840827431665
0.6482242499618136,-0.0025892310967671936,4.71238898038469,83.6274098833801,-703.7282702648207,-643.6485375840177,1.0019727729357595,0.9994688529907313,0.9307901346432633,0.9848654429766961,0.998566067707264,0.9977002184667892,0.9135970514091915,1.000370991402714,0.9977726994261622,1.0209060253231204,1.006372104512637,1.068265649976036,1.0012056636007025,0.96295343742712,0.9504705414528329,0.9629101779645778,0.8791611606939786,1.0036278991655707,0.9985393361107372,0.9960245220286508,0.9947140573024849,0.9891520297161472,7.53e-5,-0.0025139310967671937,0.30699999999999994,0.5872523687443223,0.02191480792978305,0.14858261018073596,0.9358840827431665
0.6482242499618136,-0.002592509144454464,4.974188368183839,83.2937385798839,-703.5963139370946,-643.4817019322696,1.0018749935939864,0.9994755538805186,0.932998807420626,0.9861862114807776,0.9989260233682044,0.9976615214197713,0.9137008290658957,1.0004045373353185,0.997647109842497,1.0209092673330775,1.0062126886056513,1.069547125190642,1.0013450933241022,0.9629497569331569,0.9505635484732584,0.9607233466220457,0.8793619333486165,1.0037761495135784,0.9984938331714256,0.9958917478912063,0.9947136306540554,0.9890958441682016,7.53e-5,-0.002517209144454464,0.30699999999999994,0.5872523687443223,0.021931590546093196,0.1486399150114039,0.9358840827431665
0.6482242499618136,-0.002595452617523934,5.235987755982989,83.37430300457322,-703.6878347302745,-643.5219841446143,1.0017410159131748,0.9994789025173915,0.936868595734845,0.9882902173456565,0.9996086188153881,0.9974917124948322,0.9138140702280351,1.0004633552861448,0.9972510260526304,1.0208587889918932,1.0060846396190397,1.071540367939226,1.002076768337331,0.9628922888186943,0.950887912320633,0.9620306907994409,0.879794070918379,1.0044086107370787,0.9983421771256742,0.9955453137288995,0.9947013280908167,0.9889299791303827,7.53e-5,-0.0025201526175239342,0.30699999999999994,0.5872523687443223,0.02196773218195803,0.14876324915725994,0.9358840827431665
0.6482242499618136,-0.0025979110621913034,5.497787143782138,84.03635638713718,-704.0715601196237,-643.8530108358963,1.001601201877756,0.999481442352081,0.9423313881834663,0.990991757089909,1.0005624295180306,0.9971975146974317,0.9139455361450313,1.0005500657103557,0.9966051270090551,1.0207425796860834,1.006009354266681,1.0741033831915903,1.0033506117069126,0.9627914753523151,0.9514253788485426,0.9668972140066935,0.8804058295676818,1.0054775926008088,0.9980913823743156,0.9950054823897431,0.9946785412516335,0.9886651050654135,7.53e-5,-0.0025226110621913034,0.30699999999999994,0.5872523687443223,0.022021937698547423,0.14894804093584113,0.9358840827431665
0.6482242499618136,-0.0025998188557877673,5.759586531581287,85.47789960337263,-704.8253608030639,-644.573782444014,1.0015324300761574,0.9994829567046621,0.9493263205909718,0.9940588536170373,1.0017133760034875,0.9967968721852167,0.9140998292684875,1.0006611594875165,0.9957410545344892,1.0205986056400718,1.0060221207120812,1.0771221154649904,1.0050887704193545,0.9626470955706034,0.952149385731944,0.9753889777288105,0.8811350536674182,1.0069086803323084,0.9977569130070818,0.9943087809628897,0.9946465789959564,0.9883193680826035,7.53e-5,-0.0025245188557877674,0.30699999999999994,0.5872523687443223,0.02209237293472015,0.14918782958907809,0.9358840827431665
0.6482242499618136,-0.0026011222215542545,6.021385919380437,87.86087808490879,-706.0108519825801,-645.7652716847821,1.0016278352556773,0.9994851781283527,0.957710942013609,0.9972325137604636,1.002975522517704,0.9963120193645864,0.9142661082831922,1.0007914458574503,0.9947155588788018,1.0204081228003248,1.006153742941906,1.0803278129415717,1.0071652915683886,0.9624785979616481,0.9530109607997621,0.9871127146964636,0.8818948971590962,1.0085877205420253,0.9973589414532712,0.9934982065321356,0.9946086885046103,0.9879159641175993,7.53e-5,-0.0025258222215542546,0.30699999999999994,0.5872523687443223,0.02217611803663383,0.14947244448856006,0.9358840827431665
0.6482242499618136,-0.0026017764608782723,6.283185307179586,91.2379140859648,-707.6368931510435,-647.4537896853101,1.0019992834401623,0.9994880220438485,0.9671360507481261,1.0002422033079268,1.004251994098882,0.9957724547612194,0.9144312530607484,1.0009309605697512,0.9935977468633391,1.0201962895905798,1.0064013068945912,1.0835584980969049,1.0094439067062315,0.9622858196486399,0.9539444064310106,1.001802150364339,0.8825904065047641,1.0103958511209181,0.9969233377908274,0.9926257425272577,0.9945662890519056,0.9874789740657298,7.53e-5,-0.0025264764608782723,0.30699999999999994,0.5872523687443223,0.022269154454457835,0.1497880215595628,0.9358840827431665
0.664205071860258,-0.002616232988782967,0.0,128.57808154327586,-722.4097305358626,-666.1238734139656,1.0010430172541787,0.9993736425303689,0.9586638628355488,0.9961862781223951,1.0035164902807898,0.9955007638161034,0.8873468378658712,1.000887034917161,0.991057067358434,1.020586345744687,1.0088337360601367,1.0827779871376053,1.0092265212941611,0.9569417813548201,0.944458290276227,0.9839566587898353,0.8612005938808912,1.0102057253512144,0.996867595067275,0.992548392042741,0.9936547996925403,0.9858443459540029,7.53e-5,-0.002540932988782967,0.30699999999999994,0.5872523687443223,0.022291482543610432,0.14986366193906178,0.9527080964294674
0.664205071860258,-0.002616131032013807,0.2617993877991494,132.53049253523704,-724.2957311372492,-668.1000789099462,1.0017023446607523,0.9993707776253167,0.9682482956863603,0.9988283742003574,1.004710106661057,0.9949490981258733,0.8875000876770393,1.0010165229999382,0.9899229276784735,1.020367413777904,1.009209011722086,1.0856979179106572,1.0114721671980291,0.9567510021795997,0.9453954185675489,1.0004655610985835,0.861732605748341,1.0119562511279767,0.9964364499017111,0.9916992412565153,0.993613298295021,0.9854176946812687,7.53e-5,-0.002540831032013807,0.30699999999999994,0.5872523687443223,0.022385735605703925,0.15018255378500825,0.9527080964294674
0.664205071860258,-0.0026152880393849414,0.5235987755982988,137.01851219441892,-726.3940278699233,-670.3440887395371,1.0027064365581921,0.9993674460575105,0.9776002705310081,1.000934031851205,1.005741705501659,0.994427941895708,0.8875673002360979,1.001127783930463,0.988858324583051,1.0201586871815576,1.009667966500273,1.0881796996700694,1.0136001527042913,0.9565717526031956,0.9462821363343705,1.0179850440186986,0.8620504687218205,1.0135734536046852,0.9960306315274369,0.9909095907660297,0.9935743312233414,0.9850209010147175,7.53e-5,-0.0025399880393849415,0.30699999999999994,0.5872523687443223,0.022476915005661298,0.15049042270627322,0.9527080964294674
0.664205071860258,-0.00261364747743734,0.7853981633974483,141.56375915275066,-728.4881314439006,-672.616712218703,1.0039676937541748,0.9993556418671222,0.9858355378624992,1.0023756480999,1.0065464052682525,0.9939697831170322,0.8875572064370716,1.001208842146248,0.987935931147343,1.0199636477104563,1.010172885570464,1.0900700864347463,1.0154630621245835,0.9564122694745878,0.9470460933755208,1.035432187955197,0.862175187988681,1.0149504474380393,0.9956798939298755,0.9902345036185393,0.9935395456430519,0.9846790095168361,7.53e-5,-0.00253834747743734,0.30699999999999994,0.5872523687443223,0.022557295701055188,0.15076132399481276,0.9527080964294674
0.664205071860258,-0.0026112129069020347,1.0471975511965976,145.5799088338897,-730.3171783124183,-674.6247870592725,1.0053294271907462,0.9993353096256864,0.9920374981483778,1.0031206880969854,1.0070817637514624,0.9936096441214728,0.8874343100521017,1.0012518266741492,0.9872223568346533,1.0197950063912873,1.010657270020023,1.0912263230847012,1.0169309211245503,0.9562872230664075,0.9476385043248768,1.0514342147930738,0.8621656549787106,1.0159991258656913,0.9954112776787241,0.9897239014685346,0.9935118733043442,0.9844178900773006,7.53e-5,-0.0025359129069020348,0.30699999999999994,0.5872523687443223,0.022619265946285588,0.15096985611536953,0.9527080964294674
0.664205071860258,-0.002608034619230459,1.3089969389957472,148.48980776382064,-731.6287589711867,-676.079736524238,1.006560345937169,0.9993088856926483,0.9954124919364247,1.0031918529985642,1.0073272866677918,0.9933751360336757,0.8872086527214937,1.0012533085497144,0.9867713765955979,1.0196659198350935,1.011046247260364,1.0915704393671368,1.0179046359843837,0.956198466921835,0.9480042138136794,1.0644457521541224,0.8620310049160291,1.0166610613449372,0.9952450585034159,0.9894150421184926,0.9934915812073762,0.984253614965936,7.53e-5,-0.002532734619230459,0.30699999999999994,0.5872523687443223,0.02265626900628643,0.1510942397107369,0.9527080964294674
0.664205071860258,-0.002604296622551887,1.5707963267948966,149.85993450900264,-732.2393916866054,-676.764799896829,1.0074261222716105,0.9992786740408302,0.9955006897211877,1.002639347226014,1.0072816387988404,0.9932812889262396,0.886909891651135,1.001212988606362,0.9866108994964512,1.019584328596968,1.0112940857208685,1.091067187926365,1.018322294504945,0.9561539801761174,0.9481243073188688,1.0730571652176926,0.8618538583564161,1.016907348986528,0.9951935339551902,0.9893305718018127,0.9934803650373273,0.9841987536058097,7.53e-5,-0.002528996622551887,0.30699999999999994,0.5872523687443223,0.02266409206919682,0.15112052376463506,0.9527080964294674
0.664205071860258,-0.0026002817634034722,1.8325957145940461,149.5084568181053,-732.0740698708851,-676.5890610513803,1.007746870789412,0.999250514319685,0.9922513054221097,1.0015225111785855,1.0069532574264963,0.9933350115588897,0.8865920342926075,1.0011357452455656,0.9867523894438379,1.0195628658987623,1.0113754646979696,1.089770887750649,1.0181627664541073,0.9561549071134416,0.9479937721368631,1.0762408918264146,0.8616555661829194,1.0167366759105434,0.9952603904326774,0.9894776643004585,0.9934785886163482,0.9842569008243006,7.53e-5,-0.0025249817634034723,0.30699999999999994,0.5872523687443223,0.022641720085076682,0.15104534621870977,0.9527080964294674
0.664205071860258,-0.002596353600583829,2.0943951023931953,147.54799425228407,-731.1845811442654,-675.6088297684697,1.0074650624718253,0.9992297935991878,0.9860495915347174,0.9998935961832813,1.0063619040231735,0.9935289472773411,0.8863082519234109,1.001030924965726,0.9871899788064629,1.0195993204940434,1.0112815803909905,1.087767871239951,1.017441754376357,0.9562041093248786,0.9476345381258584,1.0735514933227044,0.861500550545152,1.0161681528770072,0.9954383268486635,0.9898426049114554,0.9934877493905675,0.984424580393503,7.53e-5,-0.002521053600583829,0.30699999999999994,0.5872523687443223,0.022591618989795836,0.15087685762706848,0.9527080964294674
0.664205071860258,-0.0025928943567934334,2.356194490192345,144.34784758440514,-729.7261230312897,-674.0087564345303,1.0066614990834406,0.9992202590685678,0.9776295648733538,0.9978083463771354,1.00553327880003,0.9938513239844087,0.8860995012787369,1.0009080066612006,0.9878895552922156,1.0196933927316132,1.011058758292398,1.085204649900077,1.0162093525179294,0.956297616860242,0.947068502325142,1.0652133654228717,0.8612714096334684,1.0152336857245285,0.9957131630998538,0.9903998673036855,0.9935063947034345,0.9846890445384232,7.53e-5,-0.0025175943567934335,0.30699999999999994,0.5872523687443223,0.02251905052156501,0.15063248791900097,0.9527080964294674
0.664205071860258,-0.0025902483962825366,2.6179938779914944,140.43101614280204,-727.9241491631706,-672.0503407137287,1.0055124849466242,0.9992223269556278,0.9678988138661947,0.9953405129630624,1.0045090314231744,0.9942784101705698,0.885977821899061,1.0007786167236337,0.9888038481822197,1.0198513675453085,1.0107482940631787,1.0822551034498293,1.0145482489167912,0.9564311764283058,0.9463471047117498,1.0521496336082465,0.8610113782484072,1.013982528807743,0.9960620649362575,0.9911061961671981,0.9935351157854759,0.9850336050045752,7.53e-5,-0.0025149483962825367,0.30699999999999994,0.5872523687443223,0.022431284411403928,0.15033642658528193,0.9527080964294674
0.664205071860258,-0.00258865567662387,2.8797932657906435,136.3435280251258,-726.0157812379318,-670.0065966548906,1.004237023301368,0.9992360631142139,0.9578183277835886,0.9926022857866265,1.0033464433238564,0.9947793377250392,0.8859430279219425,1.0006550243305223,0.9898703620249305,1.0200464584056805,1.010409838769699,1.0791193949407807,1.0125647457353961,0.9565967571164945,0.9455113894241592,1.0359289725934633,0.8606575344214298,1.0124799082087779,0.996458839182307,0.9919108818436697,0.9935715606979764,0.9854327086352026,7.53e-5,-0.00251335567662387,0.30699999999999994,0.5872523687443223,0.022336274691972306,0.15001529178472245,0.9527080964294674
0.664205071860258,-0.002588226270296931,3.141592653589793,132.53853726245325,-724.2049244871885,-668.1041012735543,1.0030461520717529,0.9992579023787354,0.9482179533447435,0.9897406676539328,1.0021170698163686,0.9953179659631132,0.88598074745863,1.0005457720297437,0.9910078291573953,1.0202695269834898,1.0100801430274764,1.0760260429563453,1.0103904894325255,0.956782934456818,0.944616427971887,1.0182856124587907,0.8602047280422549,1.010813553018995,0.9968757140182147,0.9927584120737455,0.9936132011360258,0.9858589267914093,7.53e-5,-0.002512926270296931,0.30699999999999994,0.5872523687443223,0.022241535957512052,0.14969440769548223,0.9527080964294674
0.664205071860258,-0.002588950479092189,3.4033920413889422,129.30575474499892,-722.629646844877,-666.4877100148271,1.002087748835588,0.9992830553975052,0.9397664335320886,0.9869526280088738,1.0009053729351036,0.9958573614860303,0.8860648457914282,1.0004558375410866,0.9921332420117345,1.020507550035949,1.0097898522900155,1.07317555876144,1.0081711134785865,0.9569768078635775,0.9437219236796621,1.0007081851868724,0.8596708701183708,1.0090892481884226,0.9972851809545997,0.9935915695840356,0.9936570359299866,0.9862834744426304,7.53e-5,-0.002513650479092189,0.30699999999999994,0.5872523687443223,0.022153577191954103,0.1493958892336642,0.9527080964294674
0.664205071860258,-0.0025907046364349834,3.6651914291880923,126.75642675222002,-721.3530977021665,-665.2130460184377,1.001423280324483,0.9993086421717426,0.9329005931565317,0.9844493328405274,0.9998012170936432,0.996358311290381,0.8861662630718785,1.000388762044716,0.9931698099486783,1.0207338923126001,1.0095429706301442,1.0707640522250343,1.0060588365015406,0.9571639281727191,0.9428828390056061,0.9844707580496217,0.8591283592861453,1.0074291132928148,0.9976616041457591,0.994354714336054,0.9936997095788258,0.9866767151259238,7.53e-5,-0.0025154046364349834,0.30699999999999994,0.5872523687443223,0.022077587529639637,0.1491375253977096,0.9527080964294674
0.664205071860258,-0.002593289827513873,3.9269908169872414,124.8557311592424,-720.3756343887408,-664.2626982219489,1.001043802522998,0.9993311078496646,0.9278613094057451,0.9824504675611964,0.9988879958922802,0.9967901363497848,0.8862703475349578,1.0003429134574207,0.994046251154944,1.0209395020351122,1.0093312673098154,1.0689352747062983,1.0041974037044332,0.9573307438574468,0.942156542575242,0.9702971996209999,0.8586073392364222,1.00595288076021,0.9979829961579016,0.9949993843551455,0.9937378509195449,0.9870129348908127,7.53e-5,-0.002517989827513873,0.30699999999999994,0.5872523687443223,0.022017130244415362,0.14893166085644438,0.9527080964294674
0.664205071860258,-0.0025964549618438114,4.1887902047863905,123.4840202987541,-719.6590746187505,-663.5768427917047,1.0008713443222488,0.9993490041480556,0.924695478509924,0.9811371729538331,0.9982368988684575,0.9971250213095664,0.8863684883787801,1.0003176309630388,0.994711298744041,1.0211076430541086,1.0091372837338208,1.0678195054368422,1.002716764053767,0.9574662463048952,0.9415916269064537,0.9588029381287442,0.8582055610633021,1.0047753425428128,0.9982306124834303,0.9954844558629186,0.9937689947513011,0.9872701923696556,7.53e-5,-0.0025211549618438115,0.30699999999999994,0.5872523687443223,0.021974573103682747,0.1487865827908488,0.9527080964294674
0.664205071860258,-0.0025999492888189057,4.4505895925855405,122.50623198455742,-719.1539549920626,-663.0879486346064,1.000824316939416,0.9993617148427659,0.9233713203343894,0.9806470713862409,0.9978996995163527,0.9973442634345716,0.8864580061144526,1.0003113241487582,0.9951245075770371,1.0212270051916803,1.0089640449851904,1.0674728536967153,1.0017167569737313,0.9575599127814566,0.9412247428483277,0.9502301954239776,0.8579681326249534,1.0039856908068074,0.998389478827361,0.9957790078846368,0.9937905277009313,0.9874311377248706,7.53e-5,-0.0025246492888189058,0.30699999999999994,0.5872523687443223,0.02195115777879196,0.14870670095544167,0.9527080964294674
0.664205071860258,-0.002603495365734128,4.71238898038469,121.83197743387245,-718.8273049453753,-662.7508213592639,1.00080663828343,0.999369462449514,0.9237862768682907,0.981040401431324,0.9979043765484424,0.997434736638227,0.8865466309500398,1.0003253876081142,0.9952666321494861,1.0212876696803475,1.0087922235342317,1.0679353372025047,1.0012674131666361,0.9576058597635635,0.9410757472501838,0.9448981623346099,0.8579449235959167,1.0036484087120716,0.9984490949315074,0.9958640552168182,0.9938011298786259,0.9874850947681724,7.53e-5,-0.002528195365734128,0.30699999999999994,0.5872523687443223,0.021947414470056492,0.1486939267244429,0.9527080964294674
0.664205071860258,-0.0026068693784260587,4.974188368183839,121.45408037941979,-718.6785148574609,-662.5618728320376,1.0007676228549034,0.9993729455564707,0.9258671272004063,0.982308133962525,0.9982522859564793,0.997393263621507,0.886641568300085,1.0003616295328221,0.9951304378751586,1.021293600234331,1.0086333414410789,1.0691672135092096,1.0013989311854625,0.9576006626896986,0.9411617504243224,0.9429077836812003,0.858144190379974,1.00378902601463,0.9984041485478387,0.9957336694896479,0.9938001660902076,0.9874289014817949,7.53e-5,-0.0025315693784260587,0.30699999999999994,0.5872523687443223,0.02196321136551489,0.14874782719920965,0.9527080964294674
0.664205071860258,-0.0026098790852603134,5.235987755982989,121.45893865060248,-718.7422560029715,-662.5643019676289,1.0006890281291392,0.9993738052654582,0.9295473008644686,0.9843527449450032,0.9989192150187481,0.9972213204375172,0.8867452564906471,1.000423103236273,0.9947242090418751,1.0212455250323091,1.0085037283887095,1.0710957521515307,1.0021033743022165,0.9575433753921709,0.94147549838474,0.9443805804885448,0.8585441965117818,1.004398790621818,0.9982551447505343,0.995394797231013,0.9937876022668262,0.9872653910608205,7.53e-5,-0.0025345790852603135,0.30699999999999994,0.5872523687443223,0.021997971806613448,0.14886636637181905,0.9527080964294674
0.664205071860258,-0.002612395078327782,5.497787143782138,122.00736806299642,-719.0846705122341,-662.8385166738259,1.00060122473657,0.9993731384164182,0.9347859360494938,0.9870002419605247,0.9998567072401034,0.9969261366293866,0.8868646918853738,1.0005107329006013,0.9940690345163896,1.0211408074330137,1.0084378840572203,1.0735934350035268,1.0033353710613466,0.9574418825544443,0.9420032695455403,0.949379645612927,0.8591468180223709,1.0054343374880448,0.9980096374535149,0.9948683808540549,0.9937651100009686,0.9870061276212411,7.53e-5,-0.0025370950783277823,0.30699999999999994,0.5872523687443223,0.02205055585629773,0.1490455133016586,0.9527080964294674
0.664205071860258,-0.0026143260093413356,5.759586531581287,123.28950643930011,-719.7796025954326,-663.4795858619777,1.0005705367846167,0.999372672468772,0.941515661417103,0.9900259506190421,1.0009945153055853,0.996523759507678,0.8870132352279931,1.0006222932933926,0.9932024516105729,1.0209874263883325,1.0084526380833507,1.0765059037960574,1.0050126084557698,0.9572999815170673,0.9427049030155656,0.9578290440997235,0.8598338041386066,1.0068190066650118,0.997681836093185,0.9941876413348582,0.9937335835202518,0.9866666088478407,7.53e-5,-0.0025390260093413356,0.30699999999999994,0.5872523687443223,0.022119096017927577,0.14927870746411348,0.9527080964294674
0.664205071860258,-0.002615616254974318,6.021385919380437,125.46179716073607,-720.8844412117014,-664.5657312226957,1.0006856575995655,0.9993727939475471,0.9495816797310985,0.9931739076257915,1.0022462984849168,0.9960379812145073,0.887178143258214,1.0007510930671788,0.992175276953613,1.0207981314735695,1.00858141607097,1.0796396090151366,1.0070224913687016,0.9571294199133402,0.9435418669746548,0.9695094008392823,0.8605506254849553,1.0084502083537819,0.9972925683037018,0.9933970001297061,0.9936959192329636,0.9862705150554779,7.53e-5,-0.002540316254974318,0.30699999999999994,0.5872523687443223,0.02220076736625002,0.14955611725708806,0.9527080964294674
0.664205071860258,-0.0026162329881992343,6.283185307179586,128.5780815431267,-722.4097296112757,-666.123873413891,1.001043016266322,0.9993736424946125,0.9586638628041002,0.996186280530507,1.003516490320911,0.9955007645388417,0.8873468302138495,1.0008870347939116,0.991057067478551,1.0205863491806118,1.0088337357712411,1.0827779829974593,1.0092265209110483,0.9569417801724025,0.9444582899791675,0.9839566151109812,0.8612005902329405,1.0102057246041831,0.9968675949152119,0.9925483917217908,0.9936547996144266,0.9858443458604944,7.53e-5,-0.0025409329881992343,0.30699999999999994,0.5872523687443223,0.02229148255502184,0.1498636619777105,0.9527080964294674
0.68,-0.00262833457902081,0.0,173.77810259738976,-739.6890362224697,-688.7238839410226,1.0003490643550657,0.9992791103134109,0.9502415744166995,0.9921657574280246,1.0027816234128852,0.995244884601277,0.8569761583451436,1.0008539322659853,0.9884518020863169,1.0208646750083907,1.010774513895419,1.0821537830337165,1.0090854667013314,0.9512262269372377,0.9341780581705512,0.9689749667676851,0.8387285106405006,1.0100765295673582,0.9968333256948932,0.9925160552430564,0.9926628877812795,0.9840850708895131,7.53e-5,-0.00255303457902081,0.30699999999999994,0.5872523687443223,0.022318779690231886,0.14995608561096527,0.9695321101157683
0.68,-0.0026281566558315076,0.2617993877991494,177.44908300056636,-741.462699392529,-690.5593741426109,1.0009686351185272,0.9992774802838855,0.9594617316164936,0.9948310768869473,1.0039717624037434,0.9946985884067384,0.857122104002368,1.0009800903471682,0.9873271060855768,1.0206502728769271,1.0111373157215047,1.0849962130452142,1.011255472792642,0.9510384456556618,0.9350952673441125,0.9850751715822276,0.8392168458571194,1.011776023313506,0.9964139307962642,0.9916920309617189,0.9926228955801354,0.9836698003006848,7.53e-5,-0.0025528566558315076,0.30699999999999994,0.5872523687443223,0.022410717767442478,0.1502669673473796,0.9695321101157683
0.68,-0.0026271853624075495,0.5235987755982988,181.63968391160392,-743.442133989725,-692.6546745981296,1.0018807670206111,0.9992716123529327,0.9684612766431769,0.9969715392312204,1.0050056384039687,0.99418055445093,0.8572152337983902,1.0010864039041927,0.9862680479345777,1.020445414291087,1.011577927487997,1.0874315578212828,1.0133165262773656,0.950858277916522,0.9359665256550473,1.0021277464446552,0.8394949251955566,1.0133517794045885,0.9960191943220178,0.9909254306536053,0.9925845146156339,0.9832822295956636,7.53e-5,-0.0025518853624075495,0.30699999999999994,0.5872523687443223,0.02249959617058468,0.15056691126862728,0.9695321101157683
0.68,-0.002625411822935416,0.7853981633974483,185.9048660406404,-745.4239752075437,-694.7872656626479,1.0030320190003836,0.9992607833936764,0.9763939659293971,0.9984700384819702,1.005817961977877,0.9937268027529405,0.8572267460838671,1.0011636420314625,0.9853573376044663,1.0202565394954193,1.0120611797507166,1.0892801139681936,1.0151220053922894,0.9507025338060204,0.9367282438928216,1.0189535238217347,0.8396361102985298,1.0146961205018425,0.9956781207650236,0.9902702172685698,0.9925517108957642,0.9829508348248024,7.53e-5,-0.002550111822935416,0.30699999999999994,0.5872523687443223,0.022578106852298586,0.15083138544394303,0.9695321101157683
0.68,-0.002622823793848026,1.0471975511965976,189.6973700378719,-747.1600387578578,-696.6835176612636,1.0042681246593803,0.999242887735566,0.9823884632869861,0.9992804450971688,1.00636289909993,0.9933727863020556,0.8571301187200974,1.0012033488244594,0.9846564464891353,1.0200943179410407,1.0125203154756468,1.0904179617054952,1.0165474032134936,0.9505773173375586,0.9373138679159491,1.0342242913032065,0.8395838877482682,1.0157232908684306,0.9954170013992749,0.9897751183141483,0.9925247430554109,0.9826967235652461,7.53e-5,-0.0025475237938480263,0.30699999999999994,0.5872523687443223,0.02263882148413088,0.1510356032702432,0.9695321101157683
0.68,-0.002619515139145567,1.3089969389957472,192.47611966275235,-748.4173815656474,-698.0728924737039,1.005388264639809,0.9992192330489383,0.9856995697006757,0.9994098184510707,1.0066190828187738,0.9931425461067928,0.856941229665198,1.0012020719742225,0.9842166676775066,1.0199716553651963,1.0128922205478705,1.0907618670711932,1.0174967872511658,0.9504906242062017,0.9376846059361551,1.0465309590454042,0.8394436026302899,1.0163758543169041,0.9952553373080626,0.9894756951557689,0.9925056874693376,0.9825382903691192,7.53e-5,-0.002544215139145567,0.30699999999999994,0.5872523687443223,0.02267541031049101,0.15115854313401483,0.9695321101157683
0.68,-0.002615663974269227,1.5707963267948966,193.8310974822116,-749.020216349058,-698.7503813834335,1.006165125515073,0.9991929375669311,0.985876838456896,0.9989028318656994,1.0065822247536453,0.9930522607750137,0.8566777384113669,1.001160528867008,0.9840677498924333,1.0198946652999183,1.013129596225604,1.0902910730762096,1.0179089386393005,0.950447626931513,0.9378137476257209,1.054609735351074,0.839262303185981,1.0166241748757454,0.9952053647078084,0.9893945034124698,0.9924953922142531,0.9824863555302025,7.53e-5,-0.0025403639742692273,0.30699999999999994,0.5872523687443223,0.02268377572188094,0.15118663762690707,0.9695321101157683
0.68,-0.0026115642560891354,1.8325957145940461,193.58455908515316,-748.8963847929325,-698.6271121849043,1.0064357235734123,0.9991689582328356,0.982864105880352,0.9978141563892641,1.0062609399880784,0.9931068852598737,0.8563896935309985,1.0010836053596042,0.9842196966225155,1.019873514937401,1.0132063672834062,1.0890443761507957,1.0177602468736222,0.9504506009549412,0.9376959403843625,1.0574636648038471,0.839083389972497,1.0164642594138493,0.9952703753773628,0.9895378014554729,0.9924946916519072,0.9825446635484465,7.53e-5,-0.0025362642560891355,0.30699999999999994,0.5872523687443223,0.022662854642975815,0.15111636653495836,0.9695321101157683
0.68,-0.0026075819148379566,2.0943951023931953,191.83249218585797,-748.0890842514697,-697.7510787352567,1.0061473719841927,0.9991517741903703,0.9770145879480946,0.9961994758935703,1.005673963727168,0.993302304408347,0.8561243544520217,1.0009790762966033,0.9846632573171819,1.0199096053708698,1.0131236047400447,1.0871081503274016,1.0170669525742324,0.9504995267908266,0.9373465793683315,1.0546666846344692,0.8389054920418514,1.0159132063614607,0.9954436599186143,0.989893361053538,0.9925037586117484,0.9827089404272766,7.53e-5,-0.0025322819148379566,0.30699999999999994,0.5872523687443223,0.022614893378162502,0.150955151422684,0.9695321101157683
0.68,-0.0026040975786476898,2.356194490192345,188.9115599357658,-746.7432266041103,-696.2906126102106,1.005367482730283,0.9991437239245182,0.9690082873064881,0.994117485596746,1.0048503047470236,0.9936234714510251,0.8559207721831025,1.0008569040814717,0.9853664228870064,1.0200086054463005,1.0129122781981463,1.0846234778538035,1.0158781952662517,0.9505917908651905,0.936797623899624,1.0464538279408975,0.8387200420801001,1.0150045160016994,0.9957105409373945,0.9904340266620183,0.9925227597181113,0.9829681306656417,7.53e-5,-0.00252879757864769,0.30699999999999994,0.5872523687443223,0.022544962765396134,0.15071978984714496,0.9695321101157683
0.68,-0.0026014689439184248,2.6179938779914944,185.3047939679982,-745.0662029859305,-694.4872296263268,1.004269697003519,0.9991483396275076,0.959710847831496,0.9916471860277392,1.0038316104115887,0.9940472962480134,0.8557949258495576,1.0007296375874637,0.9862805210676872,1.0201525914780671,1.0126199055010308,1.081763167087658,1.0142712040694049,0.9507247622666015,0.9360872225783157,1.0338379062064296,0.8384786964608301,1.0137859622627863,0.9960502750786424,0.9911208658298254,0.9925507668646014,0.9833040264944737,7.53e-5,-0.002526168943918425,0.30699999999999994,0.5872523687443223,0.022459980452065244,0.15043328907363926,0.9695321101157683
0.68,-0.002599912684806292,2.8797932657906435,181.520270827672,-743.2790856992799,-692.5949680561637,1.0030515134316198,0.9991635240129729,0.9500198850075605,0.988903492100104,1.0026751455436427,0.9945443263524997,0.8557406850700665,1.0006082115254704,0.9873411263946746,1.0203432071397325,1.012297820615797,1.0787396697269358,1.0123537346110378,0.9508889136547013,0.9352635442415886,1.0182497866682063,0.8381648459575052,1.0123251999720364,0.9964373662141374,0.9919045489103432,0.9925864372070894,0.9836938300287141,7.53e-5,-0.0025246126848062923,0.30699999999999994,0.5872523687443223,0.022367658455796312,0.15012144323265375,0.9695321101157683
0.68,-0.0025995352376350133,3.141592653589793,177.98222497839902,-741.5761822093241,-690.8259451315272,1.0019157140483652,0.999184926007193,0.9407587174293565,0.9860493951125384,1.0014521857689533,0.9950825247808859,0.8557636843594738,1.0004997153855826,0.9884742166746537,1.0205702390942153,1.0119870062381813,1.0757159877618176,1.0102474763566591,0.9510730699542151,0.9343864238279143,1.0010184965604405,0.8377302490944936,1.0107004269798003,0.9968436827714965,0.992728666003482,0.9926269447939217,0.9841104661550554,7.53e-5,-0.0025242352376350133,0.30699999999999994,0.5872523687443223,0.02227514325144848,0.1498083133114458,0.9695321101157683
0.68,-0.0026003326228815136,3.4033920413889422,174.9636489353661,-740.0848971580378,-689.3166571100107,1.0010022471291122,0.9992095715130718,0.9325645742742551,0.9832599540758202,1.000249269543398,0.9956165804760927,0.8558213996653796,1.000411979060677,0.9895922992834075,1.0207968522387159,1.011707692368291,1.072942079321536,1.0080983290517114,0.9512649565147402,0.9335007215811864,0.9839872782958953,0.8372446635293023,1.009024402373071,0.9972428638279545,0.9935383456570958,0.9926694777907493,0.9845239359796044,7.53e-5,-0.0025250326228815137,0.30699999999999994,0.5872523687443223,0.02218908567951067,0.14951646914021277,0.9695321101157683
0.68,-0.002602172718976713,3.6651914291880923,172.57077334554015,-738.8680537238931,-688.1202193150978,1.0003830272118155,0.9992328784648624,0.9258760547527362,0.980750094095034,0.999152479035284,0.9961121191366418,0.8558974849496785,1.0003455337847424,0.9906134700785241,1.0210121402289212,1.0114679327835554,1.0705902186857776,1.0060533600614838,0.9514504639766336,0.932671780688163,0.9682397651526619,0.8367444057776002,1.0074120507855728,0.9976102113905144,0.9942804498195577,0.9927105144652362,0.9849067408793011,7.53e-5,-0.002526872718976713,0.30699999999999994,0.5872523687443223,0.02211442546356195,0.14926282806093916,0.9695321101157683
0.68,-0.002604861495930843,3.9269908169872414,170.77249267306843,-737.9280007221422,-687.2210789788619,1.0000373233515785,0.9992546938936554,0.9209204398024582,0.9787475315163424,0.9982433675457643,0.9965414346079874,0.8559777014465892,1.0003019912564062,0.9914845377717634,1.021217722255516,1.0112610680376684,1.0687957287092944,1.0042493248264706,0.9516150635344586,0.9319568151171549,0.9544147288904781,0.8362639632519457,1.0059768819091741,0.997923569758936,0.9949063734456773,0.9927474718947291,0.9852343227672491,7.53e-5,-0.002529561495930843,0.30699999999999994,0.5872523687443223,0.022054776776691466,0.1490598843642121,0.9695321101157683
0.68,-0.0026081338832354287,4.1887902047863905,169.45759032328124,-737.2290534724589,-686.5636278039683,0.9999065289949892,0.9992713772255668,0.9177772703341978,0.9774186093556183,0.9975931760138095,0.9968732631503949,0.8560527540236467,1.0002787452976865,0.9921374157731571,1.0213791496821263,1.0110700727017106,1.0676874759488966,1.002812525512267,0.9517485554083975,0.9313945610408816,0.9431933836963305,0.8358531223246874,1.0048310546366641,0.9981648756935817,0.9953770136978238,0.9927768871723329,0.9854834847337179,7.53e-5,-0.0025328338832354288,0.30699999999999994,0.5872523687443223,0.02201249706441046,0.14891587291404557,0.9695321101157683
0.68,-0.002611738834121847,4.4505895925855405,168.50022374389255,-736.730031603482,-686.084944514274,0.9999000043255902,0.9992821497076908,0.9164102517570056,0.9768969964022419,0.9972533110718732,0.9970883289504003,0.8561291981114667,1.000275237005244,0.9925443076380589,1.0214991617575215,1.010893723590621,1.0673427707125858,1.0018429872912562,0.9518399576030215,0.931029453699258,0.9349328393065623,0.8356779721839451,1.0040644480538137,0.9983194809336319,0.9956621022393234,0.9927978169925037,0.9856397645180673,7.53e-5,-0.002536438834121847,0.30699999999999994,0.5872523687443223,0.021988999681757264,0.1488357786305239,0.9695321101157683
0.68,-0.002615388340317262,4.71238898038469,167.81686564777215,-736.3986271887818,-685.7432654662138,0.9999258883968993,0.9992878955912555,0.9167395158433893,0.9772516665825441,0.9972501189618769,0.9971766516692946,0.8561932037751891,1.0002920724179982,0.992672195008178,1.0215610709596725,1.0107236763221565,1.0677807233423469,1.0014065741620666,0.9518899500311234,0.9308866875455586,0.9298935569135754,0.835668093476643,1.003735662203924,0.9983774602038806,0.9957445031752901,0.9928084387551412,0.9856929083933775,7.53e-5,-0.002540088340317262,0.30699999999999994,0.5872523687443223,0.021984729848020527,0.1488212197838343,0.9695321101157683
0.68,-0.0026188556975986184,4.974188368183839,167.40285423033447,-736.2355670985635,-685.5362597574949,0.9999399886152874,0.9992893206516141,0.9186928467247525,0.9784686740034917,0.9975871800143598,0.9971319827929463,0.8562847507324437,1.0003313997806418,0.9925328359183311,1.021564129447532,1.010564669155073,1.0689633243350785,1.0015293613099134,0.9518797825335437,0.9309568209727996,0.9280640262457238,0.8358609067117789,1.003868402389459,0.9983326508362421,0.9956155292831268,0.9928063428142563,0.9856350557567962,7.53e-5,-0.0025435556975986185,0.30699999999999994,0.5872523687443223,0.02199965510683011,0.1488721043945502,0.9695321101157683
0.68,-0.0026219462477668626,5.235987755982989,167.3421936740774,-736.2764165598617,-685.5059294793664,0.9999162252186345,0.9992884146760621,0.9222119635135666,0.9804569935342649,0.9982401934487953,0.9969573880597571,0.8563806785476091,1.000395303101878,0.9921179359749089,1.0215120679981387,1.0104398931129837,1.0708270899445078,1.0022076090580885,0.9518263960453609,0.9312584305440238,0.929713758939738,0.8362512752910873,1.0044570197405203,0.9981868097165516,0.9952852109480926,0.9927942299428383,0.9854751030783832,7.53e-5,-0.0025466462477668626,0.30699999999999994,0.5872523687443223,0.022033203064317008,0.14898641773068172,0.9695321101157683
0.68,-0.002624515140339901,5.497787143782138,167.7893677229531,-736.5833664564223,-685.7295165038042,0.9998750920312675,0.9992850800283931,0.9272419390505906,0.9830503949816793,0.9991611102610474,0.9966614484933075,0.8564992036509665,1.0004839734309736,0.9914605454664013,1.0214031253986544,1.010373496932865,1.0732435752852043,1.0033959351979724,0.9517231901671394,0.9317732690024267,0.9348068037709272,0.8368203863222011,1.0054571956970515,0.9979466503499941,0.9947717090338516,0.9927711496850911,0.9852195301237533,7.53e-5,-0.0025492151403399012,0.30699999999999994,0.5872523687443223,0.022084197165764177,0.14916001531097878,0.9695321101157683
0.68,-0.0026264779024550355,5.759586531581287,168.926680001465,-737.2251681537523,-686.2981726430602,0.9998806587113686,0.9992822759732266,0.9337274097155066,0.9860330680428289,1.000283098676217,0.9962598834960165,0.8566434963971888,1.0005949093061794,0.9905903991168841,1.021255188185026,1.010394808824911,1.0760698259579433,1.005014936418979,0.9515819963985086,0.9324568434575671,0.9432472393054218,0.8374617858825966,1.0067966508886046,0.9976268618479811,0.9941096435951348,0.9927401632186813,0.9848876886191305,7.53e-5,-0.0025511779024550356,0.30699999999999994,0.5872523687443223,0.02215088316759125,0.14938673699849575,0.9695321101157683
0.68,-0.0026277632544446016,6.021385919380437,170.90482312869176,-738.2575540045502,-687.2872442066736,1.0000100383245625,0.9992806775252268,0.9414972387755683,0.9891544465415236,1.0015217337610063,0.9957760084724917,0.8568083902350043,1.0007220176625156,0.9895657634130188,1.0210678851030244,1.0105251770507915,1.0791149403469555,1.006956031603994,0.9514141435132037,0.9332743898142949,0.9548338713687194,0.8381413315913109,1.0083766714570206,0.9972474598056777,0.9933411723839282,0.9927035793712103,0.9845012497989649,7.53e-5,-0.0025524632544446017,0.30699999999999994,0.5872523687443223,0.022230453008425955,0.14965682568198116,0.9695321101157683
0.68,-0.0026283345790208425,6.283185307179586,173.77810259739204,-739.6890362224717,-688.7238839410237,1.0003490643550847,0.9992791103134144,0.9502415744167154,0.992165757428025,1.0027816234128877,0.9952448846012734,0.8569761583451477,1.000853932265987,0.9884518020863151,1.0208646750083796,1.01077451389543,1.0821537830337564,1.0090854667013376,0.9512262269372447,0.9341780581705476,0.9689749667679218,0.838728510640538,1.0100765295673673,0.9968333256948942,0.9925160552430591,0.9926628877812809,0.9840850708895147,7.53e-5,-0.0025530345790208426,0.30699999999999994,0.5872523687443223,0.02231877969023222,0.14995608561096638,0.9695321101157683
