sin2_theta23,dm2_32,dcp,dchi2,log_likelihood,log_posterior,atm_flux_delta_spectral_index,atm_flux_nuenuebar_sigma,atm_flux_nuenumu_sigma,atm_flux_numunumubar_sigma,atm_flux_updown_sigma,atm_flux_uphorizonzal_sigma,nc_norm,nutau_cc_norm,orca_energy_scale,orca_norm_all,orca_norm_he,orca_norm_hpt,orca_norm_muons,orca_norm_showers,dm2_21,dm2_31,sin2_theta12,theta12,sin2_theta13,theta13,theta23
0.26028723069789844,-0.0030753,1.0,29.882077696015585,-1156.9507116285674,-1155.6871691044857,0.021297931861226277,0.05259222389597636,-0.07507424621555217,-0.3275986835732854,0.0,0.3383550844549092,0.785441036758502,0.9008482159822604,1.1090119257865634,1.3269297607087869,1.6240954717896043,0.899569635298936,0.3737039399462254,0.9657443416950502,7.53e-5,-0.003,0.30699999999999994,0.5872523687443223,0.02424275227772383,0.15633690880729204,0.5353981633974483
0.28251723294438486,-0.0030753,1.0,26.52439124005059,-1155.3689545371203,-1154.0083258765032,0.017725993138297768,0.05693192186655758,-0.05439874367234506,-0.31689010282999175,0.0,0.2419336298786708,0.7942663233262279,0.8923258859740665,1.1095162835596886,1.3535324065842431,1.6076787378015487,0.9017975811649852,0.36904573460468604,0.9568600244577128,7.53e-5,-0.003,0.30699999999999994,0.5872523687443223,0.02426313994097758,0.15640317417164368,0.5603981633974483
0.3052908288456748,-0.0030753,1.0,23.558580462678037,-1153.973988109838,-1152.525420487817,0.014285953880651549,0.061328262115285,-0.033258254158777166,-0.304355171955116,0.0,0.1514705356984371,0.8027979349745196,0.8846741430283007,1.1091535111419712,1.3755421847826597,1.5935111146206349,0.9041711392436134,0.36794907874158095,0.9485068716198388,7.53e-5,-0.003,0.30699999999999994,0.5872523687443223,0.024285395507162418,0.1564754797351006,0.5853981633974483
0.3285510962722743,-0.0030753,1.0,20.994614737951906,-1152.7551830962839,-1151.243437625454,0.011284758890857421,0.06507238227464161,-0.012592130418025396,-0.2948190200428712,0.0,0.06496830047851385,0.8124520136747375,0.8784351784768715,1.1103526916810944,1.4024724663035772,1.5784681241092136,0.9062258851838956,0.36336233535271256,0.9404859540451698,7.53e-5,-0.003,0.30699999999999994,0.5872523687443223,0.024288745968890534,0.1564863621697336,0.6103981633974482
0.3522398966693302,-0.0030753,1.0,18.827825000717894,-1151.727025442892,-1150.160042756837,0.008596623898079914,0.06863415898887522,0.003900285688453166,-0.28617600019585127,0.0,-0.011571332273451203,0.8188186021181936,0.8719284543232354,1.1096101232387992,1.4194394515890667,1.5655208583949096,0.9085433844424969,0.3651353514049505,0.9338828257218663,7.53e-5,-0.003,0.30699999999999994,0.5872523687443223,0.024310253053544385,0.15655620062601708,0.6353981633974483
0.3762980203727385,-0.0030753,1.0,17.040883940437197,-1150.8721115700062,-1149.2665722266966,0.006172095283679651,0.07214050234037982,0.02077482362274242,-0.27787026305434565,0.0,-0.08112116927764997,0.8254131168221287,0.8671872838999216,1.1094983692462064,1.4367403333799227,1.5550852440905538,0.9105633580992462,0.3660149504855138,0.9276792464186515,7.53e-5,-0.003,0.30699999999999994,0.5872523687443223,0.024332332587150604,0.15662786662661682,0.6603981633974483
0.4006653346024694,-0.0030753,1.0,15.60514651632593,-1150.195177067994,-1148.548703514641,0.004162569757534829,0.07527873821056459,0.03380747710446419,-0.2700753194394847,0.0,-0.13895397444127627,0.8297242430801901,0.8628248226952165,1.1077985095986629,1.4446734880151149,1.5464132144584024,0.9126183029784685,0.37087153472805245,0.9226998015130824,7.53e-5,-0.003,0.30699999999999994,0.5872523687443223,0.024363072516422328,0.15672758986197116,0.6853981633974483
0.42528093376320036,-0.0030753,1.0,14.485980651132195,-1149.664370817625,-1147.989120582044,0.0026605022780638947,0.07862843934977835,0.048389802073489835,-0.2619790222171887,0.0,-0.18601586525037436,0.8356837425348744,0.8593177502413418,1.1075976014177435,1.4560670384472534,1.5373186709618931,0.9141637192401809,0.3726536467491803,0.9181264084234073,7.53e-5,-0.003,0.30699999999999994,0.5872523687443223,0.02437658733837843,0.1567714138076965,0.7103981633974483
0.4500832916765859,-0.0030753,1.0,13.648059658296006,-1149.2676101095,-1147.570160085626,0.001442411443464208,0.08109920382813501,0.05744256026406121,-0.2570171462656881,0.0,-0.2202113571439368,0.8401546727503981,0.856760686367109,1.1068909017878608,1.4619168441678956,1.532495767023371,0.9155573270016846,0.37602449638886615,0.9145917668121015,7.53e-5,-0.003,0.30699999999999994,0.5872523687443223,0.024387420388729188,0.15680653313345458,0.7353981633974482
0.47501041536466077,-0.0030753,1.0,13.060217542156806,-1148.988617016294,-1147.2762390275564,0.0006630113910870282,0.08298068928113433,0.062677139690297,-0.2573672443988924,0.0,-0.2389742620180876,0.8431465786048573,0.8553752203895,1.106276706986021,1.4647228910393733,1.5299152147400976,0.916581517019478,0.37935307753179365,0.9121033972360003,7.53e-5,-0.003,0.30699999999999994,0.5872523687443223,0.02440426795930931,0.15686113563615436,0.7603981633974483
0.4999999999999999,-0.0030753,1.0,12.701102743095817,-1148.8338704150115,-1147.0966816280259,0.0003831439023461783,0.08452485361495445,0.06609070313836304,-0.2555272279300248,0.0,-0.24663462829698007,0.8463738625944544,0.8552346749618529,1.1054530803732865,1.463417427449198,1.5281590462804213,0.9172189424330277,0.3824234343325285,0.9102902875403043,7.53e-5,-0.003,0.30699999999999994,0.5872523687443223,0.024403445494064233,0.15685847047614132,0.7853981633974483
0.5249895846353393,-0.0030753,1.0,12.561751245984851,-1148.7654029222574,-1147.0270058794704,0.0004703897769896548,0.08568090605249176,0.06447927839654924,-0.2601535232843246,0.0,-0.2399091315858849,0.8465000160746423,0.855984313808196,1.1052257497688363,1.4610654358127122,1.5300517859712466,0.9173517578069559,0.38440407604500904,0.9097643341389561,7.53e-5,-0.003,0.30699999999999994,0.5872523687443223,0.02443347908042977,0.1569557645251622,0.8103981633974483
0.5499167083234141,-0.0030753,1.0,12.648427199657817,-1148.8160701606553,-1147.0703438563069,0.001001723392431633,0.08689372094501158,0.061582950260778285,-0.2634926270226362,0.0,-0.21921490490573078,0.8473325500780168,0.8564299407009848,1.1047320797010833,1.454121081906413,1.533498536495544,0.9171372499250868,0.3871775926414592,0.9100315284889806,7.53e-5,-0.003,0.30699999999999994,0.5872523687443223,0.024442453229590894,0.15698482504074623,0.8353981633974483
0.5747190662367996,-0.0030753,1.0,12.980187381179348,-1148.9902803139557,-1147.2362239470676,0.0019791099756537585,0.08793665947441891,0.05643336937655953,-0.2695028938505038,0.0,-0.18645767788990933,0.8473406552806326,0.8587861492950095,1.1041843584341233,1.443733610851213,1.5388055146567545,0.9166520276428867,0.38981904328072503,0.9111629276310415,7.53e-5,-0.003,0.30699999999999994,0.5872523687443223,0.024459637149269926,0.1570404563136074,0.8603981633974482
0.5993346653975306,-0.0030753,1.0,13.586846774651349,-1149.2925513376097,-1147.5395536438036,0.003331168751377716,0.08785598189229975,0.045011148377561046,-0.2798147298685138,0.0,-0.13902668449064925,0.8450786745947492,0.8621084690374601,1.1033045990066916,1.4285533261406662,1.547696020128887,0.9159040933789107,0.39403967471224194,0.9134789180675069,7.53e-5,-0.003,0.30699999999999994,0.5872523687443223,0.024478399821454975,0.15710117689135894,0.8853981633974483
0.6237019796272614,-0.0030753,1.0,14.503468254799373,-1149.7528901862165,-1147.9978643838776,0.005279964320606592,0.08880768091024276,0.036911921811378555,-0.2890603362748944,0.0,-0.08202147725603054,0.8447044517797111,0.8662300338089816,1.1031100597814816,1.414064346363038,1.554714834300111,0.9144749361364753,0.394529646426525,0.9160593199232545,7.53e-5,-0.003,0.30699999999999994,0.5872523687443223,0.0244890030603427,0.15713548152222512,0.9103981633974483
0.6477601033306698,-0.0030753,1.0,15.765976350120127,-1150.3654550935962,-1148.629118431538,0.007344019524153988,0.08927625947838386,0.02384063431437594,-0.3010760492645656,0.0,-0.014682056070507923,0.8420068718267864,0.8701799440462072,1.1023013989809225,1.394099856777939,1.5675968259873554,0.9130342935694682,0.3979983134499573,0.9198607202210236,7.53e-5,-0.003,0.30699999999999994,0.5872523687443223,0.024510001762768102,0.15720339720853702,0.9353981633974483
0.6714489037277258,-0.0030753,1.0,17.40479704117888,-1151.161158468918,-1149.4485287770674,0.009909573462622067,0.08856054177765442,0.006677565180198221,-0.31502607974479235,0.0,0.0626925230402397,0.8380517310287554,0.8762206792801379,1.101417239920262,1.371708938547997,1.5803414748529325,0.9113575217309835,0.40242940246925935,0.9245447744990556,7.53e-5,-0.003,0.30699999999999994,0.5872523687443223,0.024523798747259448,0.1572480050829902,0.9603981633974483
0.6947091711543253,-0.0030753,1.0,19.440895228684894,-1152.147430811875,-1150.4665778708204,0.012792308956653951,0.08839467406713739,-0.0094226469602609,-0.3298061119527957,0.0,0.14819468997955634,0.8344846753102744,0.8830251074538616,1.1003583700214175,1.3469036153886154,1.594199606358199,0.9095657309996563,0.40767834121437685,0.9298167008359997,7.53e-5,-0.003,0.30699999999999994,0.5872523687443223,0.024542802853051843,0.15730942839578957,0.9853981633974482
0.7174827670556151,-0.0030753,1.0,21.882289855293948,-1153.3214985989305,-1151.687275184125,0.016015882107356712,0.08775874439391283,-0.028013591023078252,-0.34497250332676005,0.0,0.23964367560404823,0.8290937372324709,0.8902891128040176,1.0987225474644131,1.3183779464339564,1.6089358750813325,0.9078181225602441,0.41636440790306034,0.9361239051355568,7.53e-5,-0.003,0.30699999999999994,0.5872523687443223,0.02456344737364497,0.15737612744093574,1.0103981633974484
0.7397127693021015,-0.0030753,1.0,24.722873104672544,-1154.674729112703,-1153.1075668088142,0.019473197372790935,0.08659864404920267,-0.04797178320185459,-0.36093435509889693,0.0,0.33517884574407664,0.8227138202079742,0.8981047373238273,1.0970370181154816,1.2887910320498341,1.6248122018051294,0.9060485782334656,0.42638494501457747,0.9431474858631108,7.53e-5,-0.003,0.30699999999999994,0.5872523687443223,0.024581434438931175,0.1574342184154304,1.0353981633974483
0.26028723069789844,-0.0030003,1.0,29.070545626510466,-1155.8035143786335,-1155.2814030697332,0.021138370231564202,0.053763977972495866,-0.07281649166007916,-0.32489904500682265,0.0,0.3369122729202995,0.7964156482345263,0.9184217503272081,1.1573460251464724,1.499975447310752,1.6420945238760047,0.9008372371645542,0.3343381637868898,0.9705255394700749,7.53e-5,-0.002925,0.30699999999999994,0.5872523687443223,0.024244072626206137,0.15634120111604424,0.5353981633974483
0.28251723294438486,-0.0030003,1.0,25.674445174770426,-1154.3337314289788,-1153.5833528438632,0.01712973714463489,0.060068414917289883,-0.0472759153533131,-0.31325160458894447,0.0,0.24636523227683055,0.8039174968323977,0.9096598204831697,1.1503351849458188,1.4999591791346496,1.6272855161466615,0.9033962080951627,0.3391937182065754,0.9616292204490972,7.53e-5,-0.002925,0.30699999999999994,0.5872523687443223,0.024249744572389473,0.1563596386974554,0.5603981633974483
0.3052908288456748,-0.0030003,1.0,22.698703880638732,-1153.0461225938227,-1152.0954821967973,0.01345575937785864,0.06297523027402102,-0.0337576711939229,-0.29970695799655683,0.0,0.1580893337805439,0.8114195076864866,0.9012857041718642,1.14378929621803,1.4999555153987014,1.6121779320606047,0.9059136109176642,0.34454141787708825,0.953244029730795,7.53e-5,-0.002925,0.30699999999999994,0.5872523687443223,0.024265463937494625,0.15641072605858172,0.5853981633974483
0.3285510962722743,-0.0030003,1.0,20.142337877006867,-1151.9409672328711,-1150.8172991949814,0.010137596307005189,0.06662340195295856,-0.014435803248593473,-0.28805417942043493,0.0,0.07697557155350379,0.8184710788466149,0.8941783380984726,1.1376697221117544,1.4999884494690745,1.5974214464948426,0.9081220224862837,0.3487043340488485,0.9451802620320002,7.53e-5,-0.002925,0.30699999999999994,0.5872523687443223,0.0242893931847727,0.15648846426863747,0.6103981633974482
0.3522398966693302,-0.0030003,1.0,17.99221816080444,-1151.0047804939074,-1149.7422393368802,0.007213251343634994,0.06935205506270462,-0.0004761168008965753,-0.2802997802931437,0.0,0.0018987105375513332,0.8247305921664155,0.8867927752316662,1.1321546823577822,1.499989405953383,1.5838058965428932,0.9102109241950591,0.3534105513731348,0.937929376306889,7.53e-5,-0.002925,0.30699999999999994,0.5872523687443223,0.02430719108147463,0.15654625953719853,0.6353981633974483
0.3762980203727385,-0.0030003,1.0,16.224433655965186,-1150.2427084960273,-1148.8583470844605,0.004705277021285054,0.07289578320662311,0.017880544816358687,-0.27237723172855105,0.0,-0.06658986394473586,0.831384568720736,0.8814903382988044,1.1272445319859616,1.4999878647748894,1.5711976805712107,0.9118880838829937,0.3569355929054968,0.9310224736149297,7.53e-5,-0.002925,0.30699999999999994,0.5872523687443223,0.02431524815957384,0.1565724165744196,0.6603981633974483
0.4006653346024694,-0.0030003,1.0,14.807280893815914,-1149.6209164368297,-1148.149770703386,0.0025583372202490594,0.0763492386740356,0.03340873834269199,-0.2670443817312185,0.0,-0.12214550749151948,0.8367594009005842,0.8761979971773485,1.123188811063233,1.4999874592046694,1.561263009467969,0.9136560024992183,0.3614903743296397,0.9252905439707162,7.53e-5,-0.002925,0.30699999999999994,0.5872523687443223,0.02434684133018259,0.15667494200873347,0.6853981633974483
0.42528093376320036,-0.0030003,1.0,13.705192393635116,-1149.13370765652,-1147.5987264532955,0.0008440282971618019,0.07894947845666227,0.0449050639751591,-0.25588481956731435,0.0,-0.16996230997067877,0.8407007925549578,0.8717948358107716,1.1199397135272573,1.49986022294463,1.5530183286874752,0.9150641421979256,0.3658852319388748,0.9206053680880828,7.53e-5,-0.002925,0.30699999999999994,0.5872523687443223,0.02437152788370427,0.15675500911392073,0.7103981633974483
0.4500832916765859,-0.0030003,1.0,12.881973178520639,-1148.7746692102928,-1147.1871168457383,-0.0003755436412320328,0.08141749734725677,0.054514790594644404,-0.25639853470702756,0.0,-0.20240688232262372,0.8456644555019857,0.8696219883225625,1.1176086035052206,1.4999635949036039,1.5471934726008434,0.9162540141637447,0.3693472494070892,0.9166434278032013,7.53e-5,-0.002925,0.30699999999999994,0.5872523687443223,0.02437270964825857,0.1567588409967397,0.7353981633974482
0.47501041536466077,-0.0030003,1.0,12.307963890892097,-1148.5188912351482,-1146.900112201924,-0.0010295283957428931,0.08365174009832345,0.06152683508806063,-0.2557332177795176,0.0,-0.22352679254618157,0.8487675457168375,0.8673342684829075,1.116156385782624,1.4999400710781559,1.5419320997603272,0.9171847762808111,0.3729223598781435,0.9140821679324458,7.53e-5,-0.002925,0.30699999999999994,0.5872523687443223,0.024386730323989927,0.15680429626106876,0.7603981633974483
0.4999999999999999,-0.0030003,1.0,11.962291145128347,-1148.3635002932756,-1146.7272758290421,-0.0014204961202361449,0.086436191937622,0.06619233180638011,-0.2527139776710114,0.0,-0.2311213661681302,0.8512765480377835,0.8679172927763742,1.1156125352075326,1.4999867071068782,1.5414856909521455,0.9175746517309167,0.37448241339095184,0.9121339354603785,7.53e-5,-0.002925,0.30699999999999994,0.5872523687443223,0.024412364139274136,0.15688736859060523,0.7853981633974483
0.5249895846353393,-0.0030003,1.0,11.849999596971884,-1148.5264908983804,-1146.671130054964,-0.001322418574907022,0.08572177597860407,0.061476675477365426,-0.2613801736341388,0.0,-0.2242416085934804,0.8480321473351059,0.8609516814526953,1.0965635424729325,1.4251975694240357,1.538071696578017,0.9173400054812693,0.3946082109329052,0.9098950576448148,7.53e-5,-0.002925,0.30699999999999994,0.5872523687443223,0.02444668531631864,0.15699852778000212,0.8103981633974483
0.5499167083234141,-0.0030003,1.0,11.946184326080584,-1148.5567119576065,-1146.7192224195182,-0.0006682313860090278,0.08797161593370217,0.06318592932328573,-0.26185634929710033,0.0,-0.20631536941473078,0.8517251875886911,0.8624089582707255,1.0996618051648754,1.4330029088169818,1.53958584156811,0.9168526933725392,0.39043463979598636,0.9097741171470637,7.53e-5,-0.002925,0.30699999999999994,0.5872523687443223,0.024436146657927378,0.15696440334454365,0.8353981633974483
0.5747190662367996,-0.0030003,1.0,12.29221942760887,-1148.7547008765061,-1146.8922399702824,0.0002667517290787336,0.08728460324294225,0.0531431509042634,-0.27149786347112315,0.0,-0.16920549585932815,0.8498071574605299,0.8642860971495745,1.096768682623446,1.4135113304197227,1.5458429486035439,0.9164011987084941,0.39650098821515756,0.9110572868866369,7.53e-5,-0.002925,0.30699999999999994,0.5872523687443223,0.02445293425279415,0.15701875860361844,0.8603981633974482
0.5993346653975306,-0.0030003,1.0,12.915548349292749,-1149.0669013860381,-1147.2039044311243,0.00178080264545651,0.08789676685117762,0.0453291085332131,-0.27957024986842655,0.0,-0.12501097411012882,0.8491970563675872,0.8671839392302294,1.0965511538735866,1.4019362820934351,1.5519540150685134,0.9153356892857276,0.39759630558594383,0.9129349931475046,7.53e-5,-0.002925,0.30699999999999994,0.5872523687443223,0.02446300360797483,0.15705135266502981,0.8853981633974483
0.6237019796272614,-0.0030003,1.0,13.852012223089787,-1149.5359622784692,-1147.6721363680228,0.003556623035825344,0.08813600037997299,0.03418242249640354,-0.2894272252175949,0.0,-0.06503352484413567,0.8474338838272051,0.8705498018544561,1.0952128203077665,1.3827996967602272,1.5616196248961436,0.9141993798073886,0.40177806934372845,0.9158859002756394,7.53e-5,-0.002925,0.30699999999999994,0.5872523687443223,0.024475513419092196,0.15709183726718637,0.9103981633974483
0.6477601033306698,-0.0030003,1.0,15.137057570474553,-1150.1810559559926,-1148.3146590417152,0.005829892381196715,0.08842693469332291,0.020686721760214993,-0.3001081644168401,0.0,0.0004611673676314462,0.8434287109629957,0.8741129381826589,1.0923892232867436,1.3560689271855764,1.5716250028834078,0.9126818655623263,0.40772352819554375,0.9197017908869655,7.53e-5,-0.002925,0.30699999999999994,0.5872523687443223,0.02450318469859247,0.15718135202354838,0.9353981633974483
0.6714489037277258,-0.0030003,1.0,16.801967486422654,-1150.9988623311974,-1149.1471139996893,0.008450950297200305,0.08847156659962302,0.005144439320950013,-0.3145802829187791,0.0,0.07856018134074486,0.8398219733966867,0.8792815390171353,1.0904894183609595,1.3307290868942836,1.583409517013809,0.9110334394899426,0.4130299013571001,0.9242708218418221,7.53e-5,-0.002925,0.30699999999999994,0.5872523687443223,0.024524603578814815,0.15725060685546888,0.9603981633974483
0.6947091711543253,-0.0030003,1.0,18.867402956801016,-1151.9978719189717,-1150.1798317348785,0.011341126057115814,0.08811235142570546,-0.010546146319281685,-0.3278586094812372,0.0,0.16281736662777746,0.8361902517687355,0.8862776533519876,1.0893263431567477,1.3061777451365988,1.5978652114666745,0.9092996967180643,0.4191858927899915,0.9295395077417496,7.53e-5,-0.002925,0.30699999999999994,0.5872523687443223,0.024539439730094165,0.15729856010959276,0.9853981633974482
0.7174827670556151,-0.0030003,1.0,21.341174734111974,-1153.18583193683,-1151.416717623534,0.014528009294781447,0.08732002704700823,-0.02930389085057582,-0.3427461221337122,0.0,0.25310810598277733,0.8300327509412224,0.8922956418295814,1.0869498578872383,1.276052590159934,1.6130466429275994,0.9075098056845907,0.4286043658653392,0.9358618977305526,7.53e-5,-0.002925,0.30699999999999994,0.5872523687443223,0.024551304196902893,0.15733689814794197,1.0103981633974484
0.7397127693021015,-0.0030003,1.0,24.21703973463582,-1154.5587494441609,-1152.8546501237959,0.01797473125816584,0.08608746008714697,-0.0499126992676191,-0.3565426115985674,0.0,0.3502033204678332,0.8238059563337382,0.9002155842941663,1.0848180982564704,1.245900019784292,1.6288390399723576,0.9057369304185523,0.43909869898836396,0.9427584790064316,7.53e-5,-0.002925,0.30699999999999994,0.5872523687443223,0.024573910535283416,0.15740992175923638,1.0353981633974483
0.26028723069789844,-0.0029253,1.0,27.656521025280654,-1155.0507804778592,-1154.5743907691183,0.020082059429147373,0.053644136601727475,-0.07723181109838677,-0.319072198272143,0.0,0.3543369279418558,0.7970593320761359,0.925322088731297,1.1588598362905986,1.499975709234075,1.654069448841919,0.9022434816669833,0.34139118267975527,0.9730493778528239,7.53e-5,-0.00285,0.30699999999999994,0.5872523687443223,0.02421655233346864,0.1562517120651466,0.5353981633974483
0.28251723294438486,-0.0029253,1.0,24.22282310022456,-1153.5570938530861,-1152.8575418065902,0.015959907877217634,0.05844263891042753,-0.05916954283870693,-0.301507332674524,0.0,0.26502771649135215,0.8038850572736989,0.9192499318529238,1.1522606956808592,1.499990442979639,1.6413272683766043,0.9053364036512704,0.34904754293325674,0.9648107053887687,7.53e-5,-0.00285,0.30699999999999994,0.5872523687443223,0.024239453250169313,0.1563261835306937,0.5603981633974483
0.3052908288456748,-0.0029253,1.0,21.231880199315583,-1152.262696194464,-1151.3620703561357,0.012166218499722638,0.06038628875570636,-0.039728382635804145,-0.2877733113851691,0.0,0.18109076136190594,0.8125270527134261,0.9106462116703528,1.1459816168099686,1.4999614307294042,1.6280290709353618,0.908280752015614,0.3562901553004936,0.956763134756162,7.53e-5,-0.00285,0.30699999999999994,0.5872523687443223,0.024260134648453707,0.15639340787272996,0.5853981633974483
0.3285510962722743,-0.0029253,1.0,18.681011363854395,-1151.1475752646206,-1150.0866359384052,0.008753370652652623,0.06669262504490456,-0.026552644783006507,-0.2715524955819903,0.0,0.10221430532233064,0.8180373689615265,0.9045600819292468,1.1403591938676172,1.4999933472724092,1.6156202860104707,0.9112143697064479,0.3652906855174849,0.9497772232855282,7.53e-5,-0.00285,0.30699999999999994,0.5872523687443223,0.02428847422502709,0.1564854795619951,0.6103981633974482
0.3522398966693302,-0.0029253,1.0,16.55404828914334,-1150.2280985877505,-1149.0231544010496,0.005781547429117462,0.06986316715142729,-0.009057740983703925,-0.26107301703412467,0.0,0.02973200683955659,0.8243348755190426,0.8991885203045373,1.135125413553382,1.4999654648765188,1.6031523034383528,0.9137024019179305,0.37234443965220954,0.9429712033520782,7.53e-5,-0.00285,0.30699999999999994,0.5872523687443223,0.024296010038938776,0.15650995364853984,0.6353981633974483
0.3762980203727385,-0.0029253,1.0,14.821103411044533,-1149.470441395618,-1148.1566819620002,0.0030278923810176713,0.07281121232456524,0.004264477581761178,-0.2540837991709623,0.0,-0.036115256649980894,0.8301739511030667,0.894674967506687,1.1306181223295324,1.499992537191797,1.595011284089466,0.9160672487195387,0.3792545826978426,0.9368673346862549,7.53e-5,-0.00285,0.30699999999999994,0.5872523687443223,0.024325743949037984,0.1566064844703616,0.6603981633974483
0.4006653346024694,-0.0029253,1.0,13.44514286169806,-1148.8838775264726,-1147.468701687327,0.0008942729001193376,0.0756711047238321,0.019204716280135287,-0.24326317041685688,0.0,-0.08935233386199744,0.8363662394100461,0.8907022798094277,1.126719193561299,1.4999398615356858,1.5843990193528992,0.9180023701216017,0.38476878009489796,0.9312791670736202,7.53e-5,-0.00285,0.30699999999999994,0.5872523687443223,0.024328504581005144,0.15661544391343993,0.6853981633974483
0.42528093376320036,-0.0029253,1.0,12.383395875278893,-1148.4151067540374,-1146.9378281941174,-0.0009096756273267075,0.07872036870251585,0.029639311393821033,-0.23901791927418092,0.0,-0.1347957422716079,0.8399737359892286,0.8872666590536886,1.123622340623296,1.499977761733758,1.5781495493715485,0.9195932566325002,0.3898447017119171,0.9268252411071878,7.53e-5,-0.00285,0.30699999999999994,0.5872523687443223,0.02435213018594359,0.1566920989431921,0.7103981633974483
0.4500832916765859,-0.0029253,1.0,11.596490463553437,-1148.0724255093878,-1146.5443754882547,-0.0021669952403726394,0.0811146031364365,0.03806188822650248,-0.2344341120986334,0.0,-0.16733430318700598,0.84359711051136,0.8856341819389077,1.121386682352555,1.4999699309828254,1.5727570887446805,0.9209121635542258,0.39449028434892297,0.923266929517129,7.53e-5,-0.00285,0.30699999999999994,0.5872523687443223,0.02436993455023046,0.1567498425715628,0.7353981633974482
0.47501041536466077,-0.0029253,1.0,11.050409659927936,-1147.8360841085907,-1146.271335086442,-0.002937403725024512,0.08291586684890263,0.04451544593625817,-0.23160954179397789,0.0,-0.18870854003733023,0.8471356160554602,0.8847234979345919,1.1199817724454557,1.4999916813758483,1.5687901853022725,0.921821878649647,0.3981112331933316,0.9204959477363323,7.53e-5,-0.00285,0.30699999999999994,0.5872523687443223,0.024385160861305457,0.15679920867025465,0.7603981633974483
0.4999999999999999,-0.0029253,1.0,10.723004657942056,-1147.6886556056504,-1146.107632585449,-0.0032214837034743853,0.08426535064045079,0.047123708838268795,-0.2331044450862126,0.0,-0.19573752905922753,0.8494591402980836,0.8846976760279223,1.11949113398292,1.49999855961747,1.5675781415595225,0.9223807548469226,0.4008183170338493,0.9189076545770211,7.53e-5,-0.00285,0.30699999999999994,0.5872523687443223,0.02439610540696957,0.1568346833290515,0.7853981633974483
0.5249895846353393,-0.0029253,1.0,10.606284224853425,-1147.6274635148134,-1146.0492723689047,-0.003056283781111214,0.08552673803877879,0.04789392494942736,-0.23499653339190307,0.0,-0.1904825197629022,0.8514734293285262,0.883014616004954,1.1197980069877154,1.4999772458808422,1.5680161302277096,0.9224506844065352,0.40147857260339676,0.9183150077706819,7.53e-5,-0.00285,0.30699999999999994,0.5872523687443223,0.024406031947550862,0.15686685160957306,0.8103981633974483
0.5499167083234141,-0.0029253,1.0,10.707272278438722,-1147.6633925334356,-1146.0997663956973,-0.0025110286228710744,0.08652824320944721,0.045561545205620294,-0.23922356358293653,0.0,-0.17038005892032826,0.8524300265001072,0.8855377382414752,1.1210266758279512,1.4999960378550834,1.5721090031225655,0.9220736672680145,0.4009603768648582,0.918465065352386,7.53e-5,-0.00285,0.30699999999999994,0.5872523687443223,0.02441952051290114,0.15691055288695469,0.8353981633974483
0.5747190662367996,-0.0029253,1.0,11.0495829583474,-1147.8105520882118,-1146.2709217356517,-0.0013819040410766167,0.08671100074257446,0.041183481314885736,-0.24387057195757944,0.0,-0.13513250157144585,0.8540146610437388,0.8877555379707853,1.1231083609222303,1.499873021698476,1.5763261115499962,0.9214761872207458,0.4003535360685652,0.9196515607341916,7.53e-5,-0.00285,0.30699999999999994,0.5872523687443223,0.024412795919758524,0.1568887675112448,0.8603981633974482
0.5993346653975306,-0.0029253,1.0,11.664603889558293,-1148.0589625550415,-1146.578432201257,0.0001276572571369113,0.08716877323149529,0.03260461763155557,-0.2520677601553581,0.0,-0.09406423598147153,0.852576457421028,0.8918113691435823,1.1261331940537782,1.499990234285805,1.5851555558699495,0.9203981192163969,0.3982982712568305,0.9220779934594528,7.53e-5,-0.00285,0.30699999999999994,0.5872523687443223,0.02443413931389372,0.15695790270178772,0.8853981633974483
0.6237019796272614,-0.0029253,1.0,12.596856926454166,-1148.459805069041,-1147.044558719705,0.002254891924724281,0.08761726178909456,0.02539448922176597,-0.26296596577417275,0.0,-0.037838212959709905,0.8523640793987401,0.8947463535434524,1.129681465702431,1.4999080694604825,1.5919911369347086,0.9187176610266721,0.3941792688059936,0.9250442508924321,7.53e-5,-0.00285,0.30699999999999994,0.5872523687443223,0.024454597077435174,0.15702414154504923,0.9103981633974483
0.6477601033306698,-0.0029253,1.0,13.888346840210943,-1149.0082331044728,-1147.6903036765834,0.004643758385980737,0.08702019340139136,0.012824394744883923,-0.27733709244693866,0.0,0.025283777095964396,0.8505705529624848,0.8999407245578273,1.1340798096730866,1.4999268146501157,1.6036774482121752,0.9169420761093583,0.3896046884454324,0.9288455729258298,7.53e-5,-0.00285,0.30699999999999994,0.5872523687443223,0.024462458494726703,0.1570495883247944,0.9353981633974483
0.6714489037277258,-0.0029253,1.0,15.580125232977025,-1149.7228752469332,-1148.5361928729665,0.00751095324053512,0.08698460130910513,-0.0011973367320981699,-0.29408904834674127,0.0,0.09601483902194721,0.8465208550843945,0.9048741899989612,1.1391304320227218,1.4999901659085466,1.6162086347597877,0.9147889286252501,0.38514179107588953,0.9338302059499275,7.53e-5,-0.00285,0.30699999999999994,0.5872523687443223,0.024488983247528733,0.1571354174286327,0.9603981633974483
0.6947091711543253,-0.0029253,1.0,17.70555939807673,-1150.6438538481052,-1149.5989099555163,0.010966051718860252,0.08610511028693887,-0.014636384900269686,-0.315501210772609,0.0,0.1739088853978061,0.8435616240109933,0.9111008172101834,1.1446296179123598,1.4999316668430118,1.6271273741329781,0.9122399362873957,0.37932405342277,0.9391366058817516,7.53e-5,-0.00285,0.30699999999999994,0.5872523687443223,0.024503680557014282,0.1571829556431696,0.9853981633974482
0.7174827670556151,-0.0029253,1.0,20.284052483588766,-1151.7599929904181,-1150.8881564982723,0.014589666657371832,0.0851583651294465,-0.0299740494807509,-0.3311116419037413,0.0,0.2583230725527596,0.8396349948619163,0.9172883229089565,1.1506681761394877,1.4999957594664042,1.6396045333737084,0.9095597837118318,0.3728081716091135,0.9450156599872183,7.53e-5,-0.00285,0.30699999999999994,0.5872523687443223,0.024519509874085493,0.15723413977537523,1.0103981633974484
0.7397127693021015,-0.0029253,1.0,23.32190324034309,-1153.0816571902099,-1152.4070818766495,0.018593138926586147,0.0830290034526632,-0.042667944347308764,-0.35314168410936736,0.0,0.3448055920764389,0.8366291904230889,0.92368836578793,1.1571038847517268,1.499921213918758,1.6530107096316904,0.9067222642240658,0.3668245104039086,0.9513163109402554,7.53e-5,-0.00285,0.30699999999999994,0.5872523687443223,0.024525126389097908,0.15725229691775688,1.0353981633974483
0.26028723069789844,-0.0028503,1.0,26.116435943059514,-1154.2681974551574,-1153.8043482280077,0.019083304465673395,0.0531132620222819,-0.07825679330057865,-0.3221657431921714,0.0,0.36790545044376727,0.799592338315556,0.9295170362757879,1.1593881276621378,1.4999750122003277,1.661137467909173,0.9020123572962474,0.3395043940860004,0.9735038328605983,7.53e-5,-0.002775,0.30699999999999994,0.5872523687443223,0.02421384680507358,0.15624291169275248,0.5353981633974483
0.28251723294438486,-0.0028503,1.0,22.590759303912364,-1152.7273197134573,-1152.0415099084341,0.014824583682372303,0.055444292830538984,-0.06108055365240949,-0.2983540968873516,0.0,0.2815023734259104,0.8068843070398253,0.9239098404709177,1.1530303792301848,1.499967831853351,1.6496978114035277,0.9054387462953823,0.3485613979587113,0.9656110245595725,7.53e-5,-0.002775,0.30699999999999994,0.5872523687443223,0.024211371749684064,0.15623486056849922,0.5603981633974483
0.3052908288456748,-0.0028503,1.0,19.5228192653517,-1151.383950496424,-1150.5075398891538,0.01097111054046164,0.06043959955800518,-0.04534659288513221,-0.28579369952221595,0.0,0.1989470576776902,0.8143384663144088,0.9181355921343854,1.1471004084633685,1.49999516064967,1.6387306048368164,0.9088099288619039,0.3584474648982853,0.9582208403126187,7.53e-5,-0.002775,0.30699999999999994,0.5872523687443223,0.024241414207940244,0.15633255877223434,0.5853981633974483
0.3285510962722743,-0.0028503,1.0,16.91238741278994,-1150.2419484021107,-1149.202323962873,0.007524227449476825,0.06496258930947889,-0.03020247658637847,-0.2682798339004742,0.0,0.1214779007061621,0.8200235006393523,0.9132759667763176,1.141628695403671,1.499963883228879,1.626842710775478,0.911924548824115,0.3682574823955713,0.9516014170013443,7.53e-5,-0.002775,0.30699999999999994,0.5872523687443223,0.02428443891978473,0.15647237256644295,0.6103981633974482
0.3522398966693302,-0.0028503,1.0,14.741935626987015,-1149.296564822414,-1148.1170980699715,0.004324443815116585,0.06838537560889375,-0.014774537464350368,-0.252973843291338,0.0,0.052327293272448956,0.8269830602481094,0.9099036087980604,1.1368408660253129,1.4999768776816746,1.6179559061229436,0.9151066664442749,0.37834511784130986,0.9451220858255978,7.53e-5,-0.002775,0.30699999999999994,0.5872523687443223,0.02427804968752945,0.15645161765499357,0.6353981633974483
0.3762980203727385,-0.0028503,1.0,12.981824032483019,-1148.5227358766062,-1147.2370422727195,0.00165978103096924,0.07169000011949542,-0.0018305774524268437,-0.248336791098227,0.0,-0.010441159563720112,0.8318652079074904,0.9055090168574369,1.1324837957603981,1.499992236388791,1.6095015639712764,0.9176362480322507,0.3866524694921529,0.9395462844748809,7.53e-5,-0.002775,0.30699999999999994,0.5872523687443223,0.024309199596800213,0.15655278051117283,0.6603981633974483
0.4006653346024694,-0.0028503,1.0,11.592377382096402,-1147.9163410142205,-1146.5423189475262,-0.0006302301137207938,0.07518159670774656,0.010015426044201609,-0.23031531428443552,0.0,-0.06491512803448861,0.8364475777054929,0.9018950947228578,1.1289516349962576,1.4999583528455283,1.6017070451910684,0.9200895339599015,0.3953800946148422,0.9347793358755183,7.53e-5,-0.002775,0.30699999999999994,0.5872523687443223,0.024306583479003545,0.1565442868045026,0.6853981633974483
0.42528093376320036,-0.0028503,1.0,10.527932942834923,-1147.4529368858443,-1146.0100967278954,-0.0023680993591704697,0.07771208217934256,0.01886852222916015,-0.22355933442137765,0.0,-0.10790783046865107,0.8403190460638841,0.9005286670425386,1.1261326645807552,1.4999988552479366,1.5951805694093262,0.9221113033629788,0.40315490148052996,0.9307406326872962,7.53e-5,-0.002775,0.30699999999999994,0.5872523687443223,0.024330145265138266,0.15662076840725936,0.7103981633974483
0.4500832916765859,-0.0028503,1.0,9.745892409993303,-1147.1128658952025,-1145.6190764614746,-0.0036777322276962763,0.07974655273282677,0.02744334898648113,-0.21865118860753996,0.0,-0.13983095474073534,0.8444505687914942,0.8990918577229274,1.124032131722975,1.499998019241645,1.5909078745527983,0.9235291447823034,0.40813864227659563,0.9273548591809408,7.53e-5,-0.002775,0.30699999999999994,0.5872523687443223,0.024350668950594907,0.15668735890874647,0.7353981633974482
0.47501041536466077,-0.0028503,1.0,9.20921982922846,-1146.8771954863678,-1145.3507401710922,-0.004526409864426332,0.08186456719144337,0.03340783186694977,-0.21524400472692354,0.0,-0.1580157759934599,0.8473571959329776,0.8986480106923661,1.122748391868503,1.4999976298898674,1.5882381831264927,0.9246667154323998,0.4127038292751413,0.9248632534384184,7.53e-5,-0.002775,0.30699999999999994,0.5872523687443223,0.024367014466226418,0.15674037348109487,0.7603981633974483
0.4999999999999999,-0.0028503,1.0,8.893411421294331,-1146.7364299781984,-1145.1928359671251,-0.004834704605045932,0.08200326648086587,0.03439849569387629,-0.2151029086915441,0.0,-0.1637751798067126,0.8499199521707155,0.8981353802320119,1.1222981208057934,1.4999999653181817,1.586912309530867,0.9252607841623306,0.415422371390703,0.9233281327527854,7.53e-5,-0.002775,0.30699999999999994,0.5872523687443223,0.024369619352716473,0.15674882049274452,0.7853981633974483
0.5249895846353393,-0.0028503,1.0,8.789613156156975,-1146.6848265923686,-1145.1409368345564,-0.004686745806114098,0.08431656023942082,0.03730357366109709,-0.2179936094062756,0.0,-0.15985897511356553,0.8520167653033806,0.8979702490135526,1.122564896103598,1.4999911564764234,1.5877622980867363,0.9252285760559604,0.41578241577678493,0.9225139246074968,7.53e-5,-0.002775,0.30699999999999994,0.5872523687443223,0.024390988963328565,0.1568181003180608,0.8103981633974483
0.5499167083234141,-0.0028503,1.0,8.905961365114763,-1146.7227463732393,-1145.1991109390353,-0.00407454318561382,0.0852467229495014,0.035241476229907795,-0.22633666045916315,0.0,-0.13994349093697964,0.8527961339836568,0.8983996703057486,1.1236932619577886,1.4999786552936227,1.5911103326038558,0.9247190212871113,0.4148992648781623,0.9227461012958316,7.53e-5,-0.002775,0.30699999999999994,0.5872523687443223,0.02440445661989219,0.15686174697574182,0.8353981633974483
0.5747190662367996,-0.0028503,1.0,9.266360345653993,-1146.8764036810767,-1145.379310429305,-0.0028128155734840803,0.08556973445174623,0.03022369380005269,-0.23067026578190702,0.0,-0.11240926410604427,0.8533485415113548,0.899954244590233,1.125602758865251,1.4999881793264007,1.5937831548684995,0.9237480835074432,0.4122180775439702,0.9238223284056595,7.53e-5,-0.002775,0.30699999999999994,0.5872523687443223,0.024400443100975028,0.15684874099058846,0.8603981633974482
0.5993346653975306,-0.0028503,1.0,9.907961784217605,-1147.1427866166346,-1145.7001111485868,-0.0011917348934717604,0.0858962167268575,0.023685237730213887,-0.24771761113986893,0.0,-0.06812844880617422,0.8527463117272023,0.902723340179431,1.128316333321681,1.4999743641259475,1.6004944389655158,0.9224270746527973,0.4086782711831132,0.9258122736586873,7.53e-5,-0.002775,0.30699999999999994,0.5872523687443223,0.024419852141616367,0.15691162717459245,0.8853981633974483
0.6237019796272614,-0.0028503,1.0,10.875278698531474,-1147.5575684474625,-1146.1837696057437,0.0008616242803896378,0.08566165664701442,0.017336571671809683,-0.2581541262353894,0.0,-0.017544064312788002,0.8527975873709182,0.905473139974067,1.1317188776077924,1.4999858516491407,1.6083915952979628,0.9204243514249647,0.40240830706288433,0.9283258485409157,7.53e-5,-0.002775,0.30699999999999994,0.5872523687443223,0.024453789070758278,0.1570215258660098,0.9103981633974483
0.6477601033306698,-0.0028503,1.0,12.215665379871552,-1148.130828470004,-1146.8539629464137,0.003372615802961667,0.0856194247178815,0.0055374179837857284,-0.2698358065763652,0.0,0.045928066983657395,0.8503709213951101,0.9083412603516552,1.1358768350538988,1.499932667302252,1.617471826255548,0.9182622605323254,0.3964600621451373,0.9320917440261531,7.53e-5,-0.002775,0.30699999999999994,0.5872523687443223,0.02443958075866676,0.15697552383517172,0.9353981633974483
0.6714489037277258,-0.0028503,1.0,13.970973055721515,-1148.896129930611,-1147.7316167843387,0.006354297173429054,0.08500000757444304,-0.004941282265531474,-0.28498730424260205,0.0,0.11603865128851713,0.8485672511561688,0.9128937239392607,1.1405460161935705,1.4999685621594265,1.6267384288850548,0.9155728455217619,0.3882436919176497,0.9360464069646401,7.53e-5,-0.002775,0.30699999999999994,0.5872523687443223,0.02447285072184701,0.1570832210166945,0.9603981633974483
0.6947091711543253,-0.0028503,1.0,16.175478064148137,-1149.8516351302553,-1148.833869288552,0.009718284176160115,0.08369882193070811,-0.018161712373291807,-0.3107410781006099,0.0,0.19324335260406308,0.8456855851218494,0.9186036020338989,1.145889414849318,1.4999792957020843,1.6388820253273897,0.912773196010544,0.38112030035625766,0.9410310816254084,7.53e-5,-0.002775,0.30699999999999994,0.5872523687443223,0.024476267685079094,0.15709427792150982,0.9853981633974482
0.7174827670556151,-0.0028503,1.0,18.849308917443523,-1151.0199548492674,-1150.1707847151997,0.013562092119893968,0.08274817155840565,-0.0320505400627964,-0.32974069677820744,0.0,0.2753593968430358,0.8413032126893443,0.9240422584660236,1.151666825189733,1.4999955621545422,1.6487803057275559,0.9096960714400868,0.37311073894943186,0.9467091354489202,7.53e-5,-0.002775,0.30699999999999994,0.5872523687443223,0.024484649809615636,0.15712139833784405,1.0103981633974484
0.7397127693021015,-0.0028503,1.0,21.9971003903388,-1152.3999523759492,-1151.7446804516474,0.017592218940465084,0.08066050793006897,-0.046134655080002536,-0.34902381355239115,0.0,0.357872725671689,0.8375130612635977,0.930027384104695,1.1578337598579562,1.4999062284789364,1.660894485592971,0.9064705647652684,0.3650719729985932,0.9526179691716933,7.53e-5,-0.002775,0.30699999999999994,0.5872523687443223,0.024497154773791743,0.15716184981682849,1.0353981633974483
0.26028723069789844,-0.0027753,1.0,24.643332515582642,-1153.5753553431036,-1153.0677965142693,0.018132054579501077,0.05117803239713898,-0.07506326154878831,-0.33104589132068,0.0,0.37604083257954674,0.8064888801543085,0.9332539977521541,1.158854356515067,1.4999811487118722,1.662534881311112,0.9000759777511378,0.32809570633651386,0.9712455929967909,7.53e-5,-0.0027,0.30699999999999994,0.5872523687443223,0.024173213343865806,0.15611068400834194,0.5353981633974483
0.28251723294438486,-0.0027753,1.0,20.984600251622396,-1151.9541092797713,-1151.2384303822892,0.01388949653978784,0.05627288542079508,-0.057469217979736906,-0.31058522647693454,0.0,0.2902466544225578,0.8130216750785266,0.9279035940385638,1.1527785759237932,1.4999988888711626,1.6523364981500352,0.9038770582460355,0.3396271968834855,0.9640864751860292,7.53e-5,-0.0027,0.30699999999999994,0.5872523687443223,0.024198178739703615,0.156191938165495,0.5603981633974483
0.3052908288456748,-0.0027753,1.0,17.798858389549878,-1150.5433562858732,-1149.645559451253,0.009978853079750917,0.05895581825518846,-0.04365191682578875,-0.292364211648509,0.0,0.20956643747603126,0.8191420992832079,0.9233157051406073,1.1470778610427461,1.499999080491397,1.642213472954945,0.9074757852503741,0.35117562449162965,0.9572662872188105,7.53e-5,-0.0027,0.30699999999999994,0.5872523687443223,0.02420638761730531,0.15621864643304928,0.5853981633974483
0.3285510962722743,-0.0027753,1.0,15.086432405415053,-1149.3394560590584,-1148.2893464591855,0.006335677862501832,0.06348356214520469,-0.02891021506006722,-0.27485152153654574,0.0,0.13444908437399014,0.8247237350132423,0.919599274347479,1.14189627258708,1.499997595510395,1.6337948789198538,0.9109776742595384,0.36245391723295084,0.9509572998716114,7.53e-5,-0.0027,0.30699999999999994,0.5872523687443223,0.02422723112562555,0.15628644268834846,0.6103981633974482
0.3522398966693302,-0.0027753,1.0,12.831384815695856,-1148.343314985284,-1147.1618226643259,0.0031860858818549345,0.06773565912882847,-0.01445710202336178,-0.2603056745440525,0.0,0.06734535962508038,0.8303134688926452,0.9156061653447676,1.1372233681529023,1.4999875311355964,1.624520633160465,0.9142489895876551,0.3735279333136311,0.9451771906002684,7.53e-5,-0.0027,0.30699999999999994,0.5872523687443223,0.02425890437314112,0.1563894096769654,0.6353981633974483
0.3762980203727385,-0.0027753,1.0,11.003406172201721,-1147.541991220446,-1146.2478333425788,0.0004050696327014048,0.06985444881059068,-0.0025368248884055722,-0.24952382885052155,0.0,0.00610082507223221,0.8369080618952772,0.9126829173941491,1.1331415797264135,1.499993012648368,1.6171705613245213,0.9171912621242749,0.3837389979451047,0.9396880567125298,7.53e-5,-0.0027,0.30699999999999994,0.5872523687443223,0.024274077217307767,0.15643871205965637,0.6603981633974483
0.4006653346024694,-0.0027753,1.0,9.562124993892667,-1146.9064094316802,-1145.5271927534243,-0.0019110503528455046,0.07292494749273955,0.008840484751214198,-0.23596366630445686,0.0,-0.0473913240413081,0.8408474316621344,0.9109916821829505,1.1297164436588036,1.4999887730836095,1.6105915922509029,0.9197238885400083,0.39268532870199835,0.9351204659891157,7.53e-5,-0.0027,0.30699999999999994,0.5872523687443223,0.024297618414651233,0.15651517669612677,0.6853981633974483
0.42528093376320036,-0.0027753,1.0,8.461925793067621,-1146.4181635690716,-1144.9770931530118,-0.003766508079257157,0.07686481053475792,0.018389208925263415,-0.22365102453998637,0.0,-0.08794522132837086,0.8438307863890643,0.9092943269055623,1.1270586553155402,1.4999988075156185,1.605428320379242,0.9219363541117054,0.40126036125201836,0.9315036327740205,7.53e-5,-0.0027,0.30699999999999994,0.5872523687443223,0.024294130485133025,0.15650384976220333,0.7103981633974483
0.4500832916765859,-0.0027753,1.0,7.658427391193527,-1146.0699815498738,-1144.5753439520747,-0.00508426820836319,0.07807528248852416,0.02531699025906693,-0.2165785242629489,0.0,-0.11818723012091686,0.8484487943062333,0.9079503921713878,1.1250674218711234,1.4999969353166234,1.6008545873832283,0.9236303340356768,0.40755361472786805,0.9282339943759758,7.53e-5,-0.0027,0.30699999999999994,0.5872523687443223,0.024321526275043397,0.15659279533933435,0.7353981633974482
0.47501041536466077,-0.0027753,1.0,7.113857412899961,-1145.828228558869,-1144.303058962928,-0.005901244941232107,0.08008402759517146,0.030769829108728004,-0.2147882924382121,0.0,-0.1380887121657625,0.8512745815363169,0.907238964124651,1.1238282585743666,1.4999969773956203,1.5984525097382762,0.9247141184074792,0.41209780950972613,0.925947714495951,7.53e-5,-0.0027,0.30699999999999994,0.5872523687443223,0.024331453564972978,0.15662501409259633,0.7603981633974483
0.4999999999999999,-0.0027753,1.0,6.803000327989139,-1145.6874442330604,-1144.1476304204725,-0.006249966684570488,0.08151005213096765,0.03425635163243248,-0.21561376219004252,0.0,-0.14479343631170474,0.8535525438704442,0.9070057013443646,1.1233625865422028,1.4999996442317838,1.5977079408371244,0.9252762173322249,0.41474555766326127,0.9244235123094897,7.53e-5,-0.0027,0.30699999999999994,0.5872523687443223,0.024347785916083622,0.15667800635837004,0.7853981633974483
0.5249895846353393,-0.0027753,1.0,6.716732196599878,-1145.6442987117503,-1144.104496354778,-0.006047709560812544,0.08173727411562247,0.03423477104081335,-0.2192648750867048,0.0,-0.138311418710594,0.8553048368147695,0.9077023474150483,1.123726370799661,1.4999955915506291,1.5985789309396075,0.925354746975304,0.41582419342119276,0.9238178523706531,7.53e-5,-0.0027,0.30699999999999994,0.5872523687443223,0.024364567663333937,0.15673243869503026,0.8103981633974483
0.5499167083234141,-0.0027753,1.0,6.863245470189668,-1145.700261746112,-1144.1777529915728,-0.005464239914485426,0.08316240815048327,0.032343086389457994,-0.22471856484000283,0.0,-0.12008078835503563,0.8565540831605005,0.9087198198473366,1.1248259321047323,1.4999983908806631,1.6021383123875135,0.9247836210122307,0.41433188593515213,0.9238566822843117,7.53e-5,-0.0027,0.30699999999999994,0.5872523687443223,0.024368202313435706,0.15674422543452093,0.8353981633974483
0.5747190662367996,-0.0027753,1.0,7.267407765625649,-1145.8726045056378,-1144.3798341392908,-0.004182137549208031,0.08384596202178954,0.02859522261410394,-0.2321138479931755,0.0,-0.0897463453789265,0.8566550857000252,0.9098578895878906,1.126660654436988,1.4999950412124907,1.6044711875298383,0.9236772288696837,0.41112027292135833,0.9249129074812016,7.53e-5,-0.0027,0.30699999999999994,0.5872523687443223,0.024387017514041348,0.15680522720282797,0.8603981633974482
0.5993346653975306,-0.0027753,1.0,7.967004747320516,-1146.1673080526832,-1144.7296326301382,-0.0025883231542929708,0.08313968769768411,0.02191339507575656,-0.2435378428571087,0.0,-0.050033320580816394,0.8564348913214959,0.9107647085353548,1.129221648089599,1.4999966934802327,1.6109512479107782,0.921988823033198,0.4058210083762811,0.9266380980382615,7.53e-5,-0.0027,0.30699999999999994,0.5872523687443223,0.024409562241894743,0.15687829046231136,0.8853981633974483
0.6237019796272614,-0.0027753,1.0,9.008753598425756,-1146.623758665808,-1145.2505070556908,-0.0004126747797795864,0.08413485436346034,0.015426528880316143,-0.25670831925330273,0.0,0.002648893497856814,0.8560098423646129,0.9122574135802117,1.1324247675889925,1.4998604586888198,1.616637059685118,0.9198693462349015,0.3985892918625625,0.9291192310172017,7.53e-5,-0.0027,0.30699999999999994,0.5872523687443223,0.024381666725963848,0.15678788146199094,0.9103981633974483
0.6477601033306698,-0.0027753,1.0,10.437404618949586,-1147.2442457314578,-1145.9648325659527,0.002188186948292397,0.08420068774956582,0.006313054159250444,-0.27099467968248836,0.0,0.061879334364368384,0.8540601418965419,0.9153862071711085,1.1363829404211252,1.4999745304932737,1.6245902906257246,0.9173555923427839,0.39087689596469355,0.9323972091907803,7.53e-5,-0.0027,0.30699999999999994,0.5872523687443223,0.024433205026635922,0.1569548769892988,0.9353981633974483
0.6714489037277258,-0.0027753,1.0,12.299058193419114,-1148.0722856479788,-1146.8956593531875,0.005273749838440316,0.08288483304949992,-0.0047284881396546154,-0.28538263737547165,0.0,0.12839854751646343,0.8530144967120867,0.9188075056570149,1.1408674482059487,1.499939301071341,1.6319017050760558,0.9144733631950017,0.3820686045664812,0.9360169458518901,7.53e-5,-0.0027,0.30699999999999994,0.5872523687443223,0.02442402048408779,0.15692512961713093,0.9603981633974483
0.6947091711543253,-0.0027753,1.0,14.625674534510381,-1149.0900897228578,-1148.0589675237331,0.008612610996733326,0.082713622211454,-0.016351028584539413,-0.31344396374251665,0.0,0.20508758790876033,0.8505953958064933,0.9235264847081721,1.1459702922169677,1.4999826156414464,1.6439184781739142,0.911328776931547,0.37280926866481107,0.940502418577895,7.53e-5,-0.0027,0.30699999999999994,0.5872523687443223,0.024448843036660856,0.15700551364714946,0.9853981633974482
0.7174827670556151,-0.0027753,1.0,17.43758983427415,-1150.334856479403,-1149.464925173615,0.012573019312674431,0.08101069770325002,-0.030210688395047026,-0.33331531999965336,0.0,0.28349329565702697,0.8464930050643555,0.9276703985302371,1.1514983808370738,1.4999775889708595,1.6521138075685913,0.9079160764685832,0.36315975392266453,0.9457990707527284,7.53e-5,-0.0027,0.30699999999999994,0.5872523687443223,0.024461488226948692,0.1570464478611698,1.0103981633974484
0.7397127693021015,-0.0027753,1.0,20.731983289538675,-1151.8610496492345,-1151.1121219012473,0.016579989555541467,0.07967247781530999,-0.04596584632851017,-0.3550673178854706,0.0,0.3717831057542331,0.8413207607533795,0.9326112693332331,1.1534125095166694,1.4831388952924287,1.663478332060091,0.9050918134572998,0.3613985087930177,0.951883685104133,7.53e-5,-0.0027,0.30699999999999994,0.5872523687443223,0.024475768956288134,0.15709266413870154,1.0353981633974483
0.26028723069789844,-0.0027003,1.0,23.430563911696026,-1153.2550526174189,-1152.461412212326,0.016619728233387657,0.05143326149426676,-0.07165397664112605,-0.3355978419911179,0.0,0.38991652926839393,0.8086046006896037,0.9343698620642741,1.1435385464757253,1.442221208553014,1.6655194344998332,0.89907143235702,0.3366972988939987,0.9694476046580798,7.53e-5,-0.002625,0.30699999999999994,0.5872523687443223,0.024159643459563767,0.15606650132982658,0.5353981633974483
0.28251723294438486,-0.0027003,1.0,19.677852052018807,-1151.4750916040377,-1150.5850562824874,0.012598143408477973,0.05565518674686203,-0.050578342670628065,-0.3278054775364736,0.0,0.29953913608655713,0.8184985868926582,0.9295803549908047,1.1444444608276236,1.4715598700946433,1.6526450083346194,0.9013209304648437,0.33228235490012625,0.9607645788456226,7.53e-5,-0.002625,0.30699999999999994,0.5872523687443223,0.024178366505640793,0.1561274592061761,0.5603981633974483
0.3052908288456748,-0.0027003,1.0,16.355973916012772,-1149.9092119220331,-1148.9241172144843,0.008800469834099047,0.05942834253459849,-0.029861369146825485,-0.309501877567453,0.0,0.21362579129137071,0.829069122488619,0.9255125627623368,1.144958730411894,1.4980118638436586,1.640048902415149,0.9036259706637558,0.3301697994308004,0.9524208223619373,7.53e-5,-0.002625,0.30699999999999994,0.5872523687443223,0.02418852374865676,0.15616051919285429,0.5853981633974483
0.3285510962722743,-0.0027003,1.0,13.499233119876862,-1148.6192467093776,-1147.4957468164164,0.005193925621615452,0.06292313232367662,-0.01684720214011463,-0.29074228318841344,0.0,0.13838813311818735,0.8345899507299115,0.9210675721236659,1.1404134292575303,1.4999769654503072,1.6312834622374828,0.9072538298931225,0.342015241574804,0.9465416125617938,7.53e-5,-0.002625,0.30699999999999994,0.5872523687443223,0.024201835514491087,0.1562038363326607,0.6103981633974482
0.3522398966693302,-0.0027003,1.0,11.118734965911699,-1147.55080061978,-1146.3054977394338,0.001959985053119436,0.06637030622777372,-0.004353015911062072,-0.2730337332510696,0.0,0.07107273597857179,0.8393942894552903,0.9183716499618508,1.1359637795735857,1.4999752788035055,1.6237818751156887,0.9107287280461501,0.35435166504792837,0.9411998352425441,7.53e-5,-0.002625,0.30699999999999994,0.5872523687443223,0.02421999981596766,0.1562629251245303,0.6353981633974483
0.3762980203727385,-0.0027003,1.0,9.18586424357818,-1146.6810714197475,-1145.339062378267,-0.0008652333020327962,0.06970205517112413,0.007899535494311723,-0.26118715322016295,0.0,0.013477099759440038,0.8441038082149784,0.9159125156003106,1.1321236508577919,1.4999878841695766,1.6179882213507952,0.9138908921914415,0.36591731771606495,0.9364193554587147,7.53e-5,-0.002625,0.30699999999999994,0.5872523687443223,0.02423847454516323,0.15632300158288304,0.6603981633974483
0.4006653346024694,-0.0027003,1.0,7.660991352983729,-1146.001162294654,-1144.5766259329698,-0.003183827391248742,0.07222013191794409,0.01721149679351371,-0.24792138814956616,0.0,-0.03861540985966158,0.8485074978701252,0.9143003982986698,1.1288900069094285,1.4999923412020937,1.6118373859828106,0.9167122656093469,0.3764959773965275,0.9322328140470271,7.53e-5,-0.002625,0.30699999999999994,0.5872523687443223,0.02424768380083893,0.15635294006836467,0.6853981633974483
0.42528093376320036,-0.0027003,1.0,6.498822496141656,-1145.4810048161794,-1143.9955415045488,-0.005020193578647175,0.07455614583582759,0.02401899008480445,-0.23614197742866402,0.0,-0.07816984179500491,0.8513625137078817,0.9145341313131451,1.126405749486905,1.4999901987602238,1.607165715228526,0.9191238508531842,0.38606797307873636,0.9289033517593013,7.53e-5,-0.002625,0.30699999999999994,0.5872523687443223,0.024263265165170887,0.15640358109989608,0.7103981633974483
0.4500832916765859,-0.0027003,1.0,5.654469083687218,-1145.1006504842246,-1143.5733647983216,-0.006404741220400731,0.07704610469391665,0.03206769336317758,-0.2312205712648372,0.0,-0.10865239162969798,0.8544691939641375,0.9135711156645765,1.1245261724747806,1.4999879303330592,1.604299136890003,0.9209020435238908,0.3933950590233246,0.9260079891978052,7.53e-5,-0.002625,0.30699999999999994,0.5872523687443223,0.024293262843164957,0.1565010320009198,0.7353981633974482
0.47501041536466077,-0.0027003,1.0,5.089802021100695,-1144.8523239784522,-1143.2910312670283,-0.007245725166046842,0.07866357505008614,0.037701272802030464,-0.22606811257729603,0.0,-0.12764293821631778,0.8583649419143311,0.9121014920961996,1.1233102725875164,1.4999952043427243,1.6015565355041068,0.9220327636575834,0.397849483701526,0.9236999848757164,7.53e-5,-0.002625,0.30699999999999994,0.5872523687443223,0.024294376388262953,0.15650464835033331,0.7603981633974483
0.4999999999999999,-0.0027003,1.0,4.779517811450205,-1144.7080754087615,-1143.135889162203,-0.007578773213551947,0.08028680010229587,0.040276963519272416,-0.22743445393660452,0.0,-0.13329558872371974,0.860225346947034,0.9125198116783431,1.1229659817195057,1.4999943209924445,1.6015171253379732,0.9227635928543843,0.4014059102643076,0.9224623957323987,7.53e-5,-0.002625,0.30699999999999994,0.5872523687443223,0.02430831647983435,0.1565499133596583,0.7853981633974483
0.5249895846353393,-0.0027003,1.0,4.714265784647523,-1144.6798716063681,-1143.1032631488017,-0.007389224394913506,0.08095748466855623,0.04039534490129883,-0.2292004353772256,0.0,-0.1282031985173098,0.8622163285013278,0.9134739092186027,1.123234013209826,1.4999929685768136,1.6017656948328276,0.9226614165650444,0.4014158699483574,0.9216156646947641,7.53e-5,-0.002625,0.30699999999999994,0.5872523687443223,0.024316531657220777,0.15657658301680705,0.8103981633974483
0.5499167083234141,-0.0027003,1.0,4.902473136033677,-1144.7609941959558,-1143.1973668244948,-0.006734472920905347,0.0815387217362025,0.04018675303898109,-0.2357454918247785,0.0,-0.10995923598416246,0.8644427130877743,0.9134772829800304,1.1242522188433006,1.4999962161553273,1.6041538490264666,0.9219939828345612,0.39915262277124997,0.9214924668004624,7.53e-5,-0.002625,0.30699999999999994,0.5872523687443223,0.024328284393782026,0.15661472932899043,0.8353981633974483
0.5747190662367996,-0.0027003,1.0,5.369649551988459,-1144.9517297579246,-1143.4309550324722,-0.0055853923987283045,0.08262722884883128,0.036282161971546475,-0.24637119059846044,0.0,-0.08070436884785628,0.8630885464619793,0.9127033430392452,1.1259747210810669,1.4999136768125312,1.6085275724223482,0.9207402228211987,0.3951048159817707,0.9226727106062458,7.53e-5,-0.002625,0.30699999999999994,0.5872523687443223,0.02433890849681199,0.15664920466079135,0.8603981633974482
0.5993346653975306,-0.0027003,1.0,6.152449330352283,-1145.3043938321466,-1143.822354921654,-0.0038176531856637915,0.08310659432705764,0.031541426016548114,-0.25736107233095595,0.0,-0.04046994873759672,0.8639796698102937,0.9151661195721711,1.1284251441051882,1.4999928068876356,1.6121697531067918,0.9188818878995685,0.38894656327323907,0.923979616782768,7.53e-5,-0.002625,0.30699999999999994,0.5872523687443223,0.024348527302567778,0.15668041146419828,0.8853981633974483
0.6237019796272614,-0.0027003,1.0,7.298355011354943,-1145.811910488446,-1144.3953077621554,-0.0015907663461424207,0.08233657808152914,0.022560428300731808,-0.2747098936924239,0.0,0.00810664507936046,0.8633630464455608,0.9169479929289687,1.1315044822810232,1.499990781569044,1.618035954282227,0.9165325837037912,0.3810110075330568,0.9261309727534452,7.53e-5,-0.002625,0.30699999999999994,0.5872523687443223,0.024357390410682023,0.15670916119745743,0.9103981633974483
0.6477601033306698,-0.0027003,1.0,8.854125894759363,-1146.505113408802,-1145.1731932038576,0.0009948805226872091,0.08257229435798795,0.01577807199750251,-0.28878519878671416,0.0,0.06842742340677826,0.8623561429288108,0.9188901170540872,1.1352279132494136,1.4999723088141867,1.6247970393412836,0.9137564723915306,0.37157108828575125,0.9289754367358,7.53e-5,-0.002625,0.30699999999999994,0.5872523687443223,0.024384075953012195,0.1567956917239953,0.9353981633974483
0.6714489037277258,-0.0027003,1.0,10.862106383881837,-1147.4010119977606,-1146.1771834484189,0.004125093719244765,0.08178060012989206,0.0038085306425038067,-0.31114319494550274,0.0,0.1353607333233236,0.8605976844405565,0.9217092367295112,1.1395602203103183,1.4999465101897798,1.6325401043503986,0.9106722128600132,0.3617573412113736,0.9325889301867383,7.53e-5,-0.002625,0.30699999999999994,0.5872523687443223,0.024396573768213418,0.15683620125962888,0.9603981633974483
0.6947091711543253,-0.0027003,1.0,13.340964659192196,-1148.5775158022052,-1147.416612586074,0.007450183117178606,0.08123994812535575,-0.0095297392348046,-0.3265962705823842,0.0,0.21397130441842632,0.8556892516075789,0.9250282034196985,1.1397121345680852,1.479145770960078,1.6434961215823236,0.908470798747807,0.3629843559669965,0.937840253831917,7.53e-5,-0.002625,0.30699999999999994,0.5872523687443223,0.024413061883515146,0.1568896291981668,0.9853981633974482
0.7174827670556151,-0.0027003,1.0,16.266253326160495,-1149.9928166217292,-1148.8792569195582,0.011020234377952465,0.07977917249776494,-0.028747205611397503,-0.34115779905896065,0.0,0.3006571971902055,0.8491756122967598,0.9292647624885164,1.1377139856956193,1.4476720760045656,1.6564420361618797,0.9065345306156578,0.368905746257697,0.9441225631835448,7.53e-5,-0.002625,0.30699999999999994,0.5872523687443223,0.024431869624421246,0.15695055215813833,1.0103981633974484
0.7397127693021015,-0.0027003,1.0,19.623422926931198,-1151.6154857624788,-1150.5578417199436,0.01499086859545994,0.07817218877354022,-0.04848011685704421,-0.3550267214017594,0.0,0.39145293071774145,0.8414840984173687,0.9342453023552599,1.1353283599986508,1.4136512627982851,1.668423088510628,0.9046718889741108,0.37757110570670116,0.9512204285503104,7.53e-5,-0.002625,0.30699999999999994,0.5872523687443223,0.024453658098307414,0.1570211018780522,1.0353981633974483
0.26028723069789844,-0.0026253,1.0,22.41360340006986,-1153.0876089338794,-1151.9529319565129,0.014853140105631088,0.050498474976442706,-0.07550713227687435,-0.33551580042531276,0.0,0.4101815449960641,0.8089036275137166,0.9346247923394844,1.1218302468859527,1.3613895450271556,1.6695921947316643,0.8987522883096585,0.3556543800933317,0.9681799524350169,7.53e-5,-0.00255,0.30699999999999994,0.5872523687443223,0.02415938472983408,0.15606565880477055,0.5353981633974483
0.28251723294438486,-0.0026253,1.0,18.63268798138006,-1151.304316920502,-1150.062474247168,0.010718312162237535,0.05494930999645262,-0.05437515449162993,-0.3232172383857656,0.0,0.32042685659097025,0.8191438821109037,0.929777927059361,1.1224213787835193,1.3879258373507777,1.656972125571584,0.9009029282275656,0.3516503638739048,0.9593518170914149,7.53e-5,-0.00255,0.30699999999999994,0.5872523687443223,0.024173384846580347,0.15611124233284923,0.5603981633974483
0.3052908288456748,-0.0026253,1.0,15.286054905074707,-1149.7261501735948,-1148.3891577090153,0.006894837776093833,0.05865863409284773,-0.03410072392866982,-0.3115047842067396,0.0,0.23324628427190972,0.8297413761247688,0.9248284046019134,1.1227212872618908,1.4120066917750458,1.6453552460403014,0.9032606339579439,0.34923170948868987,0.9510542471153467,7.53e-5,-0.00255,0.30699999999999994,0.5872523687443223,0.024171834731190795,0.15610619588534763,0.5853981633974483
0.3285510962722743,-0.0026253,1.0,12.3887946337004,-1148.3563511045445,-1146.9405275733282,0.0035452905781633904,0.06191083122517437,-0.015787038333336723,-0.3013975578483332,0.0,0.15395402771140115,0.8381576122752912,0.9216892185700309,1.1229568467463924,1.4344290307252696,1.6324234455571953,0.9055091322742048,0.34842216855051067,0.9436694261169376,7.53e-5,-0.00255,0.30699999999999994,0.5872523687443223,0.024174935959325624,0.15611629186932946,0.6103981633974482
0.3522398966693302,-0.0026253,1.0,9.940167208425464,-1147.1895043034228,-1145.7162138606907,0.0003700787841250036,0.06581452261967066,0.0006757974809053879,-0.2884680593698719,0.0,0.08207593244894723,0.8454536078287507,0.917930836779185,1.1229718339578296,1.4537396680363877,1.6229800700313215,0.9077682472892179,0.34969470475695785,0.9371440222064635,7.53e-5,-0.00255,0.30699999999999994,0.5872523687443223,0.024192431915515664,0.15617323776485556,0.6353981633974483
0.3762980203727385,-0.0026253,1.0,7.92470680364886,-1146.2335208592035,-1144.7084836583024,-0.002311730292120525,0.06876798189942467,0.020268122370631473,-0.2816330264818901,0.0,0.01698484805333241,0.852597323587078,0.9163284935195493,1.1227965161093594,1.4699980157303427,1.6144553961620665,0.9098837203590568,0.351891216823908,0.9312898716226433,7.53e-5,-0.00255,0.30699999999999994,0.5872523687443223,0.024208406218103138,0.15622521344245904,0.6603981633974483
0.4006653346024694,-0.0026253,1.0,6.31544686079269,-1145.4696549936307,-1143.9038536868743,-0.004537755893807934,0.07157124806979798,0.03420970783560254,-0.2753560205755604,0.0,-0.03721653123272468,0.8589912727174716,0.9150155053915954,1.1226190217790526,1.4837408714702875,1.607062407251005,0.911723156994581,0.35412880554654774,0.9261632866851952,7.53e-5,-0.00255,0.30699999999999994,0.5872523687443223,0.024218972058008763,0.15625958238665727,0.6853981633974483
0.42528093376320036,-0.0026253,1.0,5.0780690980705,-1144.8812272094037,-1143.2851648055132,-0.006347519488974447,0.07377423959378034,0.04438070038886952,-0.26921261033891764,0.0,-0.07987206737648128,0.8644741785680992,0.9137564290732776,1.1224764174314559,1.4944387319893209,1.6011439568560466,0.913460695944315,0.3575978463040751,0.9221063610376612,7.53e-5,-0.00255,0.30699999999999994,0.5872523687443223,0.0242252722557964,0.1562800724174066,0.7103981633974483
0.4500832916765859,-0.0026253,1.0,4.176971749717723,-1144.462896522947,-1142.8346161313368,-0.007625922442173643,0.07534300784118002,0.04707531791510235,-0.2625117660097621,0.0,-0.1132837626091999,0.8683846392116622,0.9135849322532786,1.1217782892842385,1.4998139879148988,1.596238877080192,0.9148435482894959,0.3614264928500585,0.9189907394280357,7.53e-5,-0.00255,0.30699999999999994,0.5872523687443223,0.02423609950485596,0.15631527963480954,0.7353981633974482
0.47501041536466077,-0.0026253,1.0,3.5814649342992197,-1144.1859163143818,-1142.5368627236276,-0.008587432458285105,0.07764874362853137,0.0544948553750732,-0.25806597775612594,0.0,-0.13083843930483993,0.8708001447328342,0.9131016912325987,1.1207201171690786,1.499943270372916,1.5959163027537007,0.9161001623993239,0.366519460275205,0.9169688801985467,7.53e-5,-0.00255,0.30699999999999994,0.5872523687443223,0.024255702346994125,0.15637900314640074,0.7603981633974483
0.4999999999999999,-0.0026253,1.0,3.2677916394136446,-1144.0436437130447,-1142.3800260761848,-0.008903804170245938,0.0786478195593538,0.0537353464199632,-0.25764078524787876,0.0,-0.13481811994388238,0.8731148109702329,0.9131467506312517,1.1203515122408203,1.4999727750057716,1.5949066223110133,0.9167245809350356,0.36944559460703796,0.9156722945093443,7.53e-5,-0.00255,0.30699999999999994,0.5872523687443223,0.024260810839404172,0.15639560534184369,0.7853981633974483
0.5249895846353393,-0.0026253,1.0,3.2268535058246925,-1144.0215733948953,-1142.3595570093903,-0.008737869197275672,0.07982355916208853,0.05552621496124313,-0.25953753411536756,0.0,-0.12934338857446745,0.8744113785052995,0.9135341268005644,1.1206491442046287,1.4999310436704993,1.5957641969515055,0.9166758936719703,0.3698753943209321,0.9150644485683774,7.53e-5,-0.00255,0.30699999999999994,0.5872523687443223,0.02427269910667592,0.15643423467081932,0.8103981633974483
0.5499167083234141,-0.0026253,1.0,3.4667357998378066,-1144.1313420540278,-1142.4794981563969,-0.008046032901989773,0.08109620779694655,0.05709099194059877,-0.265706705869917,0.0,-0.1105836971215181,0.8751732417231245,0.9137618444088793,1.1211754947154893,1.4976505924231538,1.5981635370455807,0.9161625024007702,0.36912781264468464,0.915269794613492,7.53e-5,-0.00255,0.30699999999999994,0.5872523687443223,0.02429305974816524,0.15650037242082007,0.8353981633974483
0.5747190662367996,-0.0026253,1.0,4.007482930772767,-1144.3976328715335,-1142.7498717218643,-0.00686577223422153,0.08201118785131967,0.05559105385983196,-0.2731221418688565,0.0,-0.07838490910410004,0.8746900591186793,0.9144902055590498,1.1208485037078721,1.48823970529597,1.602539851031293,0.9154880014520459,0.3707338700988231,0.9166165887429987,7.53e-5,-0.00255,0.30699999999999994,0.5872523687443223,0.02430972108635238,0.15655447356946173,0.8603981633974482
0.5993346653975306,-0.0026253,1.0,4.8785758687085945,-1144.8235702598433,-1143.1854181908323,-0.005306857272639684,0.08214370040819778,0.0417447230829965,-0.27759439784184264,0.0,-0.03444251427832321,0.872586578740196,0.9166813579514401,1.1203699763457173,1.474964660996657,1.6095459748818937,0.9145030314249742,0.37217881604408914,0.9188938280870104,7.53e-5,-0.00255,0.30699999999999994,0.5872523687443223,0.02432951003213944,0.15661870691349916,0.8853981633974483
0.6237019796272614,-0.0026253,1.0,6.115411823767317,-1145.423383446321,-1143.8038361683616,-0.0032020409794948053,0.08161011444162075,0.03186609902440568,-0.2879205842943831,0.0,0.017983981460949386,0.8700583734506374,0.9168059484973516,1.1197537816203371,1.4586714221829384,1.6171353918563205,0.9131887800018592,0.3739143901314283,0.9220892920476143,7.53e-5,-0.00255,0.30699999999999994,0.5872523687443223,0.024331392332407855,0.15662481538359332,0.9103981633974483
0.6477601033306698,-0.0026253,1.0,7.7526886620808,-1146.2143169940275,-1144.6224745875184,-0.0006310007511162686,0.08151606967083397,0.017654123385905284,-0.2984989297098005,0.0,0.08268126052613022,0.8656920739448776,0.9202890371699732,1.119137918180232,1.439449003375386,1.6262335907360579,0.9116543643134485,0.37647932009149127,0.9262320752016869,7.53e-5,-0.00255,0.30699999999999994,0.5872523687443223,0.024369501687040482,0.15674843894114454,0.9353981633974483
0.6714489037277258,-0.0026253,1.0,9.818784857135597,-1147.208086668072,-1145.6555226850458,0.0023319151513842423,0.08090884443511691,0.0016204906801272365,-0.3116677400288721,0.0,0.1557472349486704,0.8610311978411851,0.9229724248069306,1.1184206116172977,1.4179166266244456,1.6363549191009614,0.9098828541160212,0.3790736140923815,0.931081278790008,7.53e-5,-0.00255,0.30699999999999994,0.5872523687443223,0.02438968614160937,0.15681387744484668,0.9603981633974483
0.6947091711543253,-0.0026253,1.0,12.331119113310251,-1148.415809852801,-1146.911689813133,0.00569322044642036,0.07954428273169296,-0.015266940382427511,-0.3243621605980458,0.0,0.23318892512085684,0.8560905608665833,0.925322654308827,1.117573387695094,1.394154033561752,1.6469333256269878,0.9079624603645178,0.38271589499557124,0.9366355718806203,7.53e-5,-0.00255,0.30699999999999994,0.5872523687443223,0.024393799792035653,0.15682721076283065,0.9853981633974482
0.7174827670556151,-0.0026253,1.0,15.292772926847192,-1149.829463372787,-1148.3925167199016,0.009336265054778645,0.07859940141483288,-0.03443266925648114,-0.33377906392537043,0.0,0.3207185737079752,0.8482515225436799,0.9296581583774778,1.1162831456821583,1.3665806451243674,1.659568893787752,0.9062037859166332,0.3902186116382321,0.9433471785034253,7.53e-5,-0.00255,0.30699999999999994,0.5872523687443223,0.02442079865647491,0.156914693303045,1.0103981633974484
0.7397127693021015,-0.0026253,1.0,18.691162583526875,-1151.4538811926973,-1150.0917115482414,0.013313598989306584,0.07678571814740626,-0.05205671151848964,-0.352341416544776,0.0,0.41206444893551547,0.8419361661096463,0.9343956187866171,1.114806228207524,1.3378734376094321,1.6720928461630007,0.9042860311076584,0.39743835781313375,0.9502769575623173,7.53e-5,-0.00255,0.30699999999999994,0.5872523687443223,0.024444059138854925,0.1569900248236327,1.0353981633974483
0.26028723069789844,-0.0025503,1.0,21.607582801524586,-1152.976599692035,-1151.5499216572402,0.012895012854847537,0.04988012987389739,-0.07761817644916058,-0.3342951339197834,0.0,0.4318846322380379,0.8093131238701587,0.9342106684746045,1.099003707139729,1.2798174624252945,1.6749103722194478,0.8984774533059834,0.3772183312724271,0.9667412160104913,7.53e-5,-0.002475,0.30699999999999994,0.5872523687443223,0.024158128924828146,0.1560615693506666,0.5353981633974483
0.28251723294438486,-0.0025503,1.0,17.802902922082012,-1151.1954778681322,-1149.647581717519,0.008951932425509604,0.05371380860109963,-0.056909356680969164,-0.3216985470060556,0.0,0.340521841004482,0.819149704236363,0.9293030819248966,1.099056344097566,1.3027773089714525,1.6600610530973592,0.9006197251834914,0.3735399911517852,0.9580139977151914,7.53e-5,-0.002475,0.30699999999999994,0.5872523687443223,0.024162031250434177,0.15607427670187948,0.5603981633974483
0.3052908288456748,-0.0025503,1.0,14.435340229376834,-1149.6118734217582,-1147.9638003711664,0.005056905894048405,0.05741835039895766,-0.03613691955708463,-0.31428225623646533,0.0,0.2558002758226345,0.829882312735982,0.9245845027675217,1.0989036553013205,1.323732724074933,1.649081842670736,0.9029195873612397,0.37166266541779525,0.9496554749154185,7.53e-5,-0.002475,0.30699999999999994,0.5872523687443223,0.024164632325402825,0.15608274616534484,0.5853981633974483
0.3285510962722743,-0.0025503,1.0,11.51971410459737,-1148.2396391807465,-1146.5059873087766,0.0016273359684486597,0.061145554286188133,-0.017379850097715577,-0.3007620433840914,0.0,0.17684629989786443,0.8384283793908888,0.9214722281186314,1.09873523363573,1.3429304552857417,1.6368469489947723,0.9052306364176959,0.3719541722397728,0.9422805368372933,7.53e-5,-0.002475,0.30699999999999994,0.5872523687443223,0.024174719369473074,0.15611558678606255,0.6103981633974482
0.3522398966693302,-0.0025503,1.0,9.05541353942499,-1147.0736312096765,-1145.2738370261904,-0.0015038619639087265,0.0644879564312613,3.815682477760881e-5,-0.2894972493924904,0.0,0.10491601807463158,0.8458357940294535,0.918816911735417,1.0984603095631744,1.360011244472719,1.626735682413932,0.9073995637110834,0.3726905666058014,0.9356014971464868,7.53e-5,-0.002475,0.30699999999999994,0.5872523687443223,0.02419003530815063,0.1561654384665994,0.6353981633974483
0.3762980203727385,-0.0025503,1.0,7.0271229292006865,-1146.1135919997112,-1144.2596917210783,-0.00418265284735653,0.06749527260228824,0.01615697969489382,-0.2860501499366938,0.0,0.03926642908112346,0.8536488354595553,0.9164108566974888,1.0981670251976798,1.3749731584241918,1.6180678691480281,0.9093875052149664,0.374324292606946,0.9295522807161074,7.53e-5,-0.002475,0.30699999999999994,0.5872523687443223,0.02419681193013032,0.15618749070760526,0.6603981633974483
0.4006653346024694,-0.0025503,1.0,5.4075727134913905,-1145.3471808514264,-1143.4499166132236,-0.006466989563456542,0.0702460025539564,0.029423167325062585,-0.2780430656880776,0.0,-0.013392814569772168,0.8597452096329605,0.9151740029687652,1.0977197475983862,1.3863946730950665,1.610909675505302,0.911363953701877,0.37817675154629704,0.9246173999294907,7.53e-5,-0.002475,0.30699999999999994,0.5872523687443223,0.024207143660368413,0.15622110606005774,0.6853981633974483
0.42528093376320036,-0.0025503,1.0,4.1626514594518085,-1144.7534634467518,-1142.8274559862039,-0.00838383397640707,0.07272442914270771,0.04041392082514628,-0.26984924180124387,0.0,-0.05596840723790158,0.8647881192971475,0.9141335439853716,1.0974220141218005,1.3957736050853056,1.6062311496107815,0.9130124902791954,0.38105474775028814,0.9205027265933698,7.53e-5,-0.002475,0.30699999999999994,0.5872523687443223,0.02422016372073972,0.15626345821124818,0.7103981633974483
0.4500832916765859,-0.0025503,1.0,3.256591701078378,-1144.3251763325493,-1142.3744261070171,-0.009606341619983003,0.07467412907086098,0.04814606279090804,-0.2670021483967039,0.0,-0.088478189255637,0.8688539935192238,0.9135838914768671,1.0971702802998262,1.4026308962436564,1.6009967854249743,0.9142878749425193,0.38413247159809955,0.9172968919174116,7.53e-5,-0.002475,0.30699999999999994,0.5872523687443223,0.024227539460084293,0.1562874453732649,0.7353981633974482
0.47501041536466077,-0.0025503,1.0,2.657967513578569,-1144.0409547190839,-1142.0751140132672,-0.010463728593402536,0.07636096057851652,0.05277965837961642,-0.2644503630776221,0.0,-0.10699580624983535,0.8718415330231729,0.9130987545683836,1.0968444853163704,1.4059693716539836,1.598888813768551,0.9152657462271109,0.38747805189845835,0.9150757381906884,7.53e-5,-0.002475,0.30699999999999994,0.5872523687443223,0.024237217618830582,0.15631891499509537,0.7603981633974483
0.4999999999999999,-0.0025503,1.0,2.345019450633572,-1143.8964936127327,-1141.9186399817947,-0.010768132962587523,0.07791231747596064,0.05699678254315097,-0.26342689639207517,0.0,-0.11374594746724982,0.874389506218673,0.9135384659761842,1.0966711805365599,1.4068661201463175,1.5979132914373206,0.9158188632730331,0.39003005537349134,0.9136528839152712,7.53e-5,-0.002475,0.30699999999999994,0.5872523687443223,0.024253117787368782,0.1563706028830076,0.7853981633974483
0.5249895846353393,-0.0025503,1.0,2.3092395631279032,-1143.8832885125998,-1141.900750038042,-0.010617623013933536,0.07903440817023538,0.05653213057930632,-0.26575519249309737,0.0,-0.10706093896259322,0.8757443839639814,0.9136158053176626,1.0963887885770234,1.4043317686078154,1.5992002982051843,0.9159261005478152,0.39194631417176173,0.9131566717568986,7.53e-5,-0.002475,0.30699999999999994,0.5872523687443223,0.02426422458824015,0.1564066988049331,0.8103981633974483
0.5499167083234141,-0.0025503,1.0,2.556923019284568,-1144.002099436084,-1142.0245917661202,-0.01001241884886614,0.07960295717631505,0.05259669642924983,-0.2693136766627404,0.0,-0.08709809644843088,0.8756069298323772,0.9139313268729462,1.0961828651805765,1.3988203912073778,1.6030640212820104,0.9156851027476678,0.39378670671801835,0.9137250699152873,7.53e-5,-0.002475,0.30699999999999994,0.5872523687443223,0.024274506707902765,0.15644010742040754,0.8353981633974483
0.5747190662367996,-0.0025503,1.0,3.1080336046484263,-1144.2713824412242,-1142.3001470588022,-0.008822423478370398,0.08022052006331391,0.046433500429013036,-0.2734692735950525,0.0,-0.05514047165329422,0.8744498602218937,0.9145761749793073,1.0958806989086054,1.3900620087634374,1.6070681599688745,0.9150500992496353,0.39539061202392656,0.9152076333246628,7.53e-5,-0.002475,0.30699999999999994,0.5872523687443223,0.024293439047492097,0.1565016042475309,0.8603981633974482
0.5993346653975306,-0.0025503,1.0,3.9929647671292514,-1144.696361531297,-1142.7426126400426,-0.007246425987525479,0.08030226576780802,0.03686733089527804,-0.28054942004135386,0.0,-0.011626620325860119,0.8719537137267819,0.9154890742721055,1.0954701152899067,1.378159683990022,1.6140526377743456,0.9140297445928396,0.39682120453850206,0.9175016183455157,7.53e-5,-0.002475,0.30699999999999994,0.5872523687443223,0.02431036687631603,0.15655657015461563,0.8853981633974483
0.6237019796272614,-0.0025503,1.0,5.246985762844815,-1145.2983665801576,-1143.3696231379004,-0.005083022446555365,0.08016595678966848,0.025537274854059672,-0.28946739635014646,0.0,0.040492263268196514,0.8689490148185199,0.9169056664149418,1.0952655939718132,1.3640766440815368,1.6215368443862017,0.9127915706500926,0.3991457292529817,0.9209581390667402,7.53e-5,-0.002475,0.30699999999999994,0.5872523687443223,0.024329152875994874,0.15661754783882,0.9103981633974483
0.6477601033306698,-0.0025503,1.0,6.904951134842122,-1146.0982048094763,-1144.198605823899,-0.0024534321363309675,0.0802199376479273,0.014944680702429122,-0.30316482182307913,0.0,0.1053427411482099,0.8665440460250576,0.9191507114060052,1.0950256422778575,1.3480067371758429,1.6296452231608312,0.9111313014203053,0.39989703541451493,0.9247736994658278,7.53e-5,-0.002475,0.30699999999999994,0.5872523687443223,0.024351350800730684,0.15668957074843978,0.9353981633974483
0.6714489037277258,-0.0025503,1.0,8.995334584057218,-1147.0973668219501,-1145.2437975485066,0.0005163255224368591,0.0795074849662145,-0.000914369942003145,-0.3142941774683972,0.0,0.17728380106864922,0.8616270506595624,0.9217310829837136,1.0945610999241482,1.3286885540897007,1.6399072358147144,0.909403776766505,0.4030383061849125,0.9297333967371219,7.53e-5,-0.002475,0.30699999999999994,0.5872523687443223,0.024370216682000373,0.15675075742390246,0.9603981633974483
0.6947091711543253,-0.0025503,1.0,11.535483495331391,-1148.3096710389677,-1146.5138720041436,0.003838614366819368,0.07854441009627135,-0.016700090078011313,-0.3217359229686316,0.0,0.25857719335337825,0.85577090748792,0.9257215735620055,1.0940434891639017,1.307150935975299,1.651128954334276,0.907652328902241,0.40777298187884,0.9355245028846941,7.53e-5,-0.002475,0.30699999999999994,0.5872523687443223,0.024392162355063356,0.15682190357205697,0.9853981633974482
0.7174827670556151,-0.0025503,1.0,14.528716939607875,-1149.7279270161148,-1148.010488726282,0.007524375316798836,0.07755877651578891,-0.03696345360400889,-0.33770216222544536,0.0,0.34346466547610716,0.8485263817792579,0.9292404537610829,1.0931387949036127,1.282928988565845,1.6639426199381755,0.9058383959590333,0.41463179901490443,0.9422174553684335,7.53e-5,-0.002475,0.30699999999999994,0.5872523687443223,0.024422457745511862,0.15692006759565663,1.0103981633974484
0.7397127693021015,-0.0025503,1.0,17.962413601538174,-1151.3569606198646,-1149.727337057247,0.011524372878896145,0.07574152486420191,-0.05725727366457914,-0.3523282310941588,0.0,0.4318340121499686,0.8414702284542339,0.9333424829221624,1.0921847915027922,1.2577345123668782,1.6764855026013965,0.9039245367055329,0.4220671853032805,0.9493112349430681,7.53e-5,-0.002475,0.30699999999999994,0.5872523687443223,0.02444070333887755,0.15697915886988575,1.0353981633974483
0.26028723069789844,-0.0024753,1.0,21.02185197640074,-1152.9237041418062,-1151.2570562446783,0.011046981148435239,0.04883085448333158,-0.08005202965856399,-0.3308834081620484,0.0,0.4534533948158499,0.8089334677699347,0.9342222865356669,1.0752396095704966,1.1986228656572877,1.6776902675353464,0.8981374128517339,0.4019515844626921,0.9653085588750687,7.53e-5,-0.0024000000000000002,0.30699999999999994,0.5872523687443223,0.024148419172988378,0.1560299466230153,0.5353981633974483
0.28251723294438486,-0.0024753,1.0,17.197251950398822,-1151.1368767592119,-1149.3447562316774,0.006942775775961344,0.05287026255795095,-0.059657028164642925,-0.3190337899981459,0.0,0.3628629387705884,0.8194279582317006,0.9292625637100926,1.0747973895309018,1.218199250435064,1.6645154151596304,0.900363486983663,0.39898965607838255,0.9564362348887013,7.53e-5,-0.0024000000000000002,0.30699999999999994,0.5872523687443223,0.02415554407737857,0.15605315162283065,0.5603981633974483
0.3052908288456748,-0.0024753,1.0,13.8118929016332,-1149.547849790782,-1147.6520767072946,0.0031173497713144218,0.05686502741448814,-0.03861471920305361,-0.31716635189885867,0.0,0.27671173046871267,0.8303566052488195,0.9237970982152249,1.0742670307859605,1.23660404793574,1.6530875569802213,0.9025261878206999,0.3967243511612287,0.9480116649801469,7.53e-5,-0.0024000000000000002,0.30699999999999994,0.5872523687443223,0.0241640282290169,0.15608077918275484,0.5853981633974483
0.3285510962722743,-0.0024753,1.0,10.88027344440161,-1148.1672942119221,-1146.1862669786788,-0.00043930316707676566,0.0605173956466453,-0.02154938624489214,-0.30114650515181085,0.0,0.19801562725722216,0.8381748452471741,0.9206264147141193,1.0736219719954219,1.252754519269347,1.6419680521221194,0.9047935304076472,0.39704925428453486,0.9406377276514841,7.53e-5,-0.0024000000000000002,0.30699999999999994,0.5872523687443223,0.024177518338535233,0.15612469826950776,0.6103981633974482
0.3522398966693302,-0.0024753,1.0,8.402289981502236,-1146.9942843291574,-1144.947275247229,-0.003601094510619027,0.06343941015327788,-0.005243556252402869,-0.29176529317070565,0.0,0.126787661488652,0.8457393289368071,0.9175666933713542,1.0730980831320385,1.2674002676171923,1.6326244187467682,0.9070579716569153,0.39942471677491,0.9341644179965325,7.53e-5,-0.0024000000000000002,0.30699999999999994,0.5872523687443223,0.024181715636587848,0.1561383607691384,0.6353981633974483
0.3762980203727385,-0.0024753,1.0,6.362325485407382,-1146.0350326923858,-1143.9272929991816,-0.006224988940481784,0.06658339946468034,0.011500859590028107,-0.28074833361596957,0.0,0.06492609444514112,0.8524773749738934,0.9162702766980907,1.0725866181090045,1.2802575663412017,1.6222638610459423,0.9091034931062363,0.4015149890584224,0.9282397650071894,7.53e-5,-0.0024000000000000002,0.30699999999999994,0.5872523687443223,0.02419778319294807,0.15619065110959635,0.6603981633974483
0.4006653346024694,-0.0024753,1.0,4.733603116425002,-1145.2655640547932,-1143.1129318146905,-0.008518482819658146,0.06912629747567402,0.02441051289204483,-0.2720275944243265,0.0,0.012183829177162778,0.8587501248813143,0.914878171422418,1.0720611823098172,1.2905973895431968,1.6149108832215995,0.9110194689440111,0.40514259444873724,0.923215138541231,7.53e-5,-0.0024000000000000002,0.30699999999999994,0.5872523687443223,0.024202332244054367,0.1562054524901849,0.6853981633974483
0.42528093376320036,-0.0024753,1.0,3.482045783517151,-1144.666587368948,-1142.4871531482365,-0.010349113859736195,0.07148665594636448,0.03478326326090203,-0.27255869000518573,0.0,-0.03443177174172176,0.8641162869797067,0.912626526952912,1.0715821980360847,1.298862518890263,1.610118054307124,0.9125953824386237,0.40857783643619905,0.9190489569845154,7.53e-5,-0.0024000000000000002,0.30699999999999994,0.5872523687443223,0.024207753298580204,0.156223089362412,0.7103981633974483
0.4500832916765859,-0.0024753,1.0,2.571528941559336,-1144.2411153717692,-1142.0318947272576,-0.011632795070887303,0.0735128283045788,0.04322450066665182,-0.2618674017550055,0.0,-0.06293591122429694,0.8679020325457417,0.9132091394332417,1.071263284582132,1.3047340007746322,1.6045020129167722,0.9138816363125111,0.41192894925992657,0.9158672095094902,7.53e-5,-0.0024000000000000002,0.30699999999999994,0.5872523687443223,0.024223586555363653,0.15627459029593768,0.7353981633974482
0.47501041536466077,-0.0024753,1.0,1.971157307296835,-1143.9566071683275,-1141.7317089101264,-0.012505836194786152,0.07527165104009015,0.04875864782927399,-0.25931465272981663,0.0,-0.08195501295269951,0.8711646719261392,0.9129115429155974,1.0708589373451438,1.3075214335903689,1.6026558776457023,0.9148350421215323,0.415174710739447,0.9135445454364102,7.53e-5,-0.0024000000000000002,0.30699999999999994,0.5872523687443223,0.02423499961819939,0.15631170345780845,0.7603981633974483
0.4999999999999999,-0.0024753,1.0,1.659115459079203,-1143.808594114635,-1141.5756879860176,-0.01287286965339727,0.0767657877022747,0.05159774553592279,-0.25879376247671976,0.0,-0.08796458614160937,0.8733405584607367,0.9128689729425515,1.070605999900121,1.3079643688247735,1.6025384370201463,0.9154145479690924,0.4182049768039925,0.9122049576470181,7.53e-5,-0.0024000000000000002,0.30699999999999994,0.5872523687443223,0.024249279115844728,0.1563581257346316,0.7853981633974483
0.5249895846353393,-0.0024753,1.0,1.6270206093718116,-1143.7980987757162,-1141.5596405611639,-0.012669270193387898,0.07774973507856371,0.051230296629626415,-0.2596335454258985,0.0,-0.08105157929466503,0.8746141567619398,0.9132802966928097,1.0703994951323312,1.3057726725558942,1.603181545818634,0.9155481412172907,0.4205086890775853,0.9117730029792389,7.53e-5,-0.0024000000000000002,0.30699999999999994,0.5872523687443223,0.02425827828063276,0.15638737493962826,0.8103981633974483
0.5499167083234141,-0.0024753,1.0,1.881465093056704,-1143.9215193748714,-1141.6868628030063,-0.011946687044657244,0.07829206947497361,0.047557142801953466,-0.2697964887731994,0.0,-0.06406090081020878,0.8752859685348816,0.9125965070308448,1.0700562667190354,1.3003316041466837,1.606062768224446,0.9153175160280953,0.42301030391460565,0.9123372952741051,7.53e-5,-0.0024000000000000002,0.30699999999999994,0.5872523687443223,0.024257880526833347,0.15638608226670347,0.8353981633974483
0.5747190662367996,-0.0024753,1.0,2.4419904076135026,-1144.1896073277583,-1141.9671254602847,-0.01086511154839103,0.07914593799824036,0.042422215227033176,-0.27142362514004154,0.0,-0.03174972049303731,0.873838668728272,0.9141014666053436,1.0700524433003307,1.2933859177503393,1.6112803473293411,0.9145679527346824,0.42315182995094447,0.9137007362732124,7.53e-5,-0.0024000000000000002,0.30699999999999994,0.5872523687443223,0.02429066233816565,0.1564925862852912,0.8603981633974482
0.5993346653975306,-0.0024753,1.0,3.3393894791829553,-1144.6242740482026,-1142.4158249960694,-0.009160988645594335,0.07931993005494713,0.0343562105351959,-0.2766127224713377,0.0,0.012822088800113944,0.8722420070028271,0.9157148597920332,1.0700220028953464,1.28349182485342,1.6166964663507692,0.9136100608481298,0.4246548173670944,0.9160640675566718,7.53e-5,-0.0024000000000000002,0.30699999999999994,0.5872523687443223,0.024304468727009223,0.15653742054817893,0.8853981633974483
0.6237019796272614,-0.0024753,1.0,4.609086197328907,-1145.2323066543881,-1143.0506733551424,-0.006962586245183958,0.07946355337329396,0.024455966029191416,-0.2870023387227252,0.0,0.06539013883808648,0.8695838533396032,0.9170725189725184,1.0698953049219113,1.2709362840187857,1.6241728577326286,0.9122658225670768,0.4261911048426737,0.9193441324344793,7.53e-5,-0.0024000000000000002,0.30699999999999994,0.5872523687443223,0.024327883746085854,0.15661342907918333,0.9103981633974483
0.6477601033306698,-0.0024753,1.0,6.28576461138573,-1146.031117515841,-1143.8890125621708,-0.004456122886043574,0.07894332276399156,0.010969743495097961,-0.29709058466602195,0.0,0.13049506932216637,0.8656033372596319,0.919353631178458,1.0698088827190808,1.256339464299538,1.6335782303092665,0.910696063806337,0.427393018312087,0.9234143756129933,7.53e-5,-0.0024000000000000002,0.30699999999999994,0.5872523687443223,0.02434305255820197,0.1566626501967588,0.9353981633974483
0.6714489037277258,-0.0024753,1.0,8.397942135145513,-1147.0345337128888,-1144.9451013240507,-0.0014824390267650766,0.07843911366550103,-0.0038384840485154747,-0.3081664788539471,0.0,0.2013906333930681,0.860775461644764,0.9220953066418833,1.0697474664070585,1.2397110739502069,1.644185428525937,0.9090329039203329,0.43074352316295256,0.9284208464593444,7.53e-5,-0.0024000000000000002,0.30699999999999994,0.5872523687443223,0.02436762027343548,0.15674233800542328,0.9603981633974483
0.6947091711543253,-0.0024753,1.0,10.962951432054979,-1148.2537762576217,-1146.2276059725054,0.0018840823182483786,0.07726964480032143,-0.020646720181040003,-0.3196108828923829,0.0,0.28096348565271184,0.8551709121197294,0.9256461536997554,1.0694619098610514,1.2206406702919208,1.6553658828250124,0.9072226726462466,0.4351282241063618,0.9342042131011912,7.53e-5,-0.0024000000000000002,0.30699999999999994,0.5872523687443223,0.024381785807388954,0.156788267510464,0.9853981633974482
0.7174827670556151,-0.0024753,1.0,13.983976391145461,-1149.677995309974,-1147.7381184520507,0.005567466682576665,0.07618787201873654,-0.040620935621798804,-0.3362917183211364,0.0,0.3648817722045701,0.8482380457840352,0.9288829090961871,1.0690192341864033,1.1997434853368505,1.668435261185734,0.9053413406893738,0.44118790556271514,0.9408171535763072,7.53e-5,-0.0024000000000000002,0.30699999999999994,0.5872523687443223,0.02440989723938294,0.15687937587861173,1.0103981633974484
0.7397127693021015,-0.0024753,1.0,17.448281129718907,-1151.3161433041803,-1149.4702708213374,0.009633289993232007,0.07460730655008302,-0.05881254169895955,-0.3488124908331496,0.0,0.4544022826626562,0.8407223344021945,0.9340576018074904,1.0684964402036254,1.177438543818142,1.680345078117526,0.9035237821314851,0.4495448715482431,0.9481259144535712,7.53e-5,-0.0024000000000000002,0.30699999999999994,0.5872523687443223,0.024434061130464507,0.1569576495049727,1.0353981633974483
0.26028723069789844,-0.0024002999999999997,1.0,20.65644155190421,-1152.9077381851218,-1151.07435103243,0.008934859483561075,0.048098412268062725,-0.0832589433376941,-0.32952509142335457,0.0,0.47602012197469734,0.809101615174626,0.9336908591601097,1.0508728314246083,1.1189081753206431,1.6831005589064743,0.897843823095746,0.4299832013860987,0.9636942741165837,7.53e-5,-0.002325,0.30699999999999994,0.5872523687443223,0.024143991904415293,0.15601552583312733,0.5353981633974483
0.28251723294438486,-0.0024002999999999997,1.0,16.815168755353625,-1151.114723277482,-1149.1537146341548,0.004883696416668896,0.052184188002201475,-0.0628939918818641,-0.31785592071971847,0.0,0.3871518706476934,0.8191351347830673,0.9290304977103337,1.0500879719614928,1.1359614227435435,1.6690844294862608,0.9000231850318812,0.4265284962139819,0.9548969928771871,7.53e-5,-0.002325,0.30699999999999994,0.5872523687443223,0.02415456843700074,0.15604997427079467,0.5603981633974483
0.3052908288456748,-0.0024002999999999997,1.0,13.414404142789408,-1149.517928991979,-1147.4533323278727,0.0009716421812722706,0.05589746898248958,-0.04263951791745314,-0.3077094812702596,0.0,0.3032062209337654,0.8286181414025681,0.9244943837492853,1.0492219078329736,1.1516801947087656,1.6575120433256045,0.9022230521874117,0.42509758559765265,0.94661680375506,7.53e-5,-0.002325,0.30699999999999994,0.5872523687443223,0.024165428474969438,0.15608533845069691,0.5853981633974483
0.3285510962722743,-0.0024002999999999997,1.0,10.469392231460915,-1148.1320718472605,-1145.9808263722084,-0.002552222914915622,0.059397176055632064,-0.02427938262537049,-0.29678690209782405,0.0,0.22520427296597317,0.8370414030175242,0.9211278310754724,1.0482249336859075,1.1653517804733728,1.6467913798257374,0.9044981500267162,0.42567458938855096,0.9391527984165984,7.53e-5,-0.002325,0.30699999999999994,0.5872523687443223,0.02417752224556092,0.1561247109876882,0.6103981633974482
0.3522398966693302,-0.0024002999999999997,1.0,7.9795110987015505,-1146.9627204080475,-1144.7358858058287,-0.005671793366858543,0.06261982764825952,-0.0074072500877057175,-0.2870373142902602,0.0,0.15477598577031396,0.8453063722340859,0.9180971345469955,1.0472582548199647,1.1775646908200252,1.6358041930278806,0.9066630437950084,0.4283162916096924,0.9324121659606524,7.53e-5,-0.002325,0.30699999999999994,0.5872523687443223,0.02418254381820634,0.15614105642181553,0.6353981633974483
0.3762980203727385,-0.0024002999999999997,1.0,5.929621788807708,-1145.9925625254173,-1143.7109411508818,-0.008460218225272887,0.06539228497740543,0.007608433297496882,-0.27767159773734207,0.0,0.09032041168608963,0.8524335375027143,0.9159852464667048,1.0466981952399694,1.1892078959366832,1.6276394388169122,0.9086920542729788,0.4309342026046841,0.9264928673625294,7.53e-5,-0.002325,0.30699999999999994,0.5872523687443223,0.024187199403257163,0.15615620907221325,0.6603981633974483
0.4006653346024694,-0.0024002999999999997,1.0,4.292829494859234,-1145.2183872152443,-1142.8925450039076,-0.010743286568505532,0.06804601039983212,0.020312942033134464,-0.27076076254561826,0.0,0.03754900458403084,0.8584243306238759,0.9143485405156542,1.0458281855516804,1.1976221204178463,1.6202521019277858,0.9105578860778961,0.43430398263439524,0.9214356851630672,7.53e-5,-0.002325,0.30699999999999994,0.5872523687443223,0.02419734015271922,0.1561892095041484,0.6853981633974483
0.42528093376320036,-0.0024002999999999997,1.0,3.0351463963352217,-1144.6203054541984,-1142.2637034546456,-0.012567441598496723,0.07053267928088398,0.030988669070275383,-0.26586214248294726,0.0,-0.005835300241028594,0.8636298723287745,0.9129644569707638,1.045279489004205,1.2046100159409225,1.6148815007857324,0.912240631790821,0.43926843264062143,0.9174032426129812,7.53e-5,-0.002325,0.30699999999999994,0.5872523687443223,0.024208788931622788,0.15622645847441763,0.7103981633974483
0.4500832916765859,-0.0024002999999999997,1.0,2.120937385248453,-1144.190970733262,-1141.8065989491022,-0.013844156929315985,0.07243085973377579,0.03899288518527715,-0.2599739472540723,0.0,-0.036339737496203006,0.8677018553864485,0.9127537546759735,1.044674828234492,1.2091270566509915,1.609778733997651,0.9134882792299099,0.44277022207907574,0.9141404742471873,7.53e-5,-0.002325,0.30699999999999994,0.5872523687443223,0.024217402273799447,0.15625447659857478,0.7353981633974482
0.47501041536466077,-0.0024002999999999997,1.0,1.5191001661260088,-1143.9072115779936,-1141.505680339541,-0.014697593852375164,0.07392513078717593,0.044137939620030396,-0.2580457274151,0.0,-0.05574291451634661,0.8713069556699201,0.9123203462749687,1.044245090932789,1.2116894012137531,1.6073435776616452,0.9143732061848489,0.4461764753101716,0.9117680467563373,7.53e-5,-0.002325,0.30699999999999994,0.5872523687443223,0.02421783407965865,0.15625588108108468,0.7603981633974483
0.4999999999999999,-0.0024002999999999997,1.0,1.2079487625628644,-1143.759649315808,-1141.3501046377594,-0.014991388194466274,0.07559764637073468,0.04715937765517362,-0.25728791870264317,0.0,-0.06170198894119931,0.8730094609114507,0.9124064258053048,1.043977055717872,1.211962093431515,1.6064626041111798,0.914984716604343,0.44976411253258247,0.9105466971080314,7.53e-5,-0.002325,0.30699999999999994,0.5872523687443223,0.024241916737149295,0.1563341924972253,0.7853981633974483
0.5249895846353393,-0.0024002999999999997,1.0,1.1793165397029952,-1143.7477892649445,-1141.3357885263295,-0.014797647793631777,0.07667492570792345,0.04683292642652932,-0.25963789225607004,0.0,-0.055820771810935345,0.874243069535844,0.9125507539806342,1.0438050598442532,1.2100132471023435,1.6074739377583154,0.9151544873569473,0.45240337372983486,0.9101778535895342,7.53e-5,-0.002325,0.30699999999999994,0.5872523687443223,0.02425276318409478,0.15636945032731717,0.8103981633974483
0.5499167083234141,-0.0024002999999999997,1.0,1.4396930793041065,-1143.8721811267142,-1141.46597679613,-0.014176255324242583,0.07745142281423656,0.043949863001403966,-0.26343608348709796,0.0,-0.0376635969756828,0.8746767906925356,0.9127945195431404,1.043636038006568,1.2055107945506092,1.6112497065018025,0.9148548607130835,0.4541921040048602,0.9106245519402864,7.53e-5,-0.002325,0.30699999999999994,0.5872523687443223,0.024264205889886058,0.15640663804404084,0.8353981633974483
0.5747190662367996,-0.0024002999999999997,1.0,2.0092281820298012,-1144.144657375467,-1141.7507443474929,-0.013068523359938362,0.07774178709402488,0.0380240709403249,-0.26960374892034966,0.0,-0.005876408916596356,0.8742034159569055,0.9134516900791411,1.04372532206395,1.1994971727524124,1.6163021475823884,0.9141526933659359,0.45523297962155074,0.9119378049605888,7.53e-5,-0.002325,0.30699999999999994,0.5872523687443223,0.024270097747184808,0.15642578269083382,0.8603981633974482
0.5993346653975306,-0.0024002999999999997,1.0,2.91808939403154,-1144.5809093031028,-1142.2051749534937,-0.011318941631801858,0.07824460995213935,0.030251216596965315,-0.2756364496726876,0.0,0.03838193253085732,0.8718094993335603,0.9150643058540491,1.0437223457659583,1.1904387686430282,1.6216819659992172,0.9131618421405552,0.4559786624013381,0.9144807612016794,7.53e-5,-0.002325,0.30699999999999994,0.5872523687443223,0.02430024852299423,0.156523717360344,0.8853981633974483
0.6237019796272614,-0.0024002999999999997,1.0,4.202128447184805,-1145.1930277022102,-1142.8471944800704,-0.009172607691746297,0.07820670118793252,0.01984040834742327,-0.28703426524951037,0.0,0.09061015991425958,0.8694912302320825,0.9162052370065036,1.0437653929544037,1.1793621054889751,1.6297224740221474,0.9119035815274608,0.4580549844416826,0.9177482908589374,7.53e-5,-0.002325,0.30699999999999994,0.5872523687443223,0.024312650254085764,0.15656398302194885,0.9103981633974483
0.6477601033306698,-0.0024002999999999997,1.0,5.895844487458817,-1146.000324487365,-1143.6940525002074,-0.0065745902215652826,0.07789310941871343,0.006325358503870969,-0.29473836704363476,0.0,0.1577362341889966,0.8651944368714027,0.9187610125622085,1.0438490322104403,1.1663827756226102,1.6380427079667008,0.9103561250488976,0.4595410660380575,0.9219610177962669,7.53e-5,-0.002325,0.30699999999999994,0.5872523687443223,0.024335781890734248,0.15663905955149146,0.9353981633974483
0.6714489037277258,-0.0024002999999999997,1.0,8.027760257497903,-1147.0068256559143,-1144.760010385227,-0.0035571366783793954,0.07786203281378522,-0.007655555341723128,-0.30946370642391297,0.0,0.22858285161689254,0.8596688369403536,0.9214366899231068,1.0440146052859123,1.1518361094748002,1.6487096640094845,0.908659592834939,0.4625565482957547,0.9271407998993522,7.53e-5,-0.002325,0.30699999999999994,0.5872523687443223,0.024360111218193547,0.15671798580173268,0.9603981633974483
0.6947091711543253,-0.0024002999999999997,1.0,10.615117665257458,-1148.2362076350519,-1146.0536890891067,-0.0001406139129839193,0.07606614864001822,-0.024688880562016614,-0.32116157719544286,0.0,0.3047468819011181,0.8546792987412691,0.9248382703493223,1.0440342421598816,1.135292662096655,1.6597603033744353,0.9068343316861007,0.46662752250232953,0.9328278838498614,7.53e-5,-0.002325,0.30699999999999994,0.5872523687443223,0.024373122677417487,0.15676018022635918,0.9853981633974482
0.7174827670556151,-0.0024002999999999997,1.0,13.660857590834894,-1149.674183694319,-1147.5765590518954,0.0036223016646095077,0.07499677492435054,-0.04275737559617926,-0.3322033846524145,0.0,0.39035274749656185,0.8476155298497061,0.9294336636396209,1.0440990552484568,1.1174561476711875,1.6714062696069645,0.9049612287775156,0.4725057358583669,0.9394662542152672,7.53e-5,-0.002325,0.30699999999999994,0.5872523687443223,0.024399605342377128,0.1568460260653246,1.0103981633974484
0.7397127693021015,-0.0024002999999999997,1.0,17.152373906244975,-1151.3150836132565,-1149.3223172096004,0.007606577055584367,0.07346274746803783,-0.062017343078208165,-0.3467801957261761,0.0,0.4793283115197443,0.8403587633825202,0.9336196930518188,1.043916865570665,1.0978050567792912,1.6850060455492555,0.9031649071626296,0.48103641177513373,0.9467710209719941,7.53e-5,-0.002325,0.30699999999999994,0.5872523687443223,0.02442296847672015,0.15692172197312396,1.0353981633974483
0.26028723069789844,-0.0023253,1.0,20.5069169834519,-1152.9251456338895,-1150.999588748204,0.006887740266963863,0.04739731771791941,-0.08578712368489355,-0.32729695411865856,0.0,0.5013679832036854,0.8084556097690678,0.9338649905781903,1.0267613297986449,1.043509054225851,1.6868830024461527,0.8975257546433639,0.45999466714697357,0.9622484266846199,7.53e-5,-0.0022500000000000003,0.30699999999999994,0.5872523687443223,0.02413996258496349,0.15600240014839856,0.5353981633974483
0.28251723294438486,-0.0023253,1.0,16.652831587649416,-1151.1263916502385,-1149.0725460503027,0.002725328266504808,0.0514373037884485,-0.06539303292627471,-0.31591986525696325,0.0,0.41438227718555704,0.8189780782242907,0.9288737998183627,1.025215396005526,1.0568873677729846,1.6736289021020672,0.8997082458120323,0.4574854693845447,0.9532792690402797,7.53e-5,-0.0022500000000000003,0.30699999999999994,0.5872523687443223,0.024148098440689287,0.15602890195602923,0.5603981633974483
0.3052908288456748,-0.0023253,1.0,13.24012102546294,-1149.5202692415596,-1147.3661907692094,-0.0012321165796599278,0.0553591491336126,-0.04583492611018121,-0.3075288339821023,0.0,0.3295966696756145,0.8283670323986138,0.9237875785354933,1.0238215906914114,1.0694798309407776,1.6628805803170978,0.9020304009676235,0.45812934573287517,0.9451204965042388,7.53e-5,-0.0022500000000000003,0.30699999999999994,0.5872523687443223,0.024168850818845247,0.15609648122424846,0.5853981633974483
0.3285510962722743,-0.0023253,1.0,10.28404334860943,-1148.1360582769387,-1145.8881519307827,-0.004722170568213113,0.058499130569388776,-0.02773460117489491,-0.2949438863059333,0.0,0.25034648110899427,0.8371974169289363,0.920891044747781,1.0224076990078463,1.0809036464320896,1.65058921367025,0.9041825018771725,0.4585392264837407,0.9374630218202296,7.53e-5,-0.0022500000000000003,0.30699999999999994,0.5872523687443223,0.0241700876981947,0.15610050817747592,0.6103981633974482
0.3522398966693302,-0.0023253,1.0,7.78449343734701,-1146.953779522567,-1144.6383769751515,-0.007899925384866642,0.06194071818116197,-0.011008322422160743,-0.28760618049977554,0.0,0.17805838112353745,0.8451884103355839,0.9171139013934121,1.0212648728889262,1.0915151832429508,1.6410458174665572,0.9063276745152142,0.4612417662844945,0.9307722134480846,7.53e-5,-0.0022500000000000003,0.30699999999999994,0.5872523687443223,0.024178345154799222,0.15612738970592135,0.6353981633974483
0.3762980203727385,-0.0023253,1.0,5.726265188954585,-1145.9817101132207,-1143.6092628509552,-0.010667678753125952,0.06443263460756567,0.003695626668426898,-0.2770109412783002,0.0,0.11805496382704453,0.8520752835413338,0.9152449197041724,1.0201414208336455,1.100280667622458,1.6320731880897132,0.9083899283361623,0.46436089793804847,0.9248586274399648,7.53e-5,-0.0022500000000000003,0.30699999999999994,0.5872523687443223,0.024181302014767,0.15613701445245678,0.6603981633974483
0.4006653346024694,-0.0023253,1.0,4.082811534722168,-1145.1987552387268,-1142.787536023839,-0.013039142934371653,0.06724255006795654,0.016280166311325055,-0.2715059535101751,0.0,0.06339201042663928,0.8579850906575992,0.9132044818409689,1.0192301477195238,1.107930162476523,1.6256028232391713,0.9101216423467979,0.4679987143806544,0.9197188560045169,7.53e-5,-0.0022500000000000003,0.30699999999999994,0.5872523687443223,0.02419472456029952,0.15618069838429216,0.6853981633974483
0.42528093376320036,-0.0023253,1.0,2.8200768321939904,-1144.6035864244302,-1142.156168672575,-0.014785022507637309,0.06946829266800544,0.026923357802642874,-0.2635875893168875,0.0,0.02127584655494554,0.8631031698474351,0.9127485463788285,1.0185481231563625,1.113862296112139,1.6188630473525865,0.9117651811396694,0.47299297028982057,0.9156575081206875,7.53e-5,-0.0022500000000000003,0.30699999999999994,0.5872523687443223,0.024205541498752463,0.1562158937199713,0.7103981633974483
0.4500832916765859,-0.0023253,1.0,1.902788962264367,-1144.1700179866361,-1141.6975247376101,-0.01610948874332382,0.07139827047566373,0.03474028743598422,-0.25828307423271085,0.0,-0.009531466857863484,0.8675348665923833,0.9120946681518143,1.0178973162722946,1.1176740000868013,1.614388527384881,0.9130976308469443,0.47770472137727266,0.9124094311569697,7.53e-5,-0.0022500000000000003,0.30699999999999994,0.5872523687443223,0.024210564078822796,0.1562322332037001,0.7353981633974482
0.47501041536466077,-0.0023253,1.0,1.2998315139575425,-1143.8836650126843,-1141.3960460134567,-0.01692607486262868,0.0731266493305328,0.04009219357380454,-0.25668284215479076,0.0,-0.029075935475295703,0.8705735781556847,0.9117580003674814,1.0173290174789225,1.1194867622483677,1.6117482781314587,0.9140086317635847,0.481544664381577,0.9101185405236993,7.53e-5,-0.0022500000000000003,0.30699999999999994,0.5872523687443223,0.024222435895143425,0.15627084808940722,0.7603981633974483
0.4999999999999999,-0.0023253,1.0,0.9897531573174092,-1143.738494538322,-1141.2410068351367,-0.017216017775172357,0.07450867181543458,0.0425678971521444,-0.25594293577008437,0.0,-0.03556565089336759,0.8727903552760331,0.9117597995005313,1.0170523742547455,1.1197998039521648,1.610505628156867,0.9145480462155766,0.48477912369994314,0.9088037085676002,7.53e-5,-0.0022500000000000003,0.30699999999999994,0.5872523687443223,0.02423282929665794,0.1563046466312997,0.7853981633974483
0.5249895846353393,-0.0023253,1.0,0.9644192944338101,-1143.727426771539,-1141.2283399036949,-0.017052878776352164,0.07545480923853082,0.04258763267253887,-0.25636099761561504,0.0,-0.027025523908237387,0.8739239122053052,0.9123166335109056,1.0168880780459117,1.1179355351869504,1.612024649591353,0.9146910967937095,0.48706097993544695,0.9083927435721975,7.53e-5,-0.0022500000000000003,0.30699999999999994,0.5872523687443223,0.02424566811501661,0.15634638772388654,0.8103981633974483
0.5499167083234141,-0.0023253,1.0,1.230409581107324,-1143.8546885195253,-1141.3613350470316,-0.01642653397999341,0.07630858996945232,0.039728193401897385,-0.2597589011669925,0.0,-0.008211062142539414,0.8741163646577859,0.9126482801674132,1.0167968808406609,1.1140617629088867,1.6150972427189092,0.9143743573672236,0.4893747342061914,0.9089038779503584,7.53e-5,-0.0022500000000000003,0.30699999999999994,0.5872523687443223,0.024260040621322625,0.1563931023032522,0.8353981633974483
0.5747190662367996,-0.0023253,1.0,1.8079754297255022,-1144.1301178730678,-1141.6501179713407,-0.015246936002151571,0.07672879524674908,0.03402564282135004,-0.26701308315468053,0.0,0.021648688547894944,0.8733804340727714,0.9132951691217003,1.0168761943098776,1.108465488466961,1.6199504700395653,0.9137130377950899,0.48949356258536064,0.9103717723052741,7.53e-5,-0.0022500000000000003,0.30699999999999994,0.5872523687443223,0.024270619363984138,0.15642747749190122,0.8603981633974482
0.5993346653975306,-0.0023253,1.0,2.727466193285636,-1144.5687992320154,-1142.1098633531208,-0.013534064855616427,0.07713037933842726,0.02597900830770966,-0.2738554752498715,0.0,0.06587779260428753,0.8711688443998561,0.9144416158203894,1.017014656319236,1.1006837316754827,1.6257734162446316,0.9127034992649942,0.49124130187106374,0.9128185823245842,7.53e-5,-0.0022500000000000003,0.30699999999999994,0.5872523687443223,0.02429441345039437,0.1565047687119334,0.8853981633974483
0.6237019796272614,-0.0023253,1.0,4.024467603940138,-1145.1854776586288,-1142.758364058448,-0.01140534579594392,0.07709942011569844,0.015541180548241879,-0.2831403151643976,0.0,0.11919612861190444,0.8684978707064888,0.9159419140546768,1.0173178356911643,1.09132466873755,1.6339268097558006,0.9114367455447114,0.4927981082446906,0.9161553365020086,7.53e-5,-0.0022500000000000003,0.30699999999999994,0.5872523687443223,0.024312182097916697,0.1565624632049241,0.9103981633974483
0.6477601033306698,-0.0023253,1.0,5.733678011426491,-1146.0002328994133,-1143.6129692621912,-0.008761518389462144,0.07687053343601435,0.002917160505078269,-0.2931989374196009,0.0,0.18188323436572193,0.8647853214591327,0.9182782415183043,1.0176579251470714,1.080287866515754,1.6423366310935452,0.909875670011468,0.49410990204040345,0.9203122216694851,7.53e-5,-0.0022500000000000003,0.30699999999999994,0.5872523687443223,0.024331378096276234,0.15662476918514234,0.9353981633974483
0.6714489037277258,-0.0023253,1.0,7.883400979741964,-1147.0173588608438,-1144.687830746349,-0.005749034399465309,0.07607042049492316,-0.012052904743509148,-0.3042009022755049,0.0,0.254502077397339,0.8594484324794751,0.921622130854227,1.018015776229742,1.0674133058950492,1.6529756881420845,0.9082083317988556,0.4969136835874942,0.9254673987082244,7.53e-5,-0.0022500000000000003,0.30699999999999994,0.5872523687443223,0.024353141000039668,0.15669537779562284,0.9603981633974483
0.6947091711543253,-0.0023253,1.0,10.490778927285191,-1148.2512753591534,-1145.9915197201206,-0.002257671378505268,0.07529349078787831,-0.028193053957051052,-0.3179800865338586,0.0,0.33234959406091025,0.8538575663828566,0.9246616801574913,1.0184345912549544,1.0533741861056685,1.6635740712078186,0.9063891124934953,0.5008115485510407,0.9314023219714087,7.53e-5,-0.0022500000000000003,0.30699999999999994,0.5872523687443223,0.024372962017272983,0.1567596592939347,0.9853981633974482
0.7174827670556151,-0.0023253,1.0,13.5586641333025,-1149.69828073424,-1147.5254623231292,0.0015016649937642465,0.07408096017000619,-0.04617620746902047,-0.3303886294972314,0.0,0.41492495731611284,0.8470457302138388,0.9288446641286344,1.0187089906383016,1.0376279216183613,1.6756573115641302,0.90454092069422,0.5072071438610911,0.9380145868564085,7.53e-5,-0.0022500000000000003,0.30699999999999994,0.5872523687443223,0.02439347666439413,0.15682616346907544,1.0103981633974484
0.7397127693021015,-0.0023253,1.0,17.074114975479006,-1151.350876733591,-1149.2831877442175,0.005613392829821193,0.07231086011215307,-0.06485656235914428,-0.34533621952774934,0.0,0.5027921401511782,0.8394698206964777,0.9334826422623878,1.0190241289938033,1.0210192395925413,1.6881509526964327,0.9027082510461472,0.5153588981248163,0.9454558214503614,7.53e-5,-0.0022500000000000003,0.30699999999999994,0.5872523687443223,0.02441356368696946,0.1568912549616353,1.0353981633974483
0.26028723069789844,-0.0022502999999999998,1.0,20.564653847006866,-1152.969897629634,-1151.0284571799814,0.004633134774848304,0.0471075552786314,-0.08841699409555351,-0.32606499096580316,0.0,0.5262313953065884,0.8085888477284416,0.9338458565642426,1.0033208267229388,0.9733709544979627,1.6930286264929162,0.8972366060931558,0.49229428659534236,0.9607188646057262,7.53e-5,-0.002175,0.30699999999999994,0.5872523687443223,0.02413995433579362,0.15600237327527033,0.5353981633974483
0.28251723294438486,-0.0022502999999999998,1.0,16.70292807007354,-1151.1644583413993,-1149.0975942915147,0.000459521061973451,0.05088658415607136,-0.0680077057568571,-0.3161715310250272,0.0,0.4378636727040425,0.818911665238856,0.9285574718709559,1.0008461930345807,0.9829900772426781,1.6793393798260812,0.8993787051985906,0.49084868580271174,0.9517270090201517,7.53e-5,-0.002175,0.30699999999999994,0.5872523687443223,0.02414646668653047,0.15602358701484817,0.5603981633974483
0.3052908288456748,-0.0022502999999999998,1.0,13.282494118529485,-1149.552652476974,-1147.3873773157427,-0.00348032008590616,0.054955438165875115,-0.048404791513681066,-0.3078042031788167,0.0,0.3546697601355363,0.8281456832098786,0.9234945727373047,0.9985720070440867,0.9920292981661996,1.6677440641210977,0.9015142997309273,0.4913016691402417,0.9435006599827941,7.53e-5,-0.002175,0.30699999999999994,0.5872523687443223,0.024159712993278317,0.15606672775800995,0.5853981633974483
0.3285510962722743,-0.0022502999999999998,1.0,10.318979580257292,-1148.159746129627,-1145.9056200466066,-0.007097948519730796,0.0577288145412245,-0.030935319825273477,-0.2938493940850776,0.0,0.27857383235769195,0.8372949202846833,0.9203459847793036,0.9969596914667629,1.0016841007956496,1.656309502336408,0.9037702236696051,0.49303375698065693,0.9357956014317587,7.53e-5,-0.002175,0.30699999999999994,0.5872523687443223,0.024163806463234423,0.15608005709091957,0.6103981633974482
0.3522398966693302,-0.0022502999999999998,1.0,7.812524782262699,-1146.9767914833737,-1144.6523926476093,-0.010217363243472938,0.060722132904034005,-0.014643411090410419,-0.28355145515933705,0.0,0.20884267979435725,0.8448836692282161,0.917401740111158,0.9952484633560049,1.0096481617193058,1.6449752922710683,0.9059375484483702,0.4962249882654527,0.9290191749130443,7.53e-5,-0.002175,0.30699999999999994,0.5872523687443223,0.024172124564161953,0.1561071394573392,0.6353981633974483
0.3762980203727385,-0.0022502999999999998,1.0,5.748415598594875,-1145.9946911252475,-1143.6203380557754,-0.013059345058063977,0.06342932710508341,-5.89501215584721e-5,-0.27765293471514124,0.0,0.1441059371481116,0.8521693701308791,0.9146184000932958,0.9938274753808641,1.0168741453837848,1.6373860578884263,0.9078284391761957,0.4992327203771807,0.9229198622069719,7.53e-5,-0.002175,0.30699999999999994,0.5872523687443223,0.024173624646669955,0.15611202299519525,0.6603981633974483
0.4006653346024694,-0.0022502999999999998,1.0,4.100023141996189,-1145.2128442923527,-1142.796141827476,-0.015300884973127855,0.06585796908209202,0.012327417863089607,-0.2678151512929897,0.0,0.09173893070252025,0.8577679047203135,0.9132512862205754,0.9927716486046183,1.022917315733558,1.6293079034100577,0.9098799094349082,0.5066618995191807,0.9181186592748736,7.53e-5,-0.002175,0.30699999999999994,0.5872523687443223,0.02418102518907488,0.15613611339351147,0.6853981633974483
0.42528093376320036,-0.0022502999999999998,1.0,2.833750462626085,-1144.6109457899415,-1142.163005487791,-0.017146708116413136,0.06835679720027127,0.02307847922428463,-0.262362872075024,0.0,0.04875650262084078,0.8632221108242446,0.9120474150319136,0.9915849920000432,1.0269683173967126,1.6233275328418963,0.9113752978794862,0.5112574766904207,0.9137990375792614,7.53e-5,-0.002175,0.30699999999999994,0.5872523687443223,0.024194039342053324,0.15617846861464146,0.7103981633974483
0.4500832916765859,-0.0022502999999999998,1.0,1.9143669444470106,-1144.1721885362565,-1141.7033137287015,-0.01849789336414075,0.07036136124824491,0.030940377270835852,-0.2576672503531825,0.0,0.01880933107726718,0.8673228359512138,0.9113234554686234,0.9907545084663789,1.0298259291818195,1.619198946333536,0.9126747308353567,0.516473209284179,0.9105861111912232,7.53e-5,-0.002175,0.30699999999999994,0.5872523687443223,0.024204746936004995,0.15621330869284644,0.7353981633974482
0.47501041536466077,-0.0022502999999999998,1.0,1.3109219503303393,-1143.8863979260946,-1141.4015912316431,-0.019319938459369176,0.07190811196059815,0.0361053520513516,-0.25438859395229396,0.0,-0.00029015136691897935,0.8705128541925015,0.9113017125885423,0.9902660484444923,1.0316455911606097,1.6163572470745236,0.9135870947845411,0.5203773123873395,0.9082697521701455,7.53e-5,-0.002175,0.30699999999999994,0.5872523687443223,0.024213591900284385,0.1562420825297922,0.7603981633974483
0.4999999999999999,-0.0022502999999999998,1.0,1.002182553532748,-1143.7395964633633,-1141.2472215332443,-0.019585673819464106,0.07342213239894324,0.03883486511442341,-0.25490656660039174,0.0,-0.006620638931915937,0.872695288276599,0.9110091714101676,0.989860181573032,1.0314095535647136,1.6152327776710522,0.9141427921966762,0.5252875971092135,0.9070288689012231,7.53e-5,-0.002175,0.30699999999999994,0.5872523687443223,0.02422675488862479,0.15628489398234513,0.7853981633974483
0.5249895846353393,-0.0022502999999999998,1.0,0.9800332182862803,-1143.7276825508666,-1141.236146865621,-0.019469864443073925,0.0744546774189622,0.038567775466096556,-0.25588439623823545,0.0,0.0003118021967964292,0.8736999583091996,0.9113032844997538,0.9896882546327249,1.0297992917472105,1.616931116664522,0.9142449469157292,0.5270547973547072,0.9065880639195032,7.53e-5,-0.002175,0.30699999999999994,0.5872523687443223,0.024240067432702458,0.1563281803177191,0.8103981633974483
0.5499167083234141,-0.0022502999999999998,1.0,1.251254103597148,-1143.8584108205619,-1141.3717573082765,-0.018761844588969408,0.07510492537689344,0.035409721487385006,-0.25893375861723683,0.0,0.02017167338086213,0.8736440368453018,0.9119415261066368,0.989741047981479,1.0266318030626174,1.6195172255323016,0.9139599596447647,0.5290915977591079,0.9071826715360203,7.53e-5,-0.002175,0.30699999999999994,0.5872523687443223,0.024252546480431156,0.15636874597827902,0.8353981633974483
0.5747190662367996,-0.0022502999999999998,1.0,1.8361294308801916,-1144.136429249625,-1141.664194971918,-0.017593024270878607,0.07565415935019723,0.02994795468970213,-0.26459890716056383,0.0,0.05108184047004208,0.872618869544362,0.9127718177628392,0.9898595776408119,1.0215509341715807,1.6245289602833555,0.9132846834189432,0.5300269862118092,0.9087135036634563,7.53e-5,-0.002175,0.30699999999999994,0.5872523687443223,0.02426963498885315,0.15642427911374404,0.8603981633974482
0.5993346653975306,-0.0022502999999999998,1.0,2.7651488383226024,-1144.576469817784,-1142.1287046756393,-0.015885056170152567,0.07612747421648539,0.021782838539366425,-0.2744928236048319,0.0,0.09458865533539715,0.8703489032168528,0.9135482229760619,0.9901504016571119,1.0149353810884167,1.6308437966795495,0.912335479215447,0.5308788811834394,0.9112342020881838,7.53e-5,-0.002175,0.30699999999999994,0.5872523687443223,0.02429362245948811,0.1565021998998404,0.8853981633974483
0.6237019796272614,-0.0022502999999999998,1.0,4.073747353474118,-1145.2022114997737,-1142.783003933215,-0.013713636886521897,0.07588126965983688,0.01144806807684489,-0.2825553914689386,0.0,0.14643743010025195,0.8677862213910589,0.9154285269109325,0.9905540933939311,1.006700954231574,1.6384847650483079,0.9110486964426862,0.5327734393783968,0.9145905106282639,7.53e-5,-0.002175,0.30699999999999994,0.5872523687443223,0.024300598172062905,0.15652485273031103,0.9103981633974483
0.6477601033306698,-0.0022502999999999998,1.0,5.796636596028293,-1146.0259265707969,-1143.644448554492,-0.011070058525658604,0.07550068615087796,-0.0014208845994242096,-0.29085696608961065,0.0,0.2109303842253012,0.8644286000892802,0.9178103395032219,0.9913568902087297,0.998019190194799,1.646776318699665,0.909449581695363,0.5327087493592629,0.9187099552007514,7.53e-5,-0.002175,0.30699999999999994,0.5872523687443223,0.024318515770698487,0.15658302356130493,0.9353981633974483
0.6714489037277258,-0.0022502999999999998,1.0,7.962061193657064,-1147.0489655259576,-1144.7271608533065,-0.007996386458044553,0.07495837366448292,-0.015455432524886634,-0.3030307123440514,0.0,0.2804260397849743,0.8585244679856278,0.9209011030223837,0.9917876728112788,0.9864432466673148,1.6572592660476788,0.9078240564738363,0.5366421714644951,0.9240396134788187,7.53e-5,-0.002175,0.30699999999999994,0.5872523687443223,0.02434171585598869,0.1566583133468154,0.9603981633974483
0.6947091711543253,-0.0022502999999999998,1.0,10.586972281256749,-1148.2921297060013,-1146.0396163971063,-0.004542477893692867,0.07406040921867477,-0.032061125953894674,-0.3161212949299965,0.0,0.359017450110992,0.8532483948008543,0.9242110571550405,0.9925633264972418,0.9746479307703046,1.6683222852159323,0.9060004387853404,0.5400072597189688,0.929883235245933,7.53e-5,-0.002175,0.30699999999999994,0.5872523687443223,0.02436356325110374,0.1567291813540444,0.9853981633974482
0.7174827670556151,-0.0022502999999999998,1.0,13.674753231911836,-1149.7488561635678,-1147.5835068724339,-0.0005195898893109438,0.07362465976570413,-0.04884953033856515,-0.34625030881131763,0.0,0.447256308519864,0.8480469999719702,0.9268116670902806,0.9933483511944178,0.9619367608976733,1.6785355020699706,0.9041184179665117,0.5447067893368986,0.9365296857546751,7.53e-5,-0.002175,0.30699999999999994,0.5872523687443223,0.024378690652320966,0.15677823307024638,1.0103981633974484
0.7397127693021015,-0.0022502999999999998,1.0,17.21018558281412,-1151.4098273719626,-1149.351223047885,0.0033216814619814287,0.07107618579809508,-0.06842984517335127,-0.3421026140003799,0.0,0.5296758216854923,0.8385905485951731,0.9333360905726915,0.9941557693564373,0.9478773275434013,1.6932174300485916,0.90228899844203,0.5533068306245679,0.9440230433596027,7.53e-5,-0.002175,0.30699999999999994,0.5872523687443223,0.024405570683054868,0.15686535696168824,1.0353981633974483
0.26028723069789844,-0.0021753000000000002,1.0,20.809146316821625,-1153.057317556303,-1151.1507034148888,0.002499924022280536,0.047094786909093266,-0.09044603287126397,-0.31999281515156675,0.0,0.5515912052146567,0.8093760029202541,0.9357120085920105,0.9846266381241212,0.9193486656412238,1.6989865995811133,0.8968762159465613,0.5184140700838188,0.9596199735930921,7.53e-5,-0.0021000000000000003,0.30699999999999994,0.5872523687443223,0.024148790153347116,0.15603115494605535,0.5353981633974483
0.28251723294438486,-0.0021753000000000002,1.0,16.951130018134336,-1151.237383313567,-1149.2216952655451,-0.0018298673615508609,0.05076718410774675,-0.0704631107956312,-0.31406372252215264,0.0,0.4656267762593598,0.8194934653395153,0.9294800003911452,0.9793141073139355,0.9203297047819079,1.6855166282760066,0.8990449479550064,0.5218423766909982,0.9503536758306714,7.53e-5,-0.0021000000000000003,0.30699999999999994,0.5872523687443223,0.024153461298174476,0.1560463685941136,0.5603981633974483
0.3052908288456748,-0.0021753000000000002,1.0,13.531429426568593,-1149.6205108230452,-1147.5118449697623,-0.005792406524172023,0.0537831710187472,-0.051981393527434035,-0.3017776777768857,0.0,0.384090320769418,0.828296662142437,0.9248845358212885,0.9755821953702942,0.9244374715783128,1.672595186003826,0.9012320872831678,0.525321119201183,0.9419913629733072,7.53e-5,-0.0021000000000000003,0.30699999999999994,0.5872523687443223,0.024156878244817763,0.15605749648277825,0.5853981633974483
0.3285510962722743,-0.0021753000000000002,1.0,10.56717130972902,-1148.211283497567,-1146.0297159113425,-0.009468228333771663,0.0568674066707113,-0.0339928304294955,-0.2932762431043634,0.0,0.30640148422457425,0.8365429846506525,0.9205680206867276,0.9725253836865367,0.9292837840450119,1.6616046657584835,0.9033931037534138,0.5287701537420174,0.9342803489580047,7.53e-5,-0.0021000000000000003,0.30699999999999994,0.5872523687443223,0.024153843382135633,0.15604761295595798,0.6103981633974482
0.3522398966693302,-0.0021753000000000002,1.0,8.05911676681535,-1147.0204345534353,-1144.7756886398856,-0.01267324823785915,0.05976361779128301,-0.01807390547607991,-0.28298626683462896,0.0,0.23713724305083098,0.8444119415644912,0.9173925249137808,0.9700374328583622,0.9341571294931886,1.6507121134066787,0.905576463584826,0.5346009730983763,0.9274271691664733,7.53e-5,-0.0021000000000000003,0.30699999999999994,0.5872523687443223,0.024162097310738897,0.15607449180896232,0.6353981633974483
0.3762980203727385,-0.0021753000000000002,1.0,5.99308334290572,-1146.039478380824,-1143.7426719279308,-0.015444484031835107,0.06280649320540065,-0.0033433587864206095,-0.27497022115621084,0.0,0.1734480730547413,0.8524722344330544,0.9146402200459866,0.9681658146021865,0.9392653156064843,1.6417825193605564,0.9075409962376805,0.539950224531239,0.9212657800893411,7.53e-5,-0.0021000000000000003,0.30699999999999994,0.5872523687443223,0.02416910364759308,0.15609730437619868,0.6603981633974483
0.4006653346024694,-0.0021753000000000002,1.0,4.342970535562472,-1145.2501462966554,-1142.9176155242592,-0.017764182030918604,0.06495869110404216,0.00864230782169332,-0.26537706808115813,0.0,0.12166343769547962,0.8575583357248528,0.9132558756607957,0.9666711743204706,0.9436832732476346,1.6338925210238247,0.90934793127534,0.5456408546857447,0.916290581093278,7.53e-5,-0.0021000000000000003,0.30699999999999994,0.5872523687443223,0.024179857578340597,0.15613231280184267,0.6853981633974483
0.42528093376320036,-0.0021753000000000002,1.0,3.075566248721316,-1144.6404660085848,-1142.2839133808386,-0.01964178298616013,0.06748122145461861,0.019208463905370968,-0.25993866841304436,0.0,0.0798311263642577,0.8626012488423627,0.9118247814583984,0.9652915541859683,0.9465186770532138,1.6285059133268178,0.9109804676113726,0.5526673431693343,0.9121319216647572,7.53e-5,-0.0021000000000000003,0.30699999999999994,0.5872523687443223,0.02419405416937574,0.15617851686457798,0.7103981633974483
0.4500832916765859,-0.0021753000000000002,1.0,2.1558202580163197,-1144.200658230918,-1141.8240403854861,-0.021011850112997627,0.06914634068652678,0.026731128785258428,-0.2548796812372133,0.0,0.04918436012601445,0.8669804665452945,0.9112915475371856,0.9643133055188163,0.9486706188105026,1.6243197970315926,0.9122370997556808,0.5579712295229714,0.9088111352352015,7.53e-5,-0.0021000000000000003,0.30699999999999994,0.5872523687443223,0.024194531322146315,0.1561800695708657,0.7353981633974482
0.47501041536466077,-0.0021753000000000002,1.0,1.5530640817019048,-1143.9112758149477,-1141.522662297329,-0.02183786387315421,0.07073840810712645,0.03182330107396857,-0.25181135678164074,0.0,0.030344600234086062,0.8698517782611727,0.911035176629991,0.9637395263160415,0.950007861637599,1.6217867699925945,0.913129135814414,0.5623333256005526,0.9065789304813079,7.53e-5,-0.0021000000000000003,0.30699999999999994,0.5872523687443223,0.02420826577806657,0.15622475656480506,0.7603981633974483
0.4999999999999999,-0.0021753000000000002,1.0,1.2461818686651895,-1143.7641271743603,-1141.3692211908105,-0.022150972086917416,0.0722197636592041,0.03451123100491119,-0.2512932746452811,0.0,0.024565864040003695,0.8720144480153802,0.911018950636974,0.9631844748131589,0.9493596801576527,1.6207350051857408,0.913666235778632,0.566920946585908,0.9052416317680224,7.53e-5,-0.0021000000000000003,0.30699999999999994,0.5872523687443223,0.024221442331790258,0.15626761672758088,0.7853981633974483
0.5249895846353393,-0.0021753000000000002,1.0,1.227471661351501,-1143.757309966403,-1141.3598660871537,-0.021876405295492164,0.07314173466066509,0.03395615001387971,-0.2543036235231089,0.0,0.03444217758011839,0.872752820969849,0.910861888146143,0.9632268850105329,0.9484938625827679,1.6203741736382922,0.9138395256945611,0.5694518854271566,0.9050504951738163,7.53e-5,-0.0021000000000000003,0.30699999999999994,0.5872523687443223,0.02422577300237465,0.1562817008758861,0.8103981633974483
0.5499167083234141,-0.0021753000000000002,1.0,1.5033789625404097,-1143.8869479905957,-1141.4978197377482,-0.021231864174706322,0.07425406510722493,0.03149532299663519,-0.25757290988321657,0.0,0.050106657072358896,0.8731920171866256,0.9114926524489141,0.9629915967063415,0.9448271726816686,1.6241829701159092,0.913446102448328,0.5712285903328549,0.9054372345025323,7.53e-5,-0.0021000000000000003,0.30699999999999994,0.5872523687443223,0.02425283653060823,0.1563696887238201,0.8353981633974483
0.5747190662367996,-0.0021753000000000002,1.0,2.0946848944695375,-1144.1670591074394,-1141.7934727037127,-0.02003181487314506,0.07478241420063829,0.02581108994730072,-0.26435940456157886,0.0,0.08135659649228277,0.8718371781152183,0.9120442831311754,0.9632855330006234,0.9406945821550667,1.6290456241783877,0.9127864146218667,0.5724219539044326,0.9070499488694818,7.53e-5,-0.0021000000000000003,0.30699999999999994,0.5872523687443223,0.024270828905473708,0.15642815831455217,0.8603981633974482
0.5993346653975306,-0.0021753000000000002,1.0,3.031712628504465,-1144.6190339110794,-1142.2619865707302,-0.01831292704382962,0.07506700453744967,0.018005885226936275,-0.2701407136109633,0.0,0.12406237866140725,0.8708027563556257,0.9135070932655107,0.9638712739061542,0.9353623488315762,1.6354989670131201,0.9118550684739852,0.5737290786450111,0.9095099976728769,7.53e-5,-0.0021000000000000003,0.30699999999999994,0.5872523687443223,0.024280918879848463,0.1564609383268155,0.8853981633974483
0.6237019796272614,-0.0021753000000000002,1.0,4.3500138745666845,-1145.2485145266319,-1142.9211371937613,-0.016174711406604345,0.0750331975934486,0.007498065110315454,-0.2793662006617482,0.0,0.17675731421907356,0.8678594213892624,0.9152330511488737,0.9645757058143689,0.9288897443682798,1.643209945558794,0.910514056023638,0.5736499569266986,0.9127901132783047,7.53e-5,-0.0021000000000000003,0.30699999999999994,0.5872523687443223,0.02430104041583945,0.15652628875962799,0.9103981633974483
0.6477601033306698,-0.0021753000000000002,1.0,6.0842255039406155,-1146.0761059384413,-1143.7882430084483,-0.013478446824330713,0.07472730881079334,-0.0049805532624434354,-0.2890411281527581,0.0,0.23948887372888078,0.8636335422404087,0.9176999945346938,0.9656114737144685,0.9215667763192608,1.6519381044950163,0.9089782033297261,0.5741479840415453,0.9172077440210249,7.53e-5,-0.0021000000000000003,0.30699999999999994,0.5872523687443223,0.024321094944449416,0.1565913953221351,0.9353981633974483
0.6714489037277258,-0.0021753000000000002,1.0,8.262430170586867,-1147.1124517716835,-1144.8773453417714,-0.010384644318001257,0.07399957517375139,-0.019565695212421727,-0.3010520475527638,0.0,0.3099152337395047,0.8589864367680453,0.9204072509739788,0.9665842728040083,0.9126291414670769,1.6619929727030875,0.9072789207409724,0.576112163908163,0.9223456866574837,7.53e-5,-0.0021000000000000003,0.30699999999999994,0.5872523687443223,0.024335455591057428,0.15663800074833734,0.9603981633974483
0.6947091711543253,-0.0021753000000000002,1.0,10.901501232730425,-1148.3613250431304,-1146.1968808728432,-0.0069955088561830915,0.07349928458006758,-0.03502692298763953,-0.3134449997937243,0.0,0.38692984130461355,0.8530528467316627,0.9238766682243448,0.9679673083324063,0.9035410553995361,1.6742876591356672,0.9054476385197952,0.5793287688362069,0.9283190706394361,7.53e-5,-0.0021000000000000003,0.30699999999999994,0.5872523687443223,0.024356169951262854,0.1567052026314214,0.9853981633974482
0.7174827670556151,-0.0021753000000000002,1.0,14.003730718762654,-1149.8274152709077,-1147.7479956158593,-0.003057267891450864,0.0719901791228581,-0.05285845868883815,-0.3263795458256333,0.0,0.47070466285732704,0.8458334231468487,0.9282785336042355,0.9693580986019508,0.8931041104843329,1.6859595825377673,0.9037218282853559,0.5850863495666264,0.9353903293473167,7.53e-5,-0.0021000000000000003,0.30699999999999994,0.5872523687443223,0.02437896226980559,0.1567791136743823,1.0103981633974484
0.7397127693021015,-0.0021753000000000002,1.0,17.555861753866793,-1151.5033572911225,-1149.5240611334114,0.001121102144416714,0.07019758199821595,-0.07152587171102108,-0.3390633695068644,0.0,0.5579163918947992,0.8383443732225905,0.9332003119824599,0.970583379789731,0.8815462131769292,1.6978941896454658,0.901897366642985,0.5922507647451895,0.9428494029171668,7.53e-5,-0.0021000000000000003,0.30699999999999994,0.5872523687443223,0.024400511030947983,0.15684896112933921,1.0353981633974483
0.26028723069789844,-0.0021003,1.0,20.658112480443833,-1152.77658706493,-1151.0751864966999,0.0030565172987271592,0.04729839693025178,-0.08872940091493019,-0.33175824232110884,0.0,0.5556614265444468,0.8188149821536741,0.9567493441323885,1.0532364036976332,1.1158303999129648,1.73758888229515,0.8967137553013245,0.41592486449653215,0.9681211843614834,7.53e-5,-0.002025,0.30699999999999994,0.5872523687443223,0.024131920175023705,0.15597619845083804,0.5353981633974483
0.28251723294438486,-0.0021003,1.0,16.926020626770423,-1151.049120080701,-1149.2091405698632,-0.0016132960701622933,0.05180446313326669,-0.06826298693392364,-0.3195211513813879,0.0,0.47297070305304056,0.8302871663047722,0.9535764744649999,1.0508540028672715,1.1271078363377525,1.7279438674127707,0.8987565142115433,0.4133899295311302,0.9590120327784384,7.53e-5,-0.002025,0.30699999999999994,0.5872523687443223,0.02414204716596677,0.15600919089575865,0.5603981633974483
0.3052908288456748,-0.0021003,1.0,13.647186732537648,-1149.5307587936863,-1147.5697236227468,-0.005833553040989371,0.05549600953705799,-0.04926620830207037,-0.31135086293830566,0.0,0.39468237468707484,0.8400952330750583,0.9513169718837727,1.048016713052965,1.1357218125231432,1.717521216332416,0.9008691497581145,0.41457151752271526,0.9508031082282353,7.53e-5,-0.002025,0.30699999999999994,0.5872523687443223,0.024147291739344448,0.15602627439448286,0.5853981633974483
0.3285510962722743,-0.0021003,1.0,10.832923339019544,-1148.220800364926,-1146.1625919259877,-0.009747759250019401,0.05889139087566014,-0.03187020495480062,-0.2976663280916193,0.0,0.3195426702468803,0.8478425424933773,0.9495825773415805,1.045184426849538,1.1425562312183608,1.7089674792137033,0.9030443915279416,0.4180606915271111,0.9435541586249763,7.53e-5,-0.002025,0.30699999999999994,0.5872523687443223,0.02416720432165641,0.15609112050735183,0.6103981633974482
0.3522398966693302,-0.0021003,1.0,8.517788941667732,-1147.1289263526323,-1145.0050247273118,-0.015069765618880349,0.05978711932720631,-0.02078868518649277,-0.28271746879518866,0.0,0.26704898252727266,0.8455556519387637,0.9197011840939157,0.9499602539485065,0.8762630026253313,1.658324090393175,0.9051356055981541,0.5660213810598012,0.9261710798662401,7.53e-5,-0.002025,0.30699999999999994,0.5872523687443223,0.024173972575870548,0.15611315566206121,0.6353981633974483
0.3762980203727385,-0.0021003,1.0,6.459783328295998,-1146.1307495918477,-1143.976021920626,-0.017993396655761187,0.062222826017600916,-0.006782560219461359,-0.27266078815314315,0.0,0.2048024433699456,0.8526197364402671,0.916460077382646,0.9458375822667441,0.8748115023365014,1.6489060993734843,0.9070475789643112,0.5752404586207654,0.9197720155219847,7.53e-5,-0.002025,0.30699999999999994,0.5872523687443223,0.024170707994085456,0.15610252765960692,0.6603981633974483
0.4006653346024694,-0.0021003,1.0,4.814814223630947,-1145.3337493194213,-1143.1535373682934,-0.020345134304195142,0.06504852628281017,0.0059147677217636085,-0.26405165606218955,0.0,0.15602809397640063,0.8588172797711325,0.9143939711811213,0.9429248068306987,0.8747263727092036,1.6407057678767387,0.9089635165977505,0.5852835667688608,0.9146318965696275,7.53e-5,-0.002025,0.30699999999999994,0.5872523687443223,0.02418339271634683,0.15614381945809042,0.6853981633974483
0.42528093376320036,-0.0021003,1.0,3.550923285580211,-1144.7221646976832,-1142.521591899268,-0.022227839340615813,0.06767536974551466,0.016879591073035133,-0.2608579324252698,0.0,0.11101319691488402,0.8645768550268811,0.9131447506111771,0.9410573633753466,0.8759919983791291,1.635234460112588,0.9105499418772443,0.5930896767548935,0.9102391136055523,7.53e-5,-0.002025,0.30699999999999994,0.5872523687443223,0.02418203868660176,0.15613941227167158,0.7103981633974483
0.4500832916765859,-0.0021003,1.0,2.6339191154183936,-1144.2755271528792,-1142.0630898141872,-0.02352593896512892,0.06949493419730833,0.024002492279555334,-0.2536253714322541,0.0,0.08148246696080386,0.8676243821077391,0.9114680213713924,0.9395953415699412,0.8765714682623826,1.6293752133495678,0.9117964237452546,0.6007158512031718,0.9071839087531872,7.53e-5,-0.002025,0.30699999999999994,0.5872523687443223,0.024201783708946892,0.15620366777739667,0.7353981633974482
0.47501041536466077,-0.0021003,1.0,2.034001855812221,-1143.9795193150153,-1141.763131184384,-0.02433231512447326,0.07205801213493797,0.030105445251240693,-0.2612350761501568,0.0,0.06227333028237658,0.8706765289441383,0.9106228434102377,0.9387503749441583,0.8771693970900007,1.6273251274189269,0.9125852206159459,0.6049404717400892,0.904824975975016,7.53e-5,-0.002025,0.30699999999999994,0.5872523687443223,0.024211381254201792,0.15623489148657616,0.7603981633974483
0.4999999999999999,-0.0021003,1.0,1.729888800345634,-1143.8319781000687,-1141.6110746566508,-0.02472820017628879,0.0717844218619707,0.030790987186518643,-0.2513827327688478,0.0,0.05613483265746048,0.8724333222888826,0.9110627547044785,0.9379877470464616,0.8757694627001198,1.6265951438931348,0.9131751157807547,0.611339464487608,0.9035255194943845,7.53e-5,-0.002025,0.30699999999999994,0.5872523687443223,0.02421552509234629,0.15624837077636772,0.7853981633974483
0.5249895846353393,-0.0021003,1.0,1.7146412709562355,-1143.8200826546736,-1141.603450891956,-0.024549820827013645,0.07394209159356026,0.03182529241385231,-0.2581051261480794,0.0,0.06267079624381758,0.8738893298005901,0.9106782467903303,0.9377821598419543,0.874308696882072,1.6282947150668872,0.9132719674694285,0.6133800053941274,0.903111263876581,7.53e-5,-0.002025,0.30699999999999994,0.5872523687443223,0.024238826520931782,0.15632414592727578,0.8103981633974483
0.5499167083234141,-0.0021003,1.0,1.994854600427061,-1143.9590659406936,-1141.7435575566915,-0.023814503863621744,0.07373815413236615,0.02790925967972899,-0.2573079246882061,0.0,0.08084268546972416,0.8737962210251495,0.9118351146355473,0.9379233017349728,0.8719402965825785,1.6303571585325256,0.912948083117137,0.6151396059561506,0.9037073004840454,7.53e-5,-0.002025,0.30699999999999994,0.5872523687443223,0.024244674033306147,0.15634315618707972,0.8353981633974483
0.5747190662367996,-0.0021003,1.0,2.591254154317994,-1144.2485395399153,-1142.041757333637,-0.022553308642793573,0.07433096612190607,0.02265116102799814,-0.2634589410200574,0.0,0.11246194937190727,0.8730804199846194,0.9129619052656412,0.9384089786082446,0.868680694900869,1.6346199844325517,0.9122858200689404,0.6160289938865683,0.905285820637925,7.53e-5,-0.002025,0.30699999999999994,0.5872523687443223,0.02425595746530037,0.15637983230111718,0.8603981633974482
0.5993346653975306,-0.0021003,1.0,3.534267806414391,-1144.7025216130792,-1142.5132641596851,-0.020887930440017854,0.07468998215622719,0.014788791690212447,-0.268580398998318,0.0,0.1548546366829298,0.8714476465644965,0.9141578048374401,0.9391642834524687,0.8644245028957954,1.6412349582518404,0.9112969827433887,0.616252050864762,0.9077477184657532,7.53e-5,-0.002025,0.30699999999999994,0.5872523687443223,0.024276576083472046,0.15644683039181156,0.8853981633974483
0.6237019796272614,-0.0021003,1.0,4.859362740487541,-1145.3416214073682,-1143.1758116267217,-0.018663921061423658,0.07473532062071941,0.0047441959233174525,-0.2780669916249113,0.0,0.20611944990379796,0.8687186255681556,0.9161599081317899,0.9403762906592324,0.8599185967735267,1.6489829490584997,0.9099163618619678,0.6143862000111782,0.9110813982327521,7.53e-5,-0.002025,0.30699999999999994,0.5872523687443223,0.024296975899783843,0.15651309021025098,0.9103981633974483
0.6477601033306698,-0.0021003,1.0,6.600850673736204,-1146.1781985521748,-1144.046555593346,-0.015916784992755614,0.07410091251148221,-0.008290820494441275,-0.28756065879296566,0.0,0.2674582270556754,0.8642883663391159,0.9184413626556852,0.9420629424512268,0.8549010376319227,1.6579242481163141,0.9084668657449171,0.6155578865952248,0.91577400045494,7.53e-5,-0.002025,0.30699999999999994,0.5872523687443223,0.024316228648373267,0.15657559941040955,0.9353981633974483
0.6714489037277258,-0.0021003,1.0,8.786772008922071,-1147.2306040729754,-1145.139516260939,-0.01280694152931718,0.0744076986810376,-0.02089565100075583,-0.2985519434891422,0.0,0.3434436996472075,0.8604344614977174,0.922863911773506,0.9441259546497655,0.8494884862522106,1.668250142941445,0.9068670080783959,0.6153690831469196,0.9209367150903394,7.53e-5,-0.002025,0.30699999999999994,0.5872523687443223,0.0243477345676466,0.1566778397793887,0.9603981633974483
0.6947091711543253,-0.0021003,1.0,11.433102359373606,-1148.4922952997817,-1146.4626814361648,-0.009306851995356894,0.0727170242103456,-0.03750187066819227,-0.30898100458871836,0.0,0.4197721170227243,0.8537485253659344,0.9269564125652867,0.9467528050607149,0.8442809239759512,1.6807670642588906,0.905128059330071,0.6169915863765976,0.9273254053623863,7.53e-5,-0.002025,0.30699999999999994,0.5872523687443223,0.0243592548065403,0.15671520818776855,0.9853981633974482
0.7174827670556151,-0.0021003,1.0,14.541863846487558,-1149.9689654007852,-1148.0170621797217,-0.005307947879525724,0.07052966673089696,-0.05585841806000184,-0.3275917419871932,0.0,0.4991351646597365,0.8458582353352244,0.9306885893996615,0.9498382444782376,0.8393615947837243,1.693131469733535,0.9032418774320559,0.6185871728572794,0.9346096546156485,7.53e-5,-0.002025,0.30699999999999994,0.5872523687443223,0.02436683679492055,0.1567397973203407,1.0103981633974484
0.7397127693021015,-0.0021003,1.0,18.099081209784345,-1151.6554071003934,-1149.7956708613701,-0.0010002587167133436,0.06845544551575325,-0.07381117373617231,-0.34365007794197233,0.0,0.5841519777076348,0.8373003623238595,0.9366590021011987,0.9536398324962172,0.8351329623424277,1.707083545033357,0.9014491367276867,0.6224858719399322,0.9426751414948327,7.53e-5,-0.002025,0.30699999999999994,0.5872523687443223,0.02438362590956131,0.15679423279615143,1.0353981633974483
0.26028723069789844,-0.0020253000000000003,1.0,20.3986942630022,-1152.696209534326,-1150.945477387979,0.0009516165397110027,0.046784189124325554,-0.09189887533762682,-0.3246870306950762,0.0,0.5811525737414626,0.8196790374502566,0.9587262020180032,1.0379613871265465,1.0664979797889362,1.7479040388094926,0.8963652903466318,0.43023528856674786,0.9674851931510404,7.53e-5,-0.0019500000000000001,0.30699999999999994,0.5872523687443223,0.02413456203032235,0.1559848059292612,0.5353981633974483
0.28251723294438486,-0.0020253000000000003,1.0,16.66170527237,-1150.9599470930002,-1149.076982892663,-0.0036895893639037943,0.05081902693410297,-0.0723651551458831,-0.31378824874106154,0.0,0.5040999531179774,0.8312825367260719,0.9554516197360832,1.0358722889226228,1.0777243562029968,1.7379658115938668,0.8984672231188684,0.42821514749759304,0.9587104182994015,7.53e-5,-0.0019500000000000001,0.30699999999999994,0.5872523687443223,0.024139327657219718,0.1560003317460094,0.5603981633974483
0.3052908288456748,-0.0020253000000000003,1.0,13.38085513648548,-1149.433525993469,-1147.4365578247207,-0.008023049818374681,0.05455047053396706,-0.05312467930758146,-0.30178484488269236,0.0,0.42239279898762755,0.8412563944775256,0.9539078818398532,1.0336804269457842,1.087695098449043,1.7292726496314907,0.9004607004712598,0.4270073201061498,0.9504809011328174,7.53e-5,-0.0019500000000000001,0.30699999999999994,0.5872523687443223,0.024150659547837718,0.15603724362781132,0.5853981633974483
0.3285510962722743,-0.0020253000000000003,1.0,10.567968631177791,-1148.1172806343366,-1146.0301145720669,-0.012001009906059236,0.05782885317911131,-0.03575389230386443,-0.2922728239763458,0.0,0.35008563482982497,0.8501357960324203,0.9519533486662244,1.0314352862358624,1.0958240810841895,1.7217418597025222,0.9026185677586389,0.42982802241859375,0.9431732934851085,7.53e-5,-0.0019500000000000001,0.30699999999999994,0.5872523687443223,0.024145456372000836,0.15602029613581223,0.6103981633974482
0.3522398966693302,-0.0020253000000000003,1.0,8.217411179217834,-1147.0252386677557,-1144.8548358460869,-0.015467721105890156,0.06080890767604663,-0.019472656225445438,-0.2827420154569011,0.0,0.28368026569343135,0.8589510612465227,0.951870058954081,1.0292383229556992,1.1025709888758977,1.7134595693408499,0.904668235455379,0.43346584249818393,0.936431457590793,7.53e-5,-0.0019500000000000001,0.30699999999999994,0.5872523687443223,0.024154145509371585,0.15604859690986925,0.6353981633974483
0.3762980203727385,-0.0020253000000000003,1.0,6.308237016430667,-1146.1372893322043,-1143.9002487646933,-0.018493772361732174,0.06371373267784372,-0.004883759248808198,-0.2746402318131967,0.0,0.22507169307555597,0.8664339266571359,0.9512744936682205,1.0267966927611292,1.1067591934329601,1.705985343939072,0.906592509967694,0.43860496711753855,0.9305411384403979,7.53e-5,-0.0019500000000000001,0.30699999999999994,0.5872523687443223,0.024159727823262863,0.15606677605003091,0.6603981633974483
0.4006653346024694,-0.0020253000000000003,1.0,4.807327153795995,-1145.436512778703,-1143.149793833376,-0.02104166502913154,0.06615338816828567,0.007034564583339288,-0.2658576490583926,0.0,0.17530968747609138,0.8725940731556581,0.951028093129134,1.0247402135687282,1.1100562355678818,1.7002114246050495,0.9083665604909544,0.44440581033505755,0.9256322790160398,7.53e-5,-0.0019500000000000001,0.30699999999999994,0.5872523687443223,0.024165954340320605,0.1560870506602137,0.6853981633974483
0.42528093376320036,-0.0020253000000000003,1.0,3.6744959169186586,-1144.912700411582,-1142.5833782149373,-0.023017897896207354,0.06840558689935766,0.01730549956263753,-0.25921709255980385,0.0,0.13565595600133284,0.8778965873275104,0.9509837560469779,1.0225676819754097,1.1109917435873955,1.694286818074323,0.9098385287157384,0.45056953330519667,0.9214755413969083,7.53e-5,-0.0019500000000000001,0.30699999999999994,0.5872523687443223,0.02417148871374848,0.1561050693935623,0.7103981633974483
0.4500832916765859,-0.0020253000000000003,1.0,2.8689459404899935,-1144.5380358037526,-1142.180603226723,-0.02454348438501117,0.07010892964254985,0.024428588377229315,-0.2503365285955569,0.0,0.10819747011921083,0.8820466972973691,0.9510011664027913,1.020821563613853,1.110838839106027,1.6909309789591813,0.9111414315146514,0.4574335576741877,0.9182779082410848,7.53e-5,-0.0019500000000000001,0.30699999999999994,0.5872523687443223,0.024180370875309092,0.15613398360273117,0.7353981633974482
0.47501041536466077,-0.0020253000000000003,1.0,2.355280703756307,-1144.3016588837954,-1141.923770608356,-0.02543294455377972,0.07158265943289724,0.029810574979316197,-0.24963151918161222,0.0,0.0903155031285439,0.8854428061419918,0.9512106027736793,1.0191655649611657,1.1089931542840028,1.6884726195239967,0.9119586069960995,0.4622378465942089,0.9160071833092973,7.53e-5,-0.0019500000000000001,0.30699999999999994,0.5872523687443223,0.024183012563604094,0.15614258212371035,0.7603981633974483
0.4999999999999999,-0.0020253000000000003,1.0,2.1099765223475515,-1144.1908061189333,-1141.8011185176517,-0.025640222660576303,0.0729360471474213,0.03264108010672607,-0.2541001335784503,0.0,0.08358868376004294,0.8873186039078769,0.9511706273821412,1.018283630280808,1.107436308474946,1.6863432504158127,0.9123841478593062,0.46615117661181205,0.9148138842493682,7.53e-5,-0.0019500000000000001,0.30699999999999994,0.5872523687443223,0.024197012244788103,0.15618814251857682,0.7853981633974483
0.5249895846353393,-0.0020253000000000003,1.0,2.124907881087438,-1144.199465659914,-1141.8085841970217,-0.025534357855808668,0.07331501640397087,0.03183527278112593,-0.24928893384950113,0.0,0.09242110706468512,0.8882529481877401,0.951356205766919,1.0176297795469202,1.1039613324349462,1.6876999779083734,0.9125265881059323,0.468798868851497,0.9144800125705892,7.53e-5,-0.0019500000000000001,0.30699999999999994,0.5872523687443223,0.024204598421316455,0.1562128255111892,0.8103981633974483
0.5499167083234141,-0.0020253000000000003,1.0,2.4083026275116026,-1144.3322013008365,-1141.9502815702338,-0.024721435196767814,0.07391021091035678,0.02932914241585936,-0.25576509904198613,0.0,0.10709719756696602,0.8877900978937068,0.9508860240475334,1.0172642836580847,1.0994978939437963,1.6901146517729773,0.9120972112272552,0.4704493728607935,0.915124763951996,7.53e-5,-0.0019500000000000001,0.30699999999999994,0.5872523687443223,0.024221085857761462,0.1562664573528742,0.8353981633974483
0.5747190662367996,-0.0020253000000000003,1.0,2.9842083741300485,-1144.604579774351,-1142.238234443543,-0.023395683523860226,0.0737694004517849,0.0234141990842888,-0.2596319988278217,0.0,0.13816481139323336,0.886273683553742,0.9503612154329515,1.0171812665994209,1.0935739717733102,1.693441679590082,0.911427834921487,0.47160611443692646,0.9167643004193556,7.53e-5,-0.0019500000000000001,0.30699999999999994,0.5872523687443223,0.024232400546314422,0.15630325250796656,0.8603981633974482
0.5993346653975306,-0.0020253000000000003,1.0,3.88798131221165,-1145.0300008810027,-1142.6901209125838,-0.021533989307101334,0.07342925334408744,0.015343082371569195,-0.26543611508980053,0.0,0.17790018594883703,0.8832850892356368,0.9500386212385064,1.017330446441705,1.086329970247451,1.6982544986758417,0.9103843967588642,0.4722218691683701,0.91936104012201,7.53e-5,-0.0019500000000000001,0.30699999999999994,0.5872523687443223,0.02425027460495914,0.15636136154689634,0.8853981633974483
0.6237019796272614,-0.0020253000000000003,1.0,5.160644197201691,-1145.6268086268726,-1143.3264523550788,-0.019127196637478118,0.07264510696263779,0.004917195458302917,-0.2777940585507898,0.0,0.22906797048836489,0.8794157078946937,0.9499884954363235,1.0179238043999939,1.0786053202737944,1.7045783978832902,0.9090026483702965,0.47154883974744877,0.9228675807169219,7.53e-5,-0.0019500000000000001,0.30699999999999994,0.5872523687443223,0.024262522834715944,0.15640116880958904,0.9103981633974483
0.6477601033306698,-0.0020253000000000003,1.0,6.8428167503266195,-1146.4196191996132,-1144.1675386316413,-0.016209149278717156,0.07148106587251506,-0.007664788140150549,-0.28545900825189807,0.0,0.2884938170537164,0.8745594382971963,0.9503216772431907,1.0186445380931237,1.0691310176880373,1.7114603356393392,0.9075550399147039,0.47324015059990227,0.9273349729464647,7.53e-5,-0.0019500000000000001,0.30699999999999994,0.5872523687443223,0.024277545974662508,0.15644998127067092,0.9353981633974483
0.6714489037277258,-0.0020253000000000003,1.0,8.968078414145566,-1147.418022100081,-1145.2301694635507,-0.012828847455065198,0.06939323325574336,-0.023510390759490546,-0.29498674114040424,0.0,0.3581696964768225,0.8680969433142858,0.9509473528359714,1.0194064607564997,1.0581479870713526,1.7190474484285703,0.9059349656954958,0.4759150186233676,0.9327500737806242,7.53e-5,-0.0019500000000000001,0.30699999999999994,0.5872523687443223,0.024287251966888353,0.1564815096814815,0.9603981633974483
0.6947091711543253,-0.0020253000000000003,1.0,11.557844512828524,-1148.6340562021987,-1146.5250525128922,-0.009074742801510723,0.06818066342425089,-0.038815439648658315,-0.30725859311073955,0.0,0.4289952864801516,0.860919494073273,0.9522429183946515,1.0199782307826781,1.0453999841557329,1.7280660119004922,0.904039155646613,0.4787006976892241,0.938695195818934,7.53e-5,-0.0019500000000000001,0.30699999999999994,0.5872523687443223,0.024315629987156084,0.15657365606013862,0.9853981633974482
0.7174827670556151,-0.0020253000000000003,1.0,14.618246103356341,-1150.0753355265992,-1148.0552533081561,-0.004784335932245561,0.06590364764615513,-0.055849498923557436,-0.321401016176392,0.0,0.5074749841430838,0.853438910920339,0.9543562439072492,1.0206773524998576,1.031616501901679,1.7361940779102838,0.9022388065763804,0.4842519614746049,0.9455155830195143,7.53e-5,-0.0019500000000000001,0.30699999999999994,0.5872523687443223,0.024323977962617344,0.1566007528216959,1.0103981633974484
0.7397127693021015,-0.0020253000000000003,1.0,18.138555475058638,-1151.7265787025322,-1149.8154079940073,-0.0003586288856454352,0.06333248761044379,-0.07492848835186805,-0.32865999993584627,0.0,0.5906566323374919,0.8443892254875868,0.9563570090506374,1.0209775037540574,1.0157086928235513,1.7455713963853567,0.9004666190398403,0.4918666538069324,0.9529292781189949,7.53e-5,-0.0019500000000000001,0.30699999999999994,0.5872523687443223,0.02433746602046287,0.1566445242395906,1.0353981633974483
0.26028723069789844,-0.0019502999999999999,1.0,20.325856189113892,-1152.6889299825514,-1150.909058351035,-0.0013995188101599625,0.04605415308302546,-0.09472387863418648,-0.32434510306896597,0.0,0.6110618159934705,0.8204208239202496,0.9599296573409932,1.0165199186255354,1.0006577334300992,1.75770680878328,0.8960771230936293,0.4543579635566338,0.9663649967017973,7.53e-5,-0.001875,0.30699999999999994,0.5872523687443223,0.024126772643631503,0.15595942586201075,0.5353981633974483
0.28251723294438486,-0.0019502999999999999,1.0,16.58432054938794,-1150.9492719486238,-1149.038290531172,-0.006057728776585593,0.04984270858832258,-0.07492022966127299,-0.3158245465630402,0.0,0.5307061601027507,0.8321214760850926,0.957282988520134,1.013967901006499,1.009843522093995,1.7477891555789054,0.8979331691983281,0.4509201788056808,0.9573068265243795,7.53e-5,-0.001875,0.30699999999999994,0.5872523687443223,0.024128349622651493,0.15596456443679366,0.5603981633974483
0.3052908288456748,-0.0019502999999999999,1.0,13.3009058945172,-1149.4169516181619,-1147.3965832037366,-0.01039773876697583,0.054471986721177285,-0.055256629177678304,-0.30778784277724625,0.0,0.4542602891436555,0.8432134445861138,0.9549258429260898,1.0116058261849004,1.01811114096954,1.7391797878598203,0.9001123683727323,0.4522228593740966,0.9491612415270615,7.53e-5,-0.001875,0.30699999999999994,0.5872523687443223,0.024147090274905185,0.15602561818434324,0.5853981633974483
0.3285510962722743,-0.0019502999999999999,1.0,10.486810155387047,-1148.0981538776703,-1145.9895353341715,-0.014374450294080044,0.0567053409009614,-0.03859762928846749,-0.2944447508450531,0.0,0.3801089184475384,0.8511238924112751,0.9545499737881413,1.0093061412211557,1.0254387945147554,1.7307445710856733,0.9021365132568908,0.45366868305905983,0.9418784390996535,7.53e-5,-0.001875,0.30699999999999994,0.5872523687443223,0.02414720432582775,0.15602598967143122,0.6103981633974482
0.3522398966693302,-0.0019502999999999999,1.0,8.137141973445978,-1146.9973208997658,-1144.814701243201,-0.017861280484856107,0.059272193167239834,-0.023037210544373476,-0.28437587501681594,0.0,0.31574125304182427,0.859123502731184,0.9538207658662178,1.0068977923914904,1.0306684058610747,1.7226843129497778,0.9042235175439939,0.45907652502801155,0.9354332223137238,7.53e-5,-0.001875,0.30699999999999994,0.5872523687443223,0.02413486024785694,0.15598577752855824,0.6353981633974483
0.3762980203727385,-0.0019502999999999999,1.0,6.230531438175149,-1146.1017660253383,-1143.8613959755655,-0.020971796251809307,0.06248629470333957,-0.008379466359654471,-0.2772297019545244,0.0,0.2575012751963852,0.8670998790944862,0.953360564028807,1.0049369835119586,1.0356728537963933,1.716826008230681,0.9061569813280227,0.463635716234839,0.9295248869562893,7.53e-5,-0.001875,0.30699999999999994,0.5872523687443223,0.02414855096952512,0.15603037589958688,0.6603981633974483
0.4006653346024694,-0.0019502999999999999,1.0,4.733738249492035,-1145.3977345725039,-1143.112999381224,-0.02353024556987677,0.06506077688347557,0.003746524170897901,-0.2690025147698897,0.0,0.20838623271854406,0.8730565860663646,0.9532223679163582,1.002950114887947,1.0387363830296852,1.7110979237881017,0.9078937345513619,0.4701439463924679,0.9246847306700763,7.53e-5,-0.001875,0.30699999999999994,0.5872523687443223,0.024151900374706214,0.15604128491643965,0.6853981633974483
0.42528093376320036,-0.0019502999999999999,1.0,3.6062974072374345,-1144.869549487818,-1142.5492789600967,-0.0255240378866646,0.06671217398800097,0.013270858639891673,-0.2640537358633674,0.0,0.16959210480904957,0.8785232076973863,0.9535452242740717,1.001325675541056,1.0410275092543069,1.7060962300810807,0.9093867268653429,0.47562981580339125,0.9206040253818815,7.53e-5,-0.001875,0.30699999999999994,0.5872523687443223,0.024147432753954864,0.1560267337058012,0.7103981633974483
0.4500832916765859,-0.0019502999999999999,1.0,2.8071352206548,-1144.4910810748288,-1142.1496978668054,-0.026974118685356343,0.06906797539172249,0.020217464591476404,-0.26243734095837196,0.0,0.1457933461750455,0.8822118141071622,0.9526841767352986,0.9999374264272274,1.041900695743401,1.7022012818873156,0.9106399055278652,0.48120004876741007,0.9177261731293793,7.53e-5,-0.001875,0.30699999999999994,0.5872523687443223,0.02417220615271488,0.15610740507372045,0.7353981633974482
0.47501041536466077,-0.0019502999999999999,1.0,2.3002625143012665,-1144.2579606442148,-1141.8962615136286,-0.02786355153246506,0.07010945083575691,0.025979726296422607,-0.25677154122979046,0.0,0.12367398148091772,0.8859824383329333,0.9538414739361492,0.9986987649924818,1.0412348128337459,1.6999535098550658,0.911412885879239,0.4865716095288746,0.9153358909246727,7.53e-5,-0.001875,0.30699999999999994,0.5872523687443223,0.02416569082296732,0.15608619265402468,0.7603981633974483
0.4999999999999999,-0.0019502999999999999,1.0,2.0622945094828538,-1144.1450100569584,-1141.7772775112194,-0.02825046134466353,0.07122395780455065,0.02835976734059758,-0.25530303867456466,0.0,0.1185782508745029,0.887675494217249,0.9539883077706967,0.9978985373428378,1.039852669624824,1.6993940760658797,0.9118170174979573,0.4900335701158804,0.9140703868195185,7.53e-5,-0.001875,0.30699999999999994,0.5872523687443223,0.024181172381144905,0.156136592499709,0.7853981633974483
0.5249895846353393,-0.0019502999999999999,1.0,2.084742330026984,-1144.1568866513405,-1141.7885014214914,-0.027992109798779585,0.07169666425850968,0.02789546366433462,-0.2565752455738911,0.0,0.12497433962263078,0.8884860376483684,0.953879261582416,0.9972900802525817,1.0368485448429434,1.6997109482419681,0.9119160078226812,0.4927807776875614,0.9138392581161987,7.53e-5,-0.001875,0.30699999999999994,0.5872523687443223,0.024184432861390513,0.1561472049099106,0.8103981633974483
0.5499167083234141,-0.0019502999999999999,1.0,2.3762834430390285,-1144.2895947532018,-1141.9342719779975,-0.02722305294585617,0.0722391622894966,0.024743298822388304,-0.26193405256098246,0.0,0.14864878013242447,0.8877093039144718,0.9530417730105738,0.9973492246517185,1.0337102664463027,1.7023330608903238,0.9116295606372942,0.49413531823443274,0.9147330146032233,7.53e-5,-0.001875,0.30699999999999994,0.5872523687443223,0.024198421197719828,0.1561927270861717,0.8353981633974483
0.5747190662367996,-0.0019502999999999999,1.0,2.960656780645877,-1144.5688235718155,-1142.226458646801,-0.025850704802819414,0.07200245460834923,0.01897307164189011,-0.26329505949959187,0.0,0.17212784940206416,0.8864193411944042,0.9530737494220566,0.9974289281087838,1.0287811192230347,1.7054779097696824,0.9108506787770331,0.4951732741486518,0.9162767841598383,7.53e-5,-0.001875,0.30699999999999994,0.5872523687443223,0.024215074798503267,0.15624690609187142,0.8603981633974482
0.5993346653975306,-0.0019502999999999999,1.0,3.8741826551431586,-1145.0041597030481,-1142.6832215840495,-0.023822198939534647,0.0716322422886918,0.011314572760124021,-0.2726623733667496,0.0,0.215251691193807,0.8842111734021556,0.9526466981430066,0.9980198308453624,1.023385493084629,1.7086415934504116,0.9098588775378715,0.49538484789808274,0.9189203121941886,7.53e-5,-0.001875,0.30699999999999994,0.5872523687443223,0.02422471011611804,0.15627824428525858,0.8853981633974483
0.6237019796272614,-0.0019502999999999999,1.0,5.158032282545264,-1145.6054584224776,-1143.3251463977506,-0.02153259742429696,0.07071236539204152,0.0009415386176279488,-0.27794967953835725,0.0,0.26299530037021407,0.8801410342351634,0.952762709635802,0.9984664064608628,1.0156870319290594,1.7160264578708537,0.9085036306811288,0.4951073190543237,0.9223185046984481,7.53e-5,-0.001875,0.30699999999999994,0.5872523687443223,0.02424253290951191,0.15633619565414514,0.9103981633974483
0.6477601033306698,-0.0019502999999999999,1.0,6.8533331075991555,-1146.4050517100009,-1144.1727968102775,-0.01855319478110047,0.06950583204469948,-0.01153438688082106,-0.287885018624862,0.0,0.32102178333564324,0.8751499258761534,0.9530626312549008,0.9993640783538151,1.007540180282172,1.7226926610481588,0.9069971737593394,0.49608852564441686,0.9268321810508195,7.53e-5,-0.001875,0.30699999999999994,0.5872523687443223,0.024259662032833033,0.1563918719601041,0.9353981633974483
0.6714489037277258,-0.0019502999999999999,1.0,8.993930982398979,-1147.41766049024,-1145.2430957476774,-0.015103729782325501,0.06843933633290704,-0.02567485083255543,-0.2981716240843158,0.0,0.38984175088280226,0.8699742075352711,0.9532691018944226,1.0002893183945725,0.9980095853316877,1.729324940440769,0.9053096801254175,0.497598622937419,0.9319632123709864,7.53e-5,-0.001875,0.30699999999999994,0.5872523687443223,0.02427577926165497,0.15644424171631371,0.9603981633974483
0.6947091711543253,-0.0019502999999999999,1.0,11.601255250863687,-1148.6423843866837,-1146.5467578819098,-0.011242932627467242,0.06607646016639811,-0.04199898513306453,-0.30784327421590235,0.0,0.4598749750505807,0.8618444049357631,0.9548847426038559,1.0012912511206735,0.9871935640045639,1.7378603499685268,0.9035652983139028,0.501124215681424,0.9382536932147494,7.53e-5,-0.001875,0.30699999999999994,0.5872523687443223,0.024292647245488172,0.15649903275102015,0.9853981633974482
0.7174827670556151,-0.0019502999999999999,1.0,14.681671521251701,-1150.0877181231347,-1148.0869660171038,-0.007024468858086528,0.06358805448194767,-0.05984839058749621,-0.31720543582677285,0.0,0.5373574019237264,0.852962689253577,0.9570579854775706,1.0022851885845543,0.975247357516229,1.7467622830827723,0.9016914204857532,0.5061016082488573,0.9451721153075767,7.53e-5,-0.001875,0.30699999999999994,0.5872523687443223,0.024311198276296887,0.1565592692907677,1.0103981633974484
0.7397127693021015,-0.0019502999999999999,1.0,18.22405794274846,-1151.751250983528,-1149.8581592278522,-0.0024411038503796226,0.061164349853030785,-0.07803875631959935,-0.32895088382886295,0.0,0.6183112197034839,0.8442893719930616,0.959000498289959,1.003319204131196,0.9624202203645343,1.7556249530609032,0.8999585128456932,0.5137818401350064,0.9527159743727454,7.53e-5,-0.001875,0.30699999999999994,0.5872523687443223,0.024324155234984955,0.15660132818235234,1.0353981633974483
0.26028723069789844,-0.0018752999999999999,1.0,20.484844795253593,-1152.7348641834087,-1150.9885526541048,-0.00401718298924376,0.04446322799982097,-0.09814856501939753,-0.3183290837462148,0.0,0.6415712757202536,0.8200544597076465,0.9613694754411815,0.9922690136626783,0.9298788024499036,1.7669871369329373,0.8956766762193832,0.48372994394871743,0.9648431930542265,7.53e-5,-0.0018,0.30699999999999994,0.5872523687443223,0.024112839954922177,0.15591401917842418,0.5353981633974483
0.28251723294438486,-0.0018752999999999999,1.0,16.74166925741156,-1150.9845498885525,-1149.1169648851837,-0.008709255098414725,0.048256233261208405,-0.0784538992954049,-0.30888131663706114,0.0,0.5601320251508309,0.8311302186283597,0.959013317043096,0.9894158082503142,0.937049909953767,1.7577904653971133,0.8976505980906889,0.4827355313524295,0.9560320931820481,7.53e-5,-0.0018,0.30699999999999994,0.5872523687443223,0.024121803650717106,0.1559432333631864,0.5603981633974483
0.3052908288456748,-0.0018752999999999999,1.0,13.457373331585131,-1149.4452599392134,-1147.4748169222705,-0.013111552643958259,0.052072579471178944,-0.05963874078297568,-0.30010814582139544,0.0,0.4845309205295135,0.8421661553187882,0.9569829440996932,0.9865419851060548,0.943074674650553,1.749261165092951,0.8996746610197854,0.4828422840245053,0.9477257738222222,7.53e-5,-0.0018,0.30699999999999994,0.5872523687443223,0.02412735845418845,0.15596133474061247,0.5853981633974483
0.3285510962722743,-0.0018752999999999999,1.0,10.643748309431885,-1148.1231956972304,-1146.068004411194,-0.01709236052416462,0.05569234761001729,-0.042096982363680154,-0.29136341990264464,0.0,0.41379899998536995,0.8517033492678201,0.9554887632403857,0.983824539871622,0.9482882687750229,1.7406005815469485,0.9017776328827423,0.4860659527393503,0.9403433835090029,7.53e-5,-0.0018,0.30699999999999994,0.5872523687443223,0.024135476263836775,0.15598778450365453,0.6103981633974482
0.3522398966693302,-0.0018752999999999999,1.0,8.295340603297063,-1147.0180392316197,-1144.8938005581265,-0.02064977718304324,0.05844900047247731,-0.02634740950075326,-0.28060194674979294,0.0,0.34891694102170323,0.8601286650487796,0.9551438177603699,0.9814898091473083,0.9531588996994598,1.7329344732215894,0.9037749891909419,0.49037255779975686,0.9336782373207378,7.53e-5,-0.0018,0.30699999999999994,0.5872523687443223,0.02413737982190937,0.15599398612266227,0.6353981633974483
0.3762980203727385,-0.0018752999999999999,1.0,6.39113858756582,-1146.1189835635696,-1143.9416995502609,-0.02371004432971062,0.060920064904792584,-0.012668800940695262,-0.2732223654808152,0.0,0.2917434541989547,0.8675176954970933,0.9548270930007128,0.9793634569634908,0.9570575544292927,1.7261852283937098,0.9056765422259729,0.49571495473268906,0.9279268058302585,7.53e-5,-0.0018,0.30699999999999994,0.5872523687443223,0.024135518531621207,0.1559879222108397,0.6603981633974483
0.4006653346024694,-0.0018752999999999999,1.0,4.89769019601772,-1145.4088146260906,-1143.1949753544868,-0.026304419433049023,0.06309976124558457,-0.0008999874928071103,-0.26611702315309743,0.0,0.24420590543811396,0.873297011703527,0.9551122799923613,0.9773134375758102,0.9593294938422651,1.721044497576365,0.9074856657581623,0.5032912869809612,0.9231643536634049,7.53e-5,-0.0018,0.30699999999999994,0.5872523687443223,0.024139685367399886,0.15600149706075617,0.6853981633974483
0.42528093376320036,-0.0018752999999999999,1.0,3.7743766778667123,-1144.8772603818968,-1142.6333185954113,-0.028360771126560005,0.06524788096867534,0.008976407590142186,-0.25852760951140125,0.0,0.2058425069640302,0.8784577603037445,0.9554569232792907,0.9756633066156467,0.9611876748657306,1.7162868935773181,0.9089218316635825,0.5088863207569929,0.9190810744543838,7.53e-5,-0.0018,0.30699999999999994,0.5872523687443223,0.02414960070342135,0.15603379496357508,0.7103981633974483
0.4500832916765859,-0.0018752999999999999,1.0,2.9799556935354303,-1144.505977994941,-1142.2361081032457,-0.029678213325926003,0.06686084653935624,0.01647230026124621,-0.2579221467759537,0.0,0.17910437685859082,0.8831091080634498,0.9553865801403382,0.9742963508430222,0.9620536274484655,1.7110028233352317,0.910055088873974,0.5142959888823184,0.9160662949834069,7.53e-5,-0.0018,0.30699999999999994,0.5872523687443223,0.024131931734637097,0.15597623611443268,0.7353981633974482
0.47501041536466077,-0.0018752999999999999,1.0,2.4783462205664364,-1144.2650422454412,-1141.9853033667612,-0.030660318732150693,0.06863631382543718,0.021703212926665594,-0.2528234539182144,0.0,0.1596568408961784,0.8862707686371503,0.9556610590734554,0.9733300451968302,0.9619262766916871,1.710229222520509,0.9109149368499452,0.5202578401378797,0.9139108200333741,7.53e-5,-0.0018,0.30699999999999994,0.5872523687443223,0.024161966706371444,0.1560740665317417,0.7603981633974483
0.4999999999999999,-0.0018752999999999999,1.0,2.2460180329135255,-1144.1518591540964,-1141.8691392729347,-0.03100972538941211,0.06968988221048912,0.024084223909771035,-0.254358592570379,0.0,0.1549659117419746,0.8881440535869778,0.9554994046306309,0.9726346681732269,0.9607839237860956,1.7098484275805754,0.9113866122703638,0.5244910243319026,0.912783165377171,7.53e-5,-0.0018,0.30699999999999994,0.5872523687443223,0.024168414787502028,0.1560950615971382,0.7853981633974483
0.5249895846353393,-0.0018752999999999999,1.0,2.274383114845932,-1144.1651156440319,-1141.883321813901,-0.030749496111169474,0.06999976441687462,0.023339769432444833,-0.25357914662178505,0.0,0.16081400130819457,0.8884977710659935,0.9556555890796518,0.9721457541264148,0.9583527429144096,1.7100097836972532,0.9114065773950322,0.5273151572928642,0.9125679073391394,7.53e-5,-0.0018,0.30699999999999994,0.5872523687443223,0.02417518540425362,0.1561171039046859,0.8103981633974483
0.5499167083234141,-0.0018752999999999999,1.0,2.5722764327333607,-1144.3029011380008,-1142.0322684728446,-0.029959531199641527,0.07006967797113592,0.020263189276393378,-0.2557899300200525,0.0,0.17918081011086828,0.8875950149843728,0.9556057671949689,0.9720267606700312,0.9549942488989136,1.7124310971743397,0.9111016714515087,0.529374929079514,0.9134036468673052,7.53e-5,-0.0018,0.30699999999999994,0.5872523687443223,0.024183538620232727,0.15614429434861854,0.8353981633974483
0.5747190662367996,-0.0018752999999999999,1.0,3.16404342584201,-1144.5917692076255,-1142.328151969399,-0.028461730405423376,0.07021310669380111,0.015050307865284844,-0.26222351288764034,0.0,0.20911800730810914,0.8872915682528635,0.9548312912598477,0.9724421554458416,0.9516056058761069,1.7137063893053757,0.9103036785858554,0.5283960541602921,0.9149036256082583,7.53e-5,-0.0018,0.30699999999999994,0.5872523687443223,0.024191010415081617,0.1561686118102391,0.8603981633974482
0.5993346653975306,-0.0018752999999999999,1.0,4.085618333328057,-1145.0223496476415,-1142.788939423142,-0.02659218785320975,0.06944964934725982,0.0065538763810946725,-0.26708517971528595,0.0,0.2484246972641866,0.8836017597689372,0.954823161208211,0.9730532724854345,0.9466029619926171,1.7194503175144864,0.9093547866833043,0.5293432734198442,0.9177253903756084,7.53e-5,-0.0018,0.30699999999999994,0.5872523687443223,0.02421357257937498,0.156242019681908,0.8853981633974483
0.6237019796272614,-0.0018752999999999999,1.0,5.37910106032723,-1145.6277930206543,-1143.4356807866416,-0.024212503622392106,0.0689296064466107,-0.0037384657497759365,-0.2778755397379436,0.0,0.29781180329480517,0.8795021402285413,0.954143174970278,0.9741152041161323,0.9413522698036203,1.726783968600404,0.9080089719422468,0.5285902130363296,0.9213189830619598,7.53e-5,-0.0018,0.30699999999999994,0.5872523687443223,0.024235033642528644,0.15631181408586964,0.9103981633974483
0.6477601033306698,-0.0018752999999999999,1.0,7.085383427268425,-1146.4422811651275,-1144.2888219701122,-0.021189460243666754,0.06777036262450752,-0.015552311044773932,-0.2821157343841586,0.0,0.35500386525175054,0.8751338577766715,0.9546778679553223,0.9750041835583183,0.9340508481906622,1.7320947937721543,0.9064292625166844,0.5284113886639935,0.925584258014538,7.53e-5,-0.0018,0.30699999999999994,0.5872523687443223,0.02424313889103756,0.1563381656567633,0.9353981633974483
0.6714489037277258,-0.0018752999999999999,1.0,9.238567255114503,-1147.459618517681,-1145.3654138840352,-0.017697960378153032,0.06610099529596243,-0.03004507359009291,-0.29269769142377333,0.0,0.42025420228574234,0.8687481304940934,0.9552321844654276,0.9763051423632788,0.9263938810808031,1.7393148766575204,0.9047637180330947,0.5298577023588525,0.9310280539000655,7.53e-5,-0.0018,0.30699999999999994,0.5872523687443223,0.02426102813676271,0.15639631150324146,0.9603981633974483
0.6947091711543253,-0.0018752999999999999,1.0,11.86031156332001,-1148.6939413809505,-1146.676286038138,-0.013830819883389618,0.06374013288697382,-0.04641238347653554,-0.3018415024087213,0.0,0.49325313604527193,0.8610074466332887,0.9565841510561357,0.9777553911644078,0.9177603417255528,1.7478120023646597,0.9030224618704198,0.5328803411871079,0.9373133460302909,7.53e-5,-0.0018,0.30699999999999994,0.5872523687443223,0.024274866467172897,0.15644127622361859,0.9853981633974482
0.7174827670556151,-0.0018752999999999999,1.0,14.956735629106333,-1150.1587047447597,-1148.2244980710311,-0.00942628960563557,0.06215575223901255,-0.06297185376247136,-0.3159639878793957,0.0,0.5682969547663832,0.8535180829237113,0.9576683903030168,0.9789661429226213,0.9075931057153406,1.7546809535204382,0.9012013877791987,0.5379998170177704,0.9441138723715286,7.53e-5,-0.0018,0.30699999999999994,0.5872523687443223,0.024299474000658912,0.1565212023262879,1.0103981633974484
0.7397127693021015,-0.0018752999999999999,1.0,18.516430915715773,-1151.8308510903714,-1150.0043457143358,-0.004766209074306523,0.059227997584280524,-0.08166126923408025,-0.3296069301867737,0.0,0.652545669285138,0.8445418283567825,0.9596185428116487,0.9806146320372296,0.8974743654854423,1.7632672687653617,0.8995547143729916,0.5453945981422538,0.9518632459889091,7.53e-5,-0.0018,0.30699999999999994,0.5872523687443223,0.024306392164164293,0.15654366564826885,1.0353981633974483
0.26028723069789844,-0.0018003,1.0,20.902133142853472,-1152.8378577512976,-1151.1971968279047,-0.0065746806041260975,0.04440348576119349,-0.10020810971249507,-0.3157506044590324,0.0,0.6750977764355857,0.8204703373296512,0.961971460359931,0.9668522484897866,0.8595030452898729,1.7738402347183704,0.8952776147071346,0.5189587429232682,0.9632298027419475,7.53e-5,-0.001725,0.30699999999999994,0.5872523687443223,0.024106527904706014,0.15589344397262514,0.5353981633974483
0.28251723294438486,-0.0018003,1.0,17.163108493336495,-1151.07018030188,-1149.3276845031462,-0.011555161827417088,0.0476030207157675,-0.081625757393598,-0.30532771810636955,0.0,0.5963039554649083,0.8316385355918579,0.9598163335794379,0.9632756240349366,0.8637416184056019,1.7672207736685324,0.8972594860723655,0.5174159839341883,0.9542654730187345,7.53e-5,-0.001725,0.30699999999999994,0.5872523687443223,0.024116589291527032,0.1559262395380963,0.5603981633974483
0.3052908288456748,-0.0018003,1.0,13.882719697861376,-1149.5223666193133,-1147.6874901054086,-0.01591681728241385,0.05070826065142643,-0.06356699454831095,-0.29463259123432484,0.0,0.5198605396941371,0.8413195735219104,0.9583426188755224,0.9601852921590185,0.8683173112510095,1.7580906992425418,0.8993147519903045,0.5194936861388109,0.9462438539500075,7.53e-5,-0.001725,0.30699999999999994,0.5872523687443223,0.024123919334479275,0.15595012795840188,0.5853981633974483
0.3285510962722743,-0.0018003,1.0,11.073148882260284,-1148.1962082840323,-1146.282704697608,-0.0199636550177252,0.05390339075146561,-0.04635666037885669,-0.28239312018989904,0.0,0.4498617000915036,0.8514090869581077,0.9573203452794821,0.9571252386523865,0.8718094686782938,1.7496061246437562,0.9014029924500822,0.5235779507733186,0.9386822473578167,7.53e-5,-0.001725,0.30699999999999994,0.5872523687443223,0.02412295532708573,0.15594698648541128,0.6103981633974482
0.3522398966693302,-0.0018003,1.0,8.72915118375522,-1147.085159349992,-1145.1107058483556,-0.02356337692490893,0.05734871301894218,-0.02987447979503664,-0.27783332050309245,0.0,0.38952184357730774,0.8609628673843684,0.9559694302537323,0.9546052250523768,0.8755803565838657,1.7420184922247248,0.903376831028151,0.5272047142150066,0.9318373166496423,7.53e-5,-0.001725,0.30699999999999994,0.5872523687443223,0.02411109891439759,0.15590834422179972,0.6353981633974483
0.3762980203727385,-0.0018003,1.0,6.829405737328216,-1146.1772447354329,-1144.160833125142,-0.026619852860232374,0.059142455669640555,-0.017029849520141707,-0.2662319201967676,0.0,0.33066497599672146,0.8668057168952851,0.9564003072651267,0.9522205373798819,0.877882314606649,1.735792820645921,0.905403127931413,0.5369123720859295,0.9264853417198191,7.53e-5,-0.001725,0.30699999999999994,0.5872523687443223,0.024121936077672736,0.1559436649251115,0.6603981633974483
0.4006653346024694,-0.0018003,1.0,5.340737333812285,-1145.4642255578472,-1143.416498923384,-0.029266989673973034,0.0617138263943964,-0.005237235475800826,-0.2611584588251944,0.0,0.28274767000798534,0.8731346245989372,0.9563326881237915,0.9499295838657089,0.8794091387997611,1.7303288529732268,0.9069928843884084,0.5417160664320179,0.9213953185957837,7.53e-5,-0.001725,0.30699999999999994,0.5872523687443223,0.024130019513766768,0.15597000558644408,0.6853981633974483
0.42528093376320036,-0.0018003,1.0,4.222374634340667,-1144.9328872375947,-1142.8573175736483,-0.031288798578558256,0.06401362443850439,0.004885619333989418,-0.25392652632665874,0.0,0.24451539329088012,0.8791213919759939,0.956557168703244,0.9482078537050376,0.8806047357283496,1.7254513783609284,0.9084229474779681,0.5488348022664231,0.9172788338300203,7.53e-5,-0.001725,0.30699999999999994,0.5872523687443223,0.024142242405504697,0.15600982689495843,0.7103981633974483
0.4500832916765859,-0.0018003,1.0,3.4328455028298777,-1144.5568283462017,-1142.462553007893,-0.03270582836045601,0.0654439513871454,0.01199643655610758,-0.2481137281403487,0.0,0.21572551280079988,0.883043266097743,0.9571364224437284,0.9468645723803519,0.8811010169892202,1.7213995690419914,0.9096518999948225,0.5566828039272247,0.9143665840835816,7.53e-5,-0.001725,0.30699999999999994,0.5872523687443223,0.02414323071553184,0.15601304630881346,0.7353981633974482
0.47501041536466077,-0.0018003,1.0,2.9364419101389103,-1144.3197985419401,-1142.2143512115474,-0.03361610162746488,0.06673987008774875,0.0165827159801853,-0.24537373582444305,0.0,0.19944994222835596,0.8865436258706163,0.9572864966397577,0.945880373254209,0.8810346612331896,1.7191186310748634,0.9104020220730908,0.5607357925849878,0.9121196941385141,7.53e-5,-0.001725,0.30699999999999994,0.5872523687443223,0.024151169221468004,0.15603890361237632,0.7603981633974483
0.4999999999999999,-0.0018003,1.0,2.7092033338954025,-1144.208462808846,-1142.1007319234257,-0.03392880030263855,0.06786716763593532,0.019050110184248237,-0.24612943913385227,0.0,0.1935136249753653,0.8882204210583733,0.9571766260382097,0.9451824995184428,0.8799369609433819,1.7182155853035366,0.9108488846145723,0.5654532520051073,0.9110295099236085,7.53e-5,-0.001725,0.30699999999999994,0.5872523687443223,0.02416108318517171,0.15607118955838606,0.7853981633974483
0.5249895846353393,-0.0018003,1.0,2.7428502279854,-1144.223292960014,-1142.1175553704707,-0.033669986049135035,0.06856638962994305,0.018804605898590652,-0.2490236130492696,0.0,0.2027714880444107,0.8894280179308945,0.9567996029666438,0.9449123908410603,0.8782328139137772,1.7186959477567774,0.9109303907718638,0.5675094376317622,0.910850814429528,7.53e-5,-0.001725,0.30699999999999994,0.5872523687443223,0.02416420748909243,0.15608136286934407,0.8103981633974483
0.5499167083234141,-0.0018003,1.0,3.0466176973786787,-1144.360361592141,-1142.2694391051673,-0.03278921396985517,0.06882113997522239,0.0152937105715736,-0.2630640859007093,0.0,0.22321190676930688,0.8880884255607426,0.9554438440738156,0.9452670887714603,0.8766364309728172,1.7211323660498288,0.9105209156534263,0.5682027568260648,0.9118351589056677,7.53e-5,-0.001725,0.30699999999999994,0.5872523687443223,0.024166825555936747,0.15608988728491316,0.8353981633974483
0.5747190662367996,-0.0018003,1.0,3.643764996867503,-1144.6470456960828,-1142.5680127549117,-0.031536852889352325,0.0683856472903203,0.010371923570218128,-0.25384917763117587,0.0,0.24680747556804383,0.8867927346042499,0.9564072771648913,0.9455431516611644,0.8729318171845122,1.7252834538570405,0.9097904838251676,0.5693008104639409,0.9133179231459015,7.53e-5,-0.001725,0.30699999999999994,0.5872523687443223,0.024185575695109866,0.1561509245097644,0.8603981633974482
0.5993346653975306,-0.0018003,1.0,4.571979322676725,-1145.0903483537709,-1143.0321199178163,-0.029538705701566328,0.0679169475737486,0.002373894629379857,-0.25928059398013326,0.0,0.286713499656871,0.883868737097283,0.9561093736008505,0.9463298882766699,0.8690787062347596,1.7291792026000627,0.9087674647902836,0.5684883345543776,0.9160674982733497,7.53e-5,-0.001725,0.30699999999999994,0.5872523687443223,0.024203205776050254,0.1562082945715216,0.8853981633974483
0.6237019796272614,-0.0018003,1.0,5.872863819236045,-1145.7100129305295,-1143.682562166096,-0.027014807500585,0.06686176822906462,-0.00820641636130001,-0.26705419343462994,0.0,0.3352367736229272,0.8799541656507948,0.9559908681620327,0.9474077148184094,0.8644339786629194,1.7346541839940914,0.9074591134765031,0.5681104889621676,0.919706711301681,7.53e-5,-0.001725,0.30699999999999994,0.5872523687443223,0.02421790763388067,0.15625612032075828,0.9103981633974483
0.6477601033306698,-0.0018003,1.0,7.587606169253377,-1146.5238838179914,-1144.5399333411046,-0.024006225540525755,0.06554122043696917,-0.020570674484924945,-0.2759185101584878,0.0,0.3931671060045564,0.8743990756626121,0.9561418661769426,0.9487882742054239,0.8591486760746825,1.7412010261886355,0.905944607729199,0.5680843213547883,0.9243156925836988,7.53e-5,-0.001725,0.30699999999999994,0.5872523687443223,0.024232675425929974,0.156304146307085,0.9353981633974483
0.6714489037277258,-0.0018003,1.0,9.750294093303182,-1147.5566661859273,-1145.6212773031295,-0.020395539448861945,0.06413471038299587,-0.034342159331118643,-0.2877365632772428,0.0,0.4584379469393161,0.868992478540976,0.9564009796256123,0.9503904435265051,0.8531480586926338,1.7472320534751862,0.9042754167703042,0.5687074302269822,0.9296470934764207,7.53e-5,-0.001725,0.30699999999999994,0.5872523687443223,0.02424051495965081,0.15632963527030053,0.9603981633974483
0.6947091711543253,-0.0018003,1.0,12.382428708424413,-1148.8017814930674,-1146.9373446106902,-0.016501903329787217,0.06205314927945679,-0.05022803676026095,-0.29734236155106814,0.0,0.5298955486952505,0.8612904447740157,0.957525963108228,0.952066667824534,0.8461866001229024,1.7553892905303976,0.9024446106706511,0.5701353528100698,0.9358258239572765,7.53e-5,-0.001725,0.30699999999999994,0.5872523687443223,0.024256793955957177,0.15638255093222694,0.9853981633974482
0.7174827670556151,-0.0018003,1.0,15.489941908831952,-1150.2692754050047,-1148.491101210894,-0.012183454995710156,0.060205252826347665,-0.06709142608049533,-0.307511213759193,0.0,0.6054706744476355,0.8531090077241563,0.958875540025959,0.9539388291437453,0.8383781349854479,1.7646336019529185,0.9008250197752442,0.5770007862985582,0.9429725638837294,7.53e-5,-0.001725,0.30699999999999994,0.5872523687443223,0.024282936482431176,0.15646749225796008,1.0103981633974484
0.7397127693021015,-0.0018003,1.0,19.061148346217124,-1151.9563985700377,-1150.2767044295865,-0.007383880601741926,0.05701978843246739,-0.08551900425435245,-0.3204862285616327,0.0,0.683607396244737,0.8430684654091273,0.9610568368201133,0.9562425994777906,0.8311283726101765,1.7724716866936987,0.8989820353052355,0.5830738470810042,0.9508435153403332,7.53e-5,-0.001725,0.30699999999999994,0.5872523687443223,0.02429305238811534,0.1565003485179534,1.0353981633974483
0.26028723069789844,-0.0017253,1.0,21.60336617854955,-1152.9852268841105,-1151.5478133457527,-0.009578166184762196,0.043155188711036116,-0.10429713376017906,-0.3131432240905764,0.0,0.7097640049120826,0.8198176213166132,0.9634798990146305,0.9424746263213946,0.7950823233701749,1.786431032072474,0.89496561855641,0.5551432350710007,0.9618009081020419,7.53e-5,-0.00165,0.30699999999999994,0.5872523687443223,0.0241046289124379,0.15588725336889905,0.5353981633974483
0.28251723294438486,-0.0017253,1.0,17.87784054133681,-1151.2222326120198,-1149.6850505271464,-0.014422730646437086,0.04662931476048416,-0.08538046154164612,-0.29990814742827304,0.0,0.6280836137564345,0.8314353419978924,0.9611367330852384,0.9381906954980893,0.7969258274915345,1.777372271274063,0.8969219344779445,0.5550691180275029,0.9527889209152445,7.53e-5,-0.00165,0.30699999999999994,0.5872523687443223,0.024111674144095513,0.15591021921667916,0.5603981633974483
0.3052908288456748,-0.0017253,1.0,14.608794802517878,-1149.6615025769947,-1148.050527657737,-0.018984341558750388,0.049644639651770295,-0.06750749442097588,-0.28786034501386926,0.0,0.5577447671594888,0.841717978709581,0.9595204653160645,0.9341312401797224,0.7983374550395865,1.768790861897791,0.8989554129315422,0.5580535440103249,0.9444327862453761,7.53e-5,-0.00165,0.30699999999999994,0.5872523687443223,0.024110724873304547,0.15590712500125348,0.5853981633974483
0.3285510962722743,-0.0017253,1.0,11.808971653581466,-1148.3243843695795,-1146.6506160832687,-0.023059284342403327,0.052644950995849496,-0.05054644621028963,-0.27818941252459395,0.0,0.4885777678465776,0.8514513058999741,0.9584179393463953,0.9305338951113642,0.79984204349546,1.7604745309811123,0.9010048178050281,0.5632627796746378,0.9368971968914911,7.53e-5,-0.00165,0.30699999999999994,0.5872523687443223,0.024111954127358493,0.1559111318306251,0.6103981633974482
0.3522398966693302,-0.0017253,1.0,9.473675967009058,-1147.2111809510911,-1145.4829682399825,-0.0266150569210195,0.05648073685668454,-0.0342037757686323,-0.27207509656752504,0.0,0.42139845347347443,0.8606834935690953,0.9569416293776358,0.9274861361937422,0.8018473767262833,1.7520298808840233,0.9027995136178966,0.5666692586518403,0.9299816945402777,7.53e-5,-0.00165,0.30699999999999994,0.5872523687443223,0.02412859684789402,0.15596537000361646,0.6353981633974483
0.3762980203727385,-0.0017253,1.0,7.581576547317582,-1146.2994716866851,-1144.5369185301367,-0.029753071267915827,0.05850192471065812,-0.02091754174709725,-0.2627365057139669,0.0,0.36924125241628136,0.868124226194313,0.9570742656901015,0.9246046183350057,0.802618810850881,1.7450876584729438,0.9046255647920651,0.5745680955999946,0.9241212931285306,7.53e-5,-0.00165,0.30699999999999994,0.5872523687443223,0.024118859629133012,0.15593363888804693,0.6603981633974483
0.4006653346024694,-0.0017253,1.0,6.0997997964054775,-1145.579127088876,-1143.7960301546807,-0.032365469525233746,0.060763593540128204,-0.009151079277234402,-0.25608070338512795,0.0,0.32032433113769465,0.873976389101389,0.9572143150522743,0.9220507747414179,0.8027420323940907,1.7399816540561939,0.9064577250868026,0.5850640271165567,0.9193357064556926,7.53e-5,-0.00165,0.30699999999999994,0.5872523687443223,0.02412428280217941,0.15595131239811777,0.6853981633974483
0.42528093376320036,-0.0017253,1.0,4.988087790890859,-1145.04245925201,-1143.2401741519234,-0.03433780545900267,0.06360610287177798,0.000897695612388876,-0.2580235446518727,0.0,0.2874661650924579,0.879949923574593,0.9564129861578636,0.9202381211418461,0.803555692543368,1.7343724165340577,0.9078960271010188,0.5917934891676722,0.9153308196580568,7.53e-5,-0.00165,0.30699999999999994,0.5872523687443223,0.024131195388885928,0.1559738369311712,0.7103981633974483
0.4500832916765859,-0.0017253,1.0,4.204112173518752,-1144.6596085854217,-1142.8481863432373,-0.03587884480540623,0.06404698021733224,0.007175176339701609,-0.2458467680149491,0.0,0.2554420181116822,0.8832042531313564,0.9578183586073615,0.918614668705914,0.8030498740473135,1.731696866551495,0.9090391823721925,0.6009324836370998,0.9123379534335478,7.53e-5,-0.00165,0.30699999999999994,0.5872523687443223,0.024133572054200532,0.15598158052327324,0.7353981633974482
0.47501041536466077,-0.0017253,1.0,3.71312046418916,-1144.4231470799566,-1142.6026904885725,-0.03677630062223146,0.06545123462811789,0.012119042021635294,-0.24206289381618906,0.0,0.23818690221430744,0.8870468267151662,0.9581574481074524,0.9175254113103759,0.8025618400919532,1.7293441437768564,0.9097693318008686,0.6065125401834816,0.910043872680525,7.53e-5,-0.00165,0.30699999999999994,0.5872523687443223,0.024138421383624223,0.15599737933501578,0.7603981633974483
0.4999999999999999,-0.0017253,1.0,3.4908331830611132,-1144.3087167749397,-1142.4915468480085,-0.03714789438174911,0.06627386326149824,0.014266596963149183,-0.24170289032423387,0.0,0.23386060539617928,0.8883941394374326,0.9583327626380375,0.9167292888321956,0.8011660434508374,1.7289168017842562,0.9102721912232319,0.6119201556587148,0.9090375918067308,7.53e-5,-0.00165,0.30699999999999994,0.5872523687443223,0.02414689183121653,0.15602497181078506,0.7853981633974483
0.5249895846353393,-0.0017253,1.0,3.5292233316445163,-1144.3251249451632,-1142.5107419223002,-0.03690471452383193,0.066837776399731,0.013764263215316734,-0.24175166831113298,0.0,0.23961230706471595,0.8893259004288978,0.9581768822890327,0.9165649152773416,0.7998509903713809,1.7299423102605087,0.9102796008216832,0.6140102733386974,0.9088622865350302,7.53e-5,-0.00165,0.30699999999999994,0.5872523687443223,0.02415851885735524,0.156062839153781,0.8103981633974483
0.5499167083234141,-0.0017253,1.0,3.837251129371907,-1144.4756878921253,-1142.664755821164,-0.03597693851595519,0.06717732763500919,0.010904151790443375,-0.24588573812067874,0.0,0.25624684470548204,0.8886989003489429,0.9576700058005905,0.9168593220476318,0.7983209487177272,1.7307653388516913,0.9098904291316233,0.6149538416105398,0.9096693194461788,7.53e-5,-0.00165,0.30699999999999994,0.5872523687443223,0.024172720523088134,0.15610907962696383,0.8353981633974483
0.5747190662367996,-0.0017253,1.0,4.439658577695809,-1144.7639136996877,-1142.9659595453259,-0.03460617996294197,0.06678559719353362,0.005260893708138411,-0.24854759872742094,0.0,0.28464857950686967,0.8869840420343574,0.9575227724166758,0.9175120006387151,0.7960259462595036,1.7345818658984768,0.9091861150337848,0.6149420934839516,0.9114555656397455,7.53e-5,-0.00165,0.30699999999999994,0.5872523687443223,0.024183792230615106,0.15614511980081677,0.8603981633974482
0.5993346653975306,-0.0017253,1.0,5.3730296918192835,-1145.211827293066,-1143.4326451023876,-0.03258955849378736,0.06677767681755264,-0.002134597541863188,-0.262611639931813,0.0,0.3254155840379458,0.8844730202753509,0.9561533651586539,0.918698199880394,0.7937921249179043,1.7389392758861337,0.9080954763769631,0.6123917907743868,0.9141787089286182,7.53e-5,-0.00165,0.30699999999999994,0.5872523687443223,0.02418771316018882,0.15615788112275872,0.8853981633974483
0.6237019796272614,-0.0017253,1.0,6.6791130992251055,-1145.8337369591827,-1144.0856868060905,-0.030133866151249196,0.06557511035681514,-0.012441574059890584,-0.2647169033864856,0.0,0.373006839299095,0.8799218693720134,0.956723049081895,0.91989494695042,0.7897775050591866,1.745865824949514,0.9069054559019154,0.6130975924734867,0.9179992374687043,7.53e-5,-0.00165,0.30699999999999994,0.5872523687443223,0.02421126929387423,0.1562345272806594,0.9103981633974483
0.6477601033306698,-0.0017253,1.0,8.399556034274156,-1146.6617606291236,-1144.945908273615,-0.0270136376851511,0.06449353212996135,-0.02473919264983491,-0.27446920356178905,0.0,0.4313309698255655,0.8745190735359744,0.9566216445697763,0.9218397333727226,0.7865899396669738,1.7515125873253579,0.9053966670323883,0.6118315916061099,0.9226916244738517,7.53e-5,-0.00165,0.30699999999999994,0.5872523687443223,0.024230850694106867,0.15629821291285115,0.9353981633974483
0.6714489037277258,-0.0017253,1.0,10.568005074153007,-1147.69774701456,-1146.0301327935545,-0.023460048927876353,0.061912356625802474,-0.03941106680496596,-0.28146378888316037,0.0,0.49511472428262215,0.8675900834085107,0.957885906303912,0.9236543878558349,0.7816894411364732,1.7586937368258009,0.9037894452220245,0.6131036508690826,0.9283495023156362,7.53e-5,-0.00165,0.30699999999999994,0.5872523687443223,0.024233455474553398,0.15630668268786088,0.9603981633974483
0.6947091711543253,-0.0017253,1.0,13.206087691766243,-1148.9577858343519,-1147.349174102361,-0.01952306720255911,0.06004322523857116,-0.05501068519256686,-0.2919671019140087,0.0,0.5654413621339225,0.8602822799998223,0.958692097280241,0.9263273250094675,0.7780343070169826,1.7675529755456831,0.9019221357046545,0.6123783357039807,0.9345499152430734,7.53e-5,-0.00165,0.30699999999999994,0.5872523687443223,0.024247170491980014,0.15635127149202968,0.9853981633974482
0.7174827670556151,-0.0017253,1.0,16.319039816797158,-1150.4409634101364,-1148.9056501648765,-0.014997129683499102,0.05729788399627223,-0.07227118915574189,-0.30361419423294617,0.0,0.6408716135327667,0.8510410695233491,0.960571442830747,0.9288807161602407,0.772827406856337,1.7747834864581302,0.9003227264047755,0.6188815505133642,0.9420118126110879,7.53e-5,-0.00165,0.30699999999999994,0.5872523687443223,0.02426168229292293,0.15639843732652137,1.0103981633974484
0.7397127693021015,-0.0017253,1.0,19.895083588967736,-1152.1426018925013,-1150.6936720509618,-0.010209731158512356,0.0547030277041006,-0.09011828581798238,-0.31208732968864755,0.0,0.7180746413785368,0.8415598281332317,0.9624429719840503,0.9318421049165644,0.7679240221166732,1.783296495113245,0.8985243509167496,0.6241605146494025,0.9498956713592339,7.53e-5,-0.00165,0.30699999999999994,0.5872523687443223,0.02427787675865977,0.15645105587233935,1.0353981633974483
0.26028723069789844,-0.0016503,1.0,22.596874207348264,-1153.238261073816,-1152.044567360152,-0.012672676552588018,0.04313953370853956,-0.10678948116846554,-0.30348288981658733,0.0,0.7422438860470694,0.8210086846168899,0.9661790311113014,0.921051343707576,0.7408255711611405,1.801109094729222,0.8946285432600477,0.5874843705920963,0.9603369185013233,7.53e-5,-0.001575,0.30699999999999994,0.5872523687443223,0.024096437942788318,0.15586054856121417,0.5353981633974483
0.28251723294438486,-0.0016503,1.0,18.900978552926972,-1151.4500049555932,-1150.1966195329414,-0.01760006922409543,0.04604807086065086,-0.08892075210035888,-0.2925835360298133,0.0,0.6664495709810243,0.8311813461288905,0.9633195169539471,0.9145314630733733,0.736870475958818,1.7906474587761627,0.8965896072707586,0.5930688836134179,0.9513265193614209,7.53e-5,-0.001575,0.30699999999999994,0.5872523687443223,0.024105448463826305,0.15588992508766214,0.5603981633974483
0.3052908288456748,-0.0016503,1.0,15.655672359639539,-1149.8785921498325,-1148.5739664362977,-0.022214640731671537,0.048966414501124066,-0.07116000180036448,-0.28287522366991813,0.0,0.5951041454036551,0.8419663784773009,0.9613518128702184,0.9091667757542787,0.7347475305256196,1.7818921408120867,0.8985688886354863,0.5979278362787805,0.9427556514251163,7.53e-5,-0.001575,0.30699999999999994,0.5872523687443223,0.02410254546822425,0.15588046118901103,0.5853981633974483
0.3285510962722743,-0.0016503,1.0,12.874888456957706,-1148.526582683848,-1147.1835744849568,-0.026346901580715527,0.051799414332110036,-0.05464187975171302,-0.27412075879264586,0.0,0.5272957509208949,0.8514938722115649,0.9599701690520708,0.9044386685126422,0.7330751415920737,1.7734489792346317,0.9005838163506388,0.6061315750489311,0.9351218267302763,7.53e-5,-0.001575,0.30699999999999994,0.5872523687443223,0.024105310185279404,0.15588947430587144,0.6103981633974482
0.3522398966693302,-0.0016503,1.0,10.554785826453099,-1147.4009099090515,-1146.0235231697045,-0.029835034959362596,0.054564295494385295,-0.03932500610020926,-0.26611819003980874,0.0,0.4653874786433775,0.8601907090560146,0.9592184895997532,0.9000949838868056,0.7313250727598559,1.762864563243761,0.9025216767995741,0.6157558140935654,0.9282632471300153,7.53e-5,-0.001575,0.30699999999999994,0.5872523687443223,0.0241090149404237,0.15590155120394333,0.6353981633974483
0.3762980203727385,-0.0016503,1.0,8.675375068138237,-1146.4761144577772,-1145.083817790547,-0.033134623054774714,0.056812896823698056,-0.026164290532261842,-0.2562190672101193,0.0,0.40935708594668085,0.8673404401100568,0.9587811644141745,0.8968285391567531,0.7307342055336712,1.7579581573909087,0.9044314317797918,0.6253651183463994,0.9224879885139998,7.53e-5,-0.001575,0.30699999999999994,0.5872523687443223,0.024113764756889755,0.1559170335077897,0.6603981633974483
0.4006653346024694,-0.0016503,1.0,7.2040112977329045,-1145.7503643756822,-1144.3481359053444,-0.03579649984097938,0.05889462158544246,-0.014721963491470424,-0.24913943394599103,0.0,0.36265312747493667,0.8739811130840791,0.9589003769800442,0.8938012071110303,0.7296078579137855,1.752429315388028,0.9060138391036072,0.6349428759920417,0.9173167549198852,7.53e-5,-0.001575,0.30699999999999994,0.5872523687443223,0.02411491634373796,0.15592078694830647,0.6853981633974483
0.42528093376320036,-0.0016503,1.0,6.100712438115806,-1145.2133734094236,-1143.7964864755359,-0.0378076970603769,0.06155133528516862,-0.004346121832829736,-0.24499255984225174,0.0,0.3265034988522419,0.8803799425172456,0.9586738124863334,0.8915717729308004,0.729240764002989,1.746173946110148,0.907275993413097,0.6414186057015933,0.9129892286653792,7.53e-5,-0.001575,0.30699999999999994,0.5872523687443223,0.024118781861191797,0.1559333854369938,0.7103981633974483
0.4500832916765859,-0.0016503,1.0,5.324187067099956,-1144.8221373530366,-1143.408223790028,-0.03936578865789555,0.06272056798927947,0.002118733556714711,-0.23918484376769705,0.0,0.29986880454636716,0.8840586410731428,0.9590786363440189,0.8897569855915395,0.7280328423191046,1.743964985149105,0.9086029361300683,0.653820293056432,0.9101434969182428,7.53e-5,-0.001575,0.30699999999999994,0.5872523687443223,0.024126648386219595,0.15595902096316774,0.7353981633974482
0.47501041536466077,-0.0016503,1.0,4.839258802682707,-1144.57427599795,-1143.1657596578193,-0.040184099520613525,0.06391703752911813,0.006713160045980957,-0.24073684210333637,0.0,0.2808940674125638,0.8854544454359615,0.9590443173210988,0.8883444667337145,0.7267249784190108,1.7412092883693662,0.9093785743602538,0.6619296585235186,0.9083172968572474,7.53e-5,-0.001575,0.30699999999999994,0.5872523687443223,0.024123406750693296,0.1559484575762214,0.7603981633974483
0.4999999999999999,-0.0016503,1.0,4.622213474029195,-1144.4728930883361,-1143.0572369934926,-0.04048719949417648,0.06527668374786331,0.009588402909638562,-0.23988089230258672,0.0,0.2762375250229854,0.8887839813981183,0.9588946961732304,0.8878844512285109,0.726334700974784,1.739837397603071,0.9096761235895112,0.6643698556954427,0.9069298714014913,7.53e-5,-0.001575,0.30699999999999994,0.5872523687443223,0.024134303589795684,0.15598396391959712,0.7853981633974483
0.5249895846353393,-0.0016503,1.0,4.665108682471782,-1144.4876517319701,-1143.0786845977138,-0.0402100812203765,0.06649243196492366,0.0099417101059878,-0.24477866526365594,0.0,0.2840437170121155,0.8893522555555479,0.9583918252144981,0.887621932656078,0.7249677597951221,1.7404340360635167,0.9097469165494436,0.6677886479537174,0.9068088176489726,7.53e-5,-0.001575,0.30699999999999994,0.5872523687443223,0.024145864550515796,0.1560216256963061,0.8103981633974483
0.5499167083234141,-0.0016503,1.0,4.977040429740555,-1144.6387165239667,-1143.2346504713482,-0.039346848240051496,0.06644550555522193,0.006350516513262223,-0.24451276234470562,0.0,0.30104896153894284,0.8886401772486869,0.9581989672475001,0.8879338506224692,0.7234750425645802,1.742295878927074,0.9094096931072578,0.6701426820398584,0.9077489332902445,7.53e-5,-0.001575,0.30699999999999994,0.5872523687443223,0.024171114515460872,0.15610385114757888,0.8353981633974483
0.5747190662367996,-0.0016503,1.0,5.582942432727577,-1144.9340437148257,-1143.5376014728417,-0.03794053155973164,0.0655905077974834,0.00040532690813704887,-0.2467104649918144,0.0,0.3309645283090832,0.8867071402618258,0.9581724385012171,0.8888874956024313,0.7221650360563411,1.7459243552098958,0.9087390425090585,0.6691906856852792,0.9096434077988583,7.53e-5,-0.001575,0.30699999999999994,0.5872523687443223,0.024175283927704783,0.15611742463377695,0.8603981633974482
0.5993346653975306,-0.0016503,1.0,6.519313668639825,-1145.3900497774107,-1144.0057870907979,-0.035959130387479096,0.06427547097882814,-0.008117722200960048,-0.2493218475815254,0.0,0.36860082187667664,0.8835423341457204,0.9584170420169758,0.8901523120005005,0.7203086675658432,1.7506425577672213,0.9076942003761332,0.6672353575575595,0.9124420144405335,7.53e-5,-0.001575,0.30699999999999994,0.5872523687443223,0.024180948954224596,0.15613586525058157,0.8853981633974483
0.6237019796272614,-0.0016503,1.0,7.828317853840417,-1146.029663868584,-1144.6602891833982,-0.03339109652739834,0.06375788764212915,-0.017684818697274642,-0.25853666464007075,0.0,0.415599994651989,0.8793911851939662,0.9580675631309704,0.892229440112353,0.7191936666557193,1.7566160209046435,0.9063315566957931,0.6634060436251779,0.9162165835313834,7.53e-5,-0.001575,0.30699999999999994,0.5872523687443223,0.024200178545770314,0.15619844510821201,0.9103981633974483
0.6477601033306698,-0.0016503,1.0,9.550803330013423,-1146.8653083089434,-1145.5215319214847,-0.03025157892988268,0.06179868925529227,-0.030399553525802564,-0.26719429887985086,0.0,0.4729482707944508,0.8736592112138826,0.9585361005041572,0.8943762502967323,0.7169117181666987,1.7627604974902176,0.9048669772350095,0.6616385548428506,0.9210735700449308,7.53e-5,-0.001575,0.30699999999999994,0.5872523687443223,0.02420528518339663,0.1562150598291837,0.9353981633974483
0.6714489037277258,-0.0016503,1.0,11.720518701877609,-1147.9171679420347,-1146.6063896074168,-0.026740020896148516,0.06096124291950457,-0.043393709202936316,-0.27762890466984025,0.0,0.5340190264701137,0.8676748612117013,0.9587674979631328,0.8972832823228978,0.7153767832871133,1.7715415813038078,0.9031748308332878,0.6587795464483018,0.9265763162057161,7.53e-5,-0.001575,0.30699999999999994,0.5872523687443223,0.024229691098924592,0.15629444219878205,0.9603981633974483
0.6947091711543253,-0.0016503,1.0,14.35804353321737,-1149.1969530395745,-1147.9251520230866,-0.022545845895369745,0.058171022926244646,-0.05957290687740895,-0.2870284460366828,0.0,0.6053760498956199,0.8593516527724134,0.9601780803766805,0.9006756263373551,0.713807674203642,1.7781884493454139,0.9015349577539207,0.6595207972571993,0.9333985987810567,7.53e-5,-0.001575,0.30699999999999994,0.5872523687443223,0.024234639182046297,0.15631053151667387,0.9853981633974482
0.7174827670556151,-0.0016503,1.0,17.468332523057597,-1150.6998939755285,-1149.4802965180068,-0.01805923827656122,0.056240919995033764,-0.07563919676669084,-0.2972786397126899,0.0,0.6776662624248069,0.8511552875914722,0.9617745386870704,0.9043943741932737,0.7121690097572423,1.7869109338791507,0.8997168276771204,0.6603723954652537,0.9406088182500073,7.53e-5,-0.001575,0.30699999999999994,0.5872523687443223,0.024252472478413493,0.15636850544980152,1.0103981633974484
0.7397127693021015,-0.0016503,1.0,21.038479401101085,-1152.4199446983505,-1151.2653699570285,-0.0131991885063571,0.0532529892914469,-0.09341277511441391,-0.3067380705692782,0.0,0.7546303013348663,0.8416290748703041,0.9641396230187111,0.9086750198310531,0.7109509643291734,1.7957922510348063,0.8980100606132857,0.6637494706904989,0.9487128145418986,7.53e-5,-0.001575,0.30699999999999994,0.5872523687443223,0.024262411941229262,0.15640080844504442,1.0353981633974483
0.26028723069789844,-0.0015753,1.0,23.84694226878173,-1153.6184449071875,-1152.6696013908688,-0.01582926784447387,0.04293461405673614,-0.11017502850467517,-0.30275978298885964,0.0,0.7751065496823137,0.8214497004925053,0.9704488501927824,0.9067941612630706,0.7053859206391252,1.8223526634941352,0.8942837192523012,0.6049075263255216,0.9598183649801109,7.53e-5,-0.0015,0.30699999999999994,0.5872523687443223,0.02407901800626484,0.15580374006791883,0.5353981633974483
0.28251723294438486,-0.0015753,1.0,20.213362136375054,-1151.8242722276905,-1150.8528113246655,-0.02088030793049869,0.045764678443990625,-0.09181326332248287,-0.2879282395976253,0.0,0.7021397492914717,0.8328034626441325,0.9678292908169088,0.8972518828105462,0.6943290918441174,1.810016465648264,0.8962003817146948,0.6171669458718622,0.9502418905119883,7.53e-5,-0.0015,0.30699999999999994,0.5872523687443223,0.024077472143202966,0.1557986978558286,0.5603981633974483
0.3052908288456748,-0.0015753,1.0,17.017537686898322,-1150.221832455122,-1149.2548990999271,-0.025612769092325217,0.0489354726673697,-0.07417214736243699,-0.2763089456525309,0.0,0.6340155213420693,0.8429876679061461,0.9652752099967441,0.8884343349464371,0.6840935134140358,1.79952683461994,0.8981607864514358,0.6304555118965176,0.9413956876068086,7.53e-5,-0.0015,0.30699999999999994,0.5872523687443223,0.024089955953397222,0.15583941236007967,0.5853981633974483
0.3285510962722743,-0.0015753,1.0,14.274799825035188,-1148.8429535851433,-1147.8835301689955,-0.029834135995726485,0.05121449748811781,-0.058589898019886795,-0.2673543960584315,0.0,0.5675768897247361,0.8521558793548325,0.9630836708966394,0.8811376271728693,0.6764086361700532,1.7895397347780475,0.9001496807551176,0.6452170254353863,0.9334868215047223,7.53e-5,-0.0015,0.30699999999999994,0.5872523687443223,0.024089419884863957,0.15583766424596582,0.6103981633974482
0.3522398966693302,-0.0015753,1.0,11.983638215152041,-1147.6908762873952,-1146.737949364054,-0.03353537900256164,0.05403073808188155,-0.04351521586881314,-0.2577809183737345,0.0,0.5066875546440048,0.8607399206158926,0.961626437353672,0.8751925006167466,0.6707691565561382,1.7802042204156727,0.9020556483277506,0.6594078180938912,0.9264326514523399,7.53e-5,-0.0015,0.30699999999999994,0.5872523687443223,0.024098625328857023,0.15586768047292915,0.6353981633974483
0.3762980203727385,-0.0015753,1.0,10.126188389289382,-1146.7523105989499,-1145.8092244511226,-0.03667168985328025,0.0558533089739713,-0.031039487548438507,-0.2479761090798017,0.0,0.45080146233143126,0.8678055926987319,0.960876958340648,0.8701894345548542,0.6662144271539197,1.7715183517012902,0.9037680037792577,0.6728524215973262,0.92031689097617,7.53e-5,-0.0015,0.30699999999999994,0.5872523687443223,0.024098342761845214,0.15586675918876705,0.6603981633974483
0.4006653346024694,-0.0015753,1.0,8.671557087389829,-1146.0118194869879,-1145.0819088001729,-0.03937646027426244,0.058591734370646416,-0.019058539949129615,-0.2433405839370773,0.0,0.40500232490401084,0.8741325269044046,0.960092139843421,0.8664993139292698,0.6632777149513283,1.7661624404130833,0.9055466811871785,0.6880806660900601,0.915360178036588,7.53e-5,-0.0015,0.30699999999999994,0.5872523687443223,0.024118358486479682,0.155932005622785,0.6853981633974483
0.42528093376320036,-0.0015753,1.0,7.58092984690029,-1145.456900126878,-1144.536595179928,-0.041439240435203084,0.05978657433264586,-0.010707727200978238,-0.23760595382435282,0.0,0.3708086124013604,0.8790112695664141,0.9601587602193427,0.863501141650542,0.6609291235930729,1.759971177192755,0.9068477764129719,0.6975494777100212,0.9111748013900223,7.53e-5,-0.0015,0.30699999999999994,0.5872523687443223,0.024114231697604273,0.1559185554479996,0.7103981633974483
0.4500832916765859,-0.0015753,1.0,6.8142406700640095,-1145.062915060025,-1144.15325059151,-0.04296412060224414,0.06178217811067554,-0.0029283546651636978,-0.23485912157121547,0.0,0.3426092657860636,0.8837805380534933,0.96016045441916,0.8612621520624729,0.6588751968703561,1.756998447920524,0.9080101730837687,0.7101533597787281,0.9080001829848839,7.53e-5,-0.0015,0.30699999999999994,0.5872523687443223,0.024124282073319753,0.15595131002297644,0.7353981633974482
0.47501041536466077,-0.0015753,1.0,6.337029216915653,-1144.8198942650652,-1143.9146448649358,-0.043833772479325676,0.06398132247933677,0.0024188438926442783,-0.23333037004254573,0.0,0.32579401705751854,0.8869255933012012,0.9597324243551416,0.8597874686605405,0.657615262991068,1.7535865737560934,0.9085511082685721,0.7136067041366945,0.9056787450375037,7.53e-5,-0.0015,0.30699999999999994,0.5872523687443223,0.024142210875913183,0.15600972418644954,0.7603981633974483
0.4999999999999999,-0.0015753,1.0,6.12544634538699,-1144.700071545975,-1143.8088534291714,-0.044187151910868916,0.06272274798179595,0.0026121796614322966,-0.2307814870019039,0.0,0.32194992411288126,0.8878560117392305,0.960654796671083,0.8587691693554416,0.6556019899595835,1.7536619532479785,0.9092037182298094,0.7251006065982978,0.9048665740100661,7.53e-5,-0.0015,0.30699999999999994,0.5872523687443223,0.024127417472638715,0.1559615270524808,0.7853981633974483
0.5249895846353393,-0.0015753,1.0,6.172616394132092,-1144.7266720170069,-1143.832438453544,-0.04377688279660675,0.0638610203553522,0.0026230267799081516,-0.23293704970049106,0.0,0.32831897602401644,0.888395070487364,0.9601028731949741,0.8586787961006261,0.6548445957576343,1.7521804257979923,0.9091132670109996,0.7264633478525472,0.9047415815393034,7.53e-5,-0.0015,0.30699999999999994,0.5872523687443223,0.02414662017092241,0.1560240869508754,0.8103981633974483
0.5499167083234141,-0.0015753,1.0,6.487499994518657,-1144.8774363833209,-1143.9898802537373,-0.0429725671256261,0.06328073354611033,-0.0007422869455512777,-0.2352090300233151,0.0,0.344937373494127,0.8877469706105813,0.9603179335347888,0.8591429857863586,0.6538247770224817,1.75568418560262,0.9088151946925926,0.7293425472650372,0.9056944760904477,7.53e-5,-0.0015,0.30699999999999994,0.5872523687443223,0.02414629464187777,0.1560230266216915,0.8353981633974483
0.5747190662367996,-0.0015753,1.0,7.095238198960487,-1145.1866235032062,-1144.2937493559582,-0.04144444112992443,0.06360525879049367,-0.005488900299810614,-0.24058764614873673,0.0,0.37405491831203536,0.8862082642862807,0.9598824256375555,0.8603986247049425,0.6535848463783371,1.757753552761727,0.9080499781903606,0.7256374252169403,0.9075620433615512,7.53e-5,-0.0015,0.30699999999999994,0.5872523687443223,0.024162688033447517,0.15607641532107805,0.8603981633974482
0.5993346653975306,-0.0015753,1.0,8.03197754234634,-1145.6496925410825,-1144.7621190276511,-0.03955500256681495,0.0626554116922562,-0.013640205384861437,-0.2453882337310259,0.0,0.41168196382536676,0.8830288416644174,0.9596791319865773,0.8624227001986062,0.6535949543437924,1.7650454054043756,0.9071174253304046,0.7233982665830624,0.9105763403013759,7.53e-5,-0.0015,0.30699999999999994,0.5872523687443223,0.024170173752316244,0.15610078834328042,0.8853981633974483
0.6237019796272614,-0.0015753,1.0,9.339487899316737,-1146.308743046586,-1145.4158742061363,-0.036884195795843816,0.06202945520546921,-0.023159552952980413,-0.2522079632026081,0.0,0.45880628197193835,0.8790081884839137,0.959651742018075,0.8650888630467424,0.6540637189078329,1.7700392023618106,0.9058175328966552,0.7183043086231075,0.9145112342705386,7.53e-5,-0.0015,0.30699999999999994,0.5872523687443223,0.02418517439534522,0.1561496184025306,0.9103981633974483
0.6477601033306698,-0.0015753,1.0,11.058140393504345,-1147.167783752535,-1146.2752004532301,-0.03370715996054798,0.061076655580219984,-0.03462853836397532,-0.2567206040344367,0.0,0.5134258648089335,0.8735785293027851,0.9601357671810191,0.8682355797298005,0.6545370341429402,1.7761331932489164,0.9042019450571345,0.7109756768242144,0.9193307417482022,7.53e-5,-0.0015,0.30699999999999994,0.5872523687443223,0.024204192940009518,0.15621150630010608,0.9353981633974483
0.6714489037277258,-0.0015753,1.0,13.220164878705873,-1148.2447687892573,-1147.356212695831,-0.030023142348686638,0.05870875195691167,-0.04863625314621463,-0.26899607016867794,0.0,0.5753509990022896,0.8670270170961288,0.9612914445324503,0.8725773667317049,0.6564329813564598,1.785022715705925,0.9026171726802719,0.7060034516043335,0.9253359616076003,7.53e-5,-0.0015,0.30699999999999994,0.5872523687443223,0.0242031135637746,0.15620799455649495,0.9603981633974483
0.6947091711543253,-0.0015753,1.0,15.845255518192971,-1149.5451933924567,-1148.6687580155744,-0.025886693357944624,0.056544954232152875,-0.06392602946208732,-0.27961145354277006,0.0,0.6448633492117233,0.8590894876686791,0.9627055566984446,0.8775715711561064,0.6588168554206353,1.7940981800143532,0.9009919769076657,0.7028759527338306,0.9322613418908526,7.53e-5,-0.0015,0.30699999999999994,0.5872523687443223,0.02421663597858216,0.1562519841330647,0.9853981633974482
0.7174827670556151,-0.0015753,1.0,18.936357592020613,-1151.0778929529038,-1150.2143090524883,-0.021244648888670104,0.054000892762201075,-0.07981748130588044,-0.292333836408685,0.0,0.7148300651356515,0.8505680761001434,0.9651072089888187,0.8835114901893598,0.6625190529159508,1.8035843579469608,0.8991893500297412,0.6973219122660188,0.9398552774587676,7.53e-5,-0.0015,0.30699999999999994,0.5872523687443223,0.02422513055111957,0.15627961158215672,1.0103981633974484
0.7397127693021015,-0.0015753,1.0,22.47879779596633,-1152.8321795207967,-1151.9855291544611,-0.01620931394885334,0.051170477868415096,-0.09705166524061302,-0.3055402220863892,0.0,0.789809615271958,0.841021048289823,0.9677033347843506,0.8908832851098922,0.6685087144192127,1.8136386906796766,0.8974762446929354,0.6934487185204317,0.9484601066773883,7.53e-5,-0.0015,0.30699999999999994,0.5872523687443223,0.024234984944925687,0.1563116557485177,1.0353981633974483
