sin2_theta23,dm2_32,dcp,dchi2,log_likelihood,log_posterior,atm_flux_delta_spectral_index,atm_flux_nuenuebar_sigma,atm_flux_nuenumu_sigma,atm_flux_numunumubar_sigma,atm_flux_updown_sigma,atm_flux_uphorizonzal_sigma,nc_norm,nutau_cc_norm,orca_energy_scale,orca_norm_all,orca_norm_he,orca_norm_hpt,orca_norm_muons,orca_norm_showers,dm2_21,dm2_31,sin2_theta12,theta12,sin2_theta13,theta13,theta23
0.26028723069789844,0.0014247,1.0,26.55408054813779,-1154.324397329763,-1154.0231705305468,-0.02230494592322005,0.005416908324773615,-0.12216059006047345,-0.2762594506734953,0.0,0.8377383572640347,0.8138689494747466,0.974984748095364,0.8752301454081346,0.6322139121896254,1.8624028649513202,0.8927928456388444,0.6515642049960831,0.9603242185100332,7.53e-5,0.0015,0.30699999999999994,0.5872523687443223,0.024022426583895286,0.15561905022897382,0.5353981633974483
0.28251723294438486,0.0014247,1.0,22.842922648392232,-1152.434283062703,-1152.167591580674,-0.027372379795580534,0.008930348006620141,-0.10395610673595049,-0.2658932149280334,0.0,0.7664201478667259,0.8261135420893817,0.9717716609059723,0.8639292106714042,0.6177241882411504,1.8493125287942047,0.8947696375022217,0.6687555110174501,0.9502158049635111,7.53e-5,0.0015,0.30699999999999994,0.5872523687443223,0.024032444883061277,0.15565176105312034,0.5603981633974483
0.3052908288456748,0.0014247,1.0,19.56213072625542,-1150.744303038661,-1150.5271956196057,-0.03204284270900497,0.012915951913476206,-0.0862318841208341,-0.2559189958135031,0.0,0.698597812176471,0.8371772987216071,0.9689040061835162,0.853746938168147,0.604910509520947,1.8365795287804036,0.8967287979973587,0.6891546350107076,0.9408354225400644,7.53e-5,0.0015,0.30699999999999994,0.5872523687443223,0.024061387943226153,0.15574622591717166,0.5853981633974483
0.3285510962722743,0.0014247,1.0,16.73288731933826,-1149.279854973886,-1149.112573916147,-0.036302799148198346,0.01593090297829294,-0.07014196366036018,-0.23928698883896718,0.0,0.6319025945214055,0.8476856530931199,0.9668455922383272,0.8449884298989381,0.5942979961406503,1.825143078149266,0.89873089388545,0.7095822047887678,0.932179077628901,7.53e-5,0.0015,0.30699999999999994,0.5872523687443223,0.024074736467282174,0.15578977438993044,0.6103981633974482
0.3522398966693302,0.0014247,1.0,14.358950652890144,-1148.0549679780684,-1147.925605582923,-0.039834749068674576,0.019683292792678442,-0.05446916273816399,-0.23352234951990683,0.0,0.5750786194621395,0.85743724565172,0.965043733604387,0.8380587047943493,0.5866501199717782,1.8129497008531215,0.9007554470993785,0.7289507919139162,0.9247170416861126,7.53e-5,0.0015,0.30699999999999994,0.5872523687443223,0.024095160677038586,0.15585638392560106,0.6353981633974483
0.3762980203727385,0.0014247,1.0,12.426854563135748,-1147.0532587565874,-1146.9595575380458,-0.042886401677390426,0.021613086274091864,-0.0419668684802165,-0.22433734657069518,0.0,0.5205652050451423,0.8645211331839211,0.9641643730389277,0.8325770095607158,0.5809502600778085,1.803067652537792,0.9028061414225659,0.7522365832862153,0.9185112041762886,7.53e-5,0.0015,0.30699999999999994,0.5872523687443223,0.024111892742501282,0.15591093174526166,0.6603981633974483
0.4006653346024694,0.0014247,1.0,10.907935848915713,-1146.2612108896199,-1146.2000981809358,-0.04545707621788762,0.024537523016022335,-0.02987252416880047,-0.21800901446551063,0.0,0.47424558606535266,0.8724935000045827,0.9636970360890784,0.8278354659780435,0.5760120799574312,1.7944475568911964,0.9044166592269246,0.7685493935552175,0.9127115878471285,7.53e-5,0.0015,0.30699999999999994,0.5872523687443223,0.02411833473136009,0.15593192820247914,0.6853981633974483
0.42528093376320036,0.0014247,1.0,9.76414885362783,-1145.6637414675158,-1145.6282046832919,-0.0474308617103239,0.026263228316141977,-0.020564096097248085,-0.20983217796668185,0.0,0.43554669421592906,0.8785316914938971,0.9640978964598217,0.8241402700229048,0.5721408640959746,1.7867741982567416,0.9059697687875997,0.7866934886508796,0.9080830195454146,7.53e-5,0.0015,0.30699999999999994,0.5872523687443223,0.024121630375066757,0.15594266867902562,0.7103981633974483
0.4500832916765859,0.0014247,1.0,8.954308447290714,-1145.2375734172042,-1145.2232844801233,-0.04884319819370686,0.028009804183682718,-0.012837591351929837,-0.20711083739937824,0.0,0.40933766639306934,0.8832052773650405,0.9645642565207293,0.8214765868689784,0.5693412086302934,1.7811160888773352,0.9072325141239754,0.8012266646895261,0.9045652828784798,7.53e-5,0.0015,0.30699999999999994,0.5872523687443223,0.024132236130850422,0.15597722789664836,0.7353981633974482
0.47501041536466077,0.0014247,1.0,8.441307159885582,-1144.9696581403025,-1144.9667838364207,-0.049656394439491686,0.030293987734205233,-0.006876881433211101,-0.20114502620012809,0.0,0.3898226480755146,0.887598395166038,0.9644285372559752,0.8195273997682231,0.5670010530633679,1.7765223475471887,0.908054134085935,0.8136984379188901,0.901932406656402,7.53e-5,0.0015,0.30699999999999994,0.5872523687443223,0.024145634671905288,0.15602087691370867,0.7603981633974483
0.4999999999999999,0.0014247,1.0,8.198528309392714,-1144.8388585888056,-1144.8453944111743,-0.04991245359164867,0.031447370034125406,-0.003955496428318471,-0.2008855202480659,0.0,0.38480235787090816,0.8898873535465688,0.9647714846096768,0.8184452813955763,0.565358488792405,1.7741217774352727,0.9086191616102033,0.8223336527678353,0.9004882942952491,7.53e-5,0.0015,0.30699999999999994,0.5872523687443223,0.02416329385480563,0.1560783879736205,0.7853981633974483
0.5249895846353393,0.0014247,1.0,8.214573647229372,-1144.8435203135782,-1144.8534170800926,-0.049621852965956344,0.03187559782284242,-0.0039778967105789775,-0.19808477510748998,0.0,0.38799442392606237,0.8908584957030122,0.9646527533618322,0.8180319302090526,0.5640724413531008,1.7732654746357461,0.9087209565343535,0.8271410728778674,0.9000962382351334,7.53e-5,0.0015,0.30699999999999994,0.5872523687443223,0.02417366592842993,0.15611215738640538,0.8103981633974483
0.5499167083234141,0.0014247,1.0,8.495055347874313,-1144.9854548354215,-1144.993657930415,-0.04871437656689471,0.031849411086864954,-0.006600925525855897,-0.20214587631044986,0.0,0.40491840935225726,0.890385917792097,0.9645161717604853,0.8184932044743798,0.5633861678700002,1.7745862700346404,0.9086255524874163,0.8319616544181885,0.9008940978064122,7.53e-5,0.0015,0.30699999999999994,0.5872523687443223,0.024185668533859034,0.15615122666981665,0.8353981633974483
0.5747190662367996,0.0014247,1.0,9.062183521436964,-1145.2794908837755,-1145.2772220171964,-0.04726339894618162,0.03233564048894297,-0.010822228310376943,-0.20377739299239042,0.0,0.42929421212582314,0.8894365423841488,0.9638834197125276,0.8196335233328579,0.563204603989962,1.7771841652142957,0.908007601744434,0.8287251362232939,0.9024807197356672,7.53e-5,0.0015,0.30699999999999994,0.5872523687443223,0.024204181731447984,0.15621146983351586,0.8603981633974482
0.5993346653975306,0.0014247,1.0,9.950344431440044,-1145.7315316836914,-1145.721302472198,-0.04531241326139413,0.03148909031645702,-0.01795445215338219,-0.2080485650000363,0.0,0.46541697370091006,0.8866948871882051,0.9639252389758148,0.8213994412281654,0.5632030794013944,1.7820948194768396,0.9071087895377185,0.8262722615972086,0.9051387953449486,7.53e-5,0.0015,0.30699999999999994,0.5872523687443223,0.024215876347729964,0.15624951330623119,0.8853981633974483
0.6237019796272614,0.0014247,1.0,11.201103089810658,-1146.3742258453835,-1146.3466818013833,-0.04275454729833522,0.030416932995277476,-0.02729663563595558,-0.2102569733361567,0.0,0.5115693659234283,0.8824171745966225,0.9639246384999557,0.8240677911778224,0.5640653855612587,1.7873522444754997,0.9059046534830535,0.8206230308236426,0.9089540813372058,7.53e-5,0.0015,0.30699999999999994,0.5872523687443223,0.024237348831419616,0.15631934160548727,0.9103981633974483
0.6477601033306698,0.0014247,1.0,12.855791135861182,-1147.228310764432,-1147.1740258244085,-0.039561096382665174,0.029738908624260537,-0.03748380706735611,-0.21743799457097765,0.0,0.5602463331648686,0.8779903080696322,0.9645616018228043,0.8274030436975433,0.5654927220179137,1.7928336589954394,0.9043953702150476,0.8115030080661649,0.9134805592324962,7.53e-5,0.0015,0.30699999999999994,0.5872523687443223,0.024249769633825576,0.15635972015905386,0.9353981633974483
0.6714489037277258,0.0014247,1.0,14.948720469692944,-1148.2835516755404,-1148.2204904913244,-0.03600771549442689,0.02798596760223497,-0.050547596143359935,-0.2293240034513087,0.0,0.626276453379764,0.8713227904540733,0.9653453839340107,0.8314766770154083,0.5672200699711603,1.8015006214920337,0.9029995280993196,0.808980092577444,0.9194047725332067,7.53e-5,0.0015,0.30699999999999994,0.5872523687443223,0.024261837469272393,0.1563989416018513,0.9603981633974483
0.6947091711543253,0.0014247,1.0,17.502805984756378,-1149.5767390659462,-1149.4975332488561,-0.03199173978493748,0.026731632958069018,-0.06418949668215021,-0.23531588760198344,0.0,0.6909703120812872,0.8642409336085058,0.9668387542809109,0.8363706458051297,0.5698404835516828,1.8109544261434878,0.9014363367610678,0.804480577364127,0.9260108051855431,7.53e-5,0.0015,0.30699999999999994,0.5872523687443223,0.024283278156460343,0.1564686021172761,0.9853981633974482
0.7174827670556151,0.0014247,1.0,20.52391379097935,-1151.1069930471078,-1151.0080871519676,-0.027380399799013223,0.025033188798299556,-0.07995694771968755,-0.24316366109201693,0.0,0.7616609620286968,0.8551385520724711,0.9687975316872235,0.8422234229811617,0.5738383572996872,1.818623053381254,0.8995933492174379,0.7945307802321693,0.9335553200344674,7.53e-5,0.0015,0.30699999999999994,0.5872523687443223,0.02430101141831857,0.1565261946008864,1.0103981633974484
0.7397127693021015,0.0014247,1.0,23.999953201278913,-1152.8640296880776,-1152.7461068571174,-0.02240099342215191,0.022320741715807706,-0.09689350678552827,-0.256981364597762,0.0,0.83360528746895,0.8453321860901076,0.9711656326609295,0.8495316217451484,0.5798390593326535,1.8292835371535787,0.8979932701426147,0.7910350515619913,0.9422112662016,7.53e-5,0.0015,0.30699999999999994,0.5872523687443223,0.024304190111473337,0.15653651590706127,1.0353981633974483
0.26028723069789844,0.0014997,1.0,24.79919659249299,-1153.798496574715,-1153.1457285527244,-0.01897946170397758,0.004813358595593758,-0.11868410958814407,-0.2779321558912176,0.0,0.8010240044071214,0.8145836887108213,0.9702403229943821,0.8917775335288034,0.67046890978669,1.8400295355032337,0.893203008337631,0.6253928020432218,0.9608157114302218,7.53e-5,0.001575,0.30699999999999994,0.5872523687443223,0.024045091008740745,0.155693042519509,0.5353981633974483
0.28251723294438486,0.0014997,1.0,21.014536531532485,-1151.9337642354794,-1151.2533985222442,-0.02385585484938425,0.008539575639092842,-0.10036995104116972,-0.2673343534114136,0.0,0.7278787389688758,0.8262422365797569,0.9674404674217486,0.8836303922658526,0.6625393960868934,1.8280959922306907,0.8952218386959804,0.6351949894981954,0.9512020755587125,7.53e-5,0.001575,0.30699999999999994,0.5872523687443223,0.024061135171445883,0.15574540115617272,0.5603981633974483
0.3052908288456748,0.0014997,1.0,17.678290561756967,-1150.287131016275,-1149.5852755373564,-0.028331615974416625,0.01325544957361782,-0.08136685619914438,-0.2571424170707674,0.0,0.6582983747321617,0.8381709807639569,0.9656851187688856,0.8764922939095061,0.6560327169001945,1.8166801630376903,0.8973048196428901,0.6473121237868724,0.9421105945652726,7.53e-5,0.001575,0.30699999999999994,0.5872523687443223,0.024075196940991434,0.15579127643777657,0.5853981633974483
0.3285510962722743,0.0014997,1.0,14.808917770398239,-1148.862291234162,-1148.150589141677,-0.03238318983126807,0.015707300739746986,-0.06563158372627742,-0.2487517525262436,0.0,0.5894703805356645,0.8478339002174415,0.9641815641486391,0.870496312916216,0.6511718808776342,1.8065454518310737,0.8994130087877373,0.6612068774519853,0.9340979898625499,7.53e-5,0.001575,0.30699999999999994,0.5872523687443223,0.024085086328297214,0.15582353186483475,0.6103981633974482
0.3522398966693302,0.0014997,1.0,12.406691081687768,-1147.672652439865,-1146.9494757973218,-0.035867592705347194,0.019153827131172706,-0.050318016702502945,-0.238663753007933,0.0,0.5283650667143195,0.857108233063095,0.9632076437080908,0.8653807318548582,0.6474440966209918,1.7953488539228395,0.9013310658413352,0.6720196392493689,0.926734783757366,7.53e-5,0.001575,0.30699999999999994,0.5872523687443223,0.024103365574144792,0.15588313482821367,0.6353981633974483
0.3762980203727385,0.0014997,1.0,10.454433474509187,-1146.697755423026,-1145.9733469937325,-0.03898064733587259,0.02243573738824141,-0.036058404407747456,-0.22975448422936753,0.0,0.47170877253601623,0.8661449172992278,0.9629289466842265,0.8610343913446193,0.6441719806634278,1.7876851522903603,0.9032780733686404,0.6879497101486494,0.9202066979417182,7.53e-5,0.001575,0.30699999999999994,0.5872523687443223,0.024113324917918795,0.15591559988948947,0.6603981633974483
0.4006653346024694,0.0014997,1.0,8.921271219629944,-1145.9318405819772,-1145.206765866293,-0.04142037260488575,0.026076596029569604,-0.023488828134853437,-0.22327102020870193,0.0,0.4281634161793176,0.8736433295273625,0.9621756121738212,0.8573409920821373,0.6413871786058585,1.7782357464226775,0.9050474880252645,0.700662064683829,0.9147606889838922,7.53e-5,0.001575,0.30699999999999994,0.5872523687443223,0.02414089340303552,0.15600543242395468,0.6853981633974483
0.42528093376320036,0.0014997,1.0,7.7669160484429085,-1145.3513260847012,-1144.6295882806994,-0.04332863562086849,0.027662883311054196,-0.013833039391048057,-0.21678460337059116,0.0,0.3896989618550246,0.8798944116288879,0.9634223810198383,0.8541583476393607,0.6385284055070334,1.770578008690865,0.9066105695136233,0.7162416760091681,0.910210642028902,7.53e-5,0.001575,0.30699999999999994,0.5872523687443223,0.02413155431825628,0.1559750064098024,0.7103981633974483
0.4500832916765859,0.0014997,1.0,6.949511097805043,-1144.9371667339863,-1144.2208858053805,-0.04475705843848064,0.029421984451754434,-0.0061942324080218394,-0.21078504007873977,0.0,0.3609219403650134,0.885066650101143,0.9640230768891832,0.8519025324978089,0.6364607057087104,1.766051574926852,0.9079371611082655,0.7300305994579138,0.9067587458604016,7.53e-5,0.001575,0.30699999999999994,0.5872523687443223,0.02413564552069668,0.15598833593676514,0.7353981633974482
0.47501041536466077,0.0014997,1.0,6.431136576374229,-1144.6713825976276,-1143.961698544665,-0.045596123469183514,0.03076764613156154,-0.0011836463981284688,-0.20676156784130292,0.0,0.34392314718762584,0.8884581149135002,0.9643560927987129,0.8502121685213931,0.6345482962532132,1.7622647785450427,0.9088523786412503,0.7405734415261024,0.9043044613092457,7.53e-5,0.001575,0.30699999999999994,0.5872523687443223,0.024148864704951728,0.15603139776757996,0.7603981633974483
0.4999999999999999,0.0014997,1.0,6.1847571826860985,-1144.547788840553,-1143.838508847821,-0.04585464403146424,0.032105113423733934,0.0019673055388013615,-0.20387742563448485,0.0,0.3368935564601205,0.8914809088208813,0.9646580562667779,0.8492410208261889,0.633070921660934,1.7598728192491482,0.9093609704334126,0.7473513206720619,0.9026969495279539,7.53e-5,0.001575,0.30699999999999994,0.5872523687443223,0.02415444610970934,0.15604957588509358,0.7853981633974483
0.5249895846353393,0.0014997,1.0,6.1986928780943344,-1144.554775413292,-1143.8454766955251,-0.04551451572984082,0.03328738803785315,0.0027216237545691904,-0.20450422578412583,0.0,0.34187998991892915,0.8928716825974384,0.9644185843609637,0.8488491266980043,0.6317443020919826,1.7585004215157807,0.9094710119896388,0.750812099357146,0.9021957855859253,7.53e-5,0.001575,0.30699999999999994,0.5872523687443223,0.024172976016395266,0.15610991138914584,0.8103981633974483
0.5499167083234141,0.0014997,1.0,6.478601711855845,-1144.6976929825537,-1143.9854311124059,-0.04460146739693507,0.03451891897304444,0.0013967976924584645,-0.20672865803715634,0.0,0.35600727113183495,0.8932737075956069,0.963881665563436,0.8491174382373828,0.6306798935840177,1.758889098149964,0.909187049204291,0.7517859362816679,0.902698700638001,7.53e-5,0.001575,0.30699999999999994,0.5872523687443223,0.024192554817086945,0.15617363771425316,0.8353981633974483
0.5747190662367996,0.0014997,1.0,7.046313503687088,-1144.9794757293494,-1144.2692870083215,-0.04320569346186215,0.03431686793171593,-0.003332110828834649,-0.20933287651537608,0.0,0.3841774579893038,0.89166408775991,0.9636357396730214,0.8499659745108046,0.6296282017328991,1.7616090522719128,0.9086396186131859,0.7519293474692033,0.9043292563369897,7.53e-5,0.001575,0.30699999999999994,0.5872523687443223,0.02420977181381775,0.15622965591284765,0.8603981633974482
0.5993346653975306,0.0014997,1.0,7.936630414831143,-1145.4180729361967,-1144.7144454638935,-0.04133135719714561,0.03194636900434835,-0.012234299606531926,-0.20986025111495227,0.0,0.4192903428386609,0.8875041394224242,0.963433094533888,0.8515267249373473,0.6289200460148286,1.7672055994877887,0.9077888549302795,0.7515928971191925,0.9072509048273019,7.53e-5,0.001575,0.30699999999999994,0.5872523687443223,0.02422903105628504,0.15629229586558535,0.8853981633974483
0.6237019796272614,0.0014997,1.0,9.190997330290429,-1146.0452907198496,-1145.3416289216232,-0.03871355499835478,0.0312921431921867,-0.02080726892682586,-0.21764338334047673,0.0,0.4664442113341249,0.8842941569623375,0.963656943817453,0.8533908448466716,0.6278421135906325,1.7713115646885522,0.9066324497398399,0.749828879961844,0.9108201373676746,7.53e-5,0.001575,0.30699999999999994,0.5872523687443223,0.024238218164200433,0.15632216803143262,0.9103981633974483
0.6477601033306698,0.0014997,1.0,10.851530219619235,-1146.8646669615541,-1146.1718953662876,-0.0357229980262168,0.02976992142446772,-0.03224176790329895,-0.22378420097588161,0.0,0.5206355719837511,0.878726222351347,0.9637245672361868,0.8558901637905574,0.6270816517981257,1.7782944228670985,0.9052712290152759,0.7472684951195477,0.9155037667427558,7.53e-5,0.001575,0.30699999999999994,0.5872523687443223,0.02426225641357441,0.15640030303391317,0.9353981633974483
0.6714489037277258,0.0014997,1.0,12.953759650444681,-1147.9125910852902,-1147.2230100817003,-0.032248453528404754,0.02912134604430734,-0.04414693286011435,-0.22653605331299506,0.0,0.5782412877136309,0.8736201219309191,0.9641516733674269,0.8590947625224663,0.6270685186214682,1.7856142149983585,0.9035071051226135,0.7398054789738148,0.9206455694279823,7.53e-5,0.001575,0.30699999999999994,0.5872523687443223,0.024278702435857863,0.15645373817800964,0.9603981633974483
0.6947091711543253,0.0014997,1.0,15.52093817904779,-1149.1705405282507,-1148.5065993460018,-0.028186264112468346,0.02691869171302814,-0.05913454947961252,-0.24015872020647744,0.0,0.6499709504252693,0.8653714142584519,0.9650374582429186,0.8627368885630028,0.6267041028191522,1.79377207283525,0.9020950094879668,0.742759669948251,0.9275166166219233,7.53e-5,0.001575,0.30699999999999994,0.5872523687443223,0.024303271512107674,0.15653353325667477,0.9853981633974482
0.7174827670556151,0.0014997,1.0,18.56133973561373,-1150.6681042182931,-1150.0268001242848,-0.02371387713066076,0.024217176793009127,-0.07542418351147447,-0.2487690621598902,0.0,0.7194559138037743,0.8565945184987999,0.9665569714212591,0.8669657593845875,0.6271354174304231,1.8014559608915475,0.9002445842976303,0.7396121499988872,0.9347377347682344,7.53e-5,0.001575,0.30699999999999994,0.5872523687443223,0.02431653325673592,0.15657658820902678,1.0103981633974484
0.7397127693021015,0.0014997,1.0,22.06538511951885,-1152.3954107298337,-1151.7788228162374,-0.01891912070117831,0.02386997858033673,-0.09082677795796791,-0.2500496522013102,0.0,0.7951965676694135,0.8481529289266307,0.9684902443945551,0.8719005554675511,0.6282031415658478,1.8091805007909327,0.8985179040566371,0.7393385363584222,0.9426206392815062,7.53e-5,0.001575,0.30699999999999994,0.5872523687443223,0.024349773929230413,0.15668445552143917,1.0353981633974483
0.26028723069789844,0.0015747,1.0,23.350180014987018,-1153.4306849475322,-1152.4212202639715,-0.015627948731876947,0.005343534795806881,-0.11492469206853474,-0.2803981725724831,0.0,0.7643279814334804,0.8153188094609269,0.9670379014520321,0.913425940518954,0.721963235269673,1.8217011290884972,0.8936049332617215,0.5880468428059363,0.9618660435565538,7.53e-5,0.00165,0.30699999999999994,0.5872523687443223,0.024067893792350595,0.15576745219154864,0.5353981633974483
0.28251723294438486,0.0015747,1.0,19.52403895575162,-1151.585302075641,-1150.5081497343538,-0.02043355929876881,0.008751908047978712,-0.09586510515885101,-0.2747286844675621,0.0,0.6874493409560241,0.8272953432904517,0.9652009327795148,0.9075212092936467,0.7191373233379257,1.812416947844968,0.8957054332935699,0.5945803057352996,0.9524545793121986,7.53e-5,0.00165,0.30699999999999994,0.5872523687443223,0.024064732479452705,0.15575713830020857,0.5603981633974483
0.3052908288456748,0.0015747,1.0,16.156565901676004,-1149.9609313364795,-1148.824413207316,-0.024750503931192377,0.012485049032295279,-0.0782068142625358,-0.264125525511196,0.0,0.6178315539859363,0.8379636340840682,0.9635622511380253,0.9021591630484076,0.7169057222598672,1.8003413277575995,0.8976856675298293,0.5991946654292857,0.9437378674906296,7.53e-5,0.00165,0.30699999999999994,0.5872523687443223,0.024082462752370373,0.15581497538569236,0.5853981633974483
0.3285510962722743,0.0015747,1.0,13.263826928392064,-1148.5601767009991,-1147.378043720674,-0.028788207424339025,0.016851545434915936,-0.060321056070265375,-0.2541483359418583,0.0,0.5503021560079395,0.8493968776027407,0.962490002462127,0.8972521277926726,0.7146828326032673,1.790853400451553,0.899772846514642,0.6071471788758911,0.9354568073823262,7.53e-5,0.00165,0.30699999999999994,0.5872523687443223,0.024093826200718826,0.15585203263496933,0.6103981633974482
0.3522398966693302,0.0015747,1.0,10.843880156415253,-1147.3900964986865,-1146.1680703346856,-0.03218429614329477,0.019717142786395567,-0.04496491261500681,-0.24366966209060892,0.0,0.48609541707404685,0.858500526416762,0.9622109425839482,0.8932814783009683,0.7134687604915622,1.780695959714376,0.9019520735201743,0.6203442856776201,0.9285145626898872,7.53e-5,0.00165,0.30699999999999994,0.5872523687443223,0.024100704582879214,0.1558744595304465,0.6353981633974483
0.3762980203727385,0.0015747,1.0,8.87831672709217,-1146.4363287481897,-1145.185288620024,-0.03512023071704825,0.023248436154359862,-0.030428903362274873,-0.23423333074869615,0.0,0.4304438000653579,0.8673005839220334,0.9620794880955549,0.8895220835589804,0.7117336585143906,1.7707201794511103,0.9039450892862944,0.6320382866606197,0.9221602007762255,7.53e-5,0.00165,0.30699999999999994,0.5872523687443223,0.02411532573215446,0.15592212127304264,0.6603981633974483
0.4006653346024694,0.0015747,1.0,7.334773389283782,-1145.6812339709022,-1144.4135169511198,-0.037636818086845616,0.02588898068492898,-0.01834105016184267,-0.22470186831185057,0.0,0.38367588138892866,0.8748271943043938,0.9624872890197946,0.8864467643759949,0.7103758618033157,1.763472314883876,0.9057163505634209,0.6438517980764304,0.91668761695187,7.53e-5,0.00165,0.30699999999999994,0.5872523687443223,0.02412147963010379,0.15594217741801156,0.6853981633974483
0.42528093376320036,0.0015747,1.0,6.172608159119591,-1145.1119276287343,-1143.8324343360377,-0.03957068082768425,0.02850471038381557,-0.008032788813714048,-0.21922984077328495,0.0,0.34413259258790074,0.8811228406715192,0.9627424183355466,0.8840056026559373,0.709246283709015,1.7573244945584494,0.907311940026305,0.655783693947137,0.9122666765764775,7.53e-5,0.00165,0.30699999999999994,0.5872523687443223,0.02413020094665065,0.15597059675373418,0.7103981633974483
0.4500832916765859,0.0015747,1.0,5.349267354343283,-1144.7066509079964,-1143.4207639336496,-0.04091971466466652,0.03313584030473211,0.0018807301536846416,-0.2181332505026813,0.0,0.3147041469568958,0.8873701218843234,0.9611647284148765,0.8817005285554415,0.7073314873026736,1.7510943348286538,0.9085233887909944,0.6659209162960478,0.9085848513671786,7.53e-5,0.00165,0.30699999999999994,0.5872523687443223,0.02416166533469271,0.1560730851934367,0.7353981633974482
0.47501041536466077,0.0015747,1.0,4.825729397171017,-1144.4460035708773,-1143.1589949550635,-0.04182074850027526,0.0324025401740367,0.005590129192955581,-0.20927043015004018,0.0,0.29812688606255994,0.8904343290368757,0.9637313709941332,0.8803608929282309,0.7059780757579788,1.7488957962779699,0.9095358490116388,0.6759405633758293,0.9062241077563333,7.53e-5,0.00165,0.30699999999999994,0.5872523687443223,0.024153121796743594,0.1560452629059748,0.7603981633974483
0.4999999999999999,0.0015747,1.0,4.5756633336063715,-1144.3212183846008,-1143.0339619232811,-0.04209218614992846,0.03354368073606523,0.008460951986339432,-0.2073415465399204,0.0,0.29156910529344154,0.8928954534476233,0.9639347939519475,0.8793866308865129,0.7044148978493642,1.7466393912785838,0.9100754163540816,0.6826605900563099,0.9047090039084572,7.53e-5,0.00165,0.30699999999999994,0.5872523687443223,0.02416540845953633,0.15608527328039482,0.7853981633974483
0.5249895846353393,0.0015747,1.0,4.587225821507673,-1144.3321673158239,-1143.0397431672318,-0.04169107921837043,0.03654711588963032,0.010555424701647867,-0.21322254476200492,0.0,0.29586492889430466,0.8954943594015566,0.9623955704627863,0.8789942648495885,0.7031383846218737,1.7444121859283352,0.9100960030797255,0.6840185153218498,0.9039984739046939,7.53e-5,0.00165,0.30699999999999994,0.5872523687443223,0.02418743997182335,0.15615699201816527,0.8103981633974483
0.5499167083234141,0.0015747,1.0,4.86515850467822,-1144.4621593437778,-1143.178709508817,-0.040952305597574186,0.0345774809462542,0.0066765140772591,-0.20796678369349827,0.0,0.31398092486088236,0.8942570551341232,0.963790096918596,0.8791607559404465,0.7012550719278823,1.7471625125406758,0.9100716397594046,0.689710661146966,0.9048149602463057,7.53e-5,0.00165,0.30699999999999994,0.5872523687443223,0.024190964205135376,0.15616846142809995,0.8353981633974483
0.5747190662367996,0.0015747,1.0,5.4321516209797664,-1144.7430176118264,-1143.4622060669678,-0.03955198023838188,0.03466606634369376,0.0023586165962695247,-0.21096809639645328,0.0,0.34073562957973125,0.8934136026746373,0.9634217165655752,0.8798918453947155,0.6997484925252312,1.7495303287021038,0.9094753467888261,0.689281642946739,0.9063174835609551,7.53e-5,0.00165,0.30699999999999994,0.5872523687443223,0.02420312759620607,0.15620804021141005,0.8603981633974482
0.5993346653975306,0.0015747,1.0,6.322495799175613,-1145.179492766005,-1143.9073781560658,-0.03756920706577514,0.03351900723304587,-0.005077354168732892,-0.21320832417785446,0.0,0.37512465884366153,0.8904647022100846,0.963348847413634,0.8809514600583495,0.6977247263836621,1.753186352951984,0.9085316438872513,0.6893803175177926,0.9089060457563793,7.53e-5,0.00165,0.30699999999999994,0.5872523687443223,0.02422054898989114,0.1562647112603787,0.8853981633974483
0.6237019796272614,0.0015747,1.0,7.577910630791848,-1145.7928305841724,-1144.5350855718739,-0.03501867431701509,0.03227152514290231,-0.01479558857707213,-0.21950515436008447,0.0,0.42316270000630174,0.8859025345310019,0.9629565939595447,0.8824682605705653,0.6956029022731948,1.757046573695787,0.9073281663502168,0.6870676896618306,0.9125506619768893,7.53e-5,0.00165,0.30699999999999994,0.5872523687443223,0.024246876304636306,0.15635031519054265,0.9103981633974483
0.6477601033306698,0.0015747,1.0,9.240751063935477,-1146.6061140797553,-1145.3665057884457,-0.03202992526921907,0.03277722422307876,-0.024864874145659667,-0.23039357491089468,0.0,0.4794711116131953,0.8817685325807297,0.9615874318280963,0.8847344208363725,0.6942138274307164,1.763143865037327,0.9057460565863035,0.6799663974156444,0.9168321316569716,7.53e-5,0.00165,0.30699999999999994,0.5872523687443223,0.02428541574805714,0.1564755454805395,0.9353981633974483
0.6714489037277258,0.0015747,1.0,11.345929907168738,-1147.6244166321378,-1146.4190952100623,-0.028593010921145013,0.02864963279820797,-0.03956422187197122,-0.23330299225981915,0.0,0.5403207211828228,0.8745260700463802,0.9634537941833969,0.8870299060209282,0.6913011498785789,1.77121401449666,0.904385254482726,0.6847577605924167,0.9225111108029884,7.53e-5,0.00165,0.30699999999999994,0.5872523687443223,0.02428195803334404,0.15646431392090815,0.9603981633974483
0.6947091711543253,0.0015747,1.0,13.918712393614442,-1148.8746467957953,-1147.7054864532852,-0.024612765692127128,0.02690289117807239,-0.054330581623884086,-0.2424613265176223,0.0,0.6090174589752992,0.8671390636883849,0.9638158171929755,0.8899541108698086,0.6893275103386587,1.7778159283318806,0.9025520336160825,0.681742876526187,0.9287157969460357,7.53e-5,0.00165,0.30699999999999994,0.5872523687443223,0.024310029019851957,0.15655547329232394,0.9853981633974482
0.7174827670556151,0.0015747,1.0,16.967349598533474,-1150.3447587187889,-1149.2298050557447,-0.020373902801829397,0.024898685302893932,-0.06991749324598964,-0.24989401286487659,0.0,0.6788273641491818,0.858905585302278,0.965031989306914,0.8932474975032979,0.6869494840480915,1.7881078713844796,0.9009386440317368,0.6864813956460195,0.9358643107511659,7.53e-5,0.00165,0.30699999999999994,0.5872523687443223,0.024335499022683924,0.15663814167913404,1.0103981633974484
0.7397127693021015,0.0015747,1.0,20.483159768198675,-1152.0334961879294,-1150.9877101405773,-0.01562611975766406,0.02139235627660424,-0.08769099816758694,-0.2602208166323993,0.0,0.7561570893296979,0.848887518886253,0.9671600948892778,0.8965328448395463,0.6839243690482625,1.7962734865320038,0.8992468170950376,0.6916219043815024,0.9438439642567364,7.53e-5,0.00165,0.30699999999999994,0.5872523687443223,0.02434296627576202,0.15666237026207652,1.0353981633974483
0.26028723069789844,0.0016497,1.0,22.232102086466057,-1153.1606214057674,-1151.862181299711,-0.012512735161547646,0.004672553837854347,-0.11186054939782861,-0.29018795658620733,0.0,0.7279195553742706,0.8151685941230516,0.9654976956068643,0.9376383565058884,0.7820590171612083,1.8096787275505646,0.8941540140219429,0.550396824641782,0.9633300614384914,7.53e-5,0.001725,0.30699999999999994,0.5872523687443223,0.024071113653769943,0.1557779564203372,0.5353981633974483
0.28251723294438486,0.0016497,1.0,18.383758240362567,-1151.3480516075622,-1149.9380093766592,-0.01703016225545385,0.008930501327887924,-0.09210544749193943,-0.2784989863932862,0.0,0.6519516827164552,0.828007494198724,0.9636716135585215,0.9332497150172796,0.7833435215857985,1.7972558224388626,0.8961379357938035,0.5517969719873064,0.9540380780369403,7.53e-5,0.001725,0.30699999999999994,0.5872523687443223,0.024067284732588828,0.15576546516464912,0.5603981633974483
0.3052908288456748,0.0016497,1.0,14.99856836361323,-1149.7431895814675,-1148.2454144382846,-0.021415423538452882,0.013807864552294326,-0.07265959238096521,-0.26814935655925193,0.0,0.575970176207339,0.8406744496690277,0.962035444049331,0.9288850570553182,0.7838753244202648,1.7874076992814036,0.8981988017762725,0.5555340661353768,0.9450083262917572,7.53e-5,0.001725,0.30699999999999994,0.5872523687443223,0.02407906903955275,0.155803906522831,0.5853981633974483
0.3285510962722743,0.0016497,1.0,12.091530060085915,-1148.3570188967715,-1146.791895286521,-0.025285165315836508,0.017207380851036718,-0.05579537489219947,-0.25367356338110514,0.0,0.5057399788127416,0.8500173461034491,0.9613615128799214,0.9250120684422307,0.7844578048808479,1.7769032152074,0.9003303076182985,0.5616931546636731,0.9372757561155,7.53e-5,0.001725,0.30699999999999994,0.5872523687443223,0.024101111679662567,0.15587578676755168,0.6103981633974482
0.3522398966693302,0.0016497,1.0,9.659843014860598,-1147.1923196070375,-1145.5760517639083,-0.028729724888488312,0.020425282702169614,-0.03995471028660646,-0.24554654363382125,0.0,0.44469256033801424,0.8595967466232182,0.9612864486167509,0.9212767753376973,0.7841608388008543,1.7673711590242074,0.9025380650420141,0.5722214177377088,0.9301886389350247,7.53e-5,0.001725,0.30699999999999994,0.5872523687443223,0.02410314755774111,0.1558824240741039,0.6353981633974483
0.3762980203727385,0.0016497,1.0,7.68468733361442,-1146.2511658119552,-1144.5884739232852,-0.03166913484041566,0.025702407177132014,-0.024002185258585582,-0.24112055272912633,0.0,0.39116316007061463,0.8694051788610586,0.9598888984832225,0.9185075051054096,0.7852379647262223,1.7585529146432208,0.9044611180071452,0.5789732909144252,0.9237437914507081,7.53e-5,0.001725,0.30699999999999994,0.5872523687443223,0.024124904046399654,0.15595333683936613,0.6603981633974483
0.4006653346024694,0.0016497,1.0,6.13269283186537,-1145.5003205636863,-1143.8124766724106,-0.03405453780867973,0.028645735866452724,-0.01145020981458454,-0.23584528771982097,0.0,0.3433876655195856,0.8759249051359201,0.960254941661831,0.9153991184115092,0.7839714198017023,1.7503400824327924,0.9063133221333163,0.5907269582397616,0.9185605883445949,7.53e-5,0.001725,0.30699999999999994,0.5872523687443223,0.024128881711373184,0.15596629820711083,0.6853981633974483
0.42528093376320036,0.0016497,1.0,4.963175838918687,-1144.9385053091655,-1143.2277181759373,-0.036041784183762124,0.029601878837734928,-0.0021609749779641233,-0.22174174392399973,0.0,0.30028243875016386,0.8824769743452066,0.9619858563980865,0.912891021632824,0.7827947309990937,1.7443589164149134,0.9078885926363455,0.6019935170922581,0.9139342829197161,7.53e-5,0.001725,0.30699999999999994,0.5872523687443223,0.024135753634111377,0.15598868816561753,0.7103981633974483
0.4500832916765859,0.0016497,1.0,4.133682010541179,-1144.53004441728,-1142.8129712617485,-0.03738763470581076,0.03298278205163443,0.005878729856321191,-0.22606895742736793,0.0,0.27995209858471903,0.8871748140253287,0.9615364966854961,0.910928072729592,0.7814989483854619,1.739410627245198,0.9092919090783571,0.6118494201992849,0.9107197456787828,7.53e-5,0.001725,0.30699999999999994,0.5872523687443223,0.024125379399274824,0.15595488584903328,0.7353981633974482
0.47501041536466077,0.0016497,1.0,3.6049034305628993,-1144.2792040830982,-1142.5485819717594,-0.03821950510757359,0.03320974511939062,0.0114334136007465,-0.212263571119238,0.0,0.2541860909359348,0.8908566837526033,0.9630971719359267,0.9094640315653068,0.780088149642181,1.7355518253106235,0.9101526365140999,0.6201195364200472,0.908091763910016,7.53e-5,0.001725,0.30699999999999994,0.5872523687443223,0.024150781837596925,0.1560376419217284,0.7603981633974483
0.4999999999999999,0.0016497,1.0,3.350740672102347,-1144.1528199043687,-1142.4215005925291,-0.03848099719268572,0.03595015411427405,0.015077731396616173,-0.21682576321050592,0.0,0.25131270619166135,0.893864161006418,0.9618858344765556,0.9085069264433621,0.7785209053265544,1.7335347316194527,0.9106956333599552,0.6256092479659774,0.9065640128292963,7.53e-5,0.001725,0.30699999999999994,0.5872523687443223,0.024162480822592796,0.15607574060341214,0.7853981633974483
0.5249895846353393,0.0016497,1.0,3.358611765646401,-1144.1573747022026,-1142.4254361393012,-0.03822737096918753,0.03555476384032431,0.014936804364519569,-0.2117754596384988,0.0,0.2522682162664837,0.8948458699051416,0.9628223672808937,0.9080243963296268,0.7765503572101297,1.733238684652918,0.9109197977085889,0.630632874665717,0.9060756536749639,7.53e-5,0.001725,0.30699999999999994,0.5872523687443223,0.024179475323971,0.15613106853829414,0.8103981633974483
0.5499167083234141,0.0016497,1.0,3.634346712371098,-1144.2884512045975,-1142.5633036126635,-0.037371489532505145,0.035993450295545924,0.012544072019300563,-0.21505331797104071,0.0,0.2689088023051511,0.8944778945068201,0.9627631124748433,0.9079955243500655,0.7742343866061064,1.7344482612020995,0.9107564945559754,0.6345605244278052,0.9066828676600306,7.53e-5,0.001725,0.30699999999999994,0.5872523687443223,0.0241929494517334,0.15617492193758972,0.8353981633974483
0.5747190662367996,0.0016497,1.0,4.199807212297856,-1144.5674111700343,-1142.8460338626269,-0.03600752139154522,0.036984389229791005,0.009261057871912637,-0.2190884265646346,0.0,0.2980213903776596,0.8947021548327392,0.9612701559359412,0.9085535048916862,0.772423804564713,1.736090067179732,0.9098360322164201,0.6284927103258884,0.9077059821640159,7.53e-5,0.001725,0.30699999999999994,0.5872523687443223,0.02422060946005777,0.15626490793262582,0.8603981633974482
0.5993346653975306,0.0016497,1.0,5.088709151313196,-1144.9942367200126,-1143.2904848321346,-0.03411175364541017,0.034794120175390145,0.0008967277168070457,-0.21844062646013734,0.0,0.3331329600900186,0.8910714575817,0.9621343300345685,0.909485920509357,0.7693264084030924,1.7411364621682393,0.9091834468667916,0.6333631573499341,0.9105932442920678,7.53e-5,0.001725,0.30699999999999994,0.5872523687443223,0.024229284682100158,0.15629312061189715,0.8853981633974483
0.6237019796272614,0.0016497,1.0,6.343617428950893,-1145.6065117377732,-1143.9179389709534,-0.031659497435125784,0.03494437188456704,-0.007496408742746177,-0.22663655342386613,0.0,0.38024931483972446,0.8886953784771645,0.960846130005755,0.9110675490976321,0.767138403190603,1.7457489375630417,0.9078188671474039,0.6289772381755535,0.9137475824073135,7.53e-5,0.001725,0.30699999999999994,0.5872523687443223,0.024263327300935913,0.156403783015756,0.9103981633974483
0.6477601033306698,0.0016497,1.0,8.005806001768633,-1146.4081182485993,-1144.7490332573623,-0.02868667473331545,0.033391423886117606,-0.019149920146759158,-0.23344491287647978,0.0,0.43553695897201333,0.8838135721872923,0.960632938535688,0.9127085364032829,0.7635860398960853,1.7515960362591958,0.9063908408476549,0.6279029524558375,0.9181624964858419,7.53e-5,0.001725,0.30699999999999994,0.5872523687443223,0.024285165321056217,0.15647473205448506,0.9353981633974483
0.6714489037277258,0.0016497,1.0,10.111166143269656,-1147.416914727858,-1145.8017133281128,-0.02525572031097738,0.03015311771039569,-0.0336412919726807,-0.2372332505253431,0.0,0.49954141656326795,0.8766255411663177,0.9617974746984567,0.9144317589498443,0.7590335260885414,1.7581388312908945,0.9047032464152386,0.6289564725585148,0.9235287512693198,7.53e-5,0.001725,0.30699999999999994,0.5872523687443223,0.024296269300675268,0.15651079558783695,0.9603981633974483
0.6947091711543253,0.0016497,1.0,12.684430285502003,-1148.6463200986084,-1147.088345399229,-0.021455795098699996,0.027593285826813217,-0.04889568601650716,-0.24436786473177313,0.0,0.5696382246020348,0.8691793410826818,0.9626467532498506,0.9168259467097558,0.754778128842253,1.7672630090272643,0.9032633746598665,0.6323872172120821,0.929924189312538,7.53e-5,0.001725,0.30699999999999994,0.5872523687443223,0.024317916611498774,0.15658107868367763,0.9853981633974482
0.7174827670556151,0.0016497,1.0,15.734571280692307,-1150.1050637226867,-1148.613415896824,-0.017161147773928475,0.025103088989705247,-0.06526550820158387,-0.2530268136854659,0.0,0.6415616252524811,0.8606472925058807,0.9638048186681202,0.9193761297203985,0.7502220403239066,1.7754664377019842,0.9015279789046223,0.6354959512024165,0.9369542358196508,7.53e-5,0.001725,0.30699999999999994,0.5872523687443223,0.024342204328140136,0.15665989817879633,1.0103981633974484
0.7397127693021015,0.0016497,1.0,19.253248288557643,-1151.7780825137415,-1150.3727544007568,-0.01250291688460368,0.021634278479940837,-0.08309097662099321,-0.2619820717809939,0.0,0.7203254936676777,0.8507121998492827,0.9659296655042402,0.921813732644782,0.7445201811975317,1.783622025151523,0.8998163778710986,0.6422144595087442,0.9447894981973008,7.53e-5,0.001725,0.30699999999999994,0.5872523687443223,0.02435758080955098,0.1567097787483913,1.0353981633974483
0.26028723069789844,0.0017247,1.0,21.43955043324786,-1153.0004128623718,-1151.4659054731019,-0.00932594662110372,0.006329940717592805,-0.10688838913493538,-0.29616781217820803,0.0,0.695104624642212,0.8178866586621213,0.9640213190840872,0.96281569771243,0.8477846947251189,1.7957842216774316,0.8946212940082903,0.5149566075715726,0.9645818141663187,7.53e-5,0.0018,0.30699999999999994,0.5872523687443223,0.024068255426811225,0.15576863199422075,0.5353981633974483
0.28251723294438486,0.0017247,1.0,17.57910419312975,-1151.182984798616,-1149.5356823530428,-0.01396424426825204,0.00902163548588078,-0.08827614742369547,-0.2819103680602655,0.0,0.6139158282038383,0.8285347196542577,0.9630483620530108,0.9591406647784148,0.8514918662838308,1.786096179518168,0.8966524095881435,0.5146298743789331,0.9555052498007948,7.53e-5,0.0018,0.30699999999999994,0.5872523687443223,0.024069991484840823,0.1557742956203376,0.5603981633974483
0.3052908288456748,0.0017247,1.0,14.183717109586723,-1149.5934890374135,-1147.8379888112713,-0.018111238267478395,0.014716706232767735,-0.06829511044501732,-0.2737160209150859,0.0,0.5420012048732163,0.841414269224753,0.9608043672915662,0.955320907597493,0.8539232803278787,1.7737543215479068,0.8988242207326776,0.5183560802796074,0.9466953764827292,7.53e-5,0.0018,0.30699999999999994,0.5872523687443223,0.02408767013882764,0.15583195820966,0.5853981633974483
0.3285510962722743,0.0017247,1.0,11.267475553584973,-1148.2146166135171,-1146.3798680332704,-0.022023045854763723,0.018354064927923273,-0.050697424187613034,-0.26172797956849836,0.0,0.4693308341887272,0.8515819943018424,0.960120502239347,0.951804576130665,0.8560109702936001,1.7646930159409202,0.900907558043797,0.5224849621226295,0.9386995503597897,7.53e-5,0.0018,0.30699999999999994,0.5872523687443223,0.02409958984180855,0.1558708251404147,0.6103981633974482
0.3522398966693302,0.0017247,1.0,8.827554402176702,-1147.0611499787417,-1145.1599074575663,-0.025466123598106422,0.021921034129751698,-0.03460119569681899,-0.25212562809801703,0.0,0.4071269625909763,0.8616980362477151,0.9597523435805501,0.9485974352630092,0.8576283924181374,1.7554171329420623,0.9030191146996267,0.5284786002150633,0.9315129700105713,7.53e-5,0.0018,0.30699999999999994,0.5872523687443223,0.02409362515830998,0.15585137709126967,0.6353981633974483
0.3762980203727385,0.0017247,1.0,6.844216435590624,-1146.1211866039168,-1144.1682384742733,-0.028378470925054584,0.025162208831637754,-0.01991062233642466,-0.24066697122653324,0.0,0.34954896389382795,0.8697485038647448,0.9599724495299404,0.9455214739188957,0.8580961375150562,1.7463155347994288,0.9050938354924051,0.5388509961119816,0.9253652416728033,7.53e-5,0.0018,0.30699999999999994,0.5872523687443223,0.024118525148988795,0.15593254879149196,0.6603981633974483
0.4006653346024694,0.0017247,1.0,5.284831973569453,-1145.378663053085,-1143.3885462432627,-0.030808933686080283,0.027980932541331827,-0.0073122883952788246,-0.23269126803476395,0.0,0.3009836341561522,0.8768395981151398,0.9603355629843354,0.9429404653023784,0.8583647317927023,1.7390776119864837,0.9070469467250997,0.5484071693747612,0.9200775867582963,7.53e-5,0.0018,0.30699999999999994,0.5872523687443223,0.024127774102296218,0.1559626891268381,0.6853981633974483
0.42528093376320036,0.0017247,1.0,4.108385058739259,-1144.820873819097,-1142.8003227858476,-0.0326442766006399,0.030329137953900482,0.002761344657446279,-0.2259427059854731,0.0,0.2616111738420903,0.882700025698099,0.9609020625322371,0.9405786718889221,0.8579276714747649,1.731434731205761,0.9085342660949471,0.5570096725330593,0.915672428669132,7.53e-5,0.0018,0.30699999999999994,0.5872523687443223,0.024138405157822874,0.15599732647495135,0.7103981633974483
0.4500832916765859,0.0017247,1.0,3.272013925437477,-1144.4191774267201,-1142.3821372191967,-0.034099961362123836,0.032818269814000565,0.011446876524765434,-0.2197050544806251,0.0,0.2334803342646603,0.8881249354163434,0.9612988119621678,0.9385845813811537,0.8567021633343279,1.7272864859084782,0.909830128370025,0.5652797061328918,0.9120614682673132,7.53e-5,0.0018,0.30699999999999994,0.5872523687443223,0.02415512948831355,0.15605180144506034,0.7353981633974482
0.47501041536466077,0.0017247,1.0,2.737726451532126,-1144.1650426951142,-1142.114993482244,-0.03493898205353975,0.034064416614975175,0.01665465753860887,-0.21442538679413375,0.0,0.21611334128269233,0.8919836088248198,0.9620077051836099,0.9371846600310928,0.8554432117734203,1.7236997035180037,0.9107999649871108,0.5725938679771729,0.9095275020124101,7.53e-5,0.0018,0.30699999999999994,0.5872523687443223,0.024150209186991334,0.1560357768081547,0.7603981633974483
0.4999999999999999,0.0017247,1.0,2.478332645845512,-1144.0416900551238,-1141.9852965794007,-0.03518518330698226,0.03534622741072413,0.019893210497491026,-0.21199845907930395,0.0,0.2077632408484438,0.8943296298431638,0.9622070554361832,0.9361280634405013,0.8534890120833449,1.7213048957921107,0.9113796558715301,0.5787361615525267,0.9080444820353817,7.53e-5,0.0018,0.30699999999999994,0.5872523687443223,0.024173876152700554,0.15611284176184087,0.7853981633974483
0.5249895846353393,0.0017247,1.0,2.482117466591262,-1144.0416661526758,-1141.9871889897736,-0.03492330182224431,0.03644821418726263,0.0206309417362497,-0.21246243083743385,0.0,0.2145699057493862,0.8955500764359202,0.9620505008073788,0.9356046149383138,0.8511217722343165,1.721319995456822,0.9117065808996689,0.5850492299819782,0.9076692302204172,7.53e-5,0.0018,0.30699999999999994,0.5872523687443223,0.024189897937128717,0.15616499140758208,0.8103981633974483
0.5499167083234141,0.0017247,1.0,2.7546446736419057,-1144.1699066949025,-1142.123452593299,-0.034093371273931826,0.03750737940189648,0.01835192395485749,-0.22341138709908817,0.0,0.23413191165106195,0.8962323406202937,0.9607170900846955,0.9355075933726316,0.8486647718164093,1.722631827201532,0.9113332210773359,0.5853047789160069,0.907969504323121,7.53e-5,0.0018,0.30699999999999994,0.5872523687443223,0.02419505274330395,0.15618176631415917,0.8353981633974483
0.5747190662367996,0.0017247,1.0,3.316713695530325,-1144.4447985968422,-1142.4044871042431,-0.03274912188191089,0.03604536526470791,0.013288689247078675,-0.2153227963217971,0.0,0.25691011862770646,0.8948017483540545,0.9616186221516214,0.9357843840405422,0.8452976158122298,1.7247093667632019,0.9108065342123352,0.5868692003590104,0.909439087259758,7.53e-5,0.0018,0.30699999999999994,0.5872523687443223,0.024219449923535086,0.15626113663201352,0.8603981633974482
0.5993346653975306,0.0017247,1.0,4.203476774911451,-1144.8709500916914,-1142.8478686439337,-0.030896105734137008,0.035449255793033714,0.006189080012551233,-0.219966383029747,0.0,0.2963982004477293,0.892920658498018,0.9610228966707517,0.9365687770898313,0.8418491025064528,1.7287608215534136,0.9099004245226581,0.585454850494509,0.9117939517467492,7.53e-5,0.0018,0.30699999999999994,0.5872523687443223,0.024227887697907288,0.15628857781401428,0.8853981633974483
0.6237019796272614,0.0017247,1.0,5.455735183530123,-1145.4707383560199,-1143.473997848243,-0.028456167013276464,0.03397536087651672,-0.003498894725665355,-0.22361156385860753,0.0,0.34248070839135114,0.8888332711321286,0.9609538124677586,0.9376225564695497,0.8375723825593239,1.733722269763829,0.9086598784796331,0.5860459369599023,0.9152481244223561,7.53e-5,0.0018,0.30699999999999994,0.5872523687443223,0.02426072533188331,0.156395327463205,0.9103981633974483
0.6477601033306698,0.0017247,1.0,7.115683945833098,-1146.2628328531362,-1144.3039722293945,-0.025431505494165754,0.03509995781819718,-0.01276573870696553,-0.24036972503849444,0.0,0.40220855285976503,0.8839869603629846,0.9593853547351482,0.9390793854108698,0.8331000444375136,1.7388814750880381,0.9072089698589938,0.5854903491487611,0.9197055893773685,7.53e-5,0.0018,0.30699999999999994,0.5872523687443223,0.024277377166141135,0.15644943286799656,0.9353981633974483
0.6714489037277258,0.0017247,1.0,9.218098982390075,-1147.2655272214126,-1145.355179747673,-0.022165998047963688,0.030358483954414726,-0.0287228838413266,-0.2367020105091994,0.0,0.4627727368573644,0.8777994130307636,0.9611054717706673,0.9405064250659476,0.8269617989423691,1.7469451337740618,0.9056310874175546,0.587069910932206,0.9248530932473663,7.53e-5,0.0018,0.30699999999999994,0.5872523687443223,0.02430599214459707,0.15654236686704315,0.9603981633974483
0.6947091711543253,0.0017247,1.0,11.788195750073555,-1148.4862248170764,-1146.6402281315147,-0.01839727943837001,0.02742072567413428,-0.04443808060297408,-0.24380252066943675,0.0,0.5314078511702028,0.8702368811154609,0.9620273924194049,0.9423675856904481,0.8209278575719968,1.7554648151719507,0.9039358412503771,0.5888921375263251,0.9309994209440586,7.53e-5,0.0018,0.30699999999999994,0.5872523687443223,0.024326667655633842,0.15660948235240388,0.9853981633974482
0.7174827670556151,0.0017247,1.0,14.834816748638787,-1149.9326337148354,-1148.1635386307973,-0.014193863748541317,0.024729109820055096,-0.060954383872655456,-0.2530402690773014,0.0,0.6057678783122747,0.8620065949276721,0.963116766931655,0.9444686825608517,0.8145359188963435,1.7639890136333625,0.9021353594945185,0.5926415793469694,0.9379063837740315,7.53e-5,0.0018,0.30699999999999994,0.5872523687443223,0.024345813446219295,0.15667160736436692,1.0103981633974484
0.7397127693021015,0.0017247,1.0,18.349929166333823,-1151.5953782726947,-1149.9210948396449,-0.009633908580871306,0.021974126345058045,-0.07850485520038011,-0.2622879944751353,0.0,0.6842867059609311,0.8526271640272469,0.964710036030579,0.9463690178162216,0.8067324849947483,1.7724236457942069,0.9004169837725382,0.5997884309147354,0.9455198618089347,7.53e-5,0.0018,0.30699999999999994,0.5872523687443223,0.02437134626880897,0.15675442021786354,1.0353981633974483
0.26028723069789844,0.0017997,1.0,20.94589406560044,-1152.884466056032,-1151.2190772892782,-0.006492909827391875,0.00508353739796408,-0.10428467362948846,-0.2975792137829385,0.0,0.6606174159391244,0.8173590013580968,0.963881333514888,0.9883691014734526,0.9180096432874267,1.7859754683499849,0.8950546160143791,0.4802927320941299,0.9661422815348026,7.53e-5,0.001875,0.30699999999999994,0.5872523687443223,0.02406039741737703,0.15574299393773225,0.5353981633974483
0.28251723294438486,0.0017997,1.0,17.080358511749182,-1151.0855710528538,-1149.2863095123525,-0.011065736297508458,0.010221867116388363,-0.08381903231004227,-0.28811764737261975,0.0,0.5784777565394585,0.8303436584621544,0.9615274387744666,0.9846324326117021,0.922468233488524,1.7752819796852073,0.8970742037734822,0.4798179301070163,0.9566036913042679,7.53e-5,0.001875,0.30699999999999994,0.5872523687443223,0.02407679944611348,0.15579650363973818,0.5603981633974483
0.3052908288456748,0.0017997,1.0,13.679424953807029,-1149.5021261793909,-1147.5858427333815,-0.015179736443827044,0.014681769656156583,-0.06446694667373142,-0.27649648189247544,0.0,0.5053081476661717,0.8422939455577341,0.9600764118321079,0.9810350108307063,0.9261791446843881,1.7628608389999005,0.8992220766606893,0.4815517393385746,0.9478664820805234,7.53e-5,0.001875,0.30699999999999994,0.5872523687443223,0.024081248881902172,0.15581101633850591,0.5853981633974483
0.3285510962722743,0.0017997,1.0,10.757378168296782,-1148.1327331518194,-1146.1248193406263,-0.019024742293338493,0.018949212052432666,-0.04621745732986765,-0.2654074896357425,0.0,0.43236650437293905,0.8529416516056529,0.9590578783140886,0.9778195547395219,0.9296273935513604,1.753447350571376,0.9014401241098066,0.48638610741918226,0.939960846889349,7.53e-5,0.001875,0.30699999999999994,0.5872523687443223,0.024100010080948062,0.15587219525560234,0.6103981633974482
0.3522398966693302,0.0017997,1.0,8.31097324849452,-1146.9816692566108,-1144.9016168807252,-0.022408096382881104,0.02251974675216833,-0.030006058783582836,-0.2559183626160065,0.0,0.3680541254765028,0.8619514686809875,0.9585149046943298,0.9746887033576458,0.931896226519007,1.7441187779138783,0.9036079844873194,0.4933547345408051,0.9329786356614156,7.53e-5,0.001875,0.30699999999999994,0.5872523687443223,0.024115245607281153,0.15592186012192014,0.6353981633974483
0.3762980203727385,0.0017997,1.0,6.320686916760678,-1146.046360417135,-1143.9064737148583,-0.025266846282294926,0.025576341831119606,-0.015252870099938266,-0.245406818903957,0.0,0.31037908991011043,0.8699231493301567,0.9587586644046591,0.9717516283876599,0.9331904680602706,1.735021435795726,0.9056354661780189,0.5016983718200749,0.9268299090811181,7.53e-5,0.001875,0.30699999999999994,0.5872523687443223,0.024120165329516535,0.15593789419561868,0.6603981633974483
0.4006653346024694,0.0017997,1.0,4.753871670307035,-1145.3097975543842,-1143.1230660916315,-0.027748671629283846,0.029051080185177585,-0.00211110799968301,-0.23847761595512293,0.0,0.26206939413678454,0.8781943505454132,0.9586416013021959,0.9689249711258935,0.9333513771758944,1.7273970434818282,0.9075034747430544,0.5093772318258822,0.9211476962294243,7.53e-5,0.001875,0.30699999999999994,0.5872523687443223,0.024139182858156055,0.1559998600307774,0.6853981633974483
0.42528093376320036,0.0017997,1.0,3.5697562514924357,-1144.7533947083566,-1142.5310083822242,-0.029601804823743413,0.03201255478292912,0.009183213806294816,-0.23083455366691674,0.0,0.2230902910905377,0.8845725338589532,0.9591231035256982,0.9663908389842799,0.9324424965341052,1.7202894948684837,0.909138982516754,0.5184600557317751,0.9167018367395725,7.53e-5,0.001875,0.30699999999999994,0.5872523687443223,0.02415453034176905,0.15604985020540824,0.7103981633974483
0.4500832916765859,0.0017997,1.0,2.725760865994289,-1144.3537501499166,-1142.109010689475,-0.030971046228601518,0.033276577711289126,0.016458198174005772,-0.22345228795578223,0.0,0.1941090924181965,0.888871890763782,0.9598325910470977,0.9644452441167717,0.93143069158976,1.7152909778073027,0.91047597945706,0.5268605161974578,0.9133037312704397,7.53e-5,0.001875,0.30699999999999994,0.5872523687443223,0.024162904101648053,0.15607711887692938,0.7353981633974482
0.47501041536466077,0.0017997,1.0,2.184331065078368,-1144.0982689437806,-1141.8382957890171,-0.03173259942978757,0.03523252601898334,0.022344027389924023,-0.2212457489963976,0.0,0.1759838186688429,0.892203531256235,0.9600563851762084,0.9627533045682936,0.9293405069035767,1.7109846925091996,0.9115481880046246,0.5351417831177085,0.9109428986656756,7.53e-5,0.001875,0.30699999999999994,0.5872523687443223,0.024175729821180818,0.15611887616863904,0.7603981633974483
0.4999999999999999,0.0017997,1.0,1.9185331612661685,-1143.9715118901258,-1141.705396837111,-0.03203832068946582,0.036832581241872754,0.02583289463571556,-0.21957441248085907,0.0,0.1721465705472988,0.8946787062590462,0.9600919071389143,0.9615165899831523,0.9267362716801892,1.7090560052178136,0.9121972724976943,0.5412555469872966,0.9093584738695948,7.53e-5,0.001875,0.30699999999999994,0.5872523687443223,0.024190047323452504,0.1561654775690308,0.7853981633974483
0.5249895846353393,0.0017997,1.0,1.9166205932651792,-1143.9714777359402,-1141.7044405531105,-0.03184833028176882,0.03702035148468418,0.025729088453007372,-0.21725846809456797,0.0,0.1754697151944762,0.8964989793469933,0.9602876445732431,0.960737254437487,0.923774196091722,1.7093415730196302,0.9122598081989666,0.5438249531318489,0.9086019763129788,7.53e-5,0.001875,0.30699999999999994,0.5872523687443223,0.024190607941545688,0.15616730202623097,0.8103981633974483
0.5499167083234141,0.0017997,1.0,2.1840444212753027,-1144.1051523228475,-1141.8381524671156,-0.030968213172579258,0.03744474383998407,0.023790808815797145,-0.21890001830317743,0.0,0.19134226666872375,0.8974370228768063,0.9598585589576449,0.9606412991691062,0.9207985748489536,1.7096519552930651,0.9121206841824766,0.5475228146745774,0.9090260577756804,7.53e-5,0.001875,0.30699999999999994,0.5872523687443223,0.024210850903500378,0.15623316625334938,0.8353981633974483
0.5747190662367996,0.0017997,1.0,2.742183659597231,-1144.3717463892663,-1142.1172220862766,-0.029612831216558663,0.03733419922494201,0.019376079112920434,-0.22146452060726288,0.0,0.21928852477237512,0.8957903269198498,0.9595980406475109,0.9606061088808953,0.9164541044043287,1.7114904115313312,0.9113836864310276,0.5477759523314337,0.9103931826679493,7.53e-5,0.001875,0.30699999999999994,0.5872523687443223,0.024242815352578485,0.1563371138593501,0.8603981633974482
0.5993346653975306,0.0017997,1.0,3.6249574830330857,-1144.7913970456705,-1142.5586089979945,-0.027907341893974993,0.036318103499064044,0.01176023662848518,-0.22426982868647685,0.0,0.2560239569399985,0.894139070789828,0.9590600402473376,0.961262755362779,0.9122675221841366,1.716904758082022,0.9104990962247586,0.5461099791417359,0.9125430752055549,7.53e-5,0.001875,0.30699999999999994,0.5872523687443223,0.024256918710794332,0.15638295638697058,0.8853981633974483
0.6237019796272614,0.0017997,1.0,4.873082862296997,-1145.3857448197089,-1143.1826716876265,-0.025461383511889365,0.03472855439370689,0.0018475700433907814,-0.2277312817954059,0.0,0.3054370926275053,0.890009187904163,0.9592303653883341,0.9620428513614342,0.9065345951860784,1.721791297462675,0.9093467819471537,0.5487697625237946,0.9161198189197988,7.53e-5,0.001875,0.30699999999999994,0.5872523687443223,0.02427485295059072,0.15644123231044935,0.9103981633974483
0.6477601033306698,0.0017997,1.0,6.528082967055525,-1146.1721677604864,-1144.0101717400057,-0.022594961328201952,0.033361595402479446,-0.009587307421188091,-0.23409792007694694,0.0,0.3614036087321866,0.8853043494884669,0.9590095970254603,0.9631673372983262,0.9004071386140284,1.728260780544518,0.907909210142152,0.5491874149444728,0.9204242982047774,7.53e-5,0.001875,0.30699999999999994,0.5872523687443223,0.02430775828390785,0.1565481010794162,0.9353981633974483
0.6714489037277258,0.0017997,1.0,8.625214470394894,-1147.1682374414154,-1145.0587374916754,-0.01927157208449908,0.031052011628787464,-0.023480598057438008,-0.24059104810551699,0.0,0.4255400062425324,0.8793848629981212,0.9594692391628703,0.9644416877271202,0.8933610811983415,1.7353905810914863,0.9062573006630471,0.5497677720458639,0.925543390142363,7.53e-5,0.001875,0.30699999999999994,0.5872523687443223,0.02432161554805788,0.15659308510107467,0.9603981633974483
0.6947091711543253,0.0017997,1.0,11.188626540499172,-1148.38075593108,-1146.3404435267275,-0.015527025514892582,0.028203924883877445,-0.03918552487398261,-0.24809121035384105,0.0,0.4961755969145966,0.871908989416162,0.9603576349827592,0.965906064243055,0.8855101818864257,1.7435623743790858,0.9045316334013833,0.5524634189340789,0.9316427993982699,7.53e-5,0.001875,0.30699999999999994,0.5872523687443223,0.024343079740304897,0.15666273838625255,0.9853981633974482
0.7174827670556151,0.0017997,1.0,14.227346346855938,-1149.8161164783098,-1147.859803429906,-0.011416764228149351,0.025169588753923704,-0.05606307123689337,-0.255205843369125,0.0,0.5714342010468231,0.8635908253696052,0.9616797643058175,0.9674114196144016,0.8767080732873506,1.7522880761618604,0.9027805394153988,0.5567606227901996,0.9384566143052475,7.53e-5,0.001875,0.30699999999999994,0.5872523687443223,0.024363717401744388,0.15672968127375472,1.0103981633974484
0.7397127693021015,0.0017997,1.0,17.733393248556695,-1151.4656345358399,-1149.6128268807563,-0.006923247069014623,0.02212698985442465,-0.0741709257537559,-0.2649189976979371,0.0,0.6518067274920789,0.8539311451408143,0.9633368912952198,0.9689628201834404,0.8670589473434217,1.7613369806246917,0.9010393969813486,0.5646656422614018,0.9461441241396031,7.53e-5,0.001875,0.30699999999999994,0.5872523687443223,0.02438883346298317,0.15681111357374625,1.0353981633974483
0.26028723069789844,0.0018747,1.0,20.71573675859645,-1152.8385604314526,-1151.1039986357762,-0.003615479104054785,0.00653171883674998,-0.10052990387195787,-0.30643759851465774,0.0,0.6271253962772603,0.8190162567203727,0.9619311069906592,1.0118685139977808,0.9867125352655886,1.772237319861496,0.8951878260860129,0.44728134197554514,0.966967039105317,7.53e-5,0.00195,0.30699999999999994,0.5872523687443223,0.02408367909138815,0.1558189423864598,0.5353981633974483
0.28251723294438486,0.0018747,1.0,16.84859272432277,-1151.0428093139055,-1149.1704266186393,-0.008165270128382933,0.010751290174731387,-0.08012807380900369,-0.2920159905662708,0.0,0.5506072709135708,0.8313216977735497,0.9602210624942681,1.0084049166655524,0.9922783342746173,1.761517828842884,0.8975138786055623,0.4496436367611765,0.9577277261898504,7.53e-5,0.00195,0.30699999999999994,0.5872523687443223,0.024081894406092683,0.15581312173237113,0.5603981633974483
0.3052908288456748,0.0018747,1.0,13.444952432940227,-1149.4572005533591,-1147.468606472948,-0.01245146391493725,0.015066673934107211,-0.060429526377514864,-0.278714830595983,0.0,0.4700049476889942,0.8427174449217175,0.958777114104224,1.0051309827359904,0.9974431103768728,1.7527565203119946,0.8997161034923452,0.4520876963476935,0.9490514396111829,7.53e-5,0.00195,0.30699999999999994,0.5872523687443223,0.024098302907901818,0.15586662924816858,0.5853981633974483
0.3285510962722743,0.0018747,1.0,10.518829288857887,-1148.094751613508,-1146.005544900907,-0.016210145027011794,0.0193575691129248,-0.04219749595331388,-0.2671947235557569,0.0,0.4021111448469511,0.8530208069571871,0.9575814551467386,1.0017821549147476,1.0010921569765587,1.7417373065584556,0.9020058012258252,0.457043297977778,0.9412031085801003,7.53e-5,0.00195,0.30699999999999994,0.5872523687443223,0.024113851770003004,0.15591731711823628,0.6103981633974482
0.3522398966693302,0.0018747,1.0,8.066731472536503,-1146.9493090400256,-1144.7794959927462,-0.01958565926098304,0.023064211491396914,-0.025400764166334,-0.2588554475011904,0.0,0.33596678989381307,0.8624191443800029,0.9568667921408867,0.9985724110395359,1.0038592970915332,1.7326579159659503,0.9040618378507602,0.4619326477203457,0.9339828909585197,7.53e-5,0.00195,0.30699999999999994,0.5872523687443223,0.024129976464058966,0.15596986531618942,0.6353981633974483
0.3762980203727385,0.0018747,1.0,6.069126937766669,-1146.0215299452118,-1143.7806937253613,-0.022441899158230576,0.02643802785248513,-0.010414141519590324,-0.24802470231669715,0.0,0.27794401021130477,0.8713788147882476,0.9565925104891442,0.9953096295055955,1.0044795931407133,1.7230427141352185,0.9062913146842584,0.47195140143514214,0.9277150868400332,7.53e-5,0.00195,0.30699999999999994,0.5872523687443223,0.024141529664464808,0.1560075051055044,0.6603981633974483
0.4006653346024694,0.0018747,1.0,4.493550221707665,-1145.2854870863387,-1142.9929053673318,-0.024836889059555837,0.029172065689342205,0.002488112112428866,-0.23931301468365124,0.0,0.22725899466385618,0.8781596002625588,0.9567614046611184,0.9921910257523177,1.0040990913446768,1.714867239030268,0.9080972682816728,0.47941059432889555,0.9222167123685515,7.53e-5,0.00195,0.30699999999999994,0.5872523687443223,0.02415090846709106,0.15603805434898982,0.6853981633974483
0.42528093376320036,0.0018747,1.0,3.299788052114309,-1144.730706814238,-1142.396024282535,-0.02668705144347346,0.03181486547977118,0.013308274454689462,-0.23223806552663803,0.0,0.18719585692771273,0.8845283562662869,0.9570527259596338,0.9893422662231368,1.002601540339891,1.7074226712904328,0.9096931029135834,0.48762446103583046,0.9175838581626513,7.53e-5,0.00195,0.30699999999999994,0.5872523687443223,0.024171025374373375,0.15610356093705968,0.7103981633974483
0.4500832916765859,0.0018747,1.0,2.445785635516131,-1144.331350975282,-1141.969023074236,-0.028054603163015848,0.033768768323167116,0.021562367682802577,-0.22537932692483298,0.0,0.15828959831053002,0.8893626930353724,0.9573807847901477,0.9867823430855482,0.9998516256105882,1.7021525028503144,0.9111023281315511,0.4967623993896596,0.9140434122896466,7.53e-5,0.00195,0.30699999999999994,0.5872523687443223,0.02418164971131727,0.15613814618669639,0.7353981633974482
0.47501041536466077,0.0018747,1.0,1.8944514313329819,-1144.0751780712624,-1141.6933559721444,-0.02889166433331644,0.03544088097945767,0.02743688161825428,-0.22054458666857238,0.0,0.1409137319985812,0.8934710630870243,0.9575442743420816,0.9846731253387431,0.9965428156608886,1.6982668602916118,0.9121113010024351,0.5045283136067538,0.911362061068885,7.53e-5,0.00195,0.30699999999999994,0.5872523687443223,0.02419306907375197,0.15617531121053643,0.7603981633974483
0.4999999999999999,0.0018747,1.0,1.6194282287660826,-1143.948840763735,-1141.555844370861,-0.02918117245627165,0.0366425783154103,0.03066140921488594,-0.2180859755137446,0.0,0.13353247154417536,0.8961844115430972,0.9575019700518542,0.9830595758109337,0.9928422994652666,1.6957953624072761,0.9127297919397002,0.5103253420397587,0.9096956215185669,7.53e-5,0.00195,0.30699999999999994,0.5872523687443223,0.024209300336217963,0.15622812214528084,0.7853981633974483
0.5249895846353393,0.0018747,1.0,1.6094256863848386,-1143.9486680058515,-1141.5508430996704,-0.02886340555850965,0.037388628303564826,0.031198042329123512,-0.21831194658374195,0.0,0.13855347531502882,0.8972493802105302,0.9571706055951213,0.9820856285521153,0.9891278212797052,1.6941102456927808,0.9129118372714492,0.5141625975994295,0.909162653930596,7.53e-5,0.00195,0.30699999999999994,0.5872523687443223,0.02423177948004051,0.15630123302940085,0.8103981633974483
0.5499167083234141,0.0018747,1.0,1.8697658036062421,-1144.075191560485,-1141.681013158281,-0.028086816278536198,0.03731350626342654,0.02877421366173516,-0.21750212884648362,0.0,0.15488242234895733,0.8976324097207677,0.9571565234016126,0.9813872602280276,0.9841891744861656,1.6951405288981531,0.9126829212756964,0.5175299523677677,0.9093957267426213,7.53e-5,0.00195,0.30699999999999994,0.5872523687443223,0.02424653382797061,0.15634920191001522,0.8353981633974483
0.5747190662367996,0.0018747,1.0,2.4217425337346867,-1144.3375949857855,-1141.9570015233453,-0.026802096525106407,0.03696068819048739,0.02382320789343255,-0.22000881691941343,0.0,0.18488342376547962,0.8964067783473787,0.9569571561659879,0.9812932217396219,0.9792040477786559,1.6978848789356815,0.9120733528384304,0.5182362950440199,0.9107035234965271,7.53e-5,0.00195,0.30699999999999994,0.5872523687443223,0.024266030765578022,0.15641256792764027,0.8603981633974482
0.5993346653975306,0.0018747,1.0,3.29865736638385,-1144.754294106354,-1142.3954589396699,-0.02500754469811869,0.03602473802160477,0.016571202274810282,-0.22232278209675474,0.0,0.22213077838828724,0.8942318728902556,0.9568262711068479,0.9816393815544695,0.973519071831027,1.7025555426305403,0.9112376988922521,0.5202638723852896,0.9131049158267848,7.53e-5,0.00195,0.30699999999999994,0.5872523687443223,0.0242827438990243,0.15646686668616838,0.8853981633974483
0.6237019796272614,0.0018747,1.0,4.540842865028026,-1145.344520015032,-1143.016551688992,-0.02267282333144928,0.03471975196423971,0.0068484521439246045,-0.22726152117366583,0.0,0.2701552414706786,0.8909567427827945,0.9566315603767868,0.9823344367255847,0.9672159778794134,1.7081043683661288,0.9099928281497587,0.520358712308556,0.9163659145451734,7.53e-5,0.00195,0.30699999999999994,0.5872523687443223,0.024304251632762272,0.15653671566192628,0.9103981633974483
0.6477601033306698,0.0018747,1.0,6.1889809042363595,-1146.1260297446186,-1143.8406207085961,-0.019851082322521696,0.03291447517856625,-0.005153236540980987,-0.23441372397486193,0.0,0.3267649448978505,0.8863506555205222,0.9565526869887004,0.983470270529493,0.9605964960056244,1.7148095617630896,0.9085031736049096,0.5204114483971672,0.9206328387767035,7.53e-5,0.00195,0.30699999999999994,0.5872523687443223,0.024321421067087807,0.1565924538554055,0.9353981633974483
0.6714489037277258,0.0018747,1.0,8.277866884356627,-1147.1132607655281,-1144.8850636986563,-0.016627944025236208,0.030602221669450314,-0.019062685906691204,-0.23915944331815317,0.0,0.39283856642303144,0.8802169732868662,0.9573528245807457,0.9842662737690608,0.9514539860334496,1.7223796876300692,0.9069084949861794,0.5223851190594799,0.9257159338000244,7.53e-5,0.00195,0.30699999999999994,0.5872523687443223,0.024348918864194484,0.15668168170109772,0.9603981633974483
0.6947091711543253,0.0018747,1.0,10.831224196621406,-1148.318888706195,-1146.1617423547887,-0.01293841788804574,0.027893961452482165,-0.0347508955628979,-0.24683127228577,0.0,0.46388825423244806,0.8731683770541994,0.9581347498963048,0.9854669865766174,0.9421219318777729,1.7308138677587634,0.905202875439829,0.5256928027838447,0.9317571277646456,7.53e-5,0.00195,0.30699999999999994,0.5872523687443223,0.024368038524899823,0.15674369430615348,0.9853981633974482
0.7174827670556151,0.0018747,1.0,13.857806627413538,-1149.7430515545684,-1147.6750335701847,-0.008910526741318576,0.024985537537805896,-0.051803553544797466,-0.25527427484826676,0.0,0.5422261660208046,0.8649619302239312,0.9596175822682487,0.986590742481469,0.9314489731458889,1.7399834175751467,0.9034133296466897,0.5300494329668701,0.9384813927700083,7.53e-5,0.00195,0.30699999999999994,0.5872523687443223,0.02439239731558033,0.15682266512672124,1.0103981633974484
0.7397127693021015,0.0018747,1.0,17.34955915328419,-1151.3859854578513,-1149.42090983312,-0.004496023624438071,0.021570066182343486,-0.06992363242928988,-0.2636903707537068,0.0,0.6204744494781746,0.8555800952710308,0.9615960557279245,0.9876670240277737,0.9197539710560724,1.7490911868522703,0.9016186047120721,0.5376968339789144,0.9459920979599047,7.53e-5,0.00195,0.30699999999999994,0.5872523687443223,0.024414621354637542,0.15689468158349273,1.0353981633974483
0.26028723069789844,0.0019497,1.0,20.71127551969448,-1152.825427917877,-1151.1017680163252,-0.0014195125173693246,0.005225847315236356,-0.09748843327020007,-0.301458344161365,0.0,0.5992291654725286,0.8188442886746644,0.9612437929156524,1.0318995300035172,1.0472162245937175,1.7640227274514224,0.8958975851435093,0.42794038318492666,0.967853316657324,7.53e-5,0.002025,0.30699999999999994,0.5872523687443223,0.024077042621219794,0.15579729683634982,0.5353981633974483
0.28251723294438486,0.0019497,1.0,16.84321910957169,-1151.0400230945,-1149.1677398112638,-0.005821632991220845,0.00969652542948419,-0.0771358379791933,-0.29032302669933696,0.0,0.5182897965612412,0.8311974031874018,0.9587105670265301,1.0286355802011338,1.0544497563540933,1.7521036438644377,0.8980199190037825,0.42769104071057973,0.9585257294726887,7.53e-5,0.002025,0.30699999999999994,0.5872523687443223,0.024088935440429952,0.15583608446120398,0.5603981633974483
0.3052908288456748,0.0019497,1.0,13.436123765775392,-1149.466493760232,-1147.4641921393657,-0.009938010032111763,0.01467126503392598,-0.057087222525940846,-0.2795147898595894,0.0,0.44173509400443556,0.8429063412007797,0.9563390897710874,1.0249730993251882,1.0593670505199526,1.7404814978044851,0.9002261530792024,0.4296616682397552,0.9496826983443254,7.53e-5,0.002025,0.30699999999999994,0.5872523687443223,0.024113734968367766,0.1559169364149989,0.5853981633974483
0.3285510962722743,0.0019497,1.0,10.50370271013162,-1148.1149893991528,-1145.9979816115438,-0.013636139889235883,0.018221432473695544,-0.0391303502900389,-0.26380328288467975,0.0,0.36991496928594364,0.8533748584055763,0.9551483377241379,1.0210819035798742,1.0619654935597835,1.7284616722192716,0.9024600210612743,0.43499422402669596,0.9416796072260223,7.53e-5,0.002025,0.30699999999999994,0.5872523687443223,0.02412820358308779,0.15596408857480787,0.6103981633974482
0.3522398966693302,0.0019497,1.0,8.042331729508987,-1146.9740731805314,-1144.7672961212324,-0.016956977446153144,0.022228724969917013,-0.02160419413437309,-0.25471949628020474,0.0,0.3028711123539898,0.8623153190506083,0.9542454489629517,1.0170702869235897,1.0626020993514471,1.71834052173444,0.9046950702097949,0.4428223950274475,0.9345184005428744,7.53e-5,0.002025,0.30699999999999994,0.5872523687443223,0.024147241444165347,0.15602611057323357,0.6353981633974483
0.3762980203727385,0.0019497,1.0,6.032570796357049,-1146.0461204217197,-1143.7624156546565,-0.019786989816288885,0.025481673239766026,-0.006532194466128995,-0.24516013120654773,0.0,0.2437016127622874,0.8707659027325112,0.9533636369294696,1.0128745207712462,1.0609426706234704,1.7083257099732163,0.9068107525137834,0.45136353896362574,0.9280570755460193,7.53e-5,0.002025,0.30699999999999994,0.5872523687443223,0.024170360989459835,0.15610139792826508,0.6603981633974483
0.4006653346024694,0.0019497,1.0,4.442164065887482,-1145.313321907032,-1142.9672122894217,-0.022169131265212944,0.02837701283297553,0.0068314209482092094,-0.23612270841413696,0.0,0.1938075408404474,0.8784142219203328,0.9533753784584331,1.0087226598852055,1.0575398249463017,1.69945991404007,0.9087096642925411,0.46107889507101496,0.9222780253206938,7.53e-5,0.002025,0.30699999999999994,0.5872523687443223,0.024185582870419126,0.15615094786309167,0.6853981633974483
0.42528093376320036,0.0019497,1.0,3.231396015799419,-1144.7554812343415,-1142.3618282643777,-0.02406525765337379,0.030523543387145687,0.017781457193134113,-0.22628719321096394,0.0,0.15408664206058123,0.8843285570893109,0.9532001728720223,1.00389512425785,1.0500570501287307,1.6915109710526464,0.9104070879788468,0.471797112264217,0.9174061598340205,7.53e-5,0.002025,0.30699999999999994,0.5872523687443223,0.02421261497441535,0.15623890471271423,0.7103981633974483
0.4500832916765859,0.0019497,1.0,2.3586005160914283,-1144.3554172347212,-1141.9254305145237,-0.025365506420073593,0.03251908701744045,0.0259787803782849,-0.2227610686121468,0.0,0.12619401129261204,0.8896384252782192,0.9524627188507068,1.0000282433948942,1.043580345238772,1.6841754467392218,0.9117121858676805,0.48200079231296106,0.9135535675689801,7.53e-5,0.002025,0.30699999999999994,0.5872523687443223,0.024225008445602103,0.15627921448392887,0.7353981633974482
0.47501041536466077,0.0019497,1.0,1.7879393685152536,-1144.0933803413661,-1141.6400999407356,-0.026134300053266182,0.03374820347112928,0.031566141249982145,-0.22209877843692602,0.0,0.10492906745968246,0.893395585365807,0.9505677566057016,0.9950445112627234,1.0316388908495546,1.6780443123584199,0.9127974489154971,0.4945762310370779,0.9106458740405554,7.53e-5,0.002025,0.30699999999999994,0.5872523687443223,0.02423876582062687,0.15632394857888912,0.7603981633974483
0.4999999999999999,0.0019497,1.0,1.4941165302766422,-1143.9593833286767,-1141.4931885216163,-0.026425493759096516,0.034412150921931284,0.03436377160996429,-0.21967362138938343,0.0,0.09986656790930395,0.8956944155876877,0.9494013645287949,0.9907034913708642,1.0198468279892032,1.6734975608485958,0.913289721254636,0.5034190296910829,0.9085327136210789,7.53e-5,0.002025,0.30699999999999994,0.5872523687443223,0.024257280276998274,0.1563841314758037,0.7853981633974483
0.5249895846353393,0.0019497,1.0,1.467561297309203,-1143.9415019106118,-1141.4799109051326,-0.026339112001536144,0.03470820340568768,0.034970341645651125,-0.21163930927732158,0.0,0.10873613437654522,0.8959720835756346,0.9468212121694548,0.9835575115545033,0.9972732620484671,1.670035315382286,0.913756954365023,0.5200328234058292,0.9072980550607657,7.53e-5,0.002025,0.30699999999999994,0.5872523687443223,0.024298111435773834,0.15651677770170908,0.8103981633974483
0.5499167083234141,0.0019497,1.0,1.7133943679004915,-1144.0596107067129,-1141.6028274404282,-0.025586561046152596,0.03486227282209799,0.03285287183979393,-0.2135611425705673,0.0,0.12501671021652816,0.896123940587711,0.9468078882379521,0.9827139232149613,0.991947854322083,1.6710000328830323,0.9135018748978387,0.523300116514224,0.9075830605549243,7.53e-5,0.002025,0.30699999999999994,0.5872523687443223,0.024317857051375416,0.1565808853495582,0.8353981633974483
0.5747190662367996,0.0019497,1.0,2.254983086370885,-1144.3182778999578,-1141.8736217996634,-0.024278697915036583,0.03436800740061445,0.02760653483902975,-0.2167412005203709,0.0,0.15404752410331005,0.8956141872559561,0.9462729002139195,0.9825634491292343,0.9865157596844607,1.6740545694413211,0.9130056172009238,0.5259863745286145,0.9089358271928516,7.53e-5,0.002025,0.30699999999999994,0.5872523687443223,0.024326060198799876,0.15660751086257038,0.8603981633974482
0.5993346653975306,0.0019497,1.0,3.124521832874052,-1144.73049481628,-1142.308391172915,-0.022562491909650286,0.03337864320259129,0.02060393527402916,-0.21829366352154,0.0,0.1907838088278716,0.8931418798751563,0.9466537332070558,0.9821476540037877,0.9787100874878161,1.6785702799029607,0.9120329529240105,0.526939049241243,0.9110548079570774,7.53e-5,0.002025,0.30699999999999994,0.5872523687443223,0.02435505754678297,0.15670159445786336,0.8853981633974483
0.6237019796272614,0.0019497,1.0,4.36082883121162,-1145.3190484770457,-1142.9265446720838,-0.020299621747932903,0.03207668482438771,0.010624695733185252,-0.22401414507186856,0.0,0.23925057524774807,0.8901489199984811,0.9471341129181817,0.9840547255725969,0.9758337445777125,1.6854638948085476,0.9107443905119208,0.5248983955325454,0.9143908800247793,7.53e-5,0.002025,0.30699999999999994,0.5872523687443223,0.024372996923808565,0.1567597724767601,0.9103981633974483
0.6477601033306698,0.0019497,1.0,6.0026247888617945,-1146.0930205743566,-1143.7474426509089,-0.01760879193978524,0.030411547142146805,-0.0012392794923600909,-0.23029376145078886,0.0,0.2979697379512281,0.8846801179340891,0.9485578435162247,0.9867707826616756,0.9734301964153125,1.6946692375654049,0.9093249868636563,0.5228926703739163,0.9189891698188284,7.53e-5,0.002025,0.30699999999999994,0.5872523687443223,0.024394859545336007,0.15683064549739015,0.9353981633974483
0.6714489037277258,0.0019497,1.0,8.083247923917042,-1147.0827735986463,-1144.7877542184365,-0.01436227170437665,0.026921994903019397,-0.016346404596015395,-0.23839089955828124,0.0,0.364199560556529,0.8798344142043425,0.9508997591677465,0.9895687101411698,0.9697763786277847,1.7033732658211909,0.9076438892946419,0.5209171956668416,0.924161535149518,7.53e-5,0.002025,0.30699999999999994,0.5872523687443223,0.024402338131163766,0.15685488204948314,0.9603981633974483
0.6947091711543253,0.0019497,1.0,10.625485237569137,-1148.2816544150774,-1146.0588728752625,-0.010776518850765087,0.024912028549186317,-0.03147701159542587,-0.24567664408538395,0.0,0.4377883633272194,0.8729087121028276,0.9521094250689448,0.9907495522335851,0.9600657172217222,1.7123494733932403,0.9059188218103137,0.5239077569146162,0.930177545852108,7.53e-5,0.002025,0.30699999999999994,0.5872523687443223,0.024429656636680723,0.15694338492638826,0.9853981633974482
0.7174827670556151,0.0019497,1.0,13.637545456133012,-1149.702196907399,-1147.5649029845445,-0.00679323120739376,0.022703750374463014,-0.04830146768980687,-0.25380351100156817,0.0,0.5129310844564652,0.8654930407083357,0.953631462546754,0.9929144244783059,0.951982216791339,1.7226359364337105,0.9041296040802026,0.5269307291375974,0.9369772347822743,7.53e-5,0.002025,0.30699999999999994,0.5872523687443223,0.02444644323630899,0.15699774399944674,1.0103981633974484
0.7397127693021015,0.0019497,1.0,17.111169904653707,-1151.3340741508453,-1149.3017152088048,-0.002555167503732167,0.01942541884735841,-0.06654609355945344,-0.2604959183197616,0.0,0.5951770681821696,0.8566117179863242,0.9564209959506742,0.994066519992635,0.9399818694816904,1.7331371371943791,0.9023619603787717,0.533874467913276,0.9444162532098752,7.53e-5,0.002025,0.30699999999999994,0.5872523687443223,0.024470920307657434,0.15707697408302754,1.0353981633974483
0.26028723069789844,0.0020247000000000004,1.0,20.876390929809986,-1152.900708493401,-1151.184325721383,0.0007038802119138793,0.004068320807486034,-0.09421601441221075,-0.3051671635008452,0.0,0.5733365805731592,0.8185447859821615,0.9589715743938672,1.044151357437001,1.0868458338254072,1.7510438024741435,0.8962288549077178,0.41597447152744055,0.9677847811293675,7.53e-5,0.0021000000000000003,0.30699999999999994,0.5872523687443223,0.02408583042194739,0.15582595855455392,0.5353981633974483
0.28251723294438486,0.0020247000000000004,1.0,17.001691082783964,-1151.123805918646,-1149.24697579787,-0.00360870853291886,0.00920793140652014,-0.07304274704288759,-0.29622777101166,0.0,0.4912778043445061,0.830706642369346,0.9553536143143341,1.0395766007210072,1.0905914062998636,1.7377104041808717,0.8984785999367335,0.41855671956934504,0.9583421969533006,7.53e-5,0.0021000000000000003,0.30699999999999994,0.5872523687443223,0.024112374160023646,0.15591250093015788,0.5603981633974483
0.3052908288456748,0.0020247000000000004,1.0,13.582001966424286,-1149.5559688430392,-1147.53713123969,-0.007654858013553371,0.012795034095139097,-0.05377565088993435,-0.2871660910989434,0.0,0.4131687294025361,0.841681273156537,0.9527160708225181,1.0340383248123453,1.0901933566564979,1.7247175473168332,0.9006740222733511,0.423170832730396,0.9493691844691043,7.53e-5,0.0021000000000000003,0.30699999999999994,0.5872523687443223,0.02413356241448412,0.1559815491161389,0.5853981633974483
0.3285510962722743,0.0020247000000000004,1.0,10.628903662965058,-1148.212496592376,-1146.0605820879605,-0.01137950872852472,0.016926427885452913,-0.03530949271205335,-0.2695090039887682,0.0,0.3423860041673634,0.8520413041297397,0.9491460741786318,1.026491903820532,1.0818240569389037,1.7105106887989392,0.903010510674689,0.43338622027203955,0.9409204614764405,7.53e-5,0.0021000000000000003,0.30699999999999994,0.5872523687443223,0.024165529650612864,0.1560856678784514,0.6103981633974482
0.3522398966693302,0.0020247000000000004,1.0,8.11021786349238,-1146.9980994880111,-1144.8012391882241,-0.015808020500862784,0.01222926066907284,-0.023569089468715256,-0.25310123411216023,0.0,0.28383394320624145,0.8520049067861343,0.9272990288946346,0.9621623107109408,0.9072448289838243,1.6715517815872247,0.9049552267709311,0.5312091987965455,0.9273680627207509,7.53e-5,0.0021000000000000003,0.30699999999999994,0.5872523687443223,0.024242582763887053,0.156336357728061,0.6353981633974483
0.3762980203727385,0.0020247000000000004,1.0,5.949421951104341,-1145.9442327383035,-1143.7208412320301,-0.018518156059512455,0.014166859749142294,-0.00933277981436243,-0.2383164165052047,0.0,0.2237280727761568,0.8587980596215086,0.9232664253836329,0.9536760928078166,0.8938452649346635,1.6565535213014795,0.9069403657130176,0.547791564941212,0.9202355394688128,7.53e-5,0.0021000000000000003,0.30699999999999994,0.5872523687443223,0.024277112005903583,0.15644857144692678,0.6603981633974483
0.4006653346024694,0.0020247000000000004,1.0,4.207998103156569,-1145.0930396538374,-1142.8501293080562,-0.02081294132556507,0.016023801731578958,0.0030167810755708274,-0.2279447770984618,0.0,0.16867672855166102,0.8655665560721837,0.9201570013232712,0.9487458370830881,0.8882451616448929,1.647562025734429,0.9088867441498778,0.5615350417248182,0.9144685797348069,7.53e-5,0.0021000000000000003,0.30699999999999994,0.5872523687443223,0.02428515437333004,0.1564746964944654,0.6853981633974483
0.42528093376320036,0.0020247000000000004,1.0,2.8575049404385027,-1144.4444032378694,-1142.1748827266972,-0.02246691714092977,0.01907853356827181,0.014699135263801262,-0.2191319241024988,0.0,0.12695511477326274,0.8719316730771669,0.9194148610507513,0.9454209512249795,0.8855277343124134,1.637864625702938,0.9105122752759243,0.5713508522691908,0.9095523334288864,7.53e-5,0.0021000000000000003,0.30699999999999994,0.5872523687443223,0.024300817124909554,0.1565255637033711,0.7103981633974483
0.4500832916765859,0.0020247000000000004,1.0,1.864072450846379,-1143.9584649287258,-1141.6781664819011,-0.0237367185708177,0.02232361804342057,0.024251161347578796,-0.21591318920889654,0.0,0.09881564441735359,0.8771910582136928,0.9181178449690973,0.9427229456332018,0.882638237033752,1.631774957322968,0.9119681967045834,0.5811341168058248,0.9057432438358606,7.53e-5,0.0021000000000000003,0.30699999999999994,0.5872523687443223,0.024322134938788976,0.15659477092567578,0.7353981633974482
0.47501041536466077,0.0020247000000000004,1.0,1.1962657876547382,-1143.6298880862971,-1141.3442631503053,-0.024533754474183204,0.022450773304428337,0.028893486375587817,-0.20716125799354843,0.0,0.07872548139315197,0.8800808746832548,0.9169482814444112,0.941001723066704,0.880599237021745,1.6277615911845285,0.913077349317054,0.5901391083347508,0.903198435026163,7.53e-5,0.0021000000000000003,0.30699999999999994,0.5872523687443223,0.024334050502836838,0.15663344132720522,0.7603981633974483
0.4999999999999999,0.0020247000000000004,1.0,0.8314332398508668,-1143.450894804515,-1141.1618468764034,-0.024796112112510853,0.022388701089431605,0.031364832398809835,-0.20233858217209866,0.0,0.0703410742159719,0.8822935324101367,0.9163331691523249,0.9399716492425451,0.8787373062866213,1.6255282670117226,0.9137331654077857,0.5963615365700295,0.9015762180602853,7.53e-5,0.0021000000000000003,0.30699999999999994,0.5872523687443223,0.02435725411780068,0.15670871913563325,0.7853981633974483
0.5249895846353393,0.0020247000000000004,1.0,0.7591397483997753,-1143.4127864101174,-1141.1257001306778,-0.02463010804521695,0.022759757791604655,0.03168331163765495,-0.20087722196158994,0.0,0.07589807948691307,0.8835949582961409,0.9165389958080092,0.9393680248104512,0.8762292386703336,1.6261235184674534,0.9139649444879867,0.6009348447520747,0.9008382228403407,7.53e-5,0.0021000000000000003,0.30699999999999994,0.5872523687443223,0.024370608963615356,0.1567520294441806,0.8103981633974483
0.5499167083234141,0.0020247000000000004,1.0,0.9834844808747221,-1143.521762012901,-1141.2378724969153,-0.0239063308504617,0.022710456069747326,0.029461819813013337,-0.19977077588853817,0.0,0.094281092890204,0.8840349161821821,0.9169148744281048,0.9392095886083474,0.8730832644023596,1.6276097732643575,0.9139233260155282,0.60485969343368,0.9011936137903495,7.53e-5,0.0021000000000000003,0.30699999999999994,0.5872523687443223,0.024391361278353247,0.15681930709317188,0.8353981633974483
0.5747190662367996,0.0020247000000000004,1.0,1.5223509031461617,-1143.7836510269606,-1141.507305708051,-0.022710094943353302,0.02242934765778047,0.025003947486452602,-0.20110811981477023,0.0,0.12283948764305053,0.8842858397558989,0.9176906538834996,0.9391864122428849,0.8687077967468635,1.630908804731226,0.9133743417453297,0.6067921340465938,0.9022399675131194,7.53e-5,0.0021000000000000003,0.30699999999999994,0.5872523687443223,0.024413188461931908,0.15689003929366344,0.8603981633974482
0.5993346653975306,0.0020247000000000004,1.0,2.404495203561055,-1144.2088673525102,-1141.9483778582585,-0.021078566096112375,0.02197032846816211,0.018164829396569847,-0.20570182641602372,0.0,0.16282144282454009,0.883059942514422,0.9191087005913597,0.9396841272722368,0.8639971119401025,1.636899443250508,0.9125417122496111,0.6082696366395893,0.9043875162413042,7.53e-5,0.0021000000000000003,0.30699999999999994,0.5872523687443223,0.02443040651318626,0.15694581359648607,0.8853981633974483
0.6237019796272614,0.0020247000000000004,1.0,3.6645494318931924,-1144.8170225579424,-1142.5784049724246,-0.018947513670030877,0.020267279344675607,0.008241725887932823,-0.2076875338171015,0.0,0.2143850483897696,0.8805396218929116,0.9207429124929386,0.9403565688044135,0.8582843964382423,1.6430808591838657,0.9112971355493336,0.6082650441554137,0.9074190762904857,7.53e-5,0.0021000000000000003,0.30699999999999994,0.5872523687443223,0.024453472757010004,0.15702050188373756,0.9103981633974483
0.6477601033306698,0.0020247000000000004,1.0,5.337331810308115,-1145.6200979963994,-1143.414796161632,-0.01639011829646408,0.017525088860649553,-0.004469551070472518,-0.21153364226222715,0.0,0.27477615114728154,0.8764668058122033,0.9228283790914247,0.94152090393784,0.8523095095810194,1.651409720929059,0.909940093644015,0.6088979922568,0.9115644173820995,7.53e-5,0.0021000000000000003,0.30699999999999994,0.5872523687443223,0.024471682988771407,0.15707944219259934,0.9353981633974483
0.6714489037277258,0.0020247000000000004,1.0,7.452175314389024,-1146.630518717741,-1144.4722179136725,-0.013462447251571742,0.016408933582507515,-0.017219399446905433,-0.21904237142359345,0.0,0.34495293755717543,0.8722509143459892,0.9257305941790208,0.9429344738393018,0.8454118130377648,1.6623012197903342,0.9085057544689014,0.6123937024821132,0.9166078042246675,7.53e-5,0.0021000000000000003,0.30699999999999994,0.5872523687443223,0.0244999384835024,0.1571708532848878,0.9603981633974483
0.6947091711543253,0.0020247000000000004,1.0,10.027902067218292,-1147.86149842322,-1145.760081290087,-0.010092001913145486,0.014828352722015752,-0.031865029420644155,-0.22636402490289775,0.0,0.4184349471143594,0.8669842227443824,0.9294797539172864,0.9443688627697154,0.837725629954217,1.673037778182087,0.906687501477874,0.6137936822203408,0.9222551433586582,7.53e-5,0.0021000000000000003,0.30699999999999994,0.5872523687443223,0.02452860992825429,0.15726355752982007,0.9853981633974482
0.7174827670556151,0.0020247000000000004,1.0,13.069354364363335,-1149.3041478088985,-1147.2808074386596,-0.006401368300040487,0.01147803455837374,-0.04934931999078591,-0.23241584324535272,0.0,0.5013894688086378,0.8594878179548915,0.9334793936147616,0.9461647525440249,0.8296606394314551,1.685134249640634,0.9049537577093665,0.6188292122660782,0.9290774023447841,7.53e-5,0.0021000000000000003,0.30699999999999994,0.5872523687443223,0.024550144326701884,0.1573331506198627,1.0103981633974484
0.7397127693021015,0.0020247000000000004,1.0,16.566022834371324,-1150.9600263911636,-1149.0291416736636,-0.0023360012334942004,0.007610136932581541,-0.06799458090464722,-0.2435790256768168,0.0,0.5846581387390912,0.8508843355020996,0.9378235727385498,0.9483902627808248,0.8220595235342559,1.6976418959896622,0.903100230574484,0.6239856105496007,0.9366066695511929,7.53e-5,0.0021000000000000003,0.30699999999999994,0.5872523687443223,0.024565278168107867,0.15738204111703985,1.0353981633974483
0.26028723069789844,0.0020997,1.0,20.975652679112955,-1153.1130982573957,-1151.2339565960344,0.0010056448730233233,-0.0036466902668589713,-0.0971666178108222,-0.2981833403803643,0.0,0.5678999042902269,0.8100353683373892,0.9407986417093422,0.9955607103041437,0.9481596018691384,1.7167097622739909,0.89642293424845,0.48794504394289734,0.962333467060997,7.53e-5,0.002175,0.30699999999999994,0.5872523687443223,0.024147735423628656,0.1560277195538896,0.5353981633974483
0.28251723294438486,0.0020997,1.0,16.979914309628384,-1151.244025407074,-1149.2360874112921,-0.0032076979572483095,0.0004036162336809744,-0.07661199009139076,-0.2857954980720153,0.0,0.4827123309871018,0.8209271051922097,0.9349423883782334,0.9877160986729387,0.9420984660554599,1.7004172510792561,0.8984947139975332,0.49351978686486375,0.9522816993616309,7.53e-5,0.002175,0.30699999999999994,0.5872523687443223,0.024179026769109963,0.1561296084499786,0.5603981633974483
0.3052908288456748,0.0020997,1.0,13.422164475675345,-1149.5772935433786,-1147.4572124943156,-0.0069679244188060735,0.004738328298070371,-0.05660262297374239,-0.2729324427043956,0.0,0.39955272243307177,0.8319528155440586,0.9297494943291501,0.9817701824923362,0.9401478082945975,1.6841948622578973,0.9006281593515082,0.49921463748230677,0.9430110520580615,7.53e-5,0.002175,0.30699999999999994,0.5872523687443223,0.0242134455086898,0.15624160634031473,0.5853981633974483
0.3285510962722743,0.0020997,1.0,10.324303399673681,-1148.1141951164764,-1145.9082819563148,-0.010370258043841181,0.008042400178947872,-0.038507090556194806,-0.2613678665526018,0.0,0.3249694699801232,0.8417822372693844,0.924755179917521,0.9771272552110534,0.9401869400729475,1.669867051025521,0.903064291493268,0.5074722079194277,0.9349428210395894,7.53e-5,0.002175,0.30699999999999994,0.5872523687443223,0.024227691405894754,0.15628793948951528,0.6103981633974482
0.3522398966693302,0.0020997,1.0,7.69047425605595,-1146.8581669494486,-1144.591367384506,-0.013436588992497568,0.010779715053769413,-0.02214281693662203,-0.25240384582160297,0.0,0.2537393622818759,0.8492051554470287,0.9212377123141122,0.9737447328156901,0.942417134750388,1.6587010948076593,0.90527883200607,0.514835072858312,0.9278104676775493,7.53e-5,0.002175,0.30699999999999994,0.5872523687443223,0.024238024277126274,0.15632153765863877,0.6353981633974483
0.3762980203727385,0.0020997,1.0,5.509060674148259,-1145.826552398343,-1143.500660593552,-0.016078077691627723,0.013502690625176395,-0.0069674811710843335,-0.24021400166524656,0.0,0.1912044750031005,0.8579333373427042,0.9186319757387902,0.9709893884015334,0.9448991093937327,1.6476657417260285,0.9073788113542177,0.5218511712701416,0.9211345562276574,7.53e-5,0.002175,0.30699999999999994,0.5872523687443223,0.024253946229369532,0.15637329550955076,0.6603981633974483
0.4006653346024694,0.0020997,1.0,3.7553740833805023,-1144.991708348421,-1142.6238172981682,-0.018198627854355828,0.01602499692486915,0.006161866060041998,-0.23077138419334428,0.0,0.13757856534609875,0.8644648081525415,0.9167198168441965,0.9685870362410353,0.9466535029851497,1.6377944081690712,0.9093044764504574,0.5302023463178701,0.9156844395696375,7.53e-5,0.002175,0.30699999999999994,0.5872523687443223,0.024278746729067577,0.1564538820682491,0.6853981633974483
0.42528093376320036,0.0020997,1.0,2.396500135147562,-1144.3423907869271,-1141.9443803240517,-0.019906867817760257,0.01754485226774804,0.016368129558671028,-0.22127000169706126,0.0,0.09516209476792564,0.8696092721157652,0.9157074332980264,0.9668248624509773,0.9483084604638211,1.6304060342666857,0.9110608530424191,0.5382429502340748,0.9112350775968958,7.53e-5,0.002175,0.30699999999999994,0.5872523687443223,0.024289738918462356,0.1564895871693379,0.7103981633974483
0.4500832916765859,0.0020997,1.0,1.3968704556377816,-1143.868786065378,-1141.4445654842968,-0.021104615107791335,0.019291050445822373,0.025002400034038263,-0.21311740487235664,0.0,0.06462287140651786,0.8745898706897564,0.9152172455310796,0.9653376639207989,0.9489804486650848,1.6237945193110774,0.912475244350117,0.5454172412800264,0.9075375800698939,7.53e-5,0.002175,0.30699999999999994,0.5872523687443223,0.02431150928848779,0.15656027897882563,0.7353981633974482
0.47501041536466077,0.0020997,1.0,0.7241274949597027,-1143.5467521342339,-1141.1081940039578,-0.02190711129850976,0.020721913554470194,0.03096860884374444,-0.2074225759155661,0.0,0.04420597522899857,0.8786392151110549,0.9148415555669634,0.9642142015857336,0.9486692759249389,1.620772876973017,0.913535829434658,0.551909286566238,0.9048160787096515,7.53e-5,0.002175,0.30699999999999994,0.5872523687443223,0.02432433031421237,0.1566018964228789,0.7603981633974483
0.4999999999999999,0.0020997,1.0,0.3546325522470397,-1143.371162758605,-1140.9234465326015,-0.02217139786722737,0.021615293348272297,0.03427038149091238,-0.20370012349592226,0.0,0.037069124860162714,0.881238427644957,0.9147972022403352,0.9634593365372586,0.9475065549568397,1.6186846873080354,0.9142414836200046,0.5574819715844909,0.9031575852068079,7.53e-5,0.002175,0.30699999999999994,0.5872523687443223,0.024346045562910503,0.1566723603995454,0.7853981633974483
0.5249895846353393,0.0020997,1.0,0.2775807218367845,-1143.3390229125107,-1140.8849206173963,-0.021921142807998742,0.02189088987600938,0.03470581622139227,-0.20006802942210392,0.0,0.04383713653011369,0.8827741911730861,0.9153551550885991,0.9630428116400802,0.9453579630350388,1.6178215151957096,0.9145448326279261,0.5615357502204786,0.9024518599320641,7.53e-5,0.002175,0.30699999999999994,0.5872523687443223,0.02436197981902227,0.15672404610020443,0.8103981633974483
0.5499167083234141,0.0020997,1.0,0.4967306711960191,-1143.4436511083022,-1140.994495592076,-0.021223379656019004,0.022009689162849823,0.03254245550833051,-0.2018351485200806,0.0,0.06058286686964907,0.8832338131595323,0.915442456608985,0.9627501560649402,0.9416976496928475,1.6197238606696494,0.9143808295951878,0.5646781966610971,0.9027023002812762,7.53e-5,0.002175,0.30699999999999994,0.5872523687443223,0.024382134341082832,0.15678939741188416,0.8353981633974483
0.5747190662367996,0.0020997,1.0,1.0297341845589472,-1143.7028320199568,-1141.2609973487574,-0.02005929605245528,0.02158718656033733,0.027859400350673462,-0.20195107107774235,0.0,0.09034993315177534,0.8832261051679295,0.9164189806244457,0.9627400680119013,0.936921175700634,1.6232910537072387,0.9138851108536453,0.5666055944235262,0.903781183536857,7.53e-5,0.002175,0.30699999999999994,0.5872523687443223,0.024399519143827212,0.15684574671900517,0.8603981633974482
0.5993346653975306,0.0020997,1.0,1.905166397445555,-1144.1232107355581,-1141.6987134552007,-0.01845394890005331,0.021152137209378637,0.021103248329149678,-0.20513339240393952,0.0,0.1311464331779331,0.882288418640649,0.9173431035277013,0.9628176298115516,0.930574934557642,1.6289036954606375,0.9130337617756881,0.5686463881162683,0.9058061081073903,7.53e-5,0.002175,0.30699999999999994,0.5872523687443223,0.02441996297384313,0.15691198620612312,0.8853981633974483
0.6237019796272614,0.0020997,1.0,3.1575064866337925,-1144.7210111366603,-1142.3248834997949,-0.016437708544728123,0.01938176087168526,0.011006152516406378,-0.20785778456676457,0.0,0.18473048483981613,0.8796667688954333,0.9189096302548205,0.9633794462545202,0.9237478594822242,1.6367184983400684,0.9119535143864366,0.5706281292449166,0.9089447804064292,7.53e-5,0.002175,0.30699999999999994,0.5872523687443223,0.024445728193208588,0.1569954288878962,0.9103981633974483
0.6477601033306698,0.0020997,1.0,4.821512891418479,-1145.5173124396756,-1143.1568867021872,-0.013909320722675853,0.01770772758354048,-0.0009394031318150095,-0.21457117984414462,0.0,0.24495700017246805,0.8761754755690232,0.9209487676303122,0.9638587533054437,0.9155240446807642,1.6446383629862198,0.9103672519276313,0.5701791929448222,0.9127097648763282,7.53e-5,0.002175,0.30699999999999994,0.5872523687443223,0.024456564738498342,0.1570305110808081,0.9353981633974483
0.6714489037277258,0.0020997,1.0,6.926451656691825,-1146.5173841570488,-1144.2093560848239,-0.010888144813244164,0.015745543653430248,-0.014419281222149603,-0.22145757065974195,0.0,0.31218142845757546,0.8709540757484193,0.9229389145389271,0.964672522927362,0.9063920994209431,1.6539485681337645,0.9089047494223356,0.5745925842176127,0.9178995506003735,7.53e-5,0.002175,0.30699999999999994,0.5872523687443223,0.024503645106785578,0.15718284099669086,0.9603981633974483
0.6947091711543253,0.0020997,1.0,9.491029367433384,-1147.7322616929416,-1145.4916449401946,-0.007698540315438773,0.013243089335601891,-0.029794709644896212,-0.22720629849138835,0.0,0.3910314158030547,0.8652162956007677,0.9264104553557782,0.9653117061245267,0.8956452592078183,1.6655446520423953,0.9071712696772962,0.5779850637367204,0.9234812802998734,7.53e-5,0.002175,0.30699999999999994,0.5872523687443223,0.02451733809721749,0.15722711828351912,0.9853981633974482
0.7174827670556151,0.0020997,1.0,12.520388249703046,-1149.1642368473795,-1147.0063243813295,-0.004082724401073908,0.009566970126940907,-0.04749783967310313,-0.2333055514023798,0.0,0.47264903503390016,0.8581920490242598,0.9309030470593883,0.965955759100075,0.8838686782943439,1.677644563683122,0.9053695867893179,0.5839135531306727,0.9299083790592388,7.53e-5,0.002175,0.30699999999999994,0.5872523687443223,0.02454076546267485,0.15730284444079695,1.0103981633974484
0.7397127693021015,0.0020997,1.0,16.003994525416147,-1150.8077701515206,-1148.748127519186,-0.00013224227993564264,0.006909013103127789,-0.06551741746536126,-0.24073449321270132,0.0,0.5588928394967545,0.8509924661942048,0.9348579578656678,0.9667940055901856,0.8715319812177771,1.6899050601419026,0.9037575220054805,0.59435975235212,0.9372669754114595,7.53e-5,0.002175,0.30699999999999994,0.5872523687443223,0.02457397174681622,0.15741011944194153,1.0353981633974483
0.26028723069789844,0.0021747000000000003,1.0,20.761380217965325,-1153.0409035435478,-1151.1268203654606,0.0030370035900608295,-0.003496211324581851,-0.09456743623879633,-0.3025976259725329,0.0,0.5430079148326681,0.8098023101201088,0.9373626033536322,1.00707137178089,0.9830065990429628,1.7058739862100882,0.8964752766964774,0.47189711238745874,0.9624295197168059,7.53e-5,0.0022500000000000003,0.30699999999999994,0.5872523687443223,0.024155818467224918,0.15605404521247365,0.5353981633974483
0.28251723294438486,0.0021747000000000003,1.0,16.750518119121352,-1151.1683864016456,-1149.1213893160386,-0.0009515004106696477,0.0002489341890494754,-0.07449566609675427,-0.29033003935445756,0.0,0.45430748927801645,0.8204160437283259,0.9316259422210718,1.0040336065139777,0.990779846448385,1.691092302846579,0.8987853602325901,0.4719497101677549,0.9530834789091085,7.53e-5,0.0022500000000000003,0.30699999999999994,0.5872523687443223,0.02418062370765433,0.15613480657514253,0.5603981633974483
0.3052908288456748,0.0021747000000000003,1.0,13.185008788564119,-1149.498518164477,-1147.33863465076,-0.004697849274666529,0.0038849043477486036,-0.05463003040920902,-0.2759176923059412,0.0,0.37156800836829473,0.8303910775732629,0.9269883124508623,1.0012303575077697,0.9981412691549449,1.6770954224519308,0.9010742813575334,0.4730757952468395,0.9443341441574441,7.53e-5,0.0022500000000000003,0.30699999999999994,0.5872523687443223,0.024196816389873418,0.15618750521935018,0.5853981633974483
0.3285510962722743,0.0021747000000000003,1.0,10.083483576349863,-1148.0374884631879,-1145.7878720446529,-0.008064461357625887,0.007360189652903691,-0.03673742302128454,-0.2691685191759699,0.0,0.29571163907164105,0.8398925649989195,0.9228423317319383,0.9988832923367368,1.0053424781786038,1.6649289427498348,0.9033944842296371,0.4772872835537437,0.9364711147465344,7.53e-5,0.0022500000000000003,0.30699999999999994,0.5872523687443223,0.024207754750826756,0.1562230940868965,0.6103981633974482
0.3522398966693302,0.0021747000000000003,1.0,7.448096035286653,-1146.8054179155888,-1144.4701782741213,-0.01099044685184015,0.010319037545856941,-0.01936376586975986,-0.25230871243453135,0.0,0.22358585612756673,0.8489787699853386,0.9201878187469725,0.9965912215277465,1.0113968279165837,1.6513719967227707,0.9055903375288287,0.48186663138551505,0.9291250784187379,7.53e-5,0.0022500000000000003,0.30699999999999994,0.5872523687443223,0.02423384975383575,0.15630796469842753,0.6353981633974483
0.3762980203727385,0.0021747000000000003,1.0,5.266285866917315,-1145.7764041872733,-1143.3792731899366,-0.013566253270268903,0.013665718698026666,-0.003861527714485871,-0.2442039338480063,0.0,0.16123930243275741,0.8572632879982222,0.9174746337422918,0.9945354391332932,1.0163951041337131,1.6407448072169823,0.9077532268696782,0.4877874571745494,0.9226744007386083,7.53e-5,0.0022500000000000003,0.30699999999999994,0.5872523687443223,0.024253865944561713,0.15637303456747073,0.6603981633974483
0.4006653346024694,0.0021747000000000003,1.0,3.512451751923436,-1144.945685202387,-1142.5023561324397,-0.015714517537222288,0.015664797327525928,0.008819357201960767,-0.23146208909490495,0.0,0.10742744392906071,0.863421837838822,0.9160791524198358,0.993111450579879,1.0213006943447782,1.6321110397620961,0.9097688544246528,0.4944217917914093,0.9174118333606053,7.53e-5,0.0022500000000000003,0.30699999999999994,0.5872523687443223,0.02427092866620076,0.15642848244678864,0.6853981633974483
0.42528093376320036,0.0021747000000000003,1.0,2.153378566293668,-1144.3057069812944,-1141.8228195396248,-0.01735313840963229,0.01781377093336529,0.020045748379565555,-0.22193816717988088,0.0,0.06574710811427886,0.8692894391872895,0.9151716332186767,0.9918311505976164,1.0247931768009475,1.6238606280506827,0.9115182723737945,0.5012360026911066,0.9129006931114054,7.53e-5,0.0022500000000000003,0.30699999999999994,0.5872523687443223,0.024293268953118823,0.15650105184382843,0.7103981633974483
0.4500832916765859,0.0021747000000000003,1.0,1.1530575425622374,-1143.8319169469664,-1141.322659027759,-0.018609269500812983,0.019756848249877855,0.02863660411576166,-0.2152774264969584,0.0,0.033438889022590554,0.8743244767954601,0.9144906292760316,0.9905043953447762,1.0261020825346807,1.6186754223136361,0.912953302602639,0.5078471319335174,0.9092332767188328,7.53e-5,0.0022500000000000003,0.30699999999999994,0.5872523687443223,0.02430497607500857,0.15653906785130442,0.7353981633974482
0.47501041536466077,0.0021747000000000003,1.0,0.47874363153869126,-1143.5132503078376,-1140.9855020722473,-0.0193719874692915,0.021066321515492353,0.03476990550072365,-0.2089605888274185,0.0,0.013960041255217515,0.8780100926513066,0.9143364229649698,0.9897723655364575,1.0271503591202784,1.6150580044684335,0.914014647637063,0.5127474588659127,0.9065786526251474,7.53e-5,0.0022500000000000003,0.30699999999999994,0.5872523687443223,0.024330652369481454,0.15662241407188404,0.7603981633974483
0.4999999999999999,0.0021747000000000003,1.0,0.10669212524089744,-1143.3409324906838,-1140.7994763190984,-0.01956972010174706,0.02206894592685001,0.038039067906377365,-0.20606597815394972,0.0,0.0058741007158129585,0.8806542880877686,0.9142850756050843,0.989050999838004,1.0262095434757925,1.6121506355105275,0.914677083235111,0.5168427503378601,0.9048363084509985,7.53e-5,0.0022500000000000003,0.30699999999999994,0.5872523687443223,0.024346095946495745,0.15667252385398975,0.7853981633974483
0.5249895846353393,0.0021747000000000003,1.0,0.025819896899065498,-1143.304729316494,-1140.7590402049275,-0.019403111938012352,0.022649703699346137,0.038663427356351865,-0.20420418716314226,0.0,0.010207877154861936,0.8826160233329028,0.9145052673545934,0.9885500164270439,1.0235635622609536,1.6128110653414314,0.9150163102369953,0.5220561667069252,0.9041017759540537,7.53e-5,0.0022500000000000003,0.30699999999999994,0.5872523687443223,0.02435660831142315,0.15670662446585287,0.8103981633974483
0.5499167083234141,0.0021747000000000003,1.0,0.23973999472718788,-1143.4107403502276,-1140.8660002538415,-0.018686239316504434,0.02264109136997985,0.036385899113831825,-0.20403375399314094,0.0,0.028873227850797375,0.8832970316149318,0.9149388525440676,0.9883245826334994,1.0195841012656544,1.6144630425045325,0.9150024029385577,0.5262413219183101,0.904441707155659,7.53e-5,0.0022500000000000003,0.30699999999999994,0.5872523687443223,0.02437303650681747,0.15675990082273808,0.8353981633974483
0.5747190662367996,0.0021747000000000003,1.0,0.7659570362488921,-1143.6641224136945,-1141.1291087746024,-0.017560053698778746,0.022301452549991288,0.03173388132855721,-0.20570504757968375,0.0,0.05801176294353724,0.8829363755023253,0.9156290600829913,0.9880779724820465,1.013756429914898,1.618291010202537,0.9144478325755983,0.5280591396599619,0.9054717499309988,7.53e-5,0.0022500000000000003,0.30699999999999994,0.5872523687443223,0.02439621168796113,0.15683502778058891,0.8603981633974482
0.5993346653975306,0.0021747000000000003,1.0,1.633335725959114,-1144.0808283046458,-1141.5627981194575,-0.015805454018265584,0.022515459624673162,0.024469541247624717,-0.22073378351900905,0.0,0.10369018728548393,0.8822287337307101,0.9149804440534154,0.9882613227193665,1.0074738657009226,1.6222464000992511,0.9134665223397949,0.5283354355468748,0.907535732752878,7.53e-5,0.0022500000000000003,0.30699999999999994,0.5872523687443223,0.024401269421881252,0.15685141880519718,0.8853981633974483
0.6237019796272614,0.0021747000000000003,1.0,2.8748127970106907,-1144.6775286748139,-1142.1835366549833,-0.013916270494144881,0.019662612697654947,0.014763014593036092,-0.20983609764776187,0.0,0.1520369941045491,0.8793782981519563,0.9186164797186595,0.9884035085852261,0.9986828385642341,1.6304205124812197,0.912335669860844,0.5298114621000092,0.9103871190247534,7.53e-5,0.0022500000000000003,0.30699999999999994,0.5872523687443223,0.024445284330055467,0.15699399176531467,0.9103981633974483
0.6477601033306698,0.0021747000000000003,1.0,4.526637430096798,-1145.4658975047955,-1143.0094489715264,-0.011439853178111447,0.01824044965691223,0.003080982002620043,-0.2163141998946618,0.0,0.21289862051821243,0.8763924117868374,0.9204025813934804,0.9885059042390609,0.988237666256238,1.639138912748531,0.910976383995738,0.5326855657365898,0.9142409759493628,7.53e-5,0.0022500000000000003,0.30699999999999994,0.5872523687443223,0.02446110936249552,0.15704522157492712,0.9353981633974483
0.6714489037277258,0.0021747000000000003,1.0,6.617402974181914,-1146.4552740592053,-1144.054831743569,-0.008578587823320707,0.015628635235818564,-0.01137059724635653,-0.2240349745261428,0.0,0.28236086780841435,0.8709584256110533,0.9229550731473937,0.9886291143375823,0.9762969328757987,1.6495294494473294,0.9094312754960878,0.5366121796407195,0.9191783670088489,7.53e-5,0.0022500000000000003,0.30699999999999994,0.5872523687443223,0.024482790558880637,0.1571153831111129,0.9603981633974483
0.6947091711543253,0.0021747000000000003,1.0,9.165920907267264,-1147.663202708943,-1145.3290907101116,-0.005348101906399122,0.01367862743117304,-0.026242141123846863,-0.23068863031249137,0.0,0.35917936312700244,0.8657657564262592,0.9258388922941219,0.9889150410392621,0.96362594118296,1.6606396409999107,0.9076368251745243,0.5404626962451307,0.9246707593228544,7.53e-5,0.0022500000000000003,0.30699999999999994,0.5872523687443223,0.02451370285954661,0.15721536465193084,0.9853981633974482
0.7174827670556151,0.0021747000000000003,1.0,12.177208854644505,-1149.0887662231894,-1146.8347346838002,-0.0017622943339705007,0.010018683411004599,-0.04385690372917984,-0.23487616419501045,0.0,0.4416355977340923,0.8590828083292935,0.9302331240116658,0.9891979824031829,0.9497336717911999,1.6720398404241248,0.9058812718670465,0.5468953178852481,0.9310612497124152,7.53e-5,0.0022500000000000003,0.30699999999999994,0.5872523687443223,0.02454055822760448,0.15730217473272062,1.0103981633974484
0.7397127693021015,0.0021747000000000003,1.0,15.640952602209381,-1150.7166494259263,-1148.5666065575826,0.002092767561362745,0.0073251295218061275,-0.06193790317884991,-0.24537241555216613,0.0,0.5282491974376764,0.8514487059435601,0.9340843164559329,0.989279046534947,0.9345144234765814,1.6850402636706558,0.9040461666295818,0.5547098635561492,0.9381477695458424,7.53e-5,0.0022500000000000003,0.30699999999999994,0.5872523687443223,0.02457274550222217,0.15740615923806822,1.0353981633974483
0.26028723069789844,0.0022497000000000003,1.0,20.701177339423793,-1152.9825219462764,-1151.0967189261899,0.005220527023911504,-0.005112642299708626,-0.09353380658387396,-0.30148626162952197,0.0,0.5171373628010659,0.8075477394116652,0.9363166783614799,1.0282487868043981,1.0466966302941785,1.6998021775030818,0.8969461730849455,0.44598155497703473,0.9640919497055374,7.53e-5,0.0023250000000000002,0.30699999999999994,0.5872523687443223,0.024145274776991254,0.15601970462259032,0.5353981633974483
0.28251723294438486,0.0022497000000000003,1.0,16.696227475623346,-1151.12771226693,-1149.0942439942896,0.0012382264516509428,-0.0002622366510770128,-0.07226557163987747,-0.28823907243256724,0.0,0.4302672468137624,0.8207056388428349,0.9307324072996374,1.0263353944581561,1.0588360654373985,1.684902462274613,0.8991098516568274,0.4424327111884103,0.9543412781497578,7.53e-5,0.0023250000000000002,0.30699999999999994,0.5872523687443223,0.024157987065779474,0.15606110738861914,0.5603981633974483
0.3052908288456748,0.0022497000000000003,1.0,13.137114507715978,-1149.4610162468484,-1147.314687510336,-0.002461273964867728,0.004003485068698493,-0.05256151731835072,-0.27955138038105354,0.0,0.3462792849618129,0.8310954822191438,0.925610016323727,1.024589105713553,1.0702674902730376,1.6718511409211598,0.9013718190402678,0.44288810875719214,0.9456506545390481,7.53e-5,0.0023250000000000002,0.30699999999999994,0.5872523687443223,0.02418433124966183,0.1561468741883837,0.5853981633974483
0.3285510962722743,0.0022497000000000003,1.0,10.041830464183931,-1148.0144641493173,-1145.76704548857,-0.0056644340203624724,0.006875942378844933,-0.0336729971079606,-0.2634340858683878,0.0,0.2676866484981613,0.8395895572150225,0.9230456414220449,1.0228758483822042,1.0801642227798587,1.657471346635914,0.9037900108097104,0.44636569011098953,0.9380047608979472,7.53e-5,0.0023250000000000002,0.30699999999999994,0.5872523687443223,0.024212364466900102,0.1562380898331784,0.6103981633974482
0.3522398966693302,0.0022497000000000003,1.0,7.412689930698889,-1146.7804185666823,-1144.4524752218274,-0.008642144132832768,0.010612257296877885,-0.016175971929278683,-0.2528778832827527,0.0,0.19569770961679572,0.8490259091876012,0.9195966849208561,1.0213996769721991,1.0893062081133362,1.6462915956439905,0.9061101166642163,0.4505755056983306,0.9308535096729857,7.53e-5,0.0023250000000000002,0.30699999999999994,0.5872523687443223,0.024232961550717698,0.1563050766657773,0.6353981633974483
0.3762980203727385,0.0022497000000000003,1.0,5.236200844350151,-1145.757676712712,-1143.364230678653,-0.011176779591401708,0.013579085419095218,-0.0009364391481466933,-0.242720201756015,0.0,0.1336756469207677,0.8567527656410954,0.9173758461218661,1.0199766831654533,1.0970175434695089,1.635422951462639,0.9082274706579841,0.4546689033734312,0.9244971864862683,7.53e-5,0.0023250000000000002,0.30699999999999994,0.5872523687443223,0.02424501022926336,0.15634424909200442,0.6603981633974483
0.4006653346024694,0.0022497000000000003,1.0,3.486856434517904,-1144.9353508192307,-1142.489558473737,-0.013292174562984744,0.015985114185058005,0.012440552093204686,-0.2310226829519328,0.0,0.07969291578445595,0.8632081003863978,0.9161747387592738,1.0186412712633137,1.1029129612905977,1.626028022087187,0.9102537669001897,0.46042896357804064,0.9190988686056667,7.53e-5,0.0023250000000000002,0.30699999999999994,0.5872523687443223,0.024268991153552428,0.15642218716487571,0.6853981633974483
0.42528093376320036,0.0022497000000000003,1.0,2.130986086833218,-1144.2974293018763,-1141.8116232998946,-0.014954253711033986,0.018488301191787834,0.02354931358640116,-0.2234174762549161,0.0,0.03597247891423631,0.8694887464905942,0.9148759161638633,1.0176095363917352,1.107713445550214,1.6187412050253425,0.9119318745150012,0.4659873954606083,0.9145233260346175,7.53e-5,0.0023250000000000002,0.30699999999999994,0.5872523687443223,0.024284177720217688,0.15647152413267892,0.7103981633974483
0.4500832916765859,0.0022497000000000003,1.0,1.132348346463914,-1143.829065946714,-1141.31230442971,-0.01610780836807862,0.02025516906318549,0.0323211748276286,-0.216761204956372,0.0,0.00476295121078792,0.8741678905882538,0.9144140881348329,1.016775068695444,1.110903030618136,1.6123918914591018,0.9133986012036996,0.47138188964605304,0.9109860448644154,7.53e-5,0.0023250000000000002,0.30699999999999994,0.5872523687443223,0.02430327495672611,0.15653354444129694,0.7353981633974482
0.47501041536466077,0.0022497000000000003,1.0,0.4581667974944139,-1143.5118298869022,-1140.9752136552252,-0.01689463900272585,0.021812052215237673,0.03864790897685137,-0.2106420119735662,0.0,-0.015222819903073,0.8780874713472478,0.9142259126923393,1.0160119165460104,1.1119105405286809,1.6093035957430224,0.9145190989483973,0.47689979318623,0.9083287355712875,7.53e-5,0.0023250000000000002,0.30699999999999994,0.5872523687443223,0.024324725249471154,0.1566031782250707,0.7603981633974483
0.4999999999999999,0.0022497000000000003,1.0,0.08444615695952962,-1143.3412425016,-1140.7883533349577,-0.017184944236343168,0.022634700245482454,0.04184293695408579,-0.20571285870780184,0.0,-0.021457553229587985,0.881232852630725,0.9145233520105664,1.0154057236746539,1.1112905538737594,1.6072354536821403,0.9151521362152946,0.48028430022684826,0.9063939778053459,7.53e-5,0.0023250000000000002,0.30699999999999994,0.5872523687443223,0.02433442672242549,0.1566346621482161,0.7853981633974483
0.5249895846353393,0.0022497000000000003,1.0,0.0,-1143.3060217977527,-1140.746130256478,-0.016957761364245226,0.02320159468485075,0.04259069687215533,-0.2038530590200654,0.0,-0.016711229969537608,0.8829636836206007,0.9147744064146985,1.0150016920030636,1.1088886494194439,1.6070388651469982,0.9154584899100418,0.48393502184451953,0.9057098843651954,7.53e-5,0.0023250000000000002,0.30699999999999994,0.5872523687443223,0.024354685416378592,0.1567003874049797,0.8103981633974483
0.5499167083234141,0.0022497000000000003,1.0,0.20836614011886923,-1143.4071270969303,-1140.8503133265374,-0.01631135917095429,0.02348453982047358,0.040541002136137864,-0.20488748654611,0.0,-8.793114900465396e-5,0.8836728365703417,0.9148626418171089,1.0145668944935253,1.10402275746452,1.6097094757738732,0.9153656771763694,0.4873881877760992,0.9059284918930512,7.53e-5,0.0023250000000000002,0.30699999999999994,0.5872523687443223,0.024373868789393672,0.15676259943491405,0.8353981633974483
0.5747190662367996,0.0022497000000000003,1.0,0.7268580225595542,-1143.6607861829089,-1141.1095592677577,-0.015181926937231026,0.022882012013134542,0.0358228211802794,-0.2046492719539997,0.0,0.030447490684043108,0.8834980243061749,0.9159549517221655,1.014426751633003,1.0979109397036386,1.6131623864748605,0.9148931258657391,0.4896309590872513,0.9069922067984013,7.53e-5,0.0023250000000000002,0.30699999999999994,0.5872523687443223,0.024392587158707967,0.15682328044416893,0.8603981633974482
0.5993346653975306,0.0022497000000000003,1.0,1.5838960209630386,-1144.0720002435005,-1141.5380782669595,-0.013644509483482212,0.02195955965418087,0.02804892173011119,-0.20833135324923968,0.0,0.07282630333834265,0.882149946838305,0.9167600175963253,1.0141377751842413,1.0893381582969137,1.6190333341527003,0.9139369726236981,0.4903377653498019,0.9089170392373017,7.53e-5,0.0023250000000000002,0.30699999999999994,0.5872523687443223,0.024406975012661876,0.15686990740622928,0.8853981633974483
0.6237019796272614,0.0022497000000000003,1.0,2.813654290921477,-1144.6611626075633,-1142.1529574019387,-0.011552392932489192,0.020900145440936525,0.019028453379331896,-0.21386409391591607,0.0,0.12372487692908826,0.8797067742957674,0.9181140381632803,1.014149817723048,1.0794536158763033,1.6256945287245106,0.9128827849140382,0.4937093305674113,0.9120207801203637,7.53e-5,0.0023250000000000002,0.30699999999999994,0.5872523687443223,0.02443576811682929,0.1569631774856844,0.9103981633974483
0.6477601033306698,0.0022497000000000003,1.0,4.450831419251244,-1145.4433247969032,-1142.9715459661036,-0.009107293065319105,0.01881286709233818,0.00678573942578894,-0.21723598479989673,0.0,0.1845226992336361,0.876438615307882,0.9201815951353318,1.0140864306547466,1.0676016020662362,1.6342831439588923,0.9114562052405311,0.49588332264173995,0.9158000446918783,7.53e-5,0.0023250000000000002,0.30699999999999994,0.5872523687443223,0.024469547429008334,0.15707253122093767,0.9353981633974483
0.6714489037277258,0.0022497000000000003,1.0,6.524530980420423,-1146.4313843511138,-1144.0083957466882,-0.006308585251901579,0.01617398306081098,-0.007503748030256175,-0.22048823221478503,0.0,0.25477882420041614,0.8721178120159911,0.9231714673937093,1.0140628149046336,1.0541656036529359,1.6444761362074127,0.9098819366709414,0.499166432884137,0.9204421464882417,7.53e-5,0.0023250000000000002,0.30699999999999994,0.5872523687443223,0.024489093683359983,0.15713577468342665,0.9603981633974483
0.6947091711543253,0.0022497000000000003,1.0,9.053632850580925,-1147.627581912561,-1145.2729466817684,-0.003125785438964802,0.013653122274059242,-0.023256427295221288,-0.22928526809617955,0.0,0.3324590935587715,0.8664683411372578,0.9259634765446806,1.0140887264346856,1.0396024913770798,1.656073239763578,0.9080875702372924,0.5029862289495073,0.9259399385136192,7.53e-5,0.0023250000000000002,0.30699999999999994,0.5872523687443223,0.024513633702286822,0.1572151410409974,0.9853981633974482
0.7174827670556151,0.0022497000000000003,1.0,12.043185019028442,-1149.0408811760303,-1146.7677227659922,0.000439773992054729,0.010653230886895326,-0.04035892875277344,-0.23494689301261398,0.0,0.41579564068148805,0.8593263130716364,0.9300663896551065,1.0137929689206082,1.0226299245318848,1.6675477765456796,0.9064391446744348,0.5113691006822813,0.932441003707029,7.53e-5,0.0023250000000000002,0.30699999999999994,0.5872523687443223,0.024544808682891103,0.15731591010068152,1.0103981633974484
0.7397127693021015,0.0022497000000000003,1.0,15.482776445798663,-1150.6649555119816,-1148.4875184793773,0.004297139747515864,0.006654357139995795,-0.05903724212374667,-0.24030995525656276,0.0,0.5038236084523081,0.8517109145229751,0.9348517736382652,1.013566208021801,1.005174623322472,1.679430127483264,0.9045989778866486,0.5189116627836812,0.9394643354042249,7.53e-5,0.0023250000000000002,0.30699999999999994,0.5872523687443223,0.02456117661578929,0.1573687923341245,1.0353981633974483
0.26028723069789844,0.0023247000000000003,1.0,20.83561725074742,-1152.968041799093,-1151.1639388818517,0.0073897855726789315,-0.004777586698210309,-0.09068420905000282,-0.30227094896696644,0.0,0.49095367357000047,0.808011990708662,0.9356539039103972,1.0510133531929073,1.1180720544794225,1.6938284397583558,0.897257863350808,0.41860761309748995,0.9654898910493257,7.53e-5,0.0024000000000000002,0.30699999999999994,0.5872523687443223,0.02414111563914842,0.1560061563820571,0.5353981633974483
0.28251723294438486,0.0023247000000000003,1.0,16.843476203373484,-1151.1126963820009,-1149.1678683581647,0.0035364321030962385,-0.0002303716464977115,-0.07016754830311314,-0.29090174158518584,0.0,0.4053403714481092,0.8194004708053886,0.9303983237130489,1.0496370272690576,1.1327510003943446,1.678339214038397,0.8995870929095331,0.41725679087277356,0.9562080861083706,7.53e-5,0.0024000000000000002,0.30699999999999994,0.5872523687443223,0.024170337384452283,0.156101321077945,0.5603981633974483
0.3052908288456748,0.0023247000000000003,1.0,13.296463519506233,-1149.4589130197394,-1147.394362016231,-5.663108795805884e-5,0.003827324534114434,-0.04945647273498079,-0.2776046755422952,0.0,0.3196099312967621,0.8300148527562025,0.9261751172207083,1.0487352368184795,1.1480535309641935,1.6639300495497578,0.9018080670154499,0.4158536038871348,0.9474711118949777,7.53e-5,0.0024000000000000002,0.30699999999999994,0.5872523687443223,0.024184619727140907,0.15614781311082768,0.5853981633974483
0.3285510962722743,0.0023247000000000003,1.0,10.212512479513407,-1148.013769611341,-1145.8523864962347,-0.0033733994706098068,0.0074677793563851895,-0.030252721520618624,-0.26600736542587106,0.0,0.2402719325087895,0.8395990112644254,0.922499790453565,1.0476357366861073,1.1611312767723452,1.6516163290097903,0.9041289068386267,0.41647913563258354,0.9396034075573114,7.53e-5,0.0024000000000000002,0.30699999999999994,0.5872523687443223,0.024212523776158533,0.15623860805305553,0.6103981633974482
0.3522398966693302,0.0023247000000000003,1.0,7.593262046718337,-1146.7906921969561,-1144.5427612798371,-0.006288872549700001,0.011027809858803377,-0.012566161138035076,-0.2545607184257206,0.0,0.16899250194687626,0.8489851163221008,0.9195997373638681,1.0462812855538017,1.17177762820757,1.639383842184825,0.9064079059199875,0.4197206157051259,0.9323006542015859,7.53e-5,0.0024000000000000002,0.30699999999999994,0.5872523687443223,0.024227809780417126,0.15628832443343613,0.6353981633974483
0.3762980203727385,0.0023247000000000003,1.0,5.425261092979781,-1145.7681508142643,-1143.4587608029678,-0.008891921671999991,0.01418278009080171,0.002734424601644115,-0.24507655047611024,0.0,0.10511863906014442,0.8568447882633787,0.9170571640394201,1.0452963962945714,1.1815048842125782,1.6302190971531214,0.908632523570055,0.42417371501926293,0.9260958505967326,7.53e-5,0.0024000000000000002,0.30699999999999994,0.5872523687443223,0.02424478421143861,0.15634351435467408,0.6603981633974483
0.4006653346024694,0.0023247000000000003,1.0,3.6827162191270872,-1144.951052694541,-1142.5874883660415,-0.010941574504320284,0.017025555993803548,0.016309128012745124,-0.23526696591471932,0.0,0.050338343154341325,0.86400476894521,0.915431078622168,1.0443907867831912,1.1895133316481172,1.620805946319614,0.9106174561673847,0.42887223852462286,0.9206925234928398,7.53e-5,0.0024000000000000002,0.30699999999999994,0.5872523687443223,0.024264612433076465,0.15640795911383218,0.6853981633974483
0.42528093376320036,0.0023247000000000003,1.0,2.331717582770125,-1144.315490318899,-1141.911989047863,-0.012649080080486803,0.019029687994241047,0.027496786705506357,-0.22439610057244044,0.0,0.009977523083427496,0.8695090425589127,0.9149182911602128,1.0436809612671818,1.1958467272800373,1.6135666115449157,0.9123757003079089,0.433456731525374,0.9162005685974766,7.53e-5,0.0024000000000000002,0.30699999999999994,0.5872523687443223,0.024285240448609732,0.15647497608095484,0.7103981633974483
0.4500832916765859,0.0023247000000000003,1.0,1.3361496314660144,-1143.8480428557614,-1141.414205072211,-0.013868427895657684,0.021363094072354004,0.036226404924012946,-0.21966734038812427,0.0,-0.02431553312781835,0.8747660632466303,0.9137285561219085,1.0427125952310619,1.1989216170006554,1.608475526859171,0.9138642081210191,0.43956360090104407,0.9125867599239428,7.53e-5,0.0024000000000000002,0.30699999999999994,0.5872523687443223,0.02430057423660006,0.15652477500804804,0.7353981633974482
0.47501041536466077,0.0023247000000000003,1.0,0.6628063550297156,-1143.5350706969512,-1141.0775334339928,-0.01461519528942777,0.022727686220763623,0.042450743242316416,-0.2128155245019059,0.0,-0.043746988921608526,0.8786917931240057,0.9138203535131982,1.0420920861616885,1.2006055958477493,1.6047155817268677,0.9150280518822373,0.44422996982133534,0.9099426996240457,7.53e-5,0.0024000000000000002,0.30699999999999994,0.5872523687443223,0.024316671429654987,0.15657703673441745,0.7603981633974483
0.4999999999999999,0.0023247000000000003,1.0,0.2876867354721071,-1143.3626498623737,-1140.889973624214,-0.014869744353338847,0.023648337121989924,0.0461001825777176,-0.20801911808497447,0.0,-0.050519932501829935,0.8812898455609722,0.9141774859751659,1.0416598099149588,1.200504279614914,1.6026759016475354,0.9156976011444478,0.4476151216923055,0.9082464131273693,7.53e-5,0.0024000000000000002,0.30699999999999994,0.5872523687443223,0.024339644477656516,0.15665159265501627,0.7853981633974483
0.5249895846353393,0.0023247000000000003,1.0,0.19962560156545806,-1143.325282745747,-1140.8459430572607,-0.014749406646142611,0.024367788742720668,0.047101986517650976,-0.20636229395475184,0.0,-0.0445172415330622,0.8831947530391769,0.9143359693231786,1.0411368641538106,1.1974553874932403,1.6034857774081939,0.9160526741308797,0.4510966662210122,0.9074334330920832,7.53e-5,0.0024000000000000002,0.30699999999999994,0.5872523687443223,0.024361088427945033,0.1567211551439989,0.8103981633974483
0.5499167083234141,0.0023247000000000003,1.0,0.4018266596499416,-1143.4315645134927,-1140.947043586303,-0.01402624816751247,0.024243464916802678,0.044660979860408595,-0.20570843229733926,0.0,-0.02839186584254804,0.8842904055996225,0.9149654277794016,1.0408233509449443,1.1930124367741188,1.6045550561261401,0.915779422702127,0.45286743695931,0.9073645420002798,7.53e-5,0.0024000000000000002,0.30699999999999994,0.5872523687443223,0.02436721683060581,0.15674102971519874,0.8353981633974483
0.5747190662367996,0.0023247000000000003,1.0,0.911811898916767,-1143.6786826823732,-1141.2020362059363,-0.012886122480110437,0.024132450552980904,0.039313165003571036,-0.21131268543216572,0.0,0.005076427766907323,0.8841291621321001,0.914787062838109,1.0404873295796377,1.1855852697470963,1.6083433246938668,0.9153954126710551,0.45567327779323674,0.9086072307963228,7.53e-5,0.0024000000000000002,0.30699999999999994,0.5872523687443223,0.024380372502206357,0.15678368567608528,0.8603981633974482
0.5993346653975306,0.0023247000000000003,1.0,1.7573896080025406,-1144.090615684114,-1141.6248250604792,-0.01130816698035994,0.022779522074812972,0.03261830489272346,-0.20903418852849454,0.0,0.043819169132476944,0.8826473343038996,0.9169367623353929,1.0402083143631484,1.1761953726880825,1.613616532571014,0.9144493671030234,0.45771657383708225,0.9105019533844889,7.53e-5,0.0024000000000000002,0.30699999999999994,0.5872523687443223,0.02441057130625636,0.15688155988244984,0.8853981633974483
0.6237019796272614,0.0023247000000000003,1.0,2.973149650790674,-1144.675179754734,-1142.2327050818733,-0.009300189462817262,0.02120855588043031,0.022962101131386532,-0.21099870548426716,0.0,0.09758170149246231,0.8800423697052677,0.9187123555378727,1.0400145439186992,1.164825827919472,1.6204719132516179,0.9133565578439982,0.4594645222556463,0.9134791175040554,7.53e-5,0.0024000000000000002,0.30699999999999994,0.5872523687443223,0.024441010299330535,0.1569801528264729,0.9103981633974483
0.6477601033306698,0.0023247000000000003,1.0,4.593610646423258,-1145.4503439439468,-1143.0429355796896,-0.006923043277226648,0.019563387235713964,0.01057847600401664,-0.21735865762829523,0.0,0.15807534780347848,0.8771209571874967,0.920228443422817,1.0396589939494205,1.1511227738119962,1.6297255920644282,0.9118906115152197,0.4615362487828216,0.9171420274854414,7.53e-5,0.0024000000000000002,0.30699999999999994,0.5872523687443223,0.024459333904009586,0.1570394747516641,0.9353981633974483
0.6714489037277258,0.0023247000000000003,1.0,6.6477802702352164,-1146.4302043607424,-1144.0700203915956,-0.00404710254731965,0.01702804775019291,-0.0037366933250279843,-0.2240186389982903,0.0,0.2270340118016113,0.8723570753322014,0.9227163792011275,1.0393960933906365,1.1358882093281046,1.639066480341964,0.9102563103587111,0.4650607369814597,0.9218418107395093,7.53e-5,0.0024000000000000002,0.30699999999999994,0.5872523687443223,0.02449010814626389,0.1571390563871473,0.9603981633974483
0.6947091711543253,0.0023247000000000003,1.0,9.154523139963203,-1147.6221375157886,-1145.3233918264596,-0.0008553625111654419,0.014598664194331857,-0.020336022780560348,-0.22927943900679182,0.0,0.3075030598356498,0.8662112481305226,0.9258509480140635,1.038792572931811,1.1179053856509065,1.6495714003281194,0.9085606502742641,0.47019052437859543,0.927448110861147,7.53e-5,0.0024000000000000002,0.30699999999999994,0.5872523687443223,0.024507872866112324,0.1571965130526469,0.9853981633974482
0.7174827670556151,0.0023247000000000003,1.0,12.118942275778409,-1149.0250378475876,-1146.8056013943672,0.002626386879001139,0.010779352708285119,-0.03727068547385845,-0.2353999985390085,0.0,0.39034578484999705,0.8597898435455891,0.9301413442331244,1.0384790463659321,1.099551483898151,1.6622548354283513,0.906846736587786,0.47705323051345794,0.9337366476962703,7.53e-5,0.0024000000000000002,0.30699999999999994,0.5872523687443223,0.024542372265240142,0.15730803694642878,1.0103981633974484
0.7397127693021015,0.0023247000000000003,1.0,15.53084877335823,-1150.6387507515185,-1148.511554643157,0.006339049815319394,0.007472093032074546,-0.05600495561311716,-0.24184774154182184,0.0,0.47859418217401134,0.8530110208312103,0.9344551758523878,1.037534061809455,1.0783286677480428,1.6756432100653704,0.9051090127154495,0.48624756106173983,0.9406039690394721,7.53e-5,0.0024000000000000002,0.30699999999999994,0.5872523687443223,0.024563443133089183,0.1573761137432048,1.0353981633974483
0.26028723069789844,0.0023997000000000003,1.0,21.177357462172495,-1152.9785079690505,-1151.3348089875642,0.009378782767008379,-0.004725032504241974,-0.08853821156927857,-0.3040674610220165,0.0,0.4688722769149587,0.8078791230863196,0.9352571157778105,1.07421723632573,1.1938641551519469,1.6896109725598232,0.8975752123888168,0.3936294380253427,0.9668770899699984,7.53e-5,0.002475,0.30699999999999994,0.5872523687443223,0.02414020538854113,0.15600319112194286,0.5353981633974483
0.28251723294438486,0.0023997000000000003,1.0,17.202614585349238,-1151.129099518302,-1149.3474375491526,0.005594449770822026,-0.0003700881595674293,-0.06700574312821811,-0.2913449230645963,0.0,0.38081686192828657,0.8189578538834094,0.9306052144772609,1.0736343087079805,1.2125127125047328,1.673807730670359,0.8998789148375059,0.39064716634750796,0.9576863484942637,7.53e-5,0.002475,0.30699999999999994,0.5872523687443223,0.0241621880477106,0.15607478726830798,0.5603981633974483
0.3052908288456748,0.0023997000000000003,1.0,13.671772665486515,-1149.480352295969,-1147.5820165892212,0.0019471098946359804,0.004329264571196205,-0.047576390340767875,-0.28010144719616825,0.0,0.2932456135681269,0.8304988600058107,0.9253274999018303,1.0729100112980374,1.2294586966538275,1.6610536603271322,0.9022521900538627,0.3903135870804525,0.9489837474648064,7.53e-5,0.002475,0.30699999999999994,0.5872523687443223,0.0241934618538591,0.15617658938559167,0.5853981633974483
0.3285510962722743,0.0023997000000000003,1.0,10.602263752255112,-1148.0487668352714,-1146.0472621326055,-0.0012696419470972279,0.008446973718562855,-0.02707100703173223,-0.2733109962019348,0.0,0.21593028660319732,0.8415139523903464,0.9214302352863167,1.0721395481657554,1.245094299100201,1.6472203785026878,0.9045270926110178,0.3901693341780858,0.940842630420547,7.53e-5,0.002475,0.30699999999999994,0.5872523687443223,0.024196730097424575,0.15618722442850386,0.6103981633974482
0.3522398966693302,0.0023997000000000003,1.0,7.995266082486069,-1146.8215199072158,-1144.743763297721,-0.004171058331329768,0.011416503475661501,-0.009187114031136714,-0.25528076863341925,0.0,0.14529170950200485,0.8484942018012266,0.9194872967750367,1.0715015818389355,1.258933316858067,1.6351900014910057,0.9068415176997329,0.3927081592907268,0.9340237122155726,7.53e-5,0.002475,0.30699999999999994,0.5872523687443223,0.024234261032256482,0.15630930197135046,0.6353981633974483
0.3762980203727385,0.0023997000000000003,1.0,5.837849918700613,-1145.8060052511394,-1143.6650552158283,-0.006709118928054926,0.014713261482349329,0.004938745762473109,-0.2468834343970495,0.0,0.07925269368016127,0.8565485203358648,0.9163485358496901,1.0706213618604272,1.270000188064208,1.6255496587036622,0.909102759582843,0.39705366039021645,0.927837281174263,7.53e-5,0.002475,0.30699999999999994,0.5872523687443223,0.02424740365826715,0.1563520294311104,0.6603981633974483
0.4006653346024694,0.0023997000000000003,1.0,4.103714065315216,-1144.9948888723166,-1142.7979872891356,-0.008740117237285938,0.017813517901804674,0.02047292443974153,-0.24058460655597408,0.0,0.02448319243928927,0.8642627931429309,0.9150310880483923,1.0699483002013477,1.2797790915537761,1.6160006249503311,0.9110385543813875,0.400517080840627,0.922273210178892,7.53e-5,0.002475,0.30699999999999994,0.5872523687443223,0.02426325605968128,0.1564035515107524,0.6853981633974483
0.42528093376320036,0.0023997000000000003,1.0,2.7587731773114683,-1144.3655946526974,-1142.1255168451337,-0.010402472571175018,0.01973050279914638,0.03156505763528148,-0.22575989051729148,0.0,-0.01742590257380161,0.869563741150609,0.9148879431484553,1.0693087438856004,1.286874462080722,1.608172902004661,0.9128419895980566,0.40508821367695697,0.9178293379614688,7.53e-5,0.002475,0.30699999999999994,0.5872523687443223,0.024285983878501092,0.1564773908418885,0.7103981633974483
0.4500832916765859,0.0023997000000000003,1.0,1.7669099579043177,-1143.9004408776186,-1141.62958523543,-0.011646264061595982,0.0217622425104639,0.0399609344723551,-0.2201530832948634,0.0,-0.05008487899141745,0.8748609372723426,0.9139722510964248,1.0686597445178294,1.2914871947428934,1.6032017289527007,0.9143269374186858,0.4094901994501464,0.9141877356178045,7.53e-5,0.002475,0.30699999999999994,0.5872523687443223,0.02429368191711237,0.1565023929950886,0.7353981633974482
0.47501041536466077,0.0023997000000000003,1.0,1.094897493661847,-1143.586239156408,-1141.2935790033089,-0.012391707319727906,0.023421671447761843,0.046479405974356375,-0.21594707268652205,0.0,-0.07088857854105403,0.8787521996369716,0.9136233489140736,1.068132439594042,1.2938373159589263,1.5997881726337226,0.9154479791893174,0.4141623578110717,0.9115164577555988,7.53e-5,0.002475,0.30699999999999994,0.5872523687443223,0.024313487926304115,0.15656670239619686,0.7603981633974483
0.4999999999999999,0.0023997000000000003,1.0,0.7184760441932667,-1143.4165910704942,-1141.1053682785746,-0.012628312068210494,0.024425186258776613,0.050078245869601155,-0.2106889284174145,0.0,-0.07784598361718566,0.8814176358857945,0.9139695682611764,1.067621437241852,1.293503492545525,1.597235401386948,0.9161205217572135,0.41775738374598526,0.9098026482614068,7.53e-5,0.002475,0.30699999999999994,0.5872523687443223,0.024335677920091593,0.15663872218002886,0.7853981633974483
0.5249895846353393,0.0023997000000000003,1.0,0.6263646789575432,-1143.3811097707605,-1141.0593125959567,-0.012496375300024861,0.024834650249198027,0.0508373002893895,-0.2057334309608667,0.0,-0.07168152254767286,0.8834005896257042,0.9146928729931008,1.0671557225997244,1.2904729537164115,1.5979573650029728,0.9164395353453219,0.4205075487151548,0.9089347532836743,7.53e-5,0.002475,0.30699999999999994,0.5872523687443223,0.02435235838292169,0.15669283916840326,0.8103981633974483
0.5499167083234141,0.0023997000000000003,1.0,0.8218235506801648,-1143.484489152234,-1141.157042031818,-0.011803274867406031,0.024835293883974305,0.0484416464264948,-0.2053787110312994,0.0,-0.05280126067406001,0.8843675885196054,0.9151826975126871,1.0667681796672637,1.2850035757662663,1.599286165286049,0.9164039332251279,0.42357597326223634,0.9090821496528636,7.53e-5,0.002475,0.30699999999999994,0.5872523687443223,0.024364268259517097,0.15673146772572533,0.8353981633974483
0.5747190662367996,0.0023997000000000003,1.0,1.3220224609531215,-1143.7310310883888,-1141.4071414869545,-0.01068538263386802,0.02442828753732221,0.04391660915411372,-0.20678458145150097,0.0,-0.023259356072621678,0.8839928350521113,0.9159166008536812,1.0663680887719453,1.2771390581687203,1.6028559916808711,0.9157843407587328,0.4244107563371655,0.9100458242874385,7.53e-5,0.002475,0.30699999999999994,0.5872523687443223,0.024390700105706264,0.15681716404509466,0.8603981633974482
0.5993346653975306,0.0023997000000000003,1.0,2.15510588997995,-1144.1338344525398,-1141.823683201468,-0.009154973469427327,0.023687544786601566,0.03656856345046839,-0.211272545829475,0.0,0.018301576819266883,0.8826903379189132,0.9165949809172352,1.0658699352179335,1.2660537903847173,1.6091385769832516,0.9150118475603081,0.42762195994540547,0.9121087616744736,7.53e-5,0.002475,0.30699999999999994,0.5872523687443223,0.02441807277699829,0.15690586296616274,0.8853981633974483
0.6237019796272614,0.0023997000000000003,1.0,3.3551360928613576,-1144.7150637508807,-1142.4236983029086,-0.007184423328375343,0.02198266490697937,0.027011764255221008,-0.2123351942503459,0.0,0.07033868303094615,0.8804922122890759,0.9185920309370574,1.0655556579443242,1.2534771260132613,1.616237121254477,0.9138019002906514,0.42897723062852033,0.9148666363226801,7.53e-5,0.002475,0.30699999999999994,0.5872523687443223,0.024438430757414885,0.15697179992379573,0.9103981633974483
0.6477601033306698,0.0023997000000000003,1.0,4.9567434659379614,-1145.4834168000534,-1143.224501989447,-0.004747337430353369,0.01998276660223477,0.013603729708814334,-0.22078394911441376,0.0,0.13189744711355855,0.8767682642144421,0.9197786352784283,1.0648818874947539,1.2373441996351233,1.6248827983093013,0.9125070496219186,0.43243356635590685,0.9188321187832162,7.53e-5,0.002475,0.30699999999999994,0.5872523687443223,0.02446242802170182,0.15704948969374405,0.9353981633974483
0.6714489037277258,0.0023997000000000003,1.0,6.988742427276975,-1146.461745745584,-1144.2405014701164,-0.0019280263856038373,0.017615935362332184,0.0006970384374575248,-0.2228025838329387,0.0,0.20530781492581995,0.8726081328340507,0.9231679945334418,1.0642787013527077,1.2197616765351966,1.6339130619661768,0.9107830519511485,0.43548785091629716,0.9232437810291794,7.53e-5,0.002475,0.30699999999999994,0.5872523687443223,0.024491627316629936,0.15714397065391816,0.9603981633974483
0.6947091711543253,0.0023997000000000003,1.0,9.4701798654728,-1147.6448502190192,-1145.4812201892144,0.0011419890292415527,0.014500427318742784,-0.017077766046317198,-0.22849338430155486,0.0,0.28217150590382467,0.8674209868122368,0.9258927030843529,1.0635414371636107,1.2000218716638305,1.6458162316488474,0.9090678428897544,0.4399632359698172,0.9286334573621614,7.53e-5,0.002475,0.30699999999999994,0.5872523687443223,0.024512732135771893,0.15721222591572684,0.9853981633974482
0.7174827670556151,0.0023997000000000003,1.0,12.406075880880508,-1149.042043779258,-1146.9491681969182,0.004629720674521893,0.01130418464542927,-0.03434487392716922,-0.23559870813053013,0.0,0.36598605159505093,0.8605086829711039,0.9300327372303907,1.0624249246830506,1.1776685517869834,1.6577333496361115,0.9073463970941259,0.44756419527298386,0.9348930719007658,7.53e-5,0.002475,0.30699999999999994,0.5872523687443223,0.0245455100074057,0.15731817632299896,1.0103981633974484
0.7397127693021015,0.0023997000000000003,1.0,15.786141906422017,-1150.6451236797734,-1148.639201209689,0.008352269861857426,0.0077298964641927485,-0.05354867098779104,-0.24317892975869004,0.0,0.4536413849842663,0.8536878466307453,0.9338348766633763,1.061338565142694,1.1546388450647167,1.6709143039723542,0.9054677138418175,0.4551875301597023,0.941666914690465,7.53e-5,0.002475,0.30699999999999994,0.5872523687443223,0.024565545260148952,0.15738290383701162,1.0353981633974483
0.26028723069789844,0.0024747000000000003,1.0,21.73213879387322,-1153.0418884075236,-1151.6121996534146,0.011458093470702403,-0.003922498425898994,-0.08458491199481609,-0.3110763578572576,0.0,0.44336049654461746,0.8086987025371799,0.9349389630440273,1.097092271419165,1.2724007096547456,1.68348519187027,0.89774881612574,0.369012919365884,0.9679627704573082,7.53e-5,0.00255,0.30699999999999994,0.5872523687443223,0.02414961042841448,0.1560338266382864,0.5353981633974483
0.28251723294438486,0.0024747000000000003,1.0,17.77855987647854,-1151.1929134420461,-1149.6354101947172,0.007648500895642026,0.0001544466345933538,-0.06459738936546934,-0.29477160708380074,0.0,0.35534715820435353,0.819207479320987,0.9298456603656431,1.0968653996016198,1.2932501016685698,1.6688210172026352,0.9001906721584713,0.36749231474444816,0.959021273071933,7.53e-5,0.00255,0.30699999999999994,0.5872523687443223,0.024167586766592673,0.156092365699381,0.5603981633974483
0.3052908288456748,0.0024747000000000003,1.0,14.266700417161701,-1149.5495779928356,-1147.8794804650588,0.0040752898689030105,0.004307352939111559,-0.043043669603802126,-0.27927931642883297,0.0,0.27234007912837055,0.8299615341190134,0.9259164748586994,1.0967910648347876,1.3138085135008666,1.6544694210204889,0.9026104220551904,0.3661902354029052,0.9504059889345475,7.53e-5,0.00255,0.30699999999999994,0.5872523687443223,0.024183637119156297,0.15614461494385348,0.5853981633974483
0.3285510962722743,0.0024747000000000003,1.0,11.21414601848528,-1148.1192849159968,-1146.3532032657206,0.0008404382486942253,0.008999085580259601,-0.023964662005345114,-0.27371129764878116,0.0,0.19128397969705868,0.8410109793793026,0.9215408844844792,1.0964065862748873,1.3320241831229445,1.641794275507808,0.9048611413863958,0.36609239839376295,0.9423666289058485,7.53e-5,0.00255,0.30699999999999994,0.5872523687443223,0.024213675728991885,0.15624235521113025,0.6103981633974482
0.3522398966693302,0.0024747000000000003,1.0,8.621846549684506,-1146.899799416344,-1145.0570535313202,-0.0020779931698924363,0.012005352352908791,-0.005414374091349832,-0.25822199055643946,0.0,0.12027487649266398,0.8493470729985674,0.919377449100254,1.0960379094589594,1.347939446571167,1.6303137613452248,0.9072547330095246,0.36850732843735523,0.9354001639781997,7.53e-5,0.00255,0.30699999999999994,0.5872523687443223,0.024223504580597008,0.15627432369837727,0.6353981633974483
0.3762980203727385,0.0024747000000000003,1.0,6.476508802999888,-1145.8868678792746,-1143.984384657978,-0.004543540010868288,0.015071842178065651,0.008666992749923058,-0.24923592639324665,0.0,0.05487134602293967,0.8565924000849487,0.9164326517022738,1.0955228904612504,1.3613727550472556,1.619805333325294,0.9094911900395559,0.3719327103322899,0.9293354817716062,7.53e-5,0.00255,0.30699999999999994,0.5872523687443223,0.024245206155927464,0.15634488600647578,0.6603981633974483
0.4006653346024694,0.0024747000000000003,1.0,4.751945077486198,-1145.0790767326714,-1143.122102795221,-0.00661992253793265,0.01831266371261409,0.02461533602494888,-0.24106144241582614,0.0,0.0014031701623960881,0.8644819723219946,0.9156805285608167,1.095115418430056,1.3728625581278173,1.61082732447544,0.9114720895933199,0.3750298227556822,0.9237268940249659,7.53e-5,0.00255,0.30699999999999994,0.5872523687443223,0.024264114776029126,0.156406341966358,0.6853981633974483
0.42528093376320036,0.0024747000000000003,1.0,3.414024910072385,-1144.4522890692074,-1142.4531427115141,-0.00824926347649698,0.020370760862785057,0.03566281753672846,-0.22611140557050247,0.0,-0.04225629004417067,0.8697273401981643,0.9149329827099232,1.0946022422797603,1.3810035865844297,1.602686437303301,0.9133515076630826,0.37997553073097,0.9194317255398623,7.53e-5,0.00255,0.30699999999999994,0.5872523687443223,0.02428455345564176,0.15647274460274788,0.7103981633974483
0.4500832916765859,0.0024747000000000003,1.0,2.4264157570692078,-1143.9885042267697,-1141.9593381350126,-0.009465881625705906,0.022753145258808703,0.04504446056077275,-0.22474284399291808,0.0,-0.07484316174056221,0.875267423478542,0.91416320117207,1.0940825409671093,1.3867459461517215,1.597893024165032,0.914751344505254,0.3831864679355375,0.9156765432607106,7.53e-5,0.00255,0.30699999999999994,0.5872523687443223,0.024302273342560347,0.15653029218321263,0.7353981633974482
0.47501041536466077,0.0024747000000000003,1.0,1.7559190329502599,-1143.6829757693736,-1141.624089772953,-0.010191299345876667,0.024583124741300262,0.053599324576001216,-0.21795741735289514,0.0,-0.09664423316898398,0.8802671834038361,0.9149707493009465,1.093643095530931,1.3898089034393022,1.593880695374557,0.9157829604672013,0.38654425152774996,0.91266791108329,7.53e-5,0.00255,0.30699999999999994,0.5872523687443223,0.024316299538265237,0.15657582952881727,0.7603981633974483
0.4999999999999999,0.0024747000000000003,1.0,1.3779287787979229,-1143.5084456805366,-1141.435094645877,-0.010501450966986358,0.025395212549552133,0.0551485179680476,-0.2129346245520787,0.0,-0.10187293543649877,0.8822696165862468,0.9144771896073317,1.0930635449328023,1.388974023409105,1.5924720673154553,0.9166278571186598,0.39070574429659927,0.9111906104702935,7.53e-5,0.00255,0.30699999999999994,0.5872523687443223,0.024335342213451242,0.15663763285003934,0.7853981633974483
0.5249895846353393,0.0024747000000000003,1.0,1.2813970457596042,-1143.4739418607776,-1141.3868287793578,-0.010286399049945494,0.02589980443351246,0.05596925759209521,-0.2107873020225948,0.0,-0.09646354620575454,0.8843275935277597,0.9148813399454215,1.0926066950321183,1.3861141143925608,1.592073738725481,0.9168459506835158,0.39283414488813084,0.9102437136704367,7.53e-5,0.00255,0.30699999999999994,0.5872523687443223,0.024348520895233306,0.15668039067854272,0.8103981633974483
0.5499167083234141,0.0024747000000000003,1.0,1.4692173812172769,-1143.5717491422781,-1141.4807389470866,-0.009699626167399179,0.025899121241575552,0.05357201321662051,-0.20888245314216694,0.0,-0.07906733111353893,0.8848103612152981,0.915162082769039,1.0920724192932083,1.3797087587625283,1.594579424964884,0.9167494926572419,0.39554884481384067,0.9103743847668491,7.53e-5,0.00255,0.30699999999999994,0.5872523687443223,0.02437267060090812,0.1567587143867811,0.8353981633974483
0.5747190662367996,0.0024747000000000003,1.0,1.9586364960400715,-1143.815019637626,-1141.725448504498,-0.008639135654763269,0.025586006361623136,0.049207784567947346,-0.21137082973155005,0.0,-0.04821117541878398,0.8849403580729468,0.9159913107754629,1.091606819084409,1.370727922686719,1.5990481636197242,0.9162756819987508,0.3977845281924299,0.9113387435876252,7.53e-5,0.00255,0.30699999999999994,0.5872523687443223,0.024393113297262625,0.1568249857464381,0.8603981633974482
0.5993346653975306,0.0024747000000000003,1.0,2.777496631773829,-1144.21702797547,-1142.1348785723649,-0.007053490125820121,0.0243425905695771,0.040655489579887835,-0.2129864486863934,0.0,-0.006252336709329094,0.8831068199620923,0.9168494364656055,1.090971916391791,1.3583321964898394,1.6042488993993083,0.9154973706249252,0.40030049027510534,0.9134694258172533,7.53e-5,0.00255,0.30699999999999994,0.5872523687443223,0.024415964725504797,0.1568990337195882,0.8853981633974483
0.6237019796272614,0.0024747000000000003,1.0,3.959915549926336,-1144.7926175385278,-1142.7260880314411,-0.0051135936974282085,0.022558764797619178,0.03002714940661014,-0.21631907078983575,0.0,0.04580822530867734,0.8805603298792217,0.9181385151420429,1.09023136247362,1.343220763590684,1.611673502436422,0.9143137982625531,0.4026184349218246,0.9163002012914208,7.53e-5,0.00255,0.30699999999999994,0.5872523687443223,0.024433778711888322,0.1569567348899203,0.9103981633974483
0.6477601033306698,0.0024747000000000003,1.0,5.54026328522059,-1145.560574990574,-1143.5162618990882,-0.0026580138411790265,0.02076293750164346,0.01832550371910788,-0.22376393076573425,0.0,0.10798708625784025,0.8777120083252501,0.9199940939899393,1.0894696313001127,1.3258861184000759,1.6194666311057913,0.9128398766745567,0.4047106546558459,0.9199032906899643,7.53e-5,0.00255,0.30699999999999994,0.5872523687443223,0.0244629507189917,0.15705118148279634,0.9353981633974483
0.6714489037277258,0.0024747000000000003,1.0,7.547323053106993,-1146.5296406938958,-1144.5197917830315,6.158257463786685e-5,0.017995265567590266,0.004090974711005402,-0.22271212527199782,0.0,0.1788811948033027,0.8731676018563435,0.9229992850365831,1.088609090584368,1.3058630770915574,1.6294915361093505,0.9112465434869124,0.40861358245587265,0.9244421714897653,7.53e-5,0.00255,0.30699999999999994,0.5872523687443223,0.024485874441893478,0.15712536026430404,0.9603981633974483
0.6947091711543253,0.0024747000000000003,1.0,10.000071586452123,-1147.7080531377196,-1145.746166049704,0.0031703691620482855,0.01522239594534569,-0.011864880949259027,-0.2343423642029786,0.0,0.25817322199157605,0.8680115395879456,0.9257990157535168,1.0872398189499484,1.2825467169219051,1.6410878635178001,0.9095145746679048,0.41364402376690035,0.9297412040104078,7.53e-5,0.00255,0.30699999999999994,0.5872523687443223,0.0245107236879864,0.15720573161253276,0.9853981633974482
0.7174827670556151,0.0024747000000000003,1.0,12.903346420986963,-1149.0987957797488,-1147.1978034669714,0.006692181508703112,0.01181134007442976,-0.030938507011477597,-0.23900437299122052,0.0,0.34299779431028615,0.860937803974595,0.9292663479545424,1.0857482764546227,1.257415979071565,1.6518066149303015,0.9077229080564873,0.42053645577202775,0.9360208762282676,7.53e-5,0.00255,0.30699999999999994,0.5872523687443223,0.02455301430124664,0.1573424233191816,1.0103981633974484
0.7397127693021015,0.0024747000000000003,1.0,16.24673856680556,-1150.6929525898224,-1148.8694995398807,0.010198880504227683,0.007756913480738448,-0.05007730334134878,-0.24176660610485629,0.0,0.43093411834826056,0.8535140945860807,0.9341228983813415,1.0839350727962842,1.230230536571716,1.6663985994937365,0.9058304431249266,0.4292049563877086,0.9427344855792326,7.53e-5,0.00255,0.30699999999999994,0.5872523687443223,0.02457412459296378,0.15741061305767695,1.0353981633974483
0.26028723069789844,0.0025497000000000002,1.0,22.500332252637236,-1153.1443595920439,-1151.9962963827966,0.01333971165160617,-0.00470613728591109,-0.08490214597958672,-0.31049103660362365,0.0,0.4247858220645297,0.8081446283828773,0.9347632427783946,1.1192718633677596,1.3508565961686148,1.6792103417970408,0.8982149568560495,0.3498585852829146,0.9695158447028628,7.53e-5,0.002625,0.30699999999999994,0.5872523687443223,0.024137728603618052,0.15599512239588306,0.5353981633974483
0.28251723294438486,0.0025497000000000002,1.0,18.572003764116744,-1151.3007679261066,-1150.0321321385363,0.009545399013369177,0.00032437184855523205,-0.06117632365218007,-0.295411963860079,0.0,0.3363335245391233,0.8189526736285841,0.9299419707832417,1.1196906234003114,1.3758589741056222,1.6642280551200914,0.9005534673323495,0.34677424400387113,0.9603940907925022,7.53e-5,0.002625,0.30699999999999994,0.5872523687443223,0.024163050991348977,0.15607759717373493,0.5603981633974483
0.3052908288456748,0.0025497000000000002,1.0,15.08256898577929,-1149.6599846173635,-1148.2874147493676,0.006028918867867703,0.004175694959944599,-0.04214009018459552,-0.2849580290485818,0.0,0.2491504674802863,0.8292666965848491,0.9251031235143458,1.1197564640456923,1.3984025852512874,1.6504678016171441,0.9029688283222046,0.3460423226957317,0.9519542101595331,7.53e-5,0.002625,0.30699999999999994,0.5872523687443223,0.02418524053746504,0.1561498336755027,0.5853981633974483
0.3285510962722743,0.0025497000000000002,1.0,12.049394649800888,-1148.233628282592,-1146.7708275813784,0.002874485254583085,0.008065613138826807,-0.023167328541805136,-0.2705873626516977,0.0,0.16978136259989596,0.8399300948054429,0.9215713232848416,1.120158178772877,1.4207919704382612,1.6363166609726598,0.9052778392190654,0.3451350392578102,0.943943264097834,7.53e-5,0.002625,0.30699999999999994,0.5872523687443223,0.02420477737680811,0.15621340772959041,0.6103981633974482
0.3522398966693302,0.0025497000000000002,1.0,9.474046990748775,-1147.0183647577458,-1145.4831537518523,-9.328376667690013e-5,0.01181879134241965,-0.004948209856516746,-0.2586270501677659,0.0,0.1012351942913546,0.8470108867018236,0.9199962571912668,1.1194936897004677,1.4363074893037062,1.6262437879299387,0.9078824200691303,0.34913736949135765,0.9373320566300897,7.53e-5,0.002625,0.30699999999999994,0.5872523687443223,0.024242656454283185,0.15633659729131283,0.6353981633974483
0.3762980203727385,0.0025497000000000002,1.0,7.342048170454291,-1146.01410479775,-1144.417154341705,-0.002541419925379561,0.015185861061316119,0.011913527786802804,-0.24501755458211347,0.0,0.03258687461606663,0.8561803254373989,0.9173591619840149,1.1196920909299037,1.4539179739525352,1.6147638641472568,0.9100035399004255,0.35040255988771407,0.9307794339836628,7.53e-5,0.002625,0.30699999999999994,0.5872523687443223,0.024247047294392254,0.15635087101989398,0.6603981633974483
0.4006653346024694,0.0025497000000000002,1.0,5.628111584804174,-1145.2063783001408,-1143.56018604888,-0.0046119641274822935,0.018754267280080835,0.028721849294012884,-0.23529760474385483,0.0,-0.02128501619797728,0.8633586985659075,0.9153858276315554,1.119367385865254,1.466656270868802,1.605615478916674,0.9119713182679962,0.3533353253524567,0.9253282565794481,7.53e-5,0.002625,0.30699999999999994,0.5872523687443223,0.024268253859744453,0.15641979151750476,0.6853981633974483
0.42528093376320036,0.0025497000000000002,1.0,4.297887808084397,-1144.5804295892804,-1142.8950741605202,-0.006266369997540329,0.021089673243859183,0.039809563500052124,-0.22703658092556775,0.0,-0.06632818370375777,0.869577625850767,0.9143874169753258,1.1190049773354722,1.4763483810810367,1.5985843368211436,0.9137449043415714,0.35685810288891895,0.9207548622015126,7.53e-5,0.002625,0.30699999999999994,0.5872523687443223,0.024283731338388646,0.1564700741758132,0.7103981633974483
0.4500832916765859,0.0025497000000000002,1.0,3.3147980754411037,-1144.1186878876306,-1142.4035292941985,-0.00746193731684816,0.023831393022981377,0.05109747348880526,-0.21995629352380577,0.0,-0.09776656643509579,0.8749023986931974,0.9139726174266105,1.1187568640638341,1.4833879708441544,1.5930945814116608,0.9152437838069954,0.36060041201093135,0.9171140056977174,7.53e-5,0.002625,0.30699999999999994,0.5872523687443223,0.02430871716262886,0.1565512142335894,0.7353981633974482
0.47501041536466077,0.0025497000000000002,1.0,2.6455861770514275,-1143.8110007589623,-1142.0689233450037,-0.008198301972317044,0.025619164491470715,0.05791189733393133,-0.2129002197061124,0.0,-0.11859879661453156,0.8789766370090898,0.9134668714695973,1.118200868362759,1.486207438818322,1.5890651422477564,0.9163642788309659,0.3639872038040064,0.9143879717919023,7.53e-5,0.002625,0.30699999999999994,0.5872523687443223,0.024324619426363485,0.1566028347665029,0.7603981633974483
0.4999999999999999,0.0025497000000000002,1.0,2.265932876588977,-1143.6365160657756,-1141.8790966947724,-0.008528169268295244,0.026289728082392883,0.059765339248824385,-0.21031733214395337,0.0,-0.12682316576063998,0.8813758347599369,0.9130856030629695,1.1176392398442285,1.485782375581275,1.5880480797261933,0.9170950216964957,0.3670665948905686,0.9126801563239966,7.53e-5,0.002625,0.30699999999999994,0.5872523687443223,0.024346964882402095,0.15667534283020532,0.7853981633974483
0.5249895846353393,0.0025497000000000002,1.0,2.1641925118947256,-1143.6017706821335,-1141.8282265124253,-0.008387725832489267,0.027274346401351023,0.06163972594650173,-0.20618007197945967,0.0,-0.12007614822966298,0.8839028042528797,0.9135603011026919,1.1171915888043105,1.4826519128457767,1.5880446679741307,0.9173085879857339,0.3693184826296283,0.9116224408074509,7.53e-5,0.002625,0.30699999999999994,0.5872523687443223,0.02436077011639933,0.1567201227846894,0.8103981633974483
0.5499167083234141,0.0025497000000000002,1.0,2.3434224298343906,-1143.7017453774342,-1141.9178414713951,-0.007693781027150183,0.026974291120921787,0.058556364392371496,-0.20624469346455065,0.0,-0.10252814403664916,0.8842724801266933,0.9143655926111169,1.1165627551501731,1.4754884905748082,1.5894786017444225,0.9172671179028156,0.37207604573195596,0.9118276315091872,7.53e-5,0.002625,0.30699999999999994,0.5872523687443223,0.024382497693920126,0.15679057534667856,0.8353981633974483
0.5747190662367996,0.0025497000000000002,1.0,2.820569396189512,-1143.9439752697294,-1142.1564149545727,-0.00669415029166794,0.026057584727067637,0.05240756944995569,-0.20702938707712892,0.0,-0.07131829406968956,0.8843875987451099,0.9156799739614843,1.115915068876773,1.4652114979110706,1.5944613977595385,0.9167592166029168,0.3735928436799963,0.9126834162450832,7.53e-5,0.002625,0.30699999999999994,0.5872523687443223,0.024397049787174933,0.15683774399385153,0.8603981633974482
0.5993346653975306,0.0025497000000000002,1.0,3.6234341870135722,-1144.3483310923878,-1142.5578473499847,-0.005127803868552118,0.025118234770403945,0.04525505617542408,-0.20803722327758928,0.0,-0.029082894624797594,0.8834412575724202,0.9167431463093256,1.1150494349782678,1.451133186953313,1.5992639464845437,0.9159465691737224,0.37650918382818843,0.9145693726406039,7.53e-5,0.002625,0.30699999999999994,0.5872523687443223,0.02441178892107546,0.15688550492902226,0.8853981633974483
0.6237019796272614,0.0025497000000000002,1.0,4.785873091752364,-1144.9197903009338,-1143.1390668023541,-0.003145784072722846,0.02341329762392974,0.034883100427651755,-0.21183926295283337,0.0,0.022847186432225258,0.8806660761502734,0.9183096808689409,1.1141402841869303,1.434414598009433,1.6062097403191489,0.9147121438541059,0.37832486938662874,0.9173690148211997,7.53e-5,0.002625,0.30699999999999994,0.5872523687443223,0.024444707788585953,0.15699212504312987,0.9103981633974483
0.6477601033306698,0.0025497000000000002,1.0,6.342064747296263,-1145.6819723155102,-1143.917162630126,-0.0007658755482115128,0.020518815764386623,0.020371380255384805,-0.21754181047641766,0.0,0.08521898966583133,0.8771728852718772,0.9205083298898176,1.1129431171445914,1.4138598255455068,1.6149821241062725,0.9133757705227001,0.3820480266674552,0.9211461370037458,7.53e-5,0.002625,0.30699999999999994,0.5872523687443223,0.02447255779599129,0.1570822731068846,0.9353981633974483
0.6714489037277258,0.0025497000000000002,1.0,8.320712566714064,-1146.6460185258804,-1144.906486539835,0.00191931637651958,0.017912757321569755,0.00612844734895446,-0.22244602630872984,0.0,0.15804322877153543,0.8733993498228128,0.9230488925063195,1.1116273944007413,1.390956612943869,1.6254363971337251,0.9117252775159284,0.3854281157302935,0.9254879049845482,7.53e-5,0.002625,0.30699999999999994,0.5872523687443223,0.024489171895411655,0.1571360276953126,0.9603981633974483
0.6947091711543253,0.0025497000000000002,1.0,10.740359938874462,-1147.8195442293631,-1146.1163102259152,0.004978309292178667,0.014959550712310745,-0.009841556644428491,-0.22744804700615204,0.0,0.23661019914492612,0.8676367065567819,0.9261713031892601,1.109900260150824,1.3648587216083277,1.6364090990478943,0.910021420828558,0.39032005675352177,0.9307248933481191,7.53e-5,0.002625,0.30699999999999994,0.5872523687443223,0.024519087158517958,0.15723277313299294,0.9853981633974482
0.7174827670556151,0.0025497000000000002,1.0,13.60576918731158,-1149.204111276234,-1147.5490148501337,0.008383479290197862,0.01147054032431369,-0.02786350525814418,-0.23205737775359053,0.0,0.3214795829935779,0.8609999377666351,0.9302543380318768,1.1078666894138818,1.3360074217329108,1.6485568935455208,0.9082256643295452,0.3979062284942243,0.9368930019679577,7.53e-5,0.002625,0.30699999999999994,0.5872523687443223,0.02454638330450604,0.15732099820416276,1.0103981633974484
0.7397127693021015,0.0025497000000000002,1.0,16.906208946291372,-1150.7963570877666,-1149.1992347296236,0.012093087428216007,0.007563404081195635,-0.047121975300285834,-0.23938564905105303,0.0,0.4107988201058462,0.854086370923788,0.9336706989717513,1.105377619360565,1.304892680731672,1.6604508905697077,0.9064204323305473,0.40671401350160613,0.9436021338726848,7.53e-5,0.002625,0.30699999999999994,0.5872523687443223,0.024573597004457336,0.15740890920736345,1.0353981633974483
0.26028723069789844,0.0026247,1.0,23.474967709282282,-1153.312850745339,-1152.483614111119,0.015135657480123807,-0.004105854623934549,-0.08044065498487837,-0.30788302289348884,0.0,0.40538227693927903,0.8072606164410852,0.9350825180950452,1.1400755342663373,1.4275282789063082,1.6750438876251486,0.8986419087746077,0.33322351408985107,0.970789117878958,7.53e-5,0.0027,0.30699999999999994,0.5872523687443223,0.024129303640639463,0.15596767301803224,0.5353981633974483
0.28251723294438486,0.0026247,1.0,19.576303870370793,-1151.4668748853849,-1150.5342821916634,0.011386684022276626,0.0008366854066703441,-0.05807243988039809,-0.29827388162599483,0.0,0.3144396788581978,0.8185789226197399,0.9292112629931842,1.141310226184254,1.4575485156386279,1.6601850686591244,0.9008635401508694,0.3285223047826987,0.9615881848578787,7.53e-5,0.0027,0.30699999999999994,0.5872523687443223,0.02415964645413202,0.1560665110812847,0.5603981633974483
0.3052908288456748,0.0026247,1.0,16.112917543443928,-1149.8294648310412,-1148.8025890282,0.007906825596956681,0.005991739288163818,-0.035457868015380964,-0.2851882853859021,0.0,0.22784380355728098,0.8291847094276596,0.924446505773157,1.1419869247909373,1.4838013345247412,1.6461815796420876,0.9033195519851492,0.32736821620082246,0.9531676277142471,7.53e-5,0.0027,0.30699999999999994,0.5872523687443223,0.02418583530615709,0.15615176945819834,0.5853981633974483
0.3285510962722743,0.0026247,1.0,13.104305019343428,-1148.434303572852,-1147.2982827661497,0.004644204473810719,0.0078265647069296,-0.021370236250734163,-0.26506804522491656,0.0,0.1495685990398675,0.8382627463332564,0.9212474349546755,1.1407052521447323,1.4999217702875784,1.6333853064691781,0.9061393707289174,0.331078800353665,0.9457230639478993,7.53e-5,0.0027,0.30699999999999994,0.5872523687443223,0.024213402883601444,0.15624146768715477,0.6103981633974482
0.3522398966693302,0.0026247,1.0,10.5719361536826,-1147.2965333650968,-1146.0320983333193,0.0017509774388233777,0.011504352746116296,-0.005804176239388754,-0.24914222717364867,0.0,0.08068105796127377,0.8443098432709374,0.918010175889826,1.1363848430385532,1.4999651855248701,1.6236955517942213,0.9097014503114899,0.34410303951416077,0.9400551313012907,7.53e-5,0.0027,0.30699999999999994,0.5872523687443223,0.02424446489341769,0.15634247631195775,0.6353981633974483
0.3762980203727385,0.0026247,1.0,8.497928398102431,-1146.3655033159698,-1144.9950944555292,-0.0009414823421337234,0.013437710024858314,0.0048838031360203035,-0.23222084479871571,0.0,0.022005030458167325,0.8498325118134433,0.9165815982707558,1.1326004050752518,1.4999981501719075,1.6165177387322744,0.9129568786177585,0.3557918721165385,0.9347095882802059,7.53e-5,0.0027,0.30699999999999994,0.5872523687443223,0.024244627188151662,0.15634300390238942,0.6603981633974483
0.4006653346024694,0.0026247,1.0,6.845087134848654,-1145.6342229696088,-1144.1686738239023,-0.0029209753204711246,0.014269199021546566,0.01354294786518197,-0.21471463766082205,0.0,-0.030224670489061148,0.8555989308626005,0.9147028609337744,1.1294053961574653,1.4999961693371933,1.60686205873494,0.9157851760604094,0.3665339776114307,0.9300419873840424,7.53e-5,0.0027,0.30699999999999994,0.5872523687443223,0.02427710133489342,0.156448536780121,0.6853981633974483
0.42528093376320036,0.0026247,1.0,5.56939764144272,-1145.0639476580968,-1143.5308290771993,-0.004663526822819559,0.01771245144319189,0.025464570510356836,-0.20015836826589503,0.0,-0.07130278348360566,0.8603185967906359,0.9140712605486978,1.1269200055594408,1.4999944842403299,1.6012973065568994,0.9182815935506631,0.37628711144954263,0.9260280828269469,7.53e-5,0.0027,0.30699999999999994,0.5872523687443223,0.024301173053224955,0.15652671944986218,0.7103981633974483
0.4500832916765859,0.0026247,1.0,4.626163058599559,-1144.6492972172882,-1143.0592117857777,-0.005815503331456939,0.018620993621002044,0.03178491492869587,-0.18987079158654574,0.0,-0.10077079787129299,0.8654302167118061,0.9130882775297402,1.1250775737844552,1.4999989848392674,1.595204276414461,0.9202348725699343,0.3839027045719271,0.9226997911285193,7.53e-5,0.0027,0.30699999999999994,0.5872523687443223,0.024313540581680077,0.1565668733322648,0.7353981633974482
0.47501041536466077,0.0026247,1.0,3.9765843113500523,-1144.3573041851632,-1142.734422412153,-0.006603252691162795,0.019333333480533746,0.036550470263806374,-0.18093473418164,0.0,-0.12072667768281035,0.868389803280565,0.913106283100895,1.123915798735119,1.4999870925570478,1.5921115402308854,0.9215578193527222,0.3891960498857687,0.920157107209036,7.53e-5,0.0027,0.30699999999999994,0.5872523687443223,0.024347522739284772,0.15667715258718287,0.7603981633974483
0.4999999999999999,0.0026247,1.0,3.59320307767166,-1144.1836025904656,-1142.5427317953138,-0.0068846822054272755,0.022945730328618588,0.04415059595530665,-0.1840298604509735,0.0,-0.12960637034902134,0.8718105048093719,0.9130043277585412,1.1234090031895558,1.4999999159801995,1.5912128562258934,0.922259603446398,0.3919450418319485,0.9181197362071221,7.53e-5,0.0027,0.30699999999999994,0.5872523687443223,0.024361973487210097,0.15672402556507675,0.7853981633974483
0.5249895846353393,0.0026247,1.0,3.464622441175379,-1144.1291601783687,-1142.4784414770656,-0.006604948367486949,0.02397778571316771,0.04613618959529091,-0.1826097195507433,0.0,-0.12414817004365541,0.8742853002293822,0.9135672807819666,1.1236535441770108,1.4999985976293349,1.5894331792002023,0.9223326685583036,0.39293802922535415,0.9170772709518683,7.53e-5,0.0027,0.30699999999999994,0.5872523687443223,0.024380997776946453,0.1567857127880683,0.8103981633974483
0.5499167083234141,0.0026247,1.0,3.5966431790188835,-1144.1836029706578,-1142.5444518459874,-0.005989023954574639,0.023194575114778054,0.04391148794208638,-0.18089676491989698,0.0,-0.10836149597524186,0.8756016526170546,0.913640634330992,1.1245886424405558,1.499989520452199,1.5908326402635993,0.9218124100465949,0.3910068558569493,0.9167623017023498,7.53e-5,0.0027,0.30699999999999994,0.5872523687443223,0.024401771106130052,0.15685304456533355,0.8353981633974483
0.5747190662367996,0.0026247,1.0,4.011872464298449,-1144.3648731563453,-1142.7520664886272,-0.004966001390634152,0.022963082752516118,0.04138099356147769,-0.18748120728299517,0.0,-0.08140720962543542,0.8771898957348617,0.9142986905355269,1.1261861061731737,1.4999908395395745,1.5947723942621441,0.9206341116883316,0.3863697722713588,0.9170010313908172,7.53e-5,0.0027,0.30699999999999994,0.5872523687443223,0.024415654515238708,0.1568980287377145,0.8603981633974482
0.5993346653975306,0.0026247,1.0,4.746789976835316,-1144.6946828064433,-1143.1195252448956,-0.003446970861380627,0.02147721770329128,0.03594321598727555,-0.18636217633451616,0.0,-0.04365587310754819,0.8778844802675869,0.9153246957044163,1.128461179560801,1.4999549566845762,1.5985235455490572,0.9188641000547626,0.3801005745240934,0.9179541914757667,7.53e-5,0.0027,0.30699999999999994,0.5872523687443223,0.024430618538962702,0.15694650029051851,0.8853981633974483
0.6237019796272614,0.0026247,1.0,5.846150519587809,-1145.190556316959,-1143.6692055162719,-0.00142254169410821,0.02232179492959172,0.03279965400131871,-0.19672336860355305,0.0,0.0012519510640859935,0.8787613785093267,0.9164520014635833,1.1312971467230255,1.4997111856215735,1.603733556099186,0.9165631207104237,0.3719694760597759,0.9195923017368042,7.53e-5,0.0027,0.30699999999999994,0.5872523687443223,0.024438730919792352,0.15697277191192552,0.9103981633974483
0.6477601033306698,0.0026247,1.0,7.355543190104527,-1145.8666734375306,-1144.4239018515302,0.0010102396413673724,0.02002345622795004,0.023568181144152323,-0.21259437647284907,0.0,0.0630707474207227,0.8779671937649096,0.9194348243517164,1.1348519146989702,1.4996702843656484,1.6108697313265143,0.9139292581643256,0.3622004004243653,0.9220159032376486,7.53e-5,0.0027,0.30699999999999994,0.5872523687443223,0.024470935809909448,0.15707702425018208,0.9353981633974483
0.6714489037277258,0.0026247,1.0,9.301066661738332,-1146.8144051714673,-1145.3966635873471,0.003719087379756242,0.019882607155888257,0.011925036540981307,-0.22197047643119083,0.0,0.13428686872186169,0.872768712017543,0.9218856668194464,1.1334008148795904,1.474982942623365,1.621604818273547,0.9122452055626112,0.36564851531048104,0.9265355981480481,7.53e-5,0.0027,0.30699999999999994,0.5872523687443223,0.024501913222663516,0.15717723996353075,0.9603981633974483
0.6947091711543253,0.0026247,1.0,11.681964958115714,-1147.9919199883543,-1146.5871127355358,0.006794341345144045,0.016288273240063857,-0.004885413824258134,-0.22688371681342387,0.0,0.21327430534203723,0.8676325258393028,0.9249412361495541,1.130914666769751,1.4446446821824535,1.6315727450681985,0.9103850046241602,0.37046560334749423,0.9315662546215459,7.53e-5,0.0027,0.30699999999999994,0.5872523687443223,0.02452436597704997,0.15724983876648946,0.9853981633974482
0.7174827670556151,0.0026247,1.0,14.50234106436119,-1149.3777518447905,-1147.9973007886585,0.010166960985844497,0.012294191300493716,-0.023389241003963557,-0.23397317398685558,0.0,0.2992802269467624,0.8616543369092658,0.9287277932941672,1.1279319003599537,1.4106920380534569,1.643323612537588,0.908677748087171,0.3786562205818854,0.9374945218581219,7.53e-5,0.0027,0.30699999999999994,0.5872523687443223,0.02455499939918006,0.15734883673119227,1.0103981633974484
0.7397127693021015,0.0026247,1.0,17.75081124248709,-1150.9679808361896,-1149.6215358777215,0.013750106784457589,0.008192473945780513,-0.04283758291200147,-0.23967436182577873,0.0,0.39085335739493304,0.8543086466677347,0.9331515549915744,1.124270231464992,1.3735562736727078,1.6559422786038391,0.9068456660214979,0.38832876148635037,0.944034795652134,7.53e-5,0.0027,0.30699999999999994,0.5872523687443223,0.02458261843281165,0.1574380415117908,1.0353981633974483
0.26028723069789844,0.0026997,1.0,24.63573360241344,-1153.5655288017392,-1153.0639970576847,0.016982376990725544,-0.0053842561226830395,-0.08097669280273745,-0.306209000618022,0.0,0.3824720723590555,0.8063270796087392,0.9331247536039896,1.1587072891791783,1.4991073617212392,1.6686584549587566,0.8989576968063535,0.318897905334734,0.9719654512591854,7.53e-5,0.002775,0.30699999999999994,0.5872523687443223,0.02415834368564167,0.1560622687137949,0.5353981633974483
0.28251723294438486,0.0026997,1.0,20.80479583379247,-1151.8558596546243,-1151.1485281733742,0.013003351913087323,-0.001324816177894073,-0.0637656640980169,-0.2882217791045444,0.0,0.3016997100794224,0.8138780975820271,0.9276995033637823,1.1530159730103622,1.4999832568422677,1.6574180457225332,0.9028113265059365,0.33056020149974297,0.9644145692853745,7.53e-5,0.002775,0.30699999999999994,0.5872523687443223,0.024184111350644143,0.1561461584681066,0.5603981633974483
0.3052908288456748,0.0026997,1.0,17.44983226901968,-1150.3751216371006,-1149.4710463909878,0.009386098919721345,0.0021974501772306647,-0.047784408932356554,-0.2671093342449353,0.0,0.2216218435059166,0.8222627578010677,0.9230856108841198,1.147457137439003,1.4999808120321252,1.6448884552069623,0.9064583956857784,0.3419177395648959,0.9569528649360727,7.53e-5,0.002775,0.30699999999999994,0.5872523687443223,0.02421261863452269,0.1562389166187001,0.5853981633974483
0.3285510962722743,0.0026997,1.0,14.574243634276172,-1149.1033726685534,-1148.033252073616,0.006083791048916429,0.005200966213606561,-0.0322659103967531,-0.24156498713967753,0.0,0.14477184410652652,0.8292623345415253,0.9191434193162916,1.1424187274924524,1.4999759446200502,1.6332873605349074,0.910078435833412,0.3542028436730507,0.95018731865084,7.53e-5,0.002775,0.30699999999999994,0.5872523687443223,0.024229018210819013,0.15629225409428882,0.6103981633974482
0.3522398966693302,0.0026997,1.0,12.16470881224177,-1148.0350576571254,-1146.8284846625988,0.00318203723290603,0.008199453583276669,-0.018030690521872027,-0.22440233491727013,0.0,0.07747918622030701,0.8357407630232269,0.9157987215985651,1.137940541347282,1.49998608085633,1.6229498852381217,0.9135197905055534,0.3660959705893014,0.9440704168676406,7.53e-5,0.002775,0.30699999999999994,0.5872523687443223,0.024253154332644564,0.15637072166448268,0.6353981633974483
0.3762980203727385,0.0026997,1.0,10.193659918225876,-1147.162432627058,-1145.842960215591,0.0007551742118084684,0.011187093526967713,-0.004897818935469791,-0.2116465975010322,0.0,0.014555412821107906,0.8413419694945531,0.9118586790369149,1.1339254724252843,1.4999616359383294,1.6125295968906994,0.9165505962688826,0.37754301413243746,0.9385995276392387,7.53e-5,0.002775,0.30699999999999994,0.5872523687443223,0.02428261529776004,0.15646644894725717,0.6603981633974483
0.4006653346024694,0.0026997,1.0,8.621446894579549,-1146.4705907597345,-1145.0568537037677,-0.001434326561648467,0.013712482099466423,0.006955949831659435,-0.1951453857068795,0.0,-0.036932297483641734,0.8474519212200653,0.9115791228571553,1.1306875289350795,1.4999951889652285,1.6058216246982138,0.9193341155366297,0.387392882657463,0.9333984042396826,7.53e-5,0.002775,0.30699999999999994,0.5872523687443223,0.024312578148318515,0.15656374893951075,0.6853981633974483
0.42528093376320036,0.0026997,1.0,7.404082964023019,-1145.940033411539,-1144.4481717384895,-0.0029647468279318146,0.01601977531831762,0.01729537067472041,-0.18345883920862202,0.0,-0.08002443033174933,0.8527552171521275,0.9095136841798555,1.1279713241551175,1.499997061931854,1.5970816804911956,0.9215532927158148,0.3956346693799774,0.9290543908632576,7.53e-5,0.002775,0.30699999999999994,0.5872523687443223,0.024336197938981886,0.15664040956791064,0.7103981633974483
0.4500832916765859,0.0026997,1.0,6.496809448572094,-1145.5419283657586,-1143.994534980764,-0.00417616958072744,0.016579518150983023,0.024990580701487453,-0.1739486880482108,0.0,-0.11008790450457172,0.8577122420499891,0.9080426347600328,1.1260116437347385,1.4999853425544103,1.591602494046646,0.9233675642855051,0.4025265159707501,0.925427112312347,7.53e-5,0.002775,0.30699999999999994,0.5872523687443223,0.024366016860634523,0.15673713837285969,0.7353981633974482
0.47501041536466077,0.0026997,1.0,5.86072411937721,-1145.2665433882064,-1143.6764923161666,-0.004863076780615157,0.018464616216174574,0.031915358465090804,-0.16484225006472164,0.0,-0.13171222159820592,0.8618865362737125,0.9078858144514907,1.1247488113323991,1.4999906838823138,1.586910759247739,0.924583992606921,0.4072704899037641,0.9225366368075057,7.53e-5,0.002775,0.30699999999999994,0.5872523687443223,0.02438170567193422,0.1567880077205105,0.7603981633974483
0.4999999999999999,0.0026997,1.0,5.4691074508664315,-1145.0914598266845,-1143.4806839819112,-0.005162963277349133,0.020021857068558475,0.03523076269880877,-0.16277448578266615,0.0,-0.1398678168435823,0.8647493969719435,0.9080963059728321,1.1242406246613186,1.4999941873687668,1.5852835007228891,0.9252866530164131,0.40998632204964547,0.9205568132639681,7.53e-5,0.002775,0.30699999999999994,0.5872523687443223,0.024384377141533613,0.15679666809420909,0.7853981633974483
0.5249895846353393,0.0026997,1.0,5.310574907238333,-1145.0211361569127,-1143.4014177100971,-0.004984704044317937,0.01982222899409838,0.037848388257305736,-0.15990765479988195,0.0,-0.13550511482372468,0.868063078250773,0.9079363758096906,1.124444900452222,1.4999920841333911,1.5844409356232547,0.9253595614994485,0.4103230741380607,0.9192003772067829,7.53e-5,0.002775,0.30699999999999994,0.5872523687443223,0.024422437904826906,0.15692000332671163,0.8103981633974483
0.5499167083234141,0.0026997,1.0,5.390966509050031,-1145.0493916883083,-1143.441613511003,-0.004443938200721903,0.020819755914401314,0.037299638361240096,-0.16106363694433545,0.0,-0.11737008772918832,0.8698346638474482,0.9088885383209935,1.125453187331131,1.4999801509784754,1.5870992608865144,0.9249411260627204,0.4089288886140542,0.9188473733441308,7.53e-5,0.002775,0.30699999999999994,0.5872523687443223,0.02443308546509357,0.1569544897822038,0.8353981633974483
0.5747190662367996,0.0026997,1.0,5.732696141845736,-1145.194896520511,-1143.6124783274008,-0.0033522069526707565,0.021833127687112118,0.03515366981533775,-0.1643173315382099,0.0,-0.09014064141418433,0.870522177009347,0.9104643091995439,1.1271168807247125,1.4999843824176005,1.5900313957053847,0.923846139449638,0.40487033450603993,0.9192817449878629,7.53e-5,0.002775,0.30699999999999994,0.5872523687443223,0.024454774730910993,0.15702471663919298,0.8603981633974482
0.5993346653975306,0.0026997,1.0,6.372042148571381,-1145.469298774372,-1143.9321513307636,-0.0018857237078743186,0.02115273662119985,0.03038183800758275,-0.17016775337513804,0.0,-0.050014240042878355,0.8711882275271712,0.9112911483124622,1.129538841135677,1.4999897572482315,1.5953429028508737,0.9223428092370891,0.39973131167424625,0.9205388861903743,7.53e-5,0.002775,0.30699999999999994,0.5872523687443223,0.02446779707105676,0.1570668665972512,0.8853981633974483
0.6237019796272614,0.0026997,1.0,7.35398469050142,-1145.8980360595017,-1144.4231226017287,0.00012504622335950135,0.020547360951864428,0.02394866389918572,-0.17971360819748664,0.0,-0.001930606376350515,0.8706548951215689,0.9134882363700637,1.1326299449520996,1.4999913202654644,1.6011771303893916,0.920344266748647,0.39310725954784187,0.9226419908574649,7.53e-5,0.002775,0.30699999999999994,0.5872523687443223,0.024490778728037396,0.15714122562743107,0.9103981633974483
0.6477601033306698,0.0026997,1.0,8.72628526848439,-1146.505301450039,-1145.1092728907201,0.0024701475278053045,0.0183056670517848,0.015247891159849826,-0.19282637706690356,0.0,0.05518781346036585,0.8704057211504274,0.9160022809799125,1.136239939215358,1.4999801007959332,1.6090398735888218,0.9177286122669848,0.3837103913548551,0.9251167936288811,7.53e-5,0.002775,0.30699999999999994,0.5872523687443223,0.02449827599454979,0.15716547628772276,0.9353981633974483
0.6714489037277258,0.0026997,1.0,10.533129884466234,-1147.307764106882,-1146.012695198711,0.005229888434077939,0.015595993051635922,0.005036508766997424,-0.20129033177541217,0.0,0.12269488258904543,0.8693378649162609,0.9190983380537169,1.140516085888929,1.4999759721275563,1.617285458098607,0.9148366709605067,0.3740099760567293,0.9284356168724817,7.53e-5,0.002775,0.30699999999999994,0.5872523687443223,0.02453087722624503,0.15727088619849014,0.9603981633974483
0.6947091711543253,0.0026997,1.0,12.809744353643055,-1148.3250064507279,-1147.1510024332995,0.008575109379316758,0.01541678611085941,-0.004106898646811972,-0.22026155033403796,0.0,0.1957437094497001,0.867428832531412,0.9227181498975203,1.1452735538827077,1.4999025165144677,1.624803294725579,0.9116401073423721,0.3639768363093905,0.9325110759451154,7.53e-5,0.002775,0.30699999999999994,0.5872523687443223,0.024552203034864255,0.15733980222432947,0.9853981633974482
0.7174827670556151,0.0026997,1.0,15.567363842794293,-1149.6308954517995,-1148.529812177875,0.011837173730905926,0.013544873018789556,-0.020433771885618863,-0.23626304769979248,0.0,0.2803522384161248,0.8614290246302956,0.9272955822664387,1.145242961295274,1.4776461627650672,1.6380888294742844,0.909080174711552,0.3633142890171466,0.9378507308100853,7.53e-5,0.002775,0.30699999999999994,0.5872523687443223,0.024564786272295504,0.15738045225825165,1.0103981633974484
0.7397127693021015,0.0026997,1.0,18.750172406754245,-1151.2316128177479,-1150.121216459855,0.015379790660969749,0.008930500023046328,-0.03910737183031488,-0.23848136825058916,0.0,0.37012477038160774,0.8543390831438183,0.9310653561254588,1.1398175071225722,1.4322183292819652,1.6497721522199653,0.9073053246203926,0.3750408312677179,0.9442718251454085,7.53e-5,0.002775,0.30699999999999994,0.5872523687443223,0.024599254282506842,0.15749174890480394,1.0353981633974483
0.26028723069789844,0.0027747,1.0,26.033727228041244,-1154.2208125599282,-1153.7629938704986,0.018082679855404956,-0.0066952956990266,-0.08580312408612123,-0.29162227067684143,0.0,0.37682163803371665,0.8008460671507965,0.9297887127220882,1.1597154339693596,1.4998901974292107,1.666932344575909,0.9011141051007909,0.3324177282400676,0.9741836108972193,7.53e-5,0.00285,0.30699999999999994,0.5872523687443223,0.02416910252297939,0.1560973007147258,0.5353981633974483
0.28251723294438486,0.0027747,1.0,22.335715670066293,-1152.5997711957566,-1151.913988091511,0.01435720670964815,-0.0040299392548587346,-0.06775381992572878,-0.27764565686133286,0.0,0.29235425322684777,0.809038515579349,0.9244522295991697,1.1535561762437947,1.499992733518053,1.6520650212900923,0.904755961512228,0.3427302946182562,0.9661107030156644,7.53e-5,0.00285,0.30699999999999994,0.5872523687443223,0.024203815996237686,0.15621027992465544,0.5603981633974483
0.3052908288456748,0.0027747,1.0,19.097257254274155,-1151.1833515360067,-1150.294758883615,0.010769840017598786,0.00017731967181644904,-0.05107362536096777,-0.25343486499404516,0.0,0.21044506492380838,0.817362302644227,0.9188352834837643,1.147782956062543,1.499984247225867,1.6382803104401795,0.9081751555556614,0.353407696046576,0.9582154192080374,7.53e-5,0.00285,0.30699999999999994,0.5872523687443223,0.024243210475226203,0.1563383983702574,0.5853981633974483
0.3285510962722743,0.0027747,1.0,16.319397741939156,-1149.9608513843755,-1148.9058291274475,0.0075425367409587265,0.0034494579064278377,-0.03684651365540675,-0.2328581871836814,0.0,0.13214129259083718,0.8237728979435617,0.9134564046560472,1.1424624765916038,1.499999251189335,1.62563918779743,0.9113681941945158,0.3636663636705132,0.9510640240982184,7.53e-5,0.00285,0.30699999999999994,0.5872523687443223,0.024260413284559853,0.15639431338127432,0.6103981633974482
0.3522398966693302,0.0027747,1.0,13.988304682426133,-1148.9449984706953,-1147.740282597691,0.004752105011328868,0.006586561442760108,-0.01936538264372113,-0.21956128686764215,0.0,0.059654261577070544,0.8313769059953635,0.9098369095166097,1.1376437446382448,1.4999899599319504,1.6133594721938258,0.9144391669419213,0.37323982852678306,0.9441642460443969,7.53e-5,0.00285,0.30699999999999994,0.5872523687443223,0.024302456610745905,0.15653088726298595,0.6353981633974483
0.3762980203727385,0.0027747,1.0,12.07624537708034,-1148.1115161474465,-1146.7842529450181,0.002296907444754906,0.009287386041072982,-0.004506033639984073,-0.2037319700282036,0.0,-0.0027512663369143905,0.838485329607196,0.9056010285082933,1.1334279174674369,1.4999954018544799,1.602308914005321,0.9171294566499119,0.3824141939201171,0.9378751299862103,7.53e-5,0.00285,0.30699999999999994,0.5872523687443223,0.024322478574943632,0.15659588628110638,0.6603981633974483
0.4006653346024694,0.0027747,1.0,10.545703277902248,-1147.4456458439702,-1146.018981895429,0.0003463432270315837,0.011844769527118047,0.008353071099897786,-0.19036607115474186,0.0,-0.05765009056365601,0.8445197090331497,0.9023317996156034,1.1298986929255497,1.499988632790941,1.5917136047062415,0.9196312081095378,0.39146042400050224,0.9325237097556309,7.53e-5,0.00285,0.30699999999999994,0.5872523687443223,0.02433869633566559,0.15664851626732681,0.6853981633974483
0.42528093376320036,0.0027747,1.0,9.35333039797797,-1146.9213721328197,-1145.422795455467,-0.001218197465660778,0.014180428452914357,0.01917545705577123,-0.18109461402603486,0.0,-0.10208077944708638,0.8492049213108923,0.8999673813749206,1.127073107014645,1.499997319921581,1.5837834890603424,0.9216566654513572,0.3990354862618189,0.928007648881074,7.53e-5,0.00285,0.30699999999999994,0.5872523687443223,0.024381858412815934,0.1567885028885718,0.7103981633974483
0.4500832916765859,0.0027747,1.0,8.456204592400809,-1146.5343109744113,-1144.9742325526784,-0.002393924521824994,0.015980177602994423,0.02804422840307712,-0.17344147086402306,0.0,-0.13430007818222836,0.8546713819433696,0.8988362603384247,1.1249475312609325,1.4999966459444618,1.577538645783633,0.9232839309600345,0.4046551677808089,0.9239523089790389,7.53e-5,0.00285,0.30699999999999994,0.5872523687443223,0.024395485124449903,0.15683267300890485,0.7353981633974482
0.47501041536466077,0.0027747,1.0,7.817285054492459,-1146.2542083899634,-1144.6547727837242,-0.003155512878602303,0.017584117628869824,0.035517683278271955,-0.16303538718636953,0.0,-0.1549531199056237,0.8587017429529649,0.8979026250322422,1.1236307777984338,1.4999953199583838,1.5732557319278668,0.9244726360014208,0.4091144528806991,0.920914079973602,7.53e-5,0.00285,0.30699999999999994,0.5872523687443223,0.024419527918776086,0.15691057687783752,0.7603981633974483
0.4999999999999999,0.0027747,1.0,7.410574923389959,-1146.0781459553705,-1144.451417718173,-0.003396852782363015,0.01856492284127338,0.040325077877785866,-0.15868511473933852,0.0,-0.16181087447034823,0.8627363627979419,0.8978519952196906,1.1230863871560475,1.4999957608729164,1.5703341618974778,0.9251141389687194,0.4116069482258613,0.9186872768907628,7.53e-5,0.00285,0.30699999999999994,0.5872523687443223,0.02443911882020037,0.156974028005404,0.7853981633974483
0.5249895846353393,0.0027747,1.0,7.225031497821874,-1145.9911509926276,-1144.358646005389,-0.003245041029658209,0.019978690454142228,0.041303211860435805,-0.15726834995117997,0.0,-0.15744751521571473,0.8649412258052104,0.8987552132086866,1.123360158884022,1.499998131164123,1.5704467900289196,0.9253311992765703,0.41256356721069576,0.917531909935478,7.53e-5,0.00285,0.30699999999999994,0.5872523687443223,0.02444923371603265,0.1570067784843004,0.8103981633974483
0.5499167083234141,0.0027747,1.0,7.266416063157976,-1146.0007869969502,-1144.379338288057,-0.002665923927796335,0.02041047038349584,0.040604227079776366,-0.15808602282909803,0.0,-0.14119357854657114,0.8665071279620724,0.9002636844971535,1.1243951188604642,1.4999961954647227,1.5727825000198972,0.9250069986048941,0.41120515339666924,0.9172259326769829,7.53e-5,0.00285,0.30699999999999994,0.5872523687443223,0.024476028050028315,0.15709350251424542,0.8353981633974483
0.5747190662367996,0.0027747,1.0,7.5564371262603345,-1146.1242296309308,-1144.5243488196081,-0.0016100899147791746,0.019749518664377796,0.038786126177546114,-0.16260413918358887,0.0,-0.11137722854898274,0.8686831014279615,0.9005894806706485,1.1260715588656547,1.4999875316254787,1.5755201040959368,0.9239529537433973,0.4075171441281826,0.9175261285085735,7.53e-5,0.00285,0.30699999999999994,0.5872523687443223,0.024488937652328638,0.1571352699300453,0.8603981633974482
0.5993346653975306,0.0027747,1.0,8.130088309146686,-1146.3657168140066,-1144.8111744110513,-0.00014624215070436895,0.019674268118558425,0.03278922338490621,-0.1646116866934451,0.0,-0.07091826663369602,0.8687733222102076,0.9027163482414968,1.1286731818897793,1.4999846148241933,1.5811950985789698,0.9227168706020832,0.40386325821729563,0.9191284149886104,7.53e-5,0.00285,0.30699999999999994,0.5872523687443223,0.024498031166246964,0.15716468442317094,0.8853981633974483
0.6237019796272614,0.0027747,1.0,9.031011176638913,-1146.7526906167375,-1145.2616358447974,0.0016989667173194604,0.018581594202502234,0.025568027211170973,-0.17521096344878165,0.0,-0.01968523743850046,0.8687310639229073,0.9057935005908166,1.1318572064127703,1.4999740385506488,1.589221934446166,0.9208141501338268,0.3969186196946354,0.9211832617708435,7.53e-5,0.00285,0.30699999999999994,0.5872523687443223,0.02451992465987044,0.15723548076955185,0.9103981633974483
0.6477601033306698,0.0027747,1.0,10.30570076224194,-1147.301681527746,-1145.898980637599,0.003973723803374024,0.01796339494940487,0.015285530704342819,-0.18207360742770565,0.0,0.03794966129749676,0.8669155028040276,0.90849900055734,1.1357627507881074,1.4999567502758637,1.5983742355858919,0.9186269857139349,0.39040608883854366,0.9243995144988472,7.53e-5,0.00285,0.30699999999999994,0.5872523687443223,0.024523142290484252,0.15724588292964894,0.9353981633974483
0.6714489037277258,0.0027747,1.0,11.997279243970752,-1148.0453209993432,-1146.7447698784633,0.006724018376634212,0.014449526462510976,0.006068062046229024,-0.1916215302564556,0.0,0.10843820661907798,0.8661297509750305,0.9126429288670306,1.140254082447849,1.4999707047809776,1.6070725419053555,0.9160658409582955,0.3820273300933331,0.9280042723745003,7.53e-5,0.00285,0.30699999999999994,0.5872523687443223,0.024568756847429554,0.15739327705841022,0.9603981633974483
0.6947091711543253,0.0027747,1.0,14.141130631174292,-1148.9852358961843,-1147.816695572065,0.009792992018813167,0.012987429616186834,-0.006349350046820336,-0.20608150144149848,0.0,0.1833103453581776,0.8634527761977809,0.9176861111590431,1.14530168463356,1.4999957646890985,1.618291487304437,0.9132044544565122,0.3732307742605152,0.9324703765936473,7.53e-5,0.00285,0.30699999999999994,0.5872523687443223,0.0245810473625478,0.1574329685328204,0.9853981633974482
0.7174827670556151,0.0027747,1.0,16.759873265224087,-1150.1355436827816,-1149.12606688909,0.013214482015924775,0.00781735677588449,-0.019261842786919506,-0.22123579815702343,0.0,0.26218863441439116,0.8599185762816157,0.9229512076251332,1.1508291310020726,1.4999716347458487,1.6303303645501621,0.9101153148105292,0.36429527961048913,0.9376063539264756,7.53e-5,0.00285,0.30699999999999994,0.5872523687443223,0.024599632321835367,0.1574929691661331,1.0103981633974484
0.7397127693021015,0.0027747,1.0,19.841912727916224,-1151.6695253708779,-1150.667086620436,0.016622722830640976,0.006890985235190076,-0.03684299166170993,-0.2280839181999438,0.0,0.3551607173107761,0.854012489075203,0.9273453628813016,1.146728208766704,1.4600490479453052,1.6424392630302727,0.9078064493201521,0.3706296979817162,0.9432608972329748,7.53e-5,0.00285,0.30699999999999994,0.5872523687443223,0.02463587410482508,0.15760991047723577,1.0353981633974483
0.26028723069789844,0.0028497,1.0,27.505958111660675,-1154.9744517642996,-1154.4991093123083,0.019424152853360188,-0.008199199680162656,-0.08405089068069546,-0.2925306826234453,0.0,0.3638060093542914,0.7978163119844884,0.925069187477618,1.1591813859107063,1.4999851154519908,1.6560179926588017,0.9013490159881885,0.3355643844183493,0.9736600450260575,7.53e-5,0.002925,0.30699999999999994,0.5872523687443223,0.024204767784937742,0.1562133765232058,0.5353981633974483
0.28251723294438486,0.0028497,1.0,23.88765893193022,-1153.402948255947,-1152.689959722443,0.015592201016229629,-0.004206408321438813,-0.06741181434660279,-0.27447375439754124,0.0,0.275216216599618,0.8074387269639908,0.9175010752292794,1.1526658201060778,1.4999941862925081,1.641114443979226,0.9044216544200059,0.3431408291845315,0.9646251220230714,7.53e-5,0.002925,0.30699999999999994,0.5872523687443223,0.024237694588465974,0.1563204657570834,0.5603981633974483
0.3052908288456748,0.0028497,1.0,20.711762622504466,-1152.0186173956376,-1151.1020115677302,0.012157122752728289,-0.001051908769268553,-0.04761468807069746,-0.25472720865170057,0.0,0.19144137578917925,0.8152549663301395,0.9121733080194996,1.1467004324194408,1.499943999298681,1.6262194311311642,0.9076427879094568,0.3524642902900753,0.9565135584620096,7.53e-5,0.002925,0.30699999999999994,0.5872523687443223,0.024268474260796768,0.15642050765798685,0.5853981633974483
0.3285510962722743,0.0028497,1.0,17.980145424552575,-1150.8333907651506,-1149.7362029687542,0.009088724616222853,0.0019605368095594535,-0.029291589158682192,-0.23583532171586222,0.0,0.11237469683874754,0.8235278201182827,0.905251813528294,1.141081242667908,1.4999702913098878,1.610402151533345,0.9105140420075899,0.3605045643545084,0.9486181969176304,7.53e-5,0.002925,0.30699999999999994,0.5872523687443223,0.0242910549447851,0.15649386139044677,0.6103981633974482
0.3522398966693302,0.0028497,1.0,15.680452433956361,-1149.8257178574092,-1148.5863564734561,0.006337086807660737,0.006012852779439669,-0.013626354956686196,-0.22272125058570755,0.0,0.036481793066334214,0.8298449402699704,0.9007964962013758,1.1361012991988677,1.499992597627127,1.597959003742551,0.9132673410740243,0.36932164360519604,0.9416216508850388,7.53e-5,0.002925,0.30699999999999994,0.5872523687443223,0.02431926472830731,0.15658545465343182,0.6353981633974483
0.3762980203727385,0.0028497,1.0,13.787179413088325,-1149.0021769421855,-1147.6397199630221,0.004045963248608029,0.00764342805902943,0.002020544884280395,-0.20792367854850582,0.0,-0.027405658349448938,0.8368032142591286,0.89563502348028,1.1317274247573947,1.4999856159225695,1.5846125384726704,0.915832077082946,0.37763523261929527,0.9352126262918394,7.53e-5,0.002925,0.30699999999999994,0.5872523687443223,0.024361169254944994,0.15672141728394873,0.6603981633974483
0.4006653346024694,0.0028497,1.0,12.264411075462704,-1148.3354253727089,-1146.8783357942093,0.0018998729826040347,0.010161291090180304,0.01541421670069451,-0.19428671552197205,0.0,-0.08177133576500988,0.8433026080581949,0.89195933430373,1.128043616510155,1.4999941234338845,1.5760666238659897,0.9180602858968924,0.3845617409836496,0.9293342288390405,7.53e-5,0.002925,0.30699999999999994,0.5872523687443223,0.024381564956928954,0.15678755153759474,0.6853981633974483
0.42528093376320036,0.0028497,1.0,11.071015974199327,-1147.812611260913,-1146.2816382435776,0.00037799633997467256,0.012354886760153219,0.026596387272364085,-0.18411304131000536,0.0,-0.12673576244955195,0.8484033278893203,0.8890480385175968,1.125106584441035,1.4999995132308337,1.5672112752070286,0.9200242861752446,0.39121922251151053,0.9245800534026933,7.53e-5,0.002925,0.30699999999999994,0.5872523687443223,0.024407703144441583,0.15687226671896046,0.7103981633974483
0.4500832916765859,0.0028497,1.0,10.16566505568153,-1147.4190830707744,-1145.8289627843187,-0.0007190819594881134,0.01370589815534127,0.03671795592240437,-0.1762894741814643,0.0,-0.16195068975538165,0.8537390561045712,0.8874344788915353,1.1229258618952214,1.4999882734416519,1.5602061280662558,0.9215570741686975,0.396806336125068,0.9204709927957035,7.53e-5,0.002925,0.30699999999999994,0.5872523687443223,0.024437011917726483,0.15696720534738215,0.7353981633974482
0.47501041536466077,0.0028497,1.0,9.512244144881606,-1147.1256843057895,-1145.5022523289188,-0.0013963473203561436,0.017013734835256374,0.042346869016842634,-0.1681825221438964,0.0,-0.18286477605481516,0.8565601520393189,0.8861144382184762,1.1216131696216363,1.4999983083022024,1.5556357220798729,0.922768829832279,0.401632464570318,0.9176887111407181,7.53e-5,0.002925,0.30699999999999994,0.5872523687443223,0.02444958244378526,0.1570079074934,0.7603981633974483
0.4999999999999999,0.0028497,1.0,9.085858605962585,-1146.9369460629134,-1145.2890595594592,-0.0017110275310779459,0.01808772004105642,0.046280667945227866,-0.1617043822302916,0.0,-0.19137051703346766,0.8599097217420837,0.8863939793562778,1.1210354253502828,1.4999868231195266,1.5533758778531053,0.9233973229486002,0.40371780858463957,0.9153900315867662,7.53e-5,0.002925,0.30699999999999994,0.5872523687443223,0.02447069309835326,0.15707623880457763,0.7853981633974483
0.5249895846353393,0.0028497,1.0,8.875528474219209,-1146.844956515341,-1145.1838944935876,-0.0015069531047595345,0.015986767741559712,0.04977115093856019,-0.16078593488648835,0.0,-0.1875438169045991,0.8642845288925425,0.8857225942671078,1.1212181633679374,1.4999929277917459,1.5521231995452576,0.9234931430835905,0.40390479739819163,0.9138540125575834,7.53e-5,0.002925,0.30699999999999994,0.5872523687443223,0.02448518276105688,0.157123122552527,0.8103981633974483
0.5499167083234141,0.0028497,1.0,8.88692474679101,-1146.8431684204188,-1145.1895926298735,-0.0009253020897468885,0.017801501207620463,0.04879771645861113,-0.1623118043527043,0.0,-0.1678604680775738,0.865867030836149,0.8875490828612306,1.1222759575708006,1.4999949369114203,1.554075384874165,0.9231996189074096,0.4031477452973742,0.9135373270598071,7.53e-5,0.002925,0.30699999999999994,0.5872523687443223,0.024504412663427948,0.15718532326630386,0.8353981633974483
0.5747190662367996,0.0028497,1.0,9.141215678652316,-1146.941123563099,-1145.316738095804,4.913162280660153e-5,0.018848288988111462,0.04395069426439904,-0.16659425317439938,0.0,-0.13879761458474224,0.8664074232973877,0.8894865359095948,1.1241680870611719,1.4999982981327489,1.5589695770281662,0.9224928960857628,0.4017313971488559,0.9143024524883441,7.53e-5,0.002925,0.30699999999999994,0.5872523687443223,0.02451623864306053,0.15722356356316314,0.8603981633974482
0.5993346653975306,0.0028497,1.0,9.67235704792165,-1147.1666526220633,-1145.5823087804388,0.0014269406077356082,0.01869746339437014,0.03849982507854363,-0.1704756714556674,0.0,-0.09819023086713403,0.8672432588933653,0.8925433864309331,1.1267569314986876,1.4999942502522412,1.5655060575787536,0.9212156686813451,0.39736014751288085,0.9156219651309447,7.53e-5,0.002925,0.30699999999999994,0.5872523687443223,0.024526412779425247,0.15725645529176743,0.8853981633974483
0.6237019796272614,0.0028497,1.0,10.52285366662818,-1147.5347455736276,-1146.007557089792,0.0033979913258664605,0.018279737748611517,0.03143677617209598,-0.17369561970151606,0.0,-0.047123369984415533,0.8668900386180054,0.895539151751856,1.1300614222395973,1.499891850950242,1.5712911786634498,0.9196168641242726,0.39281499002112297,0.9180782720125182,7.53e-5,0.002925,0.30699999999999994,0.5872523687443223,0.024546591676195554,0.15732167150747578,0.9103981633974483
0.6477601033306698,0.0028497,1.0,11.736694826941857,-1148.05789392763,-1146.6144776699489,0.005517762790090596,0.013867367478233623,0.023453063911672224,-0.18257849597188477,0.0,0.0157163610980449,0.8671306005384865,0.8994272170566223,1.1341041819184507,1.4999893416458587,1.582002068492271,0.9175551740278304,0.38601447528116134,0.9209975866457921,7.53e-5,0.002925,0.30699999999999994,0.5872523687443223,0.02458465973492663,0.15744463263130135,0.9353981633974483
0.6714489037277258,0.0028497,1.0,13.356734047375085,-1148.7593871622262,-1147.4244972801655,0.008114615066058822,0.012541489665519238,0.011251545158647992,-0.19192747183131542,0.0,0.08668501497035953,0.864947646361725,0.9045527128898448,1.138793542820288,1.4999977095159314,1.5931599030021242,0.9153009781473939,0.37928621576839505,0.9250267422843879,7.53e-5,0.002925,0.30699999999999994,0.5872523687443223,0.02460649578780696,0.15751512194427264,0.9603981633974483
0.6947091711543253,0.0028497,1.0,15.416322995720293,-1149.6567379764476,-1148.454291754338,0.01114656700601075,0.008204114160387584,-0.00143700820341385,-0.20447500029178606,0.0,0.16199056049421998,0.8618058060513014,0.9098463359414583,1.1439832410084494,1.4999546850491499,1.6048866691808117,0.9126791762640336,0.3717096530305264,0.9298511370346609,7.53e-5,0.002925,0.30699999999999994,0.5872523687443223,0.024614854802120494,0.15754209774286868,0.9853981633974482
0.7174827670556151,0.0028497,1.0,17.93332682918799,-1150.893685277037,-1149.712793671072,0.014283611255390802,0.008796381149319986,-0.01778507273857741,-0.21533063514106188,0.0,0.24930873125953673,0.857780750835625,0.9146073007880893,1.1418414540823059,1.46940991990037,1.6166246389964813,0.9101856344640396,0.3737684265376705,0.9346689981450051,7.53e-5,0.002925,0.30699999999999994,0.5872523687443223,0.024647441602560646,0.15764721765250378,1.0103981633974484
0.7397127693021015,0.0028497,1.0,20.81795182908445,-1152.674051717349,-1151.1551061710202,0.01703255833454963,0.0001893502337801855,-0.038604914999783455,-0.21011581917734318,0.0,0.34674989041775167,0.8479628597592269,0.9138656628721074,1.11438269540264,1.3446915592669009,1.6253223309772835,0.9084465695737602,0.40924236355930976,0.9388248560397541,7.53e-5,0.002925,0.30699999999999994,0.5872523687443223,0.024695253212099613,0.15780132789108003,1.0353981633974483
0.26028723069789844,0.0029247,1.0,28.83059542045885,-1155.674522638985,-1155.1614279667074,0.020493351598058533,-0.008644124291870774,-0.08239049733092738,-0.29254823862160867,0.0,0.34592692909063577,0.7967286611937135,0.9185145766482952,1.1579296567538113,1.4999401419453233,1.6454658846550352,0.9003254254211839,0.3310812018722561,0.9714480165837893,7.53e-5,0.003,0.30699999999999994,0.5872523687443223,0.024223262685709224,0.15627353700754787,0.5353981633974483
0.28251723294438486,0.0029247,1.0,25.252397608711362,-1154.1157362617657,-1153.3723290608336,0.016830797011195456,-0.005138066000450347,-0.06267431218964853,-0.2781167740970966,0.0,0.2573039014485269,0.804928873221624,0.9105644050532509,1.1513324182228875,1.4999948180898137,1.6290701067933804,0.9033388174373262,0.33857564576299726,0.962603960086051,7.53e-5,0.003,0.30699999999999994,0.5872523687443223,0.02424870920970987,0.15635627323995743,0.5603981633974483
0.3052908288456748,0.0029247,1.0,22.105267315874244,-1152.7472301320952,-1151.798763914415,0.0134802500689303,-0.0026842065133287313,-0.04239719872665125,-0.25883451376266947,0.0,0.17174394982115232,0.8131763879674977,0.9034194103532347,1.1451642133345943,1.4999863087681442,1.6128291341771812,0.9062699950679065,0.3460979878962249,0.9540640031415042,7.53e-5,0.003,0.30699999999999994,0.5872523687443223,0.024278587393201486,0.1564533644516086,0.5853981633974483
0.3285510962722743,0.0029247,1.0,19.3925641847959,-1151.5656951273318,-1150.442412348876,0.010478496704000924,0.0010767036481772135,-0.024179432986914207,-0.24045001693790188,0.0,0.09130379616508222,0.8210329145910469,0.8965769262708374,1.139505846646446,1.4999848741117485,1.5970621791479156,0.9090787840582387,0.3541037568489811,0.9461604638272604,7.53e-5,0.003,0.30699999999999994,0.5872523687443223,0.024315362479982637,0.1565727876814341,0.6103981633974482
0.3522398966693302,0.0029247,1.0,17.103026552573738,-1150.5615558242214,-1149.2976435327648,0.007785054702689966,0.004362090993012525,-0.008246765467701206,-0.22711043080992807,0.0,0.016657153373080547,0.8278034422664832,0.8905632976156941,1.1344154829006097,1.4999774540892565,1.583545431823239,0.9117719664750302,0.36168593753053163,0.9389929069960246,7.53e-5,0.003,0.30699999999999994,0.5872523687443223,0.024345020162606472,0.15666903375969846,0.6353981633974483
0.3762980203727385,0.0029247,1.0,15.21205511634571,-1149.7365451068447,-1148.3521578146508,0.005465095416741544,0.005886021567539825,0.007758949656034013,-0.21027798427828362,0.0,-0.048428419519791974,0.8351137024451044,0.8853817584389645,1.1300204102982214,1.4999955263773117,1.570872137874503,0.9143021489187507,0.36992739671214914,0.9323794461471714,7.53e-5,0.003,0.30699999999999994,0.5872523687443223,0.024372602396178344,0.15675849323458568,0.6603981633974483
0.4006653346024694,0.0029247,1.0,13.68527938004172,-1149.0636824077476,-1147.5887699464988,0.003578328367981189,0.006833662897276243,0.019417775431815745,-0.19932227362291718,0.0,-0.1074012288428398,0.8405982616811198,0.8809596968334293,1.1262833802867867,1.4999930285334893,1.5601732801160964,0.9165817907914682,0.3771565525049099,0.9267853462927415,7.53e-5,0.003,0.30699999999999994,0.5872523687443223,0.02438416162889725,0.15679596946221064,0.6853981633974483
0.42528093376320036,0.0029247,1.0,12.482428279903615,-1148.5390633386926,-1146.9873443964298,0.002054946691272832,0.011398309288798177,0.032628021093177036,-0.18656929069897088,0.0,-0.15089854257231464,0.8468224197673204,0.8774109375498647,1.123279119493246,1.499975284468992,1.5508480132233364,0.9183888110147833,0.38299382126378656,0.9216492990118803,7.53e-5,0.003,0.30699999999999994,0.5872523687443223,0.024400556929635067,0.15684910987175302,0.7103981633974483
0.4500832916765859,0.0029247,1.0,11.562800848228107,-1148.1281299719903,-1146.527530680592,0.000991098052173659,0.013373648804489617,0.04263646876283851,-0.17674070267176903,0.0,-0.18548017414643767,0.8506549050851647,0.8750542337452444,1.1211353397653108,1.4999951306643267,1.5438321949375284,0.9200348169746163,0.38902487283321274,0.9178606082240804,7.53e-5,0.003,0.30699999999999994,0.5872523687443223,0.024438613151298635,0.15697239055377302,0.7353981633974482
0.47501041536466077,0.0029247,1.0,10.891508625829374,-1147.8348031098076,-1146.1918845693926,0.00023528698224097226,0.013150487367311631,0.048682455985996104,-0.17122219779177408,0.0,-0.20629900623770744,0.8554014824115506,0.8750724877715395,1.1197494846860787,1.4999868821686766,1.540161090707101,0.9211342186619368,0.39273291785293946,0.9144916772261087,7.53e-5,0.003,0.30699999999999994,0.5872523687443223,0.024446617898375288,0.1569983095018339,0.7603981633974483
0.4999999999999999,0.0029247,1.0,10.44371790303785,-1147.6304061186434,-1145.9679892079969,5.083125825963679e-5,0.01586005303935873,0.052902207455420375,-0.16532631305602646,0.0,-0.21710696501599897,0.8578720743386925,0.8740651803639603,1.1191469715924007,1.4999770659560947,1.5365614029270427,0.9217685684719141,0.3952963168876341,0.9124146705486142,7.53e-5,0.003,0.30699999999999994,0.5872523687443223,0.02447114417978174,0.15707769855868048,0.7853981633974483
0.5249895846353393,0.0029247,1.0,10.208820274049685,-1147.5245157639238,-1145.8505403935028,0.00016424294909603233,0.015608881487780193,0.05519586721234147,-0.16369249492413276,0.0,-0.21036121913479813,0.8615156183799555,0.8745777883724775,1.1193962661903283,1.4999941023606753,1.5364790001063686,0.9220068576170033,0.3960484398379847,0.9109564256599335,7.53e-5,0.003,0.30699999999999994,0.5872523687443223,0.024487758168951237,0.1571314543035565,0.8103981633974483
0.5499167083234141,0.0029247,1.0,10.192519402514336,-1147.510824422892,-1145.8423899577351,0.0007856539708253076,0.017784699095780527,0.054798373326474165,-0.16604989679869456,0.0,-0.19378086361150243,0.8640542967134834,0.8753341618134303,1.1204284278315864,1.4999925340969484,1.5377759494906136,0.9217278194122747,0.395552666774187,0.9105458100548822,7.53e-5,0.003,0.30699999999999994,0.5872523687443223,0.024512507315005556,0.15721149897209472,0.8353981633974483
0.5747190662367996,0.0029247,1.0,10.415552614017997,-1147.5994994430723,-1145.953906563487,0.001677170422902347,0.01650434520841114,0.05127798318183696,-0.16765819108551883,0.0,-0.16591472685793965,0.8652965226280306,0.8779609422090994,1.1222611301442227,1.4999812654238014,1.5431301159103419,0.9209017035829679,0.3930287202595494,0.9109401714646133,7.53e-5,0.003,0.30699999999999994,0.5872523687443223,0.0245278276978235,0.15726102902171363,0.8603981633974482
0.5993346653975306,0.0029247,1.0,10.911401089490482,-1147.8082016121011,-1146.2018308012232,0.0030035408955412703,0.01361426022939451,0.045505092403064315,-0.16980986388962518,0.0,-0.12250890805342242,0.8656945325485403,0.8811477212045132,1.1249199585656857,1.4999874580395125,1.5496179057704866,0.9196875199207992,0.38960363517430324,0.9124074682705936,7.53e-5,0.003,0.30699999999999994,0.5872523687443223,0.02454799808326745,0.1573262159029361,0.8853981633974483
0.6237019796272614,0.0029247,1.0,11.721753081042152,-1148.165281167334,-1146.607006796999,0.004867495613748381,0.012016326364226518,0.040257533436031,-0.17215875060948327,0.0,-0.07056839762501377,0.8671595831222395,0.8838348998618124,1.128176281965669,1.499927651485534,1.5555635467277957,0.9180449671987038,0.3838110283726223,0.914443274085005,7.53e-5,0.003,0.30699999999999994,0.5872523687443223,0.02456254569281568,0.15737321482947703,0.9103981633974483
0.6477601033306698,0.0029247,1.0,12.89064589014697,-1148.6710340284912,-1147.1914532015514,0.006946480280153607,0.012551473669544528,0.0297695212081873,-0.1795946053342623,0.0,-0.011596085823588979,0.8658026950132907,0.8902193603904998,1.1321737500162397,1.499633302396437,1.5669412362142299,0.9160889091293918,0.37807529938954265,0.9174523166449113,7.53e-5,0.003,0.30699999999999994,0.5872523687443223,0.02459931003259082,0.15749192885933155,0.9353981633974483
0.6714489037277258,0.0029247,1.0,14.455151878839388,-1149.478734664365,-1147.9737061958976,0.00941374936646454,0.010714622898510372,0.016892325078924637,-0.18775747616591532,0.0,0.06708457716963646,0.862943329260285,0.8927383379084741,1.128724576496435,1.4677229352358907,1.5757579713699918,0.9141203895266645,0.3811325996085765,0.9210208473452444,7.53e-5,0.003,0.30699999999999994,0.5872523687443223,0.024621522041450707,0.1575636107280595,0.9603981633974483
0.6947091711543253,0.0029247,1.0,16.400025512842603,-1150.589921304926,-1148.9461430128993,0.011870005555997612,0.004992446721784312,-0.0010116077375714602,-0.18699791401602675,0.0,0.15106126621110694,0.8566750312411181,0.8948162284606754,1.1158608887169343,1.3984863050733431,1.5866798187703588,0.9123214032093692,0.39726768744855445,0.9248850551497516,7.53e-5,0.003,0.30699999999999994,0.5872523687443223,0.02464840719013468,0.15765033145304494,0.9853981633974482
0.7174827670556151,0.0029247,1.0,18.73140410331189,-1151.8113724190594,-1150.111832308134,0.014726643977123597,-0.000613980870274938,-0.021303959706878463,-0.19289224374775313,0.0,0.24189960636512303,0.8507139460479973,0.8994332425247955,1.1071061389478007,1.3446291801894779,1.5995400376827205,0.9105038619797479,0.4111432691016228,0.9299160251568821,7.53e-5,0.003,0.30699999999999994,0.5872523687443223,0.024663969580809603,0.15770050842935993,1.0103981633974484
0.7397127693021015,0.0029247,1.0,21.45059473919673,-1153.1911811046502,-1151.4714276260763,0.017684677214463655,-0.005758627194580311,-0.04080657210223317,-0.19466806253914432,0.0,0.33685723046354016,0.8430467269321092,0.9051054333236999,1.0984237513303268,1.2911028596064837,1.6149775629019254,0.9087310843234837,0.4274383915167861,0.9358024524004774,7.53e-5,0.003,0.30699999999999994,0.5872523687443223,0.024705676739958115,0.15783490653593732,1.0353981633974483
