sin2_theta12,dm2_21,dchi2,log_likelihood,log_posterior,kamland_energy_scale,kamland_flux_scale,kamland_geonu_scale,dm2_31,dcp,theta12,sin2_theta13,theta13,sin2_theta23,theta23
0.24000000000000005,1.0e-5,73.06137173363638,-92.29669608657977,-100.47956790187415,-1.9237495677523824,-2.9999984811136984,0.3940192224188195,0.0024752999999999997,1.0,0.5119726880494763,0.0218,0.14819001778459273,0.57,0.8556288707523761
0.256582440274312,1.0e-5,67.38799345671868,-89.45899863418337,-97.6428787634153,-1.924277109890619,-2.9999962530540025,0.46953740753733886,0.0024752999999999997,1.0,0.5311667452664548,0.0218,0.14819001778459273,0.57,0.8556288707523761
0.27352354813649893,1.0e-5,62.38576571620547,-87.8128098543902,-95.1417648931587,-1.4117258361005782,-2.9999999827910573,0.4999999371166731,0.0024752999999999997,1.0,0.5503608024834333,0.0218,0.14819001778459273,0.57,0.8556288707523761
0.29079836143387255,1.0e-5,57.982319275976465,-85.61768348956123,-92.94004167304419,-1.4070459004022753,-2.999999642775024,0.4999982350631966,0.0024752999999999997,1.0,0.5695548597004119,0.0218,0.14819001778459273,0.57,0.8556288707523761
0.3083814263100086,1.0e-5,54.269926050090504,-83.7697836126406,-91.08384506010121,-1.401136226606552,-2.999999970822532,0.49999999999999956,0.0024752999999999997,1.0,0.5887489169173903,0.0218,0.14819001778459273,0.57,0.8556288707523761
0.3262468347101488,1.0e-5,51.447033725909165,-82.9509383441734,-89.67239889801054,-0.8820322906000079,-2.999999966922736,0.4999999999982163,0.0024752999999999997,1.0,0.6079429741343689,0.0218,0.14819001778459273,0.57,0.8556288707523761
0.34436826255584724,1.0e-5,48.846514214575876,-81.66384247529396,-88.3721391423439,-0.8669823594619878,-2.9999990963339975,0.49999872633180065,0.0024752999999999997,1.0,0.6271370313513474,0.0218,0.14819001778459273,0.57,0.8556288707523761
0.36271900853261546,1.0e-5,46.75460499527287,-80.6275821371934,-87.3261845326924,-0.8557246991442612,-2.9999999476326096,0.5,0.0024752999999999997,1.0,0.6463310885683259,0.0218,0.14819001778459273,0.57,0.8556288707523761
0.3812720334334112,1.0e-5,45.10684579969541,-79.81173900268283,-86.50230493490366,-0.8462887921011295,-2.9999978000540093,0.49999808429980164,0.0024752999999999997,1.0,0.6655251457853044,0.0218,0.14819001778459273,0.57,0.8556288707523761
0.4,1.0e-5,43.83946241697376,-79.18448924912836,-85.86861324354284,-0.8386344887090692,-2.9999999731166387,0.4999999954283867,0.0024752999999999997,1.0,0.684719203002283,0.0218,0.14819001778459273,0.57,0.8556288707523761
0.24000000000000005,1.1000000000000001e-5,57.17617792560975,-84.38898694749295,-92.53697099786083,-1.905525611960515,-2.9999999830702477,0.49999999999999967,0.0024752999999999997,1.0,0.5119726880494763,0.0218,0.14819001778459273,0.57,0.8556288707523761
0.256582440274312,1.1000000000000001e-5,52.04600773620686,-82.67341463264239,-89.97188590315939,-1.3899648467466779,-2.9999999868942804,0.4999999774828493,0.0024752999999999997,1.0,0.5311667452664548,0.0218,0.14819001778459273,0.57,0.8556288707523761
0.27352354813649893,1.1000000000000001e-5,47.90293823277676,-80.61310118128888,-87.90035115144434,-1.3818681925674425,-2.999999982367417,0.4999999670675298,0.0024752999999999997,1.0,0.5503608024834333,0.0218,0.14819001778459273,0.57,0.8556288707523761
0.29079836143387255,1.1000000000000001e-5,44.60328232350972,-78.97708156553358,-86.25052319681082,-1.3718392870298817,-2.9999999814398377,0.49999998583722194,0.0024752999999999997,1.0,0.5695548597004119,0.0218,0.14819001778459273,0.57,0.8556288707523761
0.3083814263100086,1.1000000000000001e-5,42.094131542504954,-78.08930100969172,-84.99594780630844,-1.071612831729576,-2.9999998646048587,0.49999999991072663,0.0024752999999999997,1.0,0.5887489169173903,0.0218,0.14819001778459273,0.57,0.8556288707523761
0.3262468347101488,1.1000000000000001e-5,39.93929241144946,-77.25444992266284,-83.91852824078069,-0.8143810741467953,-2.9999999596384024,0.49999999310796805,0.0024752999999999997,1.0,0.6079429741343689,0.0218,0.14819001778459273,0.57,0.8556288707523761
0.34436826255584724,1.1000000000000001e-5,38.50840122391946,-76.54864927860334,-83.20308264701569,-0.8024785116487226,-2.9999924384387997,0.4999994799347981,0.0024752999999999997,1.0,0.6271370313513474,0.0218,0.14819001778459273,0.57,0.8556288707523761
0.36271900853261546,1.1000000000000001e-5,37.68873320669502,-76.34446035356616,-82.79324863840347,-0.4823249797553861,-2.9999998065169566,0.4999999981693731,0.0024752999999999997,1.0,0.6463310885683259,0.0218,0.14819001778459273,0.57,0.8556288707523761
0.3812720334334112,1.1000000000000001e-5,36.99818781512508,-75.82932408141635,-82.4479759426185,-0.7754786973247695,-2.995162127151551,0.4999999999874778,0.0024752999999999997,1.0,0.6655251457853044,0.0218,0.14819001778459273,0.57,0.8556288707523761
0.4,1.1000000000000001e-5,36.66046794099026,-76.02057147492009,-82.27911600555109,-0.7692553632652519,-2.874090273960239,0.499998973547785,0.0024752999999999997,1.0,0.684719203002283,0.0218,0.14819001778459273,0.57,0.8556288707523761
0.24000000000000005,1.2e-5,44.80308455153116,-79.66867738104101,-86.35042431082154,-0.8357952833086206,-2.9999999599138905,0.49999998236240795,0.0024752999999999997,1.0,0.5119726880494763,0.0218,0.14819001778459273,0.57,0.8556288707523761
0.256582440274312,1.2e-5,40.84059169944996,-77.69789834067252,-84.36917788478094,-0.8231760862864398,-2.999999979117695,0.49999998995789774,0.0024752999999999997,1.0,0.5311667452664548,0.0218,0.14819001778459273,0.57,0.8556288707523761
0.27352354813649893,1.2e-5,37.90606002522989,-76.24178083607232,-82.9019120476709,-0.8095199302987773,-2.999999926861572,0.4999999970078497,0.0024752999999999997,1.0,0.5503608024834333,0.0218,0.14819001778459273,0.57,0.8556288707523761
0.29079836143387255,1.2e-5,35.912142071374404,-75.25681706381854,-81.90495307074316,-0.7946076082528976,-2.999988403024095,0.49999950247727476,0.0024752999999999997,1.0,0.5695548597004119,0.0218,0.14819001778459273,0.57,0.8556288707523761
0.3083814263100086,1.2e-5,34.72987475654293,-74.8994657193991,-81.31381941332742,-0.7819730139901943,-2.924429046629606,0.4999999885844142,0.0024752999999999997,1.0,0.5887489169173903,0.0218,0.14819001778459273,0.57,0.8556288707523761
0.3262468347101488,1.2e-5,34.03507136151029,-75.20812814506239,-80.9664177158111,-0.46319937225223695,-2.7635276619867186,0.4999999840304937,0.0024752999999999997,1.0,0.6079429741343689,0.0218,0.14819001778459273,0.57,0.8556288707523761
0.34436826255584724,1.2e-5,33.498758988707266,-75.43821473569922,-80.69826152940959,-0.770468166880468,-2.5023053464291314,0.4999954432533963,0.0024752999999999997,1.0,0.6271370313513474,0.0218,0.14819001778459273,0.57,0.8556288707523761
0.36271900853261546,1.2e-5,33.26642623305719,-75.76979695623601,-80.58209515158455,-0.7635565544128541,-2.318757735174909,0.4999999881431252,0.0024752999999999997,1.0,0.6463310885683259,0.0218,0.14819001778459273,0.57,0.8556288707523761
0.3812720334334112,1.2e-5,33.18286052819602,-76.15113258886967,-80.54031229915397,-0.4487068094063107,-2.21632156405252,0.4999999874970823,0.0024752999999999997,1.0,0.6655251457853044,0.0218,0.14819001778459273,0.57,0.8556288707523761
0.4,1.2e-5,33.191749067735145,-76.40116945484154,-80.54475656892353,-0.06722514099121378,-2.1488868430203385,0.4999990387291947,0.0024752999999999997,1.0,0.684719203002283,0.0218,0.14819001778459273,0.57,0.8556288707523761
0.24000000000000005,1.3000000000000001e-5,36.118116055411974,-75.03544896155817,-82.00794006276195,-1.1313896928914582,-2.99999987012495,0.49999999996612654,0.0024752999999999997,1.0,0.5119726880494763,0.0218,0.14819001778459273,0.57,0.8556288707523761
0.256582440274312,1.3000000000000001e-5,33.480502069263565,-74.04567179245478,-80.68913306968774,-0.7886991158719533,-2.999989319082974,0.4999999973634712,0.0024752999999999997,1.0,0.5311667452664548,0.0218,0.14819001778459273,0.57,0.8556288707523761
0.27352354813649893,1.3000000000000001e-5,31.99924057557925,-74.06821957457936,-79.94850232284558,-0.7832200940572484,-2.735359471133659,0.4999999873181037,0.0024752999999999997,1.0,0.5503608024834333,0.0218,0.14819001778459273,0.57,0.8556288707523761
0.29079836143387255,1.3000000000000001e-5,31.060671123533837,-74.3875468057928,-79.47921759682288,-0.4593603815164392,-2.5114516275406245,0.4999999772335463,0.0024752999999999997,1.0,0.5695548597004119,0.0218,0.14819001778459273,0.57,0.8556288707523761
0.3083814263100086,1.3000000000000001e-5,30.422995706959085,-74.70611595885845,-79.1603798885355,-0.4525174575222093,-2.2447305997635816,0.499997963451814,0.0024752999999999997,1.0,0.5887489169173903,0.0218,0.14819001778459273,0.57,0.8556288707523761
0.3262468347101488,1.3000000000000001e-5,30.166881622334586,-75.1127825586115,-79.03232284622325,-0.4450268535621529,-1.99401387416319,0.4999999910859436,0.0024752999999999997,1.0,0.6079429741343689,0.0218,0.14819001778459273,0.57,0.8556288707523761
0.34436826255584724,1.3000000000000001e-5,30.237824831444385,-75.58667688252935,-79.06779445077815,-0.4366755437389348,-1.7625575909799736,0.4999999919409357,0.0024752999999999997,1.0,0.6271370313513474,0.0218,0.14819001778459273,0.57,0.8556288707523761
0.36271900853261546,1.3000000000000001e-5,30.51565247962631,-75.98763975283498,-79.20670827486911,0.09382246586207224,-1.6626466986377564,0.49999998972468873,0.0024752999999999997,1.0,0.6463310885683259,0.0218,0.14819001778459273,0.57,0.8556288707523761
0.3812720334334112,1.3000000000000001e-5,30.954220762197224,-76.54944806065186,-79.42599241615457,-0.044156248804615945,-1.4443678867311334,0.4999999878656436,0.0024752999999999997,1.0,0.6655251457853044,0.0218,0.14819001778459273,0.57,0.8556288707523761
0.4,1.3000000000000001e-5,31.467860729807853,-76.97288766261849,-79.68281239995989,0.10949763945773375,-1.3201967266885641,0.4999998459562913,0.0024752999999999997,1.0,0.684719203002283,0.0218,0.14819001778459273,0.57,0.8556288707523761
0.24000000000000005,1.4000000000000001e-5,30.37177781616606,-73.23202144329863,-79.13477094313899,-0.7856700929949904,-2.7428600329176795,0.49999998349760444,0.0024752999999999997,1.0,0.5119726880494763,0.0218,0.14819001778459273,0.57,0.8556288707523761
0.256582440274312,1.4000000000000001e-5,28.873376699173406,-73.42960513118966,-78.38557038464266,-0.4588151551422858,-2.4569246662934088,0.49999942459174873,0.0024752999999999997,1.0,0.5311667452664548,0.0218,0.14819001778459273,0.57,0.8556288707523761
0.27352354813649893,1.4000000000000001e-5,27.800378682714893,-73.65681111513406,-77.8490713764134,-0.4510556950210697,-2.1251185703557733,0.49999905489601726,0.0024752999999999997,1.0,0.5503608024834333,0.0218,0.14819001778459273,0.57,0.8556288707523761
0.29079836143387255,1.4000000000000001e-5,27.274213455521675,-74.02503562458283,-77.5859887628168,-0.4431573492168783,-1.8057069241231312,0.4999999902477993,0.0024752999999999997,1.0,0.5695548597004119,0.0218,0.14819001778459273,0.57,0.8556288707523761
0.3083814263100086,1.4000000000000001e-5,27.25725783572227,-74.52183230641741,-77.5775109529171,-0.43491134157184874,-1.502421070637242,0.4999999870066295,0.0024752999999999997,1.0,0.5887489169173903,0.0218,0.14819001778459273,0.57,0.8556288707523761
0.3262468347101488,1.4000000000000001e-5,27.670928285494114,-75.0627636100121,-77.78434617780302,0.10231400123275154,-1.3295700945255888,0.49999999175110077,0.0024752999999999997,1.0,0.6079429741343689,0.0218,0.14819001778459273,0.57,0.8556288707523761
0.34436826255584724,1.4000000000000001e-5,28.35453847419319,-75.71322389448356,-78.12615127215255,0.11234255511087586,-1.0715846029000058,0.49999997601316604,0.0024752999999999997,1.0,0.6271370313513474,0.0218,0.14819001778459273,0.57,0.8556288707523761
0.36271900853261546,1.4000000000000001e-5,29.319273084598535,-76.41900204105022,-78.60851857735523,0.11900793795147531,-0.8366180961691969,0.4999999933720005,0.0024752999999999997,1.0,0.6463310885683259,0.0218,0.14819001778459273,0.57,0.8556288707523761
0.3812720334334112,1.4000000000000001e-5,30.46772634887077,-77.14624456949046,-79.18274520949134,0.12374122814271826,-0.6266969315248745,0.4999999933110322,0.0024752999999999997,1.0,0.6655251457853044,0.0218,0.14819001778459273,0.57,0.8556288707523761
0.4,1.4000000000000001e-5,31.696010632851255,-77.85770408415674,-79.79688735148159,0.1269979479213818,-0.4441820700981531,0.499999994414315,0.0024752999999999997,1.0,0.684719203002283,0.0218,0.14819001778459273,0.57,0.8556288707523761
0.24000000000000005,1.5000000000000002e-5,26.301697909114267,-72.71077466523218,-77.0997309896131,-0.4525748441148738,-2.2154341142898897,0.49999997860235146,0.0024752999999999997,1.0,0.5119726880494763,0.0218,0.14819001778459273,0.57,0.8556288707523761
0.256582440274312,1.5000000000000002e-5,25.103652592422748,-72.88977079547612,-76.50070833126733,-0.4453340932786168,-1.8326517051718676,0.4999999165853062,0.0024752999999999997,1.0,0.5311667452664548,0.0218,0.14819001778459273,0.57,0.8556288707523761
0.27352354813649893,1.5000000000000002e-5,24.587951785869222,-73.24777906741627,-76.24285792799057,-0.4382008346472376,-1.4605469541189924,0.49999923687821335,0.0024752999999999997,1.0,0.5503608024834333,0.0218,0.14819001778459273,0.57,0.8556288707523761
0.29079836143387255,1.5000000000000002e-5,24.731029023373083,-73.78155582321536,-76.3143965467425,-0.4305225424227696,-1.1024479321234735,0.49999999202708256,0.0024752999999999997,1.0,0.5695548597004119,0.0218,0.14819001778459273,0.57,0.8556288707523761
0.3083814263100086,1.5000000000000002e-5,25.402325720046434,-74.42720506757536,-76.65004489507918,0.11281322945846965,-0.8763632156760062,0.4999997753183002,0.0024752999999999997,1.0,0.5887489169173903,0.0218,0.14819001778459273,0.57,0.8556288707523761
0.3262468347101488,1.5000000000000002e-5,26.539051764660712,-75.22058115343,-77.21840791738632,0.12111474104418017,-0.5621782661555312,0.49999998252999966,0.0024752999999999997,1.0,0.6079429741343689,0.0218,0.14819001778459273,0.57,0.8556288707523761
0.34436826255584724,1.5000000000000002e-5,28.100796371043657,-76.12198870408297,-77.99928022057779,0.12720333051886754,-0.27103874486459745,0.4999999895515279,0.0024752999999999997,1.0,0.6271370313513474,0.0218,0.14819001778459273,0.57,0.8556288707523761
0.36271900853261546,1.5000000000000002e-5,29.97212205284029,-77.09376099049723,-78.9349430614761,0.13187348545532773,-0.005760322458590794,0.49999999025209396,0.0024752999999999997,1.0,0.6463310885683259,0.0218,0.14819001778459273,0.57,0.8556288707523761
0.3812720334334112,1.5000000000000002e-5,32.02179408834422,-78.09151055437617,-79.95977907922807,0.1353475137291191,0.23081974732324262,0.4999999912167836,0.0024752999999999997,1.0,0.6655251457853044,0.0218,0.14819001778459273,0.57,0.8556288707523761
0.4,1.5000000000000002e-5,34.10926179674905,-79.06619080714681,-81.00351293343049,0.1378213457483475,0.43670262736405435,0.4999999927511817,0.0024752999999999997,1.0,0.684719203002283,0.0218,0.14819001778459273,0.57,0.8556288707523761
0.24000000000000005,1.6000000000000003e-5,23.097473625520706,-72.2183195416506,-75.49761884781631,-0.4414802777223965,-1.6427883102325693,0.49999905459100713,0.0024752999999999997,1.0,0.5119726880494763,0.0218,0.14819001778459273,0.57,0.8556288707523761
0.256582440274312,1.6000000000000003e-5,22.448878445831298,-72.50316029997629,-75.17332125797161,-0.43527717699418333,-1.2189812757798373,0.4999996796779471,0.0024752999999999997,1.0,0.5311667452664548,0.0218,0.14819001778459273,0.57,0.8556288707523761
0.27352354813649893,1.6000000000000003e-5,22.61505041983426,-73.0070557752879,-75.25640724497309,-0.4288118411022919,-0.8061532111354859,0.4999998238849077,0.0024752999999999997,1.0,0.5503608024834333,0.0218,0.14819001778459273,0.57,0.8556288707523761
0.29079836143387255,1.6000000000000003e-5,23.430010080896295,-73.68733311248263,-75.6638870755041,0.12020282057490551,-0.5231814823672549,0.49999998842250826,0.0024752999999999997,1.0,0.5695548597004119,0.0218,0.14819001778459273,0.57,0.8556288707523761
0.3083814263100086,1.6000000000000003e-5,24.94000539606185,-74.56674774486603,-76.41888473308688,0.12835375010625497,-0.15119175506149435,0.4999999917718486,0.0024752999999999997,1.0,0.5887489169173903,0.0218,0.14819001778459273,0.57,0.8556288707523761
0.3262468347101488,1.6000000000000003e-5,27.063117657592585,-75.61910157578735,-77.48044086385225,0.13509479851669662,0.19871493921375905,0.4999999168650222,0.0024752999999999997,1.0,0.6079429741343689,0.0218,0.14819001778459273,0.57,0.8556288707523761
0.34436826255584724,1.6000000000000003e-5,29.67768706884803,-76.8085910440766,-78.78772556947997,0.14089454667281073,0.522950698486777,0.4999999909920392,0.0024752999999999997,1.0,0.6271370313513474,0.0218,0.14819001778459273,0.57,0.8556288707523761
0.36271900853261546,1.6000000000000003e-5,32.61404570131771,-78.0497905575283,-80.25590488571481,0.4246544006853158,0.7529654386987767,0.49999999244911575,0.0024752999999999997,1.0,0.6463310885683259,0.0218,0.14819001778459273,0.57,0.8556288707523761
0.3812720334334112,1.6000000000000003e-5,35.64701106170358,-79.3318175553835,-81.77238756590775,0.4384448493996237,1.0119119480501626,0.49999972564703166,0.0024752999999999997,1.0,0.6655251457853044,0.0218,0.14819001778459273,0.57,0.8556288707523761
0.4,1.6000000000000003e-5,38.880071739051175,-80.68583694636328,-83.38891790458155,0.153694123354161,1.3105722751554543,0.49999999483075797,0.0024752999999999997,1.0,0.684719203002283,0.0218,0.14819001778459273,0.57,0.8556288707523761
0.24000000000000005,1.7e-5,20.95829026703592,-71.91164528676198,-74.42802716857392,-0.4320622656581819,-1.086805234502216,0.49999998566826354,0.0024752999999999997,1.0,0.5119726880494763,0.0218,0.14819001778459273,0.57,0.8556288707523761
0.256582440274312,1.7e-5,20.953852106841254,-72.3553453425321,-74.42580808847659,-0.0607512410787965,-0.6872368108007305,0.4999997036090186,0.0024752999999999997,1.0,0.5311667452664548,0.0218,0.14819001778459273,0.57,0.8556288707523761
0.27352354813649893,1.7e-5,21.756521740572282,-72.947209362252,-74.8271429053421,0.12796778735863346,-0.2802694901375342,0.49999998855676986,0.0024752999999999997,1.0,0.5503608024834333,0.0218,0.14819001778459273,0.57,0.8556288707523761
0.29079836143387255,1.7e-5,23.480894951425313,-73.83625817218407,-75.68932951076862,0.1375990617367641,0.149227446877065,0.4999999927891958,0.0024752999999999997,1.0,0.5695548597004119,0.0218,0.14819001778459273,0.57,0.8556288707523761
0.3083814263100086,1.7e-5,26.08351454306188,-74.95466475678253,-76.9906393065869,0.38690210235086253,0.5072627704931918,0.4999998727389189,0.0024752999999999997,1.0,0.5887489169173903,0.0218,0.14819001778459273,0.57,0.8556288707523761
0.3262468347101488,1.7e-5,29.307608740621106,-76.31317077273994,-78.60268640536651,0.15684960224980043,0.9431273100968111,0.4999996771751456,0.0024752999999999997,1.0,0.6079429741343689,0.0218,0.14819001778459273,0.57,0.8556288707523761
0.34436826255584724,1.7e-5,32.98890074589343,-77.75450732755534,-80.44333240800268,0.4245112507755113,1.2379418461231892,0.49999999334259726,0.0024752999999999997,1.0,0.6271370313513474,0.0218,0.14819001778459273,0.57,0.8556288707523761
0.36271900853261546,1.7e-5,36.71668643258528,-79.03105603589897,-82.3072252513486,0.9011028697119156,1.4406289267606085,0.49999999124146066,0.0024752999999999997,1.0,0.6463310885683259,0.0218,0.14819001778459273,0.57,0.8556288707523761
0.3812720334334112,1.7e-5,41.029852973986465,-80.51607459742075,-84.46380852204919,1.2527427151807071,1.631307204159216,0.49999999443556453,0.0024752999999999997,1.0,0.6655251457853044,0.0218,0.14819001778459273,0.57,0.8556288707523761
0.4,1.7e-5,44.77171419961195,-82.14504489962016,-86.33473913486193,0.9155565386675063,1.9688078500732178,0.49999999088232083,0.0024752999999999997,1.0,0.684719203002283,0.0218,0.14819001778459273,0.57,0.8556288707523761
0.24000000000000005,1.8e-5,19.78469470257184,-71.78993183270916,-73.84122938634188,0.12489843463983542,-0.6496577128097265,0.4999999507222834,0.0024752999999999997,1.0,0.5119726880494763,0.0218,0.14819001778459273,0.57,0.8556288707523761
0.256582440274312,1.8e-5,20.410138882252483,-72.30034708021812,-74.1539514761822,0.13737305866614175,-0.15296107414658372,0.4999999870349464,0.0024752999999999997,1.0,0.5311667452664548,0.0218,0.14819001778459273,0.57,0.8556288707523761
0.27352354813649893,1.8e-5,22.12486657946002,-73.11262078290518,-75.01131532478597,0.149860462321651,0.3316482792319901,0.4999999871826656,0.0024752999999999997,1.0,0.5503608024834333,0.0218,0.14819001778459273,0.57,0.8556288707523761
0.29079836143387255,1.8e-5,24.875880793096087,-74.19679814780088,-76.386822431604,0.3860640143293736,0.7523714507936636,0.4999999903726011,0.0024752999999999997,1.0,0.5695548597004119,0.0218,0.14819001778459273,0.57,0.8556288707523761
0.3083814263100086,1.8e-5,28.528656296398196,-75.40889058747659,-78.21321018325506,0.8701376383534111,1.0892930447776155,0.49999999239056814,0.0024752999999999997,1.0,0.5887489169173903,0.0218,0.14819001778459273,0.57,0.8556288707523761
0.3262468347101488,1.8e-5,32.76362221891796,-76.98154677483181,-80.33069314451494,0.8905173858327274,1.496773590233045,0.4999999917945135,0.0024752999999999997,1.0,0.6079429741343689,0.0218,0.14819001778459273,0.57,0.8556288707523761
0.34436826255584724,1.8e-5,37.83873644235473,-78.70787007540156,-82.86825025623332,1.190470023945887,1.799611385625522,0.49999996956880455,0.0024752999999999997,1.0,0.6271370313513474,0.0218,0.14819001778459273,0.57,0.8556288707523761
0.36271900853261546,1.8e-5,43.536327317462394,-81.04048875732606,-85.71704569378716,0.45351922581695076,2.341472579437946,0.4999999913768959,0.0024752999999999997,1.0,0.6463310885683259,0.0218,0.14819001778459273,0.57,0.8556288707523761
0.3812720334334112,1.8e-5,48.1915656317652,-82.44444529005202,-88.04466485093856,1.2658260155048802,2.435812652025468,0.4999999931336816,0.0024752999999999997,1.0,0.6655251457853044,0.0218,0.14819001778459273,0.57,0.8556288707523761
0.4,1.8e-5,53.61325184055062,-84.57297524730077,-90.75550795533127,0.9223178776974676,2.8016878491480504,0.4999999887601039,0.0024752999999999997,1.0,0.684719203002283,0.0218,0.14819001778459273,0.57,0.8556288707523761
0.24000000000000005,1.9e-5,19.452424152848238,-71.82194517373178,-73.67509411148008,0.1461299358923787,-0.14143398762637957,0.499999980607602,0.0024752999999999997,1.0,0.5119726880494763,0.0218,0.14819001778459273,0.57,0.8556288707523761
0.256582440274312,1.9e-5,20.89484326048401,-72.47316749662883,-74.39630366529796,0.16141597236775243,0.3940518706034145,0.49999993948691535,0.0024752999999999997,1.0,0.5311667452664548,0.0218,0.14819001778459273,0.57,0.8556288707523761
0.27352354813649893,1.9e-5,23.59159655386199,-73.47623378642551,-75.74468031198695,0.18088670262904544,0.916096450958131,0.4999999861244059,0.0024752999999999997,1.0,0.5503608024834333,0.0218,0.14819001778459273,0.57,0.8556288707523761
0.29079836143387255,1.9e-5,27.355955790618253,-74.76799306188805,-77.62685993036509,0.40119300461785695,1.3754408622412646,0.49999999218696656,0.0024752999999999997,1.0,0.5695548597004119,0.0218,0.14819001778459273,0.57,0.8556288707523761
0.3083814263100086,1.9e-5,32.26318579486207,-76.44443286881747,-80.080474932487,0.41912415462880187,1.8524250931870192,0.499999985669193,0.0024752999999999997,1.0,0.5887489169173903,0.0218,0.14819001778459273,0.57,0.8556288707523761
0.3262468347101488,1.9e-5,37.83000936694583,-78.09103208394221,-82.86388671852887,1.1859614005063839,2.1152457259631716,0.49999995193460023,0.0024752999999999997,1.0,0.6079429741343689,0.0218,0.14819001778459273,0.57,0.8556288707523761
0.34436826255584724,1.9e-5,44.05766008060792,-80.34076849788731,-85.97771207535992,0.9122430513000043,2.603220971378204,0.49999998848715344,0.0024752999999999997,1.0,0.6271370313513474,0.0218,0.14819001778459273,0.57,0.8556288707523761
0.36271900853261546,1.9e-5,50.53391285272767,-82.09427201997735,-89.21583846141979,1.7051121317961453,2.7696182329717725,0.49999999025762665,0.0024752999999999997,1.0,0.6463310885683259,0.0218,0.14819001778459273,0.57,0.8556288707523761
0.3812720334334112,1.9e-5,57.050612222389276,-84.64333245299576,-92.4741881462506,1.7311189458922487,2.9999997062009487,0.4999999939578428,0.0024752999999999997,1.0,0.6655251457853044,0.0218,0.14819001778459273,0.57,0.8556288707523761
0.4,1.9e-5,64.4991663446146,-89.03224786652721,-96.19846520736326,1.2913149643660045,2.999999999999953,0.499999994264118,0.0024752999999999997,1.0,0.684719203002283,0.0218,0.14819001778459273,0.57,0.8556288707523761
0.24000000000000005,2.0e-5,19.890963632007924,-71.99021883347079,-73.89436385105992,0.1694589347629997,0.33857548660597914,0.4999999873709957,0.0024752999999999997,1.0,0.5119726880494763,0.0218,0.14819001778459273,0.57,0.8556288707523761
0.256582440274312,2.0e-5,22.157772361887453,-72.74268490847332,-75.02776821599969,0.3673110903465833,0.8776723953072343,0.4999994239733806,0.0024752999999999997,1.0,0.5311667452664548,0.0218,0.14819001778459273,0.57,0.8556288707523761
0.27352354813649893,2.0e-5,25.8096813212926,-73.91934038274384,-76.85372269570226,0.3932439536835219,1.4314969347963724,0.4999999823038148,0.0024752999999999997,1.0,0.5503608024834333,0.0218,0.14819001778459273,0.57,0.8556288707523761
0.29079836143387255,2.0e-5,30.824194381304125,-75.50734817879838,-79.36097922570802,0.41369582100990476,1.9675308172990424,0.49999999254279937,0.0024752999999999997,1.0,0.5695548597004119,0.0218,0.14819001778459273,0.57,0.8556288707523761
0.3083814263100086,2.0e-5,36.8595338989733,-77.20527153840067,-82.37864898454261,1.1678286429756277,2.3060769302980355,0.4999999900828578,0.0024752999999999997,1.0,0.5887489169173903,0.0218,0.14819001778459273,0.57,0.8556288707523761
0.3262468347101488,2.0e-5,43.76945603541719,-79.41824519786933,-85.83361005276456,1.2145447075261198,2.7732058197569778,0.4999998609690116,0.0024752999999999997,1.0,0.6079429741343689,0.0218,0.14819001778459273,0.57,0.8556288707523761
0.34436826255584724,2.0e-5,51.80128825292914,-81.42115157447031,-89.84952616152053,2.04739368130846,2.9999979905596335,0.49999999705236486,0.0024752999999999997,1.0,0.6271370313513474,0.0218,0.14819001778459273,0.57,0.8556288707523761
0.36271900853261546,2.0e-5,60.30730466650715,-84.47342327770302,-94.10253436830953,2.5677388733623845,2.9999998191599806,0.49999999707307163,0.0024752999999999997,1.0,0.6463310885683259,0.0218,0.14819001778459273,0.57,0.8556288707523761
0.3812720334334112,2.0e-5,68.6895342477016,-88.62187869766505,-98.29364915890676,2.584309370211162,2.999990942827232,0.5,0.0024752999999999997,1.0,0.6655251457853044,0.0218,0.14819001778459273,0.57,0.8556288707523761
0.4,2.0e-5,77.43319274996293,-91.92912936627162,-102.66547841003742,2.9677867271218674,2.999999947562346,0.4999999999999142,0.0024752999999999997,1.0,0.684719203002283,0.0218,0.14819001778459273,0.57,0.8556288707523761
0.24000000000000005,2.1000000000000002e-5,20.874928863309293,-72.20347747251392,-74.3863464667106,0.3485799029782168,0.7611108297457531,0.49999998115133293,0.0024752999999999997,1.0,0.5119726880494763,0.0218,0.14819001778459273,0.57,0.8556288707523761
0.256582440274312,2.1000000000000002e-5,24.018966080395273,-73.12514106904973,-75.9583650752536,0.3817181713942849,1.3622771030735064,0.49999997937607454,0.0024752999999999997,1.0,0.5311667452664548,0.0218,0.14819001778459273,0.57,0.8556288707523761
0.27352354813649893,2.1000000000000002e-5,28.818746877180445,-74.40781059043898,-78.35825547364618,0.8667938779828609,1.8667130992814733,0.49999998828314896,0.0024752999999999997,1.0,0.5503608024834333,0.0218,0.14819001778459273,0.57,0.8556288707523761
0.29079836143387255,2.1000000000000002e-5,34.883426248643104,-76.20567591404495,-81.39059515937751,0.8954938661080553,2.4296067340109153,0.49999973989632085,0.0024752999999999997,1.0,0.5695548597004119,0.0218,0.14819001778459273,0.57,0.8556288707523761
0.3083814263100086,2.1000000000000002e-5,42.3417325631203,-78.36509606630882,-85.11974831661611,0.918955308499347,2.9999808827921983,0.49999923957346193,0.0024752999999999997,1.0,0.5887489169173903,0.0218,0.14819001778459273,0.57,0.8556288707523761
0.3262468347101488,2.1000000000000002e-5,50.98814960732568,-81.62943875299345,-89.4429568387188,1.7210742671420438,2.9999998656592264,0.4999999997286808,0.0024752999999999997,1.0,0.6079429741343689,0.0218,0.14819001778459273,0.57,0.8556288707523761
0.34436826255584724,2.1000000000000002e-5,61.93012242762072,-87.77553005385812,-94.91394324886632,1.269600755144233,2.9999999946794684,0.4999999928634792,0.0024752999999999997,1.0,0.6271370313513474,0.0218,0.14819001778459273,0.57,0.8556288707523761
0.36271900853261546,2.1000000000000002e-5,74.17495115330274,-93.87539487501355,-101.03635761170733,1.2872393458955667,2.9999999992148543,0.4999999924846106,0.0024752999999999997,1.0,0.6463310885683259,0.0218,0.14819001778459273,0.57,0.8556288707523761
0.3812720334334112,2.1000000000000002e-5,84.27256515399208,-97.52131096987472,-106.085164612052,2.1125322891656357,2.9999957111819944,0.4999986575777101,0.0024752999999999997,1.0,0.6655251457853044,0.0218,0.14819001778459273,0.57,0.8556288707523761
0.4,2.1000000000000002e-5,94.25890395525738,-100.24597177146251,-111.07833401268465,2.9999640286674643,2.999999994111462,0.49999999998493827,0.0024752999999999997,1.0,0.684719203002283,0.0218,0.14819001778459273,0.57,0.8556288707523761
0.24000000000000005,2.2e-5,22.25685369714111,-72.48891932585265,-75.07730888362651,0.3643979537168724,1.1743308317496846,0.4999988424361087,0.0024752999999999997,1.0,0.5119726880494763,0.0218,0.14819001778459273,0.57,0.8556288707523761
0.256582440274312,2.2e-5,26.299749482284113,-73.54974955966749,-77.09875677619802,0.39428875676037756,1.810417207407352,0.4999999781450266,0.0024752999999999997,1.0,0.5311667452664548,0.0218,0.14819001778459273,0.57,0.8556288707523761
0.27352354813649893,2.2e-5,32.10196832849945,-75.11551952697442,-79.99986619930569,0.41436405928285525,2.4355811270742715,0.49999227380996825,0.0024752999999999997,1.0,0.5503608024834333,0.0218,0.14819001778459273,0.57,0.8556288707523761
0.29079836143387255,2.2e-5,39.381395478564684,-76.97401015916587,-83.6395797743383,1.151455673731125,2.8879661904704643,0.49999998752022057,0.0024752999999999997,1.0,0.5695548597004119,0.0218,0.14819001778459273,0.57,0.8556288707523761
0.3083814263100086,2.2e-5,49.773027283236814,-82.3980826987324,-88.83539567667437,0.45791456337576725,2.9999999773425885,0.49999998699151205,0.0024752999999999997,1.0,0.5887489169173903,0.0218,0.14819001778459273,0.57,0.8556288707523761
0.3262468347101488,2.2e-5,59.940001837506315,-85.47373244495341,-93.91888295380912,2.055568322648314,2.9999999240265693,0.49999999999187483,0.0024752999999999997,1.0,0.6079429741343689,0.0218,0.14819001778459273,0.57,0.8556288707523761
0.34436826255584724,2.2e-5,72.79943257450552,-90.66909419361784,-100.34859832230872,2.5872897118139084,2.9999999766744776,0.49999999799057604,0.0024752999999999997,1.0,0.6271370313513474,0.0218,0.14819001778459273,0.57,0.8556288707523761
0.36271900853261546,2.2e-5,90.22428441990516,-101.8963613395855,-109.06102424500854,1.290110656530197,2.9999999933794217,0.4999999928517459,0.0024752999999999997,1.0,0.6463310885683259,0.0218,0.14819001778459273,0.57,0.8556288707523761
0.3812720334334112,2.2e-5,102.49453217757596,-106.62616849107596,-115.19614812384394,2.1154242895222213,2.9999998327264246,0.49999999294333475,0.0024752999999999997,1.0,0.6655251457853044,0.0218,0.14819001778459273,0.57,0.8556288707523761
0.4,2.2e-5,117.17279959604855,-113.9226987445108,-122.53528183308023,2.135468569791388,2.999999970015869,0.49999999943529705,0.0024752999999999997,1.0,0.684719203002283,0.0218,0.14819001778459273,0.57,0.8556288707523761
0.24000000000000005,2.3000000000000003e-5,23.90817066393018,-72.79693515843782,-75.90296736702105,0.3794787273386025,1.5501999768375558,0.4999999666305459,0.0024752999999999997,1.0,0.5119726880494763,0.0218,0.14819001778459273,0.57,0.8556288707523761
0.256582440274312,2.3000000000000003e-5,28.831009464482975,-73.98745214560566,-78.36438676729745,0.4034804271617741,2.2194892303870564,0.4999999624175734,0.0024752999999999997,1.0,0.5311667452664548,0.0218,0.14819001778459273,0.57,0.8556288707523761
0.27352354813649893,2.3000000000000003e-5,35.69012657913072,-75.7341590930903,-81.79394532462132,0.41940417917286815,2.8772786192994224,0.49999989273676293,0.0024752999999999997,1.0,0.5503608024834333,0.0218,0.14819001778459273,0.57,0.8556288707523761
0.29079836143387255,2.3000000000000003e-5,44.47096613663024,-79.17426570779575,-86.18436510337108,1.164160021534662,2.999998315155238,0.49999766348634245,0.0024752999999999997,1.0,0.5695548597004119,0.0218,0.14819001778459273,0.57,0.8556288707523761
0.3083814263100086,2.3000000000000003e-5,56.64794995522058,-85.18488992718727,-92.27285701266625,1.229224915588994,2.9999999888960653,0.49999998545312496,0.0024752999999999997,1.0,0.5887489169173903,0.0218,0.14819001778459273,0.57,0.8556288707523761
0.3262468347101488,2.3000000000000003e-5,70.52736702179743,-89.55295295134695,-99.21256554595467,2.579590053620718,2.999999999999953,0.4999999848376304,0.0024752999999999997,1.0,0.6079429741343689,0.0218,0.14819001778459273,0.57,0.8556288707523761
0.34436826255584724,2.3000000000000003e-5,86.81973735398765,-98.86550085877403,-107.35875071204978,2.07883743939225,2.9999990437758126,0.49999999891220515,0.0024752999999999997,1.0,0.6271370313513474,0.0218,0.14819001778459273,0.57,0.8556288707523761
0.36271900853261546,2.3000000000000003e-5,104.45745354465134,-107.64863115877309,-116.17760880738163,2.0959521053117083,2.9999999541632865,0.4999999999998159,0.0024752999999999997,1.0,0.6463310885683259,0.0218,0.14819001778459273,0.57,0.8556288707523761
0.3812720334334112,2.3000000000000003e-5,119.72160241479295,-112.9772139286942,-123.80968324245244,2.999999732091577,2.9999999817483602,0.49999999781218896,0.0024752999999999997,1.0,0.6655251457853044,0.0218,0.14819001778459273,0.57,0.8556288707523761
0.4,2.3000000000000003e-5,136.2235331470486,-121.22817857923349,-132.06064860858027,2.999999966582051,2.9999999857874107,0.4999999958116562,0.0024752999999999997,1.0,0.684719203002283,0.0218,0.14819001778459273,0.57,0.8556288707523761
0.24000000000000005,2.4e-5,25.765818827572986,-73.14286112945315,-76.83179144884245,0.39300582024840003,1.8863898641459815,0.49999877420119354,0.0024752999999999997,1.0,0.5119726880494763,0.0218,0.14819001778459273,0.57,0.8556288707523761
0.256582440274312,2.4e-5,31.535190317768723,-74.45527226941596,-79.71647719394032,0.41163829947909075,2.5861213070878755,0.4999999108492684,0.0024752999999999997,1.0,0.5311667452664548,0.0218,0.14819001778459273,0.57,0.8556288707523761
0.27352354813649893,2.4e-5,39.4293854510924,-76.70180525678127,-83.66357476060216,1.1218729990126561,2.9999999395418877,0.499999985833543,0.0024752999999999997,1.0,0.5503608024834333,0.0218,0.14819001778459273,0.57,0.8556288707523761
0.29079836143387255,2.4e-5,51.71495862627947,-83.36929059528123,-89.8063613481957,0.4573852000843146,2.999999990015996,0.49999998620641517,0.0024752999999999997,1.0,0.5695548597004119,0.0218,0.14819001778459273,0.57,0.8556288707523761
0.3083814263100086,2.4e-5,65.05701427046856,-88.06331467045923,-96.47738917029024,2.040394240137306,2.999999999999953,0.49999999003245044,0.0024752999999999997,1.0,0.5887489169173903,0.0218,0.14819001778459273,0.57,0.8556288707523761
0.3262468347101488,2.4e-5,83.8977036935164,-98.77324602645234,-105.89773388181416,1.2585847132058026,2.999999980988588,0.49999999186773625,0.0024752999999999997,1.0,0.6079429741343689,0.0218,0.14819001778459273,0.57,0.8556288707523761
0.34436826255584724,2.4e-5,101.63072725013728,-106.2740493903253,-114.7642456601246,2.0773666754177933,2.999999981830904,0.4999999922499274,0.0024752999999999997,1.0,0.6271370313513474,0.0218,0.14819001778459273,0.57,0.8556288707523761
0.36271900853261546,2.4e-5,120.56842649711749,-114.20945607272361,-124.2330952836147,2.717047703456154,2.999998309074362,0.5,0.0024752999999999997,1.0,0.6463310885683259,0.0218,0.14819001778459273,0.57,0.8556288707523761
0.3812720334334112,2.4e-5,140.0934673542277,-123.16314614218923,-133.9956157121698,2.999999803725782,2.999999995521608,0.49999999571668763,0.0024752999999999997,1.0,0.6655251457853044,0.0218,0.14819001778459273,0.57,0.8556288707523761
0.4,2.4e-5,159.38455352114482,-132.80868900336512,-143.64115879562837,2.999999878130292,2.999999995211325,0.4999999959187068,0.0024752999999999997,1.0,0.684719203002283,0.0218,0.14819001778459273,0.57,0.8556288707523761
0.24000000000000005,2.5e-5,27.867388944280293,-73.56149657674314,-77.8825765071961,0.40679836179241974,2.1935666411741743,0.47870619980161444,0.0024752999999999997,1.0,0.5119726880494763,0.0218,0.14819001778459273,0.57,0.8556288707523761
0.256582440274312,2.5e-5,34.45293281929062,-75.02675497199117,-81.17534844470127,0.4244355671061266,2.9072497399292554,0.4999998574699851,0.0024752999999999997,1.0,0.5311667452664548,0.0218,0.14819001778459273,0.57,0.8556288707523761
0.27352354813649893,2.5e-5,44.34202471556546,-79.68550877154313,-86.11989439283869,0.4514764101881624,2.9999999915263222,0.499999963206744,0.0024752999999999997,1.0,0.5503608024834333,0.0218,0.14819001778459273,0.57,0.8556288707523761
0.29079836143387255,2.5e-5,58.93646024333748,-86.96831393520317,-93.4171121567247,0.4823446096441004,2.9999999626855907,0.4999999932995657,0.0024752999999999997,1.0,0.5695548597004119,0.0218,0.14819001778459273,0.57,0.8556288707523761
0.3083814263100086,2.5e-5,74.43813276365105,-92.75166098058105,-101.16794841688149,2.0414801287319526,2.9999989020192426,0.49999976383931244,0.0024752999999999997,1.0,0.5887489169173903,0.0218,0.14819001778459273,0.57,0.8556288707523761
0.3262468347101488,2.5e-5,93.9536712094914,-101.12628759767648,-110.92571763980166,2.633234016208524,2.9999997259426343,0.49999998939767454,0.0024752999999999997,1.0,0.6079429741343689,0.0218,0.14819001778459273,0.57,0.8556288707523761
0.34436826255584724,2.5e-5,115.53520816225063,-110.96793738645728,-121.71648611618127,2.97189491430042,2.9999996222210608,0.4999998483266169,0.0024752999999999997,1.0,0.6271370313513474,0.0218,0.14819001778459273,0.57,0.8556288707523761
0.36271900853261546,2.5e-5,138.07330243753205,-122.15545301041196,-132.98553325382198,2.9992032666770214,2.9999999845828578,0.49999997057315826,0.0024752999999999997,1.0,0.6463310885683259,0.0218,0.14819001778459273,0.57,0.8556288707523761
0.3812720334334112,2.5e-5,164.5757319968057,-137.6902995514588,-146.2367480334588,2.1042710438047294,2.999999998954699,0.49999998945414226,0.0024752999999999997,1.0,0.6655251457853044,0.0218,0.14819001778459273,0.57,0.8556288707523761
0.4,2.5e-5,182.87992990404143,-144.55637684078704,-155.38884698707668,2.999999999999653,2.9999999913507645,0.4999999914009814,0.0024752999999999997,1.0,0.684719203002283,0.0218,0.14819001778459273,0.57,0.8556288707523761
0.24000000000000005,2.6000000000000002e-5,30.069749992435476,-73.88345420439656,-78.9837570312737,0.4142427913129624,2.5227104905483593,0.35138568648777224,0.0024752999999999997,1.0,0.5119726880494763,0.0218,0.14819001778459273,0.57,0.8556288707523761
0.256582440274312,2.6000000000000002e-5,37.78004998595216,-76.40588946473517,-82.83890702803204,0.4487589132624072,2.999951702925314,0.4486574638026408,0.0024752999999999997,1.0,0.5311667452664548,0.0218,0.14819001778459273,0.57,0.8556288707523761
0.27352354813649893,2.6000000000000002e-5,49.76438327363101,-82.3798689745891,-88.83107367187147,0.487308110386084,2.9999999759399816,0.4999999740563571,0.0024752999999999997,1.0,0.5503608024834333,0.0218,0.14819001778459273,0.57,0.8556288707523761
0.29079836143387255,2.6000000000000002e-5,64.82241035186578,-87.99045184378886,-96.36008721098885,2.018497101573204,2.999999973477293,0.4999999995893547,0.0024752999999999997,1.0,0.5695548597004119,0.0218,0.14819001778459273,0.57,0.8556288707523761
0.3083814263100086,2.6000000000000002e-5,84.23918946301487,-97.64750821838166,-106.06847676656339,2.0437702297193168,2.999999999999953,0.49999996294290183,0.0024752999999999997,1.0,0.5887489169173903,0.0218,0.14819001778459273,0.57,0.8556288707523761
0.3262468347101488,2.6000000000000002e-5,106.26513109487931,-107.23857126402984,-117.08144758249561,2.6496815454795777,2.999999999999953,0.49999998748728736,0.0024752999999999997,1.0,0.6079429741343689,0.0218,0.14819001778459273,0.57,0.8556288707523761
0.34436826255584724,2.6000000000000002e-5,130.62642993997304,-118.47078950847775,-129.26209700504248,2.9862478338959098,2.9999997538674306,0.4999999721840447,0.0024752999999999997,1.0,0.6271370313513474,0.0218,0.14819001778459273,0.57,0.8556288707523761
0.36271900853261546,2.6000000000000002e-5,155.9875158574418,-131.1101706066082,-141.94263996377686,2.999999731455131,2.9999999968549482,0.4999999974859404,0.0024752999999999997,1.0,0.6463310885683259,0.0218,0.14819001778459273,0.57,0.8556288707523761
0.3812720334334112,2.6000000000000002e-5,181.55385337177046,-143.8933388664786,-154.7258087209412,2.999999896733497,2.999999997341239,0.4999999968657073,0.0024752999999999997,1.0,0.6655251457853044,0.0218,0.14819001778459273,0.57,0.8556288707523761
0.4,2.6000000000000002e-5,206.13841131915086,-156.1856176627835,-167.0180876946314,2.999999956403223,2.9999999967999367,0.4999999932633391,0.0024752999999999997,1.0,0.684719203002283,0.0218,0.14819001778459273,0.57,0.8556288707523761
0.24000000000000005,2.7e-5,32.3626821404261,-74.2491461456588,-80.13022310526901,0.43176413822471543,2.8126132517085773,0.2172042330123689,0.0024752999999999997,1.0,0.5119726880494763,0.0218,0.14819001778459273,0.57,0.8556288707523761
0.256582440274312,2.7e-5,41.655326038769516,-78.33060126169407,-84.77654505444072,0.4764645440782802,2.999988129851978,0.3435824736138616,0.0024752999999999997,1.0,0.5311667452664548,0.0218,0.14819001778459273,0.57,0.8556288707523761
0.27352354813649893,2.7e-5,54.94458410901166,-83.51558760676325,-91.42117408956179,1.773762365058626,2.999999948903652,0.4999999657421942,0.0024752999999999997,1.0,0.5503608024834333,0.0218,0.14819001778459273,0.57,0.8556288707523761
0.29079836143387255,2.7e-5,73.12554620103583,-93.45788118962254,-100.51165513557387,1.2010863582262585,2.999999851251442,0.5,0.0024752999999999997,1.0,0.5695548597004119,0.0218,0.14819001778459273,0.57,0.8556288707523761
0.3083814263100086,2.7e-5,95.7850425574238,-104.75657494542611,-111.84140331376786,1.2266688594096848,2.9999999835935416,0.49999999034023423,0.0024752999999999997,1.0,0.5887489169173903,0.0218,0.14819001778459273,0.57,0.8556288707523761
0.3262468347101488,2.7e-5,118.97288053378071,-112.60658544933956,-123.43532230194631,2.999132771413468,2.9996226396282712,0.5,0.0024752999999999997,1.0,0.6079429741343689,0.0218,0.14819001778459273,0.57,0.8556288707523761
0.34436826255584724,2.7e-5,145.62297957016972,-125.92790240742266,-136.76037182014082,2.9999997489466623,2.9999999978799097,0.49999999335514234,0.0024752999999999997,1.0,0.6271370313513474,0.0218,0.14819001778459273,0.57,0.8556288707523761
0.36271900853261546,2.7e-5,173.64030467404893,-139.93656450157332,-150.76903437208043,2.999999900453571,2.999999998969329,0.49999998723746075,0.0024752999999999997,1.0,0.6463310885683259,0.0218,0.14819001778459273,0.57,0.8556288707523761
0.3812720334334112,2.7e-5,201.79963099461753,-154.0162275548609,-164.84869753236472,2.999999936087805,2.9999999990006683,0.4999999892030228,0.0024752999999999997,1.0,0.6655251457853044,0.0218,0.14819001778459273,0.57,0.8556288707523761
0.4,2.7e-5,228.82391517164803,-167.52836961435438,-178.36083962087997,2.9999999467051497,2.9999999980572465,0.49999998478193775,0.0024752999999999997,1.0,0.684719203002283,0.0218,0.14819001778459273,0.57,0.8556288707523761
0.24000000000000005,2.8000000000000003e-5,34.93125320394054,-74.97372444111903,-81.41450863702623,0.4655226634336363,2.9999861161624186,0.09005153972790847,0.0024752999999999997,1.0,0.5119726880494763,0.0218,0.14819001778459273,0.57,0.8556288707523761
0.256582440274312,2.8000000000000003e-5,46.030417471538584,-80.5018942345205,-86.96409077082525,0.5093773273310707,2.999997911088231,0.23184856751367422,0.0024752999999999997,1.0,0.5311667452664548,0.0218,0.14819001778459273,0.57,0.8556288707523761
0.27352354813649893,2.8000000000000003e-5,61.18250346461639,-86.21209198933538,-94.54013376736415,1.9977846185668249,2.9999999715664263,0.4524188826072113,0.0024752999999999997,1.0,0.5503608024834333,0.0218,0.14819001778459273,0.57,0.8556288707523761
0.29079836143387255,2.8000000000000003e-5,81.61006688769447,-97.67496848809347,-104.7539154789032,1.2218660294172898,2.9999995072164083,0.5,0.0024752999999999997,1.0,0.5695548597004119,0.0218,0.14819001778459273,0.57,0.8556288707523761
0.3083814263100086,2.8000000000000003e-5,104.20625676213439,-106.30440173522061,-116.05201041612315,2.6134798963600674,2.9999999747750095,0.49999999999856304,0.0024752999999999997,1.0,0.5887489169173903,0.0218,0.14819001778459273,0.57,0.8556288707523761
0.3262468347101488,2.8000000000000003e-5,131.4107327341569,-118.83504348684922,-129.6542484021344,2.999999999999953,2.995574984221539,0.5,0.0024752999999999997,1.0,0.6079429741343689,0.0218,0.14819001778459273,0.57,0.8556288707523761
0.34436826255584724,2.8000000000000003e-5,160.61100457062327,-134.2894585449721,-144.2543843203676,2.6953499947648702,2.9999999353392055,0.4999999766175701,0.0024752999999999997,1.0,0.6271370313513474,0.0218,0.14819001778459273,0.57,0.8556288707523761
0.36271900853261546,2.8000000000000003e-5,190.91850049591983,-148.57566222928372,-159.40813228301587,2.999999960566402,2.999999999931514,0.49999998969792037,0.0024752999999999997,1.0,0.6463310885683259,0.0218,0.14819001778459273,0.57,0.8556288707523761
0.3812720334334112,2.8000000000000003e-5,221.4879530537474,-163.86038851084524,-174.69285856192965,2.999999959666568,2.9999999999487743,0.49999998787681144,0.0024752999999999997,1.0,0.6655251457853044,0.0218,0.14819001778459273,0.57,0.8556288707523761
0.4,2.8000000000000003e-5,250.7870869240415,-178.5099554582786,-189.3424254970767,2.9999999556378403,2.9999999998820632,0.49999998048235716,0.0024752999999999997,1.0,0.684719203002283,0.0218,0.14819001778459273,0.57,0.8556288707523761
0.24000000000000005,2.9e-5,38.12133816981316,-76.5380984796427,-83.00955111996254,0.527239985654499,2.999997155613643,-0.01208116622675992,0.0024752999999999997,1.0,0.5119726880494763,0.0218,0.14819001778459273,0.57,0.8556288707523761
0.256582440274312,2.9e-5,50.90043928164053,-82.90582810669146,-89.39910167587622,0.567104243897665,2.9999999284076657,0.12073097728944393,0.0024752999999999997,1.0,0.5311667452664548,0.0218,0.14819001778459273,0.57,0.8556288707523761
0.27352354813649893,2.9e-5,69.16110279873777,-92.00826610309043,-98.52943343442485,0.6143244599703483,2.999999962679028,0.2532572066967249,0.0024752999999999997,1.0,0.5503608024834333,0.0218,0.14819001778459273,0.57,0.8556288707523761
0.29079836143387255,2.9e-5,92.3948875858973,-103.60764854704944,-110.1463258280046,0.642195802342816,2.9999997948144648,0.3830579917195859,0.0024752999999999997,1.0,0.5695548597004119,0.0218,0.14819001778459273,0.57,0.8556288707523761
0.3083814263100086,2.9e-5,119.91570800888357,-117.35759845951621,-123.90673603949774,0.6582817494994141,2.9999999922937097,0.49999938440323355,0.0024752999999999997,1.0,0.5887489169173903,0.0218,0.14819001778459273,0.57,0.8556288707523761
0.3262468347101488,2.9e-5,151.0890425395071,-132.94290130062927,-139.4934033048095,0.6603561092161606,2.999998912150566,0.49999989596269856,0.0024752999999999997,1.0,0.6079429741343689,0.0218,0.14819001778459273,0.57,0.8556288707523761
0.34436826255584724,2.9e-5,175.05975796905057,-140.64629101262517,-151.47876101958124,2.999999944949826,2.9999999999560636,0.49999998605052065,0.0024752999999999997,1.0,0.6271370313513474,0.0218,0.14819001778459273,0.57,0.8556288707523761
0.36271900853261546,2.9e-5,207.79732733503562,-157.01507561051065,-167.84754570257377,2.9999999732905613,2.9999999999843467,0.4999999794163331,0.0024752999999999997,1.0,0.6463310885683259,0.0218,0.14819001778459273,0.57,0.8556288707523761
0.3812720334334112,2.9e-5,240.58208183551176,-173.40745292030044,-184.23992295281184,2.9999999534264616,2.999999999997874,0.49999997386832573,0.0024752999999999997,1.0,0.6655251457853044,0.0218,0.14819001778459273,0.57,0.8556288707523761
0.4,2.9e-5,271.9789809624644,-189.10590242439022,-199.93837251628815,2.9999999732204192,2.9999999999994267,0.4999999875612152,0.0024752999999999997,1.0,0.684719203002283,0.0218,0.14819001778459273,0.57,0.8556288707523761
0.24000000000000005,3.0000000000000004e-5,41.72099842121514,-77.90542646793098,-84.80938124566353,1.06909779909535,2.9999998511596293,-0.09652393934658926,0.0024752999999999997,1.0,0.5119726880494763,0.0218,0.14819001778459273,0.57,0.8556288707523761
0.256582440274312,3.0000000000000004e-5,56.289899165906945,-85.5720321790134,-92.09383161800943,0.6153525405945806,2.9999999640498434,0.011477545684117962,0.0024752999999999997,1.0,0.5311667452664548,0.0218,0.14819001778459273,0.57,0.8556288707523761
0.27352354813649893,3.0000000000000004e-5,76.2212514982401,-95.52923699101521,-102.059507784176,0.6289892524212154,2.999995627027382,0.13311570434350228,0.0024752999999999997,1.0,0.5503608024834333,0.0218,0.14819001778459273,0.57,0.8556288707523761
0.29079836143387255,3.0000000000000004e-5,98.04261536972882,-104.51979608150803,-112.97018971992037,2.05811801206083,2.9999995301297377,0.34257373712608996,0.0024752999999999997,1.0,0.5695548597004119,0.0218,0.14819001778459273,0.57,0.8556288707523761
0.3083814263100086,3.0000000000000004e-5,126.06215733319326,-118.49112058437127,-126.97996070165259,2.076715809942713,2.999998555802955,0.4677671067202587,0.0024752999999999997,1.0,0.5887489169173903,0.0218,0.14819001778459273,0.57,0.8556288707523761
0.3262468347101488,3.0000000000000004e-5,156.14379624481643,-131.18831030101873,-142.02078015746417,2.9999998950212605,2.9999999997144213,0.4999999343132714,0.0024752999999999997,1.0,0.6079429741343689,0.0218,0.14819001778459273,0.57,0.8556288707523761
0.34436826255584724,3.0000000000000004e-5,189.48766440836692,-147.86024425922182,-158.69271423923942,2.9999999636688934,2.9999999722575077,0.49999999980586673,0.0024752999999999997,1.0,0.6271370313513474,0.0218,0.14819001778459273,0.57,0.8556288707523761
0.36271900853261546,3.0000000000000004e-5,224.26683123515295,-165.24982779443832,-176.08229765263243,2.9999998953192666,2.9999999999993023,0.4999999763081502,0.0024752999999999997,1.0,0.6463310885683259,0.0218,0.14819001778459273,0.57,0.8556288707523761
0.3812720334334112,3.0000000000000004e-5,259.062274863291,-182.6475495116527,-193.48001946670146,2.9999999276078118,2.9999999999956444,0.49999999890398916,0.0024752999999999997,1.0,0.6655251457853044,0.0218,0.14819001778459273,0.57,0.8556288707523761
0.4,3.0000000000000004e-5,292.3694568014759,-199.3011403322148,-210.1336104357939,2.999999977113622,2.999999999999953,0.4999999831331864,0.0024752999999999997,1.0,0.684719203002283,0.0218,0.14819001778459273,0.57,0.8556288707523761
0.24000000000000005,3.1e-5,46.12801074549412,-79.6843329306371,-87.01288740780302,1.411442410937274,2.9999998217437644,-0.16345395684524244,0.0024752999999999997,1.0,0.5119726880494763,0.0218,0.14819001778459273,0.57,0.8556288707523761
0.256582440274312,3.1e-5,61.106752936416285,-86.9727090446074,-94.5022585032641,1.547306987166326,2.999999943383812,-0.03799279669914474,0.0024752999999999997,1.0,0.5311667452664548,0.0218,0.14819001778459273,0.57,0.8556288707523761
0.27352354813649893,3.1e-5,81.31640768333097,-96.18110973739024,-104.60708587672144,2.0462189878368866,2.9999999646669013,0.09896293458242222,0.0024752999999999997,1.0,0.5503608024834333,0.0218,0.14819001778459273,0.57,0.8556288707523761
0.29079836143387255,3.1e-5,106.5405894494177,-107.57433085535462,-117.2191767597648,2.573868544159747,2.999992030277511,0.25384297070496875,0.0024752999999999997,1.0,0.5695548597004119,0.0218,0.14819001778459273,0.57,0.8556288707523761
0.3083814263100086,3.1e-5,136.22526077606074,-121.22905577062201,-132.06151242308633,2.9999961601785934,2.9999993332275143,0.49999999983097876,0.0024752999999999997,1.0,0.5887489169173903,0.0218,0.14819001778459273,0.57,0.8556288707523761
0.3262468347101488,3.1e-5,168.56728531412796,-137.40005472665865,-148.23252469211994,2.999999931299405,2.9999999997748947,0.4999994795565966,0.0024752999999999997,1.0,0.6079429741343689,0.0218,0.14819001778459273,0.57,0.8556288707523761
0.34436826255584724,3.1e-5,203.69800684045077,-154.96541544771375,-165.79788545528135,2.9999999451149355,2.9999999999947917,0.4999998741876598,0.0024752999999999997,1.0,0.6271370313513474,0.0218,0.14819001778459273,0.57,0.8556288707523761
0.36271900853261546,3.1e-5,241.06056164165426,-174.34737002746834,-184.4791628558831,2.756564041060505,2.999999999980814,0.4999986073349305,0.0024752999999999997,1.0,0.6463310885683259,0.0218,0.14819001778459273,0.57,0.8556288707523761
0.3812720334334112,3.1e-5,276.88646697813215,-191.55964544874004,-202.39211552412203,2.9999999677145825,2.999999999999953,0.4999999690672935,0.0024752999999999997,1.0,0.6655251457853044,0.0218,0.14819001778459273,0.57,0.8556288707523761
0.4,3.1e-5,311.9055438145494,-209.0691839123804,-219.90165394233065,2.9999999525706684,2.999999999999953,0.49999995468466363,0.0024752999999999997,1.0,0.684719203002283,0.0218,0.14819001778459273,0.57,0.8556288707523761
0.24000000000000005,3.2e-5,51.23961970873188,-82.15706541228785,-89.5686918894219,1.4691198191868,2.999999927777308,-0.24719079650704334,0.0024752999999999997,1.0,0.5119726880494763,0.0218,0.14819001778459273,0.57,0.8556288707523761
0.256582440274312,3.2e-5,67.27856186384165,-90.0356572946285,-97.58816296697678,1.5620727101816858,2.999999974720899,-0.13541282151308442,0.0024752999999999997,1.0,0.5311667452664548,0.0218,0.14819001778459273,0.57,0.8556288707523761
0.27352354813649893,3.2e-5,88.6032006851976,-99.79531501647072,-108.25048237765476,2.0604381765717092,2.9999981497356187,-0.007872784505291386,0.0024752999999999997,1.0,0.5503608024834333,0.0218,0.14819001778459273,0.57,0.8556288707523761
0.29079836143387255,3.2e-5,115.53698190105268,-113.22929963150567,-121.7173729855823,2.0763445034506005,2.9999999777778243,0.10271658432351272,0.0024752999999999997,1.0,0.5695548597004119,0.0218,0.14819001778459273,0.57,0.8556288707523761
0.3083814263100086,3.2e-5,146.4248916803797,-126.32885894386249,-137.1613278752458,2.9999995913063415,2.999999995075275,0.27995542627043457,0.0024752999999999997,1.0,0.5887489169173903,0.0218,0.14819001778459273,0.57,0.8556288707523761
0.3262468347101488,3.2e-5,180.7704668629135,-143.5016508075266,-154.3341154665127,2.99999873421303,2.9999994280358875,0.3868321981569177,0.0024752999999999997,1.0,0.6079429741343689,0.0218,0.14819001778459273,0.57,0.8556288707523761
0.34436826255584724,3.2e-5,217.63897231477563,-161.93589855558739,-172.76836819244377,2.999999821540726,2.999999999998601,0.48806005894640947,0.0024752999999999997,1.0,0.6271370313513474,0.0218,0.14819001778459273,0.57,0.8556288707523761
0.36271900853261546,3.2e-5,256.6660900612192,-182.1341627185992,-192.28192706566557,2.762351959774284,2.999999999997849,0.49999972279437055,0.0024752999999999997,1.0,0.6463310885683259,0.0218,0.14819001778459273,0.57,0.8556288707523761
0.3812720334334112,3.2e-5,293.98503228755163,-200.10892814940857,-210.94139817883178,2.9999999523949863,2.999999999999953,0.49999989305873727,0.0024752999999999997,1.0,0.6655251457853044,0.0218,0.14819001778459273,0.57,0.8556288707523761
0.4,3.2e-5,330.50571409295173,-218.36926900144388,-229.20173908153183,2.999999969283226,2.999999999999953,0.4999999333802372,0.0024752999999999997,1.0,0.684719203002283,0.0218,0.14819001778459273,0.57,0.8556288707523761
0.24000000000000005,3.3e-5,57.18386820826643,-85.08714523754361,-92.54081613918918,1.497466081385116,2.9999994656525284,-0.32350695495823534,0.0024752999999999997,1.0,0.5119726880494763,0.0218,0.14819001778459273,0.57,0.8556288707523761
0.256582440274312,3.3e-5,73.61509901012371,-92.29034745272942,-100.75643154011782,2.0657269984713293,2.999999966347774,-0.20653576113578204,0.0024752999999999997,1.0,0.5311667452664548,0.0218,0.14819001778459273,0.57,0.8556288707523761
0.27352354813649893,3.3e-5,96.24007929137363,-103.57325380031648,-112.06892168074278,2.0799989625977235,2.999999955328034,-0.10281798098261358,0.0024752999999999997,1.0,0.5503608024834333,0.0218,0.14819001778459273,0.57,0.8556288707523761
0.29079836143387255,3.3e-5,123.99495811807412,-116.21207388715722,-125.94636109409302,2.6083832995452063,2.9999951053374203,0.02717902270938566,0.0024752999999999997,1.0,0.5695548597004119,0.0218,0.14819001778459273,0.57,0.8556288707523761
0.3083814263100086,3.3e-5,156.49356765418196,-131.36319696631546,-142.19566586214694,2.9999995776809096,2.9999999968500886,0.16151519347757914,0.0024752999999999997,1.0,0.5887489169173903,0.0218,0.14819001778459273,0.57,0.8556288707523761
0.3262468347101488,3.3e-5,192.40758627893598,-149.32020565291575,-160.15267517452395,2.999999783587057,2.9999999995362083,0.2601195890894774,0.0024752999999999997,1.0,0.6079429741343689,0.0218,0.14819001778459273,0.57,0.8556288707523761
0.34436826255584724,3.3e-5,231.47881116914039,-169.63212682895121,-179.68828761962615,2.7289890503539946,2.9999999999868505,0.3250164424954669,0.0024752999999999997,1.0,0.6271370313513474,0.0218,0.14819001778459273,0.57,0.8556288707523761
0.36271900853261546,3.3e-5,270.7145746025974,-188.47369951771472,-199.30616933635466,2.999999882133895,2.999999999999953,0.4403083885384268,0.0024752999999999997,1.0,0.6463310885683259,0.0218,0.14819001778459273,0.57,0.8556288707523761
0.3812720334334112,3.3e-5,310.2622494472656,-208.24753669255279,-219.08000675868877,2.9999999646325803,2.999999999999953,0.4999991468841536,0.0024752999999999997,1.0,0.6655251457853044,0.0218,0.14819001778459273,0.57,0.8556288707523761
0.4,3.3e-5,348.06172145211224,-227.14727267529395,-237.97974276111208,2.9999999711932905,2.999999999999953,0.499999830505218,0.0024752999999999997,1.0,0.684719203002283,0.0218,0.14819001778459273,0.57,0.8556288707523761
0.24000000000000005,3.4e-5,63.45519589646278,-87.17353686974866,-95.67647998328735,2.0835156785229905,2.9999847166193163,-0.37731523172003856,0.0024752999999999997,1.0,0.5119726880494763,0.0218,0.14819001778459273,0.57,0.8556288707523761
0.256582440274312,3.4e-5,80.78945352111432,-95.81789213077279,-104.34360879561312,2.0943956583371897,2.9999999685903656,-0.2803137395343255,0.0024752999999999997,1.0,0.5311667452664548,0.0218,0.14819001778459273,0.57,0.8556288707523761
0.27352354813649893,3.4e-5,104.22893812631165,-107.511482309607,-116.06335109821178,2.1068453702893275,2.9999999697372006,-0.18422270058756662,0.0024752999999999997,1.0,0.5503608024834333,0.0218,0.14819001778459273,0.57,0.8556288707523761
0.29079836143387255,3.4e-5,133.0370281790183,-119.63649148857338,-130.4673961245651,2.999478666695944,2.999999442590377,-0.03885576508714461,0.0024752999999999997,1.0,0.5695548597004119,0.0218,0.14819001778459273,0.57,0.8556288707523761
0.3083814263100086,3.4e-5,166.345633475052,-136.28923017672284,-147.12169877258196,2.9999994839582547,2.999999990581948,0.055784722826234256,0.0024752999999999997,1.0,0.5887489169173903,0.0218,0.14819001778459273,0.57,0.8556288707523761
0.3262468347101488,3.4e-5,203.78415789677194,-155.8331148314764,-165.84096098344193,2.711227021687005,2.9999999993880824,0.12028939051948284,0.0024752999999999997,1.0,0.6079429741343689,0.0218,0.14819001778459273,0.57,0.8556288707523761
0.34436826255584724,3.4e-5,243.34889469053218,-174.79085976359352,-185.62332938032205,2.9999998148303395,2.9999999999997025,0.23217176174721454,0.0024752999999999997,1.0,0.6271370313513474,0.0218,0.14819001778459273,0.57,0.8556288707523761
0.36271900853261546,3.4e-5,284.4938406867477,-195.3633327435825,-206.19580237842982,2.999999820869685,2.999999999999953,0.3117931821781572,0.0024752999999999997,1.0,0.6463310885683259,0.0218,0.14819001778459273,0.57,0.8556288707523761
0.3812720334334112,3.4e-5,325.39671877563745,-215.81477192903293,-226.64724142287469,2.9999997738678212,2.999999999999953,0.3839146045262547,0.0024752999999999997,1.0,0.6655251457853044,0.0218,0.14819001778459273,0.57,0.8556288707523761
0.4,3.4e-5,364.39679665820603,-235.31481061157402,-246.14728036415897,2.999999860115564,2.999999999999953,0.4478735689782487,0.0024752999999999997,1.0,0.684719203002283,0.0218,0.14819001778459273,0.57,0.8556288707523761
0.24000000000000005,3.5000000000000004e-5,70.64681779159349,-90.69660811715079,-99.2722909308527,2.1181184320282007,2.9999999318049086,-0.4315435974201968,0.0024752999999999997,1.0,0.5119726880494763,0.0218,0.14819001778459273,0.57,0.8556288707523761
0.256582440274312,3.5000000000000004e-5,88.47973005122378,-98.30714297436224,-108.18874706066785,2.6642576729659138,2.9999998133627765,-0.3249208821851653,0.0024752999999999997,1.0,0.5311667452664548,0.0218,0.14819001778459273,0.57,0.8556288707523761
0.27352354813649893,3.5000000000000004e-5,112.30308825461123,-110.16856050032442,-120.10042616236157,2.6830563061018373,2.99999997298078,-0.233427389203142,0.0024752999999999997,1.0,0.5503608024834333,0.0218,0.14819001778459273,0.57,0.8556288707523761
0.29079836143387255,3.5000000000000004e-5,141.81953018653684,-124.02617701930419,-134.85864712832438,2.9999999999992526,2.9999999789280176,-0.12260080439297905,0.0024752999999999997,1.0,0.5695548597004119,0.0218,0.14819001778459273,0.57,0.8556288707523761
0.3083814263100086,3.5000000000000004e-5,176.10449801315082,-141.98419072140402,-152.00113104163137,2.714579380803781,2.999999846882145,-0.05685421171976185,0.0024752999999999997,1.0,0.5887489169173903,0.0218,0.14819001778459273,0.57,0.8556288707523761
0.3262468347101488,3.5000000000000004e-5,214.38410650794293,-161.08080569582714,-171.14093528902742,2.730442977286382,2.9999999982852117,0.026366748575504806,0.0024752999999999997,1.0,0.6079429741343689,0.0218,0.14819001778459273,0.57,0.8556288707523761
0.34436826255584724,3.5000000000000004e-5,255.40300760653315,-181.52352356635416,-191.65038583832253,2.754774800143826,2.9999999999920854,0.1056882163197368,0.0024752999999999997,1.0,0.6271370313513474,0.0218,0.14819001778459273,0.57,0.8556288707523761
0.36271900853261546,3.5000000000000004e-5,297.08955571842597,-201.66119031493676,-212.49365989426894,2.9999998023646355,2.999999999999953,0.19915305565258667,0.0024752999999999997,1.0,0.6463310885683259,0.0218,0.14819001778459273,0.57,0.8556288707523761
0.3812720334334112,3.5000000000000004e-5,339.0197274006834,-222.62627601875778,-233.45874573539766,2.9999998481338683,2.999999999999953,0.2651701600248446,0.0024752999999999997,1.0,0.6655251457853044,0.0218,0.14819001778459273,0.57,0.8556288707523761
0.4,3.5000000000000004e-5,379.01343361269943,-242.62313083767484,-253.45559884140567,2.999999277164111,2.999999999999953,0.32337777607955986,0.0024752999999999997,1.0,0.684719203002283,0.0218,0.14819001778459273,0.57,0.8556288707523761
0.24000000000000005,3.6e-5,78.49568793916791,-94.5597580353466,-103.19672600463991,2.1468601449590032,2.9999978520153054,-0.4741117441678456,0.0024752999999999997,1.0,0.5119726880494763,0.0218,0.14819001778459273,0.57,0.8556288707523761
0.256582440274312,3.6e-5,97.94258692571,-105.33968113717846,-112.92017549791096,1.5798888524675057,2.9999999318061867,-0.3972221464536313,0.0024752999999999997,1.0,0.5311667452664548,0.0218,0.14819001778459273,0.57,0.8556288707523761
0.27352354813649893,3.6e-5,120.74038362491967,-114.18660042777853,-124.3190738475158,2.756833081590871,2.999979642471583,-0.2890841426914158,0.0024752999999999997,1.0,0.5503608024834333,0.0218,0.14819001778459273,0.57,0.8556288707523761
0.29079836143387255,3.6e-5,150.66132418077848,-128.44712926700865,-139.2795441254452,2.9999869941115342,2.9999945679214037,-0.19179372890590185,0.0024752999999999997,1.0,0.5695548597004119,0.0218,0.14819001778459273,0.57,0.8556288707523761
0.3083814263100086,3.6e-5,185.42494334368115,-145.82888547993522,-156.66135370689653,2.9999993820907798,2.999999969483459,-0.11103957833535294,0.0024752999999999997,1.0,0.5887489169173903,0.0218,0.14819001778459273,0.57,0.8556288707523761
0.3262468347101488,3.6e-5,224.15617103197093,-165.1945031975402,-176.02696755104142,2.999998061073565,2.9999999993467474,-0.034229158469383236,0.0024752999999999997,1.0,0.6079429741343689,0.0218,0.14819001778459273,0.57,0.8556288707523761
0.34436826255584724,3.6e-5,265.6603270667852,-185.94658274074592,-196.77904556844857,2.9999975518211635,2.9999999999992526,0.037990802835484616,0.0024752999999999997,1.0,0.6271370313513474,0.0218,0.14819001778459273,0.57,0.8556288707523761
0.36271900853261546,3.6e-5,308.52641021612754,-207.37963677282005,-218.21208714311973,2.9999933993465504,2.999999999999953,0.1059363267323955,0.0024752999999999997,1.0,0.6463310885683259,0.0218,0.14819001778459273,0.57,0.8556288707523761
0.3812720334334112,3.6e-5,351.1595373374139,-228.69618136065023,-239.5286507037629,2.9999997236247915,2.999999999999953,0.1647191414851955,0.0024752999999999997,1.0,0.6655251457853044,0.0218,0.14819001778459273,0.57,0.8556288707523761
0.4,3.6e-5,391.83619854059083,-249.0345118073318,-259.8669813053514,2.999999775260431,2.999999999999953,0.21770937638194554,0.0024752999999999997,1.0,0.684719203002283,0.0218,0.14819001778459273,0.57,0.8556288707523761
0.24000000000000005,3.7000000000000005e-5,86.91389309017146,-98.70737057511109,-107.40582858014169,2.175314245419598,2.9999972665419175,-0.4999620413828431,0.0024752999999999997,1.0,0.5119726880494763,0.0218,0.14819001778459273,0.57,0.8556288707523761
0.256582440274312,3.7000000000000005e-5,104.81492501720138,-106.08624607806621,-116.35634454365665,2.806288857091649,2.999999906211219,-0.4133080732316762,0.0024752999999999997,1.0,0.5311667452664548,0.0218,0.14819001778459273,0.57,0.8556288707523761
0.27352354813649893,3.7000000000000005e-5,129.37016078423096,-117.92512092912408,-128.63396242717144,2.9585034778194057,2.999999970558073,-0.3265684519996737,0.0024752999999999997,1.0,0.5503608024834333,0.0218,0.14819001778459273,0.57,0.8556288707523761
0.29079836143387255,3.7000000000000005e-5,159.52258099129006,-132.89210088819024,-143.710172530701,2.995196815204622,2.999999829788793,-0.24663094014642334,0.0024752999999999997,1.0,0.5695548597004119,0.0218,0.14819001778459273,0.57,0.8556288707523761
0.3083814263100086,3.7000000000000005e-5,195.40384794307886,-152.97777084798417,-161.6508060065954,2.163592129816237,2.999999844757143,-0.19866644514688125,0.0024752999999999997,1.0,0.5887489169173903,0.0218,0.14819001778459273,0.57,0.8556288707523761
0.3262468347101488,3.7000000000000005e-5,233.70425252062165,-169.96911426999483,-180.80100829536678,2.9998087207287973,2.9999992242176563,-0.09988310222093527,0.0024752999999999997,1.0,0.6079429741343689,0.0218,0.14819001778459273,0.57,0.8556288707523761
0.34436826255584724,3.7000000000000005e-5,275.5829338001716,-190.90788026270948,-201.74034893514175,2.9999995001119766,2.999999999952606,-0.033103241343403256,0.0024752999999999997,1.0,0.6271370313513474,0.0218,0.14819001778459273,0.57,0.8556288707523761
0.36271900853261546,3.7000000000000005e-5,318.83882014103597,-212.53582336502834,-223.36829210557394,2.999999522769184,2.9999999999998526,0.028269727242545173,0.0024752999999999997,1.0,0.6463310885683259,0.0218,0.14819001778459273,0.57,0.8556288707523761
0.3812720334334112,3.7000000000000005e-5,361.8674884710464,-234.05015609834103,-244.88262627057915,2.999999999999953,2.999999999999953,0.08357835513162826,0.0024752999999999997,1.0,0.6655251457853044,0.0218,0.14819001778459273,0.57,0.8556288707523761
0.4,3.7000000000000005e-5,402.93151520074724,-254.58217079494807,-265.4146396354296,2.9999995560810517,2.999999999999953,0.1321281430036364,0.0024752999999999997,1.0,0.684719203002283,0.0218,0.14819001778459273,0.57,0.8556288707523761
0.24000000000000005,3.8e-5,95.04136267693326,-101.10087634325001,-111.46956337352259,2.841204440964669,2.9999985067847974,-0.4999995785450932,0.0024752999999999997,1.0,0.5119726880494763,0.0218,0.14819001778459273,0.57,0.8556288707523761
0.256582440274312,3.8e-5,113.50448611088643,-110.28943849857282,-120.70112509049918,2.856297136570822,2.999999917832207,-0.4414101597040088,0.0024752999999999997,1.0,0.5311667452664548,0.0218,0.14819001778459273,0.57,0.8556288707523761
0.27352354813649893,3.8e-5,138.11141236137917,-122.28389818767378,-133.00458821574554,2.9625057138544033,2.999999934507788,-0.3619041242064347,0.0024752999999999997,1.0,0.5503608024834333,0.0218,0.14819001778459273,0.57,0.8556288707523761
0.29079836143387255,3.8e-5,168.36596200749375,-137.29939294182418,-148.13186303880283,2.9999999837473306,2.999999991166088,-0.28653059225308664,0.0024752999999999997,1.0,0.5695548597004119,0.0218,0.14819001778459273,0.57,0.8556288707523761
0.3083814263100086,3.8e-5,203.5574477889923,-154.90972017758213,-165.7276059295521,2.995134647128089,2.9999999341726795,-0.21605471240985014,0.0024752999999999997,1.0,0.5887489169173903,0.0218,0.14819001778459273,0.57,0.8556288707523761
0.3262468347101488,3.8e-5,242.73872737344186,-174.48683594135437,-185.3182457217769,2.999646544487908,2.999999970751667,-0.1490138903280453,0.0024752999999999997,1.0,0.6079429741343689,0.0218,0.14819001778459273,0.57,0.8556288707523761
0.34436826255584724,3.8e-5,284.7166940243056,-195.47501610476397,-206.30722904720875,2.9999143036301974,2.9999999518812905,-0.0867030048163826,0.0024752999999999997,1.0,0.6271370313513474,0.0218,0.14819001778459273,0.57,0.8556288707523761
0.36271900853261546,3.8e-5,332.66562415669387,-223.7219733715768,-230.2816941134029,0.6741670364574283,2.999999991021594,-0.07763806907232684,0.0024752999999999997,1.0,0.6463310885683259,0.0218,0.14819001778459273,0.57,0.8556288707523761
0.3812720334334112,3.8e-5,371.85099380006886,-241.24257821371106,-249.8743789350904,2.1444489033588177,2.999999999860845,-0.00538765128260732,0.0024752999999999997,1.0,0.6655251457853044,0.0218,0.14819001778459273,0.57,0.8556288707523761
0.4,3.8e-5,412.39212085444586,-259.312478074763,-270.1449424622789,2.999998071758588,2.999999999999953,0.06666576329316987,0.0024752999999999997,1.0,0.684719203002283,0.0218,0.14819001778459273,0.57,0.8556288707523761
0.24000000000000005,3.9000000000000006e-5,104.03818192613062,-105.46512680976667,-115.96797299812127,2.8880365336308986,2.9999995021075634,-0.4999991815931237,0.0024752999999999997,1.0,0.5119726880494763,0.0218,0.14819001778459273,0.57,0.8556288707523761
0.256582440274312,3.9000000000000006e-5,122.44558873182177,-114.54955769257613,-125.17167640096685,2.929068401688197,2.999975894992559,-0.45890134234469404,0.0024752999999999997,1.0,0.5311667452664548,0.0218,0.14819001778459273,0.57,0.8556288707523761
0.27352354813649893,3.9000000000000006e-5,146.9819226122804,-126.73599236972414,-137.43984334119617,2.9568161967463698,2.9999999295209343,-0.3851188098504117,0.0024752999999999997,1.0,0.5503608024834333,0.0218,0.14819001778459273,0.57,0.8556288707523761
0.29079836143387255,3.9000000000000006e-5,177.14257743660608,-141.77515361037027,-152.520170753359,2.9707060172798068,2.999999950066369,-0.3142191655074184,0.0024752999999999997,1.0,0.5695548597004119,0.0218,0.14819001778459273,0.57,0.8556288707523761
0.3083814263100086,3.9000000000000006e-5,212.2168141960762,-159.29255148410618,-170.05728913309406,2.9773377411420414,2.99999915477824,-0.2466143730586257,0.0024752999999999997,1.0,0.5887489169173903,0.0218,0.14819001778459273,0.57,0.8556288707523761
0.3262468347101488,3.9000000000000006e-5,251.25769362037204,-178.80506792846134,-189.57772884524198,2.979996929538329,2.9999999648377735,-0.1831777264932476,0.0024752999999999997,1.0,0.6079429741343689,0.0218,0.14819001778459273,0.57,0.8556288707523761
0.34436826255584724,3.9000000000000006e-5,297.0023393152752,-205.89258934782882,-212.45005169269356,0.6708091093407328,2.9999999140130305,-0.14181546632427178,0.0024752999999999997,1.0,0.6271370313513474,0.0218,0.14819001778459273,0.57,0.8556288707523761
0.36271900853261546,3.9000000000000006e-5,336.2853246611151,-221.31742572984248,-232.09154436561352,2.9804860685102974,2.9999999537468884,-0.07038566681663871,0.0024752999999999997,1.0,0.6463310885683259,0.0218,0.14819001778459273,0.57,0.8556288707523761
0.3812720334334112,3.9000000000000006e-5,379.254991547018,-244.98101924909784,-253.57637780856496,2.1273873124262748,2.999999999564191,-0.038244974295073064,0.0024752999999999997,1.0,0.6655251457853044,0.0218,0.14819001778459273,0.57,0.8556288707523761
0.4,3.9000000000000006e-5,420.10098211965095,-265.4115565058164,-273.99937309488143,2.123839173287921,2.9999999999434874,0.0024803733940838013,0.0024752999999999997,1.0,0.684719203002283,0.0218,0.14819001778459273,0.57,0.8556288707523761
0.24000000000000005,4.0e-5,113.30971752831411,-110.30385353516243,-120.60374079921301,2.9102876291427555,2.909477633404838,-0.4999996903749992,0.0024752999999999997,1.0,0.5119726880494763,0.0218,0.14819001778459273,0.57,0.8556288707523761
0.256582440274312,4.0e-5,131.57998090530117,-119.108363126589,-129.73887248770654,2.9319084943317684,2.9999984931035475,-0.4680512606201852,0.0024752999999999997,1.0,0.5311667452664548,0.0218,0.14819001778459273,0.57,0.8556288707523761
0.27352354813649893,4.0e-5,155.9292272140459,-131.08102875257313,-141.9134956420789,2.999998994627944,2.999999911127679,-0.3956279753441293,0.0024752999999999997,1.0,0.5503608024834333,0.0218,0.14819001778459273,0.57,0.8556288707523761
0.29079836143387255,4.0e-5,185.81991436839354,-146.0263690470146,-156.85883921925273,2.999999999999953,2.999999999999953,-0.32730635796599683,0.0024752999999999997,1.0,0.5695548597004119,0.0218,0.14819001778459273,0.57,0.8556288707523761
0.3083814263100086,4.0e-5,220.55166486246628,-163.52437357582383,-174.2247144662891,2.955629178008538,2.9999995997596955,-0.26353445727107355,0.0024752999999999997,1.0,0.5887489169173903,0.0218,0.14819001778459273,0.57,0.8556288707523761
0.3262468347101488,4.0e-5,259.5777758829416,-185.11354313450425,-193.73776997652675,2.1409214457875634,2.9999947837513172,-0.20404769291584562,0.0024752999999999997,1.0,0.6079429741343689,0.0218,0.14819001778459273,0.57,0.8556288707523761
0.34436826255584724,4.0e-5,300.6668137209482,-203.5878392683251,-214.28228889553006,2.9536355450390643,2.999999329502412,-0.14576863805284113,0.0024752999999999997,1.0,0.6271370313513474,0.0218,0.14819001778459273,0.57,0.8556288707523761
0.36271900853261546,4.0e-5,343.7094505879182,-228.2126841147691,-235.80360732901505,1.5864764630044486,2.9999997527246554,-0.09398402551174956,0.0024752999999999997,1.0,0.6463310885683259,0.0218,0.14819001778459273,0.57,0.8556288707523761
0.3812720334334112,4.0e-5,385.3803453021372,-248.07810665379446,-256.63905468612455,2.1111503437365626,2.9999999910540605,-0.05367486751501643,0.0024752999999999997,1.0,0.6655251457853044,0.0218,0.14819001778459273,0.57,0.8556288707523761
0.4,4.0e-5,425.93397265923426,-270.3876263310257,-276.9158683646731,0.625734587513354,2.9999999914679285,-0.005011142448634431,0.0024752999999999997,1.0,0.684719203002283,0.0218,0.14819001778459273,0.57,0.8556288707523761
0.24000000000000005,4.1e-5,123.91429015675129,-118.06597084697803,-125.9060271134316,2.2468417118419444,2.639483758305307,-0.48986230848096946,0.0024752999999999997,1.0,0.5119726880494763,0.0218,0.14819001778459273,0.57,0.8556288707523761
0.256582440274312,4.1e-5,140.79771083902864,-123.7380872864161,-134.34773745457028,2.924797596559656,2.9999865018013736,-0.4678707364248614,0.0024752999999999997,1.0,0.5311667452664548,0.0218,0.14819001778459273,0.57,0.8556288707523761
0.27352354813649893,4.1e-5,164.813715754692,-135.52327011203434,-146.35573991240196,2.9999998850655145,2.999999990977554,-0.3970222459510518,0.0024752999999999997,1.0,0.5503608024834333,0.0218,0.14819001778459273,0.57,0.8556288707523761
0.29079836143387255,4.1e-5,194.2782842249266,-150.25555397528115,-161.08802414751926,2.999999999999953,2.999999999999953,-0.33006285364819055,0.0024752999999999997,1.0,0.5695548597004119,0.0218,0.14819001778459273,0.57,0.8556288707523761
0.3083814263100086,4.1e-5,232.73307008373996,-173.73432921459582,-180.31541707692594,0.7051493432357847,2.999999963986265,-0.24185100836473727,0.0024752999999999997,1.0,0.5887489169173903,0.0218,0.14819001778459273,0.57,0.8556288707523761
0.3262468347101488,4.1e-5,269.451414375105,-192.1244712707105,-198.67458922260846,0.6598322929043041,2.9999861507279997,-0.1797773056114096,0.0024752999999999997,1.0,0.6079429741343689,0.0218,0.14819001778459273,0.57,0.8556288707523761
0.34436826255584724,4.1e-5,307.41424095125114,-207.07377741872097,-217.65600251068153,2.915395446353687,2.9999965384687544,-0.15231059661364543,0.0024752999999999997,1.0,0.6271370313513474,0.0218,0.14819001778459273,0.57,0.8556288707523761
0.36271900853261546,4.1e-5,349.10734629600034,-231.4390676197521,-238.50255518305613,1.2091474151384458,2.999999551765844,-0.09282445377645748,0.0024752999999999997,1.0,0.6463310885683259,0.0218,0.14819001778459273,0.57,0.8556288707523761
0.3812720334334112,4.1e-5,389.69521436224437,-252.2771952236296,-258.79648921617814,0.6112684502945446,2.9999997537157963,-0.02898113669504787,0.0024752999999999997,1.0,0.6655251457853044,0.0218,0.14819001778459273,0.57,0.8556288707523761
0.4,4.1e-5,428.21765337922767,-271.5443457860296,-278.0577087246698,0.6014861672069961,2.9999999872437013,0.009764166902573979,0.0024752999999999997,1.0,0.684719203002283,0.0218,0.14819001778459273,0.57,0.8556288707523761
0.24000000000000005,4.2e-5,131.71664657827836,-120.46003175723807,-129.80720532419514,2.902079253014957,2.5704752087225993,-0.46293011344484086,0.0024752999999999997,1.0,0.5119726880494763,0.0218,0.14819001778459273,0.57,0.8556288707523761
0.256582440274312,4.2e-5,149.93953441961702,-128.34494898290433,-138.91864924486447,2.912466665935815,2.9999996832093485,-0.45920763195244846,0.0024752999999999997,1.0,0.5311667452664548,0.0218,0.14819001778459273,0.57,0.8556288707523761
0.27352354813649893,4.2e-5,173.4241023920399,-140.0906530691205,-150.66093323107592,2.911329607286101,2.999963315971282,-0.38957985134767315,0.0024752999999999997,1.0,0.5503608024834333,0.0218,0.14819001778459273,0.57,0.8556288707523761
0.29079836143387255,4.2e-5,202.29003163345556,-154.53847809151733,-165.09389785178374,2.9062010993391403,2.9999823909909864,-0.322952065178892,0.0024752999999999997,1.0,0.5695548597004119,0.0218,0.14819001778459273,0.57,0.8556288707523761
0.3083814263100086,4.2e-5,235.85260492772665,-171.34649483011674,-181.87518449891928,2.896970705961522,2.999999953654851,-0.2597400922513935,0.0024752999999999997,1.0,0.5887489169173903,0.0218,0.14819001778459273,0.57,0.8556288707523761
0.3262468347101488,4.2e-5,274.6895197120875,-194.75676786681942,-201.2936418910997,0.639380971757695,2.9999999461729905,-0.15590126121183823,0.0024752999999999997,1.0,0.6079429741343689,0.0218,0.14819001778459273,0.57,0.8556288707523761
0.34436826255584724,4.2e-5,312.3914185264645,-212.62721214951227,-220.14459129828822,1.5394423760094984,2.999989187317404,-0.11822130834030714,0.0024752999999999997,1.0,0.6271370313513474,0.0218,0.14819001778459273,0.57,0.8556288707523761
0.36271900853261546,4.2e-5,352.15045675696757,-233.51262693896365,-240.02411041353974,0.5983909036350717,2.9999924885109643,-0.048710762311926226,0.0024752999999999997,1.0,0.6463310885683259,0.0218,0.14819001778459273,0.57,0.8556288707523761
0.3812720334334112,4.2e-5,391.28594523183034,-253.08874474926336,-259.59185465097113,0.5841954450447338,2.9999991901545195,-0.003568874481368778,0.0024752999999999997,1.0,0.6655251457853044,0.0218,0.14819001778459273,0.57,0.8556288707523761
0.4,4.2e-5,427.75667080913155,-271.4449582652435,-277.82721743962173,-0.3155616443776186,2.999999808812889,0.05093754858007071,0.0024752999999999997,1.0,0.684719203002283,0.0218,0.14819001778459273,0.57,0.8556288707523761
0.24000000000000005,4.3e-5,141.42326646784147,-127.98752311226377,-134.6605152689767,2.2042825217069715,2.1959468421267,-0.4106216094502159,0.0024752999999999997,1.0,0.5119726880494763,0.0218,0.14819001778459273,0.57,0.8556288707523761
0.256582440274312,4.3e-5,158.91838853961787,-132.57560613263053,-143.4080763048649,2.999999999999953,2.999999999998701,-0.44357066850312066,0.0024752999999999997,1.0,0.5311667452664548,0.0218,0.14819001778459273,0.57,0.8556288707523761
0.27352354813649893,4.3e-5,181.6731988599518,-144.27339701473548,-154.78548146503186,2.891233383324314,2.9999996798778157,-0.37362651398247015,0.0024752999999999997,1.0,0.5503608024834333,0.0218,0.14819001778459273,0.57,0.8556288707523761
0.29079836143387255,4.3e-5,209.9720081792288,-158.1024159529399,-168.93488612467036,2.999999999999953,2.999999999830733,-0.30744435620440447,0.0024752999999999997,1.0,0.5695548597004119,0.0218,0.14819001778459273,0.57,0.8556288707523761
0.3083814263100086,4.3e-5,242.36976433413867,-176.52178064178355,-185.1337642021253,2.1351878380318134,2.9999999454212856,-0.22543095452113904,0.0024752999999999997,1.0,0.5887489169173903,0.0218,0.14819001778459273,0.57,0.8556288707523761
0.3262468347101488,4.3e-5,278.15519663410544,-195.5348908948818,-203.02648035210868,1.5225764574512342,2.9999999168653635,-0.14743334005935527,0.0024752999999999997,1.0,0.6079429741343689,0.0218,0.14819001778459273,0.57,0.8556288707523761
0.34436826255584724,4.3e-5,315.84508963952004,-215.53675207747858,-221.87142685481598,0.06640458075356535,2.9999999403088253,-0.06894722618257498,0.0024752999999999997,1.0,0.6271370313513474,0.0218,0.14819001778459273,0.57,0.8556288707523761
0.36271900853261546,4.3e-5,352.8796896986145,-233.47209672978363,-240.38872688436322,-1.0809548430696314,2.9999760985592343,0.018858130222165204,0.0024752999999999997,1.0,0.6463310885683259,0.0218,0.14819001778459273,0.57,0.8556288707523761
0.3812720334334112,4.3e-5,387.9318073919508,-249.99927015171488,-257.9147857310314,-1.7793532844119955,2.999998783901158,0.08988048727077425,0.0024752999999999997,1.0,0.6655251457853044,0.0218,0.14819001778459273,0.57,0.8556288707523761
0.4,4.3e-5,420.4289260149339,-265.52687294883305,-274.1633450425229,-2.146626223940133,2.9999999495992427,0.14117767991147534,0.0024752999999999997,1.0,0.684719203002283,0.0218,0.14819001778459273,0.57,0.8556288707523761
0.24000000000000005,4.4e-5,149.06112748112793,-132.329349292418,-138.47944577561992,2.1846740298631655,1.9653121902559192,-0.3635759537770006,0.0024752999999999997,1.0,0.5119726880494763,0.0218,0.14819001778459273,0.57,0.8556288707523761
0.256582440274312,4.4e-5,167.8892165691484,-140.17391460124367,-147.89349031963016,2.1843240547919924,2.6463067690563107,-0.3649170584282083,0.0024752999999999997,1.0,0.5311667452664548,0.0218,0.14819001778459273,0.57,0.8556288707523761
0.27352354813649893,4.4e-5,189.6970293452345,-148.3327697179654,-158.79739670767322,2.8747719274668997,2.999999999997849,-0.49999984190041635,0.0024752999999999997,1.0,0.5503608024834333,0.0218,0.14819001778459273,0.57,0.8556288707523761
0.29079836143387255,4.4e-5,216.56336905470624,-163.5920217925833,-172.23056656240908,2.147604475025448,2.999990702323165,-0.26278062415140296,0.0024752999999999997,1.0,0.5695548597004119,0.0218,0.14819001778459273,0.57,0.8556288707523761
0.3083814263100086,4.4e-5,249.32910370431728,-182.27660231965,-188.6134338872146,0.09340081631790627,2.9999998463605837,-0.15551816243781408,0.0024752999999999997,1.0,0.5887489169173903,0.0218,0.14819001778459273,0.57,0.8556288707523761
0.3262468347101488,4.4e-5,282.3575845613876,-198.50217374652237,-205.12767431574977,-0.7655464977399574,2.999999892296012,-0.06534873668708774,0.0024752999999999997,1.0,0.6079429741343689,0.0218,0.14819001778459273,0.57,0.8556288707523761
0.34436826255584724,4.4e-5,315.6073560396415,-214.82933102462064,-221.7525600548767,-1.0869765562425338,2.9999999470357475,0.0019529803699825932,0.0024752999999999997,1.0,0.6271370313513474,0.0218,0.14819001778459273,0.57,0.8556288707523761
0.36271900853261546,4.4e-5,348.70196447063745,-229.7964842809668,-238.29986427037468,-2.083731146412675,2.9999806905726336,0.08343104520260569,0.0024752999999999997,1.0,0.6463310885683259,0.0218,0.14819001778459273,0.57,0.8556288707523761
0.3812720334334112,4.4e-5,378.5298351532019,-242.51705199024877,-253.2137996116569,-2.9544129618209816,2.999999824893928,0.16197566478708236,0.0024752999999999997,1.0,0.6655251457853044,0.0218,0.14819001778459273,0.57,0.8556288707523761
0.4,4.4e-5,407.93442979440414,-257.16109208747486,-267.91609693225803,-2.9740661534913473,2.999999976624451,0.20551843771482248,0.0024752999999999997,1.0,0.684719203002283,0.0218,0.14819001778459273,0.57,0.8556288707523761
0.24000000000000005,4.4999999999999996e-5,155.66475463660657,-136.10348874400935,-141.78125935335925,2.1648007126848627,1.7332739969728197,-0.3143539670831082,0.0024752999999999997,1.0,0.5119726880494763,0.0218,0.14819001778459273,0.57,0.8556288707523761
0.256582440274312,4.4999999999999996e-5,174.30191545798766,-141.97568319728165,-151.0998397640498,2.8535140578906857,2.5378790968995553,-0.34854477163293596,0.0024752999999999997,1.0,0.5311667452664548,0.0218,0.14819001778459273,0.57,0.8556288707523761
0.27352354813649893,4.4999999999999996e-5,196.1254750711243,-151.61416664221008,-162.0116195706181,2.851309438194945,2.999999999999953,-0.3263783857892146,0.0024752999999999997,1.0,0.5503608024834333,0.0218,0.14819001778459273,0.57,0.8556288707523761
0.29079836143387255,4.4999999999999996e-5,222.33527301202463,-164.76889704688685,-175.11651854106827,2.833779500403536,2.999999397829727,-0.25722819456728496,0.0024752999999999997,1.0,0.5695548597004119,0.0218,0.14819001778459273,0.57,0.8556288707523761
0.3083814263100086,4.4999999999999996e-5,251.01344444921955,-183.10892220806792,-189.45560425966573,-0.16859663808735714,2.999999822057403,-0.11326261622131567,0.0024752999999999997,1.0,0.5887489169173903,0.0218,0.14819001778459273,0.57,0.8556288707523761
0.3262468347101488,4.4999999999999996e-5,281.2588496295422,-197.6542654407762,-204.57830684982707,-1.0877752304593968,2.99998125354543,-0.024744734830150716,0.0024752999999999997,1.0,0.6079429741343689,0.0218,0.14819001778459273,0.57,0.8556288707523761
0.34436826255584724,4.4999999999999996e-5,312.20377407089586,-212.63450948853904,-220.0507690705039,-1.4722702951800033,2.9999998328972475,0.050543540036821044,0.0024752999999999997,1.0,0.6271370313513474,0.0218,0.14819001778459273,0.57,0.8556288707523761
0.36271900853261546,4.4999999999999996e-5,339.1963614766606,-222.84559505067247,-233.54706277338627,-2.9560100872716872,2.9999999108164705,0.1447312925866393,0.0024752999999999997,1.0,0.6463310885683259,0.0218,0.14819001778459273,0.57,0.8556288707523761
0.3812720334334112,4.4999999999999996e-5,367.9695899990982,-237.16822844673166,-247.93367703460507,-2.977580643509549,2.9999950571071374,0.19602218266396976,0.0024752999999999997,1.0,0.6655251457853044,0.0218,0.14819001778459273,0.57,0.8556288707523761
0.4,4.4999999999999996e-5,395.4308798060301,-250.83185883896772,-261.664321938071,-2.9999977633397483,2.9999998789477065,0.24080020349248765,0.0024752999999999997,1.0,0.684719203002283,0.0218,0.14819001778459273,0.57,0.8556288707523761
0.24000000000000005,4.6e-5,161.82086988576395,-141.889858177653,-144.85931697793794,0.8350949034286906,1.2556248477791847,-0.21638625711243564,0.0024752999999999997,1.0,0.5119726880494763,0.0218,0.14819001778459273,0.57,0.8556288707523761
0.256582440274312,4.6e-5,179.83593696680708,-148.89938903014587,-153.8668505184595,1.4858871550881059,2.0154706632681716,-0.22545620800157995,0.0024752999999999997,1.0,0.5311667452664548,0.0218,0.14819001778459273,0.57,0.8556288707523761
0.27352354813649893,4.6e-5,203.46416127236034,-161.29568455447028,-165.68096267123613,-0.768160867531137,2.1249811224217336,-0.12143367260333998,0.0024752999999999997,1.0,0.5503608024834333,0.0218,0.14819001778459273,0.57,0.8556288707523761
0.29079836143387255,4.6e-5,225.5485536076032,-170.72417858536457,-176.72315883885756,0.0643405185136004,2.885979982637887,-0.1510296247342544,0.0024752999999999997,1.0,0.5695548597004119,0.0218,0.14819001778459273,0.57,0.8556288707523761
0.3083814263100086,4.6e-5,250.93050227604164,-182.75175405005172,-189.41413317307678,-0.8122939361740732,2.9999994104712986,-0.07080462515835567,0.0024752999999999997,1.0,0.5887489169173903,0.0218,0.14819001778459273,0.57,0.8556288707523761
0.3262468347101488,4.6e-5,277.9413496213272,-195.562636834466,-202.91955684571957,-1.4314030931300803,2.9999974771669393,0.01676910936188436,0.0024752999999999997,1.0,0.6079429741343689,0.0218,0.14819001778459273,0.57,0.8556288707523761
0.34436826255584724,4.6e-5,302.27410287930604,-204.2536046854985,-215.08593347470898,-2.9999971464688424,2.9999557255271316,0.11675335747843385,0.0024752999999999997,1.0,0.6271370313513474,0.0218,0.14819001778459273,0.57,0.8556288707523761
0.36271900853261546,4.6e-5,328.9645266393714,-217.66874153490568,-228.43114535474166,-2.9765973886309918,2.9999558798739527,0.17469380868190776,0.0024752999999999997,1.0,0.6463310885683259,0.0218,0.14819001778459273,0.57,0.8556288707523761
0.3812720334334112,4.6e-5,355.6631989222115,-230.9480116124544,-241.7804814961617,-2.999999999842297,2.9999999039806777,0.22735097277522343,0.0024752999999999997,1.0,0.6655251457853044,0.0218,0.14819001778459273,0.57,0.8556288707523761
0.4,4.6e-5,381.1832766506148,-243.70805047982648,-254.54052036036336,-2.9999999999999503,2.999999902766205,0.2726733061840507,0.0024752999999999997,1.0,0.684719203002283,0.0218,0.14819001778459273,0.57,0.8556288707523761
0.24000000000000005,4.7e-5,164.8426900629073,-144.1638921400994,-146.3702270665096,-0.18011241428286254,0.8457476139870943,-0.12574647385548843,0.0024752999999999997,1.0,0.5119726880494763,0.0218,0.14819001778459273,0.57,0.8556288707523761
0.256582440274312,4.7e-5,182.5993134424399,-152.36939096673746,-155.2485387562759,-0.19304919655365682,1.4339062878410536,-0.11223774155993277,0.0024752999999999997,1.0,0.5311667452664548,0.0218,0.14819001778459273,0.57,0.8556288707523761
0.27352354813649893,4.7e-5,202.8849483336042,-161.48888870884147,-165.39135620185806,-0.8025771193638481,1.8697231369991647,-0.072305325090604,0.0024752999999999997,1.0,0.5503608024834333,0.0218,0.14819001778459273,0.57,0.8556288707523761
0.29079836143387255,4.7e-5,224.80171425171693,-171.16387054341104,-176.34973916091442,-1.1011135928881493,2.3440020789425335,-0.039929358736959186,0.0024752999999999997,1.0,0.5695548597004119,0.0218,0.14819001778459273,0.57,0.8556288707523761
0.3083814263100086,4.7e-5,246.10358495692157,-177.94284636866348,-187.00067451351674,-2.942553639428354,2.4066769671720936,0.06602804052580447,0.0024752999999999997,1.0,0.5887489169173903,0.0218,0.14819001778459273,0.57,0.8556288707523761
0.3262468347101488,4.7e-5,268.82655589370506,-188.04174324705266,-198.3621599819085,-2.9552267328877098,2.870980334739463,0.08836360758916073,0.0024752999999999997,1.0,0.6079429741343689,0.0218,0.14819001778459273,0.57,0.8556288707523761
0.34436826255584724,4.7e-5,292.58679860397143,-199.40981899432649,-210.24228133704167,-2.999999999999955,2.9999973901578416,0.1417407288731537,0.0024752999999999997,1.0,0.6271370313513474,0.0218,0.14819001778459273,0.57,0.8556288707523761
0.36271900853261546,4.7e-5,317.2164394289011,-211.7246424056996,-222.5571017495065,-2.999996552954949,2.9999998375659027,0.20174258842357307,0.0024752999999999997,1.0,0.6463310885683259,0.0218,0.14819001778459273,0.57,0.8556288707523761
0.3812720334334112,4.7e-5,341.8591393621732,-224.04638506426795,-234.87845171614256,-2.999914014736871,2.999951476850541,0.25535025534970945,0.0024752999999999997,1.0,0.6655251457853044,0.0218,0.14819001778459273,0.57,0.8556288707523761
0.4,4.7e-5,365.45563029139544,-235.84422760258192,-246.67669718075368,-2.999999871623479,2.999999930354306,0.30184128822830636,0.0024752999999999997,1.0,0.684719203002283,0.0218,0.14819001778459273,0.57,0.8556288707523761
0.24000000000000005,4.8e-5,164.89553814426358,-144.3414585041637,-146.39665110718775,-0.2240655171252828,0.6286807660543262,-0.08053486502149404,0.0024752999999999997,1.0,0.5119726880494763,0.0218,0.14819001778459273,0.57,0.8556288707523761
0.256582440274312,4.8e-5,182.01341031121444,-152.37648978023066,-154.95558719066318,-0.24357280380036886,1.1974668119146772,-0.06400954393910979,0.0024752999999999997,1.0,0.5311667452664548,0.0218,0.14819001778459273,0.57,0.8556288707523761
0.27352354813649893,4.8e-5,201.32112651758177,-161.2064880106378,-164.60944529384685,-0.2661013565637009,1.7521884287873462,-0.04581001506578225,0.0024752999999999997,1.0,0.5503608024834333,0.0218,0.14819001778459273,0.57,0.8556288707523761
0.29079836143387255,4.8e-5,220.565843377406,-169.34624512579438,-174.23180372375896,-1.422992182078612,2.020215360102859,0.025546554066468774,0.0024752999999999997,1.0,0.5695548597004119,0.0218,0.14819001778459273,0.57,0.8556288707523761
0.3083814263100086,4.8e-5,240.85279975891427,-177.50321265934286,-184.3752819145131,-2.148272976104293,2.337546017943538,0.07781810708376935,0.0024752999999999997,1.0,0.5887489169173903,0.0218,0.14819001778459273,0.57,0.8556288707523761
0.3262468347101488,4.8e-5,259.5723570548668,-184.08532560712624,-193.73506056248937,-2.9769328025480766,2.60238364876563,0.1376457118816039,0.0024752999999999997,1.0,0.6079429741343689,0.0218,0.14819001778459273,0.57,0.8556288707523761
0.34436826255584724,4.8e-5,281.59916481558844,-193.91878803917487,-204.74846444285018,-2.99984183511766,2.999226804886842,0.16394555179567438,0.0024752999999999997,1.0,0.6271370313513474,0.0218,0.14819001778459273,0.57,0.8556288707523761
0.36271900853261546,4.8e-5,304.1626043187765,-205.1977154270013,-216.03018419444422,-2.999999976657021,2.9999995550777845,0.22541583520946484,0.0024752999999999997,1.0,0.6463310885683259,0.0218,0.14819001778459273,0.57,0.8556288707523761
0.3812720334334112,4.8e-5,326.785921438837,-216.50937294692025,-227.34184275447447,-2.9999999980725067,2.9999998803660954,0.28043772064928274,0.0024752999999999997,1.0,0.6655251457853044,0.0218,0.14819001778459273,0.57,0.8556288707523761
0.4,4.8e-5,348.47967732280404,-227.35625096604397,-238.18872069645798,-2.9999999941068136,2.9999998586183905,0.3282580544190148,0.0024752999999999997,1.0,0.684719203002283,0.0218,0.14819001778459273,0.57,0.8556288707523761
0.24000000000000005,4.9e-5,162.94611087402257,-143.19783716111132,-145.42193747206724,-0.8261970061747159,0.31726768575287767,-0.02085739329599906,0.0024752999999999997,1.0,0.5119726880494763,0.0218,0.14819001778459273,0.57,0.8556288707523761
0.256582440274312,4.9e-5,179.90578300944577,-151.55510837193438,-153.90177353977884,-0.29319284787993655,0.9707872811096209,-0.018501788548520248,0.0024752999999999997,1.0,0.5311667452664548,0.0218,0.14819001778459273,0.57,0.8556288707523761
0.27352354813649893,4.9e-5,198.32810463121405,-160.09301963656878,-163.11293435066298,-0.31382654185337766,1.508774994934626,0.0025332242720238485,0.0024752999999999997,1.0,0.5503608024834333,0.0218,0.14819001778459273,0.57,0.8556288707523761
0.29079836143387255,4.9e-5,211.44916457353514,-163.43962466236522,-169.67346432182353,-2.5276683915100944,1.5535866493377863,0.1200365609795816,0.0024752999999999997,1.0,0.5695548597004119,0.0218,0.14819001778459273,0.57,0.8556288707523761
0.3083814263100086,4.9e-5,235.56091547838122,-176.25501552755276,-181.72933977424657,-1.487225110099533,2.252081175446453,0.09673007782541976,0.0024752999999999997,1.0,0.5887489169173903,0.0218,0.14819001778459273,0.57,0.8556288707523761
0.3262468347101488,4.9e-5,248.80142001340823,-179.2514710924636,-188.34959204176008,-2.99998645793956,2.3518891994087294,0.18264657167513043,0.0024752999999999997,1.0,0.6079429741343689,0.0218,0.14819001778459273,0.57,0.8556288707523761
0.34436826255584724,4.9e-5,269.3214596465576,-188.4685986874572,-198.60961185833477,-2.9999996655867,2.759907245499034,0.208072725610575,0.0024752999999999997,1.0,0.6271370313513474,0.0218,0.14819001778459273,0.57,0.8556288707523761
0.36271900853261546,4.9e-5,290.0030954255899,-198.11796121239834,-208.9504297478509,-2.9999995046593377,2.999999949745341,0.2460564270900022,0.0024752999999999997,1.0,0.6463310885683259,0.0218,0.14819001778459273,0.57,0.8556288707523761
0.3812720334334112,4.9e-5,310.6432506181606,-208.43803761544126,-219.27050734413626,-2.9999999829589536,2.9999998691932457,0.3023946809696496,0.0024752999999999997,1.0,0.6655251457853044,0.0218,0.14819001778459273,0.57,0.8556288707523761
0.4,4.9e-5,330.4708701519699,-218.3518491105107,-229.1843171110409,-2.9999993887444876,2.999999887352721,0.351322198687573,0.0024752999999999997,1.0,0.684719203002283,0.0218,0.14819001778459273,0.57,0.8556288707523761
0.24000000000000005,5.0e-5,159.6523691526299,-141.56897026062268,-143.7750666113709,-0.8546724006232618,0.12956637153423248,0.01551910224655173,0.0024752999999999997,1.0,0.5119726880494763,0.0218,0.14819001778459273,0.57,0.8556288707523761
0.256582440274312,5.0e-5,173.25779316481356,-147.56136663384976,-150.57777861746274,-1.4362039221090903,0.5524508275562839,0.063165042790845,0.0024752999999999997,1.0,0.5311667452664548,0.0218,0.14819001778459273,0.57,0.8556288707523761
0.27352354813649893,5.0e-5,184.7094240944673,-149.73828161170925,-156.3035940822896,-2.978516868033917,0.7707930095176814,0.13846231250994112,0.0024752999999999997,1.0,0.5503608024834333,0.0218,0.14819001778459273,0.57,0.8556288707523761
0.29079836143387255,5.0e-5,200.87332656943,-157.30321546268044,-164.38554531977096,-2.9915158402648245,1.2452117679932488,0.16604583248343352,0.0024752999999999997,1.0,0.5695548597004119,0.0218,0.14819001778459273,0.57,0.8556288707523761
0.3083814263100086,5.0e-5,218.31625132344618,-165.33264381972498,-173.10700769677905,-2.9999990087362387,1.698173535659103,0.19415226989701662,0.0024752999999999997,1.0,0.5887489169173903,0.0218,0.14819001778459273,0.57,0.8556288707523761
0.3262468347101488,5.0e-5,236.7447241162672,-173.72710558050818,-182.32124409318956,-2.9999440806719737,2.1268926145264504,0.22140458855288125,0.0024752999999999997,1.0,0.6079429741343689,0.0218,0.14819001778459273,0.57,0.8556288707523761
0.34436826255584724,5.0e-5,255.76090882484107,-182.3134467374242,-191.8293364474765,-2.999999789758517,2.5232598631684175,0.24896698742489543,0.0024752999999999997,1.0,0.6271370313513474,0.0218,0.14819001778459273,0.57,0.8556288707523761
0.36271900853261546,5.0e-5,274.872081151456,-190.8914816717823,-201.38492261078395,-2.999999818685351,2.884777742117127,0.27488121836113444,0.0024752999999999997,1.0,0.6463310885683259,0.0218,0.14819001778459273,0.57,0.8556288707523761
0.3812720334334112,5.0e-5,293.61467766374943,-199.9237509980901,-210.75622086693068,-2.999999898867441,2.999999999999953,0.3204939062158836,0.0024752999999999997,1.0,0.6655251457853044,0.0218,0.14819001778459273,0.57,0.8556288707523761
0.4,5.0e-5,311.627630800925,-208.93025128482563,-219.76269743551845,-2.9999999983123846,2.999991994495073,0.37074961187078637,0.0024752999999999997,1.0,0.684719203002283,0.0218,0.14819001778459273,0.57,0.8556288707523761
0.24000000000000005,5.1e-5,151.15519743444992,-134.47801180089064,-139.52648075228092,-2.5182657709456793,-0.3005579231814397,0.10641973458999066,0.0024752999999999997,1.0,0.5119726880494763,0.0218,0.14819001778459273,0.57,0.8556288707523761
0.256582440274312,5.1e-5,162.2586862993146,-138.78477379904336,-145.07822518471326,-2.984785538352487,0.11409520982422729,0.13896253353327293,0.0024752999999999997,1.0,0.5311667452664548,0.0218,0.14819001778459273,0.57,0.8556288707523761
0.27352354813649893,5.1e-5,175.73160131296487,-145.31151395242767,-151.8146826915384,-2.998102911601436,0.5939495476820086,0.16746124577171695,0.0024752999999999997,1.0,0.5503608024834333,0.0218,0.14819001778459273,0.57,0.8556288707523761
0.29079836143387255,5.1e-5,190.59408563308153,-152.35370622915204,-159.24592485159673,-2.999997090354984,1.0580710553994896,0.19649859555715798,0.0024752999999999997,1.0,0.5695548597004119,0.0218,0.14819001778459273,0.57,0.8556288707523761
0.3083814263100086,5.1e-5,206.65429647536075,-159.81486287707125,-167.27603027273634,-2.9999997902170468,1.5024632127113973,0.22610878684495728,0.0024752999999999997,1.0,0.5887489169173903,0.0218,0.14819001778459273,0.57,0.8556288707523761
0.3262468347101488,5.1e-5,223.62675306870386,-167.58669461301528,-175.7622585694079,-2.9999997967102976,1.9199449960992665,0.2553710259996189,0.0024752999999999997,1.0,0.6079429741343689,0.0218,0.14819001778459273,0.57,0.8556288707523761
0.34436826255584724,5.1e-5,241.13808477763382,-175.52384978215872,-184.51792442387287,-2.9999998972999458,2.3072081733454035,0.28401778451045656,0.0024752999999999997,1.0,0.6271370313513474,0.0218,0.14819001778459273,0.57,0.8556288707523761
0.36271900853261546,5.1e-5,259.0350681494698,-182.63403546354178,-193.46641610979086,-2.9999999816831298,2.999970176172189,0.2749280589535208,0.0024752999999999997,1.0,0.6463310885683259,0.0218,0.14819001778459273,0.57,0.8556288707523761
0.3812720334334112,5.1e-5,275.8750760067647,-191.05394988216858,-201.8864200384383,-2.999999999999891,2.999999994677214,0.3338056104264281,0.0024752999999999997,1.0,0.6655251457853044,0.0218,0.14819001778459273,0.57,0.8556288707523761
0.4,5.1e-5,292.13714452612373,-199.1849841258797,-210.01745429811783,-2.999999999999955,2.999999999999953,0.3851417355001183,0.0024752999999999997,1.0,0.684719203002283,0.0218,0.14819001778459273,0.57,0.8556288707523761
0.24000000000000005,5.2e-5,142.76616090160536,-128.89550294351167,-135.33196248585864,-2.990064320535625,-0.5171983171636936,0.13199109530380526,0.0024752999999999997,1.0,0.5119726880494763,0.0218,0.14819001778459273,0.57,0.8556288707523761
0.256582440274312,5.2e-5,153.61891419578956,-134.42531713850514,-140.75833913295074,-2.9999843301983566,-0.034607267715278445,0.16061570809945402,0.0024752999999999997,1.0,0.5311667452664548,0.0218,0.14819001778459273,0.57,0.8556288707523761
0.27352354813649893,5.2e-5,165.88462287908027,-140.4634245818991,-146.8911934745961,-2.9999996197681846,0.4365772810259128,0.19054551871698744,0.0024752999999999997,1.0,0.5503608024834333,0.0218,0.14819001778459273,0.57,0.8556288707523761
0.29079836143387255,5.2e-5,180.56229357559653,-147.6305777581844,-154.23002882285422,-2.999999999999955,0.7307268880116097,0.49999999981432686,0.0024752999999999997,1.0,0.5695548597004119,0.0218,0.14819001778459273,0.57,0.8556288707523761
0.3083814263100086,5.2e-5,194.12853373585688,-153.80273737197663,-161.0131489029844,-2.999998481757202,1.3251006856059067,0.25168827223665236,0.0024752999999999997,1.0,0.5887489169173903,0.0218,0.14819001778459273,0.57,0.8556288707523761
0.3262468347101488,5.2e-5,209.88964968867873,-160.91778851361647,-168.89370687939532,-2.988734015890826,1.8314926615572376,0.1751423545236902,0.0024752999999999997,1.0,0.6079429741343689,0.0218,0.14819001778459273,0.57,0.8556288707523761
0.34436826255584724,5.2e-5,227.78380173521265,-167.0083127689876,-177.84078290266228,-2.999999999997955,2.999999987147479,0.21467882376835612,0.0024752999999999997,1.0,0.6271370313513474,0.0218,0.14819001778459273,0.57,0.8556288707523761
0.36271900853261546,5.2e-5,242.5509790589112,-174.39190139227372,-185.22437156451156,-2.999999999999955,2.9999999999998526,0.28158562176394253,0.0024752999999999997,1.0,0.6463310885683259,0.0218,0.14819001778459273,0.57,0.8556288707523761
0.3812720334334112,5.2e-5,257.59830538386296,-181.91556455474932,-192.74803472698744,-2.999999999999955,2.999999999999953,0.34151715784693815,0.0024752999999999997,1.0,0.6655251457853044,0.0218,0.14819001778459273,0.57,0.8556288707523761
0.4,5.2e-5,272.18392972594125,-189.20837672578847,-200.0408468980266,-2.999999999999955,2.999999999999953,0.3938233878342947,0.0024752999999999997,1.0,0.684719203002283,0.0218,0.14819001778459273,0.57,0.8556288707523761
0.24000000000000005,5.3e-5,134.54375686836607,-124.68299195174235,-131.220760469239,-2.999999999999384,-0.6407781913581301,0.14679882047811998,0.0024752999999999997,1.0,0.5119726880494763,0.0218,0.14819001778459273,0.57,0.8556288707523761
0.256582440274312,5.3e-5,144.28666428512696,-129.7458878846935,-136.09221417761944,-2.9999936767252144,-0.1665838557117403,0.17660446298635024,0.0024752999999999997,1.0,0.5311667452664548,0.0218,0.14819001778459273,0.57,0.8556288707523761
0.27352354813649893,5.3e-5,155.34964552621653,-135.24754800324092,-141.62370479816423,-2.99999983976343,0.2955912833444065,0.2074567037413768,0.0024752999999999997,1.0,0.5503608024834333,0.0218,0.14819001778459273,0.57,0.8556288707523761
0.29079836143387255,5.3e-5,182.0071056123906,-144.11996468944815,-154.95243484125126,-2.999999999999955,2.999999993188282,-0.02350942339237938,0.0024752999999999997,1.0,0.5695548597004119,0.0218,0.14819001778459273,0.57,0.8556288707523761
0.3083814263100086,5.3e-5,190.24401796319063,-148.23842085933447,-159.07089101665127,-2.9999999999999365,2.9999999950261995,0.06082795594493895,0.0024752999999999997,1.0,0.5887489169173903,0.0218,0.14819001778459273,0.57,0.8556288707523761
0.3262468347101488,5.3e-5,200.62937362942677,-153.43109867754484,-164.26356884976934,-2.999999999999955,2.999999999995419,0.14044512722433422,0.0024752999999999997,1.0,0.6079429741343689,0.0218,0.14819001778459273,0.57,0.8556288707523761
0.34436826255584724,5.3e-5,212.62576142457362,-159.42929257510465,-170.26176274734277,-2.999999999999955,2.999999999999953,0.2145502229658648,0.0024752999999999997,1.0,0.6271370313513474,0.0218,0.14819001778459273,0.57,0.8556288707523761
0.36271900853261546,5.3e-5,225.6245225917345,-165.9286731586851,-176.7611433309232,-2.999999999999955,2.999999999999953,0.28237337778081184,0.0024752999999999997,1.0,0.6463310885683259,0.0218,0.14819001778459273,0.57,0.8556288707523761
0.3812720334334112,5.3e-5,238.48654358791936,-173.55199800913581,-183.19215382901564,-2.999995204128039,2.5720420040294094,0.3896805104040111,0.0024752999999999997,1.0,0.6655251457853044,0.0218,0.14819001778459273,0.57,0.8556288707523761
0.4,5.3e-5,251.8848099821077,-179.54715804711563,-189.8912870261098,-2.9999920359220336,2.8325545710393567,0.4143064829419265,0.0024752999999999997,1.0,0.684719203002283,0.0218,0.14819001778459273,0.57,0.8556288707523761
0.24000000000000005,5.4e-5,125.79002108732607,-120.23061433481195,-126.843892578719,-2.999994588823929,-0.7494321919723345,0.1561128205484279,0.0024752999999999997,1.0,0.5119726880494763,0.0218,0.14819001778459273,0.57,0.8556288707523761
0.256582440274312,5.4e-5,134.42826575432542,-124.79049523541744,-131.16301491221867,-2.9999518449081513,-0.283527665947878,0.18668486396977535,0.0024752999999999997,1.0,0.5311667452664548,0.0218,0.14819001778459273,0.57,0.8556288707523761
0.27352354813649893,5.4e-5,144.29799833028108,-129.75088930865226,-136.0978812001965,-2.999999897339243,0.17042316326197093,0.218209978889209,0.0024752999999999997,1.0,0.5503608024834333,0.0218,0.14819001778459273,0.57,0.8556288707523761
0.29079836143387255,5.4e-5,155.29770444881723,-135.08046728273422,-141.59773425946457,-2.999999908230961,0.6079425627459794,0.2504682510839322,0.0024752999999999997,1.0,0.5695548597004119,0.0218,0.14819001778459273,0.57,0.8556288707523761
0.3083814263100086,5.4e-5,178.09761644267002,-142.16522008415285,-152.99769025639097,-2.999999999999955,2.999999999999953,0.05365282715357289,0.0024752999999999997,1.0,0.5887489169173903,0.0218,0.14819001778459273,0.57,0.8556288707523761
0.3262468347101488,5.4e-5,186.8118462916699,-146.5223350086528,-157.3548051808909,-2.999999999999955,2.999999999999953,0.13392645327371555,0.0024752999999999997,1.0,0.6079429741343689,0.0218,0.14819001778459273,0.57,0.8556288707523761
0.34436826255584724,5.4e-5,197.11502154765225,-151.67392263664397,-162.50639280888208,-2.999999999999955,2.999999999999953,0.20872490679774236,0.0024752999999999997,1.0,0.6271370313513474,0.0218,0.14819001778459273,0.57,0.8556288707523761
0.36271900853261546,5.4e-5,206.3373809421658,-158.55933185421912,-167.11757250613886,-2.999999828588296,2.109867765485048,0.37664211365535616,0.0024752999999999997,1.0,0.6463310885683259,0.0218,0.14819001778459273,0.57,0.8556288707523761
0.3812720334334112,5.4e-5,219.23469606682778,-164.3441602382421,-173.56623006846985,-2.9999968790633966,2.404000424623213,0.405111725796358,0.0024752999999999997,1.0,0.6655251457853044,0.0218,0.14819001778459273,0.57,0.8556288707523761
0.4,5.4e-5,231.35474594163082,-169.75676822940235,-179.62625500587137,-2.999999959849637,2.659705519294083,0.4297757213873157,0.0024752999999999997,1.0,0.684719203002283,0.0218,0.14819001778459273,0.57,0.8556288707523761
0.24000000000000005,5.5e-5,116.66037578284175,-115.58975463434798,-122.27906992647684,-2.999999999985558,-0.8448018938588887,0.1602563981060905,0.0024752999999999997,1.0,0.5119726880494763,0.0218,0.14819001778459273,0.57,0.8556288707523761
0.256582440274312,5.5e-5,124.2083986308752,-119.64606400997438,-126.05308135049356,-2.9999997939847964,-0.38612895857828183,0.19105721550492638,0.0024752999999999997,1.0,0.5311667452664548,0.0218,0.14819001778459273,0.57,0.8556288707523761
0.27352354813649893,5.5e-5,132.90827772556145,-124.06871565931746,-130.40302089783668,-2.9999999999981872,0.060581619097939736,0.2230489734909975,0.0024752999999999997,1.0,0.5503608024834333,0.0218,0.14819001778459273,0.57,0.8556288707523761
0.29079836143387255,5.5e-5,142.6659324086164,-128.82878753753906,-135.28184823936417,-2.999998692750197,0.49110986822761304,0.2557060652885732,0.0024752999999999997,1.0,0.5695548597004119,0.0218,0.14819001778459273,0.57,0.8556288707523761
0.3083814263100086,5.5e-5,165.59849416565078,-135.91565894564323,-146.74812911788135,-2.999999999999955,2.999999999999953,0.04161456213488701,0.0024752999999999997,1.0,0.5887489169173903,0.0218,0.14819001778459273,0.57,0.8556288707523761
0.3262468347101488,5.5e-5,164.6904894867908,-139.13399039760617,-146.29412677845136,-2.9999999405519615,1.2865973627758651,0.3212834917232623,0.0024752999999999997,1.0,0.6079429741343689,0.0218,0.14819001778459273,0.57,0.8556288707523761
0.34436826255584724,5.5e-5,176.47392464833132,-144.50280168539962,-152.18584435922162,-2.9999999655942045,1.6435161117561383,0.3531194534271451,0.0024752999999999997,1.0,0.6271370313513474,0.0218,0.14819001778459273,0.57,0.8556288707523761
0.36271900853261546,5.5e-5,188.35192291596178,-149.85586567749556,-158.12484349303685,-2.999999896381764,1.967997944184703,0.38358230348280753,0.0024752999999999997,1.0,0.6463310885683259,0.0218,0.14819001778459273,0.57,0.8556288707523761
0.3812720334334112,5.5e-5,199.94829766249194,-155.04226728008754,-163.92303086630193,-2.999999979594961,2.2575621697712323,0.41185721917234064,0.0024752999999999997,1.0,0.6655251457853044,0.0218,0.14819001778459273,0.57,0.8556288707523761
0.4,5.5e-5,210.85462326117124,-159.896676463967,-169.37619366564158,-2.9999999532540085,2.508803368011995,0.4374202187247278,0.0024752999999999997,1.0,0.684719203002283,0.0218,0.14819001778459273,0.57,0.8556288707523761
0.24000000000000005,5.6e-5,107.31107707262726,-110.8417615113172,-117.60442057136959,-2.9999999882503374,-0.9275655481560039,0.1595560717649197,0.0024752999999999997,1.0,0.5119726880494763,0.0218,0.14819001778459273,0.57,0.8556288707523761
0.256582440274312,5.6e-5,113.7959997030078,-114.40153234533284,-120.84688188655986,-2.999999964335754,-0.47514098114423897,0.19046686012227554,0.0024752999999999997,1.0,0.5311667452664548,0.0218,0.14819001778459273,0.57,0.8556288707523761
0.27352354813649893,5.6e-5,121.36132029955016,-118.29647460231699,-124.62954218483104,-2.9999994714017624,-0.03461202306200133,0.22253219255175527,0.0024752999999999997,1.0,0.5503608024834333,0.0218,0.14819001778459273,0.57,0.8556288707523761
0.29079836143387255,5.6e-5,129.9209472106848,-122.50096542508838,-128.90935564039836,-2.9999997864036385,0.3896682790801419,0.2552638643203413,0.0024752999999999997,1.0,0.5695548597004119,0.0218,0.14819001778459273,0.57,0.8556288707523761
0.3083814263100086,5.6e-5,139.33635250572848,-126.9692625786889,-133.6170582879202,-2.999999999999845,0.7941354254702071,0.2883068209168961,0.0024752999999999997,1.0,0.5887489169173903,0.0218,0.14819001778459273,0.57,0.8556288707523761
0.3262468347101488,5.6e-5,158.57016259141875,-132.40149315852722,-143.23396333076533,-2.999999999999955,2.999999999999953,0.10620142703637825,0.0024752999999999997,1.0,0.6079429741343689,0.0218,0.14819001778459273,0.57,0.8556288707523761
0.34436826255584724,5.6e-5,159.90278680936984,-136.403827310387,-143.90027543974088,-2.9999999747303785,1.52576409246277,0.353167391313981,0.0024752999999999997,1.0,0.6271370313513474,0.0218,0.14819001778459273,0.57,0.8556288707523761
0.36271900853261546,5.6e-5,170.50334301456843,-141.16452752098644,-149.20055354234017,-2.9999999719448702,1.845836359637949,0.3837690677840683,0.0024752999999999997,1.0,0.6463310885683259,0.0218,0.14819001778459273,0.57,0.8556288707523761
0.3812720334334112,5.6e-5,180.87168584602375,-145.7816216990804,-154.38472495806784,-2.999999959423589,2.1310247340086224,0.4122709024953759,0.0024752999999999997,1.0,0.6655251457853044,0.0218,0.14819001778459273,0.57,0.8556288707523761
0.4,5.6e-5,190.63583742285164,-150.1055988309041,-159.26680074648178,-2.9999999702724396,2.3785423403933517,0.4380598189757575,0.0024752999999999997,1.0,0.684719203002283,0.0218,0.14819001778459273,0.57,0.8556288707523761
0.24000000000000005,5.7e-5,97.89638386080566,-106.06605885463664,-112.89707396545879,-2.9999999196040767,-0.9985441199782107,0.15478699040226773,0.0024752999999999997,1.0,0.5119726880494763,0.0218,0.14819001778459273,0.57,0.8556288707523761
0.256582440274312,5.7e-5,103.35575050722952,-109.14226482287381,-115.62675728867072,-2.9999999990354658,-0.5514023874669371,0.18548752839214078,0.0024752999999999997,1.0,0.5311667452664548,0.0218,0.14819001778459273,0.57,0.8556288707523761
0.27352354813649893,5.7e-5,109.83221301332983,-112.5257830689317,-118.86498854172088,-2.9999999573857368,-0.11606402020921985,0.2173120188991977,0.0024752999999999997,1.0,0.5503608024834333,0.0218,0.14819001778459273,0.57,0.8556288707523761
0.29079836143387255,5.7e-5,117.24772648603599,-116.19426492244874,-122.57274527807395,-2.9999997782301473,0.3033507827461581,0.24994458202486491,0.0024752999999999997,1.0,0.5695548597004119,0.0218,0.14819001778459273,0.57,0.8556288707523761
0.3083814263100086,5.7e-5,125.47574540794847,-120.10742685318569,-126.68675473903019,-2.999999999529973,0.7026488668121419,0.2828758950680904,0.0024752999999999997,1.0,0.5887489169173903,0.0218,0.14819001778459273,0.57,0.8556288707523761
0.3262468347101488,5.7e-5,144.51193253300914,-125.37237858547813,-136.20484830156053,-2.999999999999955,2.99999984794804,0.08658487514221591,0.0024752999999999997,1.0,0.6079429741343689,0.0218,0.14819001778459273,0.57,0.8556288707523761
0.34436826255584724,5.7e-5,143.6080671898793,-128.40463333294215,-135.7529156299956,-2.9999999684178764,1.4253506372548632,0.3475967370649671,0.0024752999999999997,1.0,0.6271370313513474,0.0218,0.14819001778459273,0.57,0.8556288707523761
0.36271900853261546,5.7e-5,153.0089222521387,-132.60453211413872,-140.4533431611253,-2.9999999704952365,1.7414597114274526,0.3781796945202447,0.0024752999999999997,1.0,0.6463310885683259,0.0218,0.14819001778459273,0.57,0.8556288707523761
0.3812720334334112,5.7e-5,162.22783355299964,-136.68451351443647,-145.06279881155578,-2.9999998310708866,2.0227781053136993,0.40664121140219456,0.0024752999999999997,1.0,0.6655251457853044,0.0218,0.14819001778459273,0.57,0.8556288707523761
0.4,5.7e-5,170.92609457018858,-140.5084393195748,-149.41192932015025,-2.999999981065387,2.2676066171807228,0.43250712518918744,0.0024752999999999997,1.0,0.684719203002283,0.0218,0.14819001778459273,0.57,0.8556288707523761
0.24000000000000005,5.8e-5,88.5618501755907,-101.33681721553177,-108.22980712285131,-2.9999994220136905,-1.0587931516966962,0.14684873745666416,0.0024752999999999997,1.0,0.5119726880494763,0.0218,0.14819001778459273,0.57,0.8556288707523761
0.256582440274312,5.8e-5,93.04145948403593,-103.94737600651594,-110.46961177707392,-2.999999997638235,-0.6160610447104857,0.17710289851426586,0.0024752999999999997,1.0,0.5311667452664548,0.0218,0.14819001778459273,0.57,0.8556288707523761
0.27352354813649893,5.8e-5,98.4825186161178,-106.84054474249757,-113.19014134311486,-2.999999973923406,-0.1850756959121045,0.20852966070343804,0.0024752999999999997,1.0,0.5503608024834333,0.0218,0.14819001778459273,0.57,0.8556288707523761
0.29079836143387255,5.8e-5,104.81492461286462,-109.99741438590483,-116.35634434148827,-2.999999938273443,0.2300433373288854,0.24075788604814585,0.0024752999999999997,1.0,0.5695548597004119,0.0218,0.14819001778459273,0.57,0.8556288707523761
0.3083814263100086,5.8e-5,111.92366423982855,-113.38271474412483,-119.91071415497024,-2.999997871460009,0.6253568968592591,0.2733547271969352,0.0024752999999999997,1.0,0.5887489169173903,0.0218,0.14819001778459273,0.57,0.8556288707523761
0.3262468347101488,5.8e-5,119.64653723863128,-116.94286523283854,-123.7721506543716,-2.9999999999999503,0.9968101617608159,0.3057946264893594,0.0024752999999999997,1.0,0.6079429741343689,0.0218,0.14819001778459273,0.57,0.8556288707523761
0.34436826255584724,5.8e-5,135.2621094899045,-120.74746660861175,-131.5799367800082,-2.999999999999955,2.9999999997194062,0.13983761964578,0.0024752999999999997,1.0,0.6271370313513474,0.0218,0.14819001778459273,0.57,0.8556288707523761
0.36271900853261546,5.8e-5,136.0574749554916,-124.27793418579475,-131.97761951280177,-2.9999999726472213,1.6536113429865928,0.367872494563396,0.0024752999999999997,1.0,0.6463310885683259,0.0218,0.14819001778459273,0.57,0.8556288707523761
0.3812720334334112,5.8e-5,144.2083201170754,-127.85326001761787,-136.05304209359366,-2.9999996609557993,1.932518005540927,0.3961770571301799,0.0024752999999999997,1.0,0.6655251457853044,0.0218,0.14819001778459273,0.57,0.8556288707523761
0.4,5.8e-5,151.91890598256902,-131.21156330703624,-139.90833502634047,-2.9999999768144674,2.174535176364101,0.4218841713825401,0.0024752999999999997,1.0,0.684719203002283,0.0218,0.14819001778459273,0.57,0.8556288707523761
0.24000000000000005,5.9000000000000004e-5,79.43959415322888,-96.72080107655549,-103.6686791116704,-2.9999895539052535,-1.1094495942639262,0.13662985117906057,0.0024752999999999997,1.0,0.5119726880494763,0.0218,0.14819001778459273,0.57,0.8556288707523761
0.256582440274312,5.9000000000000004e-5,82.99117910296687,-98.8873189033799,-105.4444715865394,-2.9999996421590946,-0.6703485428398362,0.16626107151204894,0.0024752999999999997,1.0,0.5311667452664548,0.0218,0.14819001778459273,0.57,0.8556288707523761
0.27352354813649893,5.9000000000000004e-5,87.45556565423641,-101.31469281708412,-107.67666486217416,-2.9999999999999156,-0.24290686631668418,0.19707546612744153,0.0024752999999999997,1.0,0.5503608024834333,0.0218,0.14819001778459273,0.57,0.8556288707523761
0.29079836143387255,5.9000000000000004e-5,92.77036649327093,-103.9873477472606,-110.33406528169142,-2.9999999613909867,0.16880449057692648,0.2287001551190876,0.0024752999999999997,1.0,0.5695548597004119,0.0218,0.14819001778459273,0.57,0.8556288707523761
0.3083814263100086,5.9000000000000004e-5,98.83149968631932,-106.874809291903,-113.36463187821562,-2.9999999018707393,0.5609861111685404,0.2609806235108316,0.0024752999999999997,1.0,0.5887489169173903,0.0218,0.14819001778459273,0.57,0.8556288707523761
0.3262468347101488,5.9000000000000004e-5,105.49130493184933,-109.93032295644983,-116.69453450098062,-2.999999999814425,0.929237722920379,0.29269689371361374,0.0024752999999999997,1.0,0.6079429741343689,0.0218,0.14819001778459273,0.57,0.8556288707523761
0.34436826255584724,5.9000000000000004e-5,112.55927202509284,-113.08916419868088,-120.22851804760238,-2.999999999999955,1.2703414318073993,0.32392726308111586,0.0024752999999999997,1.0,0.6271370313513474,0.0218,0.14819001778459273,0.57,0.8556288707523761
0.36271900853261546,5.9000000000000004e-5,125.22422191379843,-115.72852282373638,-126.56099299195517,-2.999999999999955,2.999999998660174,0.18493446622561127,0.0024752999999999997,1.0,0.6463310885683259,0.0218,0.14819001778459273,0.57,0.8556288707523761
0.3812720334334112,5.9000000000000004e-5,126.9702013646243,-119.37671342385799,-127.43398271736811,-2.9999999824735597,1.8573094377895376,0.381872898236556,0.0024752999999999997,1.0,0.6655251457853044,0.0218,0.14819001778459273,0.57,0.8556288707523761
0.4,5.9000000000000004e-5,133.7708669001055,-122.30224766371198,-130.8343154851087,-2.9999999637921575,2.097425926120801,0.407252423695877,0.0024752999999999997,1.0,0.684719203002283,0.0218,0.14819001778459273,0.57,0.8556288707523761
0.24000000000000005,6.0e-5,70.64650735524802,-92.27649234223266,-99.27213571267997,-2.9999999171984655,-1.1516713477494531,0.1249131914683902,0.0024752999999999997,1.0,0.5119726880494763,0.0218,0.14819001778459273,0.57,0.8556288707523761
0.256582440274312,6.0e-5,73.32626612945032,-94.02363697225621,-100.61201509978112,-2.9999878088764236,-0.7154642249378006,0.15374550594131842,0.0024752999999999997,1.0,0.5311667452664548,0.0218,0.14819001778459273,0.57,0.8556288707523761
0.27352354813649893,6.0e-5,76.8761574822305,-96.01219838670258,-102.38696077617121,-2.999999999999955,-0.2908340325008809,0.18377022547969502,0.0024752999999999997,1.0,0.5503608024834333,0.0218,0.14819001778459273,0.57,0.8556288707523761
0.29079836143387255,6.0e-5,81.24151986206641,-98.23018320693357,-104.56964196608916,-2.9999999192524753,0.11822714713436962,0.21468216822178232,0.0024752999999999997,1.0,0.5695548597004119,0.0218,0.14819001778459273,0.57,0.8556288707523761
0.3083814263100086,6.0e-5,86.32854917094298,-100.6519006447409,-107.11315662052745,-2.999999973661812,0.5075152856076623,0.24593496744231147,0.0024752999999999997,1.0,0.5887489169173903,0.0218,0.14819001778459273,0.57,0.8556288707523761
0.3262468347101488,6.0e-5,92.00308274158894,-103.23624243575432,-109.95042340585043,-2.999998450903328,0.8737453234742113,0.27717716739443166,0.0024752999999999997,1.0,0.6079429741343689,0.0218,0.14819001778459273,0.57,0.8556288707523761
0.34436826255584724,6.0e-5,98.0912781692993,-105.92671231324145,-112.99452111970561,-2.9999999999999263,1.2127148339374663,0.3077637925630259,0.0024752999999999997,1.0,0.6271370313513474,0.0218,0.14819001778459273,0.57,0.8556288707523761
0.36271900853261546,6.0e-5,104.38353001081089,-108.65110186736418,-116.1406470404614,-2.999999999999955,1.5212330530585854,0.337110564865861,0.0024752999999999997,1.0,0.6463310885683259,0.0218,0.14819001778459273,0.57,0.8556288707523761
0.3812720334334112,6.0e-5,114.50346100130713,-110.36815571694154,-121.20061253570952,-2.999999999999955,2.99999554883994,0.2214789877610479,0.0024752999999999997,1.0,0.6655251457853044,0.0218,0.14819001778459273,0.57,0.8556288707523761
0.4,6.0e-5,119.06426570480201,-112.64854472972917,-123.48101488745696,-2.999999999999955,2.999999995163178,0.2756206911298106,0.0024752999999999997,1.0,0.684719203002283,0.0218,0.14819001778459273,0.57,0.8556288707523761
0.24000000000000005,6.1000000000000005e-5,62.28596285239868,-88.05552636293083,-95.0918634612553,-2.999999998464426,-1.1864796084996985,0.1121938734682345,0.0024752999999999997,1.0,0.5119726880494763,0.0218,0.14819001778459273,0.57,0.8556288707523761
0.256582440274312,6.1000000000000005e-5,64.15324360744029,-89.41000305662257,-96.0255038387761,-2.999999425004011,-0.7523726934211972,0.14001225619566204,0.0024752999999999997,1.0,0.5311667452664548,0.0218,0.14819001778459273,0.57,0.8556288707523761
0.27352354813649893,6.1000000000000005e-5,66.85376428874491,-90.98883717384662,-97.37576417942842,-2.999999999999955,-0.33002070645197396,0.16915565969020852,0.0024752999999999997,1.0,0.5503608024834333,0.0218,0.14819001778459273,0.57,0.8556288707523761
0.29079836143387255,6.1000000000000005e-5,70.33986245114224,-92.78339460515997,-99.11881326062708,-2.999994633790871,0.0770010628719375,0.19909202693719508,0.0024752999999999997,1.0,0.5695548597004119,0.0218,0.14819001778459273,0.57,0.8556288707523761
0.3083814263100086,6.1000000000000005e-5,74.52738101052441,-94.7721788113646,-101.21257254031816,-2.999999968807982,0.4645936940838324,0.22946259895237908,0.0024752999999999997,1.0,0.5887489169173903,0.0218,0.14819001778459273,0.57,0.8556288707523761
0.3262468347101488,6.1000000000000005e-5,79.29471989348096,-96.92019467734025,-103.59624198179644,-2.9999999692074413,0.8289477964208327,0.25979805860489646,0.0024752999999999997,1.0,0.6079429741343689,0.0218,0.14819001778459273,0.57,0.8556288707523761
0.34436826255584724,6.1000000000000005e-5,84.48334030197938,-99.17772670379459,-106.19055218604565,-2.999999989668731,1.1664950415723818,0.289541963357409,0.0024752999999999997,1.0,0.6271370313513474,0.0218,0.14819001778459273,0.57,0.8556288707523761
0.36271900853261546,6.1000000000000005e-5,89.9015824868975,-101.48127596417709,-108.89967327850471,-2.999999999999955,1.4737212369300834,0.3180877112777134,0.0024752999999999997,1.0,0.6463310885683259,0.0218,0.14819001778459273,0.57,0.8556288707523761
0.3812720334334112,6.1000000000000005e-5,95.3312752340907,-103.75492380745263,-111.61451965210131,-2.999999999999955,1.7476416522905478,0.34480938861849597,0.0024752999999999997,1.0,0.6655251457853044,0.0218,0.14819001778459273,0.57,0.8556288707523761
0.4,6.1000000000000005e-5,100.53744946420252,-105.91391898285781,-114.21760676715722,-2.999999999999955,1.9855566534658018,0.36905700989917767,0.0024752999999999997,1.0,0.684719203002283,0.0218,0.14819001778459273,0.57,0.8556288707523761
0.24000000000000005,6.2e-5,54.449914950829225,-84.10353945601891,-91.17383951047057,-2.9999999994591495,-1.2147673718336505,0.0987643324067724,0.0024752999999999997,1.0,0.5119726880494763,0.0218,0.14819001778459273,0.57,0.8556288707523761
0.256582440274312,6.2e-5,55.56784625359751,-85.09436498534339,-91.73280516185471,-2.9999920775647975,-0.78229632690835,0.12564826367844462,0.0024752999999999997,1.0,0.5311667452664548,0.0218,0.14819001778459273,0.57,0.8556288707523761
0.27352354813649893,6.2e-5,57.4868169730851,-86.2944764673513,-92.69229052159851,-2.9999999999984235,-0.36150762651304397,0.1535498147946901,0.0024752999999999997,1.0,0.5503608024834333,0.0218,0.14819001778459273,0.57,0.8556288707523761
0.29079836143387255,6.2e-5,60.1659982995765,-87.69844766887162,-94.03188118484421,-2.9999969446521524,0.04410237574253721,0.18239584983475687,0.0024752999999999997,1.0,0.5695548597004119,0.0218,0.14819001778459273,0.57,0.8556288707523761
0.3083814263100086,6.2e-5,63.53026443267919,-89.2888934419352,-95.71401425139555,-2.999999961785237,0.4304666116349861,0.21167968439326112,0.0024752999999999997,1.0,0.5887489169173903,0.0218,0.14819001778459273,0.57,0.8556288707523761
0.3262468347101488,6.2e-5,67.4693906161246,-91.03615681604727,-97.68357734311826,-2.9999999497974246,0.7936630335858181,0.2409380080789134,0.0024752999999999997,1.0,0.6079429741343689,0.0218,0.14819001778459273,0.57,0.8556288707523761
0.34436826255584724,6.2e-5,71.83880415944103,-92.89698935155465,-99.86828411477647,-2.999994181815841,1.1303468896926974,0.2696318298738536,0.0024752999999999997,1.0,0.6271370313513474,0.0218,0.14819001778459273,0.57,0.8556288707523761
0.36271900853261546,6.2e-5,76.46288140674056,-94.81555415045628,-102.18032273842624,-2.9999999988706794,1.4368705015550496,0.2971921226658102,0.0024752999999999997,1.0,0.6463310885683259,0.0218,0.14819001778459273,0.57,0.8556288707523761
0.3812720334334112,6.2e-5,81.141759475985,-96.7249273953776,-104.51976177304846,-2.9999999999996527,1.7101837359965133,0.32301203850203897,0.0024752999999999997,1.0,0.6655251457853044,0.0218,0.14819001778459273,0.57,0.8556288707523761
0.4,6.2e-5,85.65985141699991,-98.54960272966679,-106.77880774355592,-2.999999999999955,1.947683157831823,0.3464516430232958,0.0024752999999999997,1.0,0.684719203002283,0.0218,0.14819001778459273,0.57,0.8556288707523761
0.24000000000000005,6.3e-5,47.22082797822014,-80.46133920222253,-87.55929602416603,-2.999999994497371,-1.2373250714448445,0.08479514024296231,0.0024752999999999997,1.0,0.5119726880494763,0.0218,0.14819001778459273,0.57,0.8556288707523761
0.256582440274312,6.3e-5,47.656305888583546,-81.11959335132227,-87.77703497934773,-2.9999984626608738,-0.8061960900466716,0.11043494340174564,0.0024752999999999997,1.0,0.5311667452664548,0.0218,0.14819001778459273,0.57,0.8556288707523761
0.27352354813649893,6.3e-5,48.865215645746616,-81.97443587006677,-88.38148985792927,-2.999999972679105,-0.38622246849916536,0.1371603025267154,0.0024752999999999997,1.0,0.5503608024834333,0.0218,0.14819001778459273,0.57,0.8556288707523761
0.29079836143387255,6.3e-5,50.81293313987754,-83.02272723938435,-89.35534860499473,-2.999993452008267,0.018484443499536624,0.16479526841506487,0.0024752999999999997,1.0,0.5695548597004119,0.0218,0.14819001778459273,0.57,0.8556288707523761
0.3083814263100086,6.3e-5,53.432571233334414,-84.25100166721762,-90.66516765172317,-2.9999998603588267,0.40421833503851295,0.19272189266755557,0.0024752999999999997,1.0,0.5887489169173903,0.0218,0.14819001778459273,0.57,0.8556288707523761
0.3262468347101488,6.3e-5,56.62432388353744,-85.6345867732671,-92.26104397682468,-2.9999997333581656,0.7667957110530229,0.2208176363188732,0.0024752999999999997,1.0,0.6079429741343689,0.0218,0.14819001778459273,0.57,0.8556288707523761
0.34436826255584724,6.3e-5,60.256021641544834,-87.13615715662685,-94.07689285582838,-2.9999999720608956,1.1029647417578197,0.2484004201207507,0.0024752999999999997,1.0,0.6271370313513474,0.0218,0.14819001778459273,0.57,0.8556288707523761
0.36271900853261546,6.3e-5,64.16666045383101,-88.70671400885062,-96.03221226197147,-2.9999994765563427,1.4092761625836705,0.2747558877768337,0.0024752999999999997,1.0,0.6463310885683259,0.0218,0.14819001778459273,0.57,0.8556288707523761
0.3812720334334112,6.3e-5,68.1722519810267,-90.28713765147246,-98.03500802556931,-2.999999996636698,1.6824982686162644,0.299476698586154,0.0024752999999999997,1.0,0.6655251457853044,0.0218,0.14819001778459273,0.57,0.8556288707523761
0.4,6.3e-5,72.07438650796652,-91.81047952161101,-99.98607528903922,-2.999999999844035,1.919961247347304,0.32199282980937816,0.0024752999999999997,1.0,0.684719203002283,0.0218,0.14819001778459273,0.57,0.8556288707523761
0.24000000000000005,6.400000000000001e-5,40.670891786273415,-77.16451676783943,-84.28432792819267,-2.999999659661043,-1.2548641433491172,0.07043520614580523,0.0024752999999999997,1.0,0.5119726880494763,0.0218,0.14819001778459273,0.57,0.8556288707523761
0.256582440274312,6.400000000000001e-5,40.4950282673654,-77.52416898690362,-84.19639616873866,-2.9999990285085154,-0.8243299388844619,0.0947621363058122,0.0024752999999999997,1.0,0.5311667452664548,0.0218,0.14819001778459273,0.57,0.8556288707523761
0.27352354813649893,6.400000000000001e-5,41.069110380982835,-78.0688565706151,-84.48343722554738,-2.999999127129594,-0.40524832215499196,0.12002821888214354,0.0024752999999999997,1.0,0.5503608024834333,0.0218,0.14819001778459273,0.57,0.8556288707523761
0.29079836143387255,6.400000000000001e-5,42.364187655627546,-78.79850567673878,-85.13097586286973,-2.999999918821296,-0.0007175355963853459,0.1464024924284557,0.0024752999999999997,1.0,0.5695548597004119,0.0218,0.14819001778459273,0.57,0.8556288707523761
0.3083814263100086,6.400000000000001e-5,44.32094795727653,-79.70286708673748,-86.10935601369422,-2.9999999206980474,0.3847570470419035,0.17288731386425993,0.0024752999999999997,1.0,0.5887489169173903,0.0218,0.14819001778459273,0.57,0.8556288707523761
0.3262468347101488,6.400000000000001e-5,46.84872267163027,-80.76163722858756,-87.3732433708711,-2.9999987893867615,0.7471808373936353,0.1998014898127618,0.0024752999999999997,1.0,0.6079429741343689,0.0218,0.14819001778459273,0.57,0.8556288707523761
0.34436826255584724,6.400000000000001e-5,49.8264033313655,-81.94271749118704,-88.86208370073871,-2.9999999708012033,1.0834169325884284,0.22592788676344888,0.0024752999999999997,1.0,0.6271370313513474,0.0218,0.14819001778459273,0.57,0.8556288707523761
0.36271900853261546,6.400000000000001e-5,53.10577925698777,-83.20366703610382,-90.50177166354985,-2.999987970993327,1.3897269819322753,0.2511680433174093,0.0024752999999999997,1.0,0.6463310885683259,0.0218,0.14819001778459273,0.57,0.8556288707523761
0.3812720334334112,6.400000000000001e-5,56.516593274876016,-84.49164482444938,-92.20717867249397,-2.999999581028796,1.6631686220703679,0.2747374393676949,0.0024752999999999997,1.0,0.6655251457853044,0.0218,0.14819001778459273,0.57,0.8556288707523761
0.4,6.400000000000001e-5,59.875547000506714,-85.7474100016895,-93.88665553530932,-2.999999917792229,1.9009343008135364,0.29614856843123105,0.0024752999999999997,1.0,0.684719203002283,0.0218,0.14819001778459273,0.57,0.8556288707523761
0.24000000000000005,6.500000000000001e-5,34.85883572248588,-74.24197040851838,-81.3782998962989,-2.9999532332450274,-1.268069094894652,0.055882216473338464,0.0024752999999999997,1.0,0.5119726880494763,0.0218,0.14819001778459273,0.57,0.8556288707523761
0.256582440274312,6.500000000000001e-5,34.14623295110465,-74.33846707938834,-81.02199851060828,-2.999998959033054,-0.8379312404748338,0.07872976268839638,0.0024752999999999997,1.0,0.5311667452664548,0.0218,0.14819001778459273,0.57,0.8556288707523761
0.27352354813649893,6.500000000000001e-5,34.1641405530508,-74.61074280897046,-81.03095231158136,-2.999982620195458,-0.41902617969549244,0.10302252187450434,0.0024752999999999997,1.0,0.5503608024834333,0.0218,0.14819001778459273,0.57,0.8556288707523761
0.29079836143387255,6.500000000000001e-5,34.8885020260372,-75.06055804808472,-81.39313304807456,-2.9999999403576694,-0.014491837594593247,0.12774214155774966,0.0024752999999999997,1.0,0.5695548597004119,0.0218,0.14819001778459273,0.57,0.8556288707523761
0.3083814263100086,6.500000000000001e-5,36.26672400634109,-75.68099901139067,-82.0822440382265,-2.999999959930659,0.37087727028078804,0.15301286680393555,0.0024752999999999997,1.0,0.5887489169173903,0.0218,0.14819001778459273,0.57,0.8556288707523761
0.3262468347101488,6.500000000000001e-5,38.216167905487794,-76.45538414135348,-83.05696598779986,-2.9999999236816137,0.733637380676768,0.17829772759925122,0.0024752999999999997,1.0,0.6079429741343689,0.0218,0.14819001778459273,0.57,0.8556288707523761
0.34436826255584724,6.500000000000001e-5,40.6253185840869,-77.35642660975331,-84.26154132709941,-2.9999999543284326,1.070181930442116,0.20310118135401267,0.0024752999999999997,1.0,0.6271370313513474,0.0218,0.14819001778459273,0.57,0.8556288707523761
0.36271900853261546,6.500000000000001e-5,43.356768999918245,-78.3468204243527,-85.62726653501508,-2.9999999675258793,1.3769357543809746,0.22695275359444256,0.0024752999999999997,1.0,0.6463310885683259,0.0218,0.14819001778459273,0.57,0.8556288707523761
0.3812720334334112,6.500000000000001e-5,46.25264128041326,-79.37999559652314,-87.07520267526259,-2.999988018643912,1.6509226817131928,0.24919725754216104,0.0024752999999999997,1.0,0.6655251457853044,0.0218,0.14819001778459273,0.57,0.8556288707523761
0.4,6.500000000000001e-5,49.14179581177376,-80.4028603500822,-88.51977994094284,-2.999991659323942,1.8891661867689866,0.2695651174712623,0.0024752999999999997,1.0,0.684719203002283,0.0218,0.14819001778459273,0.57,0.8556288707523761
0.24000000000000005,6.6e-5,29.82517990194097,-71.7130132165251,-78.86147198602644,-2.999995714117495,-1.277498692681355,0.04140414963969585,0.0024752999999999997,1.0,0.5119726880494763,0.0218,0.14819001778459273,0.57,0.8556288707523761
0.256582440274312,6.6e-5,28.652799294586288,-71.58374634951254,-78.2752816823491,-2.9999999999984115,-0.8474257024694716,0.0630286897686525,0.0024752999999999997,1.0,0.5311667452664548,0.0218,0.14819001778459273,0.57,0.8556288707523761
0.27352354813649893,6.6e-5,28.194927827959305,-71.6221867652679,-78.04634594903561,-2.9999999044616863,-0.4282272717710962,0.08569834373136942,0.0024752999999999997,1.0,0.5503608024834333,0.0218,0.14819001778459273,0.57,0.8556288707523761
0.29079836143387255,6.6e-5,28.432182179154097,-71.83222156419623,-78.16497312463301,-2.999999841011841,-0.02374300582675771,0.10909224684943242,0.0024752999999999997,1.0,0.5695548597004119,0.0218,0.14819001778459273,0.57,0.8556288707523761
0.3083814263100086,6.6e-5,29.31746122506422,-72.20962922065308,-78.60761264758807,-2.9999999420131545,0.36197632148286385,0.13292352302668053,0.0024752999999999997,1.0,0.5887489169173903,0.0218,0.14819001778459273,0.57,0.8556288707523761
0.3262468347101488,6.6e-5,30.775074031307724,-72.74098322079017,-79.33641905070982,-2.9999999502308388,0.7252114270869423,0.15674204621271104,0.0024752999999999997,1.0,0.6079429741343689,0.0218,0.14819001778459273,0.57,0.8556288707523761
0.34436826255584724,6.6e-5,32.701611137314245,-73.40304419292981,-80.29968760371308,-2.999999571107112,1.062237756082357,0.18019448880015765,0.0024752999999999997,1.0,0.6271370313513474,0.0218,0.14819001778459273,0.57,0.8556288707523761
0.36271900853261546,6.6e-5,34.968845932533924,-74.1627377713551,-81.43330500132292,-2.9999999676324176,1.369742424569069,0.2026379759156257,0.0024752999999999997,1.0,0.6463310885683259,0.0218,0.14819001778459273,0.57,0.8556288707523761
0.3812720334334112,6.6e-5,37.428849683243186,-74.97890047462596,-82.66330687667755,-2.999999959675118,1.644345675816278,0.22372836304154675,0.0024752999999999997,1.0,0.6655251457853044,0.0218,0.14819001778459273,0.57,0.8556288707523761
0.4,6.6e-5,39.92120042386384,-75.8035570738093,-83.90948224698788,-2.999999954879443,1.8833242611413767,0.2428526467555262,0.0024752999999999997,1.0,0.684719203002283,0.0218,0.14819001778459273,0.57,0.8556288707523761
0.24000000000000005,6.7e-5,25.587028636852835,-69.62813808338964,-76.74239635348238,-2.9857397235936607,-1.284108445055764,0.027786389362778885,0.0024752999999999997,1.0,0.5119726880494763,0.0218,0.14819001778459273,0.57,0.8556288707523761
0.256582440274312,6.7e-5,24.033807605798216,-69.26898678577017,-75.96578583795507,-2.999998965526193,-0.8536181621397216,0.047599879314038196,0.0024752999999999997,1.0,0.5311667452664548,0.0218,0.14819001778459273,0.57,0.8556288707523761
0.27352354813649893,6.7e-5,23.18035394702568,-69.11235781943047,-75.5390590085688,-2.9999997400077594,-0.43412393824027024,0.06883105501903242,0.0024752999999999997,1.0,0.5503608024834333,0.0218,0.14819001778459273,0.57,0.8556288707523761
0.29079836143387255,6.7e-5,23.013239229584457,-69.12261859111322,-75.45550164984819,-2.9999957127433445,-0.029180413203118656,0.09089836962172448,0.0024752999999999997,1.0,0.5695548597004119,0.0218,0.14819001778459273,0.57,0.8556288707523761
0.3083814263100086,6.7e-5,23.49006979340041,-69.29770744249923,-75.69391693175616,-2.9999976390271623,0.35706133908407894,0.11329469306552276,0.0024752999999999997,1.0,0.5887489169173903,0.0218,0.14819001778459273,0.57,0.8556288707523761
0.3262468347101488,6.7e-5,24.540872276324876,-69.62695423083277,-76.2193181732184,-2.9999998003004844,0.7209637567114744,0.1357580665356033,0.0024752999999999997,1.0,0.6079429741343689,0.0218,0.14819001778459273,0.57,0.8556288707523761
0.34436826255584724,6.7e-5,26.06891882767414,-70.09060491064947,-76.98334144889303,-2.9999986185920697,1.0585561017045806,0.15782198349947363,0.0024752999999999997,1.0,0.6271370313513474,0.0218,0.14819001778459273,0.57,0.8556288707523761
0.36271900853261546,6.7e-5,27.953490858549117,-70.6586134859148,-77.92562746433052,-2.9999998343416534,1.3671461539662522,0.17890931871843774,0.0024752999999999997,1.0,0.6463310885683259,0.0218,0.14819001778459273,0.57,0.8556288707523761
0.3812720334334112,6.7e-5,30.05483816787094,-71.29493673433642,-78.97630111899143,-2.9999991408467066,1.6424961429946379,0.19873215175055625,0.0024752999999999997,1.0,0.6655251457853044,0.0218,0.14819001778459273,0.57,0.8556288707523761
0.4,6.7e-5,32.22105606390261,-71.95529619312197,-80.05941006700726,-2.9999999670699777,1.8823622395474129,0.21684939827598482,0.0024752999999999997,1.0,0.684719203002283,0.0218,0.14819001778459273,0.57,0.8556288707523761
0.24000000000000005,6.800000000000001e-5,21.470073778583384,-68.91036951856984,-74.68391892434765,-2.502841920981672,-1.271983013115979,0.024838554049103734,0.0024752999999999997,1.0,0.5119726880494763,0.0218,0.14819001778459273,0.57,0.8556288707523761
0.256582440274312,6.800000000000001e-5,19.811135298400472,-68.48740387739448,-73.8544496842562,-2.52205591136072,-0.8416562535958915,0.04473475877203925,0.0024752999999999997,1.0,0.5311667452664548,0.0218,0.14819001778459273,0.57,0.8556288707523761
0.27352354813649893,6.800000000000001e-5,18.84229069447767,-68.22297124244139,-73.3700273822948,-2.5398293610759834,-0.4224201129756642,0.06536434858588513,0.0024752999999999997,1.0,0.5503608024834333,0.0218,0.14819001778459273,0.57,0.8556288707523761
0.29079836143387255,6.800000000000001e-5,18.61862754067431,-66.92522804651243,-73.25819580539311,-2.999999173868398,-0.03162483317758781,0.07362584589327059,0.0024752999999999997,1.0,0.5695548597004119,0.0218,0.14819001778459273,0.57,0.8556288707523761
0.3083814263100086,6.800000000000001e-5,18.767778006430177,-66.93714735988125,-73.33277103827105,-2.999999766189438,0.35539895211737804,0.0948040196676957,0.0024752999999999997,1.0,0.5887489169173903,0.0218,0.14819001778459273,0.57,0.8556288707523761
0.3262468347101488,6.800000000000001e-5,19.4927224584751,-67.10358478208549,-73.69524326429351,-2.9999995875921455,0.7199854820662697,0.11578438297248017,0.0024752999999999997,1.0,0.6079429741343689,0.0218,0.14819001778459273,0.57,0.8556288707523761
0.34436826255584724,6.800000000000001e-5,20.702048705807158,-67.4070806869058,-74.29990638795954,-2.9999988827678985,1.0586395803209196,0.13648677738086978,0.0024752999999999997,1.0,0.6271370313513474,0.0218,0.14819001778459273,0.57,0.8556288707523761
0.36271900853261546,6.800000000000001e-5,22.28102313235499,-67.82149313224957,-75.08939360123345,-2.9999990460442585,1.3677961533885519,0.15638975216861994,0.0024752999999999997,1.0,0.6463310885683259,0.0218,0.14819001778459273,0.57,0.8556288707523761
0.3812720334334112,6.800000000000001e-5,24.09633694692951,-68.31292701521815,-75.99705050852072,-2.9999999023584767,1.6441737219580725,0.17503599911534828,0.0024752999999999997,1.0,0.6655251457853044,0.0218,0.14819001778459273,0.57,0.8556288707523761
0.4,6.800000000000001e-5,26.002818083277646,-68.84146785241938,-76.95029107669478,-2.999999621476462,1.8848629592665602,0.19194872723925538,0.0024752999999999997,1.0,0.684719203002283,0.0218,0.14819001778459273,0.57,0.8556288707523761
0.24000000000000005,6.900000000000001e-5,18.299506523627457,-68.64393442205136,-73.09863529686969,-1.900194387812818,-1.2781716213734904,0.017209443941531344,0.0024752999999999997,1.0,0.5119726880494763,0.0218,0.14819001778459273,0.57,0.8556288707523761
0.256582440274312,6.900000000000001e-5,16.579266250586784,-68.17120099091503,-72.23851516034935,-1.9362805862446566,-0.8488259454823042,0.035278376811828105,0.0024752999999999997,1.0,0.5311667452664548,0.0218,0.14819001778459273,0.57,0.8556288707523761
0.27352354813649893,6.900000000000001e-5,15.048997299952077,-66.43053688909359,-71.473380685032,-2.4983312811673573,-0.4231879688042828,0.050036243054361385,0.0024752999999999997,1.0,0.5503608024834333,0.0218,0.14819001778459273,0.57,0.8556288707523761
0.29079836143387255,6.900000000000001e-5,14.473764871203343,-66.1880805096827,-71.18576447065763,-2.5159740460102498,-0.017383246988900935,0.07024018802631937,0.0024752999999999997,1.0,0.5695548597004119,0.0218,0.14819001778459273,0.57,0.8556288707523761
0.3083814263100086,6.900000000000001e-5,14.532720634313847,-66.10951669265538,-71.21524235221288,-2.531772910217544,0.36964429621841766,0.0906766216722249,0.0024752999999999997,1.0,0.5887489169173903,0.0218,0.14819001778459273,0.57,0.8556288707523761
0.3262468347101488,6.900000000000001e-5,15.161978251424927,-66.18673139019828,-71.52987116076842,-2.5460540473645503,0.7341307680257629,0.11091920967913849,0.0024752999999999997,1.0,0.6079429741343689,0.0218,0.14819001778459273,0.57,0.8556288707523761
0.34436826255584724,6.900000000000001e-5,16.272070603391313,-66.40261107822226,-72.08491733675162,-2.5592168793603816,1.0724183591205603,0.1305583725546936,0.0024752999999999997,1.0,0.6271370313513474,0.0218,0.14819001778459273,0.57,0.8556288707523761
0.36271900853261546,6.900000000000001e-5,17.750618115516488,-66.7314941170214,-72.8241910928142,-2.5716105106267664,1.3810405456548902,0.14919399493555974,0.0024752999999999997,1.0,0.6463310885683259,0.0218,0.14819001778459273,0.57,0.8556288707523761
0.3812720334334112,6.900000000000001e-5,19.47880516938673,-65.99659366565523,-73.68828461974933,-2.999996610685944,1.6487758791249545,0.15297766722710304,0.0024752999999999997,1.0,0.6655251457853044,0.0218,0.14819001778459273,0.57,0.8556288707523761
0.4,6.900000000000001e-5,21.18586591039883,-66.42214598698729,-74.54181499025538,-2.9999979623043003,1.8906109827855693,0.16885339266210542,0.0024752999999999997,1.0,0.684719203002283,0.0218,0.14819001778459273,0.57,0.8556288707523761
0.24000000000000005,7.000000000000001e-5,15.210179919497989,-67.23207812118585,-71.55397199480495,-1.8280161979165714,-1.27953279868711,0.009591246169383894,0.0024752999999999997,1.0,0.5119726880494763,0.0218,0.14819001778459273,0.57,0.8556288707523761
0.256582440274312,7.000000000000001e-5,13.244206107600093,-66.68477250894495,-70.570985088856,-1.8404881965557838,-0.8485799983997855,0.027288958511308525,0.0024752999999999997,1.0,0.5311667452664548,0.0218,0.14819001778459273,0.57,0.8556288707523761
0.27352354813649893,7.000000000000001e-5,11.96407373429031,-66.28698492220958,-69.93091890220111,-1.854570841572989,-0.42836270740287197,0.04572898181320417,0.0024752999999999997,1.0,0.5503608024834333,0.0218,0.14819001778459273,0.57,0.8556288707523761
0.29079836143387255,7.000000000000001e-5,11.294297264856198,-64.73578599601255,-69.59603066748406,-2.460740671209765,-0.017445558756889905,0.05458474288042925,0.0024752999999999997,1.0,0.5695548597004119,0.0218,0.14819001778459273,0.57,0.8556288707523761
0.3083814263100086,7.000000000000001e-5,11.13664372608011,-64.53929940916792,-69.51720389809601,-2.4804754613427793,0.37163169813097763,0.07401345849702023,0.0024752999999999997,1.0,0.5887489169173903,0.0218,0.14819001778459273,0.57,0.8556288707523761
0.3262468347101488,7.000000000000001e-5,11.552029061504669,-64.50089310501849,-69.7248965658083,-2.4976645112224527,0.7380640666518933,0.09345023045698686,0.0024752999999999997,1.0,0.6079429741343689,0.0218,0.14819001778459273,0.57,0.8556288707523761
0.34436826255584724,7.000000000000001e-5,12.454593679125253,-64.60644100497316,-70.17617887461859,-2.512368746942502,1.0782108672243136,0.11245214286076743,0.0024752999999999997,1.0,0.6271370313513474,0.0218,0.14819001778459273,0.57,0.8556288707523761
0.36271900853261546,7.000000000000001e-5,13.735980842178634,-64.83252059183687,-70.81687245614528,-2.524983998849962,1.388603323376288,0.13059887868763664,0.0024752999999999997,1.0,0.6463310885683259,0.0218,0.14819001778459273,0.57,0.8556288707523761
0.3812720334334112,7.000000000000001e-5,15.269863836399395,-65.14826687841006,-71.58381395325566,-2.5358282886455776,1.6660518286413712,0.14745452545250948,0.0024752999999999997,1.0,0.6655251457853044,0.0218,0.14819001778459273,0.57,0.8556288707523761
0.4,7.000000000000001e-5,16.918409689314444,-65.51714730936679,-72.40808687971318,-2.5451547412033575,1.9076493754215058,0.16261779880975125,0.0024752999999999997,1.0,0.684719203002283,0.0218,0.14819001778459273,0.57,0.8556288707523761
0.24000000000000005,7.1e-5,12.936369822610004,-66.82574662752457,-70.41706694636096,-1.3699343175396281,-1.2810075170830295,0.002505490365367402,0.0024752999999999997,1.0,0.5119726880494763,0.0218,0.14819001778459273,0.57,0.8556288707523761
0.256582440274312,7.1e-5,10.607050874684148,-65.45365356028414,-69.25240747239803,-1.7920482873747527,-0.8491939798822198,0.01779589106250612,0.0024752999999999997,1.0,0.5311667452664548,0.0218,0.14819001778459273,0.57,0.8556288707523761
0.27352354813649893,7.1e-5,9.11758190664358,-64.96498776566585,-68.50767298837775,-1.7992400674913358,-0.4279781308440543,0.03568850752609787,0.0024752999999999997,1.0,0.5503608024834333,0.0218,0.14819001778459273,0.57,0.8556288707523761
0.29079836143387255,7.1e-5,8.300921750690435,-64.63455341133573,-68.09934291040118,-1.806708418275973,-0.021055758947141706,0.05411046213348969,0.0024752999999999997,1.0,0.5695548597004119,0.0218,0.14819001778459273,0.57,0.8556288707523761
0.3083814263100086,7.1e-5,8.122207576481372,-64.46398118922103,-68.00998582329665,-1.8144317904835447,0.36729579545256413,0.07293899189205366,0.0024752999999999997,1.0,0.5887489169173903,0.0218,0.14819001778459273,0.57,0.8556288707523761
0.3262468347101488,7.1e-5,8.520508236039063,-64.44703475893584,-68.20913615307549,-1.822418663803024,0.7335207274678106,0.09169044067418897,0.0024752999999999997,1.0,0.6079429741343689,0.0218,0.14819001778459273,0.57,0.8556288707523761
0.34436826255584724,7.1e-5,9.40959858353932,-64.56900484360116,-68.65368132682562,-1.830708264024399,1.0737410646915337,0.11004839441088698,0.0024752999999999997,1.0,0.6271370313513474,0.0218,0.14819001778459273,0.57,0.8556288707523761
0.36271900853261546,7.1e-5,10.680585926017415,-64.80683235363752,-69.28917499806467,-1.8393321249870853,1.3844140559702491,0.12762549930796507,0.0024752999999999997,1.0,0.6463310885683259,0.0218,0.14819001778459273,0.57,0.8556288707523761
0.3812720334334112,7.1e-5,12.206509151430083,-65.12983146684488,-70.052136610771,-1.8484328624205164,1.6622171628578948,0.14399223325059252,0.0024752999999999997,1.0,0.6655251457853044,0.0218,0.14819001778459273,0.57,0.8556288707523761
0.4,7.1e-5,13.706646044639172,-64.03000098929631,-70.80220505737555,-2.4907791817915506,1.9171559298177832,0.14291106213307714,0.0024752999999999997,1.0,0.684719203002283,0.0218,0.14819001778459273,0.57,0.8556288707523761
0.24000000000000005,7.2e-5,10.815760529171513,-65.82569140626217,-69.35676229964172,-1.3233935404388033,-1.2828994424377764,-0.007054565890548481,0.0024752999999999997,1.0,0.5119726880494763,0.0218,0.14819001778459273,0.57,0.8556288707523761
0.256582440274312,7.2e-5,8.589613818099053,-65.16642270690996,-68.24368894410549,-1.3286454380203039,-0.8510543049312997,0.00987060200264156,0.0024752999999999997,1.0,0.5311667452664548,0.0218,0.14819001778459273,0.57,0.8556288707523761
0.27352354813649893,7.2e-5,7.044768467152579,-64.65649636821324,-67.47126626863225,-1.3341577035771148,-0.4296774119581788,0.02761113587101649,0.0024752999999999997,1.0,0.5503608024834333,0.0218,0.14819001778459273,0.57,0.8556288707523761
0.29079836143387255,7.2e-5,6.0320915120692575,-63.57773289807674,-66.96492779109059,-1.763249923846455,-0.019978678794567658,0.043533600470525013,0.0024752999999999997,1.0,0.5695548597004119,0.0218,0.14819001778459273,0.57,0.8556288707523761
0.3083814263100086,7.2e-5,5.691214958235577,-63.33295124992122,-66.79448951417375,-1.7668223778351408,0.3694250522220308,0.06161718152525297,0.0024752999999999997,1.0,0.5887489169173903,0.0218,0.14819001778459273,0.57,0.8556288707523761
0.3262468347101488,7.2e-5,6.280914744261821,-64.07133877152283,-67.08933940718687,-1.3544153823090495,0.7325434451388692,0.08310906228522963,0.0024752999999999997,1.0,0.6079429741343689,0.0218,0.14819001778459273,0.57,0.8556288707523761
0.34436826255584724,7.2e-5,6.664813362068827,-63.29411121383441,-67.28128871609037,-1.7740202634919546,1.0780847669618008,0.09740561564641725,0.0024752999999999997,1.0,0.6271370313513474,0.0218,0.14819001778459273,0.57,0.8556288707523761
0.36271900853261546,7.2e-5,7.789925075955352,-63.46533666727663,-67.84384457303364,-1.7775803393992602,1.3900660430419938,0.11435721299437562,0.0024752999999999997,1.0,0.6463310885683259,0.0218,0.14819001778459273,0.57,0.8556288707523761
0.3812720334334112,7.2e-5,9.181442021422583,-63.727888612842634,-68.53960304576725,-1.7810557195166494,1.6692300756185376,0.1301892800767399,0.0024752999999999997,1.0,0.6655251457853044,0.0218,0.14819001778459273,0.57,0.8556288707523761
0.4,7.2e-5,10.70395880762743,-64.04737165779612,-69.30086143886967,-1.7843731513203975,1.912603376164865,0.1444997117748017,0.0024752999999999997,1.0,0.684719203002283,0.0218,0.14819001778459273,0.57,0.8556288707523761
0.24000000000000005,7.3e-5,9.107464405568834,-65.31738157272589,-68.50261423784038,-1.0290036982264268,-1.2832288863599164,-0.011830419374055323,0.0024752999999999997,1.0,0.5119726880494763,0.0218,0.14819001778459273,0.57,0.8556288707523761
0.256582440274312,7.3e-5,6.779801373543904,-64.59736583366453,-67.33878272182791,-1.0447577433212234,-0.8522761815399569,0.004816651540889394,0.0024752999999999997,1.0,0.5311667452664548,0.0218,0.14819001778459273,0.57,0.8556288707523761
0.27352354813649893,7.3e-5,5.1266528103955125,-64.02454402193857,-66.51220844025372,-1.0601549327963327,-0.4318101557642066,0.02210208724671958,0.0024752999999999997,1.0,0.5503608024834333,0.0218,0.14819001778459273,0.57,0.8556288707523761
0.29079836143387255,7.3e-5,4.139834263337349,-63.60610711631514,-66.01879916672463,-1.0769297313035162,-0.025809110343740223,0.03977660611302103,0.0024752999999999997,1.0,0.5695548597004119,0.0218,0.14819001778459273,0.57,0.8556288707523761
0.3083814263100086,7.3e-5,3.7859230113827778,-63.342051005218636,-65.84184354074735,-1.097197567486872,0.3616659017401544,0.057476136851608794,0.0024752999999999997,1.0,0.5887489169173903,0.0218,0.14819001778459273,0.57,0.8556288707523761
0.3262468347101488,7.3e-5,4.005475046183477,-63.22385174274651,-65.9516195581477,-1.1235072062299176,0.7268609522288587,0.07480675358633515,0.0024752999999999997,1.0,0.6079429741343689,0.0218,0.14819001778459273,0.57,0.8556288707523761
0.34436826255584724,7.3e-5,4.714786069668378,-63.24071839354602,-66.30627506989015,-1.152406595336534,1.0668327175505736,0.09162881364359576,0.0024752999999999997,1.0,0.6271370313513474,0.0218,0.14819001778459273,0.57,0.8556288707523761
0.36271900853261546,7.3e-5,5.810545005179648,-63.38348413113253,-66.85415453764578,-1.1731728979812823,1.378428750422708,0.10811374477763924,0.0024752999999999997,1.0,0.6463310885683259,0.0218,0.14819001778459273,0.57,0.8556288707523761
0.3812720334334112,7.3e-5,7.17223938427577,-63.62539588115981,-67.53500172719384,-1.1859359586093903,1.6576571568537688,0.12379994352919188,0.0024752999999999997,1.0,0.6655251457853044,0.0218,0.14819001778459273,0.57,0.8556288707523761
0.4,7.3e-5,8.66656040625628,-63.92938133307487,-68.2821622381841,-1.194113269539718,1.9012403754525191,0.13813488482792036,0.0024752999999999997,1.0,0.684719203002283,0.0218,0.14819001778459273,0.57,0.8556288707523761
0.24000000000000005,7.4e-5,8.110098467764146,-65.30948832029596,-68.00393126893803,-0.2971416599957806,-1.278926263199848,-0.013687708443630986,0.0024752999999999997,1.0,0.5119726880494763,0.0218,0.14819001778459273,0.57,0.8556288707523761
0.256582440274312,7.4e-5,5.480362096563965,-64.00923351395375,-66.68906308333794,-0.9884606105389785,-0.8471507632673833,-0.0053499073727940605,0.0024752999999999997,1.0,0.5311667452664548,0.0218,0.14819001778459273,0.57,0.8556288707523761
0.27352354813649893,7.4e-5,3.7256451557240666,-63.38256952760616,-65.81170461291799,-1.0060518589974814,-0.4256635797840643,0.011740930495454327,0.0024752999999999997,1.0,0.5503608024834333,0.0218,0.14819001778459273,0.57,0.8556288707523761
0.29079836143387255,7.4e-5,2.6358354172323573,-62.91532054203492,-65.26679974367214,-1.0186684277503484,-0.01823987670709157,0.029196090959129672,0.0024752999999999997,1.0,0.5695548597004119,0.0218,0.14819001778459273,0.57,0.8556288707523761
0.3083814263100086,7.4e-5,2.1803815042623,-62.60819824672397,-65.03907278718711,-1.0291288483747374,0.3710829420660322,0.046842784481908706,0.0024752999999999997,1.0,0.5887489169173903,0.0218,0.14819001778459273,0.57,0.8556288707523761
0.3262468347101488,7.4e-5,2.302917942367145,-62.45613066454454,-65.10034100623953,-1.0384119027188727,0.7383637715956555,0.06441818751521178,0.0024752999999999997,1.0,0.6079429741343689,0.0218,0.14819001778459273,0.57,0.8556288707523761
0.34436826255584724,7.4e-5,2.9222590160859454,-62.44648242080208,-65.41001154309893,-1.0469743322898464,1.07979750307322,0.08160740977435066,0.0024752999999999997,1.0,0.6271370313513474,0.0218,0.14819001778459273,0.57,0.8556288707523761
0.36271900853261546,7.4e-5,3.9350125644283764,-62.558786998285306,-65.91638831727015,-1.0550244045519965,1.3918282219054916,0.09803016891849237,0.0024752999999999997,1.0,0.6463310885683259,0.0218,0.14819001778459273,0.57,0.8556288707523761
0.3812720334334112,7.4e-5,5.2200586829510485,-62.765645194557706,-66.55891137653148,-1.0626144701798441,1.6710602943147121,0.11335103011390701,0.0024752999999999997,1.0,0.6655251457853044,0.0218,0.14819001778459273,0.57,0.8556288707523761
0.4,7.4e-5,6.64485200298688,-63.03404937233922,-67.2713080365494,-1.0696853750069282,1.9145104289190655,0.12719297182590694,0.0024752999999999997,1.0,0.684719203002283,0.0218,0.14819001778459273,0.57,0.8556288707523761
0.24000000000000005,7.500000000000001e-5,6.915993612974432,-64.73167313790654,-67.40687884154318,-0.2503137079499315,-1.2738972134394722,-0.02092652237959919,0.0024752999999999997,1.0,0.5119726880494763,0.0218,0.14819001778459273,0.57,0.8556288707523761
0.256582440274312,7.500000000000001e-5,4.502129945909928,-63.98039749368437,-66.19994700801092,-0.2569708175292199,-0.8415014456996907,-0.005223242827373575,0.0024752999999999997,1.0,0.5311667452664548,0.0218,0.14819001778459273,0.57,0.8556288707523761
0.27352354813649893,7.500000000000001e-5,2.9099640116178307,-63.20206672855278,-65.40386404086487,-0.7471145265977035,-0.4248225091659894,0.005952192057624317,0.0024752999999999997,1.0,0.5503608024834333,0.0218,0.14819001778459273,0.57,0.8556288707523761
0.29079836143387255,7.500000000000001e-5,1.7822077918578998,-62.54271668610528,-64.83998593098491,-0.964095317562983,-0.010879519088125738,0.018103037125626664,0.0024752999999999997,1.0,0.5695548597004119,0.0218,0.14819001778459273,0.57,0.8556288707523761
0.3083814263100086,7.500000000000001e-5,1.3150738687460546,-62.455060273619814,-64.60641896942899,-0.7079644740890216,0.3695447883131519,0.042184810577445386,0.0024752999999999997,1.0,0.5887489169173903,0.0218,0.14819001778459273,0.57,0.8556288707523761
0.3262468347101488,7.500000000000001e-5,1.3931442851011013,-62.38673174948879,-64.64545417760651,-0.5668806746436298,0.728800941598078,0.06311573615064736,0.0024752999999999997,1.0,0.6079429741343689,0.0218,0.14819001778459273,0.57,0.8556288707523761
0.34436826255584724,7.500000000000001e-5,2.036778283826152,-62.496132880865,-64.96727117696904,-0.31946072492828637,1.0841038201941602,0.07886263663838544,0.0024752999999999997,1.0,0.6271370313513474,0.0218,0.14819001778459273,0.57,0.8556288707523761
0.36271900853261546,7.500000000000001e-5,2.9650346397161798,-62.47668223258928,-65.43139935491405,-0.5737663599115149,1.3839386057215992,0.09569064618937739,0.0024752999999999997,1.0,0.6463310885683259,0.0218,0.14819001778459273,0.57,0.8556288707523761
0.3812720334334112,7.500000000000001e-5,4.223381667873383,-62.67766808785031,-66.06057286899265,-0.5760553616914943,1.664040095092175,0.11053298538891076,0.0024752999999999997,1.0,0.6655251457853044,0.0218,0.14819001778459273,0.57,0.8556288707523761
0.4,7.500000000000001e-5,5.62431278801489,-62.94083553990934,-66.7610384290634,-0.5778241939592049,1.9082936447797358,0.12393607386374816,0.0024752999999999997,1.0,0.684719203002283,0.0218,0.14819001778459273,0.57,0.8556288707523761
0.24000000000000005,7.6e-5,6.239278771068541,-64.40415289622305,-67.06852142059023,-0.22227866610730412,-1.2705860454338085,-0.027107319460182577,0.0024752999999999997,1.0,0.5119726880494763,0.0218,0.14819001778459273,0.57,0.8556288707523761
0.256582440274312,7.6e-5,3.7601933252827564,-63.62079269952323,-65.82897869769734,-0.22478445126714489,-0.8371998580625453,-0.01190485656916146,0.0024752999999999997,1.0,0.5311667452664548,0.0218,0.14819001778459273,0.57,0.8556288707523761
0.27352354813649893,7.6e-5,1.95479025155106,-62.982212077091276,-64.92627716083149,-0.2275013134293973,-0.41404465386179234,0.004039468041631578,0.0024752999999999997,1.0,0.5503608024834333,0.0218,0.14819001778459273,0.57,0.8556288707523761
0.29079836143387255,7.6e-5,0.816811303802865,-62.49824923096275,-64.35728768695739,-0.23045900904924396,-0.005021221021374071,0.020511722821817346,0.0024752999999999997,1.0,0.5695548597004119,0.0218,0.14819001778459273,0.57,0.8556288707523761
0.3083814263100086,7.6e-5,0.315480749721047,-62.17238556581637,-64.10662240991648,-0.2337017319292735,0.38589745298030964,0.03725540003440264,0.0024752999999999997,1.0,0.5887489169173903,0.0218,0.14819001778459273,0.57,0.8556288707523761
0.3262468347101488,7.6e-5,0.3946639601436459,-62.00073563905984,-64.14621401512778,-0.23727595959968284,0.7547956853713137,0.0539740818542066,0.0024752999999999997,1.0,0.6079429741343689,0.0218,0.14819001778459273,0.57,0.8556288707523761
0.34436826255584724,7.6e-5,0.9735698928214731,-61.971449203851265,-64.4356669814667,-0.2412412755662816,1.0978605820946559,0.07034011642953575,0.0024752999999999997,1.0,0.6271370313513474,0.0218,0.14819001778459273,0.57,0.8556288707523761
0.36271900853261546,7.6e-5,1.949248689956903,-62.064763567643375,-64.92350638003441,-0.24564690560894442,1.411454171438107,0.08599952749039108,0.0024752999999999997,1.0,0.6463310885683259,0.0218,0.14819001778459273,0.57,0.8556288707523761
0.3812720334334112,7.6e-5,3.2010029286089434,-62.25376053341359,-65.54938349936043,-0.25055481195799,1.6921961687764207,0.10058544738066211,0.0024752999999999997,1.0,0.6655251457853044,0.0218,0.14819001778459273,0.57,0.8556288707523761
0.4,7.6e-5,4.59664798900684,-62.5059748940134,-66.24720602955938,-0.2559982859876548,1.9370045958093514,0.11372970690118045,0.0024752999999999997,1.0,0.684719203002283,0.0218,0.14819001778459273,0.57,0.8556288707523761
0.24000000000000005,7.7e-5,6.050968611881075,-64.31794218698937,-66.9743663409965,-0.2006494193738039,-1.2679305083648786,-0.03221312583354191,0.0024752999999999997,1.0,0.5119726880494763,0.0218,0.14819001778459273,0.57,0.8556288707523761
0.256582440274312,7.7e-5,3.5424795933689097,-63.51978218216727,-65.72012183174041,-0.20091045657369516,-0.8338908460397296,-0.017559219171214613,0.0024752999999999997,1.0,0.5311667452664548,0.0218,0.14819001778459273,0.57,0.8556288707523761
0.27352354813649893,7.7e-5,1.705771533721503,-62.86503098649085,-64.80176780191671,-0.20109361094780118,-0.40999347069300984,-0.0021847593464183745,0.0024752999999999997,1.0,0.5503608024834333,0.0218,0.14819001778459273,0.57,0.8556288707523761
0.29079836143387255,7.7e-5,0.5350188864251777,-62.363683004299375,-64.21639147826855,-0.2011879013686816,-0.00017833798264752206,0.01371839229652505,0.0024752999999999997,1.0,0.5695548597004119,0.0218,0.14819001778459273,0.57,0.8556288707523761
0.3083814263100086,7.7e-5,0.0,-62.01948671510252,-63.94888203505596,-0.20118688190967185,0.3916300984060623,0.029879534097329463,0.0024752999999999997,1.0,0.5887489169173903,0.0218,0.14819001778459273,0.57,0.8556288707523761
0.3262468347101488,7.7e-5,0.04524912050072771,-61.8289106746889,-63.97150659530632,-0.20108456324457388,0.7614568242407407,0.04605109860062173,0.0024752999999999997,1.0,0.6079429741343689,0.0218,0.14819001778459273,0.57,0.8556288707523761
0.34436826255584724,7.7e-5,0.5907434582622955,-61.78056454363029,-64.2442537641871,-0.20087955688064943,1.1054797602237108,0.061915581145942755,0.0024752999999999997,1.0,0.6271370313513474,0.0218,0.14819001778459273,0.57,0.8556288707523761
0.36271900853261546,7.7e-5,1.534375630773809,-61.85519605071923,-64.71606985044286,-0.20059585452465714,1.4200593502096996,0.07713309675073543,0.0024752999999999997,1.0,0.6463310885683259,0.0218,0.14819001778459273,0.57,0.8556288707523761
0.3812720334334112,7.7e-5,2.756329170747989,-62.02652806947379,-65.32704662042995,-0.20023402585649433,1.7017646994590194,0.09137210091204284,0.0024752999999999997,1.0,0.6655251457853044,0.0218,0.14819001778459273,0.57,0.8556288707523761
0.4,7.7e-5,4.125291780707215,-62.26263909027217,-66.01152792540957,-0.19983725381650522,1.94753752153459,0.10428270230051673,0.0024752999999999997,1.0,0.684719203002283,0.0218,0.14819001778459273,0.57,0.8556288707523761
0.24000000000000005,7.8e-5,6.318839124131557,-64.45873812859843,-67.10830159712174,-0.1802801771876569,-1.2655772004437411,-0.03591826208676174,0.0024752999999999997,1.0,0.5119726880494763,0.0218,0.14819001778459273,0.57,0.8556288707523761
0.256582440274312,7.8e-5,3.8156348144921424,-63.66291749352657,-65.85669944230203,-0.17900303749161736,-0.8310123137733293,-0.021785898342949805,0.0024752999999999997,1.0,0.5311667452664548,0.0218,0.14819001778459273,0.57,0.8556288707523761
0.27352354813649893,7.8e-5,1.9825515176077886,-63.00928409182146,-64.94015779385985,-0.17758083671606542,-0.4065367216269853,-0.006973905603574138,0.0024752999999999997,1.0,0.5503608024834333,0.0218,0.14819001778459273,0.57,0.8556288707523761
0.29079836143387255,7.8e-5,0.8138016477788881,-62.507814075489236,-64.3557828589454,-0.17601662252912711,0.003920590386072653,0.008320312250763018,0.0024752999999999997,1.0,0.5695548597004119,0.0218,0.14819001778459273,0.57,0.8556288707523761
0.3083814263100086,7.8e-5,0.27926181671162453,-62.16229058035253,-64.08851294341177,-0.17432150329252524,0.39637910531651477,0.02386302585371136,0.0024752999999999997,1.0,0.5887489169173903,0.0218,0.14819001778459273,0.57,0.8556288707523761
0.3262468347101488,7.8e-5,0.34332256140211825,-61.974027960674256,-64.12054331575702,0.24354488186052553,0.7541725639456075,0.03805088777710686,0.0024752999999999997,1.0,0.6079429741343689,0.0218,0.14819001778459273,0.57,0.8556288707523761
0.34436826255584724,7.8e-5,0.8811176571167891,-61.92333394738211,-64.38944086361435,0.2465404103922523,1.0984039848941296,0.05348303236122298,0.0024752999999999997,1.0,0.6271370313513474,0.0218,0.14819001778459273,0.57,0.8556288707523761
0.36271900853261546,7.8e-5,1.8160422525951674,-61.994418432903814,-64.85690316135354,0.2508485437236551,1.4131893434831682,0.06833055768048324,0.0024752999999999997,1.0,0.6463310885683259,0.0218,0.14819001778459273,0.57,0.8556288707523761
0.3812720334334112,7.8e-5,3.0284767294727715,-62.160600016232046,-65.46312039979234,0.25893893252557976,1.695007684898895,0.08237432153882929,0.0024752999999999997,1.0,0.6655251457853044,0.0218,0.14819001778459273,0.57,0.8556288707523761
0.4,7.8e-5,4.386780793083602,-62.38273002856036,-66.14227243159776,0.3103403677453778,1.93851317192989,0.09731865365511427,0.0024752999999999997,1.0,0.684719203002283,0.0218,0.14819001778459273,0.57,0.8556288707523761
0.24000000000000005,7.900000000000001e-5,6.802937837879597,-64.66892537229391,-67.35035095399576,0.279284879658914,-1.272757154731733,-0.039067131675686484,0.0024752999999999997,1.0,0.5119726880494763,0.0218,0.14819001778459273,0.57,0.8556288707523761
0.256582440274312,7.900000000000001e-5,4.212848346212326,-63.72091620475335,-66.05530620816212,0.5445055206524642,-0.8410430430838516,-0.015061609783356411,0.0024752999999999997,1.0,0.5311667452664548,0.0218,0.14819001778459273,0.57,0.8556288707523761
0.27352354813649893,7.900000000000001e-5,2.3694008478692012,-63.066251370308535,-65.13358245899056,0.5442212730128665,-0.41658737245326216,-0.0003754204643111603,0.0024752999999999997,1.0,0.5503608024834333,0.0218,0.14819001778459273,0.57,0.8556288707523761
0.29079836143387255,7.900000000000001e-5,1.189909096649643,-62.563432220565424,-64.54383658338078,0.5439035427593614,-0.006108791021628957,0.014775168950805773,0.0024752999999999997,1.0,0.5695548597004119,0.0218,0.14819001778459273,0.57,0.8556288707523761
0.3083814263100086,7.900000000000001e-5,0.6444677095381621,-62.21624809808581,-64.27111588982504,0.5435748782955563,0.38642151944172254,0.03015621734300533,0.0024752999999999997,1.0,0.5887489169173903,0.0218,0.14819001778459273,0.57,0.8556288707523761
0.3262468347101488,7.900000000000001e-5,0.6780246902843601,-62.021296991731674,-64.28789438019814,0.5432507235611562,0.7570555354836414,0.04549978945833988,0.0024752999999999997,1.0,0.6079429741343689,0.0218,0.14819001778459273,0.57,0.8556288707523761
0.34436826255584724,7.900000000000001e-5,1.2110553038010892,-61.96740467861568,-64.5544096869565,0.5429389392194044,1.1019469045667165,0.060509827545288664,0.0024752999999999997,1.0,0.6271370313513474,0.0218,0.14819001778459273,0.57,0.8556288707523761
0.36271900853261546,7.900000000000001e-5,2.1420138950118144,-62.035651472724865,-65.01988898256187,0.5426308693429303,1.4174224546102563,0.07487005160742455,0.0024752999999999997,1.0,0.6463310885683259,0.0218,0.14819001778459273,0.57,0.8556288707523761
0.3812720334334112,7.900000000000001e-5,3.351682324489275,-62.2001372160941,-65.6247231973006,0.542301698074106,1.7000413189690855,0.08825497160927065,0.0024752999999999997,1.0,0.6655251457853044,0.0218,0.14819001778459273,0.57,0.8556288707523761
0.4,7.900000000000001e-5,4.709351373449664,-62.429434089309694,-66.30355772178079,0.5419090364408595,1.9467001609619135,0.10033726796002274,0.0024752999999999997,1.0,0.684719203002283,0.0218,0.14819001778459273,0.57,0.8556288707523761
0.24000000000000005,7.999999999999999e-5,7.371467188906763,-64.816243953641,-67.63461562950934,0.59722770625358,-1.2708745312354668,-0.03086681780798567,0.0024752999999999997,1.0,0.5119726880494763,0.0218,0.14819001778459273,0.57,0.8556288707523761
0.256582440274312,7.999999999999999e-5,4.894155995170365,-64.03453777955512,-66.39596003264114,0.5994961208345172,-0.8357682470635209,-0.01715822887904539,0.0024752999999999997,1.0,0.5311667452664548,0.0218,0.14819001778459273,0.57,0.8556288707523761
0.27352354813649893,7.999999999999999e-5,3.0855906895755254,-63.39402919933725,-65.49167737984372,0.6014201757229447,-0.4106699267898156,-0.002807326617198569,0.0024752999999999997,1.0,0.5503608024834333,0.0218,0.14819001778459273,0.57,0.8556288707523761
0.29079836143387255,7.999999999999999e-5,1.9399318940620276,-62.9045508195574,-64.91884798208697,0.6030370932358438,0.0004947363145370726,0.01198884836938452,0.0024752999999999997,1.0,0.5695548597004119,0.0218,0.14819001778459273,0.57,0.8556288707523761
0.3083814263100086,7.999999999999999e-5,1.427035475829456,-62.569747659695835,-64.66239977297069,0.6044299553122318,0.3937363473114525,0.02699634556163033,0.0024752999999999997,1.0,0.5887489169173903,0.0218,0.14819001778459273,0.57,0.8556288707523761
0.3262468347101488,7.999999999999999e-5,1.4915972041506507,-62.386112428515055,-64.69468063713128,0.605656870010293,0.7650985744105118,0.0419594697204525,0.0024752999999999997,1.0,0.6079429741343689,0.0218,0.14819001778459273,0.57,0.8556288707523761
0.34436826255584724,7.999999999999999e-5,2.053825649643585,-62.34239952179538,-64.97579485987775,0.6067518303673256,1.1107216339091748,0.05658932601659172,0.0024752999999999997,1.0,0.6271370313513474,0.0218,0.14819001778459273,0.57,0.8556288707523761
0.36271900853261546,7.999999999999999e-5,3.0118948950465096,-62.41965068651899,-65.45482948257921,0.6077464114096507,1.4269062853118122,0.07058112439358122,0.0024752999999999997,1.0,0.6463310885683259,0.0218,0.14819001778459273,0.57,0.8556288707523761
0.3812720334334112,7.999999999999999e-5,4.24629705729069,-62.59193471006857,-66.0720305637013,0.6086506608590869,1.7102034194283642,0.0836197774608346,0.0024752999999999997,1.0,0.6655251457853044,0.0218,0.14819001778459273,0.57,0.8556288707523761
0.4,7.999999999999999e-5,5.626032109035208,-62.827882802201884,-66.76189808957356,0.6094671893773967,1.9574575283614697,0.09539641471792037,0.0024752999999999997,1.0,0.684719203002283,0.0218,0.14819001778459273,0.57,0.8556288707523761
0.24000000000000005,8.1e-5,8.329052426362523,-65.16664069854498,-68.11340824823722,0.7975894178741431,-1.2619215012840033,-0.041995934652238553,0.0024752999999999997,1.0,0.5119726880494763,0.0218,0.14819001778459273,0.57,0.8556288707523761
0.256582440274312,8.1e-5,5.918267075166256,-64.40445143074629,-66.90801557263909,0.8116119935730807,-0.8267248098352465,-0.029224868325195108,0.0024752999999999997,1.0,0.5311667452664548,0.0218,0.14819001778459273,0.57,0.8556288707523761
0.27352354813649893,8.1e-5,4.173506578743911,-63.771903504006644,-66.03563532442791,0.837117106475139,-0.4021918030149995,-0.016063998574878724,0.0024752999999999997,1.0,0.5503608024834333,0.0218,0.14819001778459273,0.57,0.8556288707523761
0.29079836143387255,8.1e-5,3.0799295879059514,-63.20056638484643,-65.48884682900893,0.954785842722903,0.0021303483578976475,-0.0022345236044080674,0.0024752999999999997,1.0,0.5695548597004119,0.0218,0.14819001778459273,0.57,0.8556288707523761
0.3083814263100086,8.1e-5,2.5899839113998553,-62.84894301124158,-65.24387399075589,0.9844433751985211,0.39470603691805795,0.012943052659981413,0.0024752999999999997,1.0,0.5887489169173903,0.0218,0.14819001778459273,0.57,0.8556288707523761
0.3262468347101488,8.1e-5,2.6728920449859856,-62.66216520429346,-65.28532805754895,0.9971220895959392,0.7662459790915882,0.02779181739632075,0.0024752999999999997,1.0,0.6079429741343689,0.0218,0.14819001778459273,0.57,0.8556288707523761
0.34436826255584724,8.1e-5,3.250558230419898,-62.61743737665883,-65.57416115026591,1.0057976061976506,1.1121503397043215,0.042313985092123474,0.0024752999999999997,1.0,0.6271370313513474,0.0218,0.14819001778459273,0.57,0.8556288707523761
0.36271900853261546,8.1e-5,4.221597163260498,-62.69407238815877,-66.05968061668621,1.012410448142451,1.4287411231815539,0.05611719635412604,0.0024752999999999997,1.0,0.6463310885683259,0.0218,0.14819001778459273,0.57,0.8556288707523761
0.3812720334334112,8.1e-5,5.466608189117778,-62.86576155350568,-66.68218612961485,1.0175028262098547,1.7124826441154084,0.06898923456479178,0.0024752999999999997,1.0,0.6655251457853044,0.0218,0.14819001778459273,0.57,0.8556288707523761
0.4,8.1e-5,6.854530276204628,-63.10076766867211,-67.37614717315827,1.0214580770825232,1.9602147997753718,0.08058998727357058,0.0024752999999999997,1.0,0.684719203002283,0.0218,0.14819001778459273,0.57,0.8556288707523761
0.24000000000000005,8.2e-5,9.61892508937666,-65.77839121835335,-68.75834457974429,0.8421784483302556,-1.259246536414988,-0.04291738179774962,0.0024752999999999997,1.0,0.5119726880494763,0.0218,0.14819001778459273,0.57,0.8556288707523761
0.256582440274312,8.2e-5,7.281048164606659,-64.94367283259153,-67.58940611735929,0.9674951824068491,-0.8309508391465007,-0.030282902669793166,0.0024752999999999997,1.0,0.5311667452664548,0.0218,0.14819001778459273,0.57,0.8556288707523761
0.27352354813649893,8.2e-5,5.577044167315819,-64.32325364737491,-66.73740411871387,0.9992197070435138,-0.40610414336350364,-0.01590853301032963,0.0024752999999999997,1.0,0.5503608024834333,0.0218,0.14819001778459273,0.57,0.8556288707523761
0.29079836143387255,8.2e-5,4.529816017286919,-63.86436389071848,-66.21379004369942,1.0167995370998186,0.005537403606417109,-0.0013694819474776576,0.0024752999999999997,1.0,0.5695548597004119,0.0218,0.14819001778459273,0.57,0.8556288707523761
0.3083814263100086,8.2e-5,4.110201071434375,-63.55964846869559,-66.00398257077315,1.031621957242966,0.3993544753881178,0.01330579533491505,0.0024752999999999997,1.0,0.5887489169173903,0.0218,0.14819001778459273,0.57,0.8556288707523761
0.3262468347101488,8.2e-5,4.105856482515691,-62.85408348475308,-66.0018102763138,1.4219459622432482,0.7801172470243024,0.037662110631484946,0.0024752999999999997,1.0,0.6079429741343689,0.0218,0.14819001778459273,0.57,0.8556288707523761
0.34436826255584724,8.2e-5,4.729813268340223,-62.833085039403166,-66.31378866922607,1.4240153344824305,1.1263424178853876,0.05192556550509475,0.0024752999999999997,1.0,0.6271370313513474,0.0218,0.14819001778459273,0.57,0.8556288707523761
0.36271900853261546,8.2e-5,5.746007332215925,-62.93153876432832,-66.82188570116392,1.4258948464523444,1.4431137917901922,0.06553140345629505,0.0024752999999999997,1.0,0.6463310885683259,0.0218,0.14819001778459273,0.57,0.8556288707523761
0.3812720334334112,8.2e-5,7.033821476776325,-63.12336206815256,-67.46579277344412,1.4275018981150784,1.726892989442076,0.07819375717472599,0.0024752999999999997,1.0,0.6655251457853044,0.0218,0.14819001778459273,0.57,0.8556288707523761
0.4,8.2e-5,8.461120283532637,-63.37682431109761,-68.17944217682228,1.4287429010043573,1.9745858071510103,0.0896002258579186,0.0024752999999999997,1.0,0.684719203002283,0.0218,0.14819001778459273,0.57,0.8556288707523761
0.24000000000000005,8.3e-5,10.97997377957472,-65.79469736386947,-69.43886892484332,1.4312628579399416,-1.2549459784996644,-0.03287869117603326,0.0024752999999999997,1.0,0.5119726880494763,0.0218,0.14819001778459273,0.57,0.8556288707523761
0.256582440274312,8.3e-5,8.659320541894317,-65.08019522310751,-68.27854230600312,1.4357556209787132,-0.8187549194615374,-0.019570357246923298,0.0024752999999999997,1.0,0.5311667452664548,0.0218,0.14819001778459273,0.57,0.8556288707523761
0.27352354813649893,8.3e-5,7.008071765461722,-64.50598150444003,-67.45291791778682,1.4404339601414564,-0.3925334236571513,-0.005703476945953467,0.0024752999999999997,1.0,0.5503608024834333,0.0218,0.14819001778459273,0.57,0.8556288707523761
0.29079836143387255,8.3e-5,6.018977226669762,-64.08125850017264,-66.95837064839084,1.4452995437942928,0.019828783815842573,0.00850507317788074,0.0024752999999999997,1.0,0.5695548597004119,0.0218,0.14819001778459273,0.57,0.8556288707523761
0.3083814263100086,8.3e-5,5.660266521952366,-63.80900165290212,-66.77901529603214,1.450334075745114,0.4142680418712347,0.02285492931872346,0.0024752999999999997,1.0,0.5887489169173903,0.0218,0.14819001778459273,0.57,0.8556288707523761
0.3262468347101488,8.3e-5,5.874795019932691,-63.68503132252941,-66.8862795450223,1.4554999089762708,0.7868139014271807,0.03709494220275056,0.0024752999999999997,1.0,0.6079429741343689,0.0218,0.14819001778459273,0.57,0.8556288707523761
0.34436826255584724,8.3e-5,6.580734491740657,-63.697437164276366,-67.23924928092629,1.4607163985929872,1.1335746520210217,0.050951942555306884,0.0024752999999999997,1.0,0.6271370313513474,0.0218,0.14819001778459273,0.57,0.8556288707523761
0.36271900853261546,8.3e-5,7.782697243327078,-63.113236869237554,-67.8402306567195,1.9282568286927941,1.4390527554911676,0.056543462405345024,0.0024752999999999997,1.0,0.6463310885683259,0.0218,0.14819001778459273,0.57,0.8556288707523761
0.3812720334334112,8.3e-5,9.062169754304335,-63.30310603666632,-68.47996691220813,1.9283723705482,1.7234156222783723,0.06909914823998431,0.0024752999999999997,1.0,0.6655251457853044,0.0218,0.14819001778459273,0.57,0.8556288707523761
0.4,8.3e-5,10.480300694072582,-63.55409849127111,-69.18903238209225,1.9280809445195932,1.9716569956627636,0.08044290153692346,0.0024752999999999997,1.0,0.684719203002283,0.0218,0.14819001778459273,0.57,0.8556288707523761
0.24000000000000005,8.4e-5,12.682555621161555,-66.62304468604201,-70.29015984563674,1.4496438989516172,-1.252127206375222,-0.030495548543427287,0.0024752999999999997,1.0,0.5119726880494763,0.0218,0.14819001778459273,0.57,0.8556288707523761
0.256582440274312,8.4e-5,10.482652758148362,-65.96536835689972,-69.19020841413014,1.4558585791153067,-0.8156074837815169,-0.017269359977349408,0.0024752999999999997,1.0,0.5311667452664548,0.0218,0.14819001778459273,0.57,0.8556288707523761
0.27352354813649893,8.4e-5,8.952507131980212,-65.44758507742647,-68.42513560104607,1.4624698653866308,-0.3890277568482856,-0.0035301960237743013,0.0024752999999999997,1.0,0.5503608024834333,0.0218,0.14819001778459273,0.57,0.8556288707523761
0.29079836143387255,8.4e-5,8.083724195825795,-65.0782572109912,-67.99074413296886,1.469514996297938,0.023646884234667636,0.010533208779787029,0.0024752999999999997,1.0,0.5695548597004119,0.0218,0.14819001778459273,0.57,0.8556288707523761
0.3083814263100086,8.4e-5,7.843221934068168,-64.85965185392287,-67.87049300209004,1.4770537314559455,0.41839482101196435,0.024703059900730295,0.0024752999999999997,1.0,0.5887489169173903,0.0218,0.14819001778459273,0.57,0.8556288707523761
0.3262468347101488,8.4e-5,8.017860213300565,-63.89281904945224,-67.95781214170624,1.962425006300559,0.7835393638340385,0.027591293005847062,0.0024752999999999997,1.0,0.6079429741343689,0.0218,0.14819001778459273,0.57,0.8556288707523761
0.34436826255584724,8.4e-5,8.987733044825433,-64.84665910943666,-68.44274855746868,1.4939283889311779,1.1381636614884292,0.05237167175840329,0.0024752999999999997,1.0,0.6271370313513474,0.0218,0.14819001778459273,0.57,0.8556288707523761
0.36271900853261546,8.4e-5,9.816948125655216,-64.03741404856784,-68.85735609788357,1.9684582192157598,1.4491776955765565,0.05433182210152554,0.0024752999999999997,1.0,0.6463310885683259,0.0218,0.14819001778459273,0.57,0.8556288707523761
0.3812720334334112,8.4e-5,11.174179858070943,-64.25799906798719,-69.53597196409143,1.9705792200667136,1.734307638561559,0.06648524298883451,0.0024752999999999997,1.0,0.6655251457853044,0.0218,0.14819001778459273,0.57,0.8556288707523761
0.4,8.4e-5,12.662394765889701,-64.53651799999932,-70.28007941800081,1.9720040812284012,1.9832756730078491,0.07744956906375577,0.0024752999999999997,1.0,0.684719203002283,0.0218,0.14819001778459273,0.57,0.8556288707523761
0.24000000000000005,8.5e-5,14.863396928169038,-66.83218746943129,-71.38058049914048,1.9622711090140248,-1.2575125485141085,-0.03929262605595146,0.0024752999999999997,1.0,0.5119726880494763,0.0218,0.14819001778459273,0.57,0.8556288707523761
0.256582440274312,8.5e-5,12.712389544294808,-67.05331521880365,-70.30507680720336,1.4750844624273232,-0.8140691991643909,-0.01326504365106701,0.0024752999999999997,1.0,0.5311667452664548,0.0218,0.14819001778459273,0.57,0.8556288707523761
0.27352354813649893,8.5e-5,11.333187337331083,-66.60552061265719,-69.6154757037215,1.4848711248727395,-0.3874630049062694,0.000515340000152853,0.0024752999999999997,1.0,0.5503608024834333,0.0218,0.14819001778459273,0.57,0.8556288707523761
0.29079836143387255,8.5e-5,10.613788975012255,-66.30297013850488,-69.25577652256209,1.4966770913113683,0.02510195174445974,0.014561831298733896,0.0024752999999999997,1.0,0.5695548597004119,0.0218,0.14819001778459273,0.57,0.8556288707523761
0.3083814263100086,8.5e-5,10.518631391231281,-66.14381344561016,-69.2081977306716,1.5125929820752384,0.4193932477077011,0.02860006159963302,0.0024752999999999997,1.0,0.5887489169173903,0.0218,0.14819001778459273,0.57,0.8556288707523761
0.3262468347101488,8.5e-5,10.396588242419938,-64.99953410376389,-69.14717615626593,2.0016688388121135,0.7897250282572144,0.028508031522368693,0.0024752999999999997,1.0,0.6079429741343689,0.0218,0.14819001778459273,0.57,0.8556288707523761
0.34436826255584724,8.5e-5,11.21845378326259,-65.0581566213189,-69.55810892668725,2.010087623177487,1.1377662384728293,0.04200650124545435,0.0024752999999999997,1.0,0.6271370313513474,0.0218,0.14819001778459273,0.57,0.8556288707523761
0.36271900853261546,8.5e-5,12.420184775214665,-65.22974929424424,-70.15897442266329,2.0179831977122777,1.4564524455375236,0.05483410949605638,0.0024752999999999997,1.0,0.6463310885683259,0.0218,0.14819001778459273,0.57,0.8556288707523761
0.3812720334334112,8.5e-5,13.878195451612186,-65.48845382645557,-70.88797976086205,2.0246461560669875,1.742102025444934,0.0667706237844159,0.0024752999999999997,1.0,0.6655251457853044,0.0218,0.14819001778459273,0.57,0.8556288707523761
0.4,8.5e-5,15.675222687332507,-64.43037449273939,-71.78649337872221,2.665363837489673,1.985732368999203,0.08010768926332057,0.0024752999999999997,1.0,0.684719203002283,0.0218,0.14819001778459273,0.57,0.8556288707523761
0.24000000000000005,8.6e-5,17.208533104109478,-68.83179059711115,-72.5531485871107,1.4873982818277784,-1.2511682487731508,-0.021212417775081926,0.0024752999999999997,1.0,0.5119726880494763,0.0218,0.14819001778459273,0.57,0.8556288707523761
0.256582440274312,8.6e-5,14.951729493139084,-67.26118984896479,-71.4247467816255,1.998313882391542,-0.8178723300649483,-0.023030157450057154,0.0024752999999999997,1.0,0.5311667452664548,0.0218,0.14819001778459273,0.57,0.8556288707523761
0.27352354813649893,8.6e-5,14.130164258310629,-67.9326785702182,-71.01396416421127,1.5315356470256618,-0.38990948359722094,0.005525505919831253,0.0024752999999999997,1.0,0.5503608024834333,0.0218,0.14819001778459273,0.57,0.8556288707523761
0.29079836143387255,8.6e-5,12.877708274242735,-66.49603111574409,-70.38773617217733,2.0292661817031714,0.023420763982464135,0.004431067660436883,0.0024752999999999997,1.0,0.5695548597004119,0.0218,0.14819001778459273,0.57,0.8556288707523761
0.3083814263100086,8.6e-5,13.04377251517161,-64.99469286015554,-70.47076829264176,2.6669654030388346,0.4177392242650486,0.016352094455477917,0.0024752999999999997,1.0,0.5887489169173903,0.0218,0.14819001778459273,0.57,0.8556288707523761
0.3262468347101488,8.6e-5,13.369811060192575,-64.91084841029269,-70.63378756515225,2.674510739894701,0.7924205117424856,0.03031909071985217,0.0024752999999999997,1.0,0.6079429741343689,0.0218,0.14819001778459273,0.57,0.8556288707523761
0.34436826255584724,8.6e-5,14.181886670448677,-64.96247386472056,-71.0398253702803,2.680879822637657,1.1413352019529401,0.04395097818077476,0.0024752999999999997,1.0,0.6271370313513474,0.0218,0.14819001778459273,0.57,0.8556288707523761
0.36271900853261546,8.6e-5,15.56954950683101,-66.65903487576122,-71.73365678847146,2.0855834429063895,1.4610424989090618,0.05986533367660174,0.0024752999999999997,1.0,0.6463310885683259,0.0218,0.14819001778459273,0.57,0.8556288707523761
0.3812720334334112,8.6e-5,16.824228625755893,-65.38343819677098,-72.3609963479339,2.6903252256851187,1.7470907640679008,0.06906919050479376,0.0024752999999999997,1.0,0.6655251457853044,0.0218,0.14819001778459273,0.57,0.8556288707523761
0.4,8.6e-5,18.39568408391486,-65.69245064005482,-73.14672407701339,2.693478221984816,1.9971934300747842,0.07999391299471093,0.0024752999999999997,1.0,0.684719203002283,0.0218,0.14819001778459273,0.57,0.8556288707523761
0.24000000000000005,8.7e-5,19.95826558290173,-67.81681818184362,-73.92801482650682,2.642129098531423,-1.2556300297233922,-0.03473892120131011,0.0024752999999999997,1.0,0.5119726880494763,0.0218,0.14819001778459273,0.57,0.8556288707523761
0.256582440274312,8.7e-5,17.61382436167125,-68.51350214583513,-72.75579421589158,2.037559352287604,-0.8173100277993881,-0.01736380488938699,0.0024752999999999997,1.0,0.5311667452664548,0.0218,0.14819001778459273,0.57,0.8556288707523761
0.27352354813649893,8.7e-5,16.425744271218207,-68.11366169183735,-72.16175417066506,2.0686384407493876,-0.38984562923365423,-0.0029205019100482787,0.0024752999999999997,1.0,0.5503608024834333,0.0218,0.14819001778459273,0.57,0.8556288707523761
0.29079836143387255,8.7e-5,16.654225904263427,-65.94346624601384,-72.27599498718767,2.9999976655601994,0.011451834099052347,0.005465839311897591,0.0024752999999999997,1.0,0.5695548597004119,0.0218,0.14819001778459273,0.57,0.8556288707523761
0.3083814263100086,8.7e-5,15.724463711256874,-66.27762157248611,-71.8111138906844,2.687587411605607,0.4229872301841263,0.01944863595806179,0.0024752999999999997,1.0,0.5887489169173903,0.0218,0.14819001778459273,0.57,0.8556288707523761
0.3262468347101488,8.7e-5,16.196817837385225,-66.25891625213677,-72.04729095374857,2.697196443247326,0.7980854623915817,0.033305742433085817,0.0024752999999999997,1.0,0.6079429741343689,0.0218,0.14819001778459273,0.57,0.8556288707523761
0.34436826255584724,8.7e-5,17.149278050831356,-66.37121471752302,-72.52352106047164,2.706125103718207,1.1474141643044953,0.04676967644106478,0.0024752999999999997,1.0,0.6271370313513474,0.0218,0.14819001778459273,0.57,0.8556288707523761
0.36271900853261546,8.7e-5,19.251327366009434,-68.36732362017352,-73.57454571806068,2.1477361268398165,1.4617569499628271,0.06945804365498787,0.0024752999999999997,1.0,0.6463310885683259,0.0218,0.14819001778459273,0.57,0.8556288707523761
0.3812720334334112,8.7e-5,20.045599737789814,-66.89699606193244,-73.97168190395087,2.721809617689581,1.7539052838202418,0.07141642218146538,0.0024752999999999997,1.0,0.6655251457853044,0.0218,0.14819001778459273,0.57,0.8556288707523761
0.4,8.7e-5,21.72610042289773,-67.24880191395569,-74.81193224650482,2.7284128253992046,2.0042663931769686,0.08207557525777598,0.0024752999999999997,1.0,0.684719203002283,0.0218,0.14819001778459273,0.57,0.8556288707523761
0.24000000000000005,8.8e-5,22.29515251866104,-70.33805593393458,-75.09645829438648,2.0672568455295197,-1.256309480597171,-0.023209327626007192,0.0024752999999999997,1.0,0.5119726880494763,0.0218,0.14819001778459273,0.57,0.8556288707523761
0.256582440274312,8.8e-5,20.637867083483144,-69.88094267059579,-74.26781557679753,2.1066440569863754,-0.8190581695402881,-0.00842251624442969,0.0024752999999999997,1.0,0.5311667452664548,0.0218,0.14819001778459273,0.57,0.8556288707523761
0.27352354813649893,8.8e-5,20.01517339721127,-67.54416220778701,-73.9564687336616,2.999995433154263,-0.39962495958829103,-0.003494165818241801,0.0024752999999999997,1.0,0.5503608024834333,0.0218,0.14819001778459273,0.57,0.8556288707523761
0.29079836143387255,8.8e-5,18.795085919093992,-67.87130478868445,-73.34642499460296,2.6989815815927054,0.02825755798963784,0.010312317727458997,0.0024752999999999997,1.0,0.5695548597004119,0.0218,0.14819001778459273,0.57,0.8556288707523761
0.3083814263100086,8.8e-5,18.87903348384293,-67.77844388249382,-73.38839877697743,2.715520999172218,0.42534121308090234,0.024278043923795067,0.0024752999999999997,1.0,0.5887489169173903,0.0218,0.14819001778459273,0.57,0.8556288707523761
0.3262468347101488,8.8e-5,19.521939171492875,-67.82109377188623,-73.7098516208024,2.733454060462924,0.8005025001174637,0.038008935557873325,0.0024752999999999997,1.0,0.6079429741343689,0.0218,0.14819001778459273,0.57,0.8556288707523761
0.34436826255584724,8.8e-5,20.63594146475404,-67.98695004348816,-74.26685276743298,2.751906365903667,1.1497288622591464,0.05126451739421567,0.0024752999999999997,1.0,0.6271370313513474,0.0218,0.14819001778459273,0.57,0.8556288707523761
0.36271900853261546,8.8e-5,22.11072208523055,-68.25712214478942,-75.00424307767123,2.769620901166827,1.4691839861319882,0.06383457384877,0.0024752999999999997,1.0,0.6463310885683259,0.0218,0.14819001778459273,0.57,0.8556288707523761
0.3812720334334112,8.8e-5,23.81801803290989,-68.60356800018616,-75.8578910515109,2.786144415849314,1.7553076802100538,0.07549257619931682,0.0024752999999999997,1.0,0.6655251457853044,0.0218,0.14819001778459273,0.57,0.8556288707523761
0.4,8.8e-5,25.618002962825983,-68.99105118087859,-76.75788351646895,2.8016731572945304,2.0048321242436375,0.08601142907268466,0.0024752999999999997,1.0,0.684719203002283,0.0218,0.14819001778459273,0.57,0.8556288707523761
0.24000000000000005,8.900000000000001e-5,25.17879377330803,-70.35663059070345,-76.53827892170997,2.6693347644527914,-1.254196249723313,-0.024501538567267445,0.0024752999999999997,1.0,0.5119726880494763,0.0218,0.14819001778459273,0.57,0.8556288707523761
0.256582440274312,8.900000000000001e-5,23.988362870063696,-71.44314292833114,-75.94306347008781,2.158334223955323,-0.8224926241248092,0.0020034119847525123,0.0024752999999999997,1.0,0.5311667452664548,0.0218,0.14819001778459273,0.57,0.8556288707523761
0.27352354813649893,8.900000000000001e-5,22.529795867561347,-69.62347356559329,-75.21377996883663,2.7140203312141913,-0.38699625807740967,0.002630827666036395,0.0024752999999999997,1.0,0.5503608024834333,0.0218,0.14819001778459273,0.57,0.8556288707523761
0.29079836143387255,8.900000000000001e-5,22.19207428945242,-69.4298547704891,-75.04491917978217,2.7503477022143037,0.027856615621080504,0.016466627654301513,0.0024752999999999997,1.0,0.5695548597004119,0.0218,0.14819001778459273,0.57,0.8556288707523761
0.3083814263100086,8.900000000000001e-5,22.467425634928702,-69.39734365074952,-75.18259485252031,2.779465140082997,0.4244238378416178,0.03047421916133941,0.0024752999999999997,1.0,0.5887489169173903,0.0218,0.14819001778459273,0.57,0.8556288707523761
0.3262468347101488,8.900000000000001e-5,23.495933330109665,-69.0566830285561,-75.69684870011079,2.999978703462984,0.784550047735107,0.04623203101739326,0.0024752999999999997,1.0,0.6079429741343689,0.0218,0.14819001778459273,0.57,0.8556288707523761
0.34436826255584724,8.900000000000001e-5,24.581312236663877,-69.77059681838159,-76.2395381533879,2.820870123171881,1.1470109300839646,0.05820220744220728,0.0024752999999999997,1.0,0.6271370313513474,0.0218,0.14819001778459273,0.57,0.8556288707523761
0.36271900853261546,8.900000000000001e-5,26.21757432241165,-70.11593160342834,-77.05766919626178,2.841021372869022,1.4653096601372395,0.07128370679533813,0.0024752999999999997,1.0,0.6463310885683259,0.0218,0.14819001778459273,0.57,0.8556288707523761
0.3812720334334112,8.900000000000001e-5,28.07055669661355,-70.51699840123457,-77.98416038336273,2.8648920507929905,1.7497934612641182,0.08344709169016395,0.0024752999999999997,1.0,0.6655251457853044,0.0218,0.14819001778459273,0.57,0.8556288707523761
0.4,8.900000000000001e-5,29.995636664585277,-70.89649026340567,-78.9467003673486,2.9072741409143474,1.995804833389231,0.09454590461155044,0.0024752999999999997,1.0,0.684719203002283,0.0218,0.14819001778459273,0.57,0.8556288707523761
0.24000000000000005,9.0e-5,28.289404718361453,-71.85259097273331,-78.09358439423669,2.6904441749570007,-1.2564062400234635,-0.017470415901766012,0.0024752999999999997,1.0,0.5119726880494763,0.0218,0.14819001778459273,0.57,0.8556288707523761
0.256582440274312,9.0e-5,26.853276337973767,-71.41699068655616,-77.37552020404284,2.7538347152819833,-0.8176264742560501,-0.004175482188593038,0.0024752999999999997,1.0,0.5311667452664548,0.0218,0.14819001778459273,0.57,0.8556288707523761
0.27352354813649893,9.0e-5,26.07409127119206,-71.18204560901923,-76.98592767065199,2.791245110827048,-0.3895824817324703,0.009916789722707264,0.0024752999999999997,1.0,0.5503608024834333,0.0218,0.14819001778459273,0.57,0.8556288707523761
0.29079836143387255,9.0e-5,25.946879287531004,-71.13016184580165,-76.92232167882146,2.814035464453901,0.024160429601851628,0.024566324482471646,0.0024752999999999997,1.0,0.5695548597004119,0.0218,0.14819001778459273,0.57,0.8556288707523761
0.3083814263100086,9.0e-5,26.432398304638753,-71.22625101105984,-77.16508118737534,2.83487843119543,0.4197431220367286,0.03937855498427656,0.0024752999999999997,1.0,0.5887489169173903,0.0218,0.14819001778459273,0.57,0.8556288707523761
0.3262468347101488,9.0e-5,27.462630340776855,-71.4484268921234,-77.68019720544439,2.858280462257351,0.792989962889255,0.05406458488743704,0.0024752999999999997,1.0,0.6079429741343689,0.0218,0.14819001778459273,0.57,0.8556288707523761
0.34436826255584724,9.0e-5,28.946550697684813,-71.45063253060246,-78.42215738389837,2.999454004980485,1.1319827887921035,0.06984071297828931,0.0024752999999999997,1.0,0.6271370313513474,0.0218,0.14819001778459273,0.57,0.8556288707523761
0.36271900853261546,9.0e-5,30.72393223642962,-71.92596998617896,-79.31084815327077,2.9998270501370863,1.4511559733442372,0.08332788290927573,0.0024752999999999997,1.0,0.6463310885683259,0.0218,0.14819001778459273,0.57,0.8556288707523761
0.3812720334334112,9.0e-5,32.71351462136184,-72.4639304390967,-80.30563934573688,2.999999610673734,1.7373772776115761,0.09576874602444063,0.0024752999999999997,1.0,0.6655251457853044,0.0218,0.14819001778459273,0.57,0.8556288707523761
0.4,9.0e-5,34.76976279814059,-73.0264741172222,-81.33376343412625,2.9999958627233148,1.9873759364987582,0.10706953830842303,0.0024752999999999997,1.0,0.684719203002283,0.0218,0.14819001778459273,0.57,0.8556288707523761
0.24000000000000005,9.1e-5,31.673214852794985,-73.27440734279033,-79.78548946145345,2.787772309309229,-1.2591860245008082,-0.00998288801170899,0.0024752999999999997,1.0,0.5119726880494763,0.0218,0.14819001778459273,0.57,0.8556288707523761
0.256582440274312,9.1e-5,30.461184464438105,-73.05104332127921,-79.17947426727501,2.813562370746312,-0.8220634607104284,0.0045199834372962044,0.0024752999999999997,1.0,0.5311667452664548,0.0218,0.14819001778459273,0.57,0.8556288707523761
0.27352354813649893,9.1e-5,29.919220605645364,-72.97869077262409,-78.90849233787864,2.835240107400839,-0.3950649559477415,0.019558675473447917,0.0024752999999999997,1.0,0.5503608024834333,0.0218,0.14819001778459273,0.57,0.8556288707523761
0.29079836143387255,9.1e-5,30.02932703952831,-73.04315665249385,-78.96354555482012,2.859287728595631,0.01763931059291712,0.035017679532756474,0.0024752999999999997,1.0,0.5695548597004119,0.0218,0.14819001778459273,0.57,0.8556288707523761
0.3083814263100086,9.1e-5,30.744057998730966,-73.1950570300637,-79.32091103442144,2.90128448451353,0.41148025974495017,0.05056382888954358,0.0024752999999999997,1.0,0.5887489169173903,0.0218,0.14819001778459273,0.57,0.8556288707523761
0.3262468347101488,9.1e-5,31.96133969572213,-73.29303712551183,-79.92955188291702,2.999987728313373,0.7798479340889228,0.06696022814812286,0.0024752999999999997,1.0,0.6079429741343689,0.0218,0.14819001778459273,0.57,0.8556288707523761
0.34436826255584724,9.1e-5,33.62255207268831,-73.79112089220656,-80.76015807140011,2.9999971145245947,1.1283400758434545,0.08164846786526403,0.0024752999999999997,1.0,0.6271370313513474,0.0218,0.14819001778459273,0.57,0.8556288707523761
0.36271900853261546,9.1e-5,35.616923420509295,-74.3772462447472,-81.7573437453106,2.9999998286223692,1.4474998048068166,0.09556228539217404,0.0024752999999999997,1.0,0.6463310885683259,0.0218,0.14819001778459273,0.57,0.8556288707523761
0.3812720334334112,9.1e-5,37.80664347652447,-75.01700984169291,-82.8522037733182,2.9999989060618613,1.7336245505879897,0.1085057056680292,0.0024752999999999997,1.0,0.6655251457853044,0.0218,0.14819001778459273,0.57,0.8556288707523761
0.4,9.1e-5,40.04215421845109,-75.67030539200935,-83.9699591442815,2.9999997601628214,1.983524287497011,0.11991804896004488,0.0024752999999999997,1.0,0.684719203002283,0.0218,0.14819001778459273,0.57,0.8556288707523761
0.24000000000000005,9.2e-5,35.27899822526297,-74.96402114145965,-81.58838114768744,2.8256123965230695,-1.264790201019101,-0.0004105129602886004,0.0024752999999999997,1.0,0.5119726880494763,0.0218,0.14819001778459273,0.57,0.8556288707523761
0.256582440274312,9.2e-5,34.32435824670509,-74.87785739217017,-81.1110611584085,2.8486665097948807,-0.8285929664032421,0.01497098971035371,0.0024752999999999997,1.0,0.5311667452664548,0.0218,0.14819001778459273,0.57,0.8556288707523761
0.27352354813649893,9.2e-5,34.0393341540308,-74.9123510204147,-80.96854911207136,2.8783954497606024,-0.40285912380630845,0.030858190142333597,0.0024752999999999997,1.0,0.5503608024834333,0.0218,0.14819001778459273,0.57,0.8556288707523761
0.29079836143387255,9.2e-5,34.390136727589066,-74.81149961570027,-81.14395039885049,2.999990112750532,0.004532683829724648,0.047934631312022136,0.0024752999999999997,1.0,0.5695548597004119,0.0218,0.14819001778459273,0.57,0.8556288707523761
0.3083814263100086,9.2e-5,35.31551189855924,-75.19390037834178,-81.60663798433558,2.9999994149372853,0.4006724071941317,0.06419364077801237,0.0024752999999999997,1.0,0.5887489169173903,0.0218,0.14819001778459273,0.57,0.8556288707523761
0.3262468347101488,9.2e-5,36.782597907500275,-75.7080635724957,-82.3401809888061,2.999999445386567,0.7741432786146756,0.07994536829417775,0.0024752999999999997,1.0,0.6079429741343689,0.0218,0.14819001778459273,0.57,0.8556288707523761
0.34436826255584724,9.2e-5,38.69171845297993,-76.33235043121316,-83.29474126154592,2.9999960178604845,1.122437173747366,0.09524629264280926,0.0024752999999999997,1.0,0.6271370313513474,0.0218,0.14819001778459273,0.57,0.8556288707523761
0.36271900853261546,9.2e-5,40.919632160639196,-77.03747886749306,-84.40869811537556,2.9999945234328824,1.4413642879788966,0.10969408087368693,0.0024752999999999997,1.0,0.6463310885683259,0.0218,0.14819001778459273,0.57,0.8556288707523761
0.3812720334334112,9.2e-5,43.32443062215691,-77.78673027299757,-85.61109734613441,2.999999902563192,1.7273663150639826,0.12308335665948733,0.0024752999999999997,1.0,0.6655251457853044,0.0218,0.14819001778459273,0.57,0.8556288707523761
0.4,9.2e-5,45.7524943241653,-78.5381875264127,-86.82512919713861,2.9999997983704536,1.9771050065062985,0.1350487736361562,0.0024752999999999997,1.0,0.684719203002283,0.0218,0.14819001778459273,0.57,0.8556288707523761
0.24000000000000005,9.300000000000001e-5,39.08836611443232,-76.77635938970816,-83.49306509227212,2.8550095952911856,-1.2717669878741102,0.010249749880783865,0.0024752999999999997,1.0,0.5119726880494763,0.0218,0.14819001778459273,0.57,0.8556288707523761
0.256582440274312,9.300000000000001e-5,38.443583755896384,-76.48471757955717,-83.17067391300415,2.999870926857136,-0.8412768537256216,0.02749061619544979,0.0024752999999999997,1.0,0.5311667452664548,0.0218,0.14819001778459273,0.57,0.8556288707523761
0.27352354813649893,9.300000000000001e-5,38.37754595302144,-76.71916752770548,-83.13765501156668,2.999998282649407,-0.41478298825556836,0.044081629127016075,0.0024752999999999997,1.0,0.5503608024834333,0.0218,0.14819001778459273,0.57,0.8556288707523761
0.29079836143387255,9.300000000000001e-5,38.97200346918939,-77.10242824300899,-83.43488376965065,2.9999944345558807,-0.0020252012963602028,0.06094938443197395,0.0024752999999999997,1.0,0.5695548597004119,0.0218,0.14819001778459273,0.57,0.8556288707523761
0.3083814263100086,9.300000000000001e-5,40.177683341895744,-77.62795596021986,-84.03772370600383,2.9999997702983303,0.39318764642484444,0.0777201449406073,0.0024752999999999997,1.0,0.5887489169173903,0.0218,0.14819001778459273,0.57,0.8556288707523761
0.3262468347101488,9.300000000000001e-5,41.917702035493335,-78.28136217488306,-84.90773305280263,2.9999998370216194,0.7666827174474435,0.09428448155145419,0.0024752999999999997,1.0,0.6079429741343689,0.0218,0.14819001778459273,0.57,0.8556288707523761
0.34436826255584724,9.300000000000001e-5,44.08849051365476,-79.03943462164591,-85.99312729188334,2.9999966853916167,1.1146590885276868,0.11025593848154647,0.0024752999999999997,1.0,0.6271370313513474,0.0218,0.14819001778459273,0.57,0.8556288707523761
0.36271900853261546,9.300000000000001e-5,46.56267034598184,-79.87095956203048,-87.23021720804688,2.999998597313062,1.43303292484007,0.1254332419888755,0.0024752999999999997,1.0,0.6463310885683259,0.0218,0.14819001778459273,0.57,0.8556288707523761
0.3812720334334112,9.300000000000001e-5,49.194097035296664,-80.73616740159957,-88.54593055270429,2.999998802636971,1.7188929989703785,0.13923382643062143,0.0024752999999999997,1.0,0.6655251457853044,0.0218,0.14819001778459273,0.57,0.8556288707523761
0.4,9.300000000000001e-5,51.82487050488595,-81.59136413528131,-89.86131728749893,2.9999998889805353,1.9684934914993317,0.15174596316013256,0.0024752999999999997,1.0,0.684719203002283,0.0218,0.14819001778459273,0.57,0.8556288707523761
0.24000000000000005,9.4e-5,43.05954451411665,-78.67418426733921,-85.47865429211429,2.8821491881063053,-1.2795373236336294,0.021373933034060655,0.0024752999999999997,1.0,0.5119726880494763,0.0218,0.14819001778459273,0.57,0.8556288707523761
0.256582440274312,9.4e-5,42.657077242581096,-78.58540074187698,-85.27742065634651,2.9999999804257653,-0.8479974067812255,0.03952945100188687,0.0024752999999999997,1.0,0.5311667452664548,0.0218,0.14819001778459273,0.57,0.8556288707523761
0.27352354813649893,9.4e-5,42.88739658169365,-78.97103526937829,-85.39258032590278,2.999999421421028,-0.4220820299961777,0.05692999696167833,0.0024752999999999997,1.0,0.5503608024834333,0.0218,0.14819001778459273,0.57,0.8556288707523761
0.29079836143387255,9.4e-5,43.77730130716546,-79.5050164018377,-85.83753268863869,2.999999732571804,-0.009686779356142488,0.07457481894971896,0.0024752999999999997,1.0,0.5695548597004119,0.0218,0.14819001778459273,0.57,0.8556288707523761
0.3083814263100086,9.4e-5,45.27417018961745,-80.17938322547671,-86.58596712986468,2.9999998649862802,0.3850042524199446,0.09220491890995453,0.0024752999999999997,1.0,0.5887489169173903,0.0218,0.14819001778459273,0.57,0.8556288707523761
0.3262468347101488,9.4e-5,47.297421045835335,-80.97778966461593,-87.59759255797363,2.999999296633794,0.7580696949722631,0.10949850967458308,0.0024752999999999997,1.0,0.6079429741343689,0.0218,0.14819001778459273,0.57,0.8556288707523761
0.34436826255584724,9.4e-5,49.7395279541075,-81.87508334338888,-88.81864601210971,2.9999770517508666,1.1055870304652862,0.12619866968451565,0.0024752999999999997,1.0,0.6271370313513474,0.0218,0.14819001778459273,0.57,0.8556288707523761
0.36271900853261546,9.4e-5,52.468726125927645,-82.83714558839517,-90.18324509801978,2.9999999009201455,1.4238185520815323,0.1419638884370309,0.0024752999999999997,1.0,0.6463310885683259,0.0218,0.14819001778459273,0.57,0.8556288707523761
0.3812720334334112,9.4e-5,55.334667244167946,-83.82307001999993,-91.61621565713993,2.9999973471977195,1.7092006455094344,0.15657103790064109,0.0024752999999999997,1.0,0.6655251457853044,0.0218,0.14819001778459273,0.57,0.8556288707523761
0.4,9.4e-5,58.17502815720627,-84.78639671884322,-93.0363961136591,2.999999930359942,1.9583306316848823,0.16957174986232948,0.0024752999999999997,1.0,0.684719203002283,0.0218,0.14819001778459273,0.57,0.8556288707523761
0.24000000000000005,9.5e-5,47.15044296879228,-80.64702623340155,-87.5241035194521,2.903723771807352,-1.2874791200890245,0.032678518674456924,0.0024752999999999997,1.0,0.5119726880494763,0.0218,0.14819001778459273,0.57,0.8556288707523761
0.256582440274312,9.5e-5,47.01597432785462,-80.75871758495151,-87.45686919898327,2.999999999999953,-0.8551975699141089,0.05190594148145389,0.0024752999999999997,1.0,0.5311667452664548,0.0218,0.14819001778459273,0.57,0.8556288707523761
0.27352354813649893,9.5e-5,47.54995151878725,-81.29904732845452,-87.72385779444959,2.999999820818831,-0.4297460443102559,0.07014368141308147,0.0024752999999999997,1.0,0.5503608024834333,0.0218,0.14819001778459273,0.57,0.8556288707523761
0.29079836143387255,9.5e-5,48.74221532699883,-81.98737293332593,-88.31998969855537,2.999995274627436,-0.017931486138957585,0.0885601316265292,0.0024752999999999997,1.0,0.5695548597004119,0.0218,0.14819001778459273,0.57,0.8556288707523761
0.3083814263100086,9.5e-5,50.53673709716955,-82.81401479429634,-89.21725058364073,2.999999854727193,0.37620753029253184,0.10706514085891228,0.0024752999999999997,1.0,0.5887489169173903,0.0218,0.14819001778459273,0.57,0.8556288707523761
0.3262468347101488,9.5e-5,52.849206100858,-83.76068249031117,-90.37348508548496,2.999999999899573,0.7487755648212291,0.12515942254074874,0.0024752999999999997,1.0,0.6079429741343689,0.0218,0.14819001778459273,0.57,0.8556288707523761
0.34436826255584724,9.5e-5,55.56798267752123,-84.79981477307052,-91.73287337381657,2.999999440871004,1.0959836731397876,0.142491530380344,0.0024752999999999997,1.0,0.6271370313513474,0.0218,0.14819001778459273,0.57,0.8556288707523761
0.36271900853261546,9.5e-5,58.55717951622685,-85.89585848149493,-93.22747179316939,2.999997926576049,1.413611940884604,0.15906500620199726,0.0024752999999999997,1.0,0.6463310885683259,0.0218,0.14819001778459273,0.57,0.8556288707523761
0.3812720334334112,9.5e-5,61.66186329085093,-87.00445172262192,-94.77981368048142,2.9999994396764977,1.6987604107651308,0.17430347325745965,0.0024752999999999997,1.0,0.6655251457853044,0.0218,0.14819001778459273,0.57,0.8556288707523761
0.4,9.5e-5,64.71542747652364,-88.07819267608583,-96.30659577331778,2.999999026562083,1.9472728855026096,0.18786275260744767,0.0024752999999999997,1.0,0.684719203002283,0.0218,0.14819001778459273,0.57,0.8556288707523761
0.24000000000000005,9.6e-5,51.31781679275733,-82.65366558629927,-89.60779043143462,2.926625223640708,-1.2954436097892825,0.044119213972136584,0.0024752999999999997,1.0,0.5119726880494763,0.0218,0.14819001778459273,0.57,0.8556288707523761
0.256582440274312,9.6e-5,51.46543010279507,-82.97717246416151,-89.6815970864535,2.999999999999403,-0.8625015362947179,0.06435023191727196,0.0024752999999999997,1.0,0.5311667452664548,0.0218,0.14819001778459273,0.57,0.8556288707523761
0.27352354813649893,9.6e-5,52.30612869011287,-83.67372067937393,-90.1019463801124,2.999999771080998,-0.43762133233436773,0.08345329194800011,0.0024752999999999997,1.0,0.5503608024834333,0.0218,0.14819001778459273,0.57,0.8556288707523761
0.29079836143387255,9.6e-5,53.80342649289656,-84.51777816002222,-90.85059528150424,2.9999997955197015,-0.026365230304489895,0.10273509864879071,0.0024752999999999997,1.0,0.5695548597004119,0.0218,0.14819001778459273,0.57,0.8556288707523761
0.3083814263100086,9.6e-5,55.897916136170664,-85.49792199177591,-91.89784010314129,2.9999998628333464,0.3672828627282905,0.12198894419068307,0.0024752999999999997,1.0,0.5887489169173903,0.0218,0.14819001778459273,0.57,0.8556288707523761
0.3262468347101488,9.6e-5,58.50151149479518,-86.59384268966758,-93.19963778245355,2.999999999999953,0.7393577220097323,0.14088879529519294,0.0024752999999999997,1.0,0.6079429741343689,0.0218,0.14819001778459273,0.57,0.8556288707523761
0.34436826255584724,9.6e-5,61.498531265032284,-87.7761479842048,-94.6981476675721,2.999998531491375,1.0858488998509008,0.15905815117669841,0.0024752999999999997,1.0,0.6271370313513474,0.0218,0.14819001778459273,0.57,0.8556288707523761
0.36271900853261546,9.6e-5,64.74880381530213,-89.00625142750636,-96.32328394270702,2.999999885391302,1.4032552774091853,0.1763212127449365,0.0024752999999999997,1.0,0.6463310885683259,0.0218,0.14819001778459273,0.57,0.8556288707523761
0.3812720334334112,9.6e-5,68.09304820055138,-90.23843085104653,-97.99540613533165,2.9999999304053095,1.687901253528059,0.1920697783383949,0.0024752999999999997,1.0,0.6655251457853044,0.0218,0.14819001778459273,0.57,0.8556288707523761
0.4,9.6e-5,71.36029352597453,-91.42163079160886,-99.62902879804322,2.9999999365668044,1.9364545047563324,0.20628848757627538,0.0024752999999999997,1.0,0.684719203002283,0.0218,0.14819001778459273,0.57,0.8556288707523761
0.24000000000000005,9.7e-5,55.49579709778803,-84.51453727328808,-91.69678058394997,2.999999508986737,-1.3036676044630073,0.05719144458251779,0.0024752999999999997,1.0,0.5119726880494763,0.0218,0.14819001778459273,0.57,0.8556288707523761
0.256582440274312,9.7e-5,55.9535486640595,-85.21510850583738,-91.92565636708571,2.9999997176952204,-0.8695729249743582,0.07666008439657213,0.0024752999999999997,1.0,0.5311667452664548,0.0218,0.14819001778459273,0.57,0.8556288707523761
0.27352354813649893,9.7e-5,57.10026081758346,-86.06738870762102,-92.49901244384769,2.9999998371666643,-0.4453179818697538,0.09660129767843773,0.0024752999999999997,1.0,0.5503608024834333,0.0218,0.14819001778459273,0.57,0.8556288707523761
0.29079836143387255,9.7e-5,58.9015169985976,-87.06657468298384,-93.39964053435476,2.9999997412445336,-0.034538540759100754,0.11662753119514235,0.0024752999999999997,1.0,0.5695548597004119,0.0218,0.14819001778459273,0.57,0.8556288707523761
0.3083814263100086,9.7e-5,61.2945340960118,-88.19936068375617,-94.59614908306186,2.9999997772748066,0.35866110813093366,0.136699759906882,0.0024752999999999997,1.0,0.5887489169173903,0.0218,0.14819001778459273,0.57,0.8556288707523761
0.3262468347101488,9.7e-5,64.18751267114035,-89.44355587945003,-96.04263837062614,2.9999999990206585,0.7302223248788501,0.15639312030755392,0.0024752999999999997,1.0,0.6079429741343689,0.0218,0.14819001778459273,0.57,0.8556288707523761
0.34436826255584724,9.7e-5,67.46077118109801,-90.76757332515415,-97.67926762560496,2.9999998950777247,1.0763126339305356,0.1753266963964325,0.0024752999999999997,1.0,0.6271370313513474,0.0218,0.14819001778459273,0.57,0.8556288707523761
0.36271900853261546,9.7e-5,70.96995367542925,-92.13071598336451,-99.43385887277059,2.9999998828422876,1.3933219790420381,0.19318716423524374,0.0024752999999999997,1.0,0.6463310885683259,0.0218,0.14819001778459273,0.57,0.8556288707523761
0.3812720334334112,9.7e-5,74.55147935581809,-93.4853170303008,-101.224621712965,2.999998653111538,1.6774018904784176,0.2097825627244978,0.0024752999999999997,1.0,0.6655251457853044,0.0218,0.14819001778459273,0.57,0.8556288707523761
0.4,9.7e-5,78.03011177303645,-94.77770100365204,-102.96393792157419,2.999999945233203,1.9254957335627303,0.22438904477718924,0.0024752999999999997,1.0,0.684719203002283,0.0218,0.14819001778459273,0.57,0.8556288707523761
0.24000000000000005,9.8e-5,59.67434971585607,-86.59577787236597,-93.78605689298399,2.999999691416228,-1.3098166086371699,0.06829950578224564,0.0024752999999999997,1.0,0.5119726880494763,0.0218,0.14819001778459273,0.57,0.8556288707523761
0.256582440274312,9.8e-5,60.43369901586382,-87.44934239898927,-94.16573154298787,2.9999984539148703,-0.8762689199262992,0.08868230137462307,0.0024752999999999997,1.0,0.5311667452664548,0.0218,0.14819001778459273,0.57,0.8556288707523761
0.27352354813649893,9.8e-5,61.88255201003818,-88.45532840267136,-94.89015804007505,2.9999973964204725,-0.45247602345427307,0.10931051155335536,0.0024752999999999997,1.0,0.5503608024834333,0.0218,0.14819001778459273,0.57,0.8556288707523761
0.29079836143387255,9.8e-5,63.983525036408594,-89.60729137959252,-95.94064455326026,2.9999971199078357,-0.04222894035320486,0.13030142954747914,0.0024752999999999997,1.0,0.5695548597004119,0.0218,0.14819001778459273,0.57,0.8556288707523761
0.3083814263100086,9.8e-5,66.6705097202339,-90.8902240994272,-97.2841368951729,2.999999871294324,0.35055102231867363,0.15102391912773394,0.0024752999999999997,1.0,0.5887489169173903,0.0218,0.14819001778459273,0.57,0.8556288707523761
0.3262468347101488,9.8e-5,69.84808671583517,-92.280085556319,-98.87292539297354,2.999999927333153,0.7216230074168817,0.1714042673402436,0.0024752999999999997,1.0,0.6079429741343689,0.0218,0.14819001778459273,0.57,0.8556288707523761
0.34436826255584724,9.8e-5,73.39266664331029,-93.74316951961124,-100.6452153567111,2.999999924935595,1.067310535931021,0.19108635799328777,0.0024752999999999997,1.0,0.6271370313513474,0.0218,0.14819001778459273,0.57,0.8556288707523761
0.36271900853261546,9.8e-5,77.15581270807047,-95.23705862650081,-102.5267883890912,2.999999700253942,1.3836621622275584,0.2095597279562197,0.0024752999999999997,1.0,0.6463310885683259,0.0218,0.14819001778459273,0.57,0.8556288707523761
0.3812720334334112,9.8e-5,80.96977478701655,-96.71061979222402,-104.43376942856423,2.9999995587224264,1.6677414595400843,0.22663056824382322,0.0024752999999999997,1.0,0.6655251457853044,0.0218,0.14819001778459273,0.57,0.8556288707523761
0.4,9.8e-5,84.65522516266108,-98.10902137736224,-106.2764946163865,2.9999992329530505,1.915727208099539,0.24187864254787372,0.0024752999999999997,1.0,0.684719203002283,0.0218,0.14819001778459273,0.57,0.8556288707523761
0.24000000000000005,9.900000000000001e-5,63.81108124740524,-88.65650488489348,-95.85442265875858,2.999999661788271,-1.3156356762127106,0.07899958737183133,0.0024752999999999997,1.0,0.5119726880494763,0.0218,0.14819001778459273,0.57,0.8556288707523761
0.256582440274312,9.900000000000001e-5,64.86609375673515,-89.66005223657858,-96.38192891342354,2.999999746571503,-0.8825046910833132,0.10002110793804941,0.0024752999999999997,1.0,0.5311667452664548,0.0218,0.14819001778459273,0.57,0.8556288707523761
0.27352354813649893,9.900000000000001e-5,66.61074817258046,-90.81641191930419,-97.25425612134619,2.9999995071306347,-0.4590762647133403,0.12143706405258592,0.0024752999999999997,1.0,0.5503608024834333,0.0218,0.14819001778459273,0.57,0.8556288707523761
0.29079836143387255,9.900000000000001e-5,69.00475986373783,-92.11758524398626,-98.45126196692487,2.999997337094149,-0.04928568583735754,0.14318314362361617,0.0024752999999999997,1.0,0.5695548597004119,0.0218,0.14819001778459273,0.57,0.8556288707523761
0.3083814263100086,9.900000000000001e-5,71.97877552878492,-93.5470047732346,-99.93826979944842,2.999999914418882,0.3429143062596487,0.164706902697221,0.0024752999999999997,1.0,0.5887489169173903,0.0218,0.14819001778459273,0.57,0.8556288707523761
0.3262468347101488,9.900000000000001e-5,75.4338461555304,-95.07867182965282,-101.66580511282116,2.9999998955347555,0.7136713870202164,0.18582206832323844,0.0024752999999999997,1.0,0.6079429741343689,0.0218,0.14819001778459273,0.57,0.8556288707523761
0.34436826255584724,9.900000000000001e-5,79.24260935644187,-96.67707668585041,-103.5701867132769,2.999999920570583,1.0589051831739649,0.2061568520841831,0.0024752999999999997,1.0,0.6271370313513474,0.0218,0.14819001778459273,0.57,0.8556288707523761
0.36271900853261546,9.900000000000001e-5,83.2526926898345,-98.29742482718684,-105.57522837997321,2.9999999271980786,1.3750153446080087,0.22534846499245031,0.0024752999999999997,1.0,0.6463310885683259,0.0218,0.14819001778459273,0.57,0.8556288707523761
0.3812720334334112,9.900000000000001e-5,87.29235261712677,-99.88721169095636,-107.59505834361934,2.999999926232913,1.658539539309115,0.24300210927498522,0.0024752999999999997,1.0,0.6655251457853044,0.0218,0.14819001778459273,0.57,0.8556288707523761
0.4,9.900000000000001e-5,91.17832758574838,-101.38894018624858,-109.53804582793015,2.999999943397039,1.9061141829659956,0.2588219722542765,0.0024752999999999997,1.0,0.684719203002283,0.0218,0.14819001778459273,0.57,0.8556288707523761
0.24000000000000005,0.0001,67.8754801122061,-90.68146888879174,-97.88662209115901,2.9999977086268803,-1.3211282331746663,0.0892797295195209,0.0024752999999999997,1.0,0.5119726880494763,0.0218,0.14819001778459273,0.57,0.8556288707523761
0.256582440274312,0.0001,69.21846692899149,-91.83092632759586,-98.5581154995517,2.9999991829394435,-0.8885059942384022,0.11088977404286737,0.0024752999999999997,1.0,0.5311667452664548,0.0218,0.14819001778459273,0.57,0.8556288707523761
0.27352354813649893,0.0001,71.25085601611434,-93.13353240417347,-99.57431004311313,2.999999681054136,-0.46542115022593156,0.133171319227412,0.0024752999999999997,1.0,0.5503608024834333,0.0218,0.14819001778459273,0.57,0.8556288707523761
0.29079836143387255,0.0001,73.92952334617101,-94.57960456352818,-100.91364370814146,2.999999848596211,-0.05602546896270684,0.15547364791310003,0.0024752999999999997,1.0,0.5695548597004119,0.0218,0.14819001778459273,0.57,0.8556288707523761
0.3083814263100086,0.0001,77.18201125365218,-96.15102105305162,-102.53988766188205,2.9999940022848377,0.33590007359192414,0.1780825132815056,0.0024752999999999997,1.0,0.5887489169173903,0.0218,0.14819001778459273,0.57,0.8556288707523761
0.3262468347101488,0.0001,80.90597612458077,-97.81998101414742,-104.40187009734635,2.9999728651464643,0.7063997666378248,0.1995457587736652,0.0024752999999999997,1.0,0.6079429741343689,0.0218,0.14819001778459273,0.57,0.8556288707523761
0.34436826255584724,0.0001,84.97020966007901,-99.5492805564664,-106.43398686509546,2.999999931222273,1.0509389541965282,0.2204878198168294,0.0024752999999999997,1.0,0.6271370313513474,0.0218,0.14819001778459273,0.57,0.8556288707523761
0.36271900853261546,0.0001,89.21884151895796,-101.29172544146181,-108.55830279453494,2.9999994081577155,1.3668276821614453,0.24026316311030527,0.0024752999999999997,1.0,0.6463310885683259,0.0218,0.14819001778459273,0.57,0.8556288707523761
0.3812720334334112,0.0001,93.4762209158994,-102.99335229887727,-110.68699249300566,2.9999999330046263,1.6499516495195343,0.25851839233927076,0.0024752999999999997,1.0,0.6655251457853044,0.0218,0.14819001778459273,0.57,0.8556288707523761
0.4,0.0001,97.55536714140416,-104.59435841083494,-112.72656560575804,2.999999524594448,1.8972287415603015,0.2748528189447703,0.0024752999999999997,1.0,0.684719203002283,0.0218,0.14819001778459273,0.57,0.8556288707523761
0.24000000000000005,0.000101,71.84343990606843,-92.65872682642407,-99.87060198809017,2.999977559216994,-1.3262520963413595,0.09891824769627866,0.0024752999999999997,1.0,0.5119726880494763,0.0218,0.14819001778459273,0.57,0.8556288707523761
0.256582440274312,0.000101,73.46556577273532,-93.94953725557346,-100.68166492142362,2.9999996448339865,-0.894045366980596,0.1213151947309955,0.0024752999999999997,1.0,0.5311667452664548,0.0218,0.14819001778459273,0.57,0.8556288707523761
0.27352354813649893,0.000101,75.77653489350052,-95.39347651438243,-101.83714948180622,2.9999998047880947,-0.47160021378515316,0.14420756005137503,0.0024752999999999997,1.0,0.5503608024834333,0.0218,0.14819001778459273,0.57,0.8556288707523761
0.29079836143387255,0.000101,78.7304676540133,-96.97969688103295,-103.31411586206261,2.999996011805,-0.06262225432391487,0.16727476914054806,0.0024752999999999997,1.0,0.5695548597004119,0.0218,0.14819001778459273,0.57,0.8556288707523761
0.3083814263100086,0.000101,82.25183312264477,-98.68868020262717,-105.07479859637834,2.999998374320583,0.32757624623807885,0.19044044188790454,0.0024752999999999997,1.0,0.5887489169173903,0.0218,0.14819001778459273,0.57,0.8556288707523761
0.3262468347101488,0.000101,86.23496787058872,-100.48980798155948,-107.06636597035032,2.9999998151866643,0.698696459118608,0.21263988886664065,0.0024752999999999997,1.0,0.6079429741343689,0.0218,0.14819001778459273,0.57,0.8556288707523761
0.34436826255584724,0.000101,90.54543518056693,-102.34516452205243,-109.22159962533942,2.999999687029023,1.043039663638432,0.23425222533515155,0.0024752999999999997,1.0,0.6271370313513474,0.0218,0.14819001778459273,0.57,0.8556288707523761
0.36271900853261546,0.000101,95.02350197329545,-104.2053603680662,-111.46063302170369,2.9999998935735124,1.358530677370635,0.25461909791407833,0.0024752999999999997,1.0,0.6463310885683259,0.0218,0.14819001778459273,0.57,0.8556288707523761
0.3812720334334112,0.000101,99.49001617696098,-106.01440491680928,-113.69389012353645,2.9999999256752274,1.6413502109318951,0.2733870852587752,0.0024752999999999997,1.0,0.6655251457853044,0.0218,0.14819001778459273,0.57,0.8556288707523761
0.4,0.000101,103.75447189308582,-107.7106342567087,-115.82611798159887,2.9999999392969143,1.8883928271210022,0.29020040855394935,0.0024752999999999997,1.0,0.684719203002283,0.0218,0.14819001778459273,0.57,0.8556288707523761
0.24000000000000005,0.000102,75.69428015726302,-94.73596300358061,-101.79602211368747,2.946929547726938,-1.330708125950555,0.10595336918798215,0.0024752999999999997,1.0,0.5119726880494763,0.0218,0.14819001778459273,0.57,0.8556288707523761
0.256582440274312,0.000102,77.58767196609074,-96.00535987534454,-102.74271801810133,2.9999892546063385,-0.899911336345589,0.13152312484679607,0.0024752999999999997,1.0,0.5311667452664548,0.0218,0.14819001778459273,0.57,0.8556288707523761
0.27352354813649893,0.000102,80.16757772642788,-97.58627627607933,-104.0326708982699,2.9999020696621446,-0.4779502822900425,0.1550384390347188,0.0024752999999999997,1.0,0.5503608024834333,0.0218,0.14819001778459273,0.57,0.8556288707523761
0.29079836143387255,0.000102,83.38673210967477,-99.30736428853513,-105.64224808989334,2.9999997233209723,-0.06949041886295115,0.17876757139205368,0.0024752999999999997,1.0,0.5695548597004119,0.0218,0.14819001778459273,0.57,0.8556288707523761
0.3083814263100086,0.000102,87.1670112867412,-101.1482641535421,-107.53238767842656,2.9999998904621514,0.3214146271083673,0.20232623435323438,0.0024752999999999997,1.0,0.5887489169173903,0.0218,0.14819001778459273,0.57,0.8556288707523761
0.3262468347101488,0.000102,91.39950379957764,-103.07762504365917,-109.64863393484478,2.9999956409550395,0.6907268578426667,0.22529945300577559,0.0024752999999999997,1.0,0.6079429741343689,0.0218,0.14819001778459273,0.57,0.8556288707523761
0.34436826255584724,0.000102,95.94640321462629,-105.05415131164465,-111.9220836423691,2.9999998870223235,1.0348550598215087,0.24764273503955858,0.0024752999999999997,1.0,0.6271370313513474,0.0218,0.14819001778459273,0.57,0.8556288707523761
0.36271900853261546,0.000102,100.64461562880504,-107.02768119349712,-114.27118984945848,2.9999999167594975,1.3498434971836348,0.26860040414375597,0.0024752999999999997,1.0,0.6463310885683259,0.0218,0.14819001778459273,0.57,0.8556288707523761
0.3812720334334112,0.000102,105.31157952549174,-108.9397702674698,-116.60467179780183,2.9999970466802006,1.6324461510559396,0.2879305534864358,0.0024752999999999997,1.0,0.6655251457853044,0.0218,0.14819001778459273,0.57,0.8556288707523761
0.4,0.000102,109.75344718756787,-110.72777718639865,-118.8256056288399,2.999999947049401,1.8790201856577533,0.305205287496529,0.0024752999999999997,1.0,0.684719203002283,0.0218,0.14819001778459273,0.57,0.8556288707523761
0.24000000000000005,0.00010300000000000001,80.30546628121715,-98.75112679361875,-104.10161517566453,2.289293604035245,-1.3398399957226546,0.1296513068758366,0.0024752999999999997,1.0,0.5119726880494763,0.0218,0.14819001778459273,0.57,0.8556288707523761
0.256582440274312,0.00010300000000000001,81.56857326915184,-97.98981967530943,-104.73316866963188,2.999998109530593,-0.9065147472495829,0.1415047168999658,0.0024752999999999997,1.0,0.5311667452664548,0.0218,0.14819001778459273,0.57,0.8556288707523761
0.27352354813649893,0.00010300000000000001,84.40719662409273,-99.70248067591052,-106.15248034710233,2.999995214558087,-0.48485844381160303,0.16571420774183476,0.0024752999999999997,1.0,0.5503608024834333,0.0218,0.14819001778459273,0.57,0.8556288707523761
0.29079836143387255,0.00010300000000000001,87.88171069889398,-101.5542972587093,-107.88973738450295,2.999999999999953,-0.07707079285186297,0.19017347924219286,0.0024752999999999997,1.0,0.5695548597004119,0.0218,0.14819001778459273,0.57,0.8556288707523761
0.3083814263100086,0.00010300000000000001,91.91085264951064,-103.52276374280996,-109.90430835981128,2.9999997691068034,0.3132894426644241,0.21443249611264348,0.0024752999999999997,1.0,0.5887489169173903,0.0218,0.14819001778459273,0.57,0.8556288707523761
0.3262468347101488,0.00010300000000000001,96.38277990692566,-105.57512757603831,-112.14027198851879,2.9999997883304146,0.6821654861553998,0.23817371572063495,0.0024752999999999997,1.0,0.6079429741343689,0.0218,0.14819001778459273,0.57,0.8556288707523761
0.34436826255584724,0.00010300000000000001,101.15655516776758,-107.6687161343055,-114.52715961893975,2.9999999026088835,1.0256447772686206,0.2610112790764708,0.0024752999999999997,1.0,0.6271370313513474,0.0218,0.14819001778459273,0.57,0.8556288707523761
0.36271900853261546,0.00010300000000000001,106.0658107494078,-109.7511287146196,-116.98178740975986,2.9999998888977157,1.340290159785343,0.2825607819296816,0.0024752999999999997,1.0,0.6463310885683259,0.0218,0.14819001778459273,0.57,0.8556288707523761
0.3812720334334112,0.00010300000000000001,110.92476043323987,-111.76341056184357,-119.4112622516759,2.999999905467055,1.621962885637495,0.302322800974565,0.0024752999999999997,1.0,0.6655251457853044,0.0218,0.14819001778459273,0.57,0.8556288707523761
0.4,0.00010300000000000001,115.53647871705456,-113.6390439267879,-121.71712139358324,2.9999999131924593,1.8684793576486518,0.3202188567725155,0.0024752999999999997,1.0,0.684719203002283,0.0218,0.14819001778459273,0.57,0.8556288707523761
0.24000000000000005,0.00010400000000000001,82.9226859822324,-98.48846862315388,-105.41022502617216,2.8945061027570063,-1.341792414146916,0.12378576460950874,0.0024752999999999997,1.0,0.5119726880494763,0.0218,0.14819001778459273,0.57,0.8556288707523761
0.256582440274312,0.00010400000000000001,85.37153479595267,-100.11593985134725,-106.6346494330323,2.922561137714892,-0.9116552063208694,0.14880082287576446,0.0024752999999999997,1.0,0.5311667452664548,0.0218,0.14819001778459273,0.57,0.8556288707523761
0.27352354813649893,0.00010400000000000001,88.48101217049415,-101.73537960471705,-108.18938812030304,2.999998137015184,-0.4930394148550481,0.17666610234082425,0.0024752999999999997,1.0,0.5503608024834333,0.0218,0.14819001778459273,0.57,0.8556288707523761
0.29079836143387255,0.00010400000000000001,92.2007290561921,-103.71329468896478,-110.04924656315201,2.999934426042202,-0.08577204290752447,0.20177779140553542,0.0024752999999999997,1.0,0.5695548597004119,0.0218,0.14819001778459273,0.57,0.8556288707523761
0.3083814263100086,0.00010400000000000001,96.46874386844866,-105.80456965159783,-112.18325396928029,2.999991607317531,0.30410302022918045,0.22657327771390867,0.0024752999999999997,1.0,0.5887489169173903,0.0218,0.14819001778459273,0.57,0.8556288707523761
0.3262468347101488,0.00010400000000000001,101.170423053798,-107.97563819460747,-114.53409356195496,2.999999736240698,0.6722886082434556,0.25119515906112344,0.0024752999999999997,1.0,0.6079429741343689,0.0218,0.14819001778459273,0.57,0.8556288707523761
0.34436826255584724,0.00010400000000000001,106.16178315267081,-110.18209206893023,-117.02977361139136,2.999999813205707,1.0150979564609437,0.27465787893846894,0.0024752999999999997,1.0,0.6271370313513474,0.0218,0.14819001778459273,0.57,0.8556288707523761
0.36271900853261546,0.00010400000000000001,111.27337174635349,-112.36773592181564,-119.5855679082327,2.9999980421499384,1.3306898118847523,0.29668332774140427,0.0024752999999999997,1.0,0.6463310885683259,0.0218,0.14819001778459273,0.57,0.8556288707523761
0.3812720334334112,0.00010400000000000001,116.31630170543471,-114.4777587933822,-122.10703288777331,2.9999998646776773,1.6104684586291584,0.3172326555926117,0.0024752999999999997,1.0,0.6655251457853044,0.0218,0.14819001778459273,0.57,0.8556288707523761
0.4,0.00010400000000000001,121.09076389088301,-116.43889954545268,-124.49426398049746,2.99999270222184,1.8562953192389584,0.33553154069214186,0.0024752999999999997,1.0,0.684719203002283,0.0218,0.14819001778459273,0.57,0.8556288707523761
0.24000000000000005,0.000105,86.40795518167221,-99.90599312732408,-107.15285962589206,2.999994028518416,-1.3523418508324763,0.13692113993714894,0.0024752999999999997,1.0,0.5119726880494763,0.0218,0.14819001778459273,0.57,0.8556288707523761
0.256582440274312,0.000105,89.04853357073836,-101.71530696759655,-108.47314882042514,2.999980552030486,-0.9224207546555161,0.16212341467830538,0.0024752999999999997,1.0,0.5311667452664548,0.0218,0.14819001778459273,0.57,0.8556288707523761
0.27352354813649893,0.000105,92.3509957406911,-103.90109741154485,-110.12437990540151,2.9209547332123376,-0.4996479658329241,0.18510933165347565,0.0024752999999999997,1.0,0.5503608024834333,0.0218,0.14819001778459273,0.57,0.8556288707523761
0.29079836143387255,0.000105,96.32882974167146,-105.77624627330869,-112.11329690589169,2.9999987822364247,-0.09575086040964449,0.2136569062874667,0.0024752999999999997,1.0,0.5695548597004119,0.0218,0.14819001778459273,0.57,0.8556288707523761
0.3083814263100086,0.000105,101.84274493402751,-108.52594044328968,-114.87025450206971,2.9999999763643213,0.1539087875897537,0.4999810982929238,0.0024752999999999997,1.0,0.5887489169173903,0.0218,0.14819001778459273,0.57,0.8556288707523761
0.3262468347101488,0.000105,105.74787225630274,-110.27236146172798,-116.82281816320733,2.9999253450865577,0.660621663578485,0.2645077193292835,0.0024752999999999997,1.0,0.6079429741343689,0.0218,0.14819001778459273,0.57,0.8556288707523761
0.34436826255584724,0.000105,110.94769832435972,-112.58742228488236,-119.42273119723582,2.9999994235192227,1.0028364468418844,0.2886860929650359,0.0024752999999999997,1.0,0.6271370313513474,0.0218,0.14819001778459273,0.57,0.8556288707523761
0.36271900853261546,0.000105,116.25319635178334,-114.87701831124616,-122.07548021094763,2.99999988086729,1.3160486958020923,0.31144258011564685,0.0024752999999999997,1.0,0.6463310885683259,0.0218,0.14819001778459273,0.57,0.8556288707523761
0.3812720334334112,0.000105,121.47251221591691,-117.07725290875662,-124.68513814301441,2.999999078069328,1.5971335747588455,0.3323411870468531,0.0024752999999999997,1.0,0.6655251457853044,0.0218,0.14819001778459273,0.57,0.8556288707523761
0.4,0.000105,126.40295881170275,-119.1212753707327,-127.15036144090733,2.999999860703511,1.8420729170289032,0.3512827092119868,0.0024752999999999997,1.0,0.684719203002283,0.0218,0.14819001778459273,0.57,0.8556288707523761
0.24000000000000005,0.000106,89.46072369154638,-101.83951221818853,-108.67924388082915,2.8585569903500394,-1.3576357809535529,0.14344884548675685,0.0024752999999999997,1.0,0.5119726880494763,0.0218,0.14819001778459273,0.57,0.8556288707523761
0.256582440274312,0.000106,92.517275875824,-103.44057348867356,-110.20751997296796,2.9999999998912825,-0.9321762841674951,0.17277463934904125,0.0024752999999999997,1.0,0.5311667452664548,0.0218,0.14819001778459273,0.57,0.8556288707523761
0.27352354813649893,0.000106,95.99601638629656,-105.80222759399598,-111.94689022820424,2.8922131513376446,-0.5093996576061781,0.19638567873011592,0.0024752999999999997,1.0,0.5503608024834333,0.0218,0.14819001778459273,0.57,0.8556288707523761
0.29079836143387255,0.000106,100.21934173057073,-107.97997493287023,-114.05855290034133,2.91227930124532,-0.10413866718688015,0.22339010693099715,0.0024752999999999997,1.0,0.5695548597004119,0.0218,0.14819001778459273,0.57,0.8556288707523761
0.3083814263100086,0.000106,104.96761932940632,-110.21286326642351,-116.43269169975912,2.948685975245207,0.2827853277428727,0.250683197740289,0.0024752999999999997,1.0,0.5887489169173903,0.0218,0.14819001778459273,0.57,0.8556288707523761
0.3262468347101488,0.000106,110.09772131167915,-112.45571544912661,-118.99774269089554,2.9999999920577793,0.6473902893266037,0.27814165076200104,0.0024752999999999997,1.0,0.6079429741343689,0.0218,0.14819001778459273,0.57,0.8556288707523761
0.34436826255584724,0.000106,115.49705326393624,-114.87618935456138,-121.69740866702408,2.9999997840115724,0.988685782429957,0.30302441565674576,0.0024752999999999997,1.0,0.6271370313513474,0.0218,0.14819001778459273,0.57,0.8556288707523761
0.36271900853261546,0.000106,120.9880646638795,-117.26403765759208,-124.44291436699571,2.9999996691361024,1.3010822646987932,0.32650093731479635,0.0024752999999999997,1.0,0.6463310885683259,0.0218,0.14819001778459273,0.57,0.8556288707523761
0.3812720334334112,0.000106,126.37617854067904,-119.55458381606006,-127.13697130539548,2.9999997787059707,1.5810869558497358,0.3481675546384889,0.0024752999999999997,1.0,0.6655251457853044,0.0218,0.14819001778459273,0.57,0.8556288707523761
0.4,0.000106,135.2911530115395,-120.76199202664262,-131.5944585408257,2.99999995136564,2.9999988292823643,0.2508409854241559,0.0024752999999999997,1.0,0.684719203002283,0.0218,0.14819001778459273,0.57,0.8556288707523761
0.24000000000000005,0.00010700000000000001,94.39214205889209,-107.86787553161955,-111.144953064502,0.9333258067413918,-1.4206046810280017,0.18851201253880356,0.0024752999999999997,1.0,0.5119726880494763,0.0218,0.14819001778459273,0.57,0.8556288707523761
0.256582440274312,0.00010700000000000001,95.58202835033589,-105.3974432409719,-111.7398962102239,2.852625714814695,-0.939410520063077,0.18077922535358204,0.0024752999999999997,1.0,0.5311667452664548,0.0218,0.14819001778459273,0.57,0.8556288707523761
0.27352354813649893,0.00010700000000000001,99.40957886355224,-107.5741169874491,-113.65367146683208,2.8675277132950936,-0.5210119267097333,0.20827713321012786,0.0024752999999999997,1.0,0.5503608024834333,0.0218,0.14819001778459273,0.57,0.8556288707523761
0.29079836143387255,0.00010700000000000001,103.85375024873221,-109.88254301124633,-115.87575715942207,2.88234872049305,-0.11642081148477082,0.23596151405284926,0.0024752999999999997,1.0,0.5695548597004119,0.0218,0.14819001778459273,0.57,0.8556288707523761
0.3083814263100086,0.00010700000000000001,108.82239657344795,-112.29014494137235,-118.36008032177993,2.898591351163421,0.27036751894228206,0.26349523164060895,0.0024752999999999997,1.0,0.5887489169173903,0.0218,0.14819001778459273,0.57,0.8556288707523761
0.3262468347101488,0.00010700000000000001,114.19875647196761,-114.51588168445505,-121.04826027103977,2.9999984373171475,0.6323181199264526,0.2921483190048746,0.0024752999999999997,1.0,0.6079429741343689,0.0218,0.14819001778459273,0.57,0.8556288707523761
0.34436826255584724,0.00010700000000000001,119.78769125178044,-117.03733428641209,-123.84272766094618,2.9999991915352524,0.9725488447266917,0.31775253663593495,0.0024752999999999997,1.0,0.6271370313513474,0.0218,0.14819001778459273,0.57,0.8556288707523761
0.36271900853261546,0.00010700000000000001,125.45519810079071,-119.51961526395034,-126.67648108545131,2.9999995834478965,1.2840536584728892,0.3419368285288249,0.0024752999999999997,1.0,0.6463310885683259,0.0218,0.14819001778459273,0.57,0.8556288707523761
0.3812720334334112,0.00010700000000000001,131.004022602119,-121.89628745447122,-129.45089333611546,2.999995499344708,1.563425221340372,0.36423778214455427,0.0024752999999999997,1.0,0.6655251457853044,0.0218,0.14819001778459273,0.57,0.8556288707523761
0.4,0.00010700000000000001,136.2261991739336,-124.09690207946939,-132.06198162202276,2.9999996698105997,1.8069921753472649,0.38419436182788247,0.0024752999999999997,1.0,0.684719203002283,0.0218,0.14819001778459273,0.57,0.8556288707523761
0.24000000000000005,0.00010800000000000001,94.95896589433369,-106.28923439919274,-111.4283649822228,2.1613405406538746,-1.3935307276516564,0.17944029631034553,0.0024752999999999997,1.0,0.5119726880494763,0.0218,0.14819001778459273,0.57,0.8556288707523761
0.256582440274312,0.00010800000000000001,99.1171599239191,-110.01566961313604,-113.50746199701551,1.531324205392242,-0.9867576203212137,0.22401415845850847,0.0024752999999999997,1.0,0.5311667452664548,0.0218,0.14819001778459273,0.57,0.8556288707523761
0.27352354813649893,0.00010800000000000001,102.5687093729515,-109.22869798136415,-115.23323672153171,2.838718521333245,-0.5346160234204679,0.22046004226590865,0.0024752999999999997,1.0,0.5503608024834333,0.0218,0.14819001778459273,0.57,0.8556288707523761
0.29079836143387255,0.00010800000000000001,108.30234975374131,-111.73151890648593,-118.10005691192661,2.9999999992777058,-0.26858084581432573,0.49999291917821753,0.0024752999999999997,1.0,0.5695548597004119,0.0218,0.14819001778459273,0.57,0.8556288707523761
0.3083814263100086,0.00010800000000000001,112.50387958177976,-113.83679406519715,-120.20082182594584,2.9999990733996054,0.25123840594561964,0.2788783543472826,0.0024752999999999997,1.0,0.5887489169173903,0.0218,0.14819001778459273,0.57,0.8556288707523761
0.3262468347101488,0.00010800000000000001,117.95649327899324,-116.75600244192195,-122.92712867455258,2.879837593003865,0.6195543226434316,0.3050489660153024,0.0024752999999999997,1.0,0.6079429741343689,0.0218,0.14819001778459273,0.57,0.8556288707523761
0.34436826255584724,0.00010800000000000001,127.98535955237219,-125.25569786700713,-127.94156181124205,0.973024965781457,0.8717855011177076,0.3802106588752652,0.0024752999999999997,1.0,0.6271370313513474,0.0218,0.14819001778459273,0.57,0.8556288707523761
0.36271900853261546,0.00010800000000000001,129.6252567262336,-121.62818365456874,-128.76151039817276,2.9999961781931215,1.2655971213454476,0.35763844872154604,0.0024752999999999997,1.0,0.6463310885683259,0.0218,0.14819001778459273,0.57,0.8556288707523761
0.3812720334334112,0.00010800000000000001,136.80913097807394,-126.90796289977816,-132.35344752409293,2.214379426506579,1.523992342374837,0.39793746317352885,0.0024752999999999997,1.0,0.6655251457853044,0.0218,0.14819001778459273,0.57,0.8556288707523761
0.4,0.00010800000000000001,140.68178089528067,-126.36182391733692,-134.2897724826963,2.9999999999995017,1.786324938594586,0.40111496023286475,0.0024752999999999997,1.0,0.684719203002283,0.0218,0.14819001778459273,0.57,0.8556288707523761
0.24000000000000005,0.00010899999999999999,98.45855950819606,-110.24290302503184,-113.17816178915399,0.2481482043117605,-1.464240298743473,0.22162693558129576,0.0024752999999999997,1.0,0.5119726880494763,0.0218,0.14819001778459273,0.57,0.8556288707523761
0.256582440274312,0.00010899999999999999,101.61641695603265,-112.03515792128465,-114.75709051307228,0.8565060905203804,-1.0224099745209783,0.24093018697896418,0.0024752999999999997,1.0,0.5311667452664548,0.0218,0.14819001778459273,0.57,0.8556288707523761
0.27352354813649893,0.00010899999999999999,105.35660216266157,-111.13369823400355,-116.62718311638675,2.646374714394764,-0.5645620349453501,0.23052996995321196,0.0024752999999999997,1.0,0.5503608024834333,0.0218,0.14819001778459273,0.57,0.8556288707523761
0.29079836143387255,0.00010899999999999999,110.23065003659764,-113.69209833391152,-119.06420705335478,2.6557251870982777,-0.16248330690117788,0.25934147275298214,0.0024752999999999997,1.0,0.5695548597004119,0.0218,0.14819001778459273,0.57,0.8556288707523761
0.3083814263100086,0.00010899999999999999,117.45212439041464,-120.42966893575723,-122.67494423026328,0.8939123681061241,0.16288315653310884,0.33474137045024355,0.0024752999999999997,1.0,0.5887489169173903,0.0218,0.14819001778459273,0.57,0.8556288707523761
0.3262468347101488,0.00010899999999999999,122.02116384380179,-118.50180300239813,-124.95946395695685,2.9999973283260397,0.5003974367213182,0.49999989272098333,0.0024752999999999997,1.0,0.6079429741343689,0.0218,0.14819001778459273,0.57,0.8556288707523761
0.34436826255584724,0.00010899999999999999,130.02610847021515,-126.34499790260791,-128.96193627016353,0.9175118728995942,0.8527064874402578,0.3947277583453356,0.0024752999999999997,1.0,0.6271370313513474,0.0218,0.14819001778459273,0.57,0.8556288707523761
0.36271900853261546,0.00010899999999999999,133.3946058641422,-123.93808713247542,-130.64618496712706,2.862228186711559,1.2485612247784736,0.37323434136502387,0.0024752999999999997,1.0,0.6463310885683259,0.0218,0.14819001778459273,0.57,0.8556288707523761
0.3812720334334112,0.00010899999999999999,141.33660163736357,-130.40891942531243,-134.61718285373775,1.6159001042643908,1.4630288327343937,0.43220885198051195,0.0024752999999999997,1.0,0.6655251457853044,0.0218,0.14819001778459273,0.57,0.8556288707523761
0.4,0.00010899999999999999,144.884372911397,-128.58058072530423,-136.39106849075446,2.999993763534054,1.7193232986208402,0.4999983949410055,0.0024752999999999997,1.0,0.684719203002283,0.0218,0.14819001778459273,0.57,0.8556288707523761
0.24000000000000005,0.00011,99.17205232965739,-110.58948288719844,-113.53490819988465,0.19806223130390888,-1.4787432614982738,0.22839103149825457,0.0024752999999999997,1.0,0.5119726880494763,0.0218,0.14819001778459273,0.57,0.8556288707523761
0.256582440274312,0.00011,103.31935975135562,-113.19467513605261,-115.60856191073377,0.19281565137306364,-1.0609690520797976,0.2610805966803167,0.0024752999999999997,1.0,0.5311667452664548,0.0218,0.14819001778459273,0.57,0.8556288707523761
0.27352354813649893,0.00011,107.55486853456512,-115.34364042857896,-117.72631630233852,0.8413236932525209,-0.6265667132989675,0.2833377909838477,0.0024752999999999997,1.0,0.5503608024834333,0.0218,0.14819001778459273,0.57,0.8556288707523761
0.29079836143387255,0.00011,112.81891253845296,-115.04331651647738,-120.35833830428244,2.632995694169952,-0.1801024864232212,0.27241424536504766,0.0024752999999999997,1.0,0.5695548597004119,0.0218,0.14819001778459273,0.57,0.8556288707523761
0.3083814263100086,0.00011,118.81963109714573,-121.15075123139884,-123.35869758362882,0.8540654477707644,0.14671254515993332,0.3479044813894836,0.0024752999999999997,1.0,0.5887489169173903,0.0218,0.14819001778459273,0.57,0.8556288707523761
0.3262468347101488,0.00011,125.06922502312997,-124.15390636000808,-126.48349454662095,0.8608748255870162,0.5031208238777819,0.37933473643094573,0.0024752999999999997,1.0,0.6079429741343689,0.0218,0.14819001778459273,0.57,0.8556288707523761
0.34436826255584724,0.00011,131.5210605565161,-127.15220802328167,-129.709412313314,0.8678047174272849,0.8344957806956335,0.4095446491464496,0.0024752999999999997,1.0,0.6271370313513474,0.0218,0.14819001778459273,0.57,0.8556288707523761
0.36271900853261546,0.00011,138.72423362110402,-130.85705213466935,-133.31099884560797,0.1657706735907212,1.1024849936292664,0.4545031841721491,0.0024752999999999997,1.0,0.6463310885683259,0.0218,0.14819001778459273,0.57,0.8556288707523761
0.3812720334334112,0.00011,145.0118464388911,-133.6674783132716,-136.4548052545015,0.1629722662056645,1.3722804299525717,0.4817782365183416,0.0024752999999999997,1.0,0.6655251457853044,0.0218,0.14819001778459273,0.57,0.8556288707523761
0.4,0.00011,150.8819721234754,-136.24691606208287,-139.38986809679366,0.16071714411198396,1.610941874970447,0.49999773152957305,0.0024752999999999997,1.0,0.684719203002283,0.0218,0.14819001778459273,0.57,0.8556288707523761
0.24000000000000005,0.000111,99.57137847835966,-110.77569002111363,-113.73457127423579,0.15910829628815543,-1.4924834042024757,0.23545626878401404,0.0024752999999999997,1.0,0.5119726880494763,0.0218,0.14819001778459273,0.57,0.8556288707523761
0.256582440274312,0.000111,103.72463856111821,-113.38825726796014,-115.81120131561507,0.15406629687781145,-1.0757375734812973,0.26877551157137747,0.0024752999999999997,1.0,0.5311667452664548,0.0218,0.14819001778459273,0.57,0.8556288707523761
0.27352354813649893,0.000111,108.54662220115017,-116.15467763531115,-118.22219313563104,0.1493723850663555,-0.6691625712355733,0.3027247697889791,0.0024752999999999997,1.0,0.5503608024834333,0.0218,0.14819001778459273,0.57,0.8556288707523761
0.29079836143387255,0.000111,113.96565312752122,-119.05050505533148,-120.93170859881657,0.14504044261503432,-0.27645978459702125,0.33690917197232906,0.0024752999999999997,1.0,0.5695548597004119,0.0218,0.14819001778459273,0.57,0.8556288707523761
0.3083814263100086,0.000111,119.8786489221419,-122.0409151856528,-123.88820649612691,0.14115030305398674,0.09858432136603748,0.3708910273046161,0.0024752999999999997,1.0,0.5887489169173903,0.0218,0.14819001778459273,0.57,0.8556288707523761
0.3262468347101488,0.000111,126.15112101984971,-125.08021184323947,-127.02444254498081,0.13761609643292932,0.4523083782205035,0.4041473997591686,0.0024752999999999997,1.0,0.6079429741343689,0.0218,0.14819001778459273,0.57,0.8556288707523761
0.34436826255584724,0.000111,132.6191598504634,-128.11188625176817,-130.25846196028766,0.13446602641157357,0.7811081617185229,0.4361445361623779,0.0024752999999999997,1.0,0.6271370313513474,0.0218,0.14819001778459273,0.57,0.8556288707523761
0.36271900853261546,0.000111,139.093684407269,-131.06973023758624,-133.49572423869046,0.13168875191763071,1.081529347891215,0.46634188619986583,0.0024752999999999997,1.0,0.6463310885683259,0.0218,0.14819001778459273,0.57,0.8556288707523761
0.3812720334334112,0.000111,145.36707629033498,-133.87971749954605,-136.63242018022345,0.12922829728245855,1.3504684609643716,0.4934869844403922,0.0024752999999999997,1.0,0.6655251457853044,0.0218,0.14819001778459273,0.57,0.8556288707523761
0.4,0.000111,151.22732253902268,-136.44874565709895,-139.5625433045673,0.12781706142325633,1.5957185683161739,0.49999647055627783,0.0024752999999999997,1.0,0.684719203002283,0.0218,0.14819001778459273,0.57,0.8556288707523761
0.24000000000000005,0.00011200000000000001,99.69809526068411,-110.82485324438899,-113.79792966539802,0.12957741094420694,-1.5047997182729198,0.24241482164567518,0.0024752999999999997,1.0,0.5119726880494763,0.0218,0.14819001778459273,0.57,0.8556288707523761
0.256582440274312,0.00011200000000000001,103.83708067182917,-113.434161790965,-115.86742237097054,0.12510889112754098,-1.0890034806625377,0.276327155128558,0.0024752999999999997,1.0,0.5311667452664548,0.0218,0.14819001778459273,0.57,0.8556288707523761
0.27352354813649893,0.00011200000000000001,108.64112631445633,-116.19616536370853,-118.26944519228412,0.12095228881805817,-0.6833665608617933,0.31086868508173926,0.0024752999999999997,1.0,0.5503608024834333,0.0218,0.14819001778459273,0.57,0.8556288707523761
0.29079836143387255,0.00011200000000000001,114.03868984924952,-119.08636796418259,-120.96822695968072,0.11709695086449974,-0.2916606771879047,0.3456267812656997,0.0024752999999999997,1.0,0.5695548597004119,0.0218,0.14819001778459273,0.57,0.8556288707523761
0.3083814263100086,0.00011200000000000001,119.92699662799129,-122.07006756040495,-123.9123803490516,0.11354159570780636,0.08242292679013287,0.3801684626393266,0.0024752999999999997,1.0,0.5887489169173903,0.0218,0.14819001778459273,0.57,0.8556288707523761
0.3262468347101488,0.00011200000000000001,125.94835822863217,-124.70251335360194,-126.92306114937205,-0.7790100510368895,0.41145909571539513,0.4333734740224112,0.0024752999999999997,1.0,0.6079429741343689,0.0218,0.14819001778459273,0.57,0.8556288707523761
0.34436826255584724,0.00011200000000000001,132.6106880216824,-128.1248768121097,-130.25422604589716,0.10726167620699577,0.7630550805252485,0.4464921522389831,0.0024752999999999997,1.0,0.6271370313513474,0.0218,0.14819001778459273,0.57,0.8556288707523761
0.36271900853261546,0.00011200000000000001,139.05470577657564,-131.07376618518026,-133.47623492334378,0.10454709158264322,1.0625756620080526,0.47719589199848633,0.0024752999999999997,1.0,0.6463310885683259,0.0218,0.14819001778459273,0.57,0.8556288707523761
0.3812720334334112,0.00011200000000000001,145.29802615801714,-133.87075890190496,-136.59789511406453,0.1023146321183657,1.3337405279501848,0.4999212056428507,0.0024752999999999997,1.0,0.6655251457853044,0.0218,0.14819001778459273,0.57,0.8556288707523761
0.4,0.00011200000000000001,150.66082169227315,-135.9177604566383,-139.27929288119253,-0.7813684753662924,1.5644768487694138,0.49999917003851835,0.0024752999999999997,1.0,0.684719203002283,0.0218,0.14819001778459273,0.57,0.8556288707523761
0.24000000000000005,0.00011300000000000001,99.59302605926067,-110.75828652070433,-113.74539506468629,0.10446473725454751,-1.5160355741728087,0.2489203072318198,0.0024752999999999997,1.0,0.5119726880494763,0.0218,0.14819001778459273,0.57,0.8556288707523761
0.256582440274312,0.00011300000000000001,103.70237545308188,-113.35632616452267,-115.8000697615969,0.1002100425537538,-1.101137955500147,0.2833277293363925,0.0024752999999999997,1.0,0.5311667452664548,0.0218,0.14819001778459273,0.57,0.8556288707523761
0.27352354813649893,0.00011300000000000001,108.47319952717686,-116.10590120415395,-118.18548179864439,0.09620397976620174,-0.6963947435048822,0.3183752434798095,0.0024752999999999997,1.0,0.5503608024834333,0.0218,0.14819001778459273,0.57,0.8556288707523761
0.29079836143387255,0.00011300000000000001,113.83420618578427,-118.98253758866052,-120.8659851279481,0.09236074260501204,-0.30565377034122815,0.3536364539974106,0.0024752999999999997,1.0,0.5695548597004119,0.0218,0.14819001778459273,0.57,0.8556288707523761
0.3083814263100086,0.00011300000000000001,119.68306412270329,-121.9517276788422,-123.7904140964076,0.08874405434256806,0.06750543291351759,0.38867330944613565,0.0024752999999999997,1.0,0.5887489169173903,0.0218,0.14819001778459273,0.57,0.8556288707523761
0.3262468347101488,0.00011300000000000001,125.88644563721272,-124.96807116249516,-126.89210485366232,0.0853406933872312,0.41933757750730843,0.42297299080984674,0.0024752999999999997,1.0,0.6079429741343689,0.0218,0.14819001778459273,0.57,0.8556288707523761
0.34436826255584724,0.00011300000000000001,132.28203058797692,-127.97558193129439,-130.08989732904442,0.08214507493419182,0.7462858954096337,0.4559803052353282,0.0024752999999999997,1.0,0.6271370313513474,0.0218,0.14819001778459273,0.57,0.8556288707523761
0.36271900853261546,0.00011300000000000001,138.28941591201692,-130.64635939226918,-133.09358999106442,-0.41872449746376983,1.0267378673923648,0.4999669550414879,0.0024752999999999997,1.0,0.6463310885683259,0.0218,0.14819001778459273,0.57,0.8556288707523761
0.3812720334334112,0.00011300000000000001,144.1261376121808,-131.43773689724614,-136.01195084114636,-1.9671532015243542,1.2703526380718646,0.4999997687068022,0.0024752999999999997,1.0,0.6655251457853044,0.0218,0.14819001778459273,0.57,0.8556288707523761
0.4,0.00011300000000000001,149.6009239904074,-134.73924804054093,-138.74934403025966,-1.416829412923076,1.5322682694739622,0.4999997527204345,0.0024752999999999997,1.0,0.684719203002283,0.0218,0.14819001778459273,0.57,0.8556288707523761
0.24000000000000005,0.000114,99.29051941538685,-110.59342441226933,-113.59414174274939,0.07837669303891888,-1.5265488562347438,0.2549127905776345,0.0024752999999999997,1.0,0.5119726880494763,0.0218,0.14819001778459273,0.57,0.8556288707523761
0.256582440274312,0.000114,103.35883758929148,-113.17422784277137,-115.6283008297017,0.07385364969281724,-1.1125427038145193,0.2897997508271739,0.0024752999999999997,1.0,0.5311667452664548,0.0218,0.14819001778459273,0.57,0.8556288707523761
0.27352354813649893,0.000114,108.08529263398296,-115.90547099777231,-117.99152835204744,0.06948482512509914,-0.7087638698119467,0.32531199631434415,0.0024752999999999997,1.0,0.5503608024834333,0.0218,0.14819001778459273,0.57,0.8556288707523761
0.29079836143387255,0.000114,113.3989212155364,-118.7628864280731,-120.64834264282416,0.0652290188196318,-0.3189314348400823,0.36106001005706867,0.0024752999999999997,1.0,0.5695548597004119,0.0218,0.14819001778459273,0.57,0.8556288707523761
0.3083814263100086,0.000114,119.1979171157858,-121.7120829637059,-123.54784059294886,0.06111709216873013,0.053288038563696495,0.3965823494562133,0.0024752999999999997,1.0,0.5887489169173903,0.0218,0.14819001778459273,0.57,0.8556288707523761
0.3262468347101488,0.000114,125.34969468066487,-124.70794046661989,-126.6237293753884,0.05715949646983679,0.40419087696723904,0.43139007947164043,0.0024752999999999997,1.0,0.6079429741343689,0.0218,0.14819001778459273,0.57,0.8556288707523761
0.34436826255584724,0.000114,130.37285297868834,-126.08927028938348,-129.13530852440013,-1.3980500211201414,0.6874534631540468,0.4856954606757863,0.0024752999999999997,1.0,0.6271370313513474,0.0218,0.14819001778459273,0.57,0.8556288707523761
0.36271900853261546,0.000114,136.5568455189827,-128.91573865798938,-132.2273047945473,-1.4046082936448905,0.9926064023887128,0.4999991954591063,0.0024752999999999997,1.0,0.6463310885683259,0.0218,0.14819001778459273,0.57,0.8556288707523761
0.3812720334334112,0.000114,142.9318330080821,-132.42688116573177,-135.414798539097,-0.8012394488794105,1.2918628982260791,0.4999996572996507,0.0024752999999999997,1.0,0.6655251457853044,0.0218,0.14819001778459273,0.57,0.8556288707523761
0.4,0.000114,147.5876668273911,-130.3597513758096,-137.7427154487515,-2.992753484431794,1.46438191153415,0.4999998045989149,0.0024752999999999997,1.0,0.684719203002283,0.0218,0.14819001778459273,0.57,0.8556288707523761
0.24000000000000005,0.00011500000000000002,98.8123594362923,-110.341125282157,-113.35506175320211,0.029293059170556003,-1.5369041981522054,0.26118950323147583,0.0024752999999999997,1.0,0.5119726880494763,0.0218,0.14819001778459273,0.57,0.8556288707523761
0.256582440274312,0.00011500000000000002,101.89404691409754,-112.09561031772452,-114.89590549210473,-0.8020865945232665,-1.1367968592363764,0.3033964845601588,0.0024752999999999997,1.0,0.5311667452664548,0.0218,0.14819001778459273,0.57,0.8556288707523761
0.27352354813649893,0.00011500000000000002,106.46694314323386,-114.75672585433126,-117.18235360667289,-0.8032753567965115,-0.7355704326370779,0.3398561636751991,0.0024752999999999997,1.0,0.5503608024834333,0.0218,0.14819001778459273,0.57,0.8556288707523761
0.29079836143387255,0.00011500000000000002,111.39687383857603,-116.78338942619872,-119.64731895434397,-1.3893669009511467,-0.36411306809166394,0.38156450346382753,0.0024752999999999997,1.0,0.5695548597004119,0.0218,0.14819001778459273,0.57,0.8556288707523761
0.3083814263100086,0.00011500000000000002,117.26314190676803,-120.42317322300659,-122.58045298843997,-0.8057101987289165,0.021219379212959494,0.41311478332914053,0.0024752999999999997,1.0,0.5887489169173903,0.0218,0.14819001778459273,0.57,0.8556288707523761
0.3262468347101488,0.00011500000000000002,122.87434792974528,-122.5189582414733,-125.3860559999286,-1.40130914247907,0.3249428559583776,0.4999407674986205,0.0024752999999999997,1.0,0.6079429741343689,0.0218,0.14819001778459273,0.57,0.8556288707523761
0.34436826255584724,0.00011500000000000002,129.28585132154927,-122.25906950603724,-128.5918076958306,-2.9996969212174567,-0.048522324227394005,0.5,0.0024752999999999997,1.0,0.6271370313513474,0.0218,0.14819001778459273,0.57,0.8556288707523761
0.36271900853261546,0.00011500000000000002,135.64576101666654,-129.1140809233905,-131.77176254338923,-0.8098699427433882,0.997263040206286,0.4999992297552005,0.0024752999999999997,1.0,0.6463310885683259,0.0218,0.14819001778459273,0.57,0.8556288707523761
0.3812720334334112,0.00011500000000000002,139.33612127310937,-126.55609208446195,-133.61694267161064,-2.999999150778008,1.2069655857363186,0.4999999008986249,0.0024752999999999997,1.0,0.6655251457853044,0.0218,0.14819001778459273,0.57,0.8556288707523761
0.4,0.00011500000000000002,146.61857118560658,-133.03414084668336,-137.25816762785925,-1.5968114017677357,1.4944251620805806,0.49999978736495165,0.0024752999999999997,1.0,0.684719203002283,0.0218,0.14819001778459273,0.57,0.8556288707523761
0.24000000000000005,0.000116,96.83402652675744,-108.34624376021256,-112.36589529843468,-1.3833972884349772,-1.5686219029193114,0.27263148561555095,0.0024752999999999997,1.0,0.5119726880494763,0.0218,0.14819001778459273,0.57,0.8556288707523761
0.256582440274312,0.000116,100.5078268371642,-109.78455677984864,-114.20279545363806,-1.950168319566415,-1.1697779825511947,0.3096154350037241,0.0024752999999999997,1.0,0.5311667452664548,0.0218,0.14819001778459273,0.57,0.8556288707523761
0.27352354813649893,0.000116,104.63607694188204,-109.57879052192644,-116.26692050599698,-2.988198161716263,-0.8843027592289034,0.5,0.0024752999999999997,1.0,0.5503608024834333,0.0218,0.14819001778459273,0.57,0.8556288707523761
0.29079836143387255,0.000116,109.9629587392908,-116.04453703020309,-118.93036140470136,-1.4019289179645285,-0.37590386203730014,0.38372531126115106,0.0024752999999999997,1.0,0.5695548597004119,0.0218,0.14819001778459273,0.57,0.8556288707523761
0.3083814263100086,0.000116,114.99601158993124,-117.64412208589803,-121.44688783002158,-1.9849366180013126,-0.024854904703238444,0.4234498994976883,0.0024752999999999997,1.0,0.5887489169173903,0.0218,0.14819001778459273,0.57,0.8556288707523761
0.3262468347101488,0.000116,120.22488954828296,-119.21740539742196,-124.06132680919744,-2.434609594394015,0.3091578916327011,0.46546811338558414,0.0024752999999999997,1.0,0.6079429741343689,0.0218,0.14819001778459273,0.57,0.8556288707523761
0.34436826255584724,0.000116,125.61032031851397,-119.8018993961709,-126.75404219431294,-2.9999735885157794,1.113330013973877,0.5,0.0024752999999999997,1.0,0.6271370313513474,0.0218,0.14819001778459273,0.57,0.8556288707523761
0.36271900853261546,0.000116,130.64454564859994,-122.70654550941951,-129.27115485935593,-2.9999622992145785,0.681545712837556,0.5,0.0024752999999999997,1.0,0.6463310885683259,0.0218,0.14819001778459273,0.57,0.8556288707523761
0.3812720334334112,0.000116,136.18096140967572,-125.24225390778625,-132.03936273989382,-2.9999999999993316,0.9639903110209842,0.5,0.0024752999999999997,1.0,0.6655251457853044,0.0218,0.14819001778459273,0.57,0.8556288707523761
0.4,0.000116,141.59438396451702,-126.96737040937876,-134.74607401731447,-2.974426925608628,1.7450648514049627,0.5,0.0024752999999999997,1.0,0.684719203002283,0.0218,0.14819001778459273,0.57,0.8556288707523761
0.24000000000000005,0.000117,95.43285894085236,-107.61472864137258,-111.66531150548214,-1.3962536077156544,-1.5769277874028829,0.273061549242986,0.0024752999999999997,1.0,0.5119726880494763,0.0218,0.14819001778459273,0.57,0.8556288707523761
0.256582440274312,0.000117,99.71287471488486,-110.9673378390059,-113.80531939249839,-0.8213829947202647,-1.1560072398097454,0.3067950016689195,0.0024752999999999997,1.0,0.5311667452664548,0.0218,0.14819001778459273,0.57,0.8556288707523761
0.27352354813649893,0.000117,104.1405464009967,-113.560922618198,-116.01915523555431,-0.823883779641368,-0.7567961468451545,0.3439741749525034,0.0024752999999999997,1.0,0.5503608024834333,0.0218,0.14819001778459273,0.57,0.8556288707523761
0.29079836143387255,0.000117,105.99868667780243,-110.49589691620434,-116.94822537395717,-2.9999664104479757,-0.48981435994952466,0.4999998486780982,0.0024752999999999997,1.0,0.5695548597004119,0.0218,0.14819001778459273,0.57,0.8556288707523761
0.3083814263100086,0.000117,111.94840362769276,-114.90733034716659,-119.92308384890234,-2.522841358706901,-0.04287350921727375,0.4305367634113306,0.0024752999999999997,1.0,0.5887489169173903,0.0218,0.14819001778459273,0.57,0.8556288707523761
0.3262468347101488,0.000117,115.85036157083536,-115.502022283154,-121.87406282047364,-2.999999839350183,0.2813213359511999,0.46021652844225946,0.0024752999999999997,1.0,0.6079429741343689,0.0218,0.14819001778459273,0.57,0.8556288707523761
0.34436826255584724,0.000117,121.28615380246706,-118.08144033924114,-124.59195893628949,-2.999983003240338,0.5968239521743363,0.49999999967791664,0.0024752999999999997,1.0,0.6271370313513474,0.0218,0.14819001778459273,0.57,0.8556288707523761
0.36271900853261546,0.000117,126.79200549133839,-120.60195643752402,-127.34488478072515,-2.999999041373442,0.9060475118247894,0.49999999999997924,0.0024752999999999997,1.0,0.6463310885683259,0.0218,0.14819001778459273,0.57,0.8556288707523761
0.3812720334334112,0.000117,133.55871274355803,-124.48061444795815,-130.72823840683498,-2.829298580365901,0.9085026782659349,0.5,0.0024752999999999997,1.0,0.6655251457853044,0.0218,0.14819001778459273,0.57,0.8556288707523761
0.4,0.000117,137.83741600480306,-126.07693025479264,-132.8675900374575,-2.963224713851322,1.065682183426948,0.5,0.0024752999999999997,1.0,0.684719203002283,0.0218,0.14819001778459273,0.57,0.8556288707523761
0.24000000000000005,0.00011800000000000001,92.53497009477763,-103.99691668389168,-110.21636708244478,-2.495733575653827,-1.5953916045860228,0.2741079431383524,0.0024752999999999997,1.0,0.5119726880494763,0.0218,0.14819001778459273,0.57,0.8556288707523761
0.256582440274312,0.00011800000000000001,96.49426443662495,-107.65974177743577,-112.19601425336843,-1.9992172325627697,-1.187743686328239,0.30780652031550393,0.0024752999999999997,1.0,0.5311667452664548,0.0218,0.14819001778459273,0.57,0.8556288707523761
0.27352354813649893,0.00011800000000000001,98.62815638807336,-106.52657987798003,-113.26296022909264,-2.999990049904008,-0.8988214829571972,0.4999897522189487,0.0024752999999999997,1.0,0.5503608024834333,0.0218,0.14819001778459273,0.57,0.8556288707523761
0.29079836143387255,0.00011800000000000001,103.90875518736183,-110.70680658659364,-115.90325962873688,-2.560545532975663,-0.4142128841164437,0.3898192506132867,0.0024752999999999997,1.0,0.5695548597004119,0.0218,0.14819001778459273,0.57,0.8556288707523761
0.3083814263100086,0.00011800000000000001,107.039205394942,-111.1338649539635,-117.46848473252696,-2.9999999999668723,-0.06556838299758924,0.41817663373651504,0.0024752999999999997,1.0,0.5887489169173903,0.0218,0.14819001778459273,0.57,0.8556288707523761
0.3262468347101488,0.00011800000000000001,112.05148087789925,-113.60410077944168,-119.97462247400559,-2.999999999999955,0.27586780285361917,0.4560809023616661,0.0024752999999999997,1.0,0.6079429741343689,0.0218,0.14819001778459273,0.57,0.8556288707523761
0.34436826255584724,0.00011800000000000001,117.3000951454255,-116.09335847340114,-122.59892960776871,-2.999999999981143,0.5883892626242342,0.49999811419450435,0.0024752999999999997,1.0,0.6271370313513474,0.0218,0.14819001778459273,0.57,0.8556288707523761
0.36271900853261546,0.00011800000000000001,122.70776058808832,-118.40713637052153,-125.30276232910012,-2.999999999999955,1.0612782729711694,0.5,0.0024752999999999997,1.0,0.6463310885683259,0.0218,0.14819001778459273,0.57,0.8556288707523761
0.3812720334334112,0.00011800000000000001,127.861967705283,-120.85828595848062,-127.87986588769746,-2.999999939996678,1.1739760959989056,0.4999999999056448,0.0024752999999999997,1.0,0.6655251457853044,0.0218,0.14819001778459273,0.57,0.8556288707523761
0.4,0.00011800000000000001,132.80788998690053,-123.01878502101678,-130.35282702850623,-2.999996489571459,1.415332022198678,0.49999988872939727,0.0024752999999999997,1.0,0.684719203002283,0.0218,0.14819001778459273,0.57,0.8556288707523761
0.24000000000000005,0.000119,91.86209859383516,-105.74783241256054,-109.87993133197354,-1.4362089684474577,-1.5926585614312605,0.2715654669627491,0.0024752999999999997,1.0,0.5119726880494763,0.0218,0.14819001778459273,0.57,0.8556288707523761
0.256582440274312,0.000119,91.4286666156942,-102.60385761509036,-109.66321534290306,-2.9999997936749954,-1.2057264818766251,0.29823707095983143,0.0024752999999999997,1.0,0.5311667452664548,0.0218,0.14819001778459273,0.57,0.8556288707523761
0.27352354813649893,0.000119,94.74161288749121,-104.6583004070833,-111.31968847880157,-2.9999999999912905,-0.8110707731215481,0.3361174141267822,0.0024752999999999997,1.0,0.5503608024834333,0.0218,0.14819001778459273,0.57,0.8556288707523761
0.29079836143387255,0.000119,98.64421307567383,-106.84580657278556,-113.27098857289288,-2.999999999605728,-0.43060847425876697,0.37434778120291834,0.0024752999999999997,1.0,0.5695548597004119,0.0218,0.14819001778459273,0.57,0.8556288707523761
0.3083814263100086,0.000119,103.0494306544725,-109.13881415849661,-115.47359736229221,-2.999999999999955,-0.06801516826898148,0.41262412570520945,0.0024752999999999997,1.0,0.5887489169173903,0.0218,0.14819001778459273,0.57,0.8556288707523761
0.3262468347101488,0.000119,107.87608921656908,-111.52452348710216,-117.8869266433405,-2.9999989071003337,0.244688629479812,0.4999978380212329,0.0024752999999999997,1.0,0.6079429741343689,0.0218,0.14819001778459273,0.57,0.8556288707523761
0.34436826255584724,0.000119,112.88092221984624,-113.88748210457848,-120.38934314497908,-2.999998398682753,0.5820578529882683,0.4999959317806153,0.0024752999999999997,1.0,0.6271370313513474,0.0218,0.14819001778459273,0.57,0.8556288707523761
0.36271900853261546,0.000119,118.00145378720765,-116.22051160458011,-122.94960892865979,-2.9999999936124495,0.8906482706477628,0.4999694119036312,0.0024752999999999997,1.0,0.6463310885683259,0.0218,0.14819001778459273,0.57,0.8556288707523761
0.3812720334334112,0.000119,123.04952894128675,-118.45988264180394,-125.47364650569934,-2.9999999776674637,1.167299240687324,0.4999882235910492,0.0024752999999999997,1.0,0.6655251457853044,0.0218,0.14819001778459273,0.57,0.8556288707523761
0.4,0.000119,127.82631469441088,-120.53822209262151,-127.8620393822614,-2.99999999934653,1.408081758536707,0.49999250962514674,0.0024752999999999997,1.0,0.684719203002283,0.0218,0.14819001778459273,0.57,0.8556288707523761
0.24000000000000005,0.00012,85.42773725199422,-99.0326850535582,-106.66275066105307,-2.999999777880736,-1.6109600253353586,0.2561154208749963,0.0024752999999999997,1.0,0.5119726880494763,0.0218,0.14819001778459273,0.57,0.8556288707523761
0.256582440274312,0.00012,89.4680324558935,-102.74339889185865,-108.68289826300271,-2.6035933421532556,-1.198065151194457,0.3022997326128254,0.0024752999999999997,1.0,0.5311667452664548,0.0218,0.14819001778459273,0.57,0.8556288707523761
0.27352354813649893,0.00012,90.90523892592756,-102.74012785596037,-109.40150149801974,-2.999999513587529,-0.8110547812056444,0.32988197097214456,0.0024752999999999997,1.0,0.5503608024834333,0.0218,0.14819001778459273,0.57,0.8556288707523761
0.29079836143387255,0.00012,94.55722446739998,-104.80240534805947,-111.22749426875595,-2.99999999607983,-0.43039228668412643,0.3677798246153827,0.0024752999999999997,1.0,0.5695548597004119,0.0218,0.14819001778459273,0.57,0.8556288707523761
0.3083814263100086,0.00012,98.83932152596586,-107.02866924326496,-113.36854279803889,-2.999999999999955,-0.12168305170125197,0.49999999415247964,0.0024752999999999997,1.0,0.5887489169173903,0.0218,0.14819001778459273,0.57,0.8556288707523761
0.3262468347101488,0.00012,103.26649964641285,-109.21227171853158,-115.58213185826239,-2.9999980736279053,0.27348033423572604,0.4431426134537242,0.0024752999999999997,1.0,0.6079429741343689,0.0218,0.14819001778459273,0.57,0.8556288707523761
0.34436826255584724,0.00012,108.07234953954136,-111.47857049745761,-117.98505680482664,-2.999999945126264,0.5899428781701536,0.4792035203015498,0.0024752999999999997,1.0,0.6271370313513474,0.0218,0.14819001778459273,0.57,0.8556288707523761
0.36271900853261546,0.00012,112.97388298758747,-113.71058789530241,-120.4358235288497,-2.999999999999955,0.8863018236571903,0.4999998385676191,0.0024752999999999997,1.0,0.6463310885683259,0.0218,0.14819001778459273,0.57,0.8556288707523761
0.3812720334334112,0.00012,117.81422750856109,-115.84778311432578,-122.8559957893365,-2.999999986152937,1.1625339085923625,0.4999998321936687,0.0024752999999999997,1.0,0.6655251457853044,0.0218,0.14819001778459273,0.57,0.8556288707523761
0.4,0.00012,122.4046601303387,-117.8337846641511,-125.15121210022531,-2.999999997853846,1.4035364407626,0.4999998358225185,0.0024752999999999997,1.0,0.684719203002283,0.0218,0.14819001778459273,0.57,0.8556288707523761
0.24000000000000005,0.00012100000000000001,81.87266866957611,-97.25848995246731,-104.88521636984402,-2.9999975578026463,-1.6088900346060817,0.24984419240016786,0.0024752999999999997,1.0,0.5119726880494763,0.0218,0.14819001778459273,0.57,0.8556288707523761
0.256582440274312,0.00012100000000000001,84.02232994664593,-98.90329010811607,-105.96004700837892,-2.999999535510063,-1.2035681297659646,0.28586414539654337,0.0024752999999999997,1.0,0.5311667452664548,0.0218,0.14819001778459273,0.57,0.8556288707523761
0.27352354813649893,0.00012100000000000001,86.81610055728478,-100.69767005683987,-107.35693231369835,-2.9999999667900745,-0.8084456496881707,0.32272072586722955,0.0024752999999999997,1.0,0.5503608024834333,0.0218,0.14819001778459273,0.57,0.8556288707523761
0.29079836143387255,0.00012100000000000001,90.47375280015447,-102.72467393802411,-109.1857584351332,-2.999999999999955,-0.5071771384256588,0.49999999970961484,0.0024752999999999997,1.0,0.5695548597004119,0.0218,0.14819001778459273,0.57,0.8556288707523761
0.3083814263100086,0.00012100000000000001,94.09478468717029,-104.66169797935822,-110.9962743786411,-2.999999999804666,-0.06490343027135431,0.3975276438322147,0.0024752999999999997,1.0,0.5887489169173903,0.0218,0.14819001778459273,0.57,0.8556288707523761
0.3262468347101488,0.00012100000000000001,98.38925865735021,-106.77285141441932,-113.14351136373106,-2.9999990808586876,0.27637848865953785,0.4343514304788012,0.0024752999999999997,1.0,0.6079429741343689,0.0218,0.14819001778459273,0.57,0.8556288707523761
0.34436826255584724,0.00012100000000000001,102.96126174028106,-108.93115744817571,-115.42951290519649,-2.999999999979848,0.5759952861662002,0.4999999374944636,0.0024752999999999997,1.0,0.6271370313513474,0.0218,0.14819001778459273,0.57,0.8556288707523761
0.36271900853261546,0.00012100000000000001,107.61619370650735,-111.03346978121274,-117.75697888830963,-2.9999999999845453,0.8843516663690554,0.4999995945678112,0.0024752999999999997,1.0,0.6463310885683259,0.0218,0.14819001778459273,0.57,0.8556288707523761
0.3812720334334112,0.00012100000000000001,112.23437958498565,-113.06001527085299,-120.06607182754878,-2.9999999999109783,1.1606777198899503,0.4999995475194552,0.0024752999999999997,1.0,0.6655251457853044,0.0218,0.14819001778459273,0.57,0.8556288707523761
0.4,0.00012100000000000001,116.62545766975975,-114.94700876177939,-122.26161086993584,-2.9999999999990035,1.4015219840737705,0.4999997681345808,0.0024752999999999997,1.0,0.684719203002283,0.0218,0.14819001778459273,0.57,0.8556288707523761
0.24000000000000005,0.000122,78.14665706734164,-95.40119776675064,-103.02221056872678,-2.999997843161883,-1.6053342955595058,0.2430959810962905,0.0024752999999999997,1.0,0.5119726880494763,0.0218,0.14819001778459273,0.57,0.8556288707523761
0.256582440274312,0.000122,80.01860968213268,-96.90654977463655,-103.9581868761223,-2.999999897906465,-1.1993058288259568,0.2784556086979635,0.0024752999999999997,1.0,0.5311667452664548,0.0218,0.14819001778459273,0.57,0.8556288707523761
0.27352354813649893,0.000122,82.53282468633375,-98.5596550118935,-105.21529437822284,-2.9999999790947864,-0.8039518105043157,0.31473367049049217,0.0024752999999999997,1.0,0.5503608024834333,0.0218,0.14819001778459273,0.57,0.8556288707523761
0.29079836143387255,0.000122,85.6387270399994,-100.346382565131,-106.76824555505566,-2.999999999996251,-0.42283050433361363,0.35154121710483843,0.0024752999999999997,1.0,0.5695548597004119,0.0218,0.14819001778459273,0.57,0.8556288707523761
0.3083814263100086,0.000122,89.43212863657516,-102.32486756386406,-108.66494635334354,-2.9999999201091287,-0.12336009819792275,0.4999994626192361,0.0024752999999999997,1.0,0.5887489169173903,0.0218,0.14819001778459273,0.57,0.8556288707523761
0.3262468347101488,0.000122,93.36458685325815,-104.27013378249995,-110.63117546168503,-2.9999999759088714,0.2390463520745499,0.4999881132676828,0.0024752999999999997,1.0,0.6079429741343689,0.0218,0.14819001778459273,0.57,0.8556288707523761
0.34436826255584724,0.000122,97.58904056702286,-106.23132066096841,-112.74340231856739,-2.9999999259663106,0.5993524963853213,0.45990072709275853,0.0024752999999999997,1.0,0.6271370313513474,0.0218,0.14819001778459273,0.57,0.8556288707523761
0.36271900853261546,0.000122,102.01609136258833,-108.2331191161879,-114.95692771635012,-2.999999999999955,0.8846902598355822,0.49999999973145937,0.0024752999999999997,1.0,0.6463310885683259,0.0218,0.14819001778459273,0.57,0.8556288707523761
0.3812720334334112,0.000122,106.40317011541276,-110.14410391565603,-117.15046709276234,-2.9999999981684526,1.1609418679353098,0.4999995172138705,0.0024752999999999997,1.0,0.6655251457853044,0.0218,0.14819001778459273,0.57,0.8556288707523761
0.4,0.000122,110.58692350992374,-111.92703087461287,-119.24234379001783,-2.999999999040295,1.4020290624988399,0.4999998157041792,0.0024752999999999997,1.0,0.684719203002283,0.0218,0.14819001778459273,0.57,0.8556288707523761
0.24000000000000005,0.000123,74.30221554098662,-93.48733282529741,-101.09998980554927,-2.999999899464146,-1.600116939239763,0.2356204828559325,0.0024752999999999997,1.0,0.5119726880494763,0.0218,0.14819001778459273,0.57,0.8556288707523761
0.256582440274312,0.000123,75.89019097026804,-94.84924977949143,-101.89397752018998,-2.999999929205606,-1.193530712502475,0.2703695738129326,0.0024752999999999997,1.0,0.5311667452664548,0.0218,0.14819001778459273,0.57,0.8556288707523761
0.27352354813649893,0.000123,78.11897126676399,-96.35783168012257,-103.00836766843796,-2.999998998711464,-0.7975823718489473,0.3060192933039467,0.0024752999999999997,1.0,0.5503608024834333,0.0218,0.14819001778459273,0.57,0.8556288707523761
0.29079836143387255,0.000123,80.94077824848208,-98.00028937787518,-104.419271159297,-2.999999930950843,-0.4159610951300631,0.3421867632927398,0.0024752999999999997,1.0,0.5695548597004119,0.0218,0.14819001778459273,0.57,0.8556288707523761
0.3083814263100086,0.000123,84.48734823205032,-99.85269744841088,-106.19255615108112,-2.999999999999955,-0.12156093477742487,0.49999999998671574,0.0024752999999999997,1.0,0.5887489169173903,0.0218,0.14819001778459273,0.57,0.8556288707523761
0.3262468347101488,0.000123,88.1396368129569,-101.65720389770321,-108.0187004415344,-2.9999932579095985,0.24102530091785407,0.4999883976290874,0.0024752999999999997,1.0,0.6079429741343689,0.0218,0.14819001778459273,0.57,0.8556288707523761
0.34436826255584724,0.000123,92.0802894790869,-103.47164558262271,-109.98902677459941,-2.9999999970241666,0.6081299674671533,0.4486478758217354,0.0024752999999999997,1.0,0.6271370313513474,0.0218,0.14819001778459273,0.57,0.8556288707523761
0.36271900853261546,0.000123,96.26759143406386,-105.356738321247,-112.08267775208789,-2.9999999356522142,0.8870957689515314,0.4998479844295488,0.0024752999999999997,1.0,0.6463310885683259,0.0218,0.14819001778459273,0.57,0.8556288707523761
0.3812720334334112,0.000123,100.4203813112037,-107.149685263903,-114.15907269065781,-2.999999999025325,1.163543946261119,0.4999974822070481,0.0024752999999999997,1.0,0.6655251457853044,0.0218,0.14819001778459273,0.57,0.8556288707523761
0.4,0.000123,104.39406052655173,-108.82687730706236,-116.14591229833182,-2.9999999996776108,1.4046813304078887,0.4999996069360889,0.0024752999999999997,1.0,0.684719203002283,0.0218,0.14819001778459273,0.57,0.8556288707523761
0.24000000000000005,0.000124,70.39243491650674,-91.54300480330315,-99.14509949330933,-2.99999999998613,-1.593502129154146,0.22767220510755048,0.0024752999999999997,1.0,0.5119726880494763,0.0218,0.14819001778459273,0.57,0.8556288707523761
0.256582440274312,0.000124,71.69527132376288,-92.76035594465255,-99.7965176969374,-2.99999991753336,-1.1863320171405416,0.2617233545901907,0.0024752999999999997,1.0,0.5311667452664548,0.0218,0.14819001778459273,0.57,0.8556288707523761
0.27352354813649893,0.000124,73.63805624674814,-94.123604289502,-100.76791015843003,-2.9999999214411317,-0.7897289818238029,0.2967374114385751,0.0024752999999999997,1.0,0.5503608024834333,0.0218,0.14819001778459273,0.57,0.8556288707523761
0.29079836143387255,0.000124,76.17585000564802,-95.62139489212333,-102.03680703787997,-2.9999999560104795,-0.40728885446769475,0.33210519509956415,0.0024752999999999997,1.0,0.5695548597004119,0.0218,0.14819001778459273,0.57,0.8556288707523761
0.3083814263100086,0.000124,79.23684713961171,-97.23393226131499,-103.56730560486182,-2.99999906474963,-0.04256705437532059,0.36752474586730355,0.0024752999999999997,1.0,0.5887489169173903,0.0218,0.14819001778459273,0.57,0.8556288707523761
0.3262468347101488,0.000124,82.85512930659229,-99.0140966135054,-105.3764466883521,-2.999999999999955,0.24445818705226427,0.49999999999316724,0.0024752999999999997,1.0,0.6079429741343689,0.0218,0.14819001778459273,0.57,0.8556288707523761
0.34436826255584724,0.000124,86.56482893675727,-100.7293838813368,-107.23129650343459,-2.9999956368116316,0.5821606984587393,0.49997814663027074,0.0024752999999999997,1.0,0.6271370313513474,0.0218,0.14819001778459273,0.57,0.8556288707523761
0.36271900853261546,0.000124,90.44924654351362,-102.42770576933914,-109.17350530681277,-2.9999999999994396,0.9092077487977257,0.46860968959680216,0.0024752999999999997,1.0,0.6463310885683259,0.0218,0.14819001778459273,0.57,0.8556288707523761
0.3812720334334112,0.000124,94.38333552920295,-104.12524871552151,-111.14054979965744,-2.9999999715756616,1.168615417637935,0.4984696976865207,0.0024752999999999997,1.0,0.6655251457853044,0.0218,0.14819001778459273,0.57,0.8556288707523761
0.4,0.000124,98.14905760756696,-105.69802048296138,-113.02341083883944,-2.9999999927101046,1.4091984995090991,0.49999957732653355,0.0024752999999999997,1.0,0.684719203002283,0.0218,0.14819001778459273,0.57,0.8556288707523761
0.24000000000000005,0.000125,66.46762695828627,-89.5926998840993,-97.1826955141991,-2.999999896586323,-1.5858914011384426,0.21927440899749207,0.0024752999999999997,1.0,0.5119726880494763,0.0218,0.14819001778459273,0.57,0.8556288707523761
0.256582440274312,0.000125,78.69728452290207,-92.46505413126073,-103.29752429650699,-2.999999999999955,-2.999999997669333,0.4970022678628635,0.0024752999999999997,1.0,0.5311667452664548,0.0218,0.14819001778459273,0.57,0.8556288707523761
0.27352354813649893,0.000125,69.14923692056303,-91.88637557277082,-98.52350049533747,-2.999996928084023,-0.7805946016614178,0.2868091808078206,0.0024752999999999997,1.0,0.5503608024834333,0.0218,0.14819001778459273,0.57,0.8556288707523761
0.29079836143387255,0.000125,71.40764183079582,-93.24128220323443,-99.65270295045387,-2.999999275810246,-0.39737324406670205,0.3214051819375394,0.0024752999999999997,1.0,0.5695548597004119,0.0218,0.14819001778459273,0.57,0.8556288707523761
0.3083814263100086,0.000125,74.19505595895922,-94.7134284788084,-101.04641001453557,-2.9999999225748697,-0.03198736513562722,0.35615596108507974,0.0024752999999999997,1.0,0.5887489169173903,0.0218,0.14819001778459273,0.57,0.8556288707523761
0.3262468347101488,0.000125,77.5842608745057,-96.37754268279774,-102.74101247230881,-2.999999999999955,0.24899645488566483,0.4999999998181289,0.0024752999999999997,1.0,0.6079429741343689,0.0218,0.14819001778459273,0.57,0.8556288707523761
0.34436826255584724,0.000125,81.03233114299908,-97.96029526754332,-104.4650476065555,-2.9999999999985034,0.5869960251624974,0.49999999845922116,0.0024752999999999997,1.0,0.6271370313513474,0.0218,0.14819001778459273,0.57,0.8556288707523761
0.36271900853261546,0.000125,84.68458593439371,-99.5571132965675,-106.29117500225281,-2.999999759399774,0.8962056184242216,0.4999890421275146,0.0024752999999999997,1.0,0.6463310885683259,0.0218,0.14819001778459273,0.57,0.8556288707523761
0.3812720334334112,0.000125,88.37546040634066,-101.10512513954215,-108.13661223822629,-2.9999999999359503,1.182384816071223,0.4842349383703949,0.0024752999999999997,1.0,0.6655251457853044,0.0218,0.14819001778459273,0.57,0.8556288707523761
0.4,0.000125,91.94269752884372,-102.58682839137172,-109.92023079947782,-2.999999999999868,1.4148725991184512,0.4999988658163972,0.0024752999999999997,1.0,0.684719203002283,0.0218,0.14819001778459273,0.57,0.8556288707523761
0.24000000000000005,0.00012600000000000003,62.572906170377394,-87.65835345190145,-95.23533512024466,-2.999999955368194,-1.577663861537198,0.21062802175471718,0.0024752999999999997,1.0,0.5119726880494763,0.0218,0.14819001778459273,0.57,0.8556288707523761
0.256582440274312,0.00012600000000000003,74.63913412618277,-90.43597892590921,-101.26844909814734,-2.999999999999955,-2.999999999999955,0.4887093702375207,0.0024752999999999997,1.0,0.5311667452664548,0.0218,0.14819001778459273,0.57,0.8556288707523761
0.27352354813649893,0.00012600000000000003,64.70413006453995,-89.67154533234566,-96.30094706732594,-2.999999937750388,-0.7706253947161649,0.27662748998054487,0.0024752999999999997,1.0,0.5503608024834333,0.0218,0.14819001778459273,0.57,0.8556288707523761
0.29079836143387255,0.00012600000000000003,66.69109079568389,-90.88719836442802,-97.2944274328979,-2.9999999549066567,-0.38667565610346577,0.31062649774637885,0.0024752999999999997,1.0,0.5695548597004119,0.0218,0.14819001778459273,0.57,0.8556288707523761
0.3083814263100086,0.00012600000000000003,69.21352583519013,-92.2229905330006,-98.55564495265102,-2.9999937726426658,-0.020145940764364562,0.34454407239310636,0.0024752999999999997,1.0,0.5887489169173903,0.0218,0.14819001778459273,0.57,0.8556288707523761
0.3262468347101488,0.00012600000000000003,72.17921869902509,-93.65337647649737,-100.0384913845685,-2.999999968722945,0.3244836811425316,0.3779548002281441,0.0024752999999999997,1.0,0.6079429741343689,0.0218,0.14819001778459273,0.57,0.8556288707523761
0.34436826255584724,0.00012600000000000003,75.58397080140256,-95.23278059954586,-101.74086743575724,-2.999999999999955,0.5926494140267283,0.49999999999610667,0.0024752999999999997,1.0,0.6271370313513474,0.0218,0.14819001778459273,0.57,0.8556288707523761
0.36271900853261546,0.00012600000000000003,78.99998598656839,-96.70943041190077,-103.44887502834015,-2.999999999999806,0.9021911595682726,0.49999999694988506,0.0024752999999999997,1.0,0.6463310885683259,0.0218,0.14819001778459273,0.57,0.8556288707523761
0.3812720334334112,0.00012600000000000003,82.47772922236538,-98.15962959429828,-105.18774664623865,-2.999999991271911,1.1795311830437056,0.49999265622335254,0.0024752999999999997,1.0,0.6655251457853044,0.0218,0.14819001778459273,0.57,0.8556288707523761
0.4,0.00012600000000000003,85.84839280556292,-99.53017595882706,-106.87307843783742,-2.9999993754352383,1.4215724958411788,0.49980295335040914,0.0024752999999999997,1.0,0.684719203002283,0.0218,0.14819001778459273,0.57,0.8556288707523761
0.24000000000000005,0.00012700000000000002,58.74677462865657,-85.75854220892955,-93.32226934938424,-2.999996670270819,-1.5692462887630463,0.2022546926258031,0.0024752999999999997,1.0,0.5119726880494763,0.0218,0.14819001778459273,0.57,0.8556288707523761
0.256582440274312,0.00012700000000000002,70.66310025997345,-88.44796199511204,-99.28043216504268,-2.999999999999955,-2.9999999992307935,0.4805110733062833,0.0024752999999999997,1.0,0.5311667452664548,0.0218,0.14819001778459273,0.57,0.8556288707523761
0.27352354813649893,0.00012700000000000002,60.34541870933964,-87.4999561139047,-94.12159138972578,-2.9999999272898257,-0.760480534547998,0.2668151947317092,0.0024752999999999997,1.0,0.5503608024834333,0.0218,0.14819001778459273,0.57,0.8556288707523761
0.29079836143387255,0.00012700000000000002,62.07078357894545,-88.58124650748994,-94.98427382452869,-2.999999784123472,-0.3756535436540397,0.2998768231961204,0.0024752999999999997,1.0,0.5695548597004119,0.0218,0.14819001778459273,0.57,0.8556288707523761
0.3083814263100086,0.00012700000000000002,64.33852481115267,-89.78563876830272,-96.11814444063229,-2.9999999689933965,-0.008437192777638422,0.33296117321486896,0.0024752999999999997,1.0,0.5887489169173903,0.0218,0.14819001778459273,0.57,0.8556288707523761
0.3262468347101488,0.00012700000000000002,67.05970377927369,-91.08941350695245,-97.4787339246928,-2.9999913183034983,0.33727226554750034,0.3656503714609841,0.0024752999999999997,1.0,0.6079429741343689,0.0218,0.14819001778459273,0.57,0.8556288707523761
0.34436826255584724,0.00012700000000000002,70.26849315673343,-92.5713740500743,-99.08312861342267,-2.999999999999955,0.5988061307470344,0.4999999907544608,0.0024752999999999997,1.0,0.6271370313513474,0.0218,0.14819001778459273,0.57,0.8556288707523761
0.36271900853261546,0.00012700000000000002,73.45969991034889,-93.93339148458908,-100.6787319902304,-2.999999999999955,0.9087027384167672,0.49999999999934674,0.0024752999999999997,1.0,0.6463310885683259,0.0218,0.14819001778459273,0.57,0.8556288707523761
0.3812720334334112,0.00012700000000000002,76.73190743151088,-95.27863115337136,-102.3148357508114,-2.999999999999955,1.1863679237081268,0.4999999905116026,0.0024752999999999997,1.0,0.6655251457853044,0.0218,0.14819001778459273,0.57,0.8556288707523761
0.4,0.00012700000000000002,79.91982234270881,-96.55570133975333,-103.90879320641037,-2.999999999858634,1.4287208928567807,0.4999931924630392,0.0024752999999999997,1.0,0.684719203002283,0.0218,0.14819001778459273,0.57,0.8556288707523761
0.24000000000000005,0.00012800000000000002,55.020615465978096,-83.9089575176421,-91.45918976804501,-2.9999999323293958,-1.5606167250009415,0.1942336769300278,0.0024752999999999997,1.0,0.5119726880494763,0.0218,0.14819001778459273,0.57,0.8556288707523761
0.256582440274312,0.00012800000000000002,55.241743688083886,-84.57573797076685,-91.5697538790979,-2.9999999999392712,-1.150257133231388,0.22534310293542836,0.0024752999999999997,1.0,0.5311667452664548,0.0218,0.14819001778459273,0.57,0.8556288707523761
0.27352354813649893,0.00012800000000000002,56.10650910696032,-85.38820894589772,-92.00213658853612,-2.999999693460077,-0.7502778019103721,0.2571992839868218,0.0024752999999999997,1.0,0.5503608024834333,0.0218,0.14819001778459273,0.57,0.8556288707523761
0.29079836143387255,0.00012800000000000002,57.580867382391176,-86.34043891873628,-92.73931572625155,-2.999999416131221,-0.36444035693935717,0.28950880178290017,0.0024752999999999997,1.0,0.5695548597004119,0.0218,0.14819001778459273,0.57,0.8556288707523761
0.3083814263100086,0.00012800000000000002,59.60487395501738,-87.4188432459678,-93.75131901256465,-2.9999996863279943,0.0036153490619004187,0.32184449145696403,0.0024752999999999997,1.0,0.5887489169173903,0.0218,0.14819001778459273,0.57,0.8556288707523761
0.3262468347101488,0.00012800000000000002,62.09247461035227,-88.60136474072304,-94.9951193402321,-2.9999999311522836,0.3500989397693414,0.3537905512007573,0.0024752999999999997,1.0,0.6079429741343689,0.0218,0.14819001778459273,0.57,0.8556288707523761
0.34436826255584724,0.00012800000000000002,64.93291315726395,-89.85720359878195,-96.41533861368794,-2.9999999417900285,0.6718110110700956,0.38466479120983044,0.0024752999999999997,1.0,0.6271370313513474,0.0218,0.14819001778459273,0.57,0.8556288707523761
0.36271900853261546,0.00012800000000000002,68.09795218456239,-91.24633161349769,-97.99785812733715,-2.999999999999955,0.9154849442794784,0.49999999999210953,0.0024752999999999997,1.0,0.6463310885683259,0.0218,0.14819001778459273,0.57,0.8556288707523761
0.3812720334334112,0.00012800000000000002,71.17590900209211,-92.49216286375007,-99.53683653610202,-2.999999999999955,1.1934852325133245,0.49999999993073996,0.0024752999999999997,1.0,0.6655251457853044,0.0218,0.14819001778459273,0.57,0.8556288707523761
0.4,0.00012800000000000002,74.19155147347948,-93.68094647123311,-101.0446577717957,-2.999999999999955,1.4361344841791939,0.4999995850628828,0.0024752999999999997,1.0,0.684719203002283,0.0218,0.14819001778459273,0.57,0.8556288707523761
0.24000000000000005,0.000129,51.41929617850434,-82.12101304598548,-89.65853012430813,-2.9999999166783855,-1.552447845210331,0.18678160467903693,0.0024752999999999997,1.0,0.5119726880494763,0.0218,0.14819001778459273,0.57,0.8556288707523761
0.256582440274312,0.000129,51.393072356165646,-82.66177020084092,-89.64541821313878,-2.999999955647387,-1.1412081082057772,0.21716359721633594,0.0024752999999999997,1.0,0.5311667452664548,0.0218,0.14819001778459273,0.57,0.8556288707523761
0.27352354813649893,0.000129,52.01257876840134,-83.34857356889025,-89.95517141925663,-2.9999999433835947,-0.7404429052630732,0.24834006605364078,0.0024752999999999997,1.0,0.5503608024834333,0.0218,0.14819001778459273,0.57,0.8556288707523761
0.29079836143387255,0.000129,53.24632486121021,-84.17699452312335,-90.57204446566107,-2.999999953783908,-0.353779335031306,0.2799118003090326,0.0024752999999999997,1.0,0.5695548597004119,0.0218,0.14819001778459273,0.57,0.8556288707523761
0.3083814263100086,0.000129,55.03708872643983,-85.13484514031762,-91.46742639827588,-2.999999547296482,0.014996254886212614,0.3115077869421381,0.0024752999999999997,1.0,0.5887489169173903,0.0218,0.14819001778459273,0.57,0.8556288707523761
0.3262468347101488,0.000129,57.30162840226069,-86.20152049842065,-92.5996962361863,-2.9999999659356114,0.36250701433329496,0.3426867273556393,0.0024752999999999997,1.0,0.6079429741343689,0.0218,0.14819001778459273,0.57,0.8556288707523761
0.34436826255584724,0.000129,59.932056301987956,-87.34778459491976,-93.91491018604994,-2.999999996351478,0.6850626684287261,0.3728720998111765,0.0024752999999999997,1.0,0.6271370313513474,0.0218,0.14819001778459273,0.57,0.8556288707523761
0.36271900853261546,0.000129,62.9354932518043,-88.65880930887293,-95.41662866095811,-2.999999999999955,0.9223331066885989,0.4999999802617885,0.0024752999999999997,1.0,0.6463310885683259,0.0218,0.14819001778459273,0.57,0.8556288707523761
0.3812720334334112,0.000129,65.82956609341406,-89.81040283867262,-96.86366508176299,-2.999999999999955,1.2006598776107298,0.49999999973432063,0.0024752999999999997,1.0,0.6655251457853044,0.0218,0.14819001778459273,0.57,0.8556288707523761
0.4,0.000129,68.68247693146307,-90.91565174095739,-98.2901205007875,-2.999999999999955,1.4436056162206112,0.4999993935086895,0.0024752999999999997,1.0,0.684719203002283,0.0218,0.14819001778459273,0.57,0.8556288707523761
0.24000000000000005,0.00013000000000000002,47.962372893548604,-80.40465324123412,-87.93006848183026,-2.9999999263732415,-1.5446328296640777,0.1799456846219798,0.0024752999999999997,1.0,0.5119726880494763,0.0218,0.14819001778459273,0.57,0.8556288707523761
0.256582440274312,0.00013000000000000002,47.69866289009971,-80.82437716953629,-87.79821348010582,-2.999974355524119,-1.1326456386972523,0.20967915247543156,0.0024752999999999997,1.0,0.5311667452664548,0.0218,0.14819001778459273,0.57,0.8556288707523761
0.27352354813649893,0.00013000000000000002,48.08255839030389,-81.39042852958974,-87.9901612302079,-2.9999996503933906,-0.7311136398666523,0.24024762289335144,0.0024752999999999997,1.0,0.5503608024834333,0.0218,0.14819001778459273,0.57,0.8556288707523761
0.29079836143387255,0.00013000000000000002,49.08535050072098,-82.10008135911302,-88.49155728541645,-2.9999999155050046,-0.3435287689554337,0.2710868822528456,0.0024752999999999997,1.0,0.5695548597004119,0.0218,0.14819001778459273,0.57,0.8556288707523761
0.3083814263100086,0.00013000000000000002,50.65234273388995,-82.94224595960537,-89.27505340200094,-2.999999817889451,0.02599294091880501,0.3019984436514699,0.0024752999999999997,1.0,0.5887489169173903,0.0218,0.14819001778459273,0.57,0.8556288707523761
0.3262468347101488,0.00013000000000000002,52.70302197948564,-83.89785796133022,-90.30039302479878,-2.999999965578796,0.3743394034663834,0.3325071897109869,0.0024752999999999997,1.0,0.6079429741343689,0.0218,0.14819001778459273,0.57,0.8556288707523761
0.34436826255584724,0.00013000000000000002,55.13224798709936,-84.93918029997776,-91.51500602860564,-2.999999987666993,0.6976468926161696,0.36200749177316327,0.0024752999999999997,1.0,0.6271370313513474,0.0218,0.14819001778459273,0.57,0.8556288707523761
0.36271900853261546,0.00013000000000000002,57.983864451844056,-86.17674964662837,-92.94081426097799,-2.999999999999955,0.9290795898214179,0.499992924010375,0.0024752999999999997,1.0,0.6463310885683259,0.0218,0.14819001778459273,0.57,0.8556288707523761
0.3812720334334112,0.00013000000000000002,60.70277651319782,-87.23851581380362,-94.30027029165487,-2.999999999999955,1.2077121392227428,0.4999999521815566,0.0024752999999999997,1.0,0.6655251457853044,0.0218,0.14819001778459273,0.57,0.8556288707523761
0.4,0.00013000000000000002,63.40084360445343,-88.26421527655094,-95.64930383728267,-2.999999999999955,1.450943409298569,0.49999483450422644,0.0024752999999999997,1.0,0.684719203002283,0.0218,0.14819001778459273,0.57,0.8556288707523761
0.24000000000000005,0.000131,44.66598123093297,-78.76755013490335,-86.28187265052244,-2.99998947503597,-1.5374549867995546,0.17381335731721392,0.0024752999999999997,1.0,0.5119726880494763,0.0218,0.14819001778459273,0.57,0.8556288707523761
0.256582440274312,0.000131,44.1740326781148,-79.07045825743982,-86.03589837411336,-2.999999803278922,-1.1251404664292814,0.20304973580419272,0.0024752999999999997,1.0,0.5311667452664548,0.0218,0.14819001778459273,0.57,0.8556288707523761
0.27352354813649893,0.000131,44.33172533025288,-79.52138640576408,-86.1147447001824,-2.999999833948617,-0.7223414986473606,0.23282729884033115,0.0024752999999999997,1.0,0.5503608024834333,0.0218,0.14819001778459273,0.57,0.8556288707523761
0.29079836143387255,0.000131,45.11239982004102,-80.11677454541353,-86.50508194507647,-2.99999995253814,-0.3341777066475714,0.26312722037463576,0.0024752999999999997,1.0,0.5695548597004119,0.0218,0.14819001778459273,0.57,0.8556288707523761
0.3083814263100086,0.000131,46.464005418690675,-80.84775816850022,-87.1808847444013,-2.9999997699557204,0.03625172535185314,0.29338754515665055,0.0024752999999999997,1.0,0.5887489169173903,0.0218,0.14819001778459273,0.57,0.8556288707523761
0.3262468347101488,0.000131,48.30867698403418,-81.69647979094019,-88.10322052707305,-2.9999997533522147,0.38541225677912666,0.32335156371176477,0.0024752999999999997,1.0,0.6079429741343689,0.0218,0.14819001778459273,0.57,0.8556288707523761
0.34436826255584724,0.000131,50.54395271519658,-82.6367806908756,-89.22085839265425,-2.9999999063846388,0.7093769243305477,0.35213288702575474,0.0024752999999999997,1.0,0.6271370313513474,0.0218,0.14819001778459273,0.57,0.8556288707523761
0.36271900853261546,0.000131,53.04581228576458,-83.63411410586768,-90.47178817793825,-2.9999999998914695,1.0051904298766088,0.37954478570625416,0.0024752999999999997,1.0,0.6463310885683259,0.0218,0.14819001778459273,0.57,0.8556288707523761
0.3812720334334112,0.000131,55.6736150140253,-84.64718368746014,-91.78568954206861,-2.9999999949560063,1.2696737356518448,0.40493412288857344,0.0024752999999999997,1.0,0.6655251457853044,0.0218,0.14819001778459273,0.57,0.8556288707523761
0.4,0.000131,58.27685249544308,-85.62975063005511,-93.0873082827775,-2.999999999999955,1.5000583191890442,0.42775914023630723,0.0024752999999999997,1.0,0.684719203002283,0.0218,0.14819001778459273,0.57,0.8556288707523761
0.24000000000000005,0.000132,41.54437728054896,-77.21674597813032,-84.72107067533044,-2.999999579282956,-1.5309185393826612,0.16836372440302794,0.0024752999999999997,1.0,0.5119726880494763,0.0218,0.14819001778459273,0.57,0.8556288707523761
0.256582440274312,0.000132,40.83387581865006,-77.40882447996626,-84.36581994438099,-2.999999651855538,-1.1176102510353598,0.19705090270237346,0.0024752999999999997,1.0,0.5311667452664548,0.0218,0.14819001778459273,0.57,0.8556288707523761
0.27352354813649893,0.000132,40.774285516542534,-77.74831288168365,-84.33602479332723,-2.9999999485243403,-0.7144814816804836,0.22627483254542036,0.0024752999999999997,1.0,0.5503608024834333,0.0218,0.14819001778459273,0.57,0.8556288707523761
0.29079836143387255,0.000132,41.34126842028391,-78.23405978938133,-84.61951624519791,-2.999999958954859,-0.32553465779733237,0.2559873460570059,0.0024752999999999997,1.0,0.5695548597004119,0.0218,0.14819001778459273,0.57,0.8556288707523761
0.3083814263100086,0.000132,42.485230480503446,-78.85798790957631,-85.19149727530768,-2.9999999462105738,0.0455928692067665,0.28566484027251215,0.0024752999999999997,1.0,0.5887489169173903,0.0218,0.14819001778459273,0.57,0.8556288707523761
0.3262468347101488,0.000132,44.13088778499392,-79.60369162038526,-86.01432592755292,-2.999999898746044,0.39538446780601805,0.3149493346512203,0.0024752999999999997,1.0,0.6079429741343689,0.0218,0.14819001778459273,0.57,0.8556288707523761
0.34436826255584724,0.000132,46.17841715326733,-80.44632009408421,-87.03809061168963,-2.9999995490167923,0.7201412338097829,0.34325121367504585,0.0024752999999999997,1.0,0.6271370313513474,0.0218,0.14819001778459273,0.57,0.8556288707523761
0.36271900853261546,0.000132,48.506408237800315,-81.35284266421203,-88.20208615395612,-2.999999999925198,1.0166349568356379,0.37010879415112563,0.0024752999999999997,1.0,0.6463310885683259,0.0218,0.14819001778459273,0.57,0.8556288707523761
0.3812720334334112,0.000132,50.97675802735793,-82.28334682937454,-89.43726104873492,-2.9999999994231756,1.28175196419,0.39497916790024923,0.0024752999999999997,1.0,0.6655251457853044,0.0218,0.14819001778459273,0.57,0.8556288707523761
0.4,0.000132,53.4413175357945,-83.19290712016227,-90.66954080295321,-2.9999999978261247,1.5127217305731806,0.41733180248393953,0.0024752999999999997,1.0,0.684719203002283,0.0218,0.14819001778459273,0.57,0.8556288707523761
0.24000000000000005,0.000133,38.6113240531123,-75.75908560680833,-83.25454406161211,-2.9999996486071208,-1.5251159541123227,0.1636337048853861,0.0024752999999999997,1.0,0.5119726880494763,0.0218,0.14819001778459273,0.57,0.8556288707523761
0.256582440274312,0.000133,37.69241188217478,-75.84528645557536,-82.79508797614335,-2.9999999360820935,-1.1111539408050604,0.1918308700893432,0.0024752999999999997,1.0,0.5311667452664548,0.0218,0.14819001778459273,0.57,0.8556288707523761
0.27352354813649893,0.000133,37.42510625104467,-76.078638370801,-82.66143516057829,-2.9999997027108507,-0.70756979783807,0.22046393898715055,0.0024752999999999997,1.0,0.5503608024834333,0.0218,0.14819001778459273,0.57,0.8556288707523761
0.29079836143387255,0.000133,37.78723524267329,-76.45950987507405,-82.8424996563926,-2.999999907086232,-0.3178675441798439,0.24965446497610788,0.0024752999999999997,1.0,0.5695548597004119,0.0218,0.14819001778459273,0.57,0.8556288707523761
0.3083814263100086,0.000133,38.731574872341724,-76.9807385875738,-83.31466947122682,-2.9999984195651743,0.054137837375744687,0.2789033379722521,0.0024752999999999997,1.0,0.5887489169173903,0.0218,0.14819001778459273,0.57,0.8556288707523761
0.3262468347101488,0.000133,40.185319453617836,-77.6271309635268,-84.04154176186488,-2.9999999362139746,0.40482296737650025,0.3075163017828695,0.0024752999999999997,1.0,0.6079429741343689,0.0218,0.14819001778459273,0.57,0.8556288707523761
0.34436826255584724,0.000133,42.051265582098694,-78.3756476615989,-84.9745148261053,-2.999998502350417,0.7299335383658362,0.33528541177573934,0.0024752999999999997,1.0,0.6271370313513474,0.0218,0.14819001778459273,0.57,0.8556288707523761
0.36271900853261546,0.000133,44.21058276223121,-79.1942668835477,-86.05417341617157,-2.9999999992467137,1.027069970980873,0.36162571633005935,0.0024752999999999997,1.0,0.6463310885683259,0.0218,0.14819001778459273,0.57,0.8556288707523761
0.3812720334334112,0.000133,46.5277378195087,-80.04463036386679,-87.21275094481031,-2.99999999886433,1.2927880043627722,0.3860123268002339,0.0024752999999999997,1.0,0.6655251457853044,0.0218,0.14819001778459273,0.57,0.8556288707523761
0.4,0.000133,48.856989413954324,-80.88316694420152,-88.37737674203312,-2.999999993962343,1.5242963253292858,0.40792263771305626,0.0024752999999999997,1.0,0.684719203002283,0.0218,0.14819001778459273,0.57,0.8556288707523761
0.24000000000000005,0.000134,35.879940152598465,-74.401046242065,-81.88885211135519,-2.99999892395919,-1.5200913953928314,0.15924410809785172,0.0024752999999999997,1.0,0.5119726880494763,0.0218,0.14819001778459273,0.57,0.8556288707523761
0.256582440274312,0.000134,34.764180822235886,-74.38767152497634,-81.3309724461739,-2.999999855571424,-1.1052883625958358,0.18695411979777998,0.0024752999999999997,1.0,0.5311667452664548,0.0218,0.14819001778459273,0.57,0.8556288707523761
0.27352354813649893,0.000134,34.300138261677944,-74.52070470124855,-81.09895116589493,-2.9999985128630016,-0.7011144754145147,0.21532324793947022,0.0024752999999999997,1.0,0.5503608024834333,0.0218,0.14819001778459273,0.57,0.8556288707523761
0.29079836143387255,0.000134,34.467658869188284,-74.80199162854727,-81.1827114696501,-2.9999991095152447,-0.3106520250000024,0.2438603934551451,0.0024752999999999997,1.0,0.5695548597004119,0.0218,0.14819001778459273,0.57,0.8556288707523761
0.3083814263100086,0.000134,35.22175175784591,-75.22539002264502,-81.55975791397891,-2.999998221568978,0.0616936688321428,0.27263209158954693,0.0024752999999999997,1.0,0.5887489169173903,0.0218,0.14819001778459273,0.57,0.8556288707523761
0.3262468347101488,0.000134,36.49201650152648,-75.77721559999534,-82.1948902858192,-2.9999999693913004,0.4128065053061969,0.30080025709430136,0.0024752999999999997,1.0,0.6079429741343689,0.0218,0.14819001778459273,0.57,0.8556288707523761
0.34436826255584724,0.000134,38.183779219132305,-76.43534331423214,-83.04077164462211,-2.9999956167792803,0.73887929704942,0.3280684188808506,0.0024752999999999997,1.0,0.6271370313513474,0.0218,0.14819001778459273,0.57,0.8556288707523761
0.36271900853261546,0.000134,40.18073044161295,-77.16948652418907,-84.03924725586243,-2.9999999774284043,1.0366201108889992,0.35393947021201666,0.0024752999999999997,1.0,0.6463310885683259,0.0218,0.14819001778459273,0.57,0.8556288707523761
0.3812720334334112,0.000134,42.349934875025326,-77.94259142354946,-85.12384947256862,-2.999999983554497,1.302910531170331,0.3778726906590141,0.0024752999999999997,1.0,0.6655251457853044,0.0218,0.14819001778459273,0.57,0.8556288707523761
0.4,0.000134,44.54808644451808,-78.71241987277834,-86.222925257315,-2.9999999207702004,1.5349498037314828,0.39936941117610103,0.0024752999999999997,1.0,0.684719203002283,0.0218,0.14819001778459273,0.57,0.8556288707523761
0.24000000000000005,0.000135,33.36232549135502,-73.15016123594533,-80.63004478073347,-2.999872296542947,-1.5151214306231842,0.15541150078561194,0.0024752999999999997,1.0,0.5119726880494763,0.0218,0.14819001778459273,0.57,0.8556288707523761
0.256582440274312,0.000135,32.06312833502972,-73.04303911614616,-79.98044620257082,-2.9999998784043553,-1.099942979406828,0.18263249345762889,0.0024752999999999997,1.0,0.5311667452664548,0.0218,0.14819001778459273,0.57,0.8556288707523761
0.27352354813649893,0.000135,31.415476326736723,-73.08250667269891,-79.65662019842432,-2.999998426759198,-0.6951950419963913,0.21056583305409293,0.0024752999999999997,1.0,0.5503608024834333,0.0218,0.14819001778459273,0.57,0.8556288707523761
0.29079836143387255,0.000135,31.40091044363706,-73.27057316991676,-79.64933725687449,-2.9999999045627965,-0.3042834239025837,0.23876083522620972,0.0024752999999999997,1.0,0.5695548597004119,0.0218,0.14819001778459273,0.57,0.8556288707523761
0.3083814263100086,0.000135,31.976508985703077,-73.60229832838817,-79.9371365279075,-2.9999999359548855,0.06882179039045198,0.26695761388589845,0.0024752999999999997,1.0,0.5887489169173903,0.0218,0.14819001778459273,0.57,0.8556288707523761
0.3262468347101488,0.000135,33.07413767559291,-74.0650692270001,-80.48595087285241,-2.9999999330908973,0.42050368450522063,0.2946373423512223,0.0024752999999999997,1.0,0.6079429741343689,0.0218,0.14819001778459273,0.57,0.8556288707523761
0.34436826255584724,0.000135,34.60153057014713,-74.63807978225701,-81.24964732012953,-2.999987325006472,0.7471752010531202,0.32152139919882894,0.0024752999999999997,1.0,0.6271370313513474,0.0218,0.14819001778459273,0.57,0.8556288707523761
0.36271900853261546,0.000135,36.44474942490035,-75.29222734898778,-82.17125674750613,-2.9999996384852907,1.0455240894632893,0.3468830141251651,0.0024752999999999997,1.0,0.6463310885683259,0.0218,0.14819001778459273,0.57,0.8556288707523761
0.3812720334334112,0.000135,38.473455999048895,-75.99198618592591,-83.1856100345804,-2.9999997763788664,1.3123675912483361,0.37038308069049486,0.0024752999999999997,1.0,0.6655251457853044,0.0218,0.14819001778459273,0.57,0.8556288707523761
0.4,0.000135,40.546739123912374,-76.69641679575174,-84.22225159701215,-2.9999987927849365,1.544906631914349,0.3914936998935252,0.0024752999999999997,1.0,0.684719203002283,0.0218,0.14819001778459273,0.57,0.8556288707523761
0.24000000000000005,0.000136,31.067459290526045,-72.00930402792609,-79.48261168031898,-2.9999972240053054,-1.51052693331481,0.15177609445212326,0.0024752999999999997,1.0,0.5119726880494763,0.0218,0.14819001778459273,0.57,0.8556288707523761
0.256582440274312,0.000136,29.601035330400805,-71.81757150059313,-78.74939970025636,-2.9999998031689294,-1.094859459399266,0.1786989261852071,0.0024752999999999997,1.0,0.5311667452664548,0.0218,0.14819001778459273,0.57,0.8556288707523761
0.27352354813649893,0.000136,28.785467509918163,-71.77154501858897,-78.34161579001504,-2.9999998155826373,-0.6893491893659529,0.2060794982599755,0.0024752999999999997,1.0,0.5503608024834333,0.0218,0.14819001778459273,0.57,0.8556288707523761
0.29079836143387255,0.000136,28.60414348293591,-71.87408967248638,-78.25095377652391,-2.9999973618908955,-0.297999483633719,0.2341039972822051,0.0024752999999999997,1.0,0.5695548597004119,0.0218,0.14819001778459273,0.57,0.8556288707523761
0.3083814263100086,0.000136,29.015980719255026,-72.12154466029936,-78.45687239468347,-2.999999913005795,0.07560189320807859,0.26168969773829986,0.0024752999999999997,1.0,0.5887489169173903,0.0218,0.14819001778459273,0.57,0.8556288707523761
0.3262468347101488,0.000136,29.954918850266722,-72.50231215109636,-78.92634146018932,-2.999999887703991,0.427923997323334,0.2890206788706049,0.0024752999999999997,1.0,0.6079429741343689,0.0218,0.14819001778459273,0.57,0.8556288707523761
0.34436826255584724,0.000136,31.33082293439037,-72.99715370858051,-79.61429350225114,-2.9999997050606324,0.7545468921813937,0.31534440354631754,0.0024752999999999997,1.0,0.6271370313513474,0.0218,0.14819001778459273,0.57,0.8556288707523761
0.36271900853261546,0.000136,33.03224151456294,-73.57697678726801,-80.46500279233743,-2.9999980850912578,1.054098266344672,0.3403417091541092,0.0024752999999999997,1.0,0.6463310885683259,0.0218,0.14819001778459273,0.57,0.8556288707523761
0.3812720334334112,0.000136,34.93097420157062,-74.20875432153463,-81.41436913584127,-2.99999845987902,1.3214758888682072,0.36344362625021664,0.0024752999999999997,1.0,0.6655251457853044,0.0218,0.14819001778459273,0.57,0.8556288707523761
0.4,0.000136,36.88854566085047,-74.85246129706961,-82.3931548654812,-2.9999841743949975,1.55452299620364,0.38422573451721853,0.0024752999999999997,1.0,0.684719203002283,0.0218,0.14819001778459273,0.57,0.8556288707523761
0.24000000000000005,0.000137,29.00131392089952,-70.98761622763041,-78.44953899550572,-2.9984845658158146,-1.5059865536711017,0.14851890341555885,0.0024752999999999997,1.0,0.5119726880494763,0.0218,0.14819001778459273,0.57,0.8556288707523761
0.256582440274312,0.000137,27.38564881613911,-70.71555026733922,-77.64170644312551,-2.9999791927672863,-1.0897232905922138,0.1750002247178858,0.0024752999999999997,1.0,0.5311667452664548,0.0218,0.14819001778459273,0.57,0.8556288707523761
0.27352354813649893,0.000137,26.420402128662772,-70.59290707159528,-77.15908309938735,-2.999993256591318,-0.6837047400113294,0.202084209381717,0.0024752999999999997,1.0,0.5503608024834333,0.0218,0.14819001778459273,0.57,0.8556288707523761
0.29079836143387255,0.000137,26.090446153214828,-70.61905376204031,-76.99410511166337,-2.9999998176632503,-0.2918277724785567,0.2294787198194842,0.0024752999999999997,1.0,0.5695548597004119,0.0218,0.14819001778459273,0.57,0.8556288707523761
0.3083814263100086,0.000137,26.35636280902048,-70.79119528431758,-77.1270634395662,-2.999999284506497,0.08246368280006054,0.25677291453373496,0.0024752999999999997,1.0,0.5887489169173903,0.0218,0.14819001778459273,0.57,0.8556288707523761
0.3262468347101488,0.000137,27.153860274032326,-71.09857513141239,-77.52581217207212,-2.999999918072838,0.4353552898560368,0.28372289742762324,0.0024752999999999997,1.0,0.6079429741343689,0.0218,0.14819001778459273,0.57,0.8556288707523761
0.34436826255584724,0.000137,28.394745698411384,-71.52253605676111,-78.14625488426165,-2.9999999179909187,0.7632154365438146,0.3096751701875423,0.0024752999999999997,1.0,0.6271370313513474,0.0218,0.14819001778459273,0.57,0.8556288707523761
0.36271900853261546,0.000137,29.969606972743293,-72.036586574256,-78.9336855214276,-2.99999592045184,1.0626768215872315,0.3342579111551157,0.0024752999999999997,1.0,0.6463310885683259,0.0218,0.14819001778459273,0.57,0.8556288707523761
0.3812720334334112,0.000137,31.7523268590557,-72.60732107935577,-79.82504546458381,-2.9999891592007453,1.3306289755815848,0.3569768454540828,0.0024752999999999997,1.0,0.6655251457853044,0.0218,0.14819001778459273,0.57,0.8556288707523761
0.4,0.000137,33.60631407369917,-73.19630216850372,-80.75203907190554,-2.9999999412834977,1.5641399600502122,0.3773557664785335,0.0024752999999999997,1.0,0.684719203002283,0.0218,0.14819001778459273,0.57,0.8556288707523761
0.24000000000000005,0.000138,27.148964621086407,-70.17360028904143,-77.52336434559916,-2.9622917958829746,-1.5031350853077408,0.14663036582933997,0.0024752999999999997,1.0,0.5119726880494763,0.0218,0.14819001778459273,0.57,0.8556288707523761
0.256582440274312,0.000138,25.41894550698001,-69.73807729805183,-76.65835478854596,-2.999990813207866,-1.0842830613727545,0.17151238916373368,0.0024752999999999997,1.0,0.5311667452664548,0.0218,0.14819001778459273,0.57,0.8556288707523761
0.27352354813649893,0.000138,24.324353388070392,-69.54889275577393,-76.11105872909116,-2.999998736240689,-0.6777899266822452,0.198256201605723,0.0024752999999999997,1.0,0.5503608024834333,0.0218,0.14819001778459273,0.57,0.8556288707523761
0.29079836143387255,0.000138,23.86633355668775,-69.50890197720247,-75.88204881339983,-2.999999694542955,-0.2852282606266511,0.22528983340896724,0.0024752999999999997,1.0,0.5695548597004119,0.0218,0.14819001778459273,0.57,0.8556288707523761
0.3083814263100086,0.000138,24.006836088440167,-69.61581248402965,-75.95230007927604,-2.9999997045542357,0.08964719008697625,0.25226684342347316,0.0024752999999999997,1.0,0.5887489169173903,0.0218,0.14819001778459273,0.57,0.8556288707523761
0.3262468347101488,0.000138,24.683079702493302,-69.85977259097855,-76.29042188630261,-2.99999980639102,0.4431245962764534,0.2787249342140893,0.0024752999999999997,1.0,0.6079429741343689,0.0218,0.14819001778459273,0.57,0.8556288707523761
0.34436826255584724,0.000138,25.80854600882114,-70.22313012831627,-76.85315503946653,-2.999958101374931,0.771596311434055,0.3043108970754469,0.0024752999999999997,1.0,0.6271370313513474,0.0218,0.14819001778459273,0.57,0.8556288707523761
0.36271900853261546,0.000138,27.27528191121354,-70.6798536765564,-77.58652299066273,-2.9999897362798844,1.0716621976869425,0.3285096444790767,0.0024752999999999997,1.0,0.6463310885683259,0.0218,0.14819001778459273,0.57,0.8556288707523761
0.3812720334334112,0.000138,28.95903330482193,-71.19791553699515,-78.42839868746692,-2.999999817293885,1.3401593385502395,0.3509366258873212,0.0024752999999999997,1.0,0.6655251457853044,0.0218,0.14819001778459273,0.57,0.8556288707523761
0.4,0.000138,30.72496260028433,-71.73999720940913,-79.31136333519812,-2.999999947981597,1.574100447624487,0.3708219812683522,0.0024752999999999997,1.0,0.684719203002283,0.0218,0.14819001778459273,0.57,0.8556288707523761
0.24000000000000005,0.00013900000000000002,24.83295530995423,-70.25266618239256,-76.36535969003307,-2.516703855117222,-1.492195823758518,0.15129528777961698,0.0024752999999999997,1.0,0.5119726880494763,0.0218,0.14819001778459273,0.57,0.8556288707523761
0.256582440274312,0.00013900000000000002,23.696175107183592,-68.88326749604947,-75.79696958864776,-2.999980373608971,-1.078230772460496,0.1680422514772809,0.0024752999999999997,1.0,0.5311667452664548,0.0218,0.14819001778459273,0.57,0.8556288707523761
0.27352354813649893,0.00013900000000000002,22.472855759310846,-68.77827627400602,-75.18530991471138,-2.948600689219182,-0.6744485988347003,0.19615313749765595,0.0024752999999999997,1.0,0.5503608024834333,0.0218,0.14819001778459273,0.57,0.8556288707523761
0.29079836143387255,0.00013900000000000002,21.922625076707988,-68.63747982147295,-74.91019457340995,-2.9668215239841698,-0.2801057018724748,0.2222960512009582,0.0024752999999999997,1.0,0.5695548597004119,0.0218,0.14819001778459273,0.57,0.8556288707523761
0.3083814263100086,0.00013900000000000002,21.967144640524936,-68.60568366288057,-74.93245435531843,-2.9965194437871046,0.09732555370899267,0.24782259598475997,0.0024752999999999997,1.0,0.5887489169173903,0.0218,0.14819001778459273,0.57,0.8556288707523761
0.3262468347101488,0.00013900000000000002,22.544509698460928,-68.7866665182835,-75.22113688428642,-2.9999960776958856,0.45169007221586777,0.2737361136588192,0.0024752999999999997,1.0,0.6079429741343689,0.0218,0.14819001778459273,0.57,0.8556288707523761
0.34436826255584724,0.00013900000000000002,23.5762168108038,-69.09978831835838,-75.73699044045786,-2.9999622331921754,0.7808268048311207,0.299008557783208,0.0024752999999999997,1.0,0.6271370313513474,0.0218,0.14819001778459273,0.57,0.8556288707523761
0.36271900853261546,0.00013900000000000002,24.955928320125594,-69.50998568338464,-76.42684619511876,-2.999885657552523,1.0814188460546241,0.32290604253914346,0.0024752999999999997,1.0,0.6463310885683259,0.0218,0.14819001778459273,0.57,0.8556288707523761
0.3812720334334112,0.00013900000000000002,26.560238418105882,-69.98447135967272,-77.2290012441089,-2.9999963348758967,1.3506077947082722,0.34497017869737956,0.0024752999999999997,1.0,0.6655251457853044,0.0218,0.14819001778459273,0.57,0.8556288707523761
0.4,0.00013900000000000002,28.255807082237396,-70.48812438827163,-78.07678557617466,-2.99999984949985,1.5850498207722532,0.36459623255197426,0.0024752999999999997,1.0,0.684719203002283,0.0218,0.14819001778459273,0.57,0.8556288707523761
0.24000000000000005,0.00014000000000000001,23.557375348942344,-70.95019847537453,-75.72756970952713,-1.9077194268118751,-1.5001362312780075,0.14425647291189947,0.0024752999999999997,1.0,0.5119726880494763,0.0218,0.14819001778459273,0.57,0.8556288707523761
0.256582440274312,0.00014000000000000001,21.304969561523507,-69.05308493096234,-74.60136681581771,-2.5075465211920123,-1.0695016920471807,0.17441086232088,0.0024752999999999997,1.0,0.5311667452664548,0.0218,0.14819001778459273,0.57,0.8556288707523761
0.27352354813649893,0.00014000000000000001,20.134825032644102,-68.79282584984314,-74.01629455137801,-2.5185399099251335,-0.662535871260757,0.2011870585109461,0.0024752999999999997,1.0,0.5503608024834333,0.0218,0.14819001778459273,0.57,0.8556288707523761
0.29079836143387255,0.00014000000000000001,19.59875012276578,-68.68020446960831,-73.74825709643885,-2.5295207818674506,-0.2696099465616185,0.22814723966694583,0.0024752999999999997,1.0,0.5695548597004119,0.0218,0.14819001778459273,0.57,0.8556288707523761
0.3083814263100086,0.00014000000000000001,19.659526055460418,-68.71370302820252,-73.77864506278617,-2.54043659222463,0.10547817583098885,0.25491014318926575,0.0024752999999999997,1.0,0.5887489169173903,0.0218,0.14819001778459273,0.57,0.8556288707523761
0.3262468347101488,0.00014000000000000001,20.255440783744348,-68.8843709606415,-74.07660242692813,-2.551220697965217,0.4591247525132387,0.2810219942743204,0.0024752999999999997,1.0,0.6079429741343689,0.0218,0.14819001778459273,0.57,0.8556288707523761
0.34436826255584724,0.00014000000000000001,21.689014193238364,-68.14846916554788,-74.79338913167514,-2.9998526044853615,0.7910650663125873,0.29350828235857884,0.0024752999999999997,1.0,0.6271370313513474,0.0218,0.14819001778459273,0.57,0.8556288707523761
0.36271900853261546,0.00014000000000000001,22.69072049190882,-69.56267283735704,-75.29424228101037,-2.571999846747205,1.0876650822575076,0.3295594926770562,0.0024752999999999997,1.0,0.6463310885683259,0.0218,0.14819001778459273,0.57,0.8556288707523761
0.3812720334334112,0.00014000000000000001,24.301330140440598,-70.01504597456619,-76.09954710527626,-2.581698552136014,1.3560584437413266,0.35109817173305624,0.0024752999999999997,1.0,0.6655251457853044,0.0218,0.14819001778459273,0.57,0.8556288707523761
0.4,0.00014000000000000001,26.193638012921895,-69.43777583589484,-77.0457010415169,-2.9999977569683507,1.5971610829694687,0.35811510263217805,0.0024752999999999997,1.0,0.684719203002283,0.0218,0.14819001778459273,0.57,0.8556288707523761
0.24000000000000005,0.000141,21.710860561579153,-70.10178184757768,-74.80431231584554,-1.8724368530834512,-1.4946908788354392,0.1431483231388151,0.0024752999999999997,1.0,0.5119726880494763,0.0218,0.14819001778459273,0.57,0.8556288707523761
0.256582440274312,0.000141,19.708741931032137,-68.31346046211358,-73.80325300057203,-2.4868900837745738,-1.0630251378324942,0.17081293581336865,0.0024752999999999997,1.0,0.5311667452664548,0.0218,0.14819001778459273,0.57,0.8556288707523761
0.27352354813649893,0.000141,18.44990353287352,-68.011247475939,-73.17383380149272,-2.4961884710893187,-0.6551911350372749,0.1973082789060222,0.0024752999999999997,1.0,0.5503608024834333,0.0218,0.14819001778459273,0.57,0.8556288707523761
0.29079836143387255,0.000141,17.82871408508487,-67.8585115283919,-72.8632390775984,-2.5052349137207357,-0.2613671383530575,0.2240443322322908,0.0024752999999999997,1.0,0.5695548597004119,0.0218,0.14819001778459273,0.57,0.8556288707523761
0.3083814263100086,0.000141,17.80892583150768,-67.85414607109406,-72.8533449508098,-2.5140220390911607,0.11467607387163764,0.2506528296570155,0.0024752999999999997,1.0,0.5887489169173903,0.0218,0.14819001778459273,0.57,0.8556288707523761
0.3262468347101488,0.000141,18.329726842369467,-67.9896427671039,-73.1137454562407,-2.522520392897201,0.4692077378033524,0.27671978798627805,0.0024752999999999997,1.0,0.6079429741343689,0.0218,0.14819001778459273,0.57,0.8556288707523761
0.34436826255584724,0.000141,19.30664679143962,-68.24870138763835,-73.60220543077577,-2.5306650610147887,0.7986251252978931,0.30180307140586815,0.0024752999999999997,1.0,0.6271370313513474,0.0218,0.14819001778459273,0.57,0.8556288707523761
0.36271900853261546,0.000141,20.634189963545396,-68.60740075875465,-74.26597701682866,-2.5383694220976953,1.099496634206149,0.32544705170811383,0.0024752999999999997,1.0,0.6463310885683259,0.0218,0.14819001778459273,0.57,0.8556288707523761
0.3812720334334112,0.000141,22.190288105959894,-69.03511207265242,-75.0440260880359,-2.5455242137570515,1.368646836648057,0.34719733102670935,0.0024752999999999997,1.0,0.6655251457853044,0.0218,0.14819001778459273,0.57,0.8556288707523761
0.4,0.000141,23.842489432051536,-69.49619600206863,-75.87012675108173,-2.551990632262647,1.6032045928056435,0.3666196206664276,0.0024752999999999997,1.0,0.684719203002283,0.0218,0.14819001778459273,0.57,0.8556288707523761
0.24000000000000005,0.000142,20.305593530100708,-68.16742600122782,-74.10167880010631,-2.454983084348774,-1.4753383709649666,0.14113121742794987,0.0024752999999999997,1.0,0.5119726880494763,0.0218,0.14819001778459273,0.57,0.8556288707523761
0.256582440274312,0.000142,18.32360388866826,-67.68559487452016,-73.11068397939009,-2.463570860947093,-1.0564357426533189,0.1667334512466816,0.0024752999999999997,1.0,0.5311667452664548,0.0218,0.14819001778459273,0.57,0.8556288707523761
0.27352354813649893,0.000142,16.99451268822625,-67.3492912379438,-72.44613837916908,-2.471677499218293,-0.64773781565676,0.1928935160078562,0.0024752999999999997,1.0,0.5503608024834333,0.0218,0.14819001778459273,0.57,0.8556288707523761
0.29079836143387255,0.000142,16.306826309843046,-67.16434606692461,-72.10229518997748,-2.4793032437662967,-0.2530085513947729,0.21930436821297628,0.0024752999999999997,1.0,0.5695548597004119,0.0218,0.14819001778459273,0.57,0.8556288707523761
0.3083814263100086,0.000142,16.225031273059898,-67.12998150704206,-72.06139767158591,-2.486468006426629,0.12397111610248943,0.2456159059911862,0.0024752999999999997,1.0,0.5887489169173903,0.0218,0.14819001778459273,0.57,0.8556288707523761
0.3262468347101488,0.000142,16.68895489501986,-67.23803429651,-72.29335948256589,-2.493156695057475,0.4794577369540415,0.27143035195534426,0.0024752999999999997,1.0,0.6079429741343689,0.0218,0.14819001778459273,0.57,0.8556288707523761
0.34436826255584724,0.000142,17.614635405808855,-67.47245278054193,-72.75619973796039,-2.4993454926837395,0.8098306480750203,0.2963214027613498,0.0024752999999999997,1.0,0.6271370313513474,0.0218,0.14819001778459273,0.57,0.8556288707523761
0.36271900853261546,0.000142,18.896928379358627,-67.80951297821842,-73.39734622473527,-2.5049924070103744,1.1116380658187683,0.31984139639416165,0.0024752999999999997,1.0,0.6463310885683259,0.0218,0.14819001778459273,0.57,0.8556288707523761
0.3812720334334112,0.000142,20.413946324595713,-68.21875295926807,-74.15585519735382,-2.510028870657662,1.3816726096147838,0.341530948219503,0.0024752999999999997,1.0,0.6655251457853044,0.0218,0.14819001778459273,0.57,0.8556288707523761
0.4,0.000142,22.033251570001084,-68.66457226173462,-74.9655078200565,-2.5143829220430187,1.617037196079726,0.36096366058569385,0.0024752999999999997,1.0,0.684719203002283,0.0218,0.14819001778459273,0.57,0.8556288707523761
0.24000000000000005,0.000143,18.590723888358042,-68.65663973929695,-73.24424397923498,-1.8194406238412657,-1.4832073191955937,0.1409832012304062,0.0024752999999999997,1.0,0.5119726880494763,0.0218,0.14819001778459273,0.57,0.8556288707523761
0.256582440274312,0.000143,16.663103384438358,-68.21645341170641,-72.28043372727514,-1.8243194769013489,-1.0653068726235966,0.1662000001510867,0.0024752999999999997,1.0,0.5311667452664548,0.0218,0.14819001778459273,0.57,0.8556288707523761
0.27352354813649893,0.000143,15.746739626437318,-66.80347409897018,-71.82225184827462,-2.441835304648499,-0.6403557597962658,0.1879215484993304,0.0024752999999999997,1.0,0.5503608024834333,0.0218,0.14819001778459273,0.57,0.8556288707523761
0.29079836143387255,0.000143,14.751759927823798,-67.77688231440402,-71.32476199896786,-1.833370554949959,-0.2637639719396038,0.21805373324432442,0.0024752999999999997,1.0,0.5695548597004119,0.0218,0.14819001778459273,0.57,0.8556288707523761
0.3083814263100086,0.000143,14.719850996009825,-67.78164789012628,-71.30880753306087,-1.8375954854593965,0.11234666533381657,0.24402805255105098,0.0024752999999999997,1.0,0.5887489169173903,0.0218,0.14819001778459273,0.57,0.8556288707523761
0.3262468347101488,0.000143,15.231009130461075,-67.92699845575231,-71.5643866002865,-1.841662267404219,0.46702894708050263,0.26952853888135486,0.0024752999999999997,1.0,0.6079429741343689,0.0218,0.14819001778459273,0.57,0.8556288707523761
0.34436826255584724,0.000143,16.19966388017332,-66.8493624410419,-72.04871397514262,-2.461821157799735,0.8204872398363102,0.2898015512859604,0.0024752999999999997,1.0,0.6271370313513474,0.0218,0.14819001778459273,0.57,0.8556288707523761
0.36271900853261546,0.000143,17.523378272188353,-68.5652572916708,-72.71057117115014,-1.8494582882336794,1.0978121217064571,0.31737400586139486,0.0024752999999999997,1.0,0.6463310885683259,0.0218,0.14819001778459273,0.57,0.8556288707523761
0.3812720334334112,0.000143,19.07660425240755,-69.00272029769802,-73.48718416125973,-1.8532546172669468,1.3672727256203843,0.33881573109375074,0.0024752999999999997,1.0,0.6655251457853044,0.0218,0.14819001778459273,0.57,0.8556288707523761
0.4,0.000143,20.544426040110125,-68.01171046293581,-74.22109505511102,-2.469278261940474,1.629875364861334,0.35354580649902534,0.0024752999999999997,1.0,0.684719203002283,0.0218,0.14819001778459273,0.57,0.8556288707523761
0.24000000000000005,0.000144,17.816810429179526,-68.90361714171046,-72.85728724964572,-1.4241207130730253,-1.4880457203964257,0.14056915400192804,0.0024752999999999997,1.0,0.5119726880494763,0.0218,0.14819001778459273,0.57,0.8556288707523761
0.256582440274312,0.000144,15.304761318698723,-67.58448918535608,-71.60126269440532,-1.8027680422027081,-1.0576549813782898,0.16443544216987172,0.0024752999999999997,1.0,0.5311667452664548,0.0218,0.14819001778459273,0.57,0.8556288707523761
0.27352354813649893,0.000144,13.95985220012841,-67.2552923194382,-70.92880813512016,-1.8057259340184943,-0.6491880606574582,0.1900723170709402,0.0024752999999999997,1.0,0.5503608024834333,0.0218,0.14819001778459273,0.57,0.8556288707523761
0.29079836143387255,0.000144,13.258442503456706,-67.0778888850896,-70.57810328678431,-1.8084966388465848,-0.25461415159656425,0.21596607101622012,0.0024752999999999997,1.0,0.5695548597004119,0.0218,0.14819001778459273,0.57,0.8556288707523761
0.3083814263100086,0.000144,13.755916145080391,-66.06808122496082,-70.82684010759615,-2.4150420272387887,0.14194867898021826,0.23351338932170485,0.0024752999999999997,1.0,0.5887489169173903,0.0218,0.14819001778459273,0.57,0.8556288707523761
0.3262468347101488,0.000144,14.156777885557318,-66.14532366205248,-71.02727097783462,-2.418648891468411,0.49909100060623135,0.2585583345796866,0.0024752999999999997,1.0,0.6079429741343689,0.0218,0.14819001778459273,0.57,0.8556288707523761
0.34436826255584724,0.000144,14.538319406392617,-67.41039838257413,-71.21804173825227,-1.8158298329647455,0.8081512139412537,0.29151020584411924,0.0024752999999999997,1.0,0.6271370313513474,0.0218,0.14819001778459273,0.57,0.8556288707523761
0.36271900853261546,0.000144,15.815684239581401,-67.75552489490399,-71.85672415484666,-1.818028357900795,1.110059036843132,0.3145800507169749,0.0024752999999999997,1.0,0.6463310885683259,0.0218,0.14819001778459273,0.57,0.8556288707523761
0.3812720334334112,0.000144,17.771773535678875,-67.54174828945031,-72.8347688028954,-2.2374284417754877,1.3838405436854009,0.3266538759769946,0.0024752999999999997,1.0,0.6655251457853044,0.0218,0.14819001778459273,0.57,0.8556288707523761
0.4,0.000144,18.948001215550534,-68.62487773968729,-73.42288264283123,-1.8221627707788324,1.6157946337943714,0.3549298305070798,0.0024752999999999997,1.0,0.684719203002283,0.0218,0.14819001778459273,0.57,0.8556288707523761
0.24000000000000005,0.000145,16.18793074956875,-67.53733980348454,-72.04284740984033,-1.786042760727699,-1.468375335221539,0.1369637399496535,0.0024752999999999997,1.0,0.5119726880494763,0.0218,0.14819001778459273,0.57,0.8556288707523761
0.256582440274312,0.000145,14.13150573834264,-67.03384670757373,-71.01463490422728,-1.7877961620831948,-1.0490095002767634,0.16189146485878703,0.0024752999999999997,1.0,0.5311667452664548,0.0218,0.14819001778459273,0.57,0.8556288707523761
0.27352354813649893,0.000145,12.733544781803857,-66.67772359640807,-70.31565442595789,-1.7893141909873067,-0.6397468566193106,0.18738334286532066,0.0024752999999999997,1.0,0.5503608024834333,0.0218,0.14819001778459273,0.57,0.8556288707523761
0.29079836143387255,0.000145,11.98325781003902,-66.47502624003141,-69.94051094007547,-1.7906156234715058,-0.24438646564625718,0.21311365135953064,0.0024752999999999997,1.0,0.5695548597004119,0.0218,0.14819001778459273,0.57,0.8556288707523761
0.3083814263100086,0.000145,11.845713372818523,-66.42521946688149,-69.87173872146522,-1.791737869676316,0.1333175572025362,0.23876263654403362,0.0024752999999999997,1.0,0.5887489169173903,0.0218,0.14819001778459273,0.57,0.8556288707523761
0.3262468347101488,0.000145,12.261159437055568,-66.52022971537625,-70.07946175358374,-1.7927113404931592,0.48960165604849737,0.26393754831486893,0.0024752999999999997,1.0,0.6079429741343689,0.0218,0.14819001778459273,0.57,0.8556288707523761
0.34436826255584724,0.000145,13.14585717138229,-66.74403402003016,-70.5218106207471,-1.7935690142024248,0.8208063402837719,0.28822330201166135,0.0024752999999999997,1.0,0.6271370313513474,0.0218,0.14819001778459273,0.57,0.8556288707523761
0.36271900853261546,0.000145,14.394661291788452,-67.07273852290984,-71.14621268095019,-1.7943597456008389,1.1235128281293347,0.3111745284471754,0.0024752999999999997,1.0,0.6463310885683259,0.0218,0.14819001778459273,0.57,0.8556288707523761
0.3812720334334112,0.000145,15.885450167601363,-67.47568636059847,-71.89160711885664,-1.795110127279615,1.3944464145235977,0.33235029166205565,0.0024752999999999997,1.0,0.6655251457853044,0.0218,0.14819001778459273,0.57,0.8556288707523761
0.4,0.000145,17.485330727689984,-67.91694351664609,-72.69154739890095,-1.7958373737636375,1.6307162680940754,0.3513215677209791,0.0024752999999999997,1.0,0.684719203002283,0.0218,0.14819001778459273,0.57,0.8556288707523761
0.24000000000000005,0.000146,15.227212805049192,-67.08586561703386,-71.56248843758056,-1.7769544526549759,-1.4597048228344824,0.133775351925997,0.0024752999999999997,1.0,0.5119726880494763,0.0218,0.14819001778459273,0.57,0.8556288707523761
0.256582440274312,0.000146,13.368403541402358,-67.365966492395,-70.63308380575714,-1.3237415152830283,-1.056883476530725,0.15979009798551014,0.0024752999999999997,1.0,0.5311667452664548,0.0218,0.14819001778459273,0.57,0.8556288707523761
0.27352354813649893,0.000146,11.69143093347543,-66.18346986925657,-69.79459750179367,-1.7779165117401796,-0.6295457075376201,0.18378160577601066,0.0024752999999999997,1.0,0.5503608024834333,0.0218,0.14819001778459273,0.57,0.8556288707523761
0.29079836143387255,0.000146,11.26986282331572,-66.84186107848714,-69.58381344671382,-1.3246657785757958,-0.2534264529340754,0.21117603389502215,0.0024752999999999997,1.0,0.5695548597004119,0.0218,0.14819001778459273,0.57,0.8556288707523761
0.3083814263100086,0.000146,10.740445010265802,-65.89601615959165,-69.31910454018886,-1.7776909249416866,0.14509097869130788,0.23479556473404883,0.0024752999999999997,1.0,0.5887489169173903,0.0218,0.14819001778459273,0.57,0.8556288707523761
0.3262468347101488,0.000146,11.131827685578259,-65.97703271274003,-69.51479587784509,-1.7772012247367948,0.5021372247975446,0.25980582494492976,0.0024752999999999997,1.0,0.6079429741343689,0.0218,0.14819001778459273,0.57,0.8556288707523761
0.34436826255584724,0.000146,12.481007186198582,-67.15222987174465,-70.18938562815525,-1.324085373890628,0.810042647638586,0.28642649078881,0.0024752999999999997,1.0,0.6271370313513474,0.0218,0.14819001778459273,0.57,0.8556288707523761
0.36271900853261546,0.000146,13.231980772927102,-66.50900941688342,-70.56487242151951,-1.7756547799753828,1.1374690181037825,0.3067893832854698,0.0024752999999999997,1.0,0.6463310885683259,0.0218,0.14819001778459273,0.57,0.8556288707523761
0.3812720334334112,0.000146,15.23281825764846,-67.89979167503463,-71.56529116388019,-1.3244524661519903,1.382709043189579,0.33055157546163905,0.0024752999999999997,1.0,0.6655251457853044,0.0218,0.14819001778459273,0.57,0.8556288707523761
0.4,0.000146,16.832775587896577,-68.34413601563897,-72.36526982900425,-1.325686190478916,1.6186053894100532,0.3494642076865484,0.0024752999999999997,1.0,0.684719203002283,0.0218,0.14819001778459273,0.57,0.8556288707523761
0.24000000000000005,0.00014700000000000002,14.35190570005122,-67.60608705208574,-71.12483488508157,-1.0953703857639658,-1.4740145994888152,0.1312937169190347,0.0024752999999999997,1.0,0.5119726880494763,0.0218,0.14819001778459273,0.57,0.8556288707523761
0.256582440274312,0.00014700000000000002,12.290493968537248,-67.09182005460056,-70.09412901932458,-1.1071341513048032,-1.0554295599355934,0.1559791257041946,0.0024752999999999997,1.0,0.5311667452664548,0.0218,0.14819001778459273,0.57,0.8556288707523761
0.27352354813649893,0.00014700000000000002,10.885038718711513,-66.72230695738386,-69.39140139441172,-1.1201325132236228,-0.6469557035827395,0.18114078467545247,0.0024752999999999997,1.0,0.5503608024834333,0.0218,0.14819001778459273,0.57,0.8556288707523761
0.29079836143387255,0.00014700000000000002,10.124746999956187,-66.50276566302963,-69.01125553503405,-1.1350722527468555,-0.2522902704747398,0.20647921429356575,0.0024752999999999997,1.0,0.5695548597004119,0.0218,0.14819001778459273,0.57,0.8556288707523761
0.3083814263100086,0.00014700000000000002,9.821372906613647,-65.45347663109015,-68.85956848836278,-1.767045424849396,0.15746058740931212,0.22978697663837333,0.0024752999999999997,1.0,0.5887489169173903,0.0218,0.14819001778459273,0.57,0.8556288707523761
0.3262468347101488,0.00014700000000000002,10.37570249486646,-66.50013419746186,-69.13673328248919,-1.1733809613193213,0.4810768599623314,0.2563128697597874,0.0024752999999999997,1.0,0.6079429741343689,0.0218,0.14819001778459273,0.57,0.8556288707523761
0.34436826255584724,0.00014700000000000002,11.244752745200373,-66.70049033212808,-69.57125840765615,-1.190001714490707,0.812706420602492,0.2802577695858014,0.0024752999999999997,1.0,0.6271370313513474,0.0218,0.14819001778459273,0.57,0.8556288707523761
0.36271900853261546,0.00014700000000000002,12.477981113214213,-67.01463872156639,-70.18787259166307,-1.1985067702803995,1.1158444861666976,0.30297412181694516,0.0024752999999999997,1.0,0.6463310885683259,0.0218,0.14819001778459273,0.57,0.8556288707523761
0.3812720334334112,0.00014700000000000002,13.953844672853137,-67.40764132274683,-70.92580437148253,-1.202997430611986,1.3871492114893724,0.3239425378408901,0.0024752999999999997,1.0,0.6655251457853044,0.0218,0.14819001778459273,0.57,0.8556288707523761
0.4,0.00014700000000000002,15.53962759096251,-67.8407737438127,-71.71869583053721,-1.20596839448472,1.6237438407815967,0.3427191847944494,0.0024752999999999997,1.0,0.684719203002283,0.0218,0.14819001778459273,0.57,0.8556288707523761
0.24000000000000005,0.00014800000000000002,13.417376145834282,-67.17225873732728,-70.6575701079731,-1.0775998997470866,-1.4643977782282744,0.12770373094487564,0.0024752999999999997,1.0,0.5119726880494763,0.0218,0.14819001778459273,0.57,0.8556288707523761
0.256582440274312,0.00014800000000000002,11.316902323854578,-66.63987191942779,-69.60733319698325,-1.0855215274671561,-1.0448087021266184,0.15218921164664112,0.0024752999999999997,1.0,0.5311667452664548,0.0218,0.14819001778459273,0.57,0.8556288707523761
0.27352354813649893,0.00014800000000000002,9.877262317327222,-66.25586590072913,-68.88751319371957,-1.0930707428494197,-0.6352563204177417,0.1771847796167192,0.0024752999999999997,1.0,0.5503608024834333,0.0218,0.14819001778459273,0.57,0.8556288707523761
0.29079836143387255,0.00014800000000000002,9.250327655686363,-65.16865756550018,-68.57404586289914,-1.76123466252903,-0.20949633368484272,0.198938804865314,0.0024752999999999997,1.0,0.5695548597004119,0.0218,0.14819001778459273,0.57,0.8556288707523761
0.3083814263100086,0.00014800000000000002,8.915731599147364,-65.9519561583552,-68.40674783462964,-1.1069932380703116,0.13859646077259244,0.22749745230593987,0.0024752999999999997,1.0,0.5887489169173903,0.0218,0.14819001778459273,0.57,0.8556288707523761
0.3262468347101488,0.00014800000000000002,9.300169740354193,-66.02416197082599,-68.59896690523306,-1.1132430172217171,0.49533777257993555,0.25211177977602683,0.0024752999999999997,1.0,0.6079429741343689,0.0218,0.14819001778459273,0.57,0.8556288707523761
0.34436826255584724,0.00014800000000000002,10.158167668724673,-66.22746348884108,-69.0279658694183,-1.1189135837187678,0.8271014501542576,0.27583573128083616,0.0024752999999999997,1.0,0.6271370313513474,0.0218,0.14819001778459273,0.57,0.8556288707523761
0.36271900853261546,0.00014800000000000002,11.384636308456663,-66.53822747460754,-69.64120018928429,-1.1239690228381276,1.1303533609349816,0.29825667719680304,0.0024752999999999997,1.0,0.6463310885683259,0.0218,0.14819001778459273,0.57,0.8556288707523761
0.3812720334334112,0.00014800000000000002,12.857281752705887,-66.92568395837665,-70.3775229114089,-1.1284334572660408,1.4019185048034484,0.31893624761553485,0.0024752999999999997,1.0,0.6655251457853044,0.0218,0.14819001778459273,0.57,0.8556288707523761
0.4,0.00014800000000000002,14.624126801258939,-66.50547312880127,-71.26094543568543,-1.7421441905088266,1.676585186850899,0.3330789610477355,0.0024752999999999997,1.0,0.684719203002283,0.0218,0.14819001778459273,0.57,0.8556288707523761
0.24000000000000005,0.00014900000000000002,12.614910116887728,-66.80015331656298,-70.25633709349982,-1.0640681870532784,-1.4543679392430338,0.1236094292533968,0.0024752999999999997,1.0,0.5119726880494763,0.0218,0.14819001778459273,0.57,0.8556288707523761
0.256582440274312,0.00014900000000000002,10.48564532289501,-66.25185684618555,-69.19170469650346,-1.0705009578792573,-1.033819643525234,0.14781016119763968,0.0024752999999999997,1.0,0.5311667452664548,0.0218,0.14819001778459273,0.57,0.8556288707523761
0.27352354813649893,0.00014900000000000002,9.02190061144384,-65.85404542216504,-68.45983234077788,-1.0761626753966977,-0.6233036088712446,0.17253239925309527,0.0024752999999999997,1.0,0.5503608024834333,0.0218,0.14819001778459273,0.57,0.8556288707523761
0.29079836143387255,0.00014900000000000002,8.213921978146061,-65.61332669346113,-68.05584302412899,-1.081086575904327,-0.22659243645450558,0.1974874720887123,0.0024752999999999997,1.0,0.5695548597004119,0.0218,0.14819001778459273,0.57,0.8556288707523761
0.3083814263100086,0.00014900000000000002,8.027528495013513,-65.52963451743751,-67.96264628256272,-1.085276675904684,0.1525048278281528,0.2223456440932593,0.0024752999999999997,1.0,0.5887489169173903,0.0218,0.14819001778459273,0.57,0.8556288707523761
0.3262468347101488,0.00014900000000000002,8.803542739075539,-64.83964377362102,-68.35065340459373,-1.7498039182533647,0.5433830740221897,0.2409795103990131,0.0024752999999999997,1.0,0.6079429741343689,0.0218,0.14819001778459273,0.57,0.8556288707523761
0.34436826255584724,0.00014900000000000002,9.257617016599824,-65.79425990773537,-68.57769054335587,-1.0915009734435939,0.842939233714934,0.2701516920055105,0.0024752999999999997,1.0,0.6271370313513474,0.0218,0.14819001778459273,0.57,0.8556288707523761
0.36271900853261546,0.00014900000000000002,10.48466395690349,-66.10306941471093,-69.1912140135077,-1.0935464807186535,1.1469546406133997,0.2925236390539556,0.0024752999999999997,1.0,0.6463310885683259,0.0218,0.14819001778459273,0.57,0.8556288707523761
0.3812720334334112,0.00014900000000000002,11.961410678609838,-66.49046464341392,-69.92958737436088,-1.0950364967478794,1.4192252070081288,0.3130688860948556,0.0024752999999999997,1.0,0.6655251457853044,0.0218,0.14819001778459273,0.57,0.8556288707523761
0.4,0.00014900000000000002,13.553604363320432,-66.92013914428338,-70.72568421671618,-1.0960822244447133,1.65672977810056,0.33149096832419445,0.0024752999999999997,1.0,0.684719203002283,0.0218,0.14819001778459273,0.57,0.8556288707523761
0.24000000000000005,0.00015,11.927633537278155,-66.48419844168475,-69.91269880369504,-1.0522967383459414,-1.443860088100741,0.11914434986651634,0.0024752999999999997,1.0,0.5119726880494763,0.0218,0.14819001778459273,0.57,0.8556288707523761
0.256582440274312,0.00015,9.778009312456874,-65.92286243586851,-68.8378866912844,-1.0582349206122033,-1.0223732288904477,0.14300130093014096,0.0024752999999999997,1.0,0.5311667452664548,0.0218,0.14819001778459273,0.57,0.8556288707523761
0.27352354813649893,0.00015,8.2986129091787,-65.51402020423373,-68.09818848964531,-1.0631045941876256,-0.6109049420028678,0.1673806289670321,0.0024752999999999997,1.0,0.5503608024834333,0.0218,0.14819001778459273,0.57,0.8556288707523761
0.29079836143387255,0.00015,7.4799985206855695,-65.26441949298389,-67.68888129539874,-1.0670112191915393,-0.2132377041526968,0.19200371797814442,0.0024752999999999997,1.0,0.5695548597004119,0.0218,0.14819001778459273,0.57,0.8556288707523761
0.3083814263100086,0.00015,7.288082460479075,-65.1740982430076,-67.5929232652955,-1.069993956884089,0.1668011760466083,0.21654120410754896,0.0024752999999999997,1.0,0.5887489169173903,0.0218,0.14819001778459273,0.57,0.8556288707523761
0.3262468347101488,0.00015,7.6633490875072425,-65.23536024965225,-67.78055657880958,-1.0720909129551004,0.5254268628429427,0.24063003028366847,0.0024752999999999997,1.0,0.6079429741343689,0.0218,0.14819001778459273,0.57,0.8556288707523761
0.34436826255584724,0.00015,8.521596365590057,-65.43228909332971,-68.20968021785099,-1.0733447117736352,0.8589371538554701,0.26388525271417973,0.0024752999999999997,1.0,0.6271370313513474,0.0218,0.14819001778459273,0.57,0.8556288707523761
0.36271900853261546,0.00015,9.756477623732792,-65.74084560950392,-68.82712084692236,-1.0738292620643073,1.1638302480578988,0.2858844428362567,0.0024752999999999997,1.0,0.6463310885683259,0.0218,0.14819001778459273,0.57,0.8556288707523761
0.3812720334334112,0.00015,11.596255830118452,-66.68198538555133,-69.74700995011519,-0.6896092022809152,1.4105133578879736,0.318463324944259,0.0024752999999999997,1.0,0.6655251457853044,0.0218,0.14819001778459273,0.57,0.8556288707523761
0.4,0.00015,13.185353036775524,-67.12873112496365,-70.54155855344372,-0.671153219603855,1.6462891205067005,0.33777009515785816,0.0024752999999999997,1.0,0.684719203002283,0.0218,0.14819001778459273,0.57,0.8556288707523761
0.24000000000000005,0.000151,11.750502910237941,-66.88698122499656,-69.82413349017493,-0.30521349811323945,-1.4547195284484995,0.12593266368353728,0.0024752999999999997,1.0,0.5119726880494763,0.0218,0.14819001778459273,0.57,0.8556288707523761
0.256582440274312,0.000151,9.17657932215576,-65.64635196481134,-68.53717169613384,-1.04672676334242,-1.0104762248914643,0.13791509721034734,0.0024752999999999997,1.0,0.5311667452664548,0.0218,0.14819001778459273,0.57,0.8556288707523761
0.27352354813649893,0.000151,7.687603659105065,-65.22825251657113,-67.79268386460849,-1.0517854390923254,-0.5980549654599389,0.1619252764232103,0.0024752999999999997,1.0,0.5503608024834333,0.0218,0.14819001778459273,0.57,0.8556288707523761
0.29079836143387255,0.000151,6.8642401593498334,-64.97144183758927,-67.38100211473088,-1.0556518252068405,-0.19944782210868667,0.18616842364675523,0.0024752999999999997,1.0,0.5695548597004119,0.0218,0.14819001778459273,0.57,0.8556288707523761
0.3083814263100086,0.000151,6.86935596805904,-65.27344222197381,-67.38356001908548,-0.7272044990043859,0.16269255168671873,0.21890868091416837,0.0024752999999999997,1.0,0.5887489169173903,0.0218,0.14819001778459273,0.57,0.8556288707523761
0.3262468347101488,0.000151,7.253908209445143,-65.36147988042248,-67.57583613977853,-0.703293190176182,0.5187975162692307,0.2447335149708394,0.0024752999999999997,1.0,0.6079429741343689,0.0218,0.14819001778459273,0.57,0.8556288707523761
0.34436826255584724,0.000151,7.920054320217986,-65.13037410291689,-67.90890919516495,-1.0610147254063629,0.8754299472203402,0.2570092300795396,0.0024752999999999997,1.0,0.6271370313513474,0.0218,0.14819001778459273,0.57,0.8556288707523761
0.36271900853261546,0.000151,9.34604288653918,-65.90527138645994,-68.62190347832555,-0.6621791526843179,1.1531880197975943,0.2923450326942766,0.0024752999999999997,1.0,0.6463310885683259,0.0218,0.14819001778459273,0.57,0.8556288707523761
0.3812720334334112,0.000151,10.825285216126815,-66.30360239155992,-69.36152464311937,-0.6480706169697459,1.4250995172487253,0.3130787095726556,0.0024752999999999997,1.0,0.6655251457853044,0.0218,0.14819001778459273,0.57,0.8556288707523761
0.4,0.000151,12.418510561901684,-66.74012401654136,-70.1581373160068,-0.6379327174507593,1.6625667212054906,0.3313935951814718,0.0024752999999999997,1.0,0.684719203002283,0.0218,0.14819001778459273,0.57,0.8556288707523761
0.24000000000000005,0.000152,11.048989528912102,-66.56263026281282,-69.47337679951201,-0.26959561727185594,-1.4435618906265917,0.1219677387292114,0.0024752999999999997,1.0,0.5119726880494763,0.0218,0.14819001778459273,0.57,0.8556288707523761
0.256582440274312,0.000152,8.667389798656842,-65.41909306388487,-68.28257693438438,-1.0321990344937753,-0.998294821038522,0.1326889925079202,0.0024752999999999997,1.0,0.5311667452664548,0.0218,0.14819001778459273,0.57,0.8556288707523761
0.27352354813649893,0.000152,7.228520046571987,-65.2799150431982,-67.56314205834195,-0.7354876936556044,-0.6004760930227516,0.1630697266754385,0.0024752999999999997,1.0,0.5503608024834333,0.0218,0.14819001778459273,0.57,0.8556288707523761
0.29079836143387255,0.000152,6.416535145636573,-65.04832006747992,-67.15714960787425,-0.7148840549992904,-0.20410664913137752,0.189032859753681,0.0024752999999999997,1.0,0.5695548597004119,0.0218,0.14819001778459273,0.57,0.8556288707523761
0.3083814263100086,0.000152,6.230939917334524,-64.9763989167884,-67.06435199372322,-0.6931669333793834,0.17460072125364498,0.21482118470282618,0.0024752999999999997,1.0,0.5887489169173903,0.0218,0.14819001778459273,0.57,0.8556288707523761
0.3262468347101488,0.000152,6.611503570258833,-65.05428121472004,-67.25463382018538,-0.6727290035092554,0.5321659086143407,0.2398051903516527,0.0024752999999999997,1.0,0.6079429741343689,0.0218,0.14819001778459273,0.57,0.8556288707523761
0.34436826255584724,0.000152,7.474185766325149,-65.26405721675114,-67.68597491821853,-0.6560755365965316,0.8651357978592535,0.2634178531247048,0.0024752999999999997,1.0,0.6271370313513474,0.0218,0.14819001778459273,0.57,0.8556288707523761
0.36271900853261546,0.000152,8.713021483938235,-65.58155610303342,-68.30539277702508,-0.6434675482216219,1.1699070552365156,0.2853759822910986,0.0024752999999999997,1.0,0.6463310885683259,0.0218,0.14819001778459273,0.57,0.8556288707523761
0.3812720334334112,0.000152,10.204032574963264,-65.97627395178962,-69.05089832253759,-0.6340191550703866,1.4430274106970282,0.3054273884740548,0.0024752999999999997,1.0,0.6655251457853044,0.0218,0.14819001778459273,0.57,0.8556288707523761
0.4,0.000152,11.811520497931582,-66.41214991455436,-69.85464228402175,-0.6267938371901636,1.681420197368406,0.323254693122906,0.0024752999999999997,1.0,0.684719203002283,0.0218,0.14819001778459273,0.57,0.8556288707523761
0.24000000000000005,0.000153,10.43886010243861,-66.2787276535042,-69.16831208627526,-0.24867429558983703,-1.4326163533124414,0.11703439335075627,0.0024752999999999997,1.0,0.5119726880494763,0.0218,0.14819001778459273,0.57,0.8556288707523761
0.256582440274312,0.000153,8.185550298596013,-65.442609709144,-68.04165718435397,-0.7295898851510478,-1.0004265117580795,0.1337904333883123,0.0024752999999999997,1.0,0.5311667452664548,0.0218,0.14819001778459273,0.57,0.8556288707523761
0.27352354813649893,0.000153,6.6989636480852255,-65.03967298983505,-67.29836385909857,-0.7110245738171914,-0.5889698205157312,0.15896831245051823,0.0024752999999999997,1.0,0.5503608024834333,0.0218,0.14819001778459273,0.57,0.8556288707523761
0.29079836143387255,0.000153,5.878605625946562,-64.79845381525828,-66.88818484802924,-0.6912979826401197,-0.19138657283841307,0.1843070606185221,0.0024752999999999997,1.0,0.5695548597004119,0.0218,0.14819001778459273,0.57,0.8556288707523761
0.3083814263100086,0.000153,5.690009624786285,-64.7171371336123,-66.7938868474491,-0.6729866071076605,0.1888070704464081,0.20918384089474984,0.0024752999999999997,1.0,0.5887489169173903,0.0218,0.14819001778459273,0.57,0.8556288707523761
0.3262468347101488,0.000153,6.227750497094178,-65.05263541702024,-67.06275728360305,-0.25447776974930847,0.5390217559544733,0.23836034397798445,0.0024752999999999997,1.0,0.6079429741343689,0.0218,0.14819001778459273,0.57,0.8556288707523761
0.34436826255584724,0.000153,7.104166492456358,-65.25522059507126,-67.50096528128414,-0.2543308403026452,0.8728486991569153,0.2615565114927807,0.0024752999999999997,1.0,0.6271370313513474,0.0218,0.14819001778459273,0.57,0.8556288707523761
0.36271900853261546,0.000153,8.197150668294938,-65.30668513327593,-68.04745736920343,-0.6363577978761655,1.188129993081736,0.2773994717099193,0.0024752999999999997,1.0,0.6463310885683259,0.0218,0.14819001778459273,0.57,0.8556288707523761
0.3812720334334112,0.000153,9.704463275217051,-65.70222732582155,-68.80111367266448,-0.6285007060254248,1.4621283157557108,0.2970257403562061,0.0024752999999999997,1.0,0.6655251457853044,0.0218,0.14819001778459273,0.57,0.8556288707523761
0.4,0.000153,11.329818425509188,-66.14078220789838,-69.61379124781055,-0.6219733526700258,1.7012427469106088,0.31451769222983206,0.0024752999999999997,1.0,0.684719203002283,0.0218,0.14819001778459273,0.57,0.8556288707523761
0.24000000000000005,0.000154,9.914743421424816,-66.03638464423894,-68.90625374576837,-0.23297007112648044,-1.4214509504521768,0.11152720760144585,0.0024752999999999997,1.0,0.5119726880494763,0.0218,0.14819001778459273,0.57,0.8556288707523761
0.256582440274312,0.000154,7.757616423122158,-65.46938201380293,-67.82769024661704,-0.23376148649373887,-0.998514741295125,0.13495319428642072,0.0024752999999999997,1.0,0.5311667452664548,0.0218,0.14819001778459273,0.57,0.8556288707523761
0.27352354813649893,0.000154,6.2527026983257485,-64.83776309448804,-67.07523338421883,-0.6911131057936595,-0.5765092453595646,0.15429701818306962,0.0024752999999999997,1.0,0.5503608024834333,0.0218,0.14819001778459273,0.57,0.8556288707523761
0.29079836143387255,0.000154,5.427322224243028,-64.58638718174973,-66.66254314717747,-0.6751921910282114,-0.17744602433759185,0.17868999614168468,0.0024752999999999997,1.0,0.5695548597004119,0.0218,0.14819001778459273,0.57,0.8556288707523761
0.3083814263100086,0.000154,5.23923149430982,-64.49638202538111,-66.56849778221087,-0.6615025969861437,0.20421920419816558,0.2026732281039516,0.0024752999999999997,1.0,0.5887489169173903,0.0218,0.14819001778459273,0.57,0.8556288707523761
0.3262468347101488,0.000154,5.693451481181938,-64.78217412208456,-66.79560777564693,-0.23315370057525242,0.5545866159185887,0.23077581898897215,0.0024752999999999997,1.0,0.6079429741343689,0.0218,0.14819001778459273,0.57,0.8556288707523761
0.34436826255584724,0.000154,6.581424103063881,-64.98479760601987,-67.2395940865879,-0.23224728389705018,0.8892209038150828,0.25356850519447227,0.0024752999999999997,1.0,0.6271370313513474,0.0218,0.14819001778459273,0.57,0.8556288707523761
0.36271900853261546,0.000154,7.776306261287175,-65.07705411541484,-67.83703516569955,-0.6314799824440134,1.2067538223950827,0.2692726485051685,0.0024752999999999997,1.0,0.6463310885683259,0.0218,0.14819001778459273,0.57,0.8556288707523761
0.3812720334334112,0.000154,9.299892201853737,-65.4745645628419,-68.59882813598283,-0.6235420324519443,1.48147971149481,0.2885601379833864,0.0024752999999999997,1.0,0.6655251457853044,0.0218,0.14819001778459273,0.57,0.8556288707523761
0.4,0.000154,10.942662971385658,-65.91678273992395,-69.42021352074879,-0.6160693872378754,1.7211565086537715,0.30577745987400173,0.0024752999999999997,1.0,0.684719203002283,0.0218,0.14819001778459273,0.57,0.8556288707523761
0.24000000000000005,0.00015500000000000003,9.470919057815792,-65.83373232260676,-68.68434156396386,-0.21897686540600414,-1.4100805901275086,0.10586774879742333,0.0024752999999999997,1.0,0.5119726880494763,0.0218,0.14819001778459273,0.57,0.8556288707523761
0.256582440274312,0.00015500000000000003,7.304888645823638,-65.25851369482127,-67.60132635796778,-0.2190938461700896,-0.9862468597600778,0.12887122823624075,0.0024752999999999997,1.0,0.5311667452664548,0.0218,0.14819001778459273,0.57,0.8556288707523761
0.27352354813649893,0.00015500000000000003,5.891322047726504,-64.67496749463542,-66.89454305891921,-0.6757474623588752,-0.5635389526965578,0.14920777587139678,0.0024752999999999997,1.0,0.5503608024834333,0.0218,0.14819001778459273,0.57,0.8556288707523761
0.29079836143387255,0.00015500000000000003,5.062726045123412,-64.41468139726426,-66.48024505761767,-0.6629964679999846,-0.16316451712787997,0.17286289818534206,0.0024752999999999997,1.0,0.5695548597004119,0.0218,0.14819001778459273,0.57,0.8556288707523761
0.3083814263100086,0.00015500000000000003,4.840623619524024,-64.49098392489579,-66.36919384481797,-0.21790918410615834,0.2097500485095851,0.19976250781466476,0.0024752999999999997,1.0,0.5887489169173903,0.0218,0.14819001778459273,0.57,0.8556288707523761
0.3262468347101488,0.00015500000000000003,5.248149687401593,-64.55419932891614,-66.57295687875676,-0.2171331091076377,0.570462941946007,0.22296217987088873,0.0024752999999999997,1.0,0.6079429741343689,0.0218,0.14819001778459273,0.57,0.8556288707523761
0.34436826255584724,0.00015500000000000003,6.1605704777959716,-64.57708360283087,-67.02916727395395,-0.6307721926313986,0.9172532031954715,0.24097713629871587,0.0024752999999999997,1.0,0.6271370313513474,0.0218,0.14819001778459273,0.57,0.8556288707523761
0.36271900853261546,0.00015500000000000003,7.437782181068826,-64.89313634743777,-67.66777312559037,-0.620212056357768,1.2246102306354005,0.26163359811719333,0.0024752999999999997,1.0,0.6463310885683259,0.0218,0.14819001778459273,0.57,0.8556288707523761
0.3812720334334112,0.00015500000000000003,8.974420027868746,-65.2944287770567,-68.43609204899033,-0.6078795748714326,1.4996228265282658,0.28066206162302754,0.0024752999999999997,1.0,0.6655251457853044,0.0218,0.14819001778459273,0.57,0.8556288707523761
0.4,0.00015500000000000003,10.634125012911824,-65.91947022834344,-69.26594454151187,-0.21481031339524612,1.7268076937282548,0.30343538858561014,0.0024752999999999997,1.0,0.684719203002283,0.0218,0.14819001778459273,0.57,0.8556288707523761
0.24000000000000005,0.000156,9.105971535228207,-65.66986562189996,-68.50186780267006,-0.20713814721439688,-1.3986271143632252,0.10037142202556315,0.0024752999999999997,1.0,0.5119726880494763,0.0218,0.14819001778459273,0.57,0.8556288707523761
0.256582440274312,0.000156,6.9326290835628015,-65.08711093869377,-67.41519657683736,-0.20691857888348694,-0.9738663324723972,0.12296380880199331,0.0024752999999999997,1.0,0.5311667452664548,0.0218,0.14819001778459273,0.57,0.8556288707523761
0.27352354813649893,0.000156,5.445580428619252,-64.66156577308583,-66.67167224936559,-0.20654043491175428,-0.5591186428918116,0.14603996924890061,0.0024752999999999997,1.0,0.5503608024834333,0.0218,0.14819001778459273,0.57,0.8556288707523761
0.29079836143387255,0.000156,4.790056682223252,-64.29176146907659,-66.34391037616759,-0.6456773114078677,-0.14986086626704076,0.167626270398327,0.0024752999999999997,1.0,0.5695548597004119,0.0218,0.14819001778459273,0.57,0.8556288707523761
0.3083814263100086,0.000156,4.468789959706612,-64.30439453533849,-66.18327701490927,-0.20546808493226162,0.22496106494022416,0.192584858801086,0.0024752999999999997,1.0,0.5887489169173903,0.0218,0.14819001778459273,0.57,0.8556288707523761
0.3262468347101488,0.000156,4.884101292742514,-64.36543089327307,-66.39093268142722,-0.20488113840158956,0.5865892523382689,0.21537095268047246,0.0024752999999999997,1.0,0.6079429741343689,0.0218,0.14819001778459273,0.57,0.8556288707523761
0.34436826255584724,0.000156,5.795543425202197,-64.5673790972956,-66.84665374765706,-0.2043420444713689,0.9229589834371779,0.23733829024268793,0.0024752999999999997,1.0,0.6271370313513474,0.0218,0.14819001778459273,0.57,0.8556288707523761
0.36271900853261546,0.000156,7.093917949556669,-64.88550343964562,-67.4958410098343,-0.2039509569747519,1.2305034754317687,0.25809763360460314,0.0024752999999999997,1.0,0.6463310885683259,0.0218,0.14819001778459273,0.57,0.8556288707523761
0.3812720334334112,0.000156,8.651483961404978,-65.28749052911049,-68.27462401575845,-0.20383881023114328,1.5059137984169917,0.2772374805977126,0.0024752999999999997,1.0,0.6655251457853044,0.0218,0.14819001778459273,0.57,0.8556288707523761
0.4,0.000156,10.328421068560402,-65.73522144640697,-69.11309256933616,-0.20411910618246765,1.7461779095707475,0.2943734560921021,0.0024752999999999997,1.0,0.684719203002283,0.0218,0.14819001778459273,0.57,0.8556288707523761
0.24000000000000005,0.000157,8.824251506439623,-65.5468808045135,-68.36100778827577,-0.19721855018346132,-1.3872341065989102,0.09527282564004358,0.0024752999999999997,1.0,0.5119726880494763,0.0218,0.14819001778459273,0.57,0.8556288707523761
0.256582440274312,0.000157,6.645052039841687,-64.95730362643367,-67.2714080549768,-0.19676351302603362,-0.9615365996940232,0.11747187342727194,0.0024752999999999997,1.0,0.5311667452664548,0.0218,0.14819001778459273,0.57,0.8556288707523761
0.27352354813649893,0.000157,5.155053015777838,-64.52570614761935,-66.52640854294488,-0.19623238297972345,-0.5458546491918577,0.1401734288564911,0.0024752999999999997,1.0,0.5503608024834333,0.0218,0.14819001778459273,0.57,0.8556288707523761
0.29079836143387255,0.000157,4.345383271689315,-64.25959188477735,-66.12157367090062,-0.1956557220033702,-0.1440210617134897,0.1631012246008956,0.0024752999999999997,1.0,0.5695548597004119,0.0218,0.14819001778459273,0.57,0.8556288707523761
0.3083814263100086,0.000157,4.181752089792184,-64.15943751999245,-66.03975807995205,-0.19507115118055027,0.2401000237807531,0.18594506891345453,0.0024752999999999997,1.0,0.5887489169173903,0.0218,0.14819001778459273,0.57,0.8556288707523761
0.3262468347101488,0.000157,4.603492403280768,-64.21763493937104,-66.25062823669634,-0.1945366312134051,0.6026622182366737,0.20835583934172952,0.0024752999999999997,1.0,0.6079429741343689,0.0218,0.14819001778459273,0.57,0.8556288707523761
0.34436826255584724,0.000157,5.5241897371059,-64.41793593120822,-66.71097690360891,-0.19412292081289773,0.9399244075667306,0.22996069335708091,0.0024752999999999997,1.0,0.6271370313513474,0.0218,0.14819001778459273,0.57,0.8556288707523761
0.36271900853261546,0.000157,6.834178384161248,-64.7355542074828,-67.36597122713658,-0.19391432270590947,1.2483152367412191,0.2503681339634294,0.0024752999999999997,1.0,0.6463310885683259,0.0218,0.14819001778459273,0.57,0.8556288707523761
0.3812720334334112,0.000157,8.405053821519175,-65.1380425879447,-68.15140894581555,-0.1940247697841721,1.5245152540972189,0.2691852919087616,0.0024752999999999997,1.0,0.6655251457853044,0.0218,0.14819001778459273,0.57,0.8556288707523761
0.4,0.000157,10.282444323725258,-65.73843092309923,-69.09010419691859,0.0681268219252146,1.741770633377513,0.2907142102904583,0.0024752999999999997,1.0,0.684719203002283,0.0218,0.14819001778459273,0.57,0.8556288707523761
0.24000000000000005,0.000158,8.633862657419968,-65.46886281763713,-68.26581336376594,-0.18700521374034243,-1.3762230189234432,0.09079035214335052,0.0024752999999999997,1.0,0.5119726880494763,0.0218,0.14819001778459273,0.57,0.8556288707523761
0.256582440274312,0.000158,6.450764944929915,-64.87358356275841,-67.17426450752092,-0.18604898741726833,-0.9496353612462191,0.1126625329484584,0.0024752999999999997,1.0,0.5311667452664548,0.0218,0.14819001778459273,0.57,0.8556288707523761
0.27352354813649893,0.000158,4.958992248121945,-64.43669589959251,-66.42837815911693,-0.18501510400458177,-0.5330981015368971,0.1350324657132913,0.0024752999999999997,1.0,0.5503608024834333,0.0218,0.14819001778459273,0.57,0.8556288707523761
0.29079836143387255,0.000158,4.149829221511908,-64.16591947789877,-66.02379664581191,-0.18392907517215057,-0.13032300892712842,0.15763341856214963,0.0024752999999999997,1.0,0.5695548597004119,0.0218,0.14819001778459273,0.57,0.8556288707523761
0.3083814263100086,0.000158,3.9890493912771774,-64.06179433539697,-65.94340673069455,-0.18282418059187358,0.25467580393368844,0.18015322132499467,0.0024752999999999997,1.0,0.5887489169173903,0.0218,0.14819001778459273,0.57,0.8556288707523761
0.3262468347101488,0.000158,4.415935450408824,-64.11684516956143,-66.15684976026037,-0.18174854063052903,0.6180908548909114,0.20224873300882018,0.0024752999999999997,1.0,0.6079429741343689,0.0218,0.14819001778459273,0.57,0.8556288707523761
0.34436826255584724,0.000158,5.343890360363844,-64.31489224811683,-66.62082721523788,-0.1807726948929249,0.9561646419662615,0.22355309777899124,0.0024752999999999997,1.0,0.6271370313513474,0.0218,0.14819001778459273,0.57,0.8556288707523761
0.36271900853261546,0.000158,6.788428111316023,-64.7337354322906,-67.34309609071397,0.032929395037427235,1.2460724807620271,0.24702028953414912,0.0024752999999999997,1.0,0.6463310885683259,0.0218,0.14819001778459273,0.57,0.8556288707523761
0.3812720334334112,0.000158,8.337847606641503,-65.12649670875925,-68.11780583837671,0.05767817270291212,1.5212991629366617,0.26591049593951266,0.0024752999999999997,1.0,0.6655251457853044,0.0218,0.14819001778459273,0.57,0.8556288707523761
0.4,0.000158,10.005705069404911,-65.56448096291167,-68.95173456975841,0.07029472134648311,1.7619947563393927,0.28274648240654177,0.0024752999999999997,1.0,0.684719203002283,0.0218,0.14819001778459273,0.57,0.8556288707523761
0.24000000000000005,0.00015900000000000002,8.543413933109775,-65.44020388940415,-68.22058900161085,-0.17305980105687976,-1.3659722490573376,0.08703180035265545,0.0024752999999999997,1.0,0.5119726880494763,0.0218,0.14819001778459273,0.57,0.8556288707523761
0.256582440274312,0.00015900000000000002,6.359048743523147,-64.84086307392842,-67.12840640681753,-0.17074092301763222,-0.9386127308472446,0.10863545441132805,0.0024752999999999997,1.0,0.5311667452664548,0.0218,0.14819001778459273,0.57,0.8556288707523761
0.27352354813649893,0.00015900000000000002,4.867252399258206,-64.40002999307401,-66.38250823468506,-0.16820205994207038,-0.521271719716828,0.13074629662752524,0.0024752999999999997,1.0,0.5503608024834333,0.0218,0.14819001778459273,0.57,0.8556288707523761
0.29079836143387255,0.00015900000000000002,4.0593751696783045,-64.12549544227537,-65.97856961989511,-0.16531405932578347,-0.11781032447089554,0.15309144414268983,0.0024752999999999997,1.0,0.5695548597004119,0.0218,0.14819001778459273,0.57,0.8556288707523761
0.3083814263100086,0.00015900000000000002,3.901190460801473,-64.0180018278598,-65.8994772654567,-0.1620625335919118,0.26785493447527764,0.1753627266043416,0.0024752999999999997,1.0,0.5887489169173903,0.0218,0.14819001778459273,0.57,0.8556288707523761
0.3262468347101488,0.00015900000000000002,4.331900890543238,-64.0702031730391,-66.11483248032758,-0.1583522578728398,0.6318566550466418,0.19723012270172358,0.0024752999999999997,1.0,0.6079429741343689,0.0218,0.14819001778459273,0.57,0.8556288707523761
0.34436826255584724,0.00015900000000000002,5.302347037280924,-64.31154410541015,-66.60005555369642,0.04843044257887226,0.9538013652366827,0.2203941510064895,0.0024752999999999997,1.0,0.6271370313513474,0.0218,0.14819001778459273,0.57,0.8556288707523761
0.36271900853261546,0.00015900000000000002,6.59396162054685,-64.61413177180678,-67.24586284532938,0.060621050237593316,1.2628724760784518,0.24039811437784797,0.0024752999999999997,1.0,0.6463310885683259,0.0218,0.14819001778459273,0.57,0.8556288707523761
0.3812720334334112,0.00015900000000000002,8.146602493202437,-65.00173314175638,-68.02218328165718,0.06913901918764939,1.539863543094188,0.25886419555995865,0.0024752999999999997,1.0,0.6655251457853044,0.0218,0.14819001778459273,0.57,0.8556288707523761
0.4,0.00015900000000000002,9.819763385275877,-65.43631909848669,-68.8587637276939,0.07586722567001868,1.781626525960691,0.2754167391933633,0.0024752999999999997,1.0,0.684719203002283,0.0218,0.14819001778459273,0.57,0.8556288707523761
0.24000000000000005,0.00016,8.55870002877407,-65.46371170121007,-68.228232049443,-0.15156766182125447,-1.3568815703218562,0.08385038143859769,0.0024752999999999997,1.0,0.5119726880494763,0.0218,0.14819001778459273,0.57,0.8556288707523761
0.256582440274312,0.00016,6.375699157380808,-64.86210104927478,-67.13673161374636,-0.14612048628061813,-0.9289615643047298,0.10520055098241043,0.0024752999999999997,1.0,0.5311667452664548,0.0218,0.14819001778459273,0.57,0.8556288707523761
0.27352354813649893,0.00016,4.885219769325971,-64.41865253462726,-66.39149191971894,-0.1394886812853627,-0.5111568580189985,0.12704024505817357,0.0024752999999999997,1.0,0.5503608024834333,0.0218,0.14819001778459273,0.57,0.8556288707523761
0.29079836143387255,0.00016,4.098212870205259,-64.15567910259934,-65.99798847015859,0.07064347719062224,-0.12119360450179721,0.14974521692869192,0.0024752999999999997,1.0,0.5695548597004119,0.0218,0.14819001778459273,0.57,0.8556288707523761
0.3083814263100086,0.00016,3.9140171091989373,-64.0355195260976,-65.90589058965543,0.0744193794430804,0.2650727043702541,0.17184245071774717,0.0024752999999999997,1.0,0.5887489169173903,0.0218,0.14819001778459273,0.57,0.8556288707523761
0.3262468347101488,0.00016,4.316940635173864,-64.07360961070145,-66.10735235264289,0.07761923668062065,0.6296986529310814,0.193591560836329,0.0024752999999999997,1.0,0.6079429741343689,0.0218,0.14819001778459273,0.57,0.8556288707523761
0.34436826255584724,0.00016,5.2205688596574475,-64.25381469858878,-66.55916646488468,0.08057360682221115,0.9691599878238221,0.2144404382090419,0.0024752999999999997,1.0,0.6271370313513474,0.0218,0.14819001778459273,0.57,0.8556288707523761
0.36271900853261546,0.00016,6.5150854917350784,-64.55179449414686,-67.2064247809235,0.08335651091473859,1.279598343686252,0.23421636797078016,0.0024752999999999997,1.0,0.6463310885683259,0.0218,0.14819001778459273,0.57,0.8556288707523761
0.3812720334334112,0.00016,8.071789716381716,-64.9352244634741,-67.98477689324682,0.08609893581835844,1.5578034177390958,0.2523459541096049,0.0024752999999999997,1.0,0.6655251457853044,0.0218,0.14819001778459273,0.57,0.8556288707523761
0.4,0.00016,9.749610661484724,-65.36658786609401,-68.82368736579832,0.08879026176850886,1.800381888474472,0.26881094477605605,0.0024752999999999997,1.0,0.684719203002283,0.0218,0.14819001778459273,0.57,0.8556288707523761
0.24000000000000005,0.000161,8.68322645582083,-65.54071990061831,-68.29049526296637,-0.12104572386299098,-1.3490583059874788,0.08099509518566839,0.0024752999999999997,1.0,0.5119726880494763,0.0218,0.14819001778459273,0.57,0.8556288707523761
0.256582440274312,0.000161,6.465089020909403,-64.90606004426452,-67.18142654551066,0.1260832758850102,-0.9326819745001996,0.10095782524185992,0.0024752999999999997,1.0,0.5311667452664548,0.0218,0.14819001778459273,0.57,0.8556288707523761
0.27352354813649893,0.000161,4.956951888390165,-64.45544270886333,-66.42735797925104,0.12171423738762828,-0.5138831002434056,0.12275969127514219,0.0024752999999999997,1.0,0.5503608024834333,0.0218,0.14819001778459273,0.57,0.8556288707523761
0.29079836143387255,0.000161,4.131041286077277,-64.16905152650217,-66.0144026780946,0.11792164766985386,-0.10888729824404927,0.14480548244649583,0.0024752999999999997,1.0,0.5695548597004119,0.0218,0.14819001778459273,0.57,0.8556288707523761
0.3083814263100086,0.000161,3.953269581088307,-64.04768763118001,-65.92551682560011,0.11477943134538993,0.27846674218558765,0.16672895383147357,0.0024752999999999997,1.0,0.5887489169173903,0.0218,0.14819001778459273,0.57,0.8556288707523761
0.3262468347101488,0.000161,4.36302003672489,-64.08410877490371,-66.1303920534184,0.1123121519279005,0.6442143999336997,0.1882531668267695,0.0024752999999999997,1.0,0.6079429741343689,0.0218,0.14819001778459273,0.57,0.8556288707523761
0.34436826255584724,0.000161,5.273742684053673,-64.26247680966222,-66.5857533770828,0.11050540868871869,0.9845818122507142,0.20899818281092097,0.0024752999999999997,1.0,0.6271370313513474,0.0218,0.14819001778459273,0.57,0.8556288707523761
0.36271900853261546,0.000161,6.575434382758488,-64.55841065603252,-67.2365992264352,0.10934179017800746,1.2959479809194656,0.2285971469288357,0.0024752999999999997,1.0,0.6463310885683259,0.0218,0.14819001778459273,0.57,0.8556288707523761
0.3812720334334112,0.000161,8.139158852448958,-64.93989994011099,-68.01846146128044,0.10877530875199735,1.5749128960256884,0.24666892812903285,0.0024752999999999997,1.0,0.6655251457853044,0.0218,0.14819001778459273,0.57,0.8556288707523761
0.4,0.000161,9.823570630316567,-65.36901490775962,-68.86066735021424,0.10878396331236119,1.8183868097185796,0.26284841656250846,0.0024752999999999997,1.0,0.684719203002283,0.0218,0.14819001778459273,0.57,0.8556288707523761
0.24000000000000005,0.000162,8.79674018522357,-65.58992352599653,-68.34725212766774,0.15596819884801197,-1.3510702349669852,0.07634461039037144,0.0024752999999999997,1.0,0.5119726880494763,0.0218,0.14819001778459273,0.57,0.8556288707523761
0.256582440274312,0.000162,6.610275337684499,-64.98540815185636,-67.25401970389821,0.1517383536082317,-0.9215520775578319,0.09735231392446686,0.0024752999999999997,1.0,0.5311667452664548,0.0218,0.14819001778459273,0.57,0.8556288707523761
0.27352354813649893,0.000162,5.115210676226411,-64.53715295497075,-66.50648737316916,0.1476302375475229,-0.5019300796741522,0.11886510576311993,0.0024752999999999997,1.0,0.5503608024834333,0.0218,0.14819001778459273,0.57,0.8556288707523761
0.29079836143387255,0.000162,4.302828116740272,-64.25287714228007,-66.1002960934261,0.143754881305533,-0.09608377550920462,0.14061432918690941,0.0024752999999999997,1.0,0.5695548597004119,0.0218,0.14819001778459273,0.57,0.8556288707523761
0.3083814263100086,0.000162,4.138833501915002,-64.13334679195269,-66.01829878601346,0.14020211827457701,0.29207363742054365,0.16229733263230428,0.0024752999999999997,1.0,0.5887489169173903,0.0218,0.14819001778459273,0.57,0.8556288707523761
0.3262468347101488,0.000162,4.562362614957635,-64.17129754150591,-66.23006334253478,0.1370410484680382,0.6586433090950919,0.18358326199236985,0.0024752999999999997,1.0,0.6079429741343689,0.0218,0.14819001778459273,0.57,0.8556288707523761
0.34436826255584724,0.000162,5.486583982997843,-64.35086692871555,-66.69217402655488,0.13433658554482744,0.9998137491483232,0.20410703623124116,0.0024752999999999997,1.0,0.6271370313513474,0.0218,0.14819001778459273,0.57,0.8556288707523761
0.36271900853261546,0.000162,6.801187455418756,-64.64766196401848,-67.34947576276534,0.13214326231665458,1.3119548053348633,0.22350238961211988,0.0024752999999999997,1.0,0.6463310885683259,0.0218,0.14819001778459273,0.57,0.8556288707523761
0.3812720334334112,0.000162,8.376914594990637,-65.029680795505,-68.13733933255128,0.13048979187405862,1.5916498182176964,0.24138713925693112,0.0024752999999999997,1.0,0.6655251457853044,0.0218,0.14819001778459273,0.57,0.8556288707523761
0.4,0.000162,10.072094732540819,-65.4590176054552,-68.98492940132637,0.12940846765326042,1.8357932061550895,0.2573962478729399,0.0024752999999999997,1.0,0.684719203002283,0.0218,0.14819001778459273,0.57,0.8556288707523761
0.24000000000000005,0.000163,9.063697622115342,-65.73276080476275,-68.48073084611363,0.17771468249423716,-1.341423583306535,0.0740288084052193,0.0024752999999999997,1.0,0.5119726880494763,0.0218,0.14819001778459273,0.57,0.8556288707523761
0.256582440274312,0.000163,6.899036081977897,-65.13585004198018,-67.39840007604491,0.17325988341507698,-0.9111205938028613,0.09476312881486637,0.0024752999999999997,1.0,0.5311667452664548,0.0218,0.14819001778459273,0.57,0.8556288707523761
0.27352354813649893,0.000163,5.423036770898733,-64.47240132521218,-66.66040042050533,0.6715696461303846,-0.5099529944081288,0.13283945710263323,0.0024752999999999997,1.0,0.5503608024834333,0.0218,0.14819001778459273,0.57,0.8556288707523761
0.29079836143387255,0.000163,4.6078764987966,-64.19322651929231,-66.25282028445426,0.6656737986290515,-0.10547786339271013,0.1550637620911709,0.0024752999999999997,1.0,0.5695548597004119,0.0218,0.14819001778459273,0.57,0.8556288707523761
0.3083814263100086,0.000163,4.441550289072524,-64.07783374517946,-66.16965717959222,0.6629522431497269,0.28142645158454616,0.17713618466298164,0.0024752999999999997,1.0,0.5887489169173903,0.0218,0.14819001778459273,0.57,0.8556288707523761
0.3262468347101488,0.000163,4.941389394297289,-64.34880860829246,-66.4195767322046,0.15696776294768616,0.6722774908791075,0.17989528948216482,0.0024752999999999997,1.0,0.6079429741343689,0.0218,0.14819001778459273,0.57,0.8556288707523761
0.34436826255584724,0.000163,5.887321500891062,-64.53392218454721,-66.89254278550149,0.1538235323229019,1.0142185062083446,0.2001766420370752,0.0024752999999999997,1.0,0.6271370313513474,0.0218,0.14819001778459273,0.57,0.8556288707523761
0.36271900853261546,0.000163,7.222496589321651,-64.83566420029517,-67.56013032971678,0.15117028530647283,1.3270792965029687,0.21934338408631227,0.0024752999999999997,1.0,0.6463310885683259,0.0218,0.14819001778459273,0.57,0.8556288707523761
0.3812720334334112,0.000163,8.817215501849489,-65.22194177904896,-68.3574897859807,0.14903750380789277,1.607464927096513,0.2370207484887441,0.0024752999999999997,1.0,0.6655251457853044,0.0218,0.14819001778459273,0.57,0.8556288707523761
0.4,0.000163,10.529370325935616,-65.65484410596557,-69.21356719802377,0.14745648455090674,1.8522317416574774,0.25284475402526985,0.0024752999999999997,1.0,0.684719203002283,0.0218,0.14819001778459273,0.57,0.8556288707523761
0.24000000000000005,0.000164,9.471096669067009,-65.9413499428932,-68.68443036958946,0.21327825353160695,-1.3325662818360071,0.07317999643049145,0.0024752999999999997,1.0,0.5119726880494763,0.0218,0.14819001778459273,0.57,0.8556288707523761
0.256582440274312,0.000164,7.339616028224441,-65.35805296548308,-67.61869004916818,0.20880736119367968,-0.9015172260166455,0.09363104600644201,0.0024752999999999997,1.0,0.5311667452664548,0.0218,0.14819001778459273,0.57,0.8556288707523761
0.27352354813649893,0.000164,5.589865180757897,-64.50172449595708,-66.74381462543491,0.7596314173256897,-0.49213821665325364,0.12562221774631877,0.0024752999999999997,1.0,0.5503608024834333,0.0218,0.14819001778459273,0.57,0.8556288707523761
0.29079836143387255,0.000164,4.793216952460995,-64.22432165778251,-66.34549051128646,0.7549239959127205,-0.08652816261924356,0.14790086776399858,0.0024752999999999997,1.0,0.5695548597004119,0.0218,0.14819001778459273,0.57,0.8556288707523761
0.3083814263100086,0.000164,4.6455938751742565,-64.11371790536735,-66.27167897264309,0.7485029959632254,0.30120600111677026,0.1702234659150258,0.0024752999999999997,1.0,0.5887489169173903,0.0218,0.14819001778459273,0.57,0.8556288707523761
0.3262468347101488,0.000164,5.085671209422827,-64.16256464253797,-66.49171763976737,0.740466518809446,0.6671394041009964,0.19224423663319445,0.0024752999999999997,1.0,0.6079429741343689,0.0218,0.14819001778459273,0.57,0.8556288707523761
0.34436826255584724,0.000164,6.026195647939886,-64.35418762177576,-66.9619798590259,0.7318132728632663,1.007518468160584,0.21351821009302907,0.0024752999999999997,1.0,0.6271370313513474,0.0218,0.14819001778459273,0.57,0.8556288707523761
0.36271900853261546,0.000164,7.356630538033272,-64.66285835421249,-67.6271973040726,0.724162120375698,1.3188353872475493,0.2335566292585235,0.0024752999999999997,1.0,0.6463310885683259,0.0218,0.14819001778459273,0.57,0.8556288707523761
0.3812720334334112,0.000164,8.947690340891796,-65.05563926443841,-68.42272720550186,0.7185309755459116,1.5977949727143144,0.2519337593460508,0.0024752999999999997,1.0,0.6655251457853044,0.0218,0.14819001778459273,0.57,0.8556288707523761
0.4,0.000164,11.225694747107298,-65.97155985295454,-69.56172940860961,0.16764962632355596,1.867429347961236,0.24951655948508655,0.0024752999999999997,1.0,0.684719203002283,0.0218,0.14819001778459273,0.57,0.8556288707523761
0.24000000000000005,0.000165,10.014585692509286,-66.20544538247822,-68.9561748813106,0.27720027682096116,-1.3265288009381393,0.0753063911806745,0.0024752999999999997,1.0,0.5119726880494763,0.0218,0.14819001778459273,0.57,0.8556288707523761
0.256582440274312,0.000165,7.355703167470381,-65.08418035632079,-67.62673361879115,0.7811553473938122,-0.8999791684822378,0.10002579011213852,0.0024752999999999997,1.0,0.5311667452664548,0.0218,0.14819001778459273,0.57,0.8556288707523761
0.27352354813649893,0.000165,5.897388487184855,-64.64522470794464,-66.89757627864839,0.7810107884240746,-0.4793588898684622,0.12155816022109533,0.0024752999999999997,1.0,0.5503608024834333,0.0218,0.14819001778459273,0.57,0.8556288707523761
0.29079836143387255,0.000165,5.123577118693788,-64.37115150118935,-66.51067059440285,0.7802772015105424,-0.07256259885855748,0.14335372543611502,0.0024752999999999997,1.0,0.5695548597004119,0.0218,0.14819001778459273,0.57,0.8556288707523761
0.3083814263100086,0.000165,4.999502112958339,-64.26277116926266,-66.44863309153513,0.7788597624001764,0.31648218051271454,0.1651243094929582,0.0024752999999999997,1.0,0.5887489169173903,0.0218,0.14819001778459273,0.57,0.8556288707523761
0.3262468347101488,0.000165,5.463657679503029,-64.31286298705932,-66.68071087480747,0.7766011119769846,0.6838465792088323,0.1865509456199106,0.0024752999999999997,1.0,0.6079429741343689,0.0218,0.14819001778459273,0.57,0.8556288707523761
0.34436826255584724,0.000165,6.428412453890473,-64.50558590020204,-67.1630882620012,0.7734261406727613,1.0256102495809865,0.20738599293775417,0.0024752999999999997,1.0,0.6271370313513474,0.0218,0.14819001778459273,0.57,0.8556288707523761
0.36271900853261546,0.000165,7.782536713960127,-64.8160180166082,-67.84015039203602,0.7694705303335355,1.338371962246326,0.22697090732633463,0.0024752999999999997,1.0,0.6463310885683259,0.0218,0.14819001778459273,0.57,0.8556288707523761
0.3812720334334112,0.000165,9.39580946965458,-65.21191715507437,-68.64678676988325,0.7650475185383684,1.6184873121279808,0.24515886305245527,0.0024752999999999997,1.0,0.6655251457853044,0.0218,0.14819001778459273,0.57,0.8556288707523761
0.4,0.000165,11.12565014552581,-65.65478640493075,-69.51170710781886,0.760764311580337,1.8628308359926666,0.26157241562780875,0.0024752999999999997,1.0,0.684719203002283,0.0218,0.14819001778459273,0.57,0.8556288707523761
0.24000000000000005,0.000166,9.9158626375756,-65.88841880332441,-68.90681335384376,0.791628917101282,-1.3210497394765097,0.07671383329492265,0.0024752999999999997,1.0,0.5119726880494763,0.0218,0.14819001778459273,0.57,0.8556288707523761
0.256582440274312,0.000166,7.795857007950417,-65.30365991407837,-67.84681053903117,0.793614474640198,-0.8896836353841665,0.09748361597346744,0.0024752999999999997,1.0,0.5311667452664548,0.0218,0.14819001778459273,0.57,0.8556288707523761
0.27352354813649893,0.000166,6.370088256837079,-64.87537811930319,-67.1339261634745,0.7955684425044046,-0.468216399923091,0.11872974529504576,0.0024752999999999997,1.0,0.5503608024834333,0.0218,0.14819001778459273,0.57,0.8556288707523761
0.29079836143387255,0.000166,5.629253267706957,-64.61120895684834,-66.76350866890944,0.7974880303891928,-0.06059637803833337,0.14026016302925792,0.0024752999999999997,1.0,0.5695548597004119,0.0218,0.14819001778459273,0.57,0.8556288707523761
0.3083814263100086,0.000166,5.5382573489964955,-64.51174345413163,-66.7180107095542,0.7994325932987073,0.3293959549540178,0.16160055984268618,0.0024752999999999997,1.0,0.5887489169173903,0.0218,0.14819001778459273,0.57,0.8556288707523761
0.3262468347101488,0.000166,6.035215141797835,-64.56959043627297,-66.96648960595488,0.8013548856564082,0.6976305197750532,0.1826116614146085,0.0024752999999999997,1.0,0.6079429741343689,0.0218,0.14819001778459273,0.57,0.8556288707523761
0.34436826255584724,0.000166,7.032062496815229,-64.76854742226669,-67.46491328346357,0.8032952063225927,1.0404365379090286,0.20288655324104377,0.0024752999999999997,1.0,0.6271370313513474,0.0218,0.14819001778459273,0.57,0.8556288707523761
0.36271900853261546,0.000166,8.417072297483742,-65.0837578927969,-68.15741818379783,0.8053585188327563,1.354170555605382,0.22195677056868435,0.0024752999999999997,1.0,0.6463310885683259,0.0218,0.14819001778459273,0.57,0.8556288707523761
0.3812720334334112,0.000166,10.059430096928736,-65.48300676609195,-68.97859708352033,0.8076347045019705,1.635226734879294,0.23957502322458557,0.0024752999999999997,1.0,0.6655251457853044,0.0218,0.14819001778459273,0.57,0.8556288707523761
0.4,0.000166,11.815830780018075,-65.92760470068731,-69.856797425065,0.810447422509903,1.880590354018026,0.2553151104530246,0.0024752999999999997,1.0,0.684719203002283,0.0218,0.14819001778459273,0.57,0.8556288707523761
0.24000000000000005,0.00016700000000000002,10.474086433789324,-66.17151474456072,-69.18592525195062,0.8004670583201677,-1.3126816669883348,0.07506083491937465,0.0024752999999999997,1.0,0.5119726880494763,0.0218,0.14819001778459273,0.57,0.8556288707523761
0.256582440274312,0.00016700000000000002,8.397920746592519,-65.60413232751637,-68.14784240835222,0.8042969926849582,-0.8806736993647778,0.09560911653371829,0.0024752999999999997,1.0,0.5311667452664548,0.0218,0.14819001778459273,0.57,0.8556288707523761
0.27352354813649893,0.00016700000000000002,7.016625258180511,-65.1925157270028,-67.45719466414621,0.8087692593066679,-0.45859548080044094,0.11659551623695652,0.0024752999999999997,1.0,0.5503608024834333,0.0218,0.14819001778459273,0.57,0.8556288707523761
0.29079836143387255,0.00016700000000000002,6.320330930299292,-64.94378461990796,-67.1090475002056,0.8142777859459625,-0.0503696677917019,0.13774645761858273,0.0024752999999999997,1.0,0.5695548597004119,0.0218,0.14819001778459273,0.57,0.8556288707523761
0.3083814263100086,0.00016700000000000002,6.2731822520511855,-64.85764659142248,-67.08547316108155,0.8216867637080378,0.33991713282559316,0.1587081941761601,0.0024752999999999997,1.0,0.5887489169173903,0.0218,0.14819001778459273,0.57,0.8556288707523761
0.3262468347101488,0.00016700000000000002,7.06043837785063,-64.3798117155054,-67.47910122398127,1.4383975672026972,0.6816532191227013,0.1943352740634392,0.0024752999999999997,1.0,0.6079429741343689,0.0218,0.14819001778459273,0.57,0.8556288707523761
0.34436826255584724,0.00016700000000000002,7.840870292455179,-65.05029951943736,-67.86931718128355,0.9500813141423973,1.0346209333533936,0.19557127572598088,0.0024752999999999997,1.0,0.6271370313513474,0.0218,0.14819001778459273,0.57,0.8556288707523761
0.36271900853261546,0.00016700000000000002,9.409805787999517,-64.85401063760472,-68.65378492905572,1.4670474048116546,1.3350581075221442,0.2361223571495159,0.0024752999999999997,1.0,0.6463310885683259,0.0218,0.14819001778459273,0.57,0.8556288707523761
0.3812720334334112,0.00016700000000000002,11.035022693074723,-65.23122569537664,-69.46639338159332,1.483314900850611,1.6140545012084122,0.2549518615825257,0.0024752999999999997,1.0,0.6655251457853044,0.0218,0.14819001778459273,0.57,0.8556288707523761
0.4,0.00016700000000000002,12.773955876457876,-65.65529000535814,-70.3358599732849,1.499129369459687,1.857097392438027,0.2718126367719025,0.0024752999999999997,1.0,0.684719203002283,0.0218,0.14819001778459273,0.57,0.8556288707523761
0.24000000000000005,0.00016800000000000002,11.182351047230128,-66.5285975137108,-69.54005755867102,0.8085783233310072,-1.305442775644668,0.07387216298850907,0.0024752999999999997,1.0,0.5119726880494763,0.0218,0.14819001778459273,0.57,0.8556288707523761
0.256582440274312,0.00016800000000000002,9.162384562584833,-65.98461357849497,-68.53007431634838,0.8147706573227707,-0.873000519585086,0.09420533435650214,0.0024752999999999997,1.0,0.5311667452664548,0.0218,0.14819001778459273,0.57,0.8556288707523761
0.27352354813649893,0.00016800000000000002,7.837717621746492,-65.59509905406613,-67.8677408459292,0.8229462114484707,-0.450669249352538,0.1149031653438044,0.0024752999999999997,1.0,0.5503608024834333,0.0218,0.14819001778459273,0.57,0.8556288707523761
0.29079836143387255,0.00016800000000000002,7.1972274847611,-65.36523296623692,-67.54749577743651,0.8353238435564726,-0.04265388972227176,0.1356068984475397,0.0024752999999999997,1.0,0.5695548597004119,0.0218,0.14819001778459273,0.57,0.8556288707523761
0.3083814263100086,0.00016800000000000002,7.20076312823582,-65.20722112420961,-67.54926359917387,0.9535652821955556,0.33144812270254725,0.1540124779161205,0.0024752999999999997,1.0,0.5887489169173903,0.0218,0.14819001778459273,0.57,0.8556288707523761
0.3262468347101488,0.00016800000000000002,7.607067097589521,-64.59100286792464,-67.75241558385072,1.4758208903522576,0.6927032459684641,0.1955250645326183,0.0024752999999999997,1.0,0.6079429741343689,0.0218,0.14819001778459273,0.57,0.8556288707523761
0.34436826255584724,0.00016800000000000002,8.699230719470506,-65.20861923558459,-68.29849739479121,1.2098257675710693,1.02525001148867,0.19836301309369853,0.0024752999999999997,1.0,0.6271370313513474,0.0218,0.14819001778459273,0.57,0.8556288707523761
0.36271900853261546,0.00016800000000000002,9.98776229024864,-65.0725696000361,-68.94276318018028,1.5049666869680176,1.3455564227961887,0.2364920989711109,0.0024752999999999997,1.0,0.6463310885683259,0.0218,0.14819001778459273,0.57,0.8556288707523761
0.3812720334334112,0.00016800000000000002,11.623455590952034,-65.45373793266054,-69.76060983053198,1.5198850480082673,1.6244238646692526,0.2547905389354772,0.0024752999999999997,1.0,0.6655251457853044,0.0218,0.14819001778459273,0.57,0.8556288707523761
0.4,0.00016800000000000002,13.370036225178751,-65.88079857482421,-70.63390014764533,1.5341539307335574,1.8675209551649579,0.2711138691947925,0.0024752999999999997,1.0,0.684719203002283,0.0218,0.14819001778459273,0.57,0.8556288707523761
0.24000000000000005,0.00016900000000000002,12.035451944107479,-66.95641937777737,-69.9666080071097,0.8168395352237185,-1.2993113898844157,0.07315134903469367,0.0024752999999999997,1.0,0.5119726880494763,0.0218,0.14819001778459273,0.57,0.8556288707523761
0.256582440274312,0.00016900000000000002,10.083536004966675,-66.44094418588895,-68.9906500375393,0.8265416199814818,-0.8667758125734087,0.0932707087520721,0.0024752999999999997,1.0,0.5311667452664548,0.0218,0.14819001778459273,0.57,0.8556288707523761
0.27352354813649893,0.00016900000000000002,8.826547236378588,-66.07579040404305,-68.36215565324525,0.8424809352112689,-0.4449899186871257,0.1135988234456139,0.0024752999999999997,1.0,0.5503608024834333,0.0218,0.14819001778459273,0.57,0.8556288707523761
0.29079836143387255,0.00016900000000000002,7.858880771437185,-64.96105590024004,-67.87832242077455,1.4719426335997554,-0.05456720611923114,0.15206317399387093,0.0024752999999999997,1.0,0.5695548597004119,0.0218,0.14819001778459273,0.57,0.8556288707523761
0.3083814263100086,0.00016900000000000002,7.810511116737189,-64.86223654662108,-67.85413759342455,1.485587456959874,0.33450210291366655,0.17412946647972227,0.0024752999999999997,1.0,0.5887489169173903,0.0218,0.14819001778459273,0.57,0.8556288707523761
0.3262468347101488,0.00016900000000000002,8.343992317768112,-64.91633355220638,-68.12087819394002,1.5007023279767724,0.701456671360093,0.19571145789167488,0.0024752999999999997,1.0,0.6079429741343689,0.0218,0.14819001778459273,0.57,0.8556288707523761
0.34436826255584724,0.00016900000000000002,9.370061882815065,-65.10760575325969,-68.63391297646349,1.5168416897498214,1.0425283642029683,0.2164024026025817,0.0024752999999999997,1.0,0.6271370313513474,0.0218,0.14819001778459273,0.57,0.8556288707523761
0.36271900853261546,0.00016900000000000002,10.776438519613833,-65.41213335581263,-69.33710129486288,1.5333557258308412,1.3541845338377918,0.2357809580493384,0.0024752999999999997,1.0,0.6463310885683259,0.0218,0.14819001778459273,0.57,0.8556288707523761
0.3812720334334112,0.00016900000000000002,12.432565556328257,-65.79849490676257,-70.16516481322009,1.5495573825063167,1.633178308317381,0.2534588616040401,0.0024752999999999997,1.0,0.6655251457853044,0.0218,0.14819001778459273,0.57,0.8556288707523761
0.4,0.00016900000000000002,14.196162882561822,-66.22950615243491,-71.04696347633687,1.5647805854850634,1.8765489662186159,0.2690949005391263,0.0024752999999999997,1.0,0.684719203002283,0.0218,0.14819001778459273,0.57,0.8556288707523761
0.24000000000000005,0.00017,12.694480593880144,-66.55349239397515,-70.29612233199603,1.4525929646347773,-1.3077817901540518,0.0872792468380078,0.0024752999999999997,1.0,0.5119726880494763,0.0218,0.14819001778459273,0.57,0.8556288707523761
0.256582440274312,0.00017,10.677217908313537,-66.00022137171615,-69.28749098921273,1.4635771514679972,-0.8760940658497671,0.10872941699325422,0.0024752999999999997,1.0,0.5311667452664548,0.0218,0.14819001778459273,0.57,0.8556288707523761
0.27352354813649893,0.00017,9.35178810406083,-65.59917377547771,-68.62477608708637,1.476338293731459,-0.45463119250951456,0.13057289697416297,0.0024752999999999997,1.0,0.5503608024834333,0.0218,0.14819001778459273,0.57,0.8556288707523761
0.29079836143387255,0.00017,8.706589234765573,-65.35695838948234,-68.30217665243875,1.491055673853675,-0.04742529815187025,0.15253938361844788,0.0024752999999999997,1.0,0.5695548597004119,0.0218,0.14819001778459273,0.57,0.8556288707523761
0.3083814263100086,0.00017,8.704074564451929,-65.2734833164359,-68.30091931728192,1.5077428261987056,0.3415307120327448,0.17425517564488802,0.0024752999999999997,1.0,0.5887489169173903,0.0218,0.14819001778459273,0.57,0.8556288707523761
0.3262468347101488,0.00017,9.28009817193805,-65.34104193521462,-68.58893112102498,1.5261275672583619,0.7083591430891754,0.19530231902720918,0.0024752999999999997,1.0,0.6079429741343689,0.0218,0.14819001778459273,0.57,0.8556288707523761
0.34436826255584724,0.00017,10.344946053401713,-65.54375114153495,-69.12135506175682,1.5456558208139115,1.0493881929729374,0.21524910268504882,0.0024752999999999997,1.0,0.6271370313513474,0.0218,0.14819001778459273,0.57,0.8556288707523761
0.36271900853261546,0.00017,11.786157626188611,-65.85764417657248,-69.84196084815026,1.5655445130123473,1.3611625092014987,0.23370725183269336,0.0024752999999999997,1.0,0.6463310885683259,0.0218,0.14819001778459273,0.57,0.8556288707523761
0.3812720334334112,0.00017,13.473156464378434,-66.25159697992183,-70.68546026724518,1.5848370696081737,1.6404504542855542,0.2503834121360333,0.0024752999999999997,1.0,0.6655251457853044,0.0218,0.14819001778459273,0.57,0.8556288707523761
0.4,0.00017,15.263651272636736,-66.68888871992718,-71.58070767137433,1.602587490961554,1.884253404463173,0.2650800482145912,0.0024752999999999997,1.0,0.684719203002283,0.0218,0.14819001778459273,0.57,0.8556288707523761
0.24000000000000005,0.000171,13.529724264638674,-66.96056786293494,-70.7137441673753,1.4648841441812515,-1.3021239221096808,0.08828851512070746,0.0024752999999999997,1.0,0.5119726880494763,0.0218,0.14819001778459273,0.57,0.8556288707523761
0.256582440274312,0.000171,11.57468125095474,-66.43225311041762,-69.73622266053333,1.4783629951675392,-0.8703112146088254,0.1095528015335453,0.0024752999999999997,1.0,0.5311667452664548,0.0218,0.14819001778459273,0.57,0.8556288707523761
0.27352354813649893,0.000171,10.310769050280555,-66.0547524662978,-69.10426656019624,1.4941849496790844,-0.44888659979173684,0.13111953564902223,0.0024752999999999997,1.0,0.5503608024834333,0.0218,0.14819001778459273,0.57,0.8556288707523761
0.29079836143387255,0.000171,9.725346453459764,-65.83410934733129,-68.81155526178584,1.5126801860759655,-0.041834663683173005,0.15262448539390894,0.0024752999999999997,1.0,0.5695548597004119,0.0218,0.14819001778459273,0.57,0.8556288707523761
0.3083814263100086,0.000171,9.77987707504468,-65.76963372278674,-68.8388205725783,1.5339693365876108,0.34694585963130387,0.17360783529060186,0.0024752999999999997,1.0,0.5887489169173903,0.0218,0.14819001778459273,0.57,0.8556288707523761
0.3262468347101488,0.000171,10.409384760719917,-65.85256835031771,-69.15357441541592,1.5581449957104005,0.713621719163782,0.19360388143022744,0.0024752999999999997,1.0,0.6079429741343689,0.0218,0.14819001778459273,0.57,0.8556288707523761
0.34436826255584724,0.000171,11.510470120427186,-65.49810191922532,-69.70411709526955,1.9109188824368328,1.0466513423093902,0.1928665979048726,0.0024752999999999997,1.0,0.6271370313513474,0.0218,0.14819001778459273,0.57,0.8556288707523761
0.36271900853261546,0.000171,12.952951955844185,-65.83310700453879,-70.42535801297805,1.9148992597929402,1.3611474928332319,0.21134193430364034,0.0024752999999999997,1.0,0.6463310885683259,0.0218,0.14819001778459273,0.57,0.8556288707523761
0.3812720334334112,0.000171,14.648706042732982,-66.24906834332474,-71.27323505642245,1.9193796706762702,1.642977407487179,0.22833362151355074,0.0024752999999999997,1.0,0.6655251457853044,0.0218,0.14819001778459273,0.57,0.8556288707523761
0.4,0.000171,16.45345572143441,-66.70672037912621,-72.17560989577316,1.9247173195244702,1.888994952015395,0.24349000976676627,0.0024752999999999997,1.0,0.684719203002283,0.0218,0.14819001778459273,0.57,0.8556288707523761
0.24000000000000005,0.000172,14.491492498185977,-67.42733468815909,-71.19462828414895,1.4786459576120725,-1.2974023969225597,0.08923750235079408,0.0024752999999999997,1.0,0.5119726880494763,0.0218,0.14819001778459273,0.57,0.8556288707523761
0.256582440274312,0.000172,12.609004961907488,-66.92841892706008,-70.2533845160097,1.495224636616989,-0.8656177675371779,0.11018390564134195,0.0024752999999999997,1.0,0.5311667452664548,0.0218,0.14819001778459273,0.57,0.8556288707523761
0.27352354813649893,0.000172,11.417031244203969,-66.57839356999568,-69.65739765715794,1.5151378000708142,-0.4443256425689321,0.1312182986138435,0.0024752999999999997,1.0,0.5503608024834333,0.0218,0.14819001778459273,0.57,0.8556288707523761
0.29079836143387255,0.000172,10.901708227254232,-66.38155840402551,-69.39973614868308,1.539482867770272,-0.03751859112700853,0.15185393378774226,0.0024752999999999997,1.0,0.5695548597004119,0.0218,0.14819001778459273,0.57,0.8556288707523761
0.3083814263100086,0.000172,10.92002375922982,-65.63537358056345,-69.40889391467087,1.9402730055077124,0.3426966411217203,0.1526494259505562,0.0024752999999999997,1.0,0.5887489169173903,0.0218,0.14819001778459273,0.57,0.8556288707523761
0.3262468347101488,0.000172,11.538958548416218,-65.72865678486193,-69.71836130926407,1.9513023727470666,0.7119605006172487,0.17305342594322937,0.0024752999999999997,1.0,0.6079429741343689,0.0218,0.14819001778459273,0.57,0.8556288707523761
0.34436826255584724,0.000172,12.65168038910815,-65.95370054193195,-70.27472222961003,1.965582971816226,1.0552661331557407,0.19274231942504727,0.0024752999999999997,1.0,0.6271370313513474,0.0218,0.14819001778459273,0.57,0.8556288707523761
0.36271900853261546,0.000172,14.143369206600255,-66.27919801575895,-71.02056663835609,1.9861972783456565,1.3685091421725324,0.21152187728320493,0.0024752999999999997,1.0,0.6463310885683259,0.0218,0.14819001778459273,0.57,0.8556288707523761
0.3812720334334112,0.000172,15.878577684588294,-66.64696680844389,-71.8881708773501,2.0262528473088515,1.646744422218702,0.22987604161951725,0.0024752999999999997,1.0,0.6655251457853044,0.0218,0.14819001778459273,0.57,0.8556288707523761
0.4,0.000172,17.7074666262385,-67.03263347233634,-72.80261534817521,2.075579426369035,1.888648578225851,0.24795258317083668,0.0024752999999999997,1.0,0.684719203002283,0.0218,0.14819001778459273,0.57,0.8556288707523761
0.24000000000000005,0.000173,15.565612048777638,-67.94690005952027,-71.73168805944478,1.4938990115586979,-1.293406896006113,0.08994457168828429,0.0024752999999999997,1.0,0.5119726880494763,0.0218,0.14819001778459273,0.57,0.8556288707523761
0.256582440274312,0.000173,13.764859897791439,-67.48101644840504,-70.83131198395168,1.5143003227819278,-0.8617106585386024,0.11039423322430286,0.0024752999999999997,1.0,0.5311667452664548,0.0218,0.14819001778459273,0.57,0.8556288707523761
0.27352354813649893,0.000173,12.550579198161955,-66.39991384252642,-70.22417163413694,1.9443212458965402,-0.4507661605528866,0.1117026037584129,0.0024752999999999997,1.0,0.5503608024834333,0.0218,0.14819001778459273,0.57,0.8556288707523761
0.29079836143387255,0.000173,12.21601975307837,-66.96939953212197,-70.05689191159514,1.5839233865403815,-0.03508732021713232,0.14915770224818892,0.0024752999999999997,1.0,0.5695548597004119,0.0218,0.14819001778459273,0.57,0.8556288707523761
0.3083814263100086,0.000173,12.113634208870963,-66.16382039842287,-70.00569913949144,1.9740706605734915,0.3490876175450839,0.15362888378923034,0.0024752999999999997,1.0,0.5887489169173903,0.0218,0.14819001778459273,0.57,0.8556288707523761
0.3262468347101488,0.000173,12.797098048372902,-66.25068478054826,-70.34743105924241,2.0036676122115287,0.7168460871666115,0.1746530230524601,0.0024752999999999997,1.0,0.6079429741343689,0.0218,0.14819001778459273,0.57,0.8556288707523761
0.34436826255584724,0.000173,13.953655438462306,-66.33444351517046,-70.92570975428711,2.0983038056361507,1.0557998262025674,0.19911557882428,0.0024752999999999997,1.0,0.6271370313513474,0.0218,0.14819001778459273,0.57,0.8556288707523761
0.36271900853261546,0.000173,15.478289514396238,-66.677722765668,-71.68802679225408,2.1161029352980463,1.3703196984347714,0.21906654724929886,0.0024752999999999997,1.0,0.6463310885683259,0.0218,0.14819001778459273,0.57,0.8556288707523761
0.3812720334334112,0.000173,17.247064616265874,-67.11202764136117,-72.5724143431889,2.127396545362925,1.6522763079934826,0.2371830441869337,0.0024752999999999997,1.0,0.6655251457853044,0.0218,0.14819001778459273,0.57,0.8556288707523761
0.4,0.000173,19.11561169042014,-67.59104390944432,-73.50668788026603,2.1359259439749483,1.8984646320175007,0.25345204365196594,0.0024752999999999997,1.0,0.684719203002283,0.0218,0.14819001778459273,0.57,0.8556288707523761
0.24000000000000005,0.000174,16.73662195040211,-68.51288765535416,-72.31719301025701,1.509981826730219,-1.289815974576758,0.09030750213441152,0.0024752999999999997,1.0,0.5119726880494763,0.0218,0.14819001778459273,0.57,0.8556288707523761
0.256582440274312,0.000174,15.025380433915956,-68.0802107944991,-71.46157225201394,1.5365522512874676,-0.8583645784958226,0.11006557807696438,0.0024752999999999997,1.0,0.5311667452664548,0.0218,0.14819001778459273,0.57,0.8556288707523761
0.27352354813649893,0.000174,13.740417819581722,-66.95131381705067,-70.81909094484682,1.9677870379286617,-0.4454526736651702,0.11317291054872913,0.0024752999999999997,1.0,0.5503608024834333,0.0218,0.14819001778459273,0.57,0.8556288707523761
0.29079836143387255,0.000174,13.278352279690068,-66.76390535594332,-70.588058174901,1.9954904060810024,-0.03719318052055725,0.13461308680612216,0.0024752999999999997,1.0,0.5695548597004119,0.0218,0.14819001778459273,0.57,0.8556288707523761
0.3083814263100086,0.000174,13.433075877175611,-66.52968791677411,-70.66541997364376,2.117434016371014,0.350709217981865,0.16129886437880403,0.0024752999999999997,1.0,0.5887489169173903,0.0218,0.14819001778459273,0.57,0.8556288707523761
0.3262468347101488,0.000174,14.161566804607844,-66.66260163452542,-71.02966543735988,2.1329502275249332,0.7209095561119145,0.18308237233002378,0.0024752999999999997,1.0,0.6079429741343689,0.0218,0.14819001778459273,0.57,0.8556288707523761
0.34436826255584724,0.000174,15.379202751985645,-66.93775075645918,-71.63848341104878,2.14504313703836,1.0655115695979238,0.2040174387541397,0.0024752999999999997,1.0,0.6271370313513474,0.0218,0.14819001778459273,0.57,0.8556288707523761
0.36271900853261546,0.000174,16.97135674881406,-67.32520766309679,-72.43456040946299,2.1557079147060705,1.3808289302912302,0.22382443883295267,0.0024752999999999997,1.0,0.6463310885683259,0.0218,0.14819001778459273,0.57,0.8556288707523761
0.3812720334334112,0.000174,18.804352886330918,-66.7291051386993,-73.35105847822142,2.6207548637570826,1.6463931118238613,0.23380517826351233,0.0024752999999999997,1.0,0.6655251457853044,0.0218,0.14819001778459273,0.57,0.8556288707523761
0.4,0.000174,20.637759921770993,-67.18649234331482,-74.26776199594146,2.629960973004425,1.8923277309308981,0.24882101020466174,0.0024752999999999997,1.0,0.684719203002283,0.0218,0.14819001778459273,0.57,0.8556288707523761
0.24000000000000005,0.00017500000000000003,17.989074560351753,-69.11707979881389,-72.94341931523184,1.527355276076453,-1.28643870782892,0.09031621889943875,0.0024752999999999997,1.0,0.5119726880494763,0.0218,0.14819001778459273,0.57,0.8556288707523761
0.256582440274312,0.00017500000000000003,16.10533504180421,-67.84331515516396,-72.00154955595806,1.9760696810883442,-0.864104781027646,0.09423443861484937,0.0024752999999999997,1.0,0.5311667452664548,0.0218,0.14819001778459273,0.57,0.8556288707523761
0.27352354813649893,0.00017500000000000003,15.02827478841516,-67.28572590888226,-71.46301942926354,2.119682676667657,-0.4433870166353662,0.1208587131133092,0.0024752999999999997,1.0,0.5503608024834333,0.0218,0.14819001778459273,0.57,0.8556288707523761
0.29079836143387255,0.00017500000000000003,14.61701260603877,-67.14056990956253,-71.25738833807534,2.1371950776770605,-0.03307132446381144,0.14327924897540845,0.0024752999999999997,1.0,0.5695548597004119,0.0218,0.14819001778459273,0.57,0.8556288707523761
0.3083814263100086,0.00017500000000000003,14.851053349842744,-67.16317674533778,-71.37440870997733,2.1513594581350195,0.35941072145293634,0.16555269824066332,0.0024752999999999997,1.0,0.5887489169173903,0.0218,0.14819001778459273,0.57,0.8556288707523761
0.3262468347101488,0.00017500000000000003,15.664833382699243,-67.339193023548,-71.78129872640558,2.164751872796735,0.73015093676676,0.1874519206902996,0.0024752999999999997,1.0,0.6079429741343689,0.0218,0.14819001778459273,0.57,0.8556288707523761
0.34436826255584724,0.00017500000000000003,16.89334037164599,-66.55728824090401,-72.39555222087895,2.625109407618989,1.05848392217519,0.19699903313680311,0.0024752999999999997,1.0,0.6271370313513474,0.0218,0.14819001778459273,0.57,0.8556288707523761
0.36271900853261546,0.00017500000000000003,18.437464020301263,-66.91421175531681,-73.16761404520659,2.6373741603868672,1.3733614868003388,0.2151630519458635,0.0024752999999999997,1.0,0.6463310885683259,0.0218,0.14819001778459273,0.57,0.8556288707523761
0.3812720334334112,0.00017500000000000003,20.224134932954257,-67.35147994396668,-74.06094950153309,2.6482480185924304,1.6555304898059962,0.23197426858198744,0.0024752999999999997,1.0,0.6655251457853044,0.0218,0.14819001778459273,0.57,0.8556288707523761
0.4,0.00017500000000000003,22.107993708584274,-67.82990075487838,-75.0028788893481,2.6578187042816395,1.9018453301026665,0.2470601754418622,0.0024752999999999997,1.0,0.684719203002283,0.0218,0.14819001778459273,0.57,0.8556288707523761
0.24000000000000005,0.00017600000000000002,19.307503557420233,-69.74387868381041,-73.60263381376608,1.5508647532595206,-1.2835063040483432,0.08973041082773692,0.0024752999999999997,1.0,0.5119726880494763,0.0218,0.14819001778459273,0.57,0.8556288707523761
0.256582440274312,0.00017600000000000002,17.38038927096875,-68.1653731739257,-72.63907667054033,2.1311495682623867,-0.860620802936767,0.10230628719228607,0.0024752999999999997,1.0,0.5311667452664548,0.0218,0.14819001778459273,0.57,0.8556288707523761
0.27352354813649893,0.00017600000000000002,16.378848542695096,-67.90411693162596,-72.1383063064035,2.1478830234070165,-0.4359322456967674,0.12453994813484859,0.0024752999999999997,1.0,0.5503608024834333,0.0218,0.14819001778459273,0.57,0.8556288707523761
0.29079836143387255,0.00017600000000000002,16.062876566252157,-67.80784722092665,-71.98032031818204,2.1631847510577558,-0.02525040247553497,0.14710871999905795,0.0024752999999999997,1.0,0.5695548597004119,0.0218,0.14819001778459273,0.57,0.8556288707523761
0.3083814263100086,0.00017600000000000002,16.374300541529323,-66.80406044150189,-72.13603230582062,2.622090080463041,0.35163474529403277,0.15697176499948218,0.0024752999999999997,1.0,0.5887489169173903,0.0218,0.14819001778459273,0.57,0.8556288707523761
0.3262468347101488,0.00017600000000000002,17.30014849175481,-68.07373173571939,-72.59895628093336,2.1998842841107296,0.7389302284206386,0.1919482672660766,0.0024752999999999997,1.0,0.6079429741343689,0.0218,0.14819001778459273,0.57,0.8556288707523761
0.34436826255584724,0.00017600000000000002,18.37516834101055,-67.21879805786985,-73.13646620556123,2.6519851136695385,1.0664759293022728,0.19619959375205287,0.0024752999999999997,1.0,0.6271370313513474,0.0218,0.14819001778459273,0.57,0.8556288707523761
0.36271900853261546,0.00017600000000000002,19.991016212543826,-67.60299276493286,-73.94439014132787,2.66616126210023,1.38182434947041,0.21451795077648594,0.0024752999999999997,1.0,0.6463310885683259,0.0218,0.14819001778459273,0.57,0.8556288707523761
0.3812720334334112,0.00017600000000000002,21.844036625947695,-68.06086861035713,-74.8709003480298,2.6804574386490745,1.6644131249360563,0.23144779230659906,0.0024752999999999997,1.0,0.6655251457853044,0.0218,0.14819001778459273,0.57,0.8556288707523761
0.4,0.00017600000000000002,23.78720676157309,-68.55131352111243,-75.8424854158425,2.6953738824649798,1.911115663351908,0.24660367544833428,0.0024752999999999997,1.0,0.684719203002283,0.0218,0.14819001778459273,0.57,0.8556288707523761
0.24000000000000005,0.000177,20.320670784873784,-69.16518232919012,-74.10921742749285,2.1358233461351843,-1.2889485972033945,0.08360707373739773,0.0024752999999999997,1.0,0.5119726880494763,0.0218,0.14819001778459273,0.57,0.8556288707523761
0.256582440274312,0.000177,18.71916838908993,-68.79339933243223,-73.30846622960092,2.153111639113627,-0.8539928099076919,0.1055393444591548,0.0024752999999999997,1.0,0.5311667452664548,0.0218,0.14819001778459273,0.57,0.8556288707523761
0.27352354813649893,0.000177,17.818855400698652,-68.58033618641896,-72.85830973540529,2.1695590316459072,-0.42897594536235195,0.12797062757618827,0.0024752999999999997,1.0,0.5503608024834333,0.0218,0.14819001778459273,0.57,0.8556288707523761
0.29079836143387255,0.000177,17.572275682478306,-67.44545367476599,-72.73501987629511,2.6292660620301658,-0.03394162102570164,0.1364696826417492,0.0024752999999999997,1.0,0.5695548597004119,0.0218,0.14819001778459273,0.57,0.8556288707523761
0.3083814263100086,0.000177,17.839602470768853,-67.47053995290774,-72.86868327044039,2.646282637844567,0.358517072439914,0.15689998871035615,0.0024752999999999997,1.0,0.5887489169173903,0.0218,0.14819001778459273,0.57,0.8556288707523761
0.3262468347101488,0.000177,18.684512824343557,-67.64489492112507,-73.29113844722774,2.6637834015650443,0.729249406770489,0.1770806122569808,0.0024752999999999997,1.0,0.6079429741343689,0.0218,0.14819001778459273,0.57,0.8556288707523761
0.34436826255584724,0.000177,20.013520009859832,-67.94440744098246,-73.95564203998588,2.683870073021098,1.0744162529819474,0.19664262533697885,0.0024752999999999997,1.0,0.6271370313513474,0.0218,0.14819001778459273,0.57,0.8556288707523761
0.36271900853261546,0.000177,21.70833582616919,-68.32069721750089,-74.80304994814055,2.7141405901395226,1.390397775372077,0.2151333085772409,0.0024752999999999997,1.0,0.6463310885683259,0.0218,0.14819001778459273,0.57,0.8556288707523761
0.3812720334334112,0.000177,23.62455843373479,-68.59728142131227,-75.76116125192335,2.8034830677571416,1.6743064252234043,0.231242972405173,0.0024752999999999997,1.0,0.6655251457853044,0.0218,0.14819001778459273,0.57,0.8556288707523761
0.4,0.000177,25.615518250549485,-69.04170394217019,-76.7566411603307,2.841675607379994,1.9208888136135753,0.24659778592548753,0.0024752999999999997,1.0,0.684719203002283,0.0218,0.14819001778459273,0.57,0.8556288707523761
0.24000000000000005,0.000178,21.623238528608454,-69.78538881197191,-74.76050129936019,2.153924809312355,-1.282923437360348,0.08636119056799563,0.0024752999999999997,1.0,0.5119726880494763,0.0218,0.14819001778459273,0.57,0.8556288707523761
0.256582440274312,0.000178,20.125721674015978,-69.46387572326329,-74.01174287206395,2.1708004958273333,-0.8475961069049032,0.10841461223137572,0.0024752999999999997,1.0,0.5311667452664548,0.0218,0.14819001778459273,0.57,0.8556288707523761
0.27352354813649893,0.000178,19.331726886281388,-69.29682810629079,-73.61474547819665,2.1892165823253946,-0.42216721214046155,0.13100428270133757,0.0024752999999999997,1.0,0.5503608024834333,0.0218,0.14819001778459273,0.57,0.8556288707523761
0.29079836143387255,0.000178,19.056486393177607,-68.13274976532404,-73.47712523164476,2.6501041255245696,-0.027544728031547443,0.13707288929511852,0.0024752999999999997,1.0,0.5695548597004119,0.0218,0.14819001778459273,0.57,0.8556288707523761
0.3083814263100086,0.000178,19.421621753147633,-68.19520865359823,-73.65969291162978,2.6702967722566027,0.36543579417222743,0.15779442638092434,0.0024752999999999997,1.0,0.5887489169173903,0.0218,0.14819001778459273,0.57,0.8556288707523761
0.3262468347101488,0.000178,20.361688564713234,-68.38254217878897,-74.12972631741258,2.6993599335760083,0.7368065429778514,0.1782640825864814,0.0024752999999999997,1.0,0.6079429741343689,0.0218,0.14819001778459273,0.57,0.8556288707523761
0.34436826255584724,0.000178,21.76683113805791,-68.43707558383537,-74.83229760408491,2.8196119621347906,1.0841088870628675,0.19754370090246143,0.0024752999999999997,1.0,0.6271370313513474,0.0218,0.14819001778459273,0.57,0.8556288707523761
0.36271900853261546,0.000178,23.519931060286837,-68.78274000366332,-75.70884756519938,2.8685230540468925,1.3995893208355146,0.2173993811477528,0.0024752999999999997,1.0,0.6463310885683259,0.0218,0.14819001778459273,0.57,0.8556288707523761
0.3812720334334112,0.000178,25.486004932894815,-69.08751338504095,-76.69188450150337,2.9531372667997013,1.6801137377829054,0.23897368195473412,0.0024752999999999997,1.0,0.6655251457853044,0.0218,0.14819001778459273,0.57,0.8556288707523761
0.4,0.000178,27.5157275981625,-69.53144833401598,-77.70674583413721,2.9963083826499286,1.9255624455798495,0.2584120709060266,0.0024752999999999997,1.0,0.684719203002283,0.0218,0.14819001778459273,0.57,0.8556288707523761
0.24000000000000005,0.00017900000000000001,22.97643531632565,-70.4392402613102,-75.43709969321878,2.1679475370632475,-1.2770207499808983,0.08877310270991046,0.0024752999999999997,1.0,0.5119726880494763,0.0218,0.14819001778459273,0.57,0.8556288707523761
0.256582440274312,0.00017900000000000001,21.66529457811933,-69.12307256759786,-74.78152932411562,2.6300276413481587,-0.8572792860575656,0.09670184608834798,0.0024752999999999997,1.0,0.5311667452664548,0.0218,0.14819001778459273,0.57,0.8556288707523761
0.27352354813649893,0.00017900000000000001,20.80505924305575,-68.91806949264198,-74.35141165658383,2.6485587430353807,-0.4322968518249559,0.11729811848997995,0.0024752999999999997,1.0,0.5503608024834333,0.0218,0.14819001778459273,0.57,0.8556288707523761
0.29079836143387255,0.00017900000000000001,20.63066672569542,-68.86817945714657,-74.26421539790367,2.6695855642903563,-0.0210820295501836,0.13826416203498237,0.0024752999999999997,1.0,0.5695548597004119,0.0218,0.14819001778459273,0.57,0.8556288707523761
0.3083814263100086,0.00017900000000000001,21.09882512528054,-68.94169858072465,-74.49829459769623,2.70359831842258,0.3725692178494909,0.15927843875270853,0.0024752999999999997,1.0,0.5887489169173903,0.0218,0.14819001778459273,0.57,0.8556288707523761
0.3262468347101488,0.00017900000000000001,22.109850658271824,-68.83776018357409,-75.00380736419187,2.847777223217409,0.746537945239837,0.1808867401757761,0.0024752999999999997,1.0,0.6079429741343689,0.0218,0.14819001778459273,0.57,0.8556288707523761
0.34436826255584724,0.00017900000000000001,23.58856305731473,-69.12501510592621,-75.74316356371332,2.8948260435050677,1.0914846535532459,0.2027050930351637,0.0024752999999999997,1.0,0.6271370313513474,0.0218,0.14819001778459273,0.57,0.8556288707523761
0.36271900853261546,0.00017900000000000001,25.415349799422813,-69.483673373623,-76.65655693476737,2.9504031952830934,1.405684090781154,0.22484519705015982,0.0024752999999999997,1.0,0.6463310885683259,0.0218,0.14819001778459273,0.57,0.8556288707523761
0.3812720334334112,0.00017900000000000001,27.451245257047702,-69.91987181568388,-77.67450466357981,2.9999393900639864,1.6866205878197933,0.24680902076926658,0.0024752999999999997,1.0,0.6655251457853044,0.0218,0.14819001778459273,0.57,0.8556288707523761
0.4,0.00017900000000000001,29.556922355300856,-70.52371342103223,-78.72734321270639,2.999998856757144,1.934509265505689,0.2627257733808954,0.0024752999999999997,1.0,0.684719203002283,0.0218,0.14819001778459273,0.57,0.8556288707523761
0.24000000000000005,0.00018,24.370703480644778,-71.1208313517696,-76.13423377537835,2.178547565032996,-1.271139256584231,0.0908068959050129,0.0024752999999999997,1.0,0.5119726880494763,0.0218,0.14819001778459273,0.57,0.8556288707523761
0.256582440274312,0.00018,23.0911866922105,-70.90103165268857,-75.49447538116121,2.1964979773611075,-0.8350711035097831,0.11297390648909666,0.0024752999999999997,1.0,0.5311667452664548,0.0218,0.14819001778459273,0.57,0.8556288707523761
0.27352354813649893,0.00018,22.342477136502396,-69.65140991532465,-75.12012060330716,2.6628501787923904,-0.42627450873067435,0.11855650781748583,0.0024752999999999997,1.0,0.5503608024834333,0.0218,0.14819001778459273,0.57,0.8556288707523761
0.29079836143387255,0.00018,22.276756605817923,-69.6327584895569,-75.08726033796492,2.691440713709487,-0.01449954917223762,0.1397572038827669,0.0024752999999999997,1.0,0.5695548597004119,0.0218,0.14819001778459273,0.57,0.8556288707523761
0.3083814263100086,0.00018,22.81892197513298,-69.39000475440118,-75.35834302262245,2.8505059698728252,0.38255967859294976,0.1630256840404063,0.0024752999999999997,1.0,0.5887489169173903,0.0218,0.14819001778459273,0.57,0.8556288707523761
0.3262468347101488,0.00018,23.924023515113703,-69.63135238794577,-75.91089379261281,2.8854507199591874,0.7538677652906358,0.18539888264802484,0.0024752999999999997,1.0,0.6079429741343689,0.0218,0.14819001778459273,0.57,0.8556288707523761
0.34436826255584724,0.00018,25.499549189603528,-69.98864201387924,-76.69865662985772,2.923728824483245,1.0985893902482406,0.2076527982406926,0.0024752999999999997,1.0,0.6271370313513474,0.0218,0.14819001778459273,0.57,0.8556288707523761
0.36271900853261546,0.00018,27.420868352746908,-70.40460858553585,-77.65931621142941,2.9748391452983802,1.4123763545566481,0.23056082878476836,0.0024752999999999997,1.0,0.6463310885683259,0.0218,0.14819001778459273,0.57,0.8556288707523761
0.3812720334334112,0.00018,29.546516249439094,-70.95362500512846,-78.7221401597755,2.9999959353052335,1.6947313512676194,0.2509994829693811,0.0024752999999999997,1.0,0.6655251457853044,0.0218,0.14819001778459273,0.57,0.8556288707523761
0.4,0.00018,31.739847700684265,-71.59891172199792,-79.81880588539809,2.9999994974873605,1.94289757769141,0.2668336544897887,0.0024752999999999997,1.0,0.684719203002283,0.0218,0.14819001778459273,0.57,0.8556288707523761
0.24000000000000005,0.000181,25.799124151401998,-71.82643326530138,-76.84844411075696,2.185935269253767,-1.2652147426689426,0.0923604192401023,0.0024752999999999997,1.0,0.5119726880494763,0.0218,0.14819001778459273,0.57,0.8556288707523761
0.256582440274312,0.000181,24.574361224880306,-70.5257851517511,-76.23606264749611,2.6532723162750815,-0.846026395983903,0.09888684494246769,0.0024752999999999997,1.0,0.5311667452664548,0.0218,0.14819001778459273,0.57,0.8556288707523761
0.27352354813649893,0.000181,23.93342081751649,-70.41424879023562,-75.9155924438142,2.6760462379421996,-0.42014699222510177,0.11999363893446957,0.0024752999999999997,1.0,0.5503608024834333,0.0218,0.14819001778459273,0.57,0.8556288707523761
0.29079836143387255,0.000181,23.95335510919412,-70.0600250001109,-75.92555958965302,2.840090265531761,-0.004014752694018533,0.14405602744875967,0.0024752999999999997,1.0,0.5695548597004119,0.0218,0.14819001778459273,0.57,0.8556288707523761
0.3083814263100086,0.000181,24.598141487006018,-70.225940134608,-76.24795277855897,2.8682979086247165,0.38981027539591506,0.16672402118767526,0.0024752999999999997,1.0,0.5887489169173903,0.0218,0.14819001778459273,0.57,0.8556288707523761
0.3262468347101488,0.000181,25.813015166016697,-70.53972525379284,-76.85538961806431,2.8960080675628275,0.761265825239238,0.18925246950191799,0.0024752999999999997,1.0,0.6079429741343689,0.0218,0.14819001778459273,0.57,0.8556288707523761
0.34436826255584724,0.000181,27.497639126269718,-70.96246988476778,-77.69770159819082,2.929500753108863,1.1061412296374589,0.21168714547713474,0.0024752999999999997,1.0,0.6271370313513474,0.0218,0.14819001778459273,0.57,0.8556288707523761
0.36271900853261546,0.000181,29.521429757816094,-71.37166779593872,-78.709596913964,2.9999965964561985,1.418075566683599,0.23642912486411682,0.0024752999999999997,1.0,0.6463310885683259,0.0218,0.14819001778459273,0.57,0.8556288707523761
0.3812720334334112,0.000181,31.745411042104394,-72.03994949162028,-79.82158755610816,2.999999473645194,1.7024508634987192,0.25471151511291323,0.0024752999999999997,1.0,0.6655251457853044,0.0218,0.14819001778459273,0.57,0.8556288707523761
0.4,0.000181,34.02945350775718,-72.72831302149963,-80.96360878893455,2.999998070171591,1.9508107979401235,0.2709068528210281,0.0024752999999999997,1.0,0.684719203002283,0.0218,0.14819001778459273,0.57,0.8556288707523761
0.24000000000000005,0.000182,27.257468784535007,-72.55325819071334,-77.57761642732346,2.1905135415437065,-1.259137225665696,0.09332482807823039,0.0024752999999999997,1.0,0.5119726880494763,0.0218,0.14819001778459273,0.57,0.8556288707523761
0.256582440274312,0.000182,26.09438515718523,-71.2667518406095,-76.99607461364857,2.662286279585966,-0.840200551731349,0.10014024690709022,0.0024752999999999997,1.0,0.5311667452664548,0.0218,0.14819001778459273,0.57,0.8556288707523761
0.27352354813649893,0.000182,25.56578901958133,-71.19264146127058,-76.73177654484662,2.691122169559268,-0.41375269326243586,0.1216316365423955,0.0024752999999999997,1.0,0.5503608024834333,0.0218,0.14819001778459273,0.57,0.8556288707523761
0.29079836143387255,0.000182,25.673585016286836,-70.89433085316539,-76.78567454319938,2.8491643958753086,0.003046451653230097,0.14722377283236987,0.0024752999999999997,1.0,0.5695548597004119,0.0218,0.14819001778459273,0.57,0.8556288707523761
0.3083814263100086,0.000182,26.433739756890475,-71.13061613298052,-77.1657519135012,2.8718725423774236,0.39708855045592034,0.17004269454518228,0.0024752999999999997,1.0,0.5887489169173903,0.0218,0.14819001778459273,0.57,0.8556288707523761
0.3262468347101488,0.000182,27.764473466318123,-71.51041906369564,-77.83111876821502,2.8957372968057413,0.7688722731703657,0.19271482265137962,0.0024752999999999997,1.0,0.6079429741343689,0.0218,0.14819001778459273,0.57,0.8556288707523761
0.34436826255584724,0.000182,29.563317283490136,-71.99444594047335,-78.73054067680103,2.9268137207852583,1.1140065403765351,0.21521064222467445,0.0024752999999999997,1.0,0.6271370313513474,0.0218,0.14819001778459273,0.57,0.8556288707523761
0.36271900853261546,0.000182,31.69225351677042,-72.44679694112617,-79.79500879344117,2.9999981312104214,1.4253050806361434,0.23993563454393896,0.0024752999999999997,1.0,0.6463310885683259,0.0218,0.14819001778459273,0.57,0.8556288707523761
0.3812720334334112,0.000182,34.017353242474826,-73.16307084950536,-80.95755865629337,2.999999672973237,1.7099816464686743,0.2582487234036266,0.0024752999999999997,1.0,0.6655251457853044,0.0218,0.14819001778459273,0.57,0.8556288707523761
0.4,0.000182,36.39309102559193,-73.89464951165527,-82.14542754785192,2.999999775218171,1.9587284336036554,0.2746440055498931,0.0024752999999999997,1.0,0.684719203002283,0.0218,0.14819001778459273,0.57,0.8556288707523761
0.24000000000000005,0.00018300000000000003,28.770631436594783,-72.18283042194862,-78.33419775335335,2.6501422432635118,-1.2706456661095211,0.0803726235700849,0.0024752999999999997,1.0,0.5119726880494763,0.0218,0.14819001778459273,0.57,0.8556288707523761
0.256582440274312,0.00018300000000000003,27.659184618356818,-71.69443378779923,-77.77847434423437,2.795513016624413,-0.8296069806100745,0.10428876958663835,0.0024752999999999997,1.0,0.5311667452664548,0.0218,0.14819001778459273,0.57,0.8556288707523761
0.27352354813649893,0.00018300000000000003,27.202877701060743,-71.63764717051507,-77.55032088558633,2.828151608348247,-0.4024494575259999,0.1271118804212733,0.0024752999999999997,1.0,0.5503608024834333,0.0218,0.14819001778459273,0.57,0.8556288707523761
0.29079836143387255,0.00018300000000000003,27.4362255906226,-71.77471162742523,-77.66699483036726,2.8494776724832396,0.010151621877735448,0.1500553613104174,0.0024752999999999997,1.0,0.5695548597004119,0.0218,0.14819001778459273,0.57,0.8556288707523761
0.3083814263100086,0.00018300000000000003,28.31461484161116,-72.07499230475543,-78.10618945586154,2.8694600779034793,0.40454025640670244,0.17304671992576504,0.0024752999999999997,1.0,0.5887489169173903,0.0218,0.14819001778459273,0.57,0.8556288707523761
0.3262468347101488,0.00018300000000000003,29.7631061044753,-72.51692213411096,-78.83043508729361,2.8911803373727256,0.7766349326922263,0.19586632575572338,0.0024752999999999997,1.0,0.6079429741343689,0.0218,0.14819001778459273,0.57,0.8556288707523761
0.34436826255584724,0.00018300000000000003,31.677325375936874,-73.06034609439101,-79.7875447230244,2.920714200942581,1.122000654724558,0.218503399380661,0.0024752999999999997,1.0,0.6271370313513474,0.0218,0.14819001778459273,0.57,0.8556288707523761
0.36271900853261546,0.00018300000000000003,33.911274733013244,-73.54607499335944,-80.90451940156258,2.999996494524824,1.4324697221122227,0.2430135555924594,0.0024752999999999997,1.0,0.6463310885683259,0.0218,0.14819001778459273,0.57,0.8556288707523761
0.3812720334334112,0.00018300000000000003,36.336941144982745,-74.30958982671766,-82.11735260754733,2.999996962971583,1.7177320627338344,0.26144230437747484,0.0024752999999999997,1.0,0.6655251457853044,0.0218,0.14819001778459273,0.57,0.8556288707523761
0.4,0.00018300000000000003,38.8036729994362,-75.08471446260718,-83.35071853477406,2.9999996105292897,1.9664867496835758,0.2780677133438898,0.0024752999999999997,1.0,0.684719203002283,0.0218,0.14819001778459273,0.57,0.8556288707523761
0.24000000000000005,0.000184,30.238349050063505,-72.90361009470865,-79.06805656008771,2.6579526928153983,-1.2646106393023564,0.08120898280930255,0.0024752999999999997,1.0,0.5119726880494763,0.0218,0.14819001778459273,0.57,0.8556288707523761
0.256582440274312,0.000184,29.222884369707117,-72.46512302328087,-78.56032421990952,2.801515578496927,-0.8227833932570179,0.1064367139458382,0.0024752999999999997,1.0,0.5311667452664548,0.0218,0.14819001778459273,0.57,0.8556288707523761
0.27352354813649893,0.000184,29.322115521811725,-74.21518669701484,-78.60993979596182,2.23136541590781,-0.38154191658025416,0.13761306756029623,0.0024752999999999997,1.0,0.5503608024834333,0.0218,0.14819001778459273,0.57,0.8556288707523761
0.29079836143387255,0.000184,29.234460459425037,-72.68397464078961,-78.56611226476848,2.8458795954471716,0.017442238915601562,0.15248292601035474,0.0024752999999999997,1.0,0.5695548597004119,0.0218,0.14819001778459273,0.57,0.8556288707523761
0.3083814263100086,0.000184,30.231534899984496,-73.0443592589888,-79.06464948504821,2.864564036412321,0.4122050326417132,0.17565912148918905,0.0024752999999999997,1.0,0.5887489169173903,0.0218,0.14819001778459273,0.57,0.8556288707523761
0.3262468347101488,0.000184,31.797378792294467,-73.54495458315827,-79.84757143120319,2.885243488262146,0.7846421891881336,0.1986436497543309,0.0024752999999999997,1.0,0.6079429741343689,0.0218,0.14819001778459273,0.57,0.8556288707523761
0.34436826255584724,0.000184,33.825750798259094,-74.1430863458942,-80.8617574341855,2.914631088433428,1.1301891215381543,0.22138324112552576,0.0024752999999999997,1.0,0.6271370313513474,0.0218,0.14819001778459273,0.57,0.8556288707523761
0.36271900853261546,0.000184,36.16129179331827,-74.66033485557499,-82.0295279317151,2.9999992825543513,1.4399479547805898,0.24567106875603972,0.0024752999999999997,1.0,0.6463310885683259,0.0218,0.14819001778459273,0.57,0.8556288707523761
0.3812720334334112,0.000184,38.68575802566832,-75.47078023236675,-83.29176104789012,2.9999997713923063,1.7254050707634052,0.26415490694530974,0.0024752999999999997,1.0,0.6655251457853044,0.0218,0.14819001778459273,0.57,0.8556288707523761
0.4,0.000184,41.241641612183514,-76.28786724292522,-84.56970284114772,2.999999798951085,1.9745207160882472,0.28085249258961154,0.0024752999999999997,1.0,0.684719203002283,0.0218,0.14819001778459273,0.57,0.8556288707523761
0.24000000000000005,0.000185,31.730676369674796,-73.63095241897322,-79.81422021989336,2.6681221517844977,-1.2580617792939794,0.08200498496747377,0.0024752999999999997,1.0,0.5119726880494763,0.0218,0.14819001778459273,0.57,0.8556288707523761
0.256582440274312,0.000185,30.816691127047847,-73.27651798945423,-79.35722759857988,2.7983359556045375,-0.8159624705495705,0.10797618733108094,0.0024752999999999997,1.0,0.5311667452664548,0.0218,0.14819001778459273,0.57,0.8556288707523761
0.27352354813649893,0.000185,30.594160269491027,-73.35670689904921,-79.24596216980147,2.8218362502273697,-0.3883431136642636,0.1310827160450072,0.0024752999999999997,1.0,0.5503608024834333,0.0218,0.14819001778459273,0.57,0.8556288707523761
0.29079836143387255,0.000185,31.06442308687474,-73.613601075634,-79.48109357849333,2.8406723552456477,0.0250046272722471,0.15440616562146925,0.0024752999999999997,1.0,0.5695548597004119,0.0218,0.14819001778459273,0.57,0.8556288707523761
0.3083814263100086,0.000185,32.17947903114137,-74.03052605010471,-80.03862155062664,2.859146817805262,0.42015488906012183,0.17776023659661622,0.0024752999999999997,1.0,0.5887489169173903,0.0218,0.14819001778459273,0.57,0.8556288707523761
0.3262468347101488,0.000185,33.8611120095033,-74.5853520234434,-80.87943803980761,2.880039187642934,0.7928467480494806,0.20092950938805165,0.0024752999999999997,1.0,0.6079429741343689,0.0218,0.14819001778459273,0.57,0.8556288707523761
0.34436826255584724,0.000185,36.00099764470434,-75.22794824842312,-81.94938085740813,2.912419482950411,1.1383047170349807,0.22385309074927862,0.0024752999999999997,1.0,0.6271370313513474,0.0218,0.14819001778459273,0.57,0.8556288707523761
0.36271900853261546,0.000185,38.432031740782094,-75.78405162247769,-83.164897905447,2.9999994874313485,1.4480177129004603,0.2473848580746576,0.0024752999999999997,1.0,0.6463310885683259,0.0218,0.14819001778459273,0.57,0.8556288707523761
0.3812720334334112,0.000185,41.05294068121097,-76.64001982144721,-84.47535237566144,2.9999975304418074,1.7337068902483888,0.26598763079980414,0.0024752999999999997,1.0,0.6655251457853044,0.0218,0.14819001778459273,0.57,0.8556288707523761
0.4,0.000185,43.69556004443663,-77.49804148014591,-85.79666205727428,2.999999434777479,1.9830038328542727,0.28286135144691327,0.0024752999999999997,1.0,0.684719203002283,0.0218,0.14819001778459273,0.57,0.8556288707523761
0.24000000000000005,0.000186,33.2472955921408,-74.36012256085075,-80.57252983112636,2.682388425201136,-1.2508663127694348,0.08292891698673133,0.0024752999999999997,1.0,0.5119726880494763,0.0218,0.14819001778459273,0.57,0.8556288707523761
0.256582440274312,0.000186,32.79934472126271,-75.76546175727388,-80.34855439568732,2.2067779384975363,-0.7945917583958746,0.11359029619796623,0.0024752999999999997,1.0,0.5311667452664548,0.0218,0.14819001778459273,0.57,0.8556288707523761
0.27352354813649893,0.000186,32.337285087457644,-74.2484500125978,-80.11752457878478,2.8156862958009072,-0.38094549680518136,0.13230998772698288,0.0024752999999999997,1.0,0.5503608024834333,0.0218,0.14819001778459273,0.57,0.8556288707523761
0.29079836143387255,0.000186,32.9258249035222,-74.55926484317358,-80.41179448681706,2.835320592457438,0.03280367048029059,0.15583165500240803,0.0024752999999999997,1.0,0.5695548597004119,0.0218,0.14819001778459273,0.57,0.8556288707523761
0.3083814263100086,0.000186,34.15774452050471,-75.02866021291597,-81.02775429530831,2.8547942549347356,0.4282494393452628,0.17938062471933258,0.0024752999999999997,1.0,0.5887489169173903,0.0218,0.14819001778459273,0.57,0.8556288707523761
0.3262468347101488,0.000186,35.980088333008524,-75.29498464576479,-81.93892620156022,2.999999039428647,0.7892708854007486,0.20661754032343027,0.0024752999999999997,1.0,0.6079429741343689,0.0218,0.14819001778459273,0.57,0.8556288707523761
0.34436826255584724,0.000186,38.1836862386879,-76.06112264503751,-83.04072515439991,2.999999653915921,1.1376584508332683,0.2280979011786436,0.0024752999999999997,1.0,0.6271370313513474,0.0218,0.14819001778459273,0.57,0.8556288707523761
0.36271900853261546,0.000186,40.719742333394265,-76.91561960376828,-84.30875320175309,2.999999709377363,1.4564781478719788,0.2484233355816241,0.0024752999999999997,1.0,0.6463310885683259,0.0218,0.14819001778459273,0.57,0.8556288707523761
0.3812720334334112,0.000186,43.43468284569846,-77.81579103008727,-85.66622345790519,2.9999946442317755,1.7423996802512676,0.267227641771683,0.0024752999999999997,1.0,0.6655251457853044,0.0218,0.14819001778459273,0.57,0.8556288707523761
0.4,0.000186,46.16157673588452,-78.7133234850219,-87.02967040299822,2.999999869515001,1.9919222561098655,0.2841099834175844,0.0024752999999999997,1.0,0.684719203002283,0.0218,0.14819001778459273,0.57,0.8556288707523761
0.24000000000000005,0.00018700000000000002,34.790654646041105,-75.09999568586751,-81.34420935807651,2.6977804475070806,-1.24316839446219,0.08395691586975573,0.0024752999999999997,1.0,0.5119726880494763,0.0218,0.14819001778459273,0.57,0.8556288707523761
0.256582440274312,0.00018700000000000002,34.0999294443975,-74.97908514163811,-80.99884675725471,2.7805401942035775,-0.8019844856197296,0.10946254710685366,0.0024752999999999997,1.0,0.5311667452664548,0.0218,0.14819001778459273,0.57,0.8556288707523761
0.27352354813649893,0.00018700000000000002,34.32007540742691,-74.70146070977381,-81.10891973876942,2.999999999999953,-0.38726956182314787,0.13895960599160884,0.0024752999999999997,1.0,0.5503608024834333,0.0218,0.14819001778459273,0.57,0.8556288707523761
0.29079836143387255,0.00018700000000000002,34.82134683797551,-75.51797825679597,-81.35955545404371,2.8313518381155833,0.04075314488748494,0.15684989741659416,0.0024752999999999997,1.0,0.5695548597004119,0.0218,0.14819001778459273,0.57,0.8556288707523761
0.3083814263100086,0.00018700000000000002,36.16893686552086,-76.03436378280824,-82.03335046781639,2.8535238581279554,0.43638814905317425,0.18058718587639822,0.0024752999999999997,1.0,0.5887489169173903,0.0218,0.14819001778459273,0.57,0.8556288707523761
0.3262468347101488,0.00018700000000000002,38.075531612846845,-76.67430370380644,-82.98664784147938,2.8818547279199302,0.8091114002624366,0.20409001896170964,0.0024752999999999997,1.0,0.6079429741343689,0.0218,0.14819001778459273,0.57,0.8556288707523761
0.34436826255584724,0.00018700000000000002,40.390116160217104,-77.15457969987774,-84.14394011516451,2.9999993210426257,1.1462044145092727,0.22847111826846223,0.0024752999999999997,1.0,0.6271370313513474,0.0218,0.14819001778459273,0.57,0.8556288707523761
0.36271900853261546,0.00018700000000000002,43.02625004535807,-78.05577211153984,-85.462007057735,2.9999998014770037,1.465445576966771,0.2487647005310788,0.0024752999999999997,1.0,0.6463310885683259,0.0218,0.14819001778459273,0.57,0.8556288707523761
0.3812720334334112,0.00018700000000000002,45.833196194848995,-78.99917741234879,-86.86548013248046,2.9999979817920814,1.7514785768115975,0.26759595643496015,0.0024752999999999997,1.0,0.6655251457853044,0.0218,0.14819001778459273,0.57,0.8556288707523761
0.4,0.00018700000000000002,48.642295666696725,-79.93458530030821,-88.27002986840432,2.999999811685387,2.0014869276623015,0.2844647222030796,0.0024752999999999997,1.0,0.684719203002283,0.0218,0.14819001778459273,0.57,0.8556288707523761
0.24000000000000005,0.00018800000000000002,36.36699961313201,-75.8806831203531,-82.13238184162196,2.7040234048828418,-1.235602898955304,0.08451901840237619,0.0024752999999999997,1.0,0.5119726880494763,0.0218,0.14819001778459273,0.57,0.8556288707523761
0.256582440274312,0.00018800000000000002,35.7958713046647,-75.87337048784943,-81.84681768738831,2.7658831975566716,-0.7948862761896591,0.1094436283442326,0.0024752999999999997,1.0,0.5311667452664548,0.0218,0.14819001778459273,0.57,0.8556288707523761
0.27352354813649893,0.00018800000000000002,36.1075070622536,-75.59796058745687,-82.00263556618276,2.999999999999953,-0.38001264844118215,0.13858909583864476,0.0024752999999999997,1.0,0.5503608024834333,0.0218,0.14819001778459273,0.57,0.8556288707523761
0.29079836143387255,0.00018800000000000002,36.85379130761501,-76.04271266684249,-82.37577768886347,2.999999928716069,0.034498221240270875,0.16142720108082909,0.0024752999999999997,1.0,0.5695548597004119,0.0218,0.14819001778459273,0.57,0.8556288707523761
0.3083814263100086,0.00018800000000000002,38.21715826988168,-77.0397097965082,-83.0574611699968,2.858876518559498,0.4442830788242193,0.1814597815741712,0.0024752999999999997,1.0,0.5887489169173903,0.0218,0.14819001778459273,0.57,0.8556288707523761
0.3262468347101488,0.00018800000000000002,40.2070962890638,-77.39508399704945,-84.05243017958786,2.9999997539317618,0.8060728856681598,0.2065425306295645,0.0024752999999999997,1.0,0.6079429741343689,0.0218,0.14819001778459273,0.57,0.8556288707523761
0.34436826255584724,0.00018800000000000002,42.62260024547538,-78.26067248763061,-85.26018215779365,2.9999982348353598,1.1550279593299957,0.228120338900911,0.0024752999999999997,1.0,0.6271370313513474,0.0218,0.14819001778459273,0.57,0.8556288707523761
0.36271900853261546,0.00018800000000000002,45.35770133638874,-79.2076512850259,-86.62773270325033,2.9999997192014622,1.474864121457707,0.24841792100961724,0.0024752999999999997,1.0,0.6463310885683259,0.0218,0.14819001778459273,0.57,0.8556288707523761
0.3812720334334112,0.00018800000000000002,48.25538036865734,-80.19283784226575,-88.07657221938463,2.9999997927185724,1.7613999129810054,0.2672850485054703,0.0024752999999999997,1.0,0.6655251457853044,0.0218,0.14819001778459273,0.57,0.8556288707523761
0.4,0.00018800000000000002,51.14532306514283,-81.1658754924551,-89.52154356762738,2.9999998569581847,2.011565724533661,0.28420607499217887,0.0024752999999999997,1.0,0.684719203002283,0.0218,0.14819001778459273,0.57,0.8556288707523761
0.24000000000000005,0.000189,37.9831698616658,-76.70080539583529,-82.94046696588886,2.7029076519896456,-1.2282805137452004,0.08455224092404912,0.0024752999999999997,1.0,0.5119726880494763,0.0218,0.14819001778459273,0.57,0.8556288707523761
0.256582440274312,0.000189,37.76342017369899,-76.17709893358342,-82.83059212190545,2.999999999999953,-0.8012777497020321,0.11521370506441997,0.0024752999999999997,1.0,0.5311667452664548,0.0218,0.14819001778459273,0.57,0.8556288707523761
0.27352354813649893,0.000189,37.79056486371596,-77.0163673790992,-82.84416446691394,2.804009839234474,-0.3580260502099796,0.13391162615985341,0.0024752999999999997,1.0,0.5503608024834333,0.0218,0.14819001778459273,0.57,0.8556288707523761
0.29079836143387255,0.000189,38.78999666484907,-77.0105088725322,-83.3438803674805,2.9999993930756044,0.04250043488954804,0.16061963052575268,0.0024752999999999997,1.0,0.5695548597004119,0.0218,0.14819001778459273,0.57,0.8556288707523761
0.3083814263100086,0.000189,40.29775793369606,-77.66862796471881,-84.09776100190399,2.9999995103960537,0.4396915595244325,0.18332393302026084,0.0024752999999999997,1.0,0.5887489169173903,0.0218,0.14819001778459273,0.57,0.8556288707523761
0.3262468347101488,0.000189,42.36806584128095,-78.46830165615314,-85.13291495569644,2.9999997545691834,0.8150384820329769,0.20571115594963374,0.0024752999999999997,1.0,0.6079429741343689,0.0218,0.14819001778459273,0.57,0.8556288707523761
0.34436826255584724,0.000189,44.88912450897928,-79.38294088031608,-86.3934442895456,2.9999998247577513,1.1645031238411092,0.22723320259883417,0.0024752999999999997,1.0,0.6271370313513474,0.0218,0.14819001778459273,0.57,0.8556288707523761
0.36271900853261546,0.000189,47.723057367280035,-80.37594338012156,-87.81041071869598,2.9999998477959813,1.4845858836376415,0.24762109351005912,0.0024752999999999997,1.0,0.6463310885683259,0.0218,0.14819001778459273,0.57,0.8556288707523761
0.3812720334334112,0.000189,50.71117640123285,-81.40306797904023,-89.30447023567238,2.9999988533547777,1.7714036944348752,0.2663278874509175,0.0024752999999999997,1.0,0.6655251457853044,0.0218,0.14819001778459273,0.57,0.8556288707523761
0.4,0.000189,53.68153825074475,-82.41290242427304,-90.78965116042833,2.9999990735742865,2.022019457469984,0.2833052068858065,0.0024752999999999997,1.0,0.684719203002283,0.0218,0.14819001778459273,0.57,0.8556288707523761
0.24000000000000005,0.00019,39.64464793114118,-77.5495639370444,-83.77120600062655,2.699492270941091,-1.2211000212172791,0.08428877824991954,0.0024752999999999997,1.0,0.5119726880494763,0.0218,0.14819001778459273,0.57,0.8556288707523761
0.256582440274312,0.00019,39.50321321098002,-77.05273400530238,-83.70048864054597,2.999999999933719,-0.7940837023941909,0.11407765119344349,0.0024752999999999997,1.0,0.5311667452664548,0.0218,0.14819001778459273,0.57,0.8556288707523761
0.27352354813649893,0.00019,39.697134482632265,-77.9364473344183,-83.79744927637209,2.8167428069130054,-0.3507470586257701,0.13415934560809017,0.0024752999999999997,1.0,0.5503608024834333,0.0218,0.14819001778459273,0.57,0.8556288707523761
0.29079836143387255,0.00019,40.765758458457185,-77.99801050635567,-84.33176126428455,2.9999986074595077,0.05069049834021093,0.1593932742651859,0.0024752999999999997,1.0,0.5695548597004119,0.0218,0.14819001778459273,0.57,0.8556288707523761
0.3083814263100086,0.00019,42.38897014344852,-78.71030059750599,-85.14336710678022,2.9999983693145884,0.4485559699541183,0.1820360616636184,0.0024752999999999997,1.0,0.5887489169173903,0.0218,0.14819001778459273,0.57,0.8556288707523761
0.3262468347101488,0.00019,44.571098039748534,-79.56234602141184,-86.23443105493023,2.9999998713831806,0.8241544116613657,0.20439153456707926,0.0024752999999999997,1.0,0.6079429741343689,0.0218,0.14819001778459273,0.57,0.8556288707523761
0.34436826255584724,0.00019,47.198757292581405,-80.52653183290361,-87.54826068134666,2.9999998458579595,1.1741031799895265,0.22589939789768632,0.0024752999999999997,1.0,0.6271370313513474,0.0218,0.14819001778459273,0.57,0.8556288707523761
0.36271900853261546,0.00019,50.132412634632345,-81.56582354989642,-89.01508835237213,2.9999998506931806,1.4945200421257392,0.24624781964307196,0.0024752999999999997,1.0,0.6463310885683259,0.0218,0.14819001778459273,0.57,0.8556288707523761
0.3812720334334112,0.00019,53.211721412463135,-82.63459037686238,-90.55474274128753,2.999993304725368,1.7819664856490631,0.2649494156435881,0.0024752999999999997,1.0,0.6655251457853044,0.0218,0.14819001778459273,0.57,0.8556288707523761
0.4,0.00019,56.26306618233684,-83.68231977806289,-92.08041512622438,2.9999999035876033,2.0325478912735524,0.2819275806416037,0.0024752999999999997,1.0,0.684719203002283,0.0218,0.14819001778459273,0.57,0.8556288707523761
0.24000000000000005,0.000191,41.35604482500759,-78.42310911953835,-84.62690444755975,2.696015981868541,-1.2141450230822528,0.08396432959839184,0.0024752999999999997,1.0,0.5119726880494763,0.0218,0.14819001778459273,0.57,0.8556288707523761
0.256582440274312,0.000191,41.28452962291675,-77.94927008664078,-84.59114684651433,2.999951674742223,-0.7868310647665383,0.1126436659615957,0.0024752999999999997,1.0,0.5311667452664548,0.0218,0.14819001778459273,0.57,0.8556288707523761
0.27352354813649893,0.000191,41.68759817659043,-78.39647409879636,-84.79268112335117,2.9999988952152083,-0.35704388153329614,0.13511688306307945,0.0024752999999999997,1.0,0.5503608024834333,0.0218,0.14819001778459273,0.57,0.8556288707523761
0.29079836143387255,0.000191,42.78733466289134,-79.00834607855364,-85.34254936650163,2.9999986787950386,0.058941993919548054,0.15782555855883285,0.0024752999999999997,1.0,0.5695548597004119,0.0218,0.14819001778459273,0.57,0.8556288707523761
0.3083814263100086,0.000191,44.52806937262224,-79.77593038176711,-86.21291672136708,2.9999954566820297,0.45723035180348715,0.1804667204183712,0.0024752999999999997,1.0,0.5887489169173903,0.0218,0.14819001778459273,0.57,0.8556288707523761
0.3262468347101488,0.000191,46.82401498528509,-80.6811941458191,-87.3608895276985,2.999999809092433,0.8333376054921358,0.20269948861886578,0.0024752999999999997,1.0,0.6079429741343689,0.0218,0.14819001778459273,0.57,0.8556288707523761
0.34436826255584724,0.000191,49.560182851312334,-81.69579358357947,-88.72897346071213,2.9999998866642437,1.18381590198943,0.22416723364730085,0.0024752999999999997,1.0,0.6271370313513474,0.0218,0.14819001778459273,0.57,0.8556288707523761
0.36271900853261546,0.000191,52.59535027791006,-82.78218573928562,-90.24655717401099,2.9999999456520294,1.5045939156668657,0.24445973296875423,0.0024752999999999997,1.0,0.6463310885683259,0.0218,0.14819001778459273,0.57,0.8556288707523761
0.3812720334334112,0.000191,55.76745611521292,-83.8941492374885,-91.83261009266242,2.999999928863569,1.79220026578773,0.26319243186543195,0.0024752999999999997,1.0,0.6655251457853044,0.0218,0.14819001778459273,0.57,0.8556288707523761
0.4,0.000191,58.90127881507206,-84.97923147075436,-93.39952144259199,2.9999999149936523,2.043438305708435,0.2800037794622394,0.0024752999999999997,1.0,0.684719203002283,0.0218,0.14819001778459273,0.57,0.8556288707523761
0.24000000000000005,0.000192,43.12096019997236,-79.32002686715914,-85.50936213504214,2.693617809123814,-1.2075401813853721,0.08376553392589592,0.0024752999999999997,1.0,0.5119726880494763,0.0218,0.14819001778459273,0.57,0.8556288707523761
0.256582440274312,0.000192,43.042983969277714,-79.33720318702386,-85.47037401969482,2.830675527835506,-0.7672531374835284,0.1101952471936477,0.0024752999999999997,1.0,0.5311667452664548,0.0218,0.14819001778459273,0.57,0.8556288707523761
0.27352354813649893,0.000192,43.638187559382175,-79.37455454866148,-85.76797581474705,2.999972242751127,-0.34938335738427667,0.13345704238538036,0.0024752999999999997,1.0,0.5503608024834333,0.0218,0.14819001778459273,0.57,0.8556288707523761
0.29079836143387255,0.000192,44.86022162171278,-80.04427389654278,-86.37899284591235,2.999999511310691,0.0670856646234379,0.1560915822209893,0.0024752999999999997,1.0,0.5695548597004119,0.0218,0.14819001778459273,0.57,0.8556288707523761
0.3083814263100086,0.000192,46.72106473094678,-80.86854658857507,-87.30941440052935,2.999999668921315,0.46561493307641433,0.17872036798577207,0.0024752999999999997,1.0,0.5887489169173903,0.0218,0.14819001778459273,0.57,0.8556288707523761
0.3262468347101488,0.000192,49.13340976872712,-81.82819315061758,-88.51558691941952,2.9999968304188505,0.842535584176674,0.20079156142948773,0.0024752999999999997,1.0,0.6079429741343689,0.0218,0.14819001778459273,0.57,0.8556288707523761
0.34436826255584724,0.000192,51.98059002811769,-82.89476621245123,-89.9391770491148,2.9999998410115434,1.1932653865679153,0.22218306377754027,0.0024752999999999997,1.0,0.6271370313513474,0.0218,0.14819001778459273,0.57,0.8556288707523761
0.36271900853261546,0.000192,55.11968525109603,-84.02939362854336,-91.50872466060397,2.9999999171791023,1.5145039506616735,0.24244508080712757,0.0024752999999999997,1.0,0.6463310885683259,0.0218,0.14819001778459273,0.57,0.8556288707523761
0.3812720334334112,0.000192,58.38688072000116,-85.18590268387906,-93.14232239505654,2.999999884557479,1.8021930447466694,0.26117571127046046,0.0024752999999999997,1.0,0.6655251457853044,0.0218,0.14819001778459273,0.57,0.8556288707523761
0.4,0.000192,61.60524068642923,-86.31004146012097,-94.75150237827057,2.999999804581699,2.053772787903325,0.2778898948391255,0.0024752999999999997,1.0,0.684719203002283,0.0218,0.14819001778459273,0.57,0.8556288707523761
0.24000000000000005,0.000193,44.95465856015363,-79.93450173729842,-86.42621131513278,2.8063697789039788,-1.2011525611871112,0.087070034902758,0.0024752999999999997,1.0,0.5119726880494763,0.0218,0.14819001778459273,0.57,0.8556288707523761
0.256582440274312,0.000193,44.96493863370688,-80.19613432462114,-86.4313513519094,2.867742113409524,-0.7625935228397906,0.10934214225296102,0.0024752999999999997,1.0,0.5311667452664548,0.0218,0.14819001778459273,0.57,0.8556288707523761
0.27352354813649893,0.000193,45.64139370418954,-80.37864127638238,-86.76957888715073,2.9999950878497157,-0.3420005116041237,0.13183737788464722,0.0024752999999999997,1.0,0.5503608024834333,0.0218,0.14819001778459273,0.57,0.8556288707523761
0.29079836143387255,0.000193,46.98861665406545,-81.10791188216385,-87.44319036208869,2.9999999365933596,0.07494661975519881,0.15439440571271357,0.0024752999999999997,1.0,0.5695548597004119,0.0218,0.14819001778459273,0.57,0.8556288707523761
0.3083814263100086,0.000193,48.97244846971435,-81.99028864388659,-88.43510626991313,2.9999998170773394,0.4740211019693444,0.1768901401208992,0.0024752999999999997,1.0,0.5887489169173903,0.0218,0.14819001778459273,0.57,0.8556288707523761
0.3262468347101488,0.000193,51.504040383369954,-83.00614017367938,-89.70090222674094,2.9999998159154235,0.8512255084017002,0.19892575440788596,0.0024752999999999997,1.0,0.6079429741343689,0.0218,0.14819001778459273,0.57,0.8556288707523761
0.34436826255584724,0.000193,54.46507440104736,-84.1259766913344,-91.18141923557964,2.9999985415157724,1.2024780642144444,0.22025392677789735,0.0024752999999999997,1.0,0.6271370313513474,0.0218,0.14819001778459273,0.57,0.8556288707523761
0.36271900853261546,0.000193,57.71083761714473,-85.31072927781085,-92.80430084362833,2.9999998377916115,1.523877869256082,0.2403605857719,0.0024752999999999997,1.0,0.6463310885683259,0.0218,0.14819001778459273,0.57,0.8556288707523761
0.3812720334334112,0.000193,61.075729126120166,-86.51223905684505,-94.48674659811604,2.9999998349253265,1.8122019005930945,0.25910698405271504,0.0024752999999999997,1.0,0.6655251457853044,0.0218,0.14819001778459273,0.57,0.8556288707523761
0.4,0.000193,64.38103423425679,-87.67643856708128,-96.13939915218435,2.9999990948657125,2.0642156516542216,0.2758779338995214,0.0024752999999999997,1.0,0.684719203002283,0.0218,0.14819001778459273,0.57,0.8556288707523761
0.24000000000000005,0.000194,46.80219323838074,-80.73570889673644,-87.34997865424633,2.8515084359945906,-1.1968704232266154,0.08636580489379142,0.0024752999999999997,1.0,0.5119726880494763,0.0218,0.14819001778459273,0.57,0.8556288707523761
0.256582440274312,0.000194,46.9186950709115,-80.78227952000195,-87.40822957051171,2.9999996765094354,-0.7661342555231471,0.10814663445913597,0.0024752999999999997,1.0,0.5311667452664548,0.0218,0.14819001778459273,0.57,0.8556288707523761
0.27352354813649893,0.000194,47.69979245875771,-81.41019767644089,-87.79877826443482,2.999999646080047,-0.33499694779303646,0.13038253540117462,0.0024752999999999997,1.0,0.5503608024834333,0.0218,0.14819001778459273,0.57,0.8556288707523761
0.29079836143387255,0.000194,49.17516827818275,-82.2006013053292,-88.53646617414734,2.999999988920365,0.08239817739055727,0.15286656076046334,0.0024752999999999997,1.0,0.5695548597004119,0.0218,0.14819001778459273,0.57,0.8556288707523761
0.3083814263100086,0.000194,51.28496387151921,-83.14278407206183,-89.59136397081556,2.999999443098586,0.4818950035421171,0.1753791045523403,0.0024752999999999997,1.0,0.5887489169173903,0.0218,0.14819001778459273,0.57,0.8556288707523761
0.3262468347101488,0.000194,53.93876767160967,-84.21642037660695,-90.9182658708608,2.9999998613454686,0.8595065304918089,0.19730670377176085,0.0024752999999999997,1.0,0.6079429741343689,0.0218,0.14819001778459273,0.57,0.8556288707523761
0.34436826255584724,0.000194,57.016559506317236,-85.39128989537562,-92.45716178821458,2.999999947409359,1.2111167395197595,0.2185856623578909,0.0024752999999999997,1.0,0.6271370313513474,0.0218,0.14819001778459273,0.57,0.8556288707523761
0.36271900853261546,0.000194,60.371833190054105,-86.6269534092527,-94.13479863008301,2.999999933699191,1.5332157366100414,0.23863525490733695,0.0024752999999999997,1.0,0.6463310885683259,0.0218,0.14819001778459273,0.57,0.8556288707523761
0.3812720334334112,0.000194,63.83712880897389,-87.87513276880748,-95.8674464395429,2.9999979573652107,1.822004185724787,0.2572637659846607,0.0024752999999999997,1.0,0.6655251457853044,0.0218,0.14819001778459273,0.57,0.8556288707523761
0.4,0.000194,67.23185901107962,-89.08180627245261,-97.56481154059577,2.9999999272514373,2.0739022706725865,0.27386945718308664,0.0024752999999999997,1.0,0.684719203002283,0.0218,0.14819001778459273,0.57,0.8556288707523761
0.24000000000000005,0.00019500000000000002,48.69027834946394,-81.61037556237967,-88.29402120978793,2.8774454867664687,-1.192752455888058,0.08526255527919802,0.0024752999999999997,1.0,0.5119726880494763,0.0218,0.14819001778459273,0.57,0.8556288707523761
0.256582440274312,0.00019500000000000002,48.90156092863751,-81.77831832007662,-88.39966249937471,2.999999740654131,-0.7600983950743032,0.10693124070003257,0.0024752999999999997,1.0,0.5311667452664548,0.0218,0.14819001778459273,0.57,0.8556288707523761
0.27352354813649893,0.00019500000000000002,49.8145790428498,-82.46976539730562,-88.85617155648086,2.9999999975223828,-0.3284387138255651,0.12909732650980454,0.0024752999999999997,1.0,0.5503608024834333,0.0218,0.14819001778459273,0.57,0.8556288707523761
0.29079836143387255,0.00019500000000000002,51.421086635890504,-83.32296804659796,-89.65942535300121,2.999998857883259,0.08933712010615433,0.15150099456327704,0.0024752999999999997,1.0,0.5695548597004119,0.0218,0.14819001778459273,0.57,0.8556288707523761
0.3083814263100086,0.00019500000000000002,53.6598032713778,-84.32659021838396,-90.77878367074486,2.9999999136226854,0.4893333000204506,0.1737818494946517,0.0024752999999999997,1.0,0.5887489169173903,0.0218,0.14819001778459273,0.57,0.8556288707523761
0.3262468347101488,0.00019500000000000002,56.43874757683537,-85.45970713518035,-92.16825582347364,2.9999999110363937,0.8672701804463392,0.195857444519127,0.0024752999999999997,1.0,0.6079429741343689,0.0218,0.14819001778459273,0.57,0.8556288707523761
0.34436826255584724,0.00019500000000000002,59.63616732174728,-86.69115737001317,-93.7669656959296,2.999999999999953,1.2192933639433694,0.2170602852522181,0.0024752999999999997,1.0,0.6271370313513474,0.0218,0.14819001778459273,0.57,0.8556288707523761
0.36271900853261546,0.00019500000000000002,63.10371692151625,-87.97998001327274,-95.50074049581409,2.9999999382892626,1.5416163565784902,0.23713076674918476,0.0024752999999999997,1.0,0.6463310885683259,0.0218,0.14819001778459273,0.57,0.8556288707523761
0.3812720334334112,0.00019500000000000002,66.6720218848647,-89.27697613329535,-97.28489297748831,2.9999999401509023,1.8305446465475035,0.2556182740532075,0.0024752999999999997,1.0,0.6655251457853044,0.0218,0.14819001778459273,0.57,0.8556288707523761
0.4,0.00019500000000000002,70.158626656596,-90.5264266776612,-99.02819536335396,2.9999970750997,2.0829341267313173,0.27222743148596784,0.0024752999999999997,1.0,0.684719203002283,0.0218,0.14819001778459273,0.57,0.8556288707523761
0.24000000000000005,0.00019600000000000002,50.622475649776675,-82.5054260559457,-89.2601198599443,2.9033665533614315,-1.1894998614302357,0.08422383109067277,0.0024752999999999997,1.0,0.5119726880494763,0.0218,0.14819001778459273,0.57,0.8556288707523761
0.256582440274312,0.00019600000000000002,50.93806432274968,-82.80090298698578,-89.4179141964308,2.9999975158673107,-0.7543851663462197,0.10583454719980256,0.0024752999999999997,1.0,0.5311667452664548,0.0218,0.14819001778459273,0.57,0.8556288707523761
0.27352354813649893,0.00019600000000000002,51.98597291659948,-83.55745063897228,-89.9418684933557,2.9999998921637414,-0.32232904198593043,0.12794551677479682,0.0024752999999999997,1.0,0.5503608024834333,0.0218,0.14819001778459273,0.57,0.8556288707523761
0.29079836143387255,0.00019600000000000002,53.7265402409183,-84.47509060552738,-90.81215215551511,2.9999996028895914,0.09583912646171984,0.15035996499222626,0.0024752999999999997,1.0,0.5695548597004119,0.0218,0.14819001778459273,0.57,0.8556288707523761
0.3083814263100086,0.00019600000000000002,56.09706337740502,-85.54185942273902,-91.99741372375847,2.9999991549587817,0.4961585712337318,0.17262500008881354,0.0024752999999999997,1.0,0.5887489169173903,0.0218,0.14819001778459273,0.57,0.8556288707523761
0.3262468347101488,0.00019600000000000002,59.00395285838684,-86.73603335963418,-93.45085846424938,2.9999999931825942,0.874476932604888,0.19454667774940315,0.0024752999999999997,1.0,0.6079429741343689,0.0218,0.14819001778459273,0.57,0.8556288707523761
0.34436826255584724,0.00019600000000000002,62.32371599741964,-88.02575079016825,-95.11074003376578,2.999999671440291,1.2268007638065808,0.21579386506340414,0.0024752999999999997,1.0,0.6271370313513474,0.0218,0.14819001778459273,0.57,0.8556288707523761
0.36271900853261546,0.00019600000000000002,65.90614174426474,-89.36903427660944,-96.90195290718833,2.9999970034953907,1.5494885916648986,0.23574509737389282,0.0024752999999999997,1.0,0.6463310885683259,0.0218,0.14819001778459273,0.57,0.8556288707523761
0.3812720334334112,0.00019600000000000002,69.57987419330775,-90.71655653055066,-98.73881913170983,2.9999998971532507,1.8383648916692321,0.2542266349810952,0.0024752999999999997,1.0,0.6655251457853044,0.0218,0.14819001778459273,0.57,0.8556288707523761
0.4,0.00019600000000000002,73.16052382173643,-92.0098256876116,-100.52914394592418,2.9999996549830183,2.0913388635632786,0.2707108852800577,0.0024752999999999997,1.0,0.684719203002283,0.0218,0.14819001778459273,0.57,0.8556288707523761
0.24000000000000005,0.000197,52.56793724420419,-83.19064907632003,-90.23285065715805,2.9999976443215464,-1.1914180421936023,0.08336995876326747,0.0024752999999999997,1.0,0.5119726880494763,0.0218,0.14819001778459273,0.57,0.8556288707523761
0.256582440274312,0.000197,53.02793135165092,-83.84978198578712,-90.46284771088142,2.9999998443925264,-0.7491275187554032,0.10487651747969351,0.0024752999999999997,1.0,0.5311667452664548,0.0218,0.14819001778459273,0.57,0.8556288707523761
0.27352354813649893,0.000197,54.213673622279515,-84.67308019241531,-91.05571884619572,2.9999987661195626,-0.3167717890929216,0.12696892148201466,0.0024752999999999997,1.0,0.5503608024834333,0.0218,0.14819001778459273,0.57,0.8556288707523761
0.29079836143387255,0.000197,56.091153720310444,-85.65680975470319,-91.99445889521118,2.9999999214294317,0.10177626423970429,0.14926908564975894,0.0024752999999999997,1.0,0.5695548597004119,0.0218,0.14819001778459273,0.57,0.8556288707523761
0.3083814263100086,0.000197,58.596233685803156,-86.78830291236176,-93.24699887795754,2.9999999203784666,0.502446081131074,0.17155615298626226,0.0024752999999999997,1.0,0.5887489169173903,0.0218,0.14819001778459273,0.57,0.8556288707523761
0.3262468347101488,0.000197,61.63370952230159,-88.04510112383272,-94.76573679620675,2.999999937224144,0.8810966898850625,0.19342297541559605,0.0024752999999999997,1.0,0.6079429741343689,0.0218,0.14819001778459273,0.57,0.8556288707523761
0.34436826255584724,0.000197,65.07830950635358,-89.39449594482338,-96.48803678823275,2.999999848316867,1.2337512927817849,0.21455889544667506,0.0024752999999999997,1.0,0.6271370313513474,0.0218,0.14819001778459273,0.57,0.8556288707523761
0.36271900853261546,0.000197,68.77791812283701,-90.79373871798317,-98.33784109647446,2.999999928307186,1.5566839250993323,0.23448245298740056,0.0024752999999999997,1.0,0.6463310885683259,0.0218,0.14819001778459273,0.57,0.8556288707523761
0.3812720334334112,0.000197,72.55924169276312,-92.1919225454984,-100.22850288143752,2.9999999248620965,1.8461367171011067,0.25282236133803315,0.0024752999999999997,1.0,0.6655251457853044,0.0218,0.14819001778459273,0.57,0.8556288707523761
0.4,0.000197,76.23585983550228,-93.53136594588416,-102.0668119528071,2.9999996742934996,2.0990363559519394,0.2694293491576897,0.0024752999999999997,1.0,0.684719203002283,0.0218,0.14819001778459273,0.57,0.8556288707523761
0.24000000000000005,0.00019800000000000002,54.5700809176094,-84.1970912171303,-91.23392249386066,2.9999993865134282,-1.1868975903181254,0.08264277116107577,0.0024752999999999997,1.0,0.5119726880494763,0.0218,0.14819001778459273,0.57,0.8556288707523761
0.256582440274312,0.00019800000000000002,55.170580414060765,-84.92468486354399,-91.53417224208634,2.9999888249483573,-0.7443799183165171,0.10416007662067428,0.0024752999999999997,1.0,0.5311667452664548,0.0218,0.14819001778459273,0.57,0.8556288707523761
0.27352354813649893,0.00019800000000000002,56.49704392460458,-85.8163696765043,-92.19740399735825,2.9999999018455563,-0.3116550756169023,0.1261943608447641,0.0024752999999999997,1.0,0.5503608024834333,0.0218,0.14819001778459273,0.57,0.8556288707523761
0.29079836143387255,0.00019800000000000002,58.51423502507035,-86.86778797239148,-93.20599954759113,2.9999998092734765,0.10716319462210369,0.14854508960418278,0.0024752999999999997,1.0,0.5695548597004119,0.0218,0.14819001778459273,0.57,0.8556288707523761
0.3083814263100086,0.00019800000000000002,61.15651703365839,-88.06562890272154,-94.52714055188515,2.9999999248193103,0.508019098986016,0.17088154308048198,0.0024752999999999997,1.0,0.5887489169173903,0.0218,0.14819001778459273,0.57,0.8556288707523761
0.3262468347101488,0.00019800000000000002,64.32705176388427,-89.38647902255944,-96.1124079169981,2.99999929361648,0.8870860627363832,0.19256456774961628,0.0024752999999999997,1.0,0.6079429741343689,0.0218,0.14819001778459273,0.57,0.8556288707523761
0.34436826255584724,0.00019800000000000002,67.89876700304552,-90.79701185397687,-97.89826553657872,2.9999999174376293,1.2399869015845046,0.2137132413956635,0.0024752999999999997,1.0,0.6271370313513474,0.0218,0.14819001778459273,0.57,0.8556288707523761
0.36271900853261546,0.00019800000000000002,71.71764704206754,-92.25353296111365,-99.80770555608973,2.999998853477602,1.5631416201382522,0.23363477056740445,0.0024752999999999997,1.0,0.6463310885683259,0.0218,0.14819001778459273,0.57,0.8556288707523761
0.3812720334334112,0.00019800000000000002,75.60838473881876,-93.7040597382609,-101.75307440446534,2.9999999083844946,1.852859826761085,0.25206448230998735,0.0024752999999999997,1.0,0.6655251457853044,0.0218,0.14819001778459273,0.57,0.8556288707523761
0.4,0.00019800000000000002,79.38256710772305,-95.09030328355696,-103.64016558891748,2.9999999621679363,2.1058928019338063,0.2685598198907606,0.0024752999999999997,1.0,0.684719203002283,0.0218,0.14819001778459273,0.57,0.8556288707523761
0.24000000000000005,0.000199,56.62068677776253,-85.22694216290537,-92.25922542393722,2.99999986935718,-1.1830583085561805,0.08228258576827052,0.0024752999999999997,1.0,0.5119726880494763,0.0218,0.14819001778459273,0.57,0.8556288707523761
0.256582440274312,0.000199,57.36471991153479,-86.02476696919666,-92.63124199082336,2.9999997573178288,-0.7402777552172933,0.10385721106844836,0.0024752999999999997,1.0,0.5311667452664548,0.0218,0.14819001778459273,0.57,0.8556288707523761
0.27352354813649893,0.000199,58.83493175195895,-86.9866594439477,-93.36634791103543,2.999988231188383,-0.3074202375086372,0.1257389379322923,0.0024752999999999997,1.0,0.5503608024834333,0.0218,0.14819001778459273,0.57,0.8556288707523761
0.29079836143387255,0.000199,60.994598050633755,-88.10745188665754,-94.44618106037284,2.999999900324207,0.11188655419009601,0.1481441966817718,0.0024752999999999997,1.0,0.5695548597004119,0.0218,0.14819001778459273,0.57,0.8556288707523761
0.3083814263100086,0.000199,63.776704836564704,-89.37312649794852,-95.83723445333831,2.999997294960484,0.5131196707714117,0.17033878071509723,0.0024752999999999997,1.0,0.5887489169173903,0.0218,0.14819001778459273,0.57,0.8556288707523761
0.3262468347101488,0.000199,67.08267948563244,-90.75975703286093,-97.49022177787218,2.999999889026154,0.8921826110100778,0.19240325371789646,0.0024752999999999997,1.0,0.6079429741343689,0.0218,0.14819001778459273,0.57,0.8556288707523761
0.34436826255584724,0.000199,70.783672025373,-92.2326963838599,-99.34071804774246,2.9999999120802445,1.2454330615520275,0.21332648429672552,0.0024752999999999997,1.0,0.6271370313513474,0.0218,0.14819001778459273,0.57,0.8556288707523761
0.36271900853261546,0.000199,74.72371317925058,-93.74778862979551,-101.31073862468125,2.9999999561000803,1.5687446920051105,0.23330908395921635,0.0024752999999999997,1.0,0.6463310885683259,0.0218,0.14819001778459273,0.57,0.8556288707523761
0.3812720334334112,0.000199,78.7255144923484,-95.25177851259478,-103.31163928123016,2.999999909097221,1.8587043170473947,0.25169289841017317,0.0024752999999999997,1.0,0.6655251457853044,0.0218,0.14819001778459273,0.57,0.8556288707523761
0.4,0.000199,82.59863430399221,-96.68605198367621,-105.24819918705207,2.999999879228955,2.111718444040584,0.26828113667842146,0.0024752999999999997,1.0,0.684719203002283,0.0218,0.14819001778459273,0.57,0.8556288707523761
0.24000000000000005,0.0002,58.71726748690597,-86.27925422077277,-93.30751577850894,2.999999813025566,-1.1796541411965364,0.08222185320860165,0.0024752999999999997,1.0,0.5119726880494763,0.0218,0.14819001778459273,0.57,0.8556288707523761
0.256582440274312,0.0002,59.60802121222983,-87.14925508678095,-93.75289264117087,2.999999899731977,-0.7364342237506266,0.103645006607479,0.0024752999999999997,1.0,0.5311667452664548,0.0218,0.14819001778459273,0.57,0.8556288707523761
0.27352354813649893,0.0002,61.22495201616778,-88.18287515441645,-94.56135804313985,2.9999998529269525,-0.3033583943263747,0.1258197182744928,0.0024752999999999997,1.0,0.5503608024834333,0.0218,0.14819001778459273,0.57,0.8556288707523761
0.29079836143387255,0.0002,63.53005134514396,-89.374715171317,-95.71390770762794,2.999999918373208,0.11595351614252807,0.14813816517670841,0.0024752999999999997,1.0,0.5695548597004119,0.0218,0.14819001778459273,0.57,0.8556288707523761
0.3083814263100086,0.0002,66.45465136322082,-90.70995036856291,-97.17620771666637,2.9999999292830983,0.5172763053064766,0.17044749978417129,0.0024752999999999997,1.0,0.5887489169173903,0.0218,0.14819001778459273,0.57,0.8556288707523761
0.3262468347101488,0.0002,69.89853665520766,-92.16368266856111,-98.89815036265979,2.999999745216895,0.8966585595527063,0.19242582290236565,0.0024752999999999997,1.0,0.6079429741343689,0.0218,0.14819001778459273,0.57,0.8556288707523761
0.34436826255584724,0.0002,73.73098033916403,-93.70065261419919,-100.81437220463798,2.9999999418986882,1.2499996740034274,0.21351542663248135,0.0024752999999999997,1.0,0.6271370313513474,0.0218,0.14819001778459273,0.57,0.8556288707523761
0.36271900853261546,0.0002,77.79407604138493,-95.27570311665566,-102.84592005574842,2.9999999586655055,1.573370198559671,0.23353681215812783,0.0024752999999999997,1.0,0.6463310885683259,0.0218,0.14819001778459273,0.57,0.8556288707523761
0.3812720334334112,0.0002,81.90852667170901,-96.83435186641663,-104.90314537091047,2.999999804939328,1.8635041816091749,0.2519269910609738,0.0024752999999999997,1.0,0.6655251457853044,0.0218,0.14819001778459273,0.57,0.8556288707523761
0.4,0.0002,85.8818822329363,-98.31684288751819,-106.88982315152411,2.9999997685138724,2.1168423589043597,0.26842560851494746,0.0024752999999999997,1.0,0.684719203002283,0.0218,0.14819001778459273,0.57,0.8556288707523761
